date,总市值,市盈率(TTM),市净率
2015-12-01,169.8979008447,6.7234,0.442
2015-12-02,173.61829283400002,6.8706,0.4517
2015-12-03,168.6577701816,6.6743,0.4388
2015-12-04,166.17750885540002,6.5762,0.4323
2015-12-07,167.4176395185,6.6252,0.4355
2015-12-08,166.17750885540002,6.5762,0.4323
2015-12-09,163.6972475292,6.478,0.4259
2015-12-10,162.4571168661,6.4289,0.4226
2015-12-11,159.9768555399,6.3308,0.4162
2015-12-14,158.7367248768,6.2817,0.413
2015-12-15,161.216986203,6.3799,0.4194
2015-12-16,162.4571168661,6.4289,0.4226
2015-12-17,166.17750885540002,6.5762,0.4323
2015-12-18,166.17750885540002,6.5762,0.4323
2015-12-21,163.6972475292,6.478,0.4259
2015-12-22,164.9373781923,6.5271,0.4291
2015-12-23,166.17750885540002,6.5762,0.4323
2015-12-24,166.17750885540002,6.5762,0.4323
2015-12-28,167.4176395185,6.6252,0.4355
2015-12-29,167.4176395185,6.6252,0.4355
2015-12-30,163.6972475292,6.478,0.4259
2015-12-31,166.17750885540002,6.5762,0.4323
2016-01-04,159.9768555399,6.3308,0.4162
2016-01-05,159.9768555399,6.3308,0.4162
2016-01-06,159.9768555399,6.3308,0.4162
2016-01-07,153.7762022244,6.0854,0.4001
2016-01-08,153.7762022244,6.0854,0.4001
2016-01-11,145.0952875827,5.7419,0.3775
2016-01-12,142.6150262565,5.6437,0.371
2016-01-13,142.6150262565,5.6437,0.371
2016-01-14,142.6150262565,5.6437,0.371
2016-01-15,140.1347649303,5.5456,0.3646
2016-01-18,138.8946342672,5.4965,0.3613
2016-01-19,140.1347649303,5.5456,0.3646
2016-01-20,137.6545036041,5.4474,0.3581
2016-01-21,131.4538502886,5.202,0.342
2016-01-22,135.17424227790002,5.3493,0.3517
2016-01-25,137.6545036041,5.4474,0.3581
2016-01-26,132.6939809517,5.2511,0.3452
2016-01-27,133.9341116148,5.3002,0.3484
2016-01-28,135.17424227790002,5.3493,0.3517
2016-01-29,138.8946342672,5.4965,0.3613
2016-02-01,137.6545036041,5.4474,0.3581
2016-02-02,138.8946342672,5.4965,0.3613
2016-02-03,133.9341116148,5.3002,0.3484
2016-02-04,137.6545036041,5.4474,0.3581
2016-02-05,136.414372941,5.3983,0.3549
2016-02-11,131.4538502886,5.202,0.342
2016-02-12,127.7334582993,5.0548,0.3323
2016-02-15,131.4538502886,5.202,0.342
2016-02-16,135.17424227790002,5.3493,0.3517
2016-02-17,135.17424227790002,5.3493,0.3517
2016-02-18,137.6545036041,5.4474,0.3581
2016-02-19,140.1347649303,5.5456,0.3646
2016-02-22,141.3748955934,5.5946,0.3678
2016-02-23,138.8946342672,5.4965,0.3613
2016-02-24,138.8946342672,5.4965,0.3613
2016-02-25,135.17424227790002,5.3493,0.3517
2016-02-26,137.6545036041,5.4474,0.3581
2016-02-29,135.17424227790002,11.1805,0.3824
2016-03-01,138.8946342672,11.4882,0.3929
2016-03-02,145.0952875827,12.0011,0.4104
2016-03-03,143.85515691959998,11.8985,0.4069
2016-03-04,143.85515691959998,11.8985,0.4069
2016-03-07,146.33541824579999,12.1037,0.4139
2016-03-08,143.85515691959998,11.8985,0.4069
2016-03-09,140.1347649303,11.5908,0.3964
2016-03-10,138.8946342672,11.4882,0.3929
2016-03-11,142.6150262565,11.796,0.4034
2016-03-14,145.0952875827,12.0011,0.4104
2016-03-15,141.3748955934,11.6934,0.3999
2016-03-16,140.1347649303,11.5908,0.3964
2016-03-17,142.6150262565,11.796,0.4034
2016-03-18,142.6150262565,11.796,0.4034
2016-03-21,143.85515691959998,11.8985,0.4069
2016-03-22,141.3748955934,11.6934,0.3999
2016-03-23,141.3748955934,11.6934,0.3999
2016-03-24,138.8946342672,11.4882,0.3929
2016-03-29,138.8946342672,11.4882,0.3929
2016-03-30,140.1347649303,11.5908,0.3964
2016-03-31,138.8946342672,11.4882,0.3929
2016-04-01,138.8946342672,11.4882,0.3929
2016-04-05,136.414372941,11.2831,0.3859
2016-04-06,136.414372941,11.2831,0.3859
2016-04-07,136.414372941,11.2831,0.3859
2016-04-08,136.414372941,11.2831,0.3859
2016-04-11,137.6545036041,11.3857,0.3894
2016-04-12,137.6545036041,11.3857,0.3894
2016-04-13,141.3748955934,11.6934,0.3999
2016-04-14,142.6150262565,11.796,0.4034
2016-04-15,143.85515691959998,11.8985,0.4069
2016-04-18,142.6150262565,11.796,0.4034
2016-04-19,142.6150262565,11.796,0.4034
2016-04-20,140.1347649303,11.5908,0.3964
2016-04-21,141.3748955934,11.6934,0.3999
2016-04-22,141.3748955934,11.6934,0.3999
2016-04-25,141.3748955934,11.6934,0.3999
2016-04-26,140.1347649303,11.5908,0.3964
2016-04-27,141.3748955934,11.6934,0.3999
2016-04-28,140.1347649303,11.5908,0.3964
2016-04-29,140.1347649303,11.5908,0.3964
2016-05-03,138.8946342672,11.4882,0.3929
2016-05-04,138.8946342672,11.4882,0.3929
2016-05-05,137.6545036041,11.3857,0.3894
2016-05-06,137.6545036041,11.3857,0.3894
2016-05-09,133.9341116148,11.0779,0.3788
2016-05-10,132.6939809517,10.9754,0.3753
2016-05-11,132.6939809517,10.9754,0.3753
2016-05-12,131.4538502886,10.8728,0.3718
2016-05-13,122.77293564690001,10.1548,0.3473
2016-05-16,117.81241299450001,9.7445,0.3332
2016-05-17,121.53280498379999,10.0522,0.3438
2016-05-18,120.2926743207,9.9496,0.3403
2016-05-19,120.2926743207,9.9496,0.3403
2016-05-20,121.53280498379999,10.0522,0.3438
2016-05-23,122.77293564690001,10.1548,0.3473
2016-05-24,120.2926743207,9.9496,0.3403
2016-05-25,120.2926743207,9.9496,0.3403
2016-05-26,121.53280498379999,10.0522,0.3438
2016-05-27,120.2926743207,9.9496,0.3403
2016-05-30,121.53280498379999,10.0522,0.3438
2016-05-31,122.77293564690001,10.1548,0.3473
2016-06-01,125.25319697309999,10.3599,0.3543
2016-06-02,125.25319697309999,10.3599,0.3543
2016-06-03,126.49332763620001,10.4625,0.3578
2016-06-06,126.49332763620001,10.4625,0.3578
2016-06-07,128.9735889624,10.6677,0.3648
2016-06-08,126.49332763620001,10.4625,0.3578
2016-06-10,126.49332763620001,10.4625,0.3578
2016-06-13,121.53280498379999,10.0522,0.3438
2016-06-14,120.2926743207,9.9496,0.3403
2016-06-15,120.2926743207,9.9496,0.3403
2016-06-16,115.3321516683,9.5393,0.3262
2016-06-17,116.57228233139999,9.6419,0.3297
2016-06-20,117.81241299450001,9.7445,0.3332
2016-06-21,117.81241299450001,9.7445,0.3332
2016-06-22,116.57228233139999,9.6419,0.3297
2016-06-23,117.81241299450001,9.7445,0.3332
2016-06-24,114.09202100520001,9.4368,0.3227
2016-06-27,115.3321516683,9.5393,0.3262
2016-06-28,115.3321516683,9.5393,0.3262
2016-06-29,115.3321516683,9.5393,0.3262
2016-06-30,117.81241299450001,9.7445,0.3332
2016-07-04,120.2926743207,9.9496,0.3403
2016-07-05,117.81241299450001,9.7445,0.3332
2016-07-06,117.81241299450001,9.7445,0.3332
2016-07-07,119.0525436576,9.8471,0.3368
2016-07-08,117.81241299450001,9.7445,0.3332
2016-07-11,120.2926743207,9.9496,0.3403
2016-07-12,120.2926743207,9.9496,0.3403
2016-07-13,121.53280498379999,10.0522,0.3438
2016-07-14,120.2926743207,9.9496,0.3403
2016-07-15,124.01306631,10.2574,0.3508
2016-07-18,121.53280498379999,10.0522,0.3438
2016-07-19,122.77293564690001,10.1548,0.3473
2016-07-20,124.01306631,10.2574,0.3508
2016-07-21,125.25319697309999,10.3599,0.3543
2016-07-22,124.01306631,10.2574,0.3508
2016-07-25,124.01306631,10.2574,0.3508
2016-07-26,124.01306631,10.2574,0.3508
2016-07-27,125.25319697309999,10.3599,0.3543
2016-07-28,125.25319697309999,10.3599,0.3543
2016-07-29,124.01306631,10.2574,0.3508
2016-08-01,125.25319697309999,10.3599,0.3543
2016-08-03,124.01306631,10.2574,0.3508
2016-08-04,124.01306631,10.2574,0.3508
2016-08-05,126.49332763620001,10.4625,0.3578
2016-08-08,128.9735889624,10.6677,0.3648
2016-08-09,137.6545036041,11.3857,0.3894
2016-08-10,135.17424227790002,11.1805,0.3824
2016-08-11,135.17424227790002,11.1805,0.3824
2016-08-12,136.414372941,11.2831,0.3859
2016-08-15,140.1347649303,11.5908,0.3964
2016-08-16,138.8946342672,11.4882,0.3929
2016-08-17,138.8946342672,11.4882,0.3929
2016-08-18,140.1347649303,11.5908,0.3964
2016-08-19,143.85515691959998,15.5759,0.4014
2016-08-22,141.3748955934,15.3073,0.3945
2016-08-23,142.6150262565,15.4416,0.398
2016-08-24,142.6150262565,15.4416,0.398
2016-08-25,141.3748955934,15.3073,0.3945
2016-08-26,142.6150262565,15.4416,0.398
2016-08-29,140.1347649303,15.173,0.3911
2016-08-30,145.0952875827,15.7101,0.4049
2016-08-31,146.33541824579999,15.8444,0.4084
2016-09-01,148.81567957200002,16.113,0.4153
2016-09-02,146.33541824579999,15.8444,0.4084
2016-09-05,150.0558102351,16.2472,0.4187
2016-09-06,151.2959408982,16.3815,0.4222
2016-09-07,150.0558102351,16.2472,0.4187
2016-09-08,153.7762022244,16.6501,0.4291
2016-09-09,157.4965942137,17.0529,0.4395
2016-09-12,151.2959408982,16.3815,0.4222
2016-09-13,148.81567957200002,16.113,0.4153
2016-09-14,148.81567957200002,16.113,0.4153
2016-09-15,150.0558102351,16.2472,0.4187
2016-09-19,155.0163328875,16.7843,0.4326
2016-09-20,156.2564635506,16.9186,0.436
2016-09-21,156.2564635506,16.9186,0.436
2016-09-22,157.4965942137,17.0529,0.4395
2016-09-23,156.2564635506,16.9186,0.436
2016-09-26,152.5360715613,16.5158,0.4257
2016-09-27,155.0163328875,16.7843,0.4326
2016-09-28,153.7762022244,16.6501,0.4291
2016-09-29,151.2959408982,16.3815,0.4222
2016-09-30,151.2959408982,16.3815,0.4222
2016-10-03,148.81567957200002,16.113,0.4153
2016-10-04,150.0558102351,16.2472,0.4187
2016-10-05,152.5360715613,16.5158,0.4257
2016-10-06,152.5360715613,16.5158,0.4257
2016-10-07,151.2959408982,16.3815,0.4222
2016-10-11,148.81567957200002,16.113,0.4153
2016-10-12,147.5755489089,15.9787,0.4118
2016-10-13,141.3748955934,15.3073,0.3945
2016-10-14,142.6150262565,15.4416,0.398
2016-10-17,142.6150262565,15.4416,0.398
2016-10-18,143.85515691959998,15.5759,0.4014
2016-10-19,141.3748955934,15.3073,0.3945
2016-10-20,145.0952875827,15.7101,0.4049
2016-10-24,141.3748955934,15.3073,0.3945
2016-10-25,140.1347649303,15.173,0.3911
2016-10-26,140.1347649303,15.173,0.3911
2016-10-27,140.1347649303,15.173,0.3911
2016-10-28,138.8946342672,15.0388,0.3876
2016-10-31,141.3748955934,15.3073,0.3945
2016-11-01,140.1347649303,15.173,0.3911
2016-11-02,140.1347649303,15.173,0.3911
2016-11-03,138.8946342672,15.0388,0.3876
2016-11-04,140.1347649303,15.173,0.3911
2016-11-07,138.8946342672,15.0388,0.3876
2016-11-08,140.1347649303,15.173,0.3911
2016-11-09,137.6545036041,14.9045,0.3841
2016-11-10,140.1347649303,15.173,0.3911
2016-11-11,138.8946342672,15.0388,0.3876
2016-11-14,135.17424227790002,14.6359,0.3772
2016-11-15,136.414372941,14.7702,0.3807
2016-11-16,135.17424227790002,14.6359,0.3772
2016-11-17,136.414372941,14.7702,0.3807
2016-11-18,136.414372941,14.7702,0.3807
2016-11-21,136.414372941,14.7702,0.3807
2016-11-22,137.6545036041,14.9045,0.3841
2016-11-23,137.6545036041,14.9045,0.3841
2016-11-24,137.6545036041,14.9045,0.3841
2016-11-25,137.6545036041,14.9045,0.3841
2016-11-28,137.6545036041,14.9045,0.3841
2016-11-29,137.6545036041,14.9045,0.3841
2016-11-30,142.6150262565,15.4416,0.398
2016-12-01,142.6150262565,15.4416,0.398
2016-12-02,142.6150262565,15.4416,0.398
2016-12-05,138.8946342672,15.0388,0.3876
2016-12-06,138.8946342672,15.0388,0.3876
2016-12-07,140.1347649303,15.173,0.3911
2016-12-08,141.3748955934,15.3073,0.3945
2016-12-09,141.3748955934,15.3073,0.3945
2016-12-12,137.6545036041,14.9045,0.3841
2016-12-13,138.8946342672,15.0388,0.3876
2016-12-14,138.8946342672,15.0388,0.3876
2016-12-15,137.6545036041,14.9045,0.3841
2016-12-16,138.8946342672,15.0388,0.3876
2016-12-19,136.414372941,14.7702,0.3807
2016-12-20,132.6939809517,14.3674,0.3703
2016-12-21,132.6939809517,14.3674,0.3703
2016-12-22,130.2137196255,14.0988,0.3634
2016-12-23,130.2137196255,14.0988,0.3634
2016-12-28,131.4538502886,14.2331,0.3668
2016-12-29,130.2137196255,14.0988,0.3634
2016-12-30,131.4538502886,14.2331,0.3668
2017-01-03,135.17424227790002,14.6359,0.3772
2017-01-04,132.6939809517,14.3674,0.3703
2017-01-05,135.17424227790002,14.6359,0.3772
2017-01-06,135.17424227790002,14.6359,0.3772
2017-01-09,132.6939809517,14.3674,0.3703
2017-01-10,133.9341116148,14.5017,0.3738
2017-01-11,135.17424227790002,14.6359,0.3772
2017-01-12,136.414372941,14.7702,0.3807
2017-01-13,136.414372941,14.7702,0.3807
2017-01-16,133.9341116148,14.5017,0.3738
2017-01-17,136.414372941,14.7702,0.3807
2017-01-18,140.1347649303,15.173,0.3911
2017-01-19,138.8946342672,15.0388,0.3876
2017-01-20,138.8946342672,15.0388,0.3876
2017-01-23,141.3748955934,15.3073,0.3945
2017-01-24,143.85515691959998,15.5759,0.4014
2017-01-25,142.6150262565,15.4416,0.398
2017-01-26,141.3748955934,15.3073,0.3945
2017-01-27,141.3748955934,15.3073,0.3945
2017-02-01,142.6150262565,15.4416,0.398
2017-02-02,145.0952875827,15.7101,0.4049
2017-02-03,145.0952875827,15.7101,0.4049
2017-02-06,146.33541824579999,15.8444,0.4084
2017-02-07,145.0952875827,15.7101,0.4049
2017-02-08,151.2959408982,16.3815,0.4222
2017-02-09,151.2959408982,16.3815,0.4222
2017-02-10,152.5360715613,16.5158,0.4257
2017-02-13,153.7762022244,16.6501,0.4291
2017-02-14,153.7762022244,16.6501,0.4291
2017-02-15,153.7762022244,16.6501,0.4291
2017-02-16,155.0163328875,16.7843,0.4326
2017-02-17,153.7762022244,16.6501,0.4291
2017-02-20,153.7762022244,16.6501,0.4291
2017-02-21,152.5360715613,16.5158,0.4257
2017-02-22,158.7367248768,17.1872,0.443
2017-02-23,159.9768555399,9.2913,0.4673
2017-02-24,159.9768555399,9.2913,0.4673
2017-02-27,155.0163328875,9.0032,0.4528
2017-02-28,156.2564635506,9.0753,0.4564
2017-03-01,156.2564635506,9.0753,0.4564
2017-03-02,158.7367248768,9.2193,0.4637
2017-03-03,153.7762022244,8.9312,0.4492
2017-03-06,155.0163328875,9.0032,0.4528
2017-03-07,157.4965942137,9.1473,0.46
2017-03-08,167.4176395185,9.7235,0.489
2017-03-09,161.216986203,9.3634,0.4709
2017-03-10,164.9373781923,9.5794,0.4818
2017-03-13,169.8979008447,9.8675,0.4963
2017-03-14,168.6577701816,9.7955,0.4926
2017-03-15,171.1380315078,9.9396,0.4999
2017-03-16,172.3781621709,10.0116,0.5035
2017-03-17,166.17750885540002,9.6515,0.4854
2017-03-20,164.9373781923,9.5794,0.4818
2017-03-21,168.6577701816,9.7955,0.4926
2017-03-22,167.4176395185,9.7235,0.489
2017-03-23,169.8979008447,9.8675,0.4963
2017-03-24,167.4176395185,9.7235,0.489
2017-03-27,163.6972475292,9.5074,0.4782
2017-03-28,163.6972475292,9.5074,0.4782
2017-03-29,166.17750885540002,9.6515,0.4854
2017-03-30,163.6972475292,9.5074,0.4782
2017-03-31,163.6972475292,9.5074,0.4782
2017-04-03,163.6972475292,9.5074,0.4782
2017-04-05,164.9373781923,9.5794,0.4818
2017-04-06,163.6972475292,9.5074,0.4782
2017-04-07,164.9373781923,9.5794,0.4818
2017-04-10,166.17750885540002,9.6515,0.4854
2017-04-11,162.4571168661,9.4354,0.4745
2017-04-12,166.17750885540002,9.6515,0.4854
2017-04-13,174.85842349709998,10.1556,0.5108
2017-04-18,166.17750885540002,9.6515,0.4854
2017-04-19,166.17750885540002,9.6515,0.4854
2017-04-20,166.17750885540002,9.6515,0.4854
2017-04-21,166.17750885540002,9.6515,0.4854
2017-04-24,166.17750885540002,9.6515,0.4854
2017-04-25,166.17750885540002,9.6515,0.4854
2017-04-26,164.9373781923,9.5794,0.4818
2017-04-27,163.6972475292,9.5074,0.4782
2017-04-28,163.6972475292,9.5074,0.4782
2017-05-02,162.4571168661,9.4354,0.4745
2017-05-04,155.0163328875,9.0032,0.4528
2017-05-05,151.2959408982,8.7872,0.4419
2017-05-08,150.0558102351,8.7151,0.4383
2017-05-09,152.5360715613,8.8592,0.4455
2017-05-10,151.2959408982,8.7872,0.4419
2017-05-11,152.5360715613,8.8592,0.4455
2017-05-12,152.5360715613,8.8592,0.4455
2017-05-15,153.7762022244,8.9312,0.4492
2017-05-16,153.7762022244,8.9312,0.4492
2017-05-17,151.2959408982,8.7872,0.4419
2017-05-18,150.0558102351,8.7151,0.4383
2017-05-19,153.7762022244,8.9312,0.4492
2017-05-22,155.0163328875,9.0032,0.4528
2017-05-23,151.2959408982,8.7872,0.4419
2017-05-24,155.0163328875,9.0032,0.4528
2017-05-25,159.9768555399,9.2913,0.4673
2017-05-26,158.7367248768,9.2193,0.4637
2017-05-29,173.61829283400002,10.0836,0.5071
2017-05-31,168.6577701816,9.7955,0.4926
2017-06-01,168.6577701816,9.7955,0.4926
2017-06-02,169.8979008447,9.8675,0.4963
2017-06-05,169.8979008447,9.8675,0.4963
2017-06-06,169.8979008447,9.8675,0.4963
2017-06-07,169.8979008447,9.8675,0.4963
2017-06-08,172.3781621709,10.0116,0.5035
2017-06-09,168.6577701816,9.7955,0.4926
2017-06-12,163.6972475292,9.5074,0.4782
2017-06-13,163.6972475292,9.5074,0.4782
2017-06-14,162.4571168661,9.4354,0.4745
2017-06-15,159.9768555399,9.2913,0.4673
2017-06-16,159.9768555399,9.2913,0.4673
2017-06-19,162.4571168661,9.4354,0.4745
2017-06-20,162.4571168661,9.4354,0.4745
2017-06-21,163.6972475292,9.5074,0.4782
2017-06-22,162.4571168661,9.4354,0.4745
2017-06-23,164.9373781923,9.5794,0.4818
2017-06-26,166.17750885540002,9.6515,0.4854
2017-06-27,163.6972475292,9.5074,0.4782
2017-06-28,162.4571168661,9.4354,0.4745
2017-06-29,163.6972475292,9.5074,0.4782
2017-06-30,164.9373781923,9.5794,0.4818
2017-07-03,169.8979008447,9.8675,0.4963
2017-07-04,166.17750885540002,9.6515,0.4854
2017-07-05,166.17750885540002,9.6515,0.4854
2017-07-06,167.4176395185,9.7235,0.489
2017-07-07,168.6577701816,9.7955,0.4926
2017-07-10,166.17750885540002,9.6515,0.4854
2017-07-11,167.4176395185,9.7235,0.489
2017-07-12,167.4176395185,9.7235,0.489
2017-07-13,169.8979008447,9.8675,0.4963
2017-07-14,178.5788154864,10.3717,0.5216
2017-07-17,177.3386848233,10.2997,0.518
2017-07-18,174.85842349709998,10.1556,0.5108
2017-07-19,178.5788154864,10.3717,0.5216
2017-07-20,186.019599465,10.8039,0.5434
2017-07-21,181.05907681259998,10.5158,0.5289
2017-07-24,182.2992074757,10.5878,0.5325
2017-07-25,179.81894614950002,10.4438,0.5252
2017-07-26,179.81894614950002,10.4438,0.5252
2017-07-27,184.77946880189998,10.7319,0.5397
2017-07-28,181.05907681259998,10.5158,0.5289
2017-07-31,182.2992074757,10.5878,0.5325
2017-08-01,179.81894614950002,10.4438,0.5252
2017-08-02,179.81894614950002,10.4438,0.5252
2017-08-03,176.0985541602,10.2277,0.5144
2017-08-04,177.3386848233,10.2997,0.518
2017-08-07,176.0985541602,10.2277,0.5144
2017-08-08,178.5788154864,10.3717,0.5216
2017-08-09,177.3386848233,10.2997,0.518
2017-08-10,174.85842349709998,10.1556,0.5108
2017-08-11,169.8979008447,9.8675,0.4963
2017-08-14,169.8979008447,9.8675,0.4963
2017-08-15,173.61829283400002,10.0836,0.5071
2017-08-16,171.1380315078,9.9396,0.4999
2017-08-17,172.3781621709,10.0116,0.5035
2017-08-18,169.8979008447,8.8384,0.4687
2017-08-21,173.61829283400002,9.0319,0.479
2017-08-22,174.85842349709998,9.0964,0.4824
2017-08-24,176.0985541602,9.1609,0.4858
2017-08-25,176.0985541602,9.1609,0.4858
2017-08-28,174.85842349709998,9.0964,0.4824
2017-08-29,174.85842349709998,9.0964,0.4824
2017-08-30,179.81894614950002,9.3545,0.4961
2017-08-31,178.5788154864,9.2899,0.4927
2017-09-01,177.3386848233,9.2254,0.4892
2017-09-04,174.85842349709998,9.0964,0.4824
2017-09-05,178.5788154864,9.2899,0.4927
2017-09-06,178.5788154864,9.2899,0.4927
2017-09-07,187.25973012810002,9.7415,0.5166
2017-09-08,183.53933813880002,9.548,0.5063
2017-09-11,186.019599465,9.677,0.5132
2017-09-12,189.7399914543,9.8706,0.5234
2017-09-13,187.25973012810002,9.7415,0.5166
2017-09-14,189.7399914543,9.8706,0.5234
2017-09-15,202.14129808529998,10.5157,0.5577
2017-09-18,215.78273537939998,11.2254,0.5953
2017-09-19,213.3024740532,11.0963,0.5885
2017-09-20,213.3024740532,11.0963,0.5885
2017-09-21,217.0228660425,11.2899,0.5987
2017-09-22,208.3419514008,10.8383,0.5748
2017-09-25,190.98012211740001,9.9351,0.5269
2017-09-26,192.2202527805,9.9996,0.5303
2017-09-27,195.9406447698,10.1931,0.5406
2017-09-28,193.4603834436,10.0641,0.5337
2017-09-29,197.18077543290002,10.2577,0.544
2017-10-03,200.90116742220002,10.4512,0.5542
2017-10-04,203.3814287484,10.5802,0.5611
2017-10-06,203.3814287484,10.5802,0.5611
2017-10-09,199.6610367591,10.3867,0.5508
2017-10-10,198.42090609599998,10.3222,0.5474
2017-10-11,197.18077543290002,10.2577,0.544
2017-10-12,194.70051410669998,10.1286,0.5371
2017-10-13,192.2202527805,9.9996,0.5303
2017-10-16,192.2202527805,9.9996,0.5303
2017-10-17,188.49986079119998,9.8061,0.52
2017-10-18,189.7399914543,9.8706,0.5234
2017-10-19,184.77946880189998,9.6125,0.5098
2017-10-20,186.019599465,9.677,0.5132
2017-10-23,186.019599465,9.677,0.5132
2017-10-24,188.49986079119998,9.8061,0.52
2017-10-25,190.98012211740001,9.9351,0.5269
2017-10-26,189.7399914543,9.8706,0.5234
2017-10-27,188.49986079119998,9.8061,0.52
2017-10-30,186.019599465,9.677,0.5132
2017-10-31,187.25973012810002,9.7415,0.5166
2017-11-01,187.25973012810002,9.7415,0.5166
2017-11-02,187.25973012810002,9.7415,0.5166
2017-11-03,186.019599465,9.677,0.5132
2017-11-06,182.2992074757,9.4835,0.5029
2017-11-07,183.53933813880002,9.548,0.5063
2017-11-08,182.2992074757,9.4835,0.5029
2017-11-09,183.53933813880002,9.548,0.5063
2017-11-10,182.2992074757,9.4835,0.5029
2017-11-13,184.77946880189998,9.6125,0.5098
2017-11-14,183.53933813880002,9.548,0.5063
2017-11-15,177.3386848233,9.2254,0.4892
2017-11-16,178.5788154864,9.2899,0.4927
2017-11-17,181.05907681259998,9.419,0.4995
2017-11-20,177.3386848233,9.2254,0.4892
2017-11-21,181.05907681259998,9.419,0.4995
2017-11-22,182.2992074757,9.4835,0.5029
2017-11-23,178.5788154864,9.2899,0.4927
2017-11-24,178.5788154864,9.2899,0.4927
2017-11-27,176.0985541602,9.1609,0.4858
2017-11-28,173.61829283400002,9.0319,0.479
2017-11-29,177.3386848233,9.2254,0.4892
2017-11-30,174.85842349709998,9.0964,0.4824
2017-12-01,176.0985541602,9.1609,0.4858
2017-12-04,176.0985541602,9.1609,0.4858
2017-12-05,176.0985541602,9.1609,0.4858
2017-12-06,168.6577701816,8.7738,0.4653
2017-12-07,167.4176395185,8.7093,0.4619
2017-12-08,172.3781621709,8.9674,0.4756
2017-12-11,173.61829283400002,9.0319,0.479
2017-12-12,176.0985541602,9.1609,0.4858
2017-12-13,176.0985541602,9.1609,0.4858
2017-12-14,178.5788154864,9.2899,0.4927
2017-12-15,173.61829283400002,9.0319,0.479
2017-12-18,173.61829283400002,9.0319,0.479
2017-12-19,174.85842349709998,9.0964,0.4824
2017-12-20,173.61829283400002,9.0319,0.479
2017-12-21,176.0985541602,9.1609,0.4858
2017-12-22,177.3386848233,9.2254,0.4892
2017-12-27,179.81894614950002,9.3545,0.4961
2017-12-28,182.2992074757,9.4835,0.5029
2017-12-29,181.05907681259998,9.419,0.4995
2018-01-02,189.7399914543,9.8706,0.5234
2018-01-03,188.49986079119998,9.8061,0.52
2018-01-04,187.25973012810002,9.7415,0.5166
2018-01-05,192.2202527805,9.9996,0.5303
2018-01-08,198.42090609599998,10.3222,0.5474
2018-01-09,194.70051410669998,10.1286,0.5371
2018-01-10,198.42090609599998,10.3222,0.5474
2018-01-11,197.18077543290002,10.2577,0.544
2018-01-12,195.9406447698,10.1931,0.5406
2018-01-15,189.7399914543,9.8706,0.5234
2018-01-16,193.4603834436,10.0641,0.5337
2018-01-17,190.98012211740001,9.9351,0.5269
2018-01-18,192.2202527805,9.9996,0.5303
2018-01-19,197.18077543290002,10.2577,0.544
2018-01-22,207.1018207377,10.7738,0.5713
2018-01-23,212.06234339009998,11.0318,0.585
2018-01-24,210.82221272700002,10.9673,0.5816
2018-01-25,208.3419514008,10.8383,0.5748
2018-01-26,212.06234339009998,11.0318,0.585
2018-01-29,212.06234339009998,11.0318,0.585
2018-01-30,205.86169007459998,10.7092,0.5679
2018-01-31,208.3419514008,10.8383,0.5748
2018-02-01,210.82221272700002,10.9673,0.5816
2018-02-02,210.82221272700002,10.9673,0.5816
2018-02-05,207.1018207377,10.7738,0.5713
2018-02-06,192.2202527805,9.9996,0.5303
2018-02-07,186.019599465,9.677,0.5132
2018-02-08,188.49986079119998,9.8061,0.52
2018-02-09,181.05907681259998,9.419,0.4995
2018-02-12,182.2992074757,9.4835,0.5029
2018-02-13,189.7399914543,9.8706,0.5234
2018-02-14,194.70051410669998,10.1286,0.5371
2018-02-15,197.18077543290002,10.2577,0.544
2018-02-20,197.18077543290002,10.2577,0.544
2018-02-21,198.42090609599998,10.3222,0.5474
2018-02-22,197.18077543290002,10.2577,0.544
2018-02-23,199.6610367591,10.3867,0.5508
2018-02-26,198.42090609599998,10.3222,0.5474
2018-02-27,195.9406447698,10.1931,0.5406
2018-02-28,192.2202527805,7.1089,0.4961
2018-03-01,205.86169007459998,7.6134,0.5314
2018-03-02,208.3419514008,7.7052,0.5378
2018-03-05,208.3419514008,7.7052,0.5378
2018-03-06,212.06234339009998,7.8427,0.5474
2018-03-07,212.06234339009998,7.8427,0.5474
2018-03-08,212.06234339009998,7.8427,0.5474
2018-03-09,217.0228660425,8.0262,0.5602
2018-03-12,219.50312736869998,8.1179,0.5666
2018-03-13,230.6643033366,8.5307,0.5954
2018-03-14,235.62482598900002,8.7142,0.6082
2018-03-15,239.3452179783,8.8518,0.6178
2018-03-16,236.86495665209998,8.76,0.6114
2018-03-19,233.14456466279998,8.6224,0.6018
2018-03-20,234.3846953259,8.6683,0.605
2018-03-21,225.70378068419998,8.3472,0.5826
2018-03-22,228.18404201040002,8.439,0.589
2018-03-23,220.7432580318,8.1638,0.5698
2018-03-26,228.18404201040002,8.439,0.589
2018-03-27,230.6643033366,8.5307,0.5954
2018-03-28,223.223519358,8.2555,0.5762
2018-03-29,229.42417267349998,8.4848,0.5922
2018-04-03,229.42417267349998,8.4848,0.5922
2018-04-04,224.4636500211,8.3014,0.5794
2018-04-06,228.18404201040002,8.439,0.589
2018-04-09,230.6643033366,8.5307,0.5954
2018-04-10,236.86495665209998,8.76,0.6114
2018-04-11,235.62482598900002,8.7142,0.6082
2018-04-12,233.14456466279998,8.6224,0.6018
2018-04-13,235.62482598900002,8.7142,0.6082
2018-04-16,226.9439113473,8.3931,0.5858
2018-04-17,221.98338869490001,8.2097,0.573
2018-04-18,219.50312736869998,8.1179,0.5666
2018-04-19,226.9439113473,8.3931,0.5858
2018-04-20,220.7432580318,8.1638,0.5698
2018-04-23,215.78273537939998,7.9803,0.557
2018-04-24,223.223519358,8.2555,0.5762
2018-04-25,219.50312736869998,8.1179,0.5666
2018-04-26,215.78273537939998,7.9803,0.557
2018-04-27,220.7432580318,8.1638,0.5698
2018-04-30,220.7432580318,8.1638,0.5698
2018-05-02,220.7432580318,8.1638,0.5698
2018-05-03,215.78273537939998,7.9803,0.557
2018-05-04,214.54260471630002,7.9345,0.5538
2018-05-07,217.0228660425,8.0262,0.5602
2018-05-08,217.0228660425,8.0262,0.5602
2018-05-09,218.26299670560002,8.0721,0.5634
2018-05-10,221.98338869490001,8.2097,0.573
2018-05-11,219.50312736869998,8.1179,0.5666
2018-05-14,223.223519358,8.2555,0.5762
2018-05-15,224.4636500211,8.3014,0.5794
2018-05-16,224.4636500211,8.3014,0.5794
2018-05-17,220.7432580318,8.1638,0.5698
2018-05-18,228.18404201040002,8.439,0.589
2018-05-21,228.18404201040002,8.439,0.589
2018-05-23,224.4636500211,8.3014,0.5794
2018-05-24,224.4636500211,8.3014,0.5794
2018-05-25,228.18404201040002,8.439,0.589
2018-05-28,228.18404201040002,8.439,0.589
2018-05-29,220.7432580318,8.1638,0.5698
2018-05-30,218.26299670560002,8.0721,0.5634
2018-05-31,219.50312736869998,8.1179,0.5666
2018-06-01,207.1018207377,7.6593,0.5346
2018-06-04,217.0228660425,8.0262,0.5602
2018-06-05,220.7432580318,8.1638,0.5698
2018-06-06,218.26299670560002,8.0721,0.5634
2018-06-07,213.3024740532,7.8886,0.5506
2018-06-08,210.82221272700002,7.7969,0.5442
2018-06-11,209.5820820639,7.751,0.541
2018-06-12,209.5820820639,7.751,0.541
2018-06-13,207.1018207377,7.6593,0.5346
2018-06-14,204.62155941150002,7.5676,0.5282
2018-06-15,205.86169007459998,7.6134,0.5314
2018-06-19,195.9406447698,7.2465,0.5057
2018-06-20,197.18077543290002,7.2924,0.5089
2018-06-21,195.9406447698,7.2465,0.5057
2018-06-22,195.9406447698,7.2465,0.5057
2018-06-25,188.49986079119998,6.9713,0.4865
2018-06-26,182.2992074757,6.742,0.4705
2018-06-27,174.85842349709998,6.4668,0.4513
2018-06-28,176.0985541602,6.5127,0.4545
2018-06-29,186.019599465,6.8796,0.4801
2018-07-03,178.5788154864,6.6044,0.4609
2018-07-04,174.85842349709998,6.4668,0.4513
2018-07-05,177.3386848233,6.5586,0.4577
2018-07-06,176.0985541602,6.5127,0.4545
2018-07-09,181.05907681259998,6.6961,0.4673
2018-07-10,182.2992074757,6.742,0.4705
2018-07-11,183.53933813880002,6.7879,0.4737
2018-07-12,184.77946880189998,6.8337,0.4769
2018-07-13,182.2992074757,6.742,0.4705
2018-07-16,181.05907681259998,6.6961,0.4673
2018-07-17,177.3386848233,6.5586,0.4577
2018-07-18,178.5788154864,6.6044,0.4609
2018-07-19,174.85842349709998,6.4668,0.4513
2018-07-20,176.0985541602,6.5127,0.4545
2018-07-23,178.5788154864,6.6044,0.4609
2018-07-24,182.2992074757,6.742,0.4705
2018-07-25,187.25973012810002,6.9255,0.4833
2018-07-26,183.53933813880002,6.7879,0.4737
2018-07-27,187.25973012810002,6.9255,0.4833
2018-07-30,187.25973012810002,6.9255,0.4833
2018-07-31,184.77946880189998,6.8337,0.4769
2018-08-01,179.81894614950002,6.6503,0.4641
2018-08-02,177.3386848233,6.5586,0.4577
2018-08-03,174.85842349709998,6.4668,0.4513
2018-08-06,173.61829283400002,6.421,0.4481
2018-08-07,178.5788154864,6.6044,0.4609
2018-08-08,179.81894614950002,6.6503,0.4641
2018-08-09,179.81894614950002,6.6503,0.4641
2018-08-10,183.53933813880002,6.7879,0.4737
2018-08-13,178.5788154864,6.0914,0.4587
2018-08-14,178.5788154864,6.0914,0.4587
2018-08-15,172.3781621709,5.8799,0.4428
2018-08-16,173.61829283400002,5.9222,0.446
2018-08-17,172.3781621709,5.8799,0.4428
2018-08-20,174.85842349709998,5.9645,0.4492
2018-08-21,178.5788154864,6.0914,0.4587
2018-08-22,177.3386848233,6.0491,0.4556
2018-08-23,176.0985541602,6.0068,0.4524
2018-08-24,173.61829283400002,5.9222,0.446
2018-08-27,177.3386848233,6.0491,0.4556
2018-08-28,177.3386848233,6.0491,0.4556
2018-08-29,177.3386848233,6.0491,0.4556
2018-08-30,176.0985541602,6.0068,0.4524
2018-08-31,176.0985541602,6.0068,0.4524
2018-09-03,173.61829283400002,5.9222,0.446
2018-09-04,174.85842349709998,5.9645,0.4492
2018-09-05,171.1380315078,5.8376,0.4396
2018-09-06,171.1380315078,5.8376,0.4396
2018-09-07,172.3781621709,5.8799,0.4428
2018-09-10,169.8979008447,5.7953,0.4364
2018-09-11,169.8979008447,5.7953,0.4364
2018-09-12,166.17750885540002,5.6684,0.4269
2018-09-13,171.1380315078,5.8376,0.4396
2018-09-14,171.1380315078,5.8376,0.4396
2018-09-17,168.6577701816,5.753,0.4333
2018-09-18,171.1380315078,5.8376,0.4396
2018-09-19,174.85842349709998,5.9645,0.4492
2018-09-20,174.85842349709998,5.9645,0.4492
2018-09-21,179.81894614950002,6.1337,0.4619
2018-09-24,173.61829283400002,5.9222,0.446
2018-09-26,174.85842349709998,5.9645,0.4492
2018-09-27,176.0985541602,6.0068,0.4524
2018-09-28,173.61829283400002,5.9222,0.446
2018-10-02,171.1380315078,5.8376,0.4396
2018-10-03,171.1380315078,5.8376,0.4396
2018-10-04,168.6577701816,5.753,0.4333
2018-10-05,166.17750885540002,5.6684,0.4269
2018-10-08,161.216986203,5.4992,0.4141
2018-10-09,159.9768555399,5.4569,0.411
2018-10-10,158.7367248768,5.4146,0.4078
2018-10-11,152.5360715613,5.2031,0.3918
2018-10-12,157.4965942137,5.3723,0.4046
2018-10-15,153.7762022244,5.2454,0.395
2018-10-16,153.7762022244,5.2454,0.395
2018-10-18,148.81567957200002,5.0762,0.3823
2018-10-19,148.81567957200002,5.0762,0.3823
2018-10-22,156.2564635506,5.33,0.4014
2018-10-23,148.81567957200002,5.0762,0.3823
2018-10-24,150.0558102351,5.1185,0.3855
2018-10-25,151.2959408982,5.1608,0.3887
2018-10-26,153.7762022244,5.2454,0.395
2018-10-29,151.2959408982,5.1608,0.3887
2018-10-30,150.0558102351,5.1185,0.3855
2018-10-31,153.7762022244,5.2454,0.395
2018-11-01,161.216986203,5.4992,0.4141
2018-11-02,166.17750885540002,5.6684,0.4269
2018-11-05,164.9373781923,5.6261,0.4237
2018-11-06,164.9373781923,5.6261,0.4237
2018-11-07,168.6577701816,5.753,0.4333
2018-11-08,168.6577701816,5.753,0.4333
2018-11-09,163.6972475292,5.5838,0.4205
2018-11-12,166.17750885540002,5.6684,0.4269
2018-11-13,166.17750885540002,5.6684,0.4269
2018-11-14,167.4176395185,5.7107,0.4301
2018-11-15,168.6577701816,5.753,0.4333
2018-11-16,169.8979008447,5.7953,0.4364
2018-11-19,173.61829283400002,5.9222,0.446
2018-11-20,171.1380315078,5.8376,0.4396
2018-11-21,173.61829283400002,5.9222,0.446
2018-11-22,173.61829283400002,5.9222,0.446
2018-11-23,171.1380315078,5.8376,0.4396
2018-11-26,173.61829283400002,5.9222,0.446
2018-11-27,176.0985541602,6.0068,0.4524
2018-11-28,179.81894614950002,6.1337,0.4619
2018-11-29,178.5788154864,6.0914,0.4587
2018-11-30,179.81894614950002,6.1337,0.4619
2018-12-03,181.05907681259998,6.176,0.4651
2018-12-04,181.05907681259998,6.176,0.4651
2018-12-05,179.81894614950002,6.1337,0.4619
2018-12-06,173.61829283400002,5.9222,0.446
2018-12-07,174.85842349709998,5.9645,0.4492
2018-12-10,172.3781621709,5.8799,0.4428
2018-12-11,172.3781621709,5.8799,0.4428
2018-12-12,173.61829283400002,5.9222,0.446
2018-12-13,177.3386848233,6.0491,0.4556
2018-12-14,178.5788154864,6.0914,0.4587
2018-12-17,176.0985541602,6.0068,0.4524
2018-12-18,174.85842349709998,5.9645,0.4492
2018-12-19,173.61829283400002,5.9222,0.446
2018-12-20,174.85842349709998,5.9645,0.4492
2018-12-21,173.61829283400002,5.9222,0.446
2018-12-24,171.1380315078,5.8376,0.4396
2018-12-27,172.3781621709,5.8799,0.4428
2018-12-28,173.61829283400002,5.9222,0.446
2018-12-31,178.5788154864,6.0914,0.4587
2019-01-02,174.85842349709998,5.9645,0.4492
2019-01-03,174.85842349709998,5.9645,0.4492
2019-01-04,176.0985541602,6.0068,0.4524
2019-01-07,178.5788154864,6.0914,0.4587
2019-01-08,179.81894614950002,6.1337,0.4619
2019-01-09,179.81894614950002,6.1337,0.4619
2019-01-10,179.81894614950002,6.1337,0.4619
2019-01-11,181.05907681259998,6.176,0.4651
2019-01-14,181.05907681259998,6.176,0.4651
2019-01-15,183.53933813880002,6.2606,0.4715
2019-01-16,186.019599465,6.3453,0.4779
2019-01-17,187.25973012810002,6.3876,0.481
2019-01-18,187.25973012810002,6.3876,0.481
2019-01-21,189.7399914543,6.4722,0.4874
2019-01-22,193.4603834436,6.5991,0.497
2019-01-23,193.4603834436,6.5991,0.497
2019-01-24,194.70051410669998,6.6414,0.5002
2019-01-25,193.4603834436,6.5991,0.497
2019-01-28,188.49986079119998,6.4299,0.4842
2019-01-29,187.25973012810002,6.3876,0.481
2019-01-30,187.25973012810002,6.3876,0.481
2019-01-31,188.49986079119998,6.4299,0.4842
2019-02-01,189.7399914543,6.4722,0.4874
2019-02-04,189.7399914543,6.4722,0.4874
2019-02-08,195.9406447698,6.6837,0.5033
2019-02-11,195.9406447698,6.6837,0.5033
2019-02-12,195.9406447698,6.6837,0.5033
2019-02-13,195.9406447698,6.6837,0.5033
2019-02-14,194.70051410669998,6.6414,0.5002
2019-02-15,190.98012211740001,6.5145,0.4906
2019-02-18,192.2202527805,6.5568,0.4938
2019-02-19,195.9406447698,6.6837,0.5033
2019-02-20,197.18077543290002,6.726,0.5065
2019-02-21,199.6610367591,6.8106,0.5129
2019-02-22,202.14129808529998,6.8952,0.5193
2019-02-25,203.3814287484,6.9375,0.5225
2019-02-26,205.86169007459998,7.0221,0.5288
2019-02-27,203.3814287484,6.5326,0.5268
2019-02-28,224.4636500211,7.2098,0.5814
2019-03-01,223.223519358,7.17,0.5782
2019-03-04,225.70378068419998,7.2496,0.5846
2019-03-05,225.70378068419998,7.2496,0.5846
2019-03-06,224.4636500211,7.2098,0.5814
2019-03-07,221.98338869490001,7.1301,0.575
2019-03-08,220.7432580318,7.0903,0.5718
2019-03-11,221.98338869490001,7.1301,0.575
2019-03-12,224.4636500211,7.2098,0.5814
2019-03-13,224.4636500211,7.2098,0.5814
2019-03-14,226.9439113473,7.2895,0.5878
2019-03-15,219.50312736869998,7.0505,0.5686
2019-03-18,225.70378068419998,7.2496,0.5846
2019-03-19,226.9439113473,7.2895,0.5878
2019-03-20,229.42417267349998,7.3691,0.5943
2019-03-21,225.70378068419998,7.2496,0.5846
2019-03-22,220.7432580318,7.0903,0.5718
2019-03-25,223.223519358,7.17,0.5782
2019-03-26,226.9439113473,7.2895,0.5878
2019-03-27,235.62482598900002,7.5683,0.6103
2019-03-28,230.6643033366,7.409,0.5975
2019-03-29,234.3846953259,7.5285,0.6071
2019-04-01,236.86495665209998,7.6081,0.6135
2019-04-02,239.3452179783,7.6878,0.62
2019-04-03,240.5853486414,7.7276,0.6232
2019-04-04,238.1050873152,7.648,0.6168
2019-04-08,236.86495665209998,7.6081,0.6135
2019-04-09,238.1050873152,7.648,0.6168
2019-04-10,297.2597844096,9.548,0.77
2019-04-11,292.6151002782,9.3988,0.758
2019-04-12,295.7115563658,9.4983,0.766
2019-04-15,301.90446854099997,9.6972,0.782
2019-04-16,300.3562404972,9.6475,0.778
2019-04-17,297.2597844096,9.548,0.77
2019-04-18,294.163328322,9.4486,0.762
2019-04-23,289.5186441906,9.2994,0.7499
2019-04-24,287.9704161468,9.2496,0.7459
2019-04-25,284.8739600592,9.1502,0.7379
2019-04-26,283.32573201540004,9.1005,0.7339
2019-04-29,284.8739600592,9.1502,0.7379
2019-04-30,281.7775039716,9.0507,0.7299
2019-05-02,281.7775039716,9.0507,0.7299
2019-05-03,284.8739600592,9.1502,0.7379
2019-05-06,277.1328198402,8.9015,0.7178
2019-05-07,278.681047884,8.9513,0.7219
2019-05-08,275.5845917964,8.8518,0.7138
2019-05-09,269.3916796212,8.6529,0.6978
2019-05-10,274.0363637526,8.8021,0.7098
2019-05-14,267.8434515774,8.6032,0.6938
2019-05-15,270.939907665,8.7026,0.7018
2019-05-16,274.0363637526,8.8021,0.7098
2019-05-17,272.48813570880003,8.7524,0.7058
2019-05-20,266.2952235336,8.5534,0.6898
2019-05-21,266.2952235336,8.5534,0.6898
2019-05-22,269.3916796212,8.6529,0.6978
2019-05-23,264.7469954898,8.5037,0.6858
2019-05-24,266.2952235336,8.5534,0.6898
2019-05-27,266.2952235336,8.5534,0.6898
2019-05-28,275.5845917964,8.8518,0.7138
2019-05-29,274.0363637526,8.8021,0.7098
2019-05-30,275.5845917964,8.8518,0.7138
2019-05-31,275.5845917964,8.8518,0.7138
2019-06-03,269.3916796212,8.6529,0.6978
2019-06-04,263.198767446,8.454,0.6818
2019-06-05,266.2952235336,8.5534,0.6898
2019-06-06,267.8434515774,8.6032,0.6938
2019-06-10,272.48813570880003,8.7524,0.7058
2019-06-11,275.5845917964,8.8518,0.7138
2019-06-12,266.2952235336,8.5534,0.6898
2019-06-13,269.3916796212,8.6529,0.6978
2019-06-14,264.7469954898,8.5037,0.6858
2019-06-17,263.198767446,8.454,0.6818
2019-06-18,264.7469954898,8.5037,0.6858
2019-06-19,266.2952235336,8.5534,0.6898
2019-06-20,269.3916796212,8.6529,0.6978
2019-06-21,270.939907665,8.7026,0.7018
2019-06-24,270.939907665,8.7026,0.7018
2019-06-25,267.8434515774,8.6032,0.6938
2019-06-26,267.8434515774,8.6032,0.6938
2019-06-27,272.48813570880003,8.7524,0.7058
2019-06-28,274.0363637526,8.8021,0.7098
2019-07-02,284.8739600592,9.1502,0.7379
2019-07-03,286.422188103,9.1999,0.7419
2019-07-04,287.9704161468,9.2496,0.7459
2019-07-05,291.06687223439997,9.3491,0.7539
2019-07-08,286.422188103,9.1999,0.7419
2019-07-09,289.5186441906,9.2994,0.7499
2019-07-10,289.5186441906,9.2994,0.7499
2019-07-11,295.7115563658,9.4983,0.766
2019-07-12,291.06687223439997,9.3491,0.7539
2019-07-15,294.163328322,9.4486,0.762
2019-07-16,292.6151002782,9.3988,0.758
2019-07-17,291.06687223439997,9.3491,0.7539
2019-07-18,289.5186441906,9.2994,0.7499
2019-07-19,292.6151002782,9.3988,0.758
2019-07-22,283.32573201540004,9.1005,0.7339
2019-07-23,280.22927592779996,9.001,0.7259
2019-07-24,280.22927592779996,9.001,0.7259
2019-07-25,283.32573201540004,9.1005,0.7339
2019-07-26,280.22927592779996,9.001,0.7259
2019-07-29,277.1328198402,8.9015,0.7178
2019-07-30,275.5845917964,8.8518,0.7138
2019-07-31,275.5845917964,8.8518,0.7138
2019-08-01,277.1328198402,8.9015,0.7178
2019-08-02,272.48813570880003,8.7524,0.7058
2019-08-05,260.1023113584,8.3545,0.6737
2019-08-06,257.0058552708,8.2551,0.6657
2019-08-07,258.5540833146,8.3048,0.6697
2019-08-08,260.1023113584,8.3545,0.6737
2019-08-09,255.45762722700002,8.2053,0.6617
2019-08-12,253.9093991832,8.1556,0.6577
2019-08-13,241.5235748328,6.4689,0.5318
2019-08-14,266.2952235336,7.1324,0.5863
2019-08-15,281.7775039716,7.5471,0.6204
2019-08-16,272.48813570880003,7.2983,0.5999
2019-08-19,274.0363637526,7.3398,0.6033
2019-08-20,267.8434515774,7.1739,0.5897
2019-08-21,277.1328198402,7.4227,0.6101
2019-08-22,277.1328198402,7.4227,0.6101
2019-08-23,275.5845917964,7.3812,0.6067
2019-08-26,267.8434515774,7.1739,0.5897
2019-08-27,270.939907665,7.2568,0.5965
2019-08-28,267.8434515774,7.1739,0.5897
2019-08-29,261.6505394022,7.008,0.5761
2019-08-30,261.6505394022,7.008,0.5761
2019-09-02,261.6505394022,7.008,0.5761
2019-09-03,260.1023113584,6.9666,0.5727
2019-09-04,266.2952235336,7.1324,0.5863
2019-09-05,267.8434515774,7.1739,0.5897
2019-09-06,267.8434515774,7.1739,0.5897
2019-09-09,267.8434515774,7.1739,0.5897
2019-09-10,267.8434515774,7.1739,0.5897
2019-09-11,269.3916796212,7.2154,0.5931
2019-09-12,275.5845917964,7.3812,0.6067
2019-09-13,277.1328198402,7.4227,0.6101
2019-09-16,277.1328198402,7.4227,0.6101
2019-09-17,274.0363637526,7.3398,0.6033
2019-09-18,278.681047884,7.4642,0.6136
2019-09-19,277.1328198402,7.4227,0.6101
2019-09-20,277.1328198402,7.4227,0.6101
2019-09-23,274.0363637526,7.3398,0.6033
2019-09-24,267.8434515774,7.1739,0.5897
2019-09-25,266.2952235336,7.1324,0.5863
2019-09-26,263.198767446,7.0495,0.5795
2019-09-27,260.1023113584,6.9666,0.5727
2019-09-30,263.198767446,7.0495,0.5795
2019-10-02,266.2952235336,7.1324,0.5863
2019-10-03,267.8434515774,7.1739,0.5897
2019-10-04,266.2952235336,7.1324,0.5863
2019-10-08,266.2952235336,7.1324,0.5863
2019-10-09,267.8434515774,7.1739,0.5897
2019-10-10,266.2952235336,7.1324,0.5863
2019-10-11,270.939907665,7.2568,0.5965
2019-10-14,274.0363637526,7.3398,0.6033
2019-10-15,270.939907665,7.2568,0.5965
2019-10-16,267.8434515774,7.1739,0.5897
2019-10-17,264.7469954898,7.091,0.5829
2019-10-18,269.3916796212,7.2154,0.5931
2019-10-21,269.3916796212,7.2154,0.5931
2019-10-22,270.939907665,7.2568,0.5965
2019-10-23,267.8434515774,7.1739,0.5897
2019-10-24,270.939907665,7.2568,0.5965
2019-10-25,269.3916796212,7.2154,0.5931
2019-10-28,266.2952235336,7.1324,0.5863
2019-10-29,266.2952235336,7.1324,0.5863
2019-10-30,267.8434515774,7.1739,0.5897
2019-10-31,267.8434515774,7.1739,0.5897
2019-11-01,269.3916796212,7.2154,0.5931
2019-11-04,270.939907665,7.2568,0.5965
2019-11-05,272.48813570880003,7.2983,0.5999
2019-11-06,275.5845917964,7.3812,0.6067
2019-11-07,275.5845917964,7.3812,0.6067
2019-11-08,272.48813570880003,7.2983,0.5999
2019-11-11,264.7469954898,7.091,0.5829
2019-11-12,266.2952235336,7.1324,0.5863
2019-11-13,261.6505394022,7.008,0.5761
2019-11-14,257.0058552708,6.8836,0.5658
2019-11-15,253.9093991832,6.8007,0.559
2019-11-18,258.5540833146,6.9251,0.5692
2019-11-19,260.1023113584,6.9666,0.5727
2019-11-20,260.1023113584,6.9666,0.5727
2019-11-21,255.45762722700002,6.8422,0.5624
2019-11-22,255.45762722700002,6.8422,0.5624
2019-11-25,260.1023113584,6.9666,0.5727
2019-11-26,263.198767446,7.0495,0.5795
2019-11-27,263.198767446,7.0495,0.5795
2019-11-28,261.6505394022,7.008,0.5761
2019-11-29,258.5540833146,6.9251,0.5692
2019-12-02,260.1023113584,6.9666,0.5727
2019-12-03,257.0058552708,6.8836,0.5658
2019-12-04,253.9093991832,6.8007,0.559
2019-12-05,255.45762722700002,6.8422,0.5624
2019-12-06,260.1023113584,6.9666,0.5727
2019-12-09,261.6505394022,7.008,0.5761
2019-12-10,261.6505394022,7.008,0.5761
2019-12-11,264.7469954898,7.091,0.5829
2019-12-12,264.7469954898,7.091,0.5829
2019-12-13,266.2952235336,7.1324,0.5863
2019-12-16,270.939907665,7.2568,0.5965
2019-12-17,274.0363637526,7.3398,0.6033
2019-12-18,270.939907665,7.2568,0.5965
2019-12-19,270.939907665,7.2568,0.5965
2019-12-20,269.3916796212,7.2154,0.5931
2019-12-23,270.939907665,7.2568,0.5965
2019-12-24,270.939907665,7.2568,0.5965
2019-12-27,274.0363637526,7.3398,0.6033
2019-12-30,277.1328198402,7.4227,0.6101
2019-12-31,278.681047884,7.4642,0.6136
2020-01-02,283.32573201540004,7.5886,0.6238
2020-01-03,281.7775039716,7.5471,0.6204
2020-01-06,277.1328198402,7.4227,0.6101
2020-01-07,275.5845917964,7.3812,0.6067
2020-01-08,270.939907665,7.2568,0.5965
2020-01-09,274.0363637526,7.3398,0.6033
2020-01-10,274.0363637526,7.3398,0.6033
2020-01-13,274.0363637526,7.3398,0.6033
2020-01-14,274.0363637526,7.3398,0.6033
2020-01-15,274.0363637526,7.3398,0.6033
2020-01-16,274.0363637526,7.3398,0.6033
2020-01-17,274.0363637526,7.3398,0.6033
2020-01-20,270.939907665,7.2568,0.5965
2020-01-21,266.2952235336,7.1324,0.5863
2020-01-22,266.2952235336,7.1324,0.5863
2020-01-23,261.6505394022,7.008,0.5761
2020-01-24,261.6505394022,7.008,0.5761
2020-01-29,252.3611711394,6.7592,0.5556
2020-01-30,244.6200309204,6.5519,0.5386
2020-01-31,243.0718028766,6.5104,0.5352
2020-02-03,241.5235748328,6.4689,0.5318
2020-02-04,247.716487008,6.6348,0.5454
2020-02-05,247.716487008,6.6348,0.5454
2020-02-06,257.0058552708,6.8836,0.5658
2020-02-07,257.0058552708,6.8836,0.5658
2020-02-10,253.9093991832,6.8007,0.559
2020-02-11,257.0058552708,6.8836,0.5658
2020-02-12,257.0058552708,6.8836,0.5658
2020-02-13,258.5540833146,6.9251,0.5692
2020-02-14,264.7469954898,7.091,0.5829
2020-02-17,260.1023113584,6.9666,0.5727
2020-02-18,260.1023113584,6.9666,0.5727
2020-02-19,261.6505394022,7.008,0.5761
2020-02-20,261.6505394022,7.008,0.5761
2020-02-21,255.45762722700002,6.8422,0.5624
2020-02-24,252.3611711394,6.7592,0.5556
2020-02-25,250.81294309560002,6.7177,0.5522
2020-02-26,252.3611711394,6.7592,0.5556
2020-02-27,253.9093991832,6.8007,0.559
2020-02-28,246.1682589642,6.5933,0.542
2020-03-02,249.2647150518,6.6763,0.5488
2020-03-03,249.2647150518,6.6763,0.5488
2020-03-04,250.81294309560002,6.7177,0.5522
2020-03-05,255.45762722700002,6.8422,0.5624
2020-03-06,249.2647150518,6.6763,0.5488
2020-03-09,239.975346789,6.4275,0.5283
2020-03-10,238.4271187452,6.1314,0.5245
2020-03-11,250.81294309560002,6.4499,0.5517
2020-03-12,244.6200309204,6.2907,0.5381
2020-03-13,236.8788907014,6.0916,0.5211
2020-03-16,226.0412943948,5.8129,0.4972
2020-03-17,213.65547004439998,5.4944,0.47
2020-03-18,204.3661017816,5.2555,0.4495
2020-03-19,196.6249615626,5.0564,0.4325
2020-03-20,207.46255786919997,5.3351,0.4563
2020-03-23,195.0767335188,5.0166,0.4291
2020-03-24,209.010785913,5.3749,0.4598
2020-03-25,218.30015417580003,5.6138,0.4802
2020-03-26,218.30015417580003,5.6138,0.4802
2020-03-27,222.9448383072,5.7333,0.4904
2020-03-30,216.751926132,5.574,0.4768
2020-03-31,216.751926132,5.574,0.4768
2020-04-01,213.65547004439998,5.4944,0.47
2020-04-02,218.30015417580003,5.6138,0.4802
2020-04-03,219.84838221959998,5.6536,0.4836
2020-04-06,222.9448383072,5.7333,0.4904
2020-04-07,224.49306635099998,5.7731,0.4938
2020-04-08,222.9448383072,5.7333,0.4904
2020-04-09,229.1377504824,5.8925,0.504
2020-04-14,229.1377504824,5.8925,0.504
2020-04-15,226.0412943948,5.8129,0.4972
2020-04-16,219.84838221959998,5.6536,0.4836
2020-04-17,226.0412943948,5.8129,0.4972
2020-04-20,222.9448383072,5.7333,0.4904
2020-04-21,221.3966102634,5.6934,0.487
2020-04-22,227.5895224386,5.8527,0.5006
2020-04-23,222.9448383072,5.7333,0.4904
2020-04-24,219.84838221959998,5.6536,0.4836
2020-04-27,222.9448383072,5.7333,0.4904
2020-04-28,222.9448383072,5.7333,0.4904
2020-04-29,227.5895224386,5.8527,0.5006
2020-05-04,219.84838221959998,5.6536,0.4836
2020-05-05,222.9448383072,5.7333,0.4904
2020-05-06,222.9448383072,5.7333,0.4904
2020-05-07,218.30015417580003,5.6138,0.4802
2020-05-08,224.49306635099998,5.7731,0.4938
2020-05-11,227.5895224386,5.8527,0.5006
2020-05-12,224.49306635099998,5.7731,0.4938
2020-05-13,222.9448383072,5.7333,0.4904
2020-05-14,221.3966102634,5.6934,0.487
2020-05-15,219.84838221959998,5.6536,0.4836
2020-05-18,221.3966102634,5.6934,0.487
2020-05-19,224.49306635099998,5.7731,0.4938
2020-05-20,219.84838221959998,5.6536,0.4836
2020-05-21,219.84838221959998,5.6536,0.4836
2020-05-22,212.10724200060002,5.4546,0.4666
2020-05-25,213.65547004439998,5.4944,0.47
2020-05-26,215.20369808819999,5.5342,0.4734
2020-05-27,215.20369808819999,5.5342,0.4734
2020-05-28,213.65547004439998,5.4944,0.47
2020-05-29,215.20369808819999,5.5342,0.4734
2020-06-01,226.0412943948,5.8129,0.4972
2020-06-02,218.30015417580003,5.6138,0.4802
2020-06-03,219.84838221959998,5.6536,0.4836
2020-06-04,218.30015417580003,5.6138,0.4802
2020-06-05,222.9448383072,5.7333,0.4904
2020-06-08,226.0412943948,5.8129,0.4972
2020-06-09,226.0412943948,5.8129,0.4972
2020-06-10,224.49306635099998,5.7731,0.4938
2020-06-11,221.3966102634,5.6934,0.487
2020-06-12,218.30015417580003,5.6138,0.4802
2020-06-15,216.751926132,5.574,0.4768
2020-06-16,219.84838221959998,5.6536,0.4836
2020-06-17,219.84838221959998,5.6536,0.4836
2020-06-18,219.84838221959998,5.6536,0.4836
2020-06-19,221.3966102634,5.6934,0.487
2020-06-22,222.9448383072,5.7333,0.4904
2020-06-23,219.84838221959998,5.6536,0.4836
2020-06-24,218.30015417580003,5.6138,0.4802
2020-06-26,218.30015417580003,5.6138,0.4802
2020-06-29,215.20369808819999,5.5342,0.4734
2020-06-30,213.65547004439998,5.4944,0.47
2020-07-02,224.49306635099998,5.7731,0.4938
2020-07-03,232.23420657,5.9721,0.5108
2020-07-06,243.0718028766,6.2508,0.5347
2020-07-07,232.23420657,5.9721,0.5108
2020-07-08,236.8788907014,6.0916,0.5211
2020-07-09,238.4271187452,6.1314,0.5245
2020-07-10,235.3306626576,6.0518,0.5176
2020-07-13,232.23420657,5.9721,0.5108
2020-07-14,229.1377504824,5.8925,0.504
2020-07-15,227.5895224386,5.8527,0.5006
2020-07-16,229.1377504824,5.8925,0.504
2020-07-17,229.1377504824,5.8925,0.504
2020-07-20,235.3306626576,6.0518,0.5176
2020-07-21,230.6859785262,5.9323,0.5074
2020-07-22,226.0412943948,5.8129,0.4972
2020-07-23,230.6859785262,5.9323,0.5074
2020-07-24,226.0412943948,5.8129,0.4972
2020-07-27,219.84838221959998,5.6536,0.4836
2020-07-28,216.751926132,5.574,0.4768
2020-07-29,218.30015417580003,5.6138,0.4802
2020-07-30,216.751926132,5.574,0.4768
2020-07-31,219.84838221959998,5.6536,0.4836
2020-08-03,221.3966102634,5.6934,0.487
2020-08-04,224.49306635099998,5.7731,0.4938
2020-08-05,219.84838221959998,5.6536,0.4836
2020-08-06,219.84838221959998,5.6536,0.4836
2020-08-07,219.84838221959998,5.6536,0.4836
2020-08-10,219.84838221959998,5.6536,0.4836
2020-08-11,221.3966102634,5.6934,0.487
2020-08-12,219.84838221959998,5.6536,0.4836
2020-08-13,219.84838221959998,5.6536,0.4836
2020-08-14,224.49306635099998,5.7731,0.4938
2020-08-17,229.1377504824,5.8925,0.504
2020-08-18,230.6859785262,5.9323,0.5074
2020-08-19,227.5895224386,5.8527,0.5006
2020-08-20,232.23420657,5.9721,0.5108
2020-08-21,233.7824346138,6.012,0.5142
2020-08-24,235.3306626576,5.958,0.514
2020-08-25,239.975346789,6.0756,0.5241
2020-08-26,239.975346789,6.0756,0.5241
2020-08-27,236.8788907014,5.9972,0.5174
2020-08-28,236.8788907014,5.9972,0.5174
2020-08-31,229.1377504824,5.8012,0.5005
2020-09-01,232.23420657,5.8796,0.5072
2020-09-02,229.1377504824,5.8012,0.5005
2020-09-03,230.6859785262,5.8404,0.5039
2020-09-04,229.1377504824,5.8012,0.5005
2020-09-07,229.1377504824,5.8012,0.5005
2020-09-08,226.0412943948,5.7228,0.4937
2020-09-09,227.5895224386,5.762,0.4971
2020-09-10,229.1377504824,5.8012,0.5005
2020-09-11,230.6859785262,5.8404,0.5039
2020-09-14,230.6859785262,5.8404,0.5039
2020-09-15,230.6859785262,5.8404,0.5039
2020-09-16,232.23420657,5.8796,0.5072
2020-09-17,230.6859785262,5.8404,0.5039
2020-09-18,233.7824346138,5.9188,0.5106
2020-09-21,229.1377504824,5.8012,0.5005
2020-09-22,229.1377504824,5.8012,0.5005
2020-09-23,227.5895224386,5.762,0.4971
2020-09-24,226.0412943948,5.7228,0.4937
2020-09-25,222.9448383072,5.6444,0.487
2020-09-28,227.5895224386,5.762,0.4971
2020-09-29,227.5895224386,5.762,0.4971
2020-09-30,233.7824346138,5.9188,0.5106
2020-10-05,236.8788907014,5.9972,0.5174
2020-10-06,241.5235748328,6.1148,0.5275
2020-10-07,246.1682589642,6.2324,0.5377
2020-10-08,247.716487008,6.2716,0.5411
2020-10-09,244.6200309204,6.1932,0.5343
2020-10-12,252.3611711394,6.3892,0.5512
2020-10-14,252.3611711394,6.3892,0.5512
2020-10-15,252.3611711394,6.3892,0.5512
2020-10-16,239.975346789,6.0756,0.5241
2020-10-19,238.4271187452,6.0364,0.5208
2020-10-20,235.3306626576,5.958,0.514
2020-10-21,233.7824346138,5.9188,0.5106
2020-10-22,238.4271187452,6.0364,0.5208
2020-10-23,236.8788907014,5.9972,0.5174
2020-10-27,238.4271187452,6.0364,0.5208
2020-10-28,233.7824346138,5.9188,0.5106
2020-10-29,232.23420657,5.8796,0.5072
2020-10-30,232.23420657,5.8796,0.5072
2020-11-02,233.7824346138,5.9188,0.5106
2020-11-03,232.23420657,5.8796,0.5072
2020-11-04,235.3306626576,5.958,0.514
2020-11-05,241.5235748328,6.1148,0.5275
2020-11-06,249.2647150518,6.3108,0.5444
2020-11-09,246.1682589642,6.2324,0.5377
2020-11-10,252.3611711394,6.3892,0.5512
2020-11-11,249.2647150518,6.3108,0.5444
2020-11-12,246.1682589642,6.2324,0.5377
2020-11-13,246.1682589642,6.2324,0.5377
2020-11-16,244.6200309204,6.1932,0.5343
2020-11-17,244.6200309204,6.1932,0.5343
2020-11-18,244.6200309204,6.1932,0.5343
2020-11-19,243.0718028766,6.154,0.5309
2020-11-20,241.5235748328,6.1148,0.5275
2020-11-23,239.975346789,6.0756,0.5241
2020-11-24,244.6200309204,6.1932,0.5343
2020-11-25,243.0718028766,6.154,0.5309
2020-11-26,243.0718028766,6.154,0.5309
2020-11-27,252.3611711394,6.3892,0.5512
2020-11-30,249.2647150518,6.3108,0.5444
2020-12-01,255.45762722700002,6.4676,0.558
2020-12-02,257.0058552708,6.5068,0.5613
2020-12-03,252.3611711394,6.3892,0.5512
2020-12-04,252.3611711394,6.3892,0.5512
2020-12-07,250.81294309560002,6.35,0.5478
2020-12-08,246.1682589642,6.2324,0.5377
2020-12-09,244.6200309204,6.1932,0.5343
2020-12-10,241.5235748328,6.1148,0.5275
2020-12-11,241.5235748328,6.1148,0.5275
2020-12-14,243.0718028766,6.154,0.5309
2020-12-15,239.975346789,6.0756,0.5241
2020-12-16,239.975346789,6.0756,0.5241
2020-12-17,241.5235748328,6.1148,0.5275
2020-12-18,238.4271187452,6.0364,0.5208
2020-12-21,236.8788907014,5.9972,0.5174
2020-12-22,233.7824346138,5.9188,0.5106
2020-12-23,235.3306626576,5.958,0.514
2020-12-24,233.7824346138,5.9188,0.5106
2020-12-28,229.1377504824,5.8012,0.5005
2020-12-29,235.3306626576,5.958,0.514
2020-12-30,235.3306626576,5.958,0.514
2020-12-31,241.5235748328,6.1148,0.5275
2021-01-04,235.3306626576,5.958,0.514
2021-01-05,236.8788907014,5.9972,0.5174
2021-01-06,239.975346789,6.0756,0.5241
2021-01-07,238.4271187452,6.0364,0.5208
2021-01-08,239.975346789,6.0756,0.5241
2021-01-11,241.5235748328,6.1148,0.5275
2021-01-12,243.0718028766,6.154,0.5309
2021-01-13,244.6200309204,6.1932,0.5343
2021-01-14,243.0718028766,6.154,0.5309
2021-01-15,241.5235748328,6.1148,0.5275
2021-01-18,246.1682589642,6.2324,0.5377
2021-01-19,253.9093991832,6.4284,0.5546
2021-01-20,253.9093991832,6.4284,0.5546
2021-01-21,249.2647150518,6.3108,0.5444
2021-01-22,241.5235748328,6.1148,0.5275
2021-01-25,236.8788907014,5.9972,0.5174
2021-01-26,235.3306626576,5.958,0.514
2021-01-27,236.8788907014,5.9972,0.5174
2021-01-28,233.7824346138,5.9188,0.5106
2021-01-29,235.3306626576,5.958,0.514
2021-02-01,235.3306626576,5.958,0.514
2021-02-02,238.4271187452,6.0364,0.5208
2021-02-03,236.8788907014,5.9972,0.5174
2021-02-04,238.4271187452,6.0364,0.5208
2021-02-05,238.4271187452,6.0364,0.5208
2021-02-08,238.4271187452,6.0364,0.5208
2021-02-09,239.975346789,6.0756,0.5241
2021-02-10,243.0718028766,6.154,0.5309
2021-02-11,249.2647150518,6.3108,0.5444
2021-02-16,250.81294309560002,6.35,0.5478
2021-02-17,249.2647150518,6.3108,0.5444
2021-02-18,249.2647150518,6.3108,0.5444
2021-02-19,249.2647150518,6.3108,0.5444
2021-02-22,252.3611711394,6.3892,0.5512
2021-02-23,261.6505394022,6.6243,0.5715
2021-02-24,258.5540833146,6.546,0.5647
2021-02-25,270.939907665,6.8595,0.5918
2021-02-26,266.2952235336,6.7419,0.5816
2021-03-01,269.3916796212,6.8203,0.5884
2021-03-02,267.8434515774,6.7811,0.585
2021-03-03,266.2952235336,6.7419,0.5816
2021-03-04,261.6505394022,6.6243,0.5715
2021-03-05,257.0058552708,6.5068,0.5613
2021-03-08,252.3611711394,6.3892,0.5512
2021-03-09,250.81294309560002,6.35,0.5478
2021-03-10,253.9093991832,6.4284,0.5546
2021-03-11,252.3611711394,6.3892,0.5512
2021-03-12,253.9093991832,6.4284,0.5546
2021-03-15,264.7469954898,6.7027,0.5783
2021-03-16,270.939907665,5.3682,0.5212
2021-03-17,277.1328198402,5.4909,0.5332
2021-03-18,274.0363637526,5.4296,0.5272
2021-03-19,272.48813570880003,5.3989,0.5242
2021-03-22,272.48813570880003,5.3989,0.5242
2021-03-23,272.48813570880003,5.3989,0.5242
2021-03-24,267.8434515774,5.3069,0.5153
2021-03-25,267.8434515774,5.3069,0.5153
2021-03-26,269.3916796212,5.3375,0.5183
2021-03-29,275.5845917964,5.4602,0.5302
2021-03-30,275.5845917964,5.4602,0.5302
2021-03-31,272.48813570880003,5.3989,0.5242
2021-04-01,274.0363637526,5.4296,0.5272
2021-04-07,280.22927592779996,5.5523,0.5391
2021-04-08,278.681047884,5.5216,0.5361
2021-04-09,275.5845917964,5.4602,0.5302
2021-04-12,274.0363637526,5.4296,0.5272
2021-04-13,272.48813570880003,5.3989,0.5242
2021-04-14,275.5845917964,5.4602,0.5302
2021-04-15,278.681047884,5.5216,0.5361
2021-04-16,283.32573201540004,5.6136,0.5451
2021-04-19,292.6151002782,5.7977,0.5629
2021-04-20,289.5186441906,5.7363,0.557
2021-04-21,289.5186441906,5.7363,0.557
2021-04-22,287.9704161468,5.7056,0.554
2021-04-23,284.8739600592,5.6443,0.5481
2021-04-26,280.22927592779996,5.5523,0.5391
2021-04-27,283.32573201540004,5.6136,0.5451
2021-04-28,281.7775039716,5.5829,0.5421
2021-04-29,281.7775039716,5.5829,0.5421
2021-04-30,278.681047884,5.5216,0.5361
2021-05-03,280.22927592779996,5.5523,0.5391
2021-05-04,281.7775039716,5.5829,0.5421
2021-05-05,286.422188103,5.675,0.551
2021-05-06,284.8739600592,5.6443,0.5481
2021-05-07,289.5186441906,5.7363,0.557
2021-05-10,287.9704161468,5.7056,0.554
2021-05-11,289.5186441906,5.7363,0.557
2021-05-12,283.32573201540004,5.6136,0.5451
2021-05-13,277.1328198402,5.4909,0.5332
2021-05-14,277.1328198402,5.4909,0.5332
2021-05-17,280.22927592779996,5.5523,0.5391
2021-05-18,286.422188103,5.675,0.551
2021-05-20,289.5186441906,5.7363,0.557
2021-05-21,287.9704161468,5.7056,0.554
2021-05-24,287.9704161468,5.7056,0.554
2021-05-25,289.5186441906,5.7363,0.557
2021-05-26,295.7115563658,5.859,0.5689
2021-05-27,298.8080124534,5.9204,0.5749
2021-05-28,297.2597844096,5.8897,0.5719
2021-05-31,298.8080124534,5.9204,0.5749
2021-06-01,297.2597844096,5.8897,0.5719
2021-06-02,305.0009246286,6.0431,0.5868
2021-06-03,305.0009246286,6.0431,0.5868
2021-06-04,294.163328322,5.8283,0.5659
2021-06-07,297.2597844096,5.8897,0.5719
2021-06-08,295.7115563658,5.859,0.5689
2021-06-09,292.6151002782,5.7977,0.5629
2021-06-10,285.8028968301,5.6627,0.5498
2021-06-11,293.2343914389,5.8099,0.5641
2021-06-15,278.68104783,5.5216,0.5361
2021-06-16,268.4627427429,5.3191,0.5165
2021-06-17,270.0109707864,5.3498,0.5195
2021-06-18,260.7216025254,5.1657,0.5016
2021-06-21,255.76727278619998,5.0676,0.4921
2021-06-22,254.5286903514,5.043,0.4897
2021-06-23,255.4576271775,5.0615,0.4915
2021-06-24,257.005855221,5.0921,0.4944
2021-06-25,256.0769183949,5.0737,0.4927
2021-06-28,252.3611710905,5.0001,0.4855
2021-06-29,253.59975352529997,5.0246,0.4879
2021-06-30,253.2901079166,5.0185,0.4873
2021-07-02,252.3611710905,5.0001,0.4855
2021-07-05,252.0515254818,4.994,0.4849
2021-07-06,253.2901079166,5.0185,0.4873
2021-07-07,253.2901079166,5.0185,0.4873
2021-07-08,250.50329743830002,4.9633,0.4819
2021-07-09,247.40684135130002,4.9019,0.476
2021-07-12,249.2647150035,4.9387,0.4795
2021-07-13,249.57436061220002,4.9449,0.4801
2021-07-14,248.6454237861,4.9265,0.4784
2021-07-15,249.8840062209,4.951,0.4807
2021-07-16,251.7418798731,4.9878,0.4843
2021-07-19,246.7875501339,4.8897,0.4748
2021-07-20,244.0007396556,4.8345,0.4694
2021-07-21,244.620030873,4.8467,0.4706
2021-07-22,244.92967648169997,4.8529,0.4712
2021-07-23,241.83322039470002,4.7915,0.4653
2021-07-26,230.3763328728,4.5645,0.4432
2021-07-27,223.8737750901,4.4357,0.4307
2021-07-28,223.2544838727,4.4234,0.4295
2021-07-29,226.04129435099998,4.4786,0.4349
2021-07-30,223.8737750901,4.4357,0.4307
2021-08-02,225.42200313360001,4.4663,0.4337
2021-08-03,226.04129435099998,4.4786,0.4349
2021-08-04,222.6351926553,4.4111,0.4283
2021-08-05,222.6351926553,4.4111,0.4283
2021-08-06,221.39661022049998,4.3866,0.4259
2021-08-09,224.4930663075,4.4479,0.4319
2021-08-10,226.6605855684,4.4909,0.4361
2021-08-11,230.6859784815,4.5706,0.4438
2021-08-12,230.9956240902,4.5768,0.4444
2021-08-13,228.51845922060002,4.5277,0.4396
2021-08-16,226.9702311771,4.497,0.4367
2021-08-17,221.39661022049998,4.3866,0.4259
2021-08-18,227.2798767858,4.1531,0.4103
2021-08-19,228.20881361189998,4.1701,0.4119
2021-08-20,221.0869646118,4.04,0.3991
2021-08-23,220.77731900310002,4.0343,0.3985
2021-08-24,225.42200313360001,4.1192,0.4069
2021-08-25,229.4473960467,4.1927,0.4142
2021-08-26,226.6605855684,4.1418,0.4091
2021-08-27,225.42200313360001,4.1192,0.4069
2021-08-30,226.6605855684,4.1418,0.4091
2021-08-31,225.7316487423,4.1248,0.4075
2021-09-01,226.6605855684,4.1418,0.4091
2021-09-02,228.51845922060002,4.1758,0.4125
2021-09-03,230.3763328728,4.2097,0.4158
2021-09-06,228.8281048293,4.1814,0.4131
2021-09-07,230.6859784815,4.2154,0.4164
2021-09-08,229.4473960467,4.1927,0.4142
2021-09-09,226.3509399597,4.1362,0.4086
2021-09-10,229.4473960467,4.1927,0.4142
2021-09-13,231.61491530759997,4.2323,0.4181
2021-09-14,227.5895223945,4.1588,0.4108
2021-09-15,225.1123575249,4.1135,0.4063
2021-09-16,222.0159014379,4.0569,0.4008
2021-09-17,225.7316487423,4.1248,0.4075
2021-09-20,215.20369804650002,3.9325,0.3885
2021-09-21,218.30015413349997,3.989,0.3941
2021-09-23,224.8027119162,4.1079,0.4058
2021-09-24,218.6097997422,3.9947,0.3946
2021-09-27,216.4422804813,3.9551,0.3907
2021-09-28,226.3509399597,4.1362,0.4086
2021-09-29,223.8737750901,4.0909,0.4041
2021-09-30,226.6605855684,4.1418,0.4091
2021-10-04,230.0666872641,4.2041,0.4153
2021-10-05,225.7316487423,4.1248,0.4075
2021-10-06,226.6605855684,4.1418,0.4091
2021-10-07,228.51845922060002,4.1758,0.4125
2021-10-08,226.3509399597,4.1362,0.4086
2021-10-11,226.3509399597,4.1362,0.4086
2021-10-12,226.6605855684,4.1418,0.4091
2021-10-15,226.6605855684,4.1418,0.4091
2021-10-18,213.03617878560001,3.8929,0.3845
2021-10-19,211.1783051334,3.8589,0.3812
2021-10-20,210.8686595247,3.8532,0.3806
2021-10-21,215.82298926389998,3.9438,0.3896
2021-10-22,222.94483826400003,4.0739,0.4024
2021-10-25,219.84838217700002,4.0173,0.3968
2021-10-26,212.72653317689998,3.8872,0.384
2021-10-27,212.10724195950002,3.8759,0.3829
2021-10-28,209.63007708990003,3.8306,0.3784
2021-10-29,212.4168875682,3.8815,0.3834
2021-11-01,209.9397226986,3.8363,0.379
2021-11-02,207.7722034377,3.7967,0.375
2021-11-03,205.6046841768,3.7571,0.3711
2021-11-04,201.5792912637,3.6835,0.3639
2021-11-05,202.8178736985,3.7061,0.3661
2021-11-08,208.3914946551,3.808,0.3762
2021-11-09,208.7011402638,3.8136,0.3767
2021-11-10,216.1326348726,3.9494,0.3901
2021-11-11,224.4930663075,4.1022,0.4052
2021-11-12,221.39661022049998,4.0456,0.3996
2021-11-15,219.84838217700002,4.0173,0.3968
2021-11-16,222.94483826400003,4.0739,0.4024
2021-11-17,222.94483826400003,4.0739,0.4024
2021-11-18,221.7062558292,4.0513,0.4002
2021-11-19,224.1834206988,4.0965,0.4047
2021-11-22,224.4930663075,4.1022,0.4052
2021-11-23,227.5895223945,4.1588,0.4108
2021-11-24,229.7570416554,4.1984,0.4147
2021-11-25,229.7570416554,4.1984,0.4147
2021-11-26,226.04129435099998,4.1305,0.408
2021-11-29,225.42200313360001,4.1192,0.4069
2021-11-30,225.42200313360001,4.1192,0.4069
2021-12-01,225.7316487423,4.1248,0.4075
2021-12-02,225.42200313360001,4.1192,0.4069
2021-12-03,222.0159014379,4.0569,0.4008
2021-12-06,218.9194453509,4.0004,0.3952
2021-12-07,218.6097997422,3.9947,0.3946
2021-12-08,217.37121730740003,3.9721,0.3924
2021-12-09,219.2290909596,4.006,0.3957
2021-12-10,219.84838217700002,4.0173,0.3968
2021-12-13,216.1326348726,3.9494,0.3901
2021-12-14,213.655470003,3.9042,0.3857
2021-12-15,215.20369804650002,3.9325,0.3885
2021-12-16,215.82298926389998,3.9438,0.3896
2021-12-17,213.3458243943,3.8985,0.3851
2021-12-20,208.3914946551,3.808,0.3762
2021-12-21,209.3204314812,3.825,0.3778
2021-12-22,209.0107858725,3.8193,0.3773
2021-12-23,212.10724195950002,3.8759,0.3829
2021-12-24,211.1783051334,3.8589,0.3812
2021-12-28,214.5844068291,3.9211,0.3873
2021-12-29,211.4879507421,3.8646,0.3818
2021-12-30,211.4879507421,3.8646,0.3818
2021-12-31,212.72653317689998,3.8872,0.384
2022-01-03,211.4879507421,3.8646,0.3818
2022-01-04,217.0615716987,3.9664,0.3918
2022-01-05,216.1326348726,3.9494,0.3901
2022-01-06,216.1326348726,3.9494,0.3901
2022-01-07,224.8027119162,4.1079,0.4058
2022-01-10,226.3509399597,4.1362,0.4086
2022-01-11,227.2798767858,4.1531,0.4103
2022-01-12,230.9956240902,4.221,0.417
2022-01-13,226.3509399597,4.1362,0.4086
2022-01-14,230.9956240902,4.221,0.417
2022-01-17,228.20881361189998,4.1701,0.4119
2022-01-18,228.51845922060002,4.1758,0.4125
2022-01-19,237.8078274816,4.3455,0.4293
2022-01-20,237.18853626419997,4.3342,0.4281
2022-01-21,241.52357478599998,4.4134,0.436
2022-01-24,243.6910940469,4.453,0.4399
2022-01-25,241.52357478599998,4.4134,0.436
2022-01-26,247.40684135130002,4.5209,0.4466
2022-01-27,242.1428660034,4.4247,0.4371
2022-01-28,243.6910940469,4.453,0.4399
2022-01-31,244.620030873,4.47,0.4416
2022-02-04,250.50329743830002,4.5775,0.4522
2022-02-07,247.71648696,4.5266,0.4471
2022-02-08,248.9550693948,4.5492,0.4494
2022-02-09,252.0515254818,4.6058,0.455
2022-02-10,257.005855221,4.6963,0.4639
2022-02-11,258.8637288732,4.7303,0.4673
2022-02-14,257.005855221,4.6963,0.4639
2022-02-15,252.9804623079,4.6228,0.4567
2022-02-16,255.4576271775,4.668,0.4611
2022-02-17,256.6962096123,4.6907,0.4634
2022-02-18,258.8637288732,4.7303,0.4673
2022-02-21,258.8637288732,4.7303,0.4673
2022-02-22,257.9347920471,4.7133,0.4656
2022-02-23,252.67081669919997,4.6171,0.4561
2022-02-24,247.40684135130002,4.5209,0.4466
2022-02-25,240.5946379599,4.3964,0.4343
2022-02-28,242.1428660034,4.4247,0.4371
2022-03-01,239.6657011338,4.3795,0.4326
2022-03-02,239.6657011338,4.3795,0.4326
2022-03-03,244.0007396556,4.4587,0.4404
2022-03-04,243.6910940469,4.453,0.4399
2022-03-07,244.3103852643,4.4643,0.441
2022-03-08,242.45251161209998,4.4304,0.4376
2022-03-09,244.620030873,4.47,0.4416
2022-03-10,243.6910940469,5.5516,0.4309
2022-03-11,238.427118699,5.4316,0.4216
2022-03-14,228.8281048293,5.213,0.4046
2022-03-15,213.96511561169999,4.8744,0.3784
2022-03-16,221.7062558292,5.0507,0.392
2022-03-17,240.9042835686,5.4881,0.426
2022-03-18,242.1428660034,5.5163,0.4282
2022-03-21,238.7367643077,5.4387,0.4222
2022-03-22,246.1682589165,5.608,0.4353
2022-03-23,247.09719574259998,5.6292,0.4369
2022-03-24,246.47790452520002,5.6151,0.4359
2022-03-25,243.0718028295,5.5375,0.4298
2022-03-28,239.6657011338,5.4599,0.4238
2022-03-29,236.8788906555,5.3964,0.4189
2022-03-30,244.0007396556,5.5586,0.4315
2022-03-31,241.2139291773,5.4951,0.4265
2022-04-01,244.3103852643,5.5657,0.432
2022-04-04,253.59975352529997,5.7773,0.4484
2022-04-06,272.1784900473,6.2005,0.4813
2022-04-07,265.3662866559,6.0454,0.4693
2022-04-08,274.0363636995,6.2429,0.4846
2022-04-11,273.72671809080003,6.2358,0.484
2022-04-12,267.5338059168,6.0947,0.4731
2022-04-13,273.41707248209997,6.2288,0.4835
2022-04-14,276.2038829604,6.2922,0.4884
2022-04-19,275.584591743,6.2781,0.4873
2022-04-20,267.5338059168,6.0947,0.4731
2022-04-21,262.2698305689,5.9748,0.4638
2022-04-22,263.5084130037,6.003,0.466
2022-04-25,255.76727278619998,5.8267,0.4523
2022-04-26,248.6454237861,5.6644,0.4397
2022-04-27,245.5489676991,5.5939,0.4342
2022-04-28,249.8840062209,5.6926,0.4419
2022-04-29,254.5286903514,5.7985,0.4501
2022-05-03,258.5540832645,5.8902,0.4572
2022-05-04,255.76727278619998,5.8267,0.4523
2022-05-05,251.4322342644,5.7279,0.4446
2022-05-06,242.76215722080002,5.5304,0.4293
2022-05-10,240.9042835686,5.4881,0.426
2022-05-11,240.9042835686,5.4881,0.426
2022-05-12,235.02101700330002,5.3541,0.4156
2022-05-13,245.8586133078,5.6009,0.4348
2022-05-16,248.6454237861,5.6644,0.4397
2022-05-17,248.02613256869998,5.6503,0.4386
2022-05-18,252.67081669919997,5.7561,0.4468
2022-05-19,262.8891217863,5.9889,0.4649
2022-05-20,259.4830200906,5.9113,0.4588
2022-05-23,257.6251464384,5.869,0.4556
2022-05-24,254.83833596009998,5.8055,0.4506
2022-05-25,259.1733744819,5.9043,0.4583
2022-05-26,256.38656400360003,5.8408,0.4534
2022-05-27,261.9601849602,5.9678,0.4632
2022-05-30,262.5794761776,5.9819,0.4643
2022-05-31,264.12770422110003,6.0171,0.4671
2022-06-01,275.584591743,6.2781,0.4873
2022-06-02,271.2495532212,6.1794,0.4797
2022-06-06,273.1074268734,6.2217,0.4829
2022-06-07,258.2444376558,5.8831,0.4567
2022-06-08,261.9601849602,5.9678,0.4632
2022-06-09,259.4830200906,5.9113,0.4588
2022-06-10,256.38656400360003,5.8408,0.4534
2022-06-13,250.812943047,5.7138,0.4435
2022-06-14,251.7418798731,5.735,0.4452
2022-06-15,255.4576271775,5.8196,0.4517
2022-06-16,258.8637288732,5.8972,0.4578
2022-06-17,257.3155008297,5.8619,0.455
2022-06-20,272.488135656,6.2076,0.4818
2022-06-21,279.6099846561,6.3698,0.4944
2022-06-22,281.46785830830004,6.4122,0.4977
2022-06-23,287.6607704823,6.5532,0.5087
2022-06-24,292.61510022150003,6.6661,0.5174
2022-06-27,297.87907556939996,6.786,0.5267
2022-06-28,302.8334053086,6.8989,0.5355
2022-06-29,305.9298613956,6.9694,0.541
2022-06-30,311.5034823522,7.0964,0.5508
2022-07-04,309.6456087,7.0541,0.5476
2022-07-05,309.6456087,7.0541,0.5476
2022-07-06,300.35624043900003,6.8425,0.5311
2022-07-07,303.452696526,6.913,0.5366
2022-07-08,308.4070262652,7.0259,0.5454
2022-07-11,305.9298613956,6.9694,0.541
2022-07-12,302.2141140912,6.8848,0.5344
2022-07-13,299.1176580042,6.8143,0.5289
2022-07-14,301.9044684825,6.8777,0.5339
2022-07-15,290.4475809606,6.6167,0.5136
2022-07-18,298.1887211781,6.7931,0.5273
2022-07-19,305.62021578689996,6.9624,0.5404
2022-07-20,295.7115563085,6.7367,0.5229
2022-07-21,285.1836056127,6.4968,0.5043
2022-07-22,281.777503917,6.4192,0.4983
2022-07-25,289.8282897432,6.6026,0.5125
2022-07-26,300.35624043900003,6.8425,0.5311
2022-07-27,303.7623421347,6.9201,0.5371
2022-07-28,307.1684438304,6.9977,0.5432
2022-07-29,303.452696526,6.913,0.5366
2022-08-01,307.78773504779997,7.0118,0.5443
2022-08-02,295.4019106998,6.7296,0.5224
2022-08-03,288.8993529171,6.5815,0.5109
2022-08-04,289.20899852580004,6.5885,0.5114
2022-08-05,290.1379353519,6.6097,0.5131
2022-08-08,291.3765177867,6.6379,0.5152
2022-08-09,291.3765177867,6.6379,0.5152
2022-08-10,287.6607704823,6.5532,0.5087
2022-08-11,288.8993529171,6.5815,0.5109
2022-08-12,289.5186441345,6.5956,0.512
2022-08-15,284.873960004,6.4898,0.5037
2022-08-16,293.8536826563,6.6943,0.5196
2022-08-17,293.8536826563,6.6943,0.5196
2022-08-18,286.73183365619997,8.1856,0.5252
2022-08-19,290.75722656930003,8.3005,0.5326
2022-08-22,300.04659483029997,8.5657,0.5496
2022-08-23,298.1887211781,8.5127,0.5462
2022-08-24,296.3308475259,8.4596,0.5428
2022-08-25,299.7369492216,8.5569,0.549
2022-08-26,307.4780894391,8.7778,0.5632
2022-08-29,308.4070262652,8.8044,0.5649
2022-08-30,309.0263174826,8.822,0.5661
2022-08-31,304.6912789608,8.6983,0.5581
2022-09-01,309.3359630913,8.8309,0.5666
2022-09-02,305.9298613956,8.7336,0.5604
2022-09-05,308.7166718739,8.8132,0.5655
2022-09-06,322.031433048,9.1933,0.5899
2022-09-07,322.6507242654,9.211,0.591
2022-09-08,318.93497696099996,9.1049,0.5842
2022-09-09,330.70151009159997,9.4408,0.6058
2022-09-13,329.4629276568,9.4055,0.6035
2022-09-14,328.224345222,9.3701,0.6012
2022-09-15,339.99087835259996,9.706,0.6228
2022-09-16,332.5593837438,9.4939,0.6092
2022-09-19,326.3664715698,9.3171,0.5978
2022-09-20,328.8436364394,9.3878,0.6024
2022-09-21,326.3664715698,9.3171,0.5978
2022-09-22,329.4629276568,9.4055,0.6035
2022-09-23,322.6507242654,9.211,0.591
2022-09-26,312.1227735696,8.9104,0.5717
2022-09-27,313.36135600439997,8.9458,0.574
2022-09-28,305.3105701782,8.716,0.5592
2022-09-29,294.163328265,8.3977,0.5388
2022-09-30,293.5440370476,8.3801,0.5377
2022-10-03,308.7166718739,8.8132,0.5655
2022-10-05,313.36135600439997,8.9458,0.574
2022-10-06,311.5034823522,8.8928,0.5706
2022-10-07,305.9298613956,8.7336,0.5604
2022-10-10,305.3105701782,8.716,0.5592
2022-10-11,298.4983667868,8.5215,0.5468
2022-10-12,299.4273036129,8.548,0.5485
2022-10-13,300.04659483029997,8.5657,0.5496
2022-10-14,306.2395070043,8.7425,0.5609
2022-10-17,286.73183365619997,8.1856,0.5252
2022-10-18,304.3816333521,8.6895,0.5575
2022-10-19,306.549152613,8.7513,0.5615
2022-10-20,304.6912789608,8.6983,0.5581
2022-10-21,304.6912789608,8.6983,0.5581
2022-10-24,278.0617566126,7.9381,0.5093
2022-10-25,272.7977812647,7.7878,0.4997
2022-10-26,258.5540832645,7.3812,0.4736
2022-10-27,242.76215722080002,6.9303,0.4447
2022-10-28,226.9702311771,6.4795,0.4157
2022-10-31,207.46255782900002,5.9226,0.38
2022-11-01,219.5387365683,6.2674,0.4021
2022-11-02,215.20369804650002,6.1436,0.3942
2022-11-03,200.96000004630002,5.737,0.3681
2022-11-04,222.94483826400003,6.3646,0.4084
2022-11-07,225.7316487423,6.4442,0.4135
2022-11-08,220.1580277857,6.285,0.4033
2022-11-09,230.0666872641,6.5679,0.4214
2022-11-10,228.20881361189998,6.5149,0.418
2022-11-11,251.12258865569999,7.169,0.46
2022-11-14,263.198767395,7.5138,0.4821
2022-11-15,269.0820339603,7.6817,0.4929
2022-11-16,258.8637288732,7.39,0.4742
2022-11-17,266.9145146994,7.6198,0.4889
2022-11-18,265.98557787330003,7.5933,0.4872
2022-11-21,261.3408937428,7.4607,0.4787
2022-11-22,262.5794761776,7.4961,0.481
2022-11-23,262.8891217863,7.5049,0.4815
2022-11-24,278.3714022213,7.9469,0.5099
2022-11-25,289.5186441345,8.2651,0.5303
2022-11-28,286.1125424388,8.1679,0.5241
2022-11-29,303.452696526,8.6629,0.5558
2022-11-30,304.6912789608,8.6983,0.5581
2022-12-01,300.04659483029997,8.5657,0.5496
2022-12-02,295.7115563085,8.4419,0.5417
2022-12-05,291.3765177867,8.3182,0.5337
2022-12-06,299.7369492216,8.5569,0.549
2022-12-07,282.7064407431,8.0707,0.5178
2022-12-08,289.5186441345,8.2651,0.5303
2022-12-09,300.35624043900003,8.5745,0.5502
2022-12-12,301.5948228738,8.6099,0.5524
2022-12-13,294.78261948240004,8.4154,0.54
2022-12-14,299.1176580042,8.5392,0.5479
2022-12-15,300.04659483029997,8.5657,0.5496
2022-12-16,308.4070262652,8.8044,0.5649
2022-12-19,308.09738065650004,8.7955,0.5644
2022-12-20,296.95013874330004,8.4773,0.5439
2022-12-21,300.04659483029997,8.5657,0.5496
2022-12-22,296.6404931346,8.4685,0.5434
2022-12-23,298.1887211781,8.5127,0.5462
2022-12-28,300.6658860477,8.5834,0.5507
2022-12-29,291.6861633954,8.327,0.5343
2022-12-30,292.61510022150003,8.3535,0.536
2023-01-03,302.8334053086,8.6453,0.5547
2023-01-04,324.50859791759996,9.264,0.5944
2023-01-05,330.70151009159997,9.4408,0.6058
2023-01-06,336.89442226560004,9.6176,0.6171
2023-01-09,335.6558398308,9.5823,0.6148
2023-01-10,339.3715871352,9.6883,0.6216
2023-01-11,338.7522959178,9.6707,0.6205
2023-01-12,330.0822188742,9.4231,0.6046
2023-01-13,339.99087835259996,9.706,0.6228
2023-01-16,343.0873344396,9.7944,0.6284
2023-01-17,343.0873344396,9.7944,0.6284
2023-01-18,341.8487520048,9.7591,0.6262
2023-01-19,348.0416641788,9.9359,0.6375
2023-01-20,350.51882904839994,10.0066,0.6421
2023-01-26,357.3310324398,10.201,0.6545
2023-01-27,360.4274885268,10.2894,0.6602
2023-01-30,351.1381202658,10.0242,0.6432
2023-01-31,352.3767027006,10.0596,0.6455
2023-02-01,354.2345763528,10.1126,0.6489
2023-02-02,348.0416641788,9.9359,0.6375
2023-02-03,335.6558398308,9.5823,0.6148
2023-02-06,326.98576278720003,9.3348,0.5989
2023-02-07,328.224345222,9.3701,0.6012
2023-02-08,330.70151009159997,9.4408,0.6058
2023-02-09,345.56449930919996,9.8651,0.633
2023-02-10,366.6204007008,10.4662,0.6715
2023-02-13,373.4326040922,10.6607,0.684
2023-02-14,375.29047774440005,10.7137,0.6874
2023-02-15,364.7625270486,10.4132,0.6681
2023-02-16,354.2345763528,10.1126,0.6489
2023-02-17,349.899537831,9.9889,0.6409
2023-02-20,356.092450005,10.1657,0.6523
2023-02-21,367.2396919182,10.4839,0.6727
2023-02-22,372.19402165739996,10.6254,0.6818
2023-02-23,367.2396919182,10.4839,0.6727
2023-02-24,359.80819730940004,10.2718,0.6591
2023-02-27,371.57473044,10.6077,0.6806
2023-02-28,357.9503236572,10.2187,0.6557
2023-03-01,385.1991372228,10.9966,0.7056
2023-03-02,378.3869338314,10.8021,0.6931
2023-03-03,387.67630209239996,11.0673,0.7101
2023-03-06,387.67630209239996,11.0673,0.7101
2023-03-07,386.43771965760004,11.032,0.7078
2023-03-08,379.0062250488,10.8198,0.6942
2023-03-09,370.95543922260003,10.59,0.6795
2023-03-10,358.5696148746,10.2364,0.6568
2023-03-13,346.803081744,9.9005,0.6352
2023-03-14,335.0365486134,9.5646,0.6137
2023-03-15,343.0873344396,7.7521,0.6462
2023-03-16,356.092450005,8.046,0.6706
2023-03-17,369.7168567878,8.3538,0.6963
2023-03-20,344.9452080918,7.7941,0.6497
2023-03-21,349.2802466136,7.8921,0.6578
2023-03-22,364.1432358312,8.2279,0.6858
2023-03-23,360.4274885268,8.144,0.6788
2023-03-24,362.285362179,8.1859,0.6823
2023-03-27,352.3767027006,7.962,0.6637
2023-03-28,375.9097689618,8.4938,0.708
2023-03-29,374.671186527,8.4658,0.7056
2023-03-30,378.3869338314,8.5497,0.7126
2023-03-31,366.6204007008,8.2839,0.6905
2023-04-03,372.81331287480003,8.4238,0.7021
2023-04-04,370.95543922260003,8.3818,0.6986
2023-04-06,370.95543922260003,8.3818,0.6986
2023-04-11,398.82354400559996,9.0115,0.7511
2023-04-12,401.3007088752,9.0675,0.7558
2023-04-13,406.2550386144,9.1794,0.7651
2023-04-14,411.2093683536,9.2914,0.7745
2023-04-17,408.11291226660006,9.2214,0.7686
2023-04-18,401.92000009260005,9.0815,0.757
2023-04-19,388.9148845272,8.7876,0.7325
2023-04-20,343.70662565699996,7.7661,0.6473
2023-04-21,341.2294607874,7.7102,0.6427
2023-04-24,334.41725739599997,7.5562,0.6298
2023-04-25,327.6050540046,7.4023,0.617
2023-04-26,339.3715871352,7.6682,0.6392
2023-04-27,345.56449930919996,7.8081,0.6508
2023-04-28,350.51882904839994,7.9201,0.6602
2023-05-02,419.44594153459997,9.4775,0.79
2023-05-03,413.8103914564,9.3502,0.7794
2023-05-04,410.590077126,9.2774,0.7733
2023-05-05,415.42054862160006,9.3865,0.7824
2023-05-08,410.590077126,9.2774,0.7733
2023-05-09,409.7849985434,9.2592,0.7718
2023-05-10,394.08596618269996,8.9045,0.7422
2023-05-11,389.2554946871,8.7953,0.7331
2023-05-12,386.43771964800004,8.7317,0.7278
2023-05-15,380.3996302785,8.5952,0.7164
2023-05-16,377.5818552394,8.5316,0.7111
2023-05-17,367.5183729569,8.3042,0.6922
2023-05-18,367.9209122482,8.3133,0.6929
2023-05-19,363.8955193352,8.2223,0.6853
2023-05-22,367.11583366559995,8.2951,0.6914
2023-05-23,363.4929800439,8.2132,0.6846
2023-05-24,356.6498120918,8.0586,0.6717
2023-05-25,351.0142620136,7.9313,0.6611
2023-05-29,347.7939476832,7.8585,0.655
2023-05-30,344.5736333528,7.7857,0.649
2023-05-31,341.3533190224,7.713,0.6429
2023-06-01,320.8238151661,7.2491,0.6042
2023-06-02,353.0269584701,7.9767,0.6649
2023-06-05,356.2472728005,8.0495,0.6709
2023-06-06,373.9590016177,8.4497,0.7043
2023-06-07,371.54376586989997,8.3951,0.6998
2023-06-08,373.15392303510004,8.4315,0.7028
2023-06-09,371.94630516120003,8.4042,0.7005
2023-06-12,371.54376586989997,8.3951,0.6998
2023-06-13,374.7640802003,8.4679,0.7058
2023-06-14,375.9716980742,8.4952,0.7081
2023-06-15,380.8021695698,8.6043,0.7172
2023-06-16,382.412326735,8.6407,0.7202
2023-06-19,376.37423736550005,8.5043,0.7088
2023-06-20,366.310755083,8.2769,0.6899
2023-06-21,361.4802835874,8.1677,0.6808
2023-06-23,345.78125122669996,7.813,0.6512
2023-06-26,351.4168013049,7.9404,0.6618
2023-06-27,371.94630516120003,8.4042,0.7005
2023-06-28,365.10313720910005,8.2496,0.6876
2023-06-29,359.87012642220003,8.1314,0.6778
2023-06-30,366.7132943743,8.286,0.6907
2023-07-03,364.7005979178,8.2405,0.6869
2023-07-04,357.4548906744,8.0768,0.6732
2023-07-05,356.2472728005,8.0495,0.6709
2023-07-06,346.183790518,7.8221,0.652
2023-07-07,344.1710940615,7.7766,0.6482
2023-07-10,338.133004692,7.6402,0.6368
2023-07-11,342.5609368963,7.7403,0.6452
2023-07-12,339.3406225659,7.6675,0.6391
2023-07-13,350.61172272230004,7.9222,0.6603
2023-07-14,351.0142620136,7.9313,0.6611
2023-07-18,340.9507797311,7.7039,0.6421
2023-07-19,342.9634761876,7.7493,0.6459
2023-07-20,353.83203705269995,7.9949,0.6664
2023-07-21,352.6244191788,7.9676,0.6641
2023-07-24,338.133004692,7.6402,0.6368
2023-07-25,386.43771964800004,8.7317,0.7278
2023-07-26,387.64533752190005,8.7589,0.7301
2023-07-27,398.91643767830004,9.0136,0.7513
2023-07-28,408.97991996080003,9.241,0.7703
2023-07-31,412.20023429120005,9.3138,0.7763
2023-08-01,421.05609869980003,9.5139,0.793
2023-08-02,410.590077126,9.2774,0.7733
2023-08-03,423.47133444760004,9.5684,0.7975
2023-08-04,425.0814916128,9.6048,0.8006
2023-08-07,408.1748413782,9.2228,0.7687
2023-08-08,398.91643767830004,9.0136,0.7513
2023-08-09,403.3443698826,9.1137,0.7596
2023-08-10,394.08596618269996,8.9045,0.7422
2023-08-11,397.70881980440004,8.9863,0.749
2023-08-14,396.50120193050003,8.959,0.7468
2023-08-15,395.6961233479,8.9409,0.7452
2023-08-16,394.488505474,8.9136,0.743
2023-08-17,390.463112561,8.8226,0.7354
2023-08-18,375.5691587829,8.4861,0.7073
2023-08-21,363.8955193352,8.2223,0.6853
2023-08-22,367.11583366559995,8.2951,0.6914
2023-08-23,363.4929800439,8.2132,0.6846
2023-08-24,376.37423736550005,8.5043,0.7088
2023-08-25,372.3488444525,7.7605,0.6214
2023-08-28,380.3996302785,7.9283,0.6348
2023-08-29,404.14944846519995,8.4233,0.6745
2023-08-30,404.14944846519995,8.4233,0.6745
2023-08-31,391.2681911436,8.1548,0.653
2023-09-04,410.590077126,8.5575,0.6852
2023-09-05,396.0986626392,8.2555,0.6611
2023-09-06,404.14944846519995,8.4233,0.6745
2023-09-07,394.08596618269996,8.2136,0.6577
2023-09-11,387.64533752190005,8.0793,0.6469
2023-09-12,394.08596618269996,8.2136,0.6577
2023-09-13,390.463112561,8.1381,0.6516
2023-09-14,386.8402589393,8.0626,0.6456
2023-09-15,384.0224839002,8.0038,0.6409
2023-09-18,376.7767766568,7.8528,0.6288
2023-09-19,379.59455169589995,7.9115,0.6335
2023-09-20,379.1920124046,7.9031,0.6328
2023-09-21,372.7513837438,7.7689,0.6221
2023-09-22,382.0097874437,7.9619,0.6375
2023-09-25,371.1412265786,7.7354,0.6194
2023-09-26,357.05235138309996,7.4417,0.5959
2023-09-27,355.84473350919995,7.4165,0.5939
2023-09-28,357.4548906744,7.4501,0.5966
2023-09-29,363.4929800439,7.5759,0.6066
2023-10-03,356.6498120918,7.4333,0.5952
2023-10-04,350.209183431,7.2991,0.5845
2023-10-05,351.0142620136,7.3159,0.5858
2023-10-06,351.4168013049,7.3243,0.5865
2023-10-09,346.183790518,7.2152,0.5777
2023-10-10,342.9634761876,7.1481,0.5724
2023-10-11,350.61172272230004,7.3075,0.5851
2023-10-12,348.1964869745,7.2571,0.5811
2023-10-13,342.5609368963,7.1397,0.5717
2023-10-16,326.056825953,6.7957,0.5442
2023-10-17,325.6542866617,6.7873,0.5435
2023-10-18,316.3958829618,6.5943,0.528
2023-10-19,308.3450971358,6.4266,0.5146
2023-10-20,314.7857257966,6.5608,0.5253
2023-10-24,316.3958829618,6.5943,0.528
2023-10-25,335.31522965290003,6.9887,0.5596
2023-10-26,326.8619045356,6.8125,0.5455
2023-10-27,335.31522965290003,6.9887,0.5596
2023-10-30,332.0949153225,6.9215,0.5542
2023-10-31,327.6669831182,6.8293,0.5468
2023-11-01,325.2517473704,6.7789,0.5428
2023-11-02,324.8492080791,6.7705,0.5421
2023-11-03,326.8619045356,6.8125,0.5455
2023-11-06,335.31522965290003,6.9887,0.5596
2023-11-07,318.8111187096,6.6447,0.5321
2023-11-08,317.2009615444,6.6111,0.5294
2023-11-09,289.0232111534,6.0238,0.4824
2023-11-10,283.7902003665,5.9148,0.4736
2023-11-13,275.7394145405,5.747,0.4602
2023-11-14,299.48923272720003,6.242,0.4998
2023-11-15,304.3197042228,6.3427,0.5079
2023-11-16,303.1120863489,6.3175,0.5059
2023-11-17,303.9171649315,6.3343,0.5072
2023-11-20,306.3324006793,6.3846,0.5112
2023-11-21,305.5273220967,6.3678,0.5099
2023-11-22,303.9171649315,6.3343,0.5072
2023-11-23,317.2009615444,6.6111,0.5294
2023-11-24,313.5781079227,6.5356,0.5233
2023-11-27,310.35779359229997,6.4685,0.518
2023-11-28,304.3197042228,6.3427,0.5079
2023-11-29,287.0105146969,5.9819,0.479
2023-11-30,286.60797540560003,5.9735,0.4783
2023-12-01,283.7902003665,5.9148,0.4736
2023-12-04,275.3368752492,5.7386,0.4595
2023-12-05,269.701325171,5.6211,0.4501
2023-12-06,274.93433595790003,5.7302,0.4588
2023-12-07,270.5064037536,5.6379,0.4514
2023-12-08,267.2860894232,5.5708,0.4461
2023-12-11,264.0657750928,5.5037,0.4407
2023-12-12,275.7394145405,5.747,0.4602
2023-12-13,256.8200678494,5.3527,0.4286
2023-12-14,255.6124499755,5.3275,0.4266
2023-12-15,264.0657750928,5.5037,0.4407
2023-12-18,257.2226071407,5.3611,0.4293
2023-12-19,251.9895963538,5.252,0.4205
2023-12-20,249.17182131470003,5.1933,0.4158
2023-12-21,251.5870570625,5.2436,0.4199
2023-12-22,249.17182131470003,5.1933,0.4158
2023-12-27,242.3286533626,5.0506,0.4044
2023-12-28,246.7565855669,5.1429,0.4118
2023-12-29,256.0149892668,5.3359,0.4273
2024-01-02,237.90072115830003,4.9583,0.397
2024-01-03,233.472788954,4.8661,0.3896
2024-01-04,232.6677103714,4.8493,0.3883
2024-01-05,231.8626317888,4.8325,0.387
2024-01-08,225.8245424193,4.7067,0.3769
2024-01-09,219.38391375849997,4.5724,0.3661
2024-01-10,215.7610601368,4.4969,0.3601
2024-01-11,218.5788351759,4.5556,0.3648
2024-01-12,216.9686780107,4.5221,0.3621
2024-01-15,212.9432850977,4.4382,0.3554
2024-01-16,206.10011714560002,4.2956,0.344
2024-01-17,194.4264776979,4.0523,0.3245
2024-01-18,192.0112419501,4.0019,0.3204
2024-01-19,187.18077045450002,3.9012,0.3124
2024-01-22,169.066502346,3.5237,0.2822
2024-01-23,179.12998462849998,3.7334,0.299
2024-01-24,189.19346691099997,3.9432,0.3157
2024-01-25,204.48995998040002,4.262,0.3413
2024-01-26,208.5153528934,4.3459,0.348
2024-01-29,211.3331279325,4.4046,0.3527
2024-01-30,197.6467920283,4.1194,0.3299
2024-01-31,196.0366348631,4.0858,0.3272
2024-02-01,194.82901698919997,4.0606,0.3252
2024-02-02,202.8798028152,4.2284,0.3386
2024-02-05,200.0620277761,4.1697,0.3339
2024-02-06,211.3331279325,4.4046,0.3527
2024-02-07,204.48995998040002,4.262,0.3413
2024-02-08,210.1255100586,4.3795,0.3507
2024-02-09,202.07472423259998,4.2117,0.3372
2024-02-14,206.9051957282,4.3123,0.3453
2024-02-15,203.68488139779998,4.2452,0.3399
2024-02-16,220.1889923411,4.5892,0.3675
2024-02-19,207.3077350195,4.3207,0.346
2024-02-20,212.9432850977,4.4382,0.3554
2024-02-21,220.1889923411,4.5892,0.3675
2024-02-22,220.99407092369998,4.606,0.3688
2024-02-23,223.40930667150002,4.6563,0.3728
2024-02-26,221.396610215,4.6144,0.3695
2024-02-27,220.5915316324,4.5976,0.3681
2024-02-28,213.34582438900003,4.4466,0.3561
2024-02-29,210.52804934990002,4.3878,0.3514
2024-03-01,207.3077350195,4.3207,0.346
2024-03-04,196.8417134457,4.1026,0.3285
2024-03-05,189.5960062023,3.9516,0.3164
2024-03-06,193.6213991153,4.0355,0.3231
2024-03-07,190.4010847849,3.9684,0.3178
2024-03-08,192.4137812414,4.0103,0.3211
2024-03-11,193.6213991153,4.0355,0.3231
2024-03-12,207.71027431080003,4.3291,0.3466
2024-03-13,204.48995998040002,4.262,0.3413
2024-03-14,208.1128136021,4.3375,0.3473
2024-03-15,198.0493313196,4.1278,0.3305
2024-03-18,194.0239384066,4.0439,0.3238
2024-03-19,181.142681085,3.7754,0.3023
2024-03-20,182.3502989589,3.8006,0.3043
2024-03-21,187.9858490371,3.918,0.3137
2024-03-22,179.93506321110002,3.7502,0.3003
2024-03-25,180.7401417937,3.767,0.3016
2024-03-26,176.3122095894,5.0164,0.2872
2024-03-27,169.8715809286,4.8332,0.2767
2024-03-28,173.49443455029999,4.9363,0.2826
2024-04-02,165.4436487243,4.7072,0.2695
2024-04-03,164.2360308504,4.6728,0.2675
2024-04-05,161.41825581129999,4.5927,0.263
2024-04-08,163.4309522678,4.6499,0.2662
2024-04-09,163.0284129765,4.6385,0.2656
2024-04-10,163.8334915591,4.6614,0.2669
2024-04-11,159.4055593548,4.5354,0.2597
2024-04-12,149.74461636360002,4.2605,0.2439
2024-04-15,147.3293806158,4.1918,0.24
2024-04-16,144.10906628540002,4.1002,0.2348
2024-04-17,151.3547735288,4.3063,0.2466
2024-04-18,153.7700092766,4.3751,0.2505
2024-04-19,155.38016644180001,4.4209,0.2531
2024-04-22,157.3928628983,4.4781,0.2564
2024-04-23,155.7827057331,4.4323,0.2538
2024-04-24,157.3928628983,4.4781,0.2564
2024-04-25,162.6258736852,4.627,0.2649
2024-04-26,177.117288172,5.0393,0.2885
2024-04-29,189.9985454936,5.4058,0.3095
2024-04-30,189.19346691099997,5.3829,0.3082
2024-05-02,207.3077350195,5.8983,0.3377
2024-05-03,214.1509029716,6.093,0.3489
2024-05-06,204.48995998040002,5.8181,0.3331
2024-05-07,206.10011714560002,5.864,0.3357
2024-05-08,196.0366348631,5.5776,0.3194
2024-05-09,203.68488139779998,5.7952,0.3318
2024-05-10,219.7864530498,6.2534,0.358
2024-05-13,217.37121730200002,6.1846,0.3541
2024-05-14,214.5534422629,6.1045,0.3495
2024-05-16,233.472788954,6.6428,0.3803
2024-05-17,258.0276857233,7.3414,0.4203
2024-05-20,262.8581572189,7.4788,0.4282
2024-05-21,251.5870570625,7.1582,0.4098
2024-05-22,254.4048321016,7.2383,0.4144
2024-05-23,243.9388105278,6.9405,0.3974
2024-05-24,235.0829461192,6.6886,0.383
2024-05-27,234.68040682790001,6.6771,0.3823
2024-05-28,234.68040682790001,6.6771,0.3823
2024-05-29,238.3032604496,6.7802,0.3882
2024-05-30,228.23977816709998,6.4939,0.3718
2024-05-31,228.23977816709998,6.4939,0.3718
2024-06-03,230.65501391490002,6.5626,0.3757
2024-06-04,250.3794391886,7.1238,0.4079
2024-06-05,244.3413498191,6.952,0.398
2024-06-06,239.91341761479998,6.826,0.3908
2024-06-07,246.7565855669,7.0207,0.402
2024-06-11,241.52357478,6.8718,0.3935
2024-06-12,232.6677103714,6.6199,0.379
2024-06-13,234.68040682790001,6.6771,0.3823
2024-06-14,236.6931032844,6.7344,0.3856
2024-06-17,228.23977816709998,6.4939,0.3718
2024-06-18,226.62962100189998,6.4481,0.3692
2024-06-19,229.8499353323,6.5397,0.3744
2024-06-20,223.00676738020002,6.345,0.3633
2024-06-21,221.396610215,6.2992,0.3607
2024-06-24,214.95598155419998,6.1159,0.3502
2024-06-25,220.1889923411,6.2648,0.3587
2024-06-26,218.9813744672,6.2305,0.3567
2024-06-27,208.5153528934,5.9327,0.3397
2024-06-28,205.295038563,5.8411,0.3344
2024-07-02,198.0493313196,5.6349,0.3226
2024-07-03,212.9432850977,6.0587,0.3469
2024-07-04,212.5407458064,6.0472,0.3462
2024-07-05,209.32043147599998,5.9556,0.341
2024-07-08,205.295038563,5.8411,0.3344
2024-07-09,206.10011714560002,5.864,0.3357
2024-07-10,204.8924992717,5.8296,0.3338
2024-07-11,213.34582438900003,6.0701,0.3475
2024-07-12,223.40930667150002,6.3564,0.3639
2024-07-15,217.77375659330002,6.1961,0.3548
2024-07-16,215.7610601368,6.1388,0.3515
2024-07-17,222.6042280889,6.3335,0.3626
2024-07-18,227.4346995845,6.471,0.3705
2024-07-19,218.5788351759,6.219,0.3561
2024-07-22,217.77375659330002,6.1961,0.3548
2024-07-23,218.1762958846,6.2075,0.3554
2024-07-24,212.1382065151,6.0358,0.3456
2024-07-25,209.32043147599998,5.9556,0.341
2024-07-26,208.1128136021,5.9212,0.339
2024-07-29,204.48995998040002,5.8181,0.3331
2024-07-30,199.6594884848,5.6807,0.3253
2024-07-31,201.26964565,5.7265,0.3279
2024-08-01,183.1553775415,5.2111,0.2984
2024-08-02,182.3502989589,5.1882,0.2971
2024-08-05,180.7401417937,5.1424,0.2944
2024-08-06,184.3629954154,5.2455,0.3003
2024-08-07,183.9604561241,5.234,0.2997
2024-08-08,182.7528382502,5.1997,0.2977
2024-08-09,183.55791683279998,5.2226,0.299
2024-08-12,179.12998462849998,5.0966,0.2918
2024-08-13,177.92236675459998,5.0622,0.2898
2024-08-14,174.7020524242,4.9706,0.2846
2024-08-15,174.29951313290002,4.9592,0.2839
2024-08-16,176.3122095894,5.0164,0.2872
2024-08-19,176.7147488807,5.0279,0.2879
2024-08-20,171.0791988025,4.8675,0.2787
2024-08-21,169.066502346,4.8103,0.2754
2024-08-22,165.8461880156,4.7187,0.2702
2024-08-23,162.2233343939,4.6156,0.2643
2024-08-26,165.8461880156,4.7187,0.2702
2024-08-27,164.2360308504,4.6728,0.2675
2024-08-28,153.7700092766,4.9432,0.2466
2024-08-29,157.7954021896,5.0726,0.2531
2024-08-30,164.2360308504,5.2797,0.2634
2024-09-02,159.0030200635,5.1115,0.255
2024-09-03,162.6258736852,5.2279,0.2608
2024-09-04,161.01571652,5.1762,0.2582
2024-09-05,165.041109433,5.3056,0.2647
2024-09-09,157.7954021896,5.0726,0.2531
2024-09-10,156.18524502440002,5.0209,0.2505
2024-09-11,164.6385701417,5.2926,0.264
2024-09-12,166.6512665982,5.3573,0.2673
2024-09-13,167.45634518079999,5.3832,0.2686
2024-09-16,165.041109433,5.3056,0.2647
2024-09-17,164.6385701417,5.2926,0.264
2024-09-19,176.3122095894,5.6679,0.2828
2024-09-20,178.3249060459,5.7326,0.286
2024-09-23,177.92236675459998,5.7197,0.2853
2024-09-24,186.7782311632,6.0043,0.2995
2024-09-25,184.76553470669998,5.9396,0.2963
2024-09-26,213.34582438900003,6.8584,0.3421
2024-09-27,248.3667427321,7.9842,0.3983
2024-09-30,256.0149892668,8.2301,0.4106
2024-10-02,324.04412949650003,10.417,0.5197
2024-10-03,294.2562219403,9.4594,0.4719
2024-10-04,294.2562219403,9.4594,0.4719
2024-10-07,314.7857257966,10.1194,0.5048
2024-10-08,257.625146432,8.2818,0.4132
2024-10-09,243.9388105278,7.8419,0.3912
2024-10-10,254.0022928103,8.1654,0.4073
2024-10-14,259.63784288849996,8.3465,0.4164
2024-10-15,249.17182131470003,8.0101,0.3996
2024-10-16,264.0657750928,8.4889,0.4235
2024-10-17,239.91341761479998,7.7125,0.3848
2024-10-18,248.3667427321,7.9842,0.3983
2024-10-21,247.1591248582,7.9454,0.3964
2024-10-22,250.7819784799,8.0619,0.4022
2024-10-23,253.19721422770002,8.1395,0.4061
2024-10-24,243.53627123650003,7.8289,0.3906
2024-10-25,243.53627123650003,7.8289,0.3906
2024-10-28,250.7819784799,8.0619,0.4022
2024-10-29,245.9515069843,7.9066,0.3944
2024-10-30,253.19721422770002,8.1395,0.4061
2024-10-31,258.8327643059,8.3207,0.4151
2024-11-01,264.4683143841,8.5018,0.4241
2024-11-04,263.66323580150004,8.476,0.4228
2024-11-05,268.8962465884,8.6442,0.4312
2024-11-06,266.0784715493,8.5536,0.4267
2024-11-07,283.7902003665,9.123,0.4551
2024-11-08,278.9597288709,8.9677,0.4474
2024-11-11,261.650539345,8.4113,0.4196
2024-11-12,251.18451777119998,8.0748,0.4028
2024-11-13,244.7438891104,7.8678,0.3925
2024-11-14,238.7057997409,7.6736,0.3828
2024-11-15,234.68040682790001,7.5442,0.3764
2024-11-18,237.90072115830003,7.6478,0.3815
2024-11-19,235.8880247018,7.5831,0.3783
2024-11-20,232.6677103714,7.4795,0.3731
2024-11-21,233.0702496627,7.4925,0.3738
2024-11-22,221.396610215,7.1172,0.3551
2024-11-25,220.99407092369998,7.1043,0.3544
2024-11-26,219.38391375849997,7.0525,0.3518
2024-11-27,226.2270817106,7.2725,0.3628
2024-11-28,222.20168879759999,7.1431,0.3563
2024-11-29,227.8372388758,7.3243,0.3654
2024-12-02,229.447396041,7.376,0.368
2024-12-03,232.26517108009998,7.4666,0.3725
2024-12-04,229.8499353323,7.389,0.3686
2024-12-05,225.422003128,7.2466,0.3615
2024-12-06,227.4346995845,7.3113,0.3647
2024-12-09,239.51087832349998,7.6995,0.3841
2024-12-10,231.8626317888,7.4537,0.3718
2024-12-11,232.26517108009998,7.4666,0.3725
2024-12-12,234.68040682790001,7.5442,0.3764
2024-12-13,223.8118459628,7.1949,0.3589
2024-12-16,212.9432850977,6.8455,0.3415
2024-12-17,209.72297076729998,6.7419,0.3363
2024-12-18,211.3331279325,6.7937,0.3389
2024-12-19,210.1255100586,6.7549,0.337
2024-12-20,205.6975778543,6.6125,0.3299
2024-12-23,205.295038563,6.5996,0.3292
2024-12-24,206.9051957282,6.6514,0.3318
2024-12-27,206.10011714560002,6.6255,0.3305
2024-12-30,203.68488139779998,6.5478,0.3267
2024-12-31,204.8924992717,6.5867,0.3286
2025-01-02,204.8924992717,6.5867,0.3286
2025-01-03,203.2823421065,6.5349,0.326
2025-01-06,198.4518706109,6.3796,0.3183
2025-01-07,198.4518706109,6.3796,0.3183
2025-01-08,195.6340955718,6.289,0.3137
2025-01-09,194.4264776979,6.2502,0.3118
2025-01-10,189.9985454936,6.1079,0.3047
2025-01-13,190.4010847849,6.1208,0.3053
2025-01-14,199.2569491935,6.4055,0.3196
2025-01-15,194.0239384066,6.2373,0.3112
2025-01-16,192.0112419501,6.1726,0.3079
2025-01-17,196.8417134457,6.3278,0.3157
2025-01-20,195.2315562805,6.2761,0.3131
2025-01-21,200.46456706740003,6.4443,0.3215
2025-01-22,195.2315562805,6.2761,0.3131
2025-01-23,192.81632053270002,6.1984,0.3092
2025-01-24,195.6340955718,6.289,0.3137
2025-01-27,194.4264776979,6.2502,0.3118
2025-01-28,195.2315562805,6.2761,0.3131
2025-02-03,187.9858490371,6.0432,0.3015
2025-02-04,189.19346691099997,6.082,0.3034
2025-02-05,187.58330974580002,6.0302,0.3008
2025-02-06,187.58330974580002,6.0302,0.3008
2025-02-07,193.6213991153,6.2243,0.3105
2025-02-10,194.82901698919997,6.2631,0.3125
2025-02-11,188.3883883284,6.0561,0.3021
2025-02-12,201.6721849413,6.4831,0.3234
2025-02-13,196.0366348631,6.302,0.3144
2025-02-14,200.8671063587,6.4573,0.3221
2025-02-17,197.6467920283,6.3537,0.317
2025-02-18,194.82901698919997,6.2631,0.3125
2025-02-19,200.0620277761,6.4314,0.3208
2025-02-20,196.43917415439998,6.3149,0.315
2025-02-21,203.2823421065,6.5349,0.326
2025-02-24,209.32043147599998,6.729,0.3357
2025-02-25,207.71027431080003,6.6772,0.3331
2025-02-26,219.38391375849997,7.0525,0.3518
2025-02-27,224.2143852541,7.2078,0.3596
2025-02-28,212.5407458064,6.8325,0.3409
2025-03-03,217.77375659330002,7.0007,0.3492
2025-03-04,216.9686780107,6.9749,0.348
2025-03-05,214.1509029716,6.8843,0.3434
2025-03-06,223.40930667150002,7.1819,0.3583
2025-03-07,226.2270817106,7.2725,0.3628
2025-03-10,218.1762958846,7.0137,0.3499
2025-03-11,216.5661387194,6.9619,0.3473
2025-03-12,215.7610601368,6.936,0.346
2025-03-13,212.9432850977,6.8455,0.3415
2025-03-14,224.6169245454,7.2207,0.3602
2025-03-17,231.4600924975,7.4407,0.3712
2025-03-18,235.8880247018,7.5831,0.3783
2025-03-19,229.8499353323,7.389,0.3686
2025-03-20,220.5915316324,7.0913,0.3538
2025-03-21,214.1509029716,6.8843,0.3434
2025-03-24,213.34582438900003,6.8584,0.3421
2025-03-25,212.5407458064,6.8325,0.3409
2025-03-26,214.5534422629,6.8972,0.3441
2025-03-27,214.95598155419998,6.9102,0.3447
2025-03-28,215.7610601368,6.936,0.346
2025-03-31,212.9432850977,18.96,0.3568
2025-04-01,199.2569491935,17.7414,0.3339
2025-04-02,199.2569491935,17.7414,0.3339
2025-04-03,201.6721849413,17.9564,0.338
2025-04-07,180.7401417937,16.0927,0.3029
2025-04-08,180.33760250240002,16.0568,0.3022
2025-04-09,189.19346691099997,16.8453,0.317
2025-04-10,192.4137812414,17.1321,0.3224
2025-04-11,190.4010847849,16.9529,0.3191
2025-04-14,194.0239384066,17.2754,0.3251
2025-04-15,191.6087026588,17.0604,0.3211
2025-04-16,192.0112419501,17.0962,0.3218
2025-04-17,204.0874206891,18.1715,0.342
2025-04-22,204.8924992717,18.2431,0.3433
2025-04-23,200.0620277761,17.813,0.3353
2025-04-24,201.26964565,17.9206,0.3373
2025-04-25,197.6467920283,17.598,0.3312
2025-04-28,189.19346691099997,16.8453,0.317
2025-04-29,187.58330974580002,16.702,0.3143
2025-04-30,189.19346691099997,16.8453,0.317
2025-05-02,190.4010847849,16.9529,0.3191
2025-05-06,190.80362407619998,16.9887,0.3197
2025-05-07,192.0112419501,17.0962,0.3218
2025-05-08,191.2061633675,17.0245,0.3204
2025-05-09,187.9858490371,16.7378,0.315
2025-05-12,191.2061633675,17.0245,0.3204
2025-05-13,189.5960062023,16.8812,0.3177
2025-05-14,189.19346691099997,16.8453,0.317
2025-05-15,185.16807399799998,16.4869,0.3103
2025-05-16,185.16807399799998,16.4869,0.3103
2025-05-19,183.9604561241,16.3794,0.3083
2025-05-20,181.54522037630002,16.1644,0.3042
2025-05-21,181.54522037630002,16.1644,0.3042
2025-05-22,179.93506321110002,16.021,0.3015
2025-05-23,175.1045917155,15.5909,0.2934
2025-05-26,173.091895259,15.4117,0.2901
2025-05-27,173.091895259,15.4117,0.2901
2025-05-28,175.90967029810002,15.6626,0.2948
2025-05-29,177.92236675459998,15.8418,0.2982
2025-05-30,176.7147488807,15.7343,0.2961
2025-06-02,173.8969738416,15.4834,0.2914
2025-06-03,171.88427738509998,15.3042,0.288
2025-06-04,173.091895259,15.4117,0.2901
2025-06-05,175.5071310068,15.6267,0.2941
2025-06-06,173.091895259,15.4117,0.2901
2025-06-09,174.29951313290002,15.5192,0.2921
2025-06-10,176.7147488807,15.7343,0.2961
2025-06-11,177.117288172,15.7701,0.2968
2025-06-12,175.5071310068,15.6267,0.2941
2025-06-13,179.53252391979998,15.9851,0.3009
2025-06-16,181.54522037630002,16.1644,0.3042
2025-06-17,180.33760250240002,16.0568,0.3022
2025-06-18,175.1045917155,15.5909,0.2934
2025-06-19,170.2741202199,15.1608,0.2853
2025-06-20,167.8588844721,14.9458,0.2813
2025-06-23,169.066502346,15.0533,0.2833
2025-06-24,172.2868166764,15.34,0.2887
2025-06-25,175.5071310068,15.6267,0.2941
2025-06-26,176.7147488807,15.7343,0.2961
2025-06-27,176.3122095894,15.6984,0.2955
2025-06-30,173.091895259,15.4117,0.2901
2025-07-02,180.7401417937,16.0927,0.3029
2025-07-03,180.33760250240002,16.0568,0.3022
2025-07-04,178.3249060459,15.8776,0.2988
2025-07-07,179.53252391979998,15.9851,0.3009
2025-07-08,179.12998462849998,15.9493,0.3002
2025-07-09,180.7401417937,16.0927,0.3029
2025-07-10,194.4264776979,17.3113,0.3258
2025-07-11,193.21885982400002,17.2037,0.3238
2025-07-14,196.43917415439998,17.4905,0.3292
2025-07-15,191.6087026588,17.0604,0.3211
2025-07-16,187.9858490371,16.7378,0.315
2025-07-17,187.9858490371,16.7378,0.315
2025-07-18,185.5706132893,16.5228,0.311
2025-07-21,188.3883883284,16.7736,0.3157
2025-07-22,192.4137812414,17.1321,0.3224
2025-07-23,192.0112419501,17.0962,0.3218
2025-07-24,196.8417134457,17.5263,0.3299
2025-07-25,196.0366348631,17.4546,0.3285
2025-07-28,196.8417134457,17.5263,0.3299
2025-07-29,196.0366348631,17.4546,0.3285
2025-07-30,193.6213991153,17.2396,0.3245
2025-07-31,185.97315258060001,16.5586,0.3116
2025-08-01,183.1553775415,16.3077,0.3069
2025-08-04,183.55791683279998,16.3436,0.3076
2025-08-05,185.5706132893,16.5228,0.311
2025-08-06,185.5706132893,16.5228,0.311
2025-08-07,191.2061633675,17.0245,0.3204
2025-08-08,192.81632053270002,17.1679,0.3231
2025-08-11,194.82901698919997,17.3471,0.3265
2025-08-12,195.6340955718,17.4188,0.3278
2025-08-13,195.2315562805,17.3829,0.3272
2025-08-14,196.0366348631,17.4546,0.3285
2025-08-15,203.68488139779998,18.1356,0.3413
2025-08-18,202.4772635239,18.0281,0.3393
2025-08-19,201.26964565,17.9206,0.3373
2025-08-20,200.46456706740003,17.8489,0.3359
2025-08-21,200.46456706740003,17.8489,0.3359
2025-08-22,197.6467920283,17.598,0.3312
2025-08-25,206.10011714560002,18.3507,0.3454
2025-08-26,198.4518706109,31.2959,0.3193
2025-08-27,199.2569491935,31.4229,0.3206
2025-08-28,200.0620277761,31.5499,0.3219
2025-08-29,198.85440990220002,31.3594,0.32
2025-09-01,200.46456706740003,31.6133,0.3226
2025-09-02,196.43917415439998,30.9785,0.3161
2025-09-03,191.6087026588,30.2168,0.3083
2025-09-04,188.7909276197,29.7724,0.3038
2025-09-05,190.80362407619998,30.0898,0.307
2025-09-08,196.43917415439998,30.9785,0.3161
2025-09-09,202.8798028152,31.9942,0.3265
2025-09-10,208.1128136021,32.8195,0.3349
2025-09-11,208.5153528934,32.883,0.3355
2025-09-12,215.35852084549998,33.9621,0.3465
2025-09-15,213.34582438900003,33.6447,0.3433
2025-09-16,213.74836368029997,33.7082,0.3439
2025-09-17,216.9686780107,34.2161,0.3491
2025-09-18,210.52804934990002,33.2004,0.3388
2025-09-19,212.9432850977,33.5812,0.3427
2025-09-22,214.5534422629,33.8352,0.3452
2025-09-23,205.295038563,32.3751,0.3303
2025-09-24,206.9051957282,32.629,0.3329
2025-09-25,202.8798028152,31.9942,0.3265
2025-09-26,203.68488139779998,32.1212,0.3278
2025-09-29,207.3077350195,32.6925,0.3336
2025-09-30,209.72297076729998,33.0734,0.3375
2025-10-02,204.48995998040002,32.2482,0.3291
2025-10-03,202.4772635239,31.9307,0.3258
2025-10-06,202.4772635239,31.9307,0.3258
2025-10-08,199.6594884848,31.4864,0.3213
2025-10-09,202.4772635239,31.9307,0.3258
2025-10-10,206.10011714560002,32.5021,0.3316
2025-10-13,194.82901698919997,30.7246,0.3135
2025-10-14,190.80362407619998,30.0898,0.307
2025-10-15,193.6213991153,30.5342,0.3116
2025-10-16,192.4137812414,30.3437,0.3096
2025-10-17,189.9985454936,29.9629,0.3057
2025-10-20,195.6340955718,30.8516,0.3148
2025-10-21,193.6213991153,30.5342,0.3116
2025-10-22,195.2315562805,30.7881,0.3142
2025-10-23,193.21885982400002,30.4707,0.3109
2025-10-24,189.9985454936,29.9629,0.3057
2025-10-27,190.4010847849,30.0263,0.3064
2025-10-28,187.58330974580002,29.582,0.3018
2025-10-30,182.7528382502,28.8202,0.2941
2025-10-31,180.33760250240002,28.4393,0.2902
2025-11-03,183.1553775415,28.8837,0.2947
2025-11-04,181.142681085,28.5663,0.2915
2025-11-05,180.33760250240002,28.4393,0.2902
2025-11-06,181.142681085,28.5663,0.2915
2025-11-07,181.9477596676,28.6932,0.2928
2025-11-10,186.7782311632,29.455,0.3005
2025-11-11,187.9858490371,29.6454,0.3025
2025-11-12,189.19346691099997,29.8359,0.3044
2025-11-13,189.9985454936,29.9629,0.3057
2025-11-14,188.7909276197,29.7724,0.3038
2025-11-17,190.4010847849,30.0263,0.3064
2025-11-18,184.3629954154,29.0741,0.2967
2025-11-19,183.9604561241,29.0106,0.296
2025-11-20,189.19346691099997,29.8359,0.3044
2025-11-21,183.9604561241,29.0106,0.296
2025-11-24,187.58330974580002,29.582,0.3018
2025-11-25,187.58330974580002,29.582,0.3018
2025-11-26,186.3756918719,29.3915,0.2999
2025-11-27,182.3502989589,28.7567,0.2934
2025-11-28,181.54522037630002,28.6298,0.2921
2025-12-01,182.7528382502,28.8202,0.2941
2025-12-02,181.54522037630002,28.6298,0.2921
2025-12-03,177.92236675459998,28.0584,0.2863
2025-12-04,177.117288172,27.9315,0.285
2025-12-05,177.51982746330003,27.995,0.2857
2025-12-08,177.117288172,27.9315,0.285
2025-12-09,167.0538058895,26.3445,0.2688
2025-12-10,171.0791988025,26.9793,0.2753
2025-12-11,168.2614237634,26.5349,0.2708
2025-12-12,169.4690416373,26.7253,0.2727
2025-12-15,164.2360308504,25.9001,0.2643
2025-12-16,163.8334915591,25.8366,0.2636
2025-12-17,163.8334915591,25.8366,0.2636
2025-12-18,164.6385701417,25.9636,0.2649
2025-12-19,163.8334915591,25.8366,0.2636
2025-12-22,163.8334915591,25.8366,0.2636
2025-12-23,162.6258736852,25.6462,0.2617
2025-12-24,163.4309522678,25.7731,0.263
2025-12-29,161.01571652,25.3922,0.2591
2025-12-30,159.0030200635,25.0748,0.2559
2025-12-31,159.4055593548,25.1383,0.2565
2026-01-02,161.82079510260002,25.5192,0.2604
2026-01-05,167.45634518079999,26.4079,0.2695
2026-01-06,170.2741202199,26.8523,0.274
2026-01-07,169.066502346,26.6619,0.272
2026-01-08,171.0791988025,26.9793,0.2753
2026-01-09,168.6639630547,26.5984,0.2714
2026-01-12,167.45634518079999,26.4079,0.2695
2026-01-13,165.041109433,26.0271,0.2656
2026-01-14,165.8461880156,26.154,0.2669
2026-01-15,168.6639630547,26.5984,0.2714
2026-01-16,165.041109433,26.0271,0.2656
2026-01-19,166.6512665982,26.281,0.2682
2026-01-20,170.2741202199,26.8523,0.274
2026-01-21,170.6766595112,26.9158,0.2746
2026-01-22,172.6893559677,27.2332,0.2779
2026-01-23,171.0791988025,26.9793,0.2753
2026-01-26,169.4690416373,26.7253,0.2727
2026-01-27,167.8588844721,26.4714,0.2701
2026-01-28,173.8969738416,27.4236,0.2798
2026-01-29,188.3883883284,29.7089,0.3031
2026-01-30,183.55791683279998,28.9472,0.2954
2026-02-02,177.92236675459998,28.0584,0.2863
2026-02-03,180.7401417937,28.5028,0.2908
2026-02-04,192.0112419501,30.2803,0.309
2026-02-05,190.80362407619998,30.0898,0.307
2026-02-06,189.19346691099997,29.8359,0.3044
2026-02-09,195.6340955718,30.8516,0.3148
2026-02-10,189.9985454936,29.9629,0.3057
2026-02-11,192.81632053270002,30.4072,0.3103
2026-02-12,188.3883883284,29.7089,0.3031
2026-02-13,188.7909276197,29.7724,0.3038
2026-02-16,185.97315258060001,29.328,0.2993
2026-02-20,183.9604561241,29.0106,0.296
2026-02-23,185.16807399799998,29.2011,0.298
2026-02-24,184.3629954154,29.0741,0.2967
2026-02-25,190.4010847849,30.0263,0.3064
2026-02-26,187.9858490371,29.6454,0.3025
2026-02-27,185.16807399799998,29.2011,0.298
2026-03-02,180.33760250240002,28.4393,0.2902
2026-03-03,175.90967029810002,27.741,0.2831
2026-03-04,175.90967029810002,27.741,0.2831
2026-03-05,175.5071310068,27.6775,0.2824
2026-03-06,176.3122095894,27.8045,0.2837
2026-03-09,169.8715809286,26.7888,0.2733
2026-03-10,170.6766595112,26.9158,0.2746
2026-03-11,170.6766595112,26.9158,0.2746
2026-03-12,168.6639630547,26.5984,0.2714
2026-03-13,167.45634518079999,26.4079,0.2695
2026-03-16,169.8715809286,26.7888,0.2733
2026-03-17,172.2868166764,27.1697,0.2772
2026-03-18,166.6512665982,26.281,0.2682
2026-03-19,163.0284129765,25.7096,0.2623
2026-03-20,160.2106379374,25.2653,0.2578
2026-03-23,155.38016644180001,24.5035,0.25
2026-03-24,155.7827057331,24.567,0.2507
2026-03-25,156.990323607,24.7574,0.2526
2026-03-26,153.7700092766,24.2496,0.2474
2026-03-27,154.5750878592,24.3766,0.2487
2026-03-30,154.5750878592,24.3766,0.2487
2026-03-31,151.7573128201,248.938,0.25
2026-04-01,150.1471556549,246.2967,0.2474
2026-04-02,148.939537781,244.3158,0.2454
2026-04-08,150.54969494620002,246.9571,0.2481
2026-04-09,145.7192234506,239.0333,0.2401
2026-04-10,146.5243020332,240.3539,0.2414
2026-04-13,144.914144868,237.7127,0.2388
2026-04-14,150.1471556549,246.2967,0.2474
2026-04-15,150.1471556549,246.2967,0.2474
2026-04-16,151.3547735288,248.2777,0.2494
2026-04-17,150.9522342375,247.6174,0.2487
2026-04-20,150.9522342375,247.6174,0.2487
2026-04-21,152.5623914027,250.2586,0.2514
2026-04-22,152.5623914027,250.2586,0.2514
2026-04-23,148.1344591984,242.9952,0.2441
2026-04-24,147.3293806158,241.6746,0.2428
2026-04-27,147.3293806158,241.6746,0.2428
2026-04-28,148.1344591984,242.9952,0.2441
2026-04-29,157.3928628983,258.1824,0.2593
2026-04-30,155.7827057331,255.5411,0.2567
2026-05-04,156.990323607,257.5221,0.2587
2026-05-05,155.7827057331,255.5411,0.2567
2026-05-06,168.2614237634,276.0108,0.2772
2026-05-07,174.7020524242,286.5758,0.2879
2026-05-08,182.7528382502,299.7821,0.3011
2026-05-11,187.18077045450002,307.0455,0.3084
2026-05-12,189.19346691099997,310.3471,0.3117
2026-05-13,189.5960062023,311.0074,0.3124
2026-05-14,188.7909276197,309.6868,0.3111
2026-05-15,187.58330974580002,307.7059,0.3091
2026-05-18,177.117288172,290.5377,0.2918
2026-05-19,177.117288172,290.5377,0.2918
2026-05-20,175.90967029810002,288.5568,0.2898
2026-05-21,174.29951313290002,285.9155,0.2872
2026-05-22,175.1045917155,287.2362,0.2885
2026-05-26,175.1045917155,287.2362,0.2885
2026-05-27,169.066502346,277.3315,0.2786
2026-05-28,168.2614237634,276.0108,0.2772
2026-05-29,175.90967029810002,288.5568,0.2898
2026-06-01,184.76553470669998,303.0837,0.3044
2026-06-02,183.55791683279998,301.1027,0.3024
2026-06-03,183.1553775415,300.4424,0.3018
2026-06-04,179.53252391979998,294.4996,0.2958
2026-06-05,176.7147488807,289.8774,0.2912
2026-06-08,173.091895259,283.9346,0.2852
2026-06-09,173.8969738416,285.2552,0.2865
2026-06-10,175.1045917155,287.2362,0.2885
2026-06-11,173.091895259,283.9346,0.2852
2026-06-12,179.12998462849998,293.8393,0.2952
2026-06-15,175.5071310068,287.8965,0.2892
2026-06-16,169.8715809286,278.6521,0.2799
2026-06-17,162.6258736852,266.7664,0.268
2026-06-18,152.5623914027,250.2586,0.2514
2026-06-22,149.3420770723,244.9761,0.2461
2026-06-23,144.5116055767,237.0524,0.2381
2026-06-24,139.6811340811,229.1286,0.2302
2026-06-25,136.863359042,224.5064,0.2255
2026-06-26,134.8506625855,221.2049,0.2222
2026-06-29,135.6557411681,222.5255,0.2235
2026-06-30,134.4481232942,220.5445,0.2215
2026-07-02,139.6811340811,229.1286,0.2302
2026-07-03,142.90144841149998,234.4111,0.2355
2026-07-06,145.7192234506,239.0333,0.2401
2026-07-07,141.2912912463,231.7699,0.2328
2026-07-08,144.5116055767,237.0524,0.2381
2026-07-09,139.2785947898,228.4683,0.2295
2026-07-10,140.888751955,231.1095,0.2321
2026-07-13,140.4862126637,230.4492,0.2315
2026-07-14,141.2912912463,231.7699,0.2328
2026-07-15,147.73191990709998,242.3349,0.2434
2026-07-16,151.3547735288,248.2777,0.2494
2026-07-17,147.3293806158,241.6746,0.2428
2026-07-20,149.74461636360002,245.6364,0.2467
2026-07-21,148.939537781,244.3158,0.2454
2026-07-22,146.9268413245,241.0142,0.2421
2026-07-23,148.53699848969998,243.6555,0.2447
2026-07-24,143.30398770280001,235.0714,0.2361
2026-07-27,144.10906628540002,236.3921,0.2374
2026-07-28,144.10906628540002,236.3921,0.2374
2026-07-29,150.1471556549,246.2967,0.2474
2026-07-30,148.53699848969998,243.6555,0.2447
2026-07-31,145.7192234506,239.0333,0.2401
2026-08-03,144.5116055767,237.0524,0.2381
2026-08-04,141.6938305376,232.4302,0.2335
2026-08-05,145.3166841593,238.373,0.2394
2026-08-06,142.70017876584998,234.081,0.2351
2026-08-07,140.888751955,231.1095,0.2321
2026-08-10,144.914144868,237.7127,0.2388
2026-08-11,143.10271805715,234.7413,0.2358
2026-08-12,157.3928628983,258.1824,0.2593
2026-08-13,149.74461636360002,245.6364,0.2467
2026-08-14,157.59413254395,258.5125,0.2597
2026-08-17,149.14080742665,244.646,0.2457
2026-08-18,148.1344591984,242.9952,0.2441
2026-08-19,147.53065026145,242.0047,0.2431
2026-08-20,150.34842530055,246.6269,0.2477
2026-08-21,151.95858246575,249.2682,0.2504
2026-08-24,148.1344591984,242.9952,0.2441
2026-08-25,148.53699848969998,243.6555,0.2447
2026-08-26,151.7573128201,248.938,0.25
2026-08-27,148.73826813535,243.9856,0.2451
2026-08-28,151.95858246575,-10.7535,0.2381
2026-08-31,131.2278089638,-9.2865,0.2056
2026-09-01,121.5668659726,-8.6028,0.1905
2026-09-02,121.1643266813,-8.5743,0.1898
2026-09-03,127.40368569645,-9.0158,0.1996
2026-09-04,132.837966129,-9.4004,0.2081
2026-09-07,131.2278089638,-9.2865,0.2056
2026-09-08,133.44177506595,-9.4431,0.2091
