date,总市值,市盈率(TTM),市净率
2015-12-01,92.547693,29.2764,4.2644
2015-12-02,92.3809404,29.2237,4.2567
2015-12-03,89.3793936,28.2742,4.1184
2015-12-04,84.5435682,26.7444,3.8955
2015-12-07,84.210063,26.6389,3.8802
2015-12-08,80.875011,25.5839,3.7265
2015-12-09,75.6223041,23.9223,3.4845
2015-12-10,75.4555515,23.8695,3.4768
2015-12-11,76.6228197,24.2388,3.5306
2015-12-14,77.0397012,24.3706,3.5498
2015-12-15,77.539959,24.5289,3.5728
2015-12-16,76.4560671,24.186,3.5229
2015-12-17,77.8734642,24.6344,3.5882
2015-12-18,75.03867,23.7376,3.4576
2015-12-21,72.9542625,23.0782,3.3615
2015-12-22,74.8719174,23.6849,3.4499
2015-12-23,74.9552937,23.7113,3.4537
2015-12-24,75.6223041,23.9223,3.4845
2015-12-28,74.7885411,23.6585,3.4461
2015-12-29,75.2887989,23.8168,3.4691
2015-12-30,75.03867,23.7376,3.4576
2015-12-31,75.5389278,23.8959,3.4806
2016-01-04,70.869855,22.4189,3.2655
2016-01-05,67.7015556,21.4166,3.1195
2016-01-06,66.2007822,20.9419,3.0504
2016-01-07,61.0314516,19.3066,2.8122
2016-01-08,62.6156013,19.8077,2.8852
2016-01-11,59.6974308,18.8846,2.7507
2016-01-12,56.7792603,17.9615,2.6162
2016-01-13,54.9449817,17.3812,2.5317
2016-01-14,54.2779713,17.1702,2.501
2016-01-15,51.4431771,16.2735,2.3704
2016-01-18,52.6104453,16.6427,2.4242
2016-01-19,52.1101875,16.4845,2.4011
2016-01-20,50.2759089,15.9042,2.3166
2016-01-21,48.4416303,15.324,2.2321
2016-01-22,50.7761667,16.0625,2.3396
2016-01-25,51.0262956,16.1416,2.3512
2016-01-26,50.1925326,15.8778,2.3127
2016-01-27,49.8590274,15.7723,2.2974
2016-01-28,50.1091563,15.8515,2.3089
2016-01-29,55.6119921,17.5922,2.5625
2016-02-01,54.194595,17.1438,2.4971
2016-02-02,56.2790025,17.8032,2.5932
2016-02-03,56.0288736,17.7241,2.5817
2016-02-04,58.4467863,18.489,2.6931
2016-02-05,58.8636678,18.6209,2.7123
2016-02-11,58.6969152,18.5681,2.7046
2016-02-12,58.36341,18.4626,2.6892
2016-02-15,59.3639256,18.7791,2.7353
2016-02-16,61.9485909,19.5967,2.8544
2016-02-17,59.6974308,18.8846,2.7507
2016-02-18,60.1976886,19.0429,2.7738
2016-02-19,60.1976886,19.0429,2.7738
2016-02-22,60.6979464,19.2011,2.7968
2016-02-23,59.4473019,18.8055,2.7392
2016-02-24,57.8631522,18.3043,2.6662
2016-02-25,54.6114765,17.2757,2.5164
2016-02-26,57.1127655,18.067,2.6316
2016-02-29,57.3628944,18.1461,2.6431
2016-03-01,57.1127655,18.067,2.6316
2016-03-02,58.7802915,18.5945,2.7084
2016-03-03,58.6969152,18.5681,2.7046
2016-03-04,60.864699,19.2539,2.8045
2016-03-07,63.5327406,20.0979,2.9274
2016-03-08,59.9475597,18.9637,2.7622
2016-03-09,58.9470441,18.6472,2.7161
2016-03-10,58.1966574,18.4098,2.6815
2016-03-11,59.2805493,18.7527,2.7315
2016-03-14,57.4462707,18.1725,2.647
2016-03-15,57.8631522,18.3043,2.6662
2016-03-16,56.6125077,17.9087,2.6086
2016-03-17,57.4462707,18.1725,2.647
2016-03-18,58.2800337,18.4362,2.6854
2016-03-21,59.6974308,18.8846,2.7507
2016-03-22,63.6994932,20.1506,2.9351
2016-03-23,64.1163747,20.2825,2.9543
2016-03-24,61.6150857,19.4912,2.8391
2016-03-29,62.1987198,19.6759,2.866
2016-03-30,63.8662458,32.0308,3.0612
2016-03-31,71.6202417,35.9197,3.4328
2016-04-01,75.872433,38.0523,3.6367
2016-04-05,75.872433,38.0523,3.6367
2016-04-06,75.872433,38.0523,3.6367
2016-04-07,75.872433,38.0523,3.6367
2016-04-08,75.872433,38.0523,3.6367
2016-04-11,90.880167,45.5791,4.356
2016-04-12,91.71393,45.9972,4.396
2016-04-13,90.5466618,45.4118,4.34
2016-04-14,88.8791358,44.5755,4.2601
2016-04-15,91.71393,45.9972,4.396
2016-04-18,88.8791358,44.5755,4.2601
2016-04-19,90.3799092,45.3282,4.332
2016-04-20,89.8796514,45.0773,4.308
2016-04-21,89.5461462,44.91,4.2921
2016-04-22,89.8796514,45.0773,4.308
2016-04-25,91.71393,45.9972,4.396
2016-04-26,92.3809404,46.3318,4.4279
2016-04-27,90.880167,45.5791,4.356
2016-04-28,91.8806826,46.0809,4.404
2016-04-29,98.2172814,49.2589,4.7077
2016-05-03,98.2172814,49.2589,4.7077
2016-05-04,101.2188282,50.7642,4.8515
2016-05-05,104.0536224,52.186,4.9874
2016-05-06,99.3845496,49.8443,4.7636
2016-05-09,95.2157346,47.7535,4.5638
2016-05-10,91.8806826,46.0809,4.404
2016-05-11,93.381456,46.8336,4.4759
2016-05-12,91.5471774,45.9136,4.388
2016-05-13,92.547693,46.4154,4.4359
2016-05-16,91.5471774,45.9136,4.388
2016-05-17,91.71393,45.9972,4.396
2016-05-18,90.046404,45.1609,4.316
2016-05-19,87.3783624,43.8228,4.1882
2016-05-20,89.0458884,44.6591,4.2681
2016-05-23,86.0443416,43.1538,4.1242
2016-05-24,91.3804248,45.83,4.38
2016-05-25,88.5456306,44.4082,4.2441
2016-05-26,90.046404,45.1609,4.316
2016-05-27,91.71393,45.9972,4.396
2016-05-30,90.3799092,45.3282,4.332
2016-05-31,91.5471774,45.9136,4.388
2016-06-01,90.7134144,45.4955,4.348
2016-06-02,90.880167,45.5791,4.356
2016-06-03,90.7134144,45.4955,4.348
2016-06-06,90.880167,45.5791,4.356
2016-06-07,89.7128988,44.9937,4.3001
2016-06-08,89.212641,44.7428,4.2761
2016-06-10,87.8786202,44.0737,4.2121
2016-06-13,86.3778468,43.321,4.1402
2016-06-14,85.3773312,42.8193,4.0922
2016-06-15,85.7108364,42.9865,4.1082
2016-06-16,83.1261711,41.6902,3.9843
2016-06-17,84.210063,42.2338,4.0363
2016-06-20,86.8781046,43.5719,4.1642
2016-06-21,86.2110942,43.2374,4.1322
2016-06-22,88.8791358,44.5755,4.2601
2016-06-23,87.0448572,43.6556,4.1722
2016-06-24,84.210063,42.2338,4.0363
2016-06-27,86.3778468,43.321,4.1402
2016-06-28,85.2105786,42.7356,4.0843
2016-06-29,87.545115,43.9065,4.1961
2016-06-30,89.3793936,44.8264,4.2841
2016-07-04,95.048982,47.6699,4.5558
2016-07-05,93.5482086,46.9172,4.4839
2016-07-06,93.5482086,46.9172,4.4839
2016-07-07,95.048982,47.6699,4.5558
2016-07-08,95.7159924,48.0044,4.5878
2016-07-11,96.0494976,48.1717,4.6038
2016-07-12,97.3835184,48.8407,4.6677
2016-07-13,96.2162502,48.2553,4.6118
2016-07-14,94.8822294,47.5862,4.5478
2016-07-15,93.5482086,46.9172,4.4839
2016-07-18,94.0484664,47.1681,4.5079
2016-07-19,94.0484664,47.1681,4.5079
2016-07-20,93.381456,46.8336,4.4759
2016-07-21,94.3819716,47.3353,4.5238
2016-07-22,94.0484664,47.1681,4.5079
2016-07-25,93.7149612,47.0008,4.4919
2016-07-26,93.8817138,47.0845,4.4999
2016-07-27,95.5492398,47.9208,4.5798
2016-07-28,97.2167658,48.7571,4.6597
2016-07-29,95.5492398,47.9208,4.5798
2016-08-01,94.5487242,47.419,4.5318
2016-08-03,95.048982,47.6699,4.5558
2016-08-04,95.048982,47.6699,4.5558
2016-08-05,95.2157346,47.7535,4.5638
2016-08-08,96.5497554,48.4226,4.6278
2016-08-09,95.882745,48.088,4.5958
2016-08-10,95.7159924,48.0044,4.5878
2016-08-11,96.2162502,48.2553,4.6118
2016-08-12,96.8832606,48.5898,4.6437
2016-08-15,97.2167658,48.7571,4.6597
2016-08-16,96.0494976,48.1717,4.6038
2016-08-17,95.3824872,47.8371,4.5718
2016-08-18,97.7170236,49.008,4.6837
2016-08-19,97.8837762,49.0916,4.6917
2016-08-22,96.716508,48.5062,4.6357
2016-08-23,100.2183126,50.2624,4.8036
2016-08-24,105.2208906,52.7714,5.0434
2016-08-25,101.8858386,44.489,4.6023
2016-08-26,100.2183126,43.7609,4.5269
2016-08-29,107.555427,46.9647,4.8583
2016-08-30,113.391768,49.5131,5.122
2016-08-31,113.0582628,49.3675,5.1069
2016-09-01,113.2250154,49.4403,5.1144
2016-09-02,111.724242,48.785,5.0467
2016-09-05,115.7263044,50.5325,5.2274
2016-09-06,115.893057,50.6053,5.235
2016-09-07,114.5590362,50.0228,5.1747
2016-09-08,115.2260466,50.3141,5.2048
2016-09-09,111.8909946,48.8578,5.0542
2016-09-12,110.2234686,48.1297,4.9789
2016-09-13,109.222953,47.6928,4.9337
2016-09-14,109.222953,47.6928,4.9337
2016-09-15,113.391768,49.5131,5.122
2016-09-19,112.558005,49.1491,5.0843
2016-09-20,113.0582628,49.3675,5.1069
2016-09-21,113.0582628,49.3675,5.1069
2016-09-22,111.724242,48.785,5.0467
2016-09-23,110.7237264,48.3481,5.0015
2016-09-26,108.7226952,47.4744,4.9111
2016-09-27,111.5574894,48.7122,5.0391
2016-09-28,111.2239842,48.5666,5.0241
2016-09-29,111.3907368,48.6394,5.0316
2016-09-30,114.8925414,50.1684,5.1898
2016-10-03,114.225531,49.8772,5.1596
2016-10-04,113.8920258,49.7316,5.1446
2016-10-05,113.2250154,49.4403,5.1144
2016-10-06,112.8915102,49.2947,5.0994
2016-10-07,115.2260466,50.3141,5.2048
2016-10-11,112.558005,49.1491,5.0843
2016-10-12,112.558005,49.1491,5.0843
2016-10-13,111.0572316,48.4937,5.0165
2016-10-14,111.5574894,48.7122,5.0391
2016-10-17,107.8889322,47.1103,4.8734
2016-10-18,109.222953,47.6928,4.9337
2016-10-19,109.222953,47.6928,4.9337
2016-10-20,110.056716,48.0569,4.9713
2016-10-24,109.7232108,47.9112,4.9563
2016-10-25,108.8894478,47.5472,4.9186
2016-10-26,107.0551692,46.7462,4.8358
2016-10-27,106.8884166,46.6734,4.8282
2016-10-28,102.552849,44.7803,4.6324
2016-10-31,160.0098820744,69.8692,7.2278
2016-11-01,160.787887984,70.2089,7.2629
2016-11-02,157.9351996488,68.9633,7.134
2016-11-03,159.23187616479998,69.5295,7.1926
2016-11-04,160.0098820744,69.8692,7.2278
2016-11-07,161.56589389360002,70.5486,7.298
2016-11-08,158.194534952,69.0765,7.1458
2016-11-09,157.4165290424,68.7368,7.1106
2016-11-10,161.56589389360002,70.5486,7.298
2016-11-11,158.4538702552,69.1897,7.1575
2016-11-14,156.1198525264,68.1706,7.052
2016-11-15,155.60118192,67.9441,7.0286
2016-11-16,156.3791878296,68.2838,7.0638
2016-11-17,155.3418466168,67.8309,7.0169
2016-11-18,154.304505404,67.3779,6.97
2016-11-21,155.8605172232,68.0573,7.0403
2016-11-22,157.1571937392,68.6235,7.0989
2016-11-23,155.8605172232,68.0573,7.0403
2016-11-24,153.7858347976,67.1514,6.9466
2016-11-25,152.7484935848,66.6985,6.8998
2016-11-28,165.7152587448,72.3605,7.4855
2016-11-29,165.1965881384,72.134,7.462
2016-11-30,157.6758643456,68.85,7.1223
2016-12-01,155.3418466168,67.8309,7.0169
2016-12-02,156.1198525264,68.1706,7.052
2016-12-05,151.9704876752,66.3587,6.8646
2016-12-06,151.71115237200002,66.2455,6.8529
2016-12-07,150.9331464624,65.9058,6.8177
2016-12-08,150.414475856,65.6793,6.7943
2016-12-09,146.2651110048,63.8675,6.6069
2016-12-12,138.74438721200002,60.5835,6.2672
2016-12-13,139.0037225152,60.6967,6.2789
2016-12-14,136.6697047864,59.6776,6.1735
2016-12-15,136.15103418,59.4511,6.15
2016-12-16,139.0037225152,60.6967,6.2789
2016-12-19,139.2630578184,60.81,6.2906
2016-12-20,135.1136929672,58.9981,6.1032
2016-12-21,133.0390105416,58.0922,6.0095
2016-12-22,129.2786486452,56.4502,5.8396
2016-12-23,129.9269869032,56.7333,5.8689
2016-12-28,127.20396621959999,55.5443,5.7459
2016-12-29,127.20396621959999,55.5443,5.7459
2016-12-30,128.63031038719998,56.1671,5.8103
2017-01-03,124.9996161424,54.5818,5.6463
2017-01-04,131.4829987224,57.4128,5.9392
2017-01-05,133.0390105416,58.0922,6.0095
2017-01-06,129.2786486452,56.4502,5.8396
2017-01-09,126.2962926584,55.148,5.7049
2017-01-10,127.20396621959999,55.5443,5.7459
2017-01-11,132.261004632,57.7525,5.9743
2017-01-12,137.9663813024,60.2438,6.232
2017-01-13,138.74438721200002,60.5835,6.2672
2017-01-16,139.7817284248,61.0364,6.314
2017-01-17,140.30039903120002,61.2629,6.3375
2017-01-18,136.9290400896,59.7908,6.1852
2017-01-19,136.15103418,59.4511,6.15
2017-01-20,136.4103694832,59.5643,6.1617
2017-01-23,134.5950223608,58.7716,6.0797
2017-01-24,136.15103418,59.4511,6.15
2017-01-25,135.6323635736,59.2246,6.1266
2017-01-26,136.6697047864,59.6776,6.1735
2017-01-27,136.15103418,59.4511,6.15
2017-02-01,138.74438721200002,60.5835,6.2672
2017-02-02,136.4103694832,59.5643,6.1617
2017-02-03,136.15103418,59.4511,6.15
2017-02-06,135.1136929672,58.9981,6.1032
2017-02-07,132.5203399352,57.8657,5.986
2017-02-08,130.44565750959998,56.9598,5.8923
2017-02-09,131.4829987224,57.4128,5.9392
2017-02-10,132.5203399352,57.8657,5.986
2017-02-13,133.557681148,58.3187,6.0329
2017-02-14,132.7796752384,57.979,5.9977
2017-02-15,135.8916988768,59.3378,6.1383
2017-02-16,135.3730282704,59.1114,6.1149
2017-02-17,133.2983458448,58.2054,6.0212
2017-02-20,131.4829987224,57.4128,5.9392
2017-02-21,129.5379839484,56.5635,5.8513
2017-02-22,129.5379839484,56.5635,5.8513
2017-02-23,129.5379839484,56.5635,5.8513
2017-02-24,128.63031038719998,56.1671,5.8103
2017-02-27,127.9819721292,55.884,5.781
2017-02-28,124.61061318760001,54.4119,5.6287
2017-03-01,126.42596031,55.2046,5.7107
2017-03-02,126.1666250068,55.0913,5.699
2017-03-03,130.44565750959998,56.9598,5.8923
2017-03-06,133.0390105416,58.0922,6.0095
2017-03-07,130.964328116,57.1863,5.9157
2017-03-08,128.7599780388,56.2237,5.8162
2017-03-09,129.019313342,56.337,5.8279
2017-03-10,128.2413074324,55.9973,5.7927
2017-03-13,129.6676516,56.6201,5.8572
2017-03-14,130.70499281280001,57.073,5.904
2017-03-15,132.0016693288,57.6392,5.9626
2017-03-16,132.261004632,57.7525,5.9743
2017-03-17,134.3356870576,58.6584,6.068
2017-03-20,137.9663813024,60.2438,6.232
2017-03-21,142.1157461536,62.0556,6.4195
2017-03-22,139.7817284248,61.0364,6.314
2017-03-23,138.74438721200002,60.5835,6.2672
2017-03-24,136.9290400896,-8.1279,2.3382
2017-03-27,128.5006427356,-7.6276,2.1943
2017-03-28,129.019313342,-7.6584,2.2031
2017-03-29,125.5182867488,-7.4506,2.1434
2017-03-30,120.7205836396,-7.1658,2.0614
2017-03-31,123.832607278,-7.3505,2.1146
2017-04-03,121.3689218976,-7.2043,2.0725
2017-04-05,127.46330152280001,-7.566,2.1766
2017-04-06,131.2236634192,-7.7892,2.2408
2017-04-07,131.4829987224,-7.8046,2.2452
2017-04-10,136.9290400896,-8.1279,2.3382
2017-04-11,134.854357664,-8.0047,2.3028
2017-04-12,132.5203399352,-7.8662,2.2629
2017-04-13,132.5203399352,-7.8662,2.2629
2017-04-18,130.1863222064,-7.7277,2.2231
2017-04-19,129.14898099360002,-7.6661,2.2054
2017-04-20,129.6676516,-7.6969,2.2142
2017-04-21,129.9269869032,-7.7123,2.2186
2017-04-24,129.5379839484,-7.6892,2.212
2017-04-25,130.1863222064,-7.7277,2.2231
2017-04-26,131.2236634192,-7.7892,2.2408
2017-04-27,129.9269869032,-7.7123,2.2186
2017-04-28,129.5379839484,-7.6892,2.212
2017-05-02,129.9269869032,-7.7123,2.2186
2017-05-04,128.7599780388,-7.643,2.1987
2017-05-05,127.3336338712,-7.5583,2.1744
2017-05-08,133.557681148,-7.9278,2.2806
2017-05-09,135.3730282704,-8.0355,2.3116
2017-05-10,135.6323635736,-8.0509,2.3161
2017-05-11,134.5950223608,-7.9893,2.2984
2017-05-12,132.7796752384,-7.8816,2.2674
2017-05-15,133.557681148,-7.9278,2.2806
2017-05-16,134.5950223608,-7.9893,2.2984
2017-05-17,138.74438721200002,-8.2356,2.3692
2017-05-18,139.5223931216,-8.2818,2.3825
2017-05-19,146.2651110048,-8.6821,2.4976
2017-05-22,145.7464403984,-8.6513,2.4888
2017-05-23,146.7837816112,-8.7129,2.5065
2017-05-24,144.1904285792,-8.5589,2.4622
2017-05-25,148.5991287336,-8.8206,2.5375
2017-05-26,139.0037225152,-8.251,2.3736
2017-05-29,140.55973433440002,-8.3434,2.4002
2017-05-31,137.447710696,-8.1587,2.3471
2017-06-01,136.9290400896,-8.1279,2.3382
2017-06-02,135.1136929672,-8.0201,2.3072
2017-06-05,135.1136929672,-8.0201,2.3072
2017-06-06,135.1136929672,-8.0201,2.3072
2017-06-07,135.1136929672,-8.0201,2.3072
2017-06-08,136.6697047864,-8.1125,2.3338
2017-06-09,136.4103694832,-8.0971,2.3294
2017-06-12,134.854357664,-8.0047,2.3028
2017-06-13,132.0016693288,-7.8354,2.2541
2017-06-14,133.8170164512,-7.9432,2.2851
2017-06-15,133.0390105416,-7.897,2.2718
2017-06-16,130.70499281280001,-7.7584,2.2319
2017-06-19,130.964328116,-7.7738,2.2364
2017-06-20,130.964328116,-7.7738,2.2364
2017-06-21,129.14898099360002,-7.6661,2.2054
2017-06-22,130.964328116,-7.7738,2.2364
2017-06-23,132.261004632,-7.8508,2.2585
2017-06-26,132.261004632,-7.8508,2.2585
2017-06-27,129.2786486452,-7.6738,2.2076
2017-06-28,127.9819721292,-7.5968,2.1854
2017-06-29,126.8149632648,-7.5275,2.1655
2017-06-30,124.61061318760001,-7.3967,2.1279
2017-07-03,123.96227492959999,-7.3582,2.1168
2017-07-04,122.4062631104,-7.2658,2.0902
2017-07-05,123.44360432319999,-7.3274,2.1079
2017-07-06,122.4062631104,-7.2658,2.0902
2017-07-07,122.66559841360001,-7.2812,2.0946
2017-07-10,125.9072897036,-7.4737,2.15
2017-07-11,122.79526606520001,-7.2889,2.0969
2017-07-12,119.4239071236,-7.0888,2.0393
2017-07-13,120.46124833639999,-7.1504,2.057
2017-07-14,122.66559841360001,-7.2812,2.0946
2017-07-17,121.6282572008,-7.2197,2.0769
2017-07-18,121.7579248524,-7.2274,2.0791
2017-07-19,122.535930762,-7.2735,2.0924
2017-07-20,122.14692780719999,-7.2504,2.0858
2017-07-21,122.14692780719999,-7.2504,2.0858
2017-07-24,120.0722453816,-7.1273,2.0504
2017-07-25,120.7205836396,-7.1658,2.0614
2017-07-26,130.70499281280001,-7.7584,2.2319
2017-07-27,127.59296917440001,-7.5737,2.1788
2017-07-28,127.722636826,-7.5814,2.181
2017-07-31,127.9819721292,-7.5968,2.1854
2017-08-01,130.1863222064,-7.7277,2.2231
2017-08-02,129.019313342,-7.6584,2.2031
2017-08-03,129.4083162968,-7.6815,2.2098
2017-08-04,129.4083162968,-7.6815,2.2098
2017-08-07,127.59296917440001,-7.5737,2.1788
2017-08-08,129.2786486452,-7.6738,2.2076
2017-08-09,128.370975084,-7.6199,2.1921
2017-08-10,125.129283794,-7.4275,2.1367
2017-08-11,121.887592504,-7.2351,2.0814
2017-08-14,123.18426902,-7.312,2.1035
2017-08-15,123.18426902,-7.312,2.1035
2017-08-16,123.0546013684,-7.3043,2.1013
2017-08-17,123.44360432319999,-7.3274,2.1079
2017-08-18,123.18426902,-7.312,2.1035
2017-08-21,123.96227492959999,-7.3582,2.1168
2017-08-22,123.3139366716,-7.3197,2.1057
2017-08-24,123.18426902,-7.312,2.1035
2017-08-25,124.9996161424,-8.2668,2.0112
2017-08-28,122.79526606520001,-8.121,1.9757
2017-08-29,122.535930762,-8.1039,1.9715
2017-08-30,123.3139366716,-8.1553,1.9841
2017-08-31,128.2413074324,-8.4812,2.0633
2017-09-01,128.2413074324,-8.4812,2.0633
2017-09-04,128.88964569040002,-8.5241,2.0738
2017-09-05,129.9269869032,-8.5927,2.0905
2017-09-06,126.8149632648,-8.3869,2.0404
2017-09-07,127.07429856799999,-8.404,2.0446
2017-09-08,127.8523044776,-8.4555,2.0571
2017-09-11,126.94463091639999,-8.3954,2.0425
2017-09-12,126.1666250068,-8.344,2.03
2017-09-13,126.2962926584,-8.3526,2.032
2017-09-14,125.25895144559999,-8.284,2.0154
2017-09-15,123.5732719748,-8.1725,1.9882
2017-09-18,124.2216102328,-8.2154,1.9987
2017-09-19,124.2216102328,-8.2154,1.9987
2017-09-20,128.1116397808,-8.4726,2.0613
2017-09-21,125.5182867488,-8.3011,2.0195
2017-09-22,125.38861909719999,-8.2925,2.0174
2017-09-25,124.0919425812,-8.2068,1.9966
2017-09-26,124.61061318760001,-8.2411,2.0049
2017-09-27,123.96227492959999,-8.1982,1.9945
2017-09-28,124.0919425812,-8.2068,1.9966
2017-09-29,126.2962926584,-8.3526,2.032
2017-10-03,125.5182867488,-8.3011,2.0195
2017-10-04,125.38861909719999,-8.2925,2.0174
2017-10-06,126.8149632648,-8.3869,2.0404
2017-10-09,125.5182867488,-8.3011,2.0195
2017-10-10,127.9819721292,-8.464,2.0592
2017-10-11,127.59296917440001,-8.4383,2.0529
2017-10-12,129.6676516,-8.5755,2.0863
2017-10-13,135.3730282704,-8.9529,2.1781
2017-10-16,132.5203399352,-8.7642,2.1322
2017-10-17,133.557681148,-8.8328,2.1489
2017-10-18,133.2983458448,-8.8156,2.1447
2017-10-19,133.0390105416,-8.7985,2.1405
2017-10-20,133.557681148,-8.8328,2.1489
2017-10-23,135.1136929672,-8.9357,2.1739
2017-10-24,135.3730282704,-8.9529,2.1781
2017-10-25,140.04106372799998,-9.2616,2.2532
2017-10-26,139.2630578184,-9.2101,2.2407
2017-10-27,134.5950223608,-8.9014,2.1656
2017-10-30,133.2983458448,-8.8156,2.1447
2017-10-31,132.7796752384,-8.7813,2.1364
2017-11-01,132.261004632,-8.747,2.128
2017-11-02,130.964328116,-8.6613,2.1072
2017-11-03,132.0016693288,-8.7299,2.1238
2017-11-06,131.4829987224,-8.6956,2.1155
2017-11-07,132.261004632,-8.747,2.128
2017-11-08,131.2236634192,-8.6784,2.1113
2017-11-09,130.44565750959998,-8.627,2.0988
2017-11-10,130.44565750959998,-8.627,2.0988
2017-11-13,129.6676516,-8.5755,2.0863
2017-11-14,132.0016693288,-8.7299,2.1238
2017-11-15,129.9269869032,-8.5927,2.0905
2017-11-16,126.1666250068,-8.344,2.03
2017-11-17,124.9996161424,-8.2668,2.0112
2017-11-20,124.48094553600001,-8.2325,2.0028
2017-11-21,124.7402808392,-8.2497,2.007
2017-11-22,124.7402808392,-8.2497,2.007
2017-11-23,123.96227492959999,-8.1982,1.9945
2017-11-24,126.42596031,-8.3611,2.0341
2017-11-27,124.61061318760001,-8.2411,2.0049
2017-11-28,124.0919425812,-8.2068,1.9966
2017-11-29,124.48094553600001,-8.2325,2.0028
2017-11-30,129.6676516,-8.5755,2.0863
2017-12-01,127.07429856799999,-8.404,2.0446
2017-12-04,127.59296917440001,-8.4383,2.0529
2017-12-05,124.3512778844,-8.2239,2.0008
2017-12-06,119.5535747752,-7.9066,1.9236
2017-12-07,120.2019130332,-7.9495,1.934
2017-12-08,121.239254246,-8.0181,1.9507
2017-12-11,123.0546013684,-8.1382,1.9799
2017-12-12,121.3689218976,-8.0267,1.9528
2017-12-13,124.2216102328,-8.2154,1.9987
2017-12-14,124.7402808392,-8.2497,2.007
2017-12-15,122.4062631104,-8.0953,1.9695
2017-12-18,123.0546013684,-8.1382,1.9799
2017-12-19,123.832607278,-8.1896,1.9924
2017-12-20,122.0172601556,-8.0696,1.9632
2017-12-21,123.832607278,-8.1896,1.9924
2017-12-22,125.9072897036,-8.3268,2.0258
2017-12-27,125.38861909719999,-8.2925,2.0174
2017-12-28,126.5556279616,-8.3697,2.0362
2017-12-29,127.8523044776,-8.4555,2.0571
2018-01-02,126.42596031,-8.3611,2.0341
2018-01-03,129.14898099360002,-8.5412,2.0779
2018-01-04,134.3356870576,-8.8842,2.1614
2018-01-05,133.2983458448,-8.8156,2.1447
2018-01-08,135.6323635736,-8.97,2.1823
2018-01-09,137.7070459992,-9.1072,2.2156
2018-01-10,136.4103694832,-9.0215,2.1948
2018-01-11,136.6697047864,-9.0386,2.199
2018-01-12,136.4103694832,-9.0215,2.1948
2018-01-15,136.15103418,-9.0043,2.1906
2018-01-16,139.5223931216,-9.2273,2.2449
2018-01-17,138.74438721200002,-9.1758,2.2323
2018-01-18,137.447710696,-9.0901,2.2115
2018-01-19,136.6697047864,-9.0386,2.199
2018-01-22,135.8916988768,-8.9872,2.1864
2018-01-23,139.0037225152,-9.193,2.2365
2018-01-24,147.3024522176,-9.7418,2.37
2018-01-25,156.897858436,-10.3764,2.5244
2018-01-26,153.7858347976,-10.1706,2.4743
2018-01-29,146.524446308,-9.6903,2.3575
2018-01-30,148.5991287336,-9.8276,2.3909
2018-01-31,146.524446308,-9.6903,2.3575
2018-02-01,144.9684344888,-9.5874,2.3325
2018-02-02,143.931093276,-9.5188,2.3158
2018-02-05,141.8564108504,-9.3816,2.2824
2018-02-06,134.854357664,-8.9186,2.1697
2018-02-07,133.557681148,-8.8328,2.1489
2018-02-08,132.261004632,-8.747,2.128
2018-02-09,130.44565750959998,-8.627,2.0988
2018-02-12,136.15103418,-9.0043,2.1906
2018-02-13,138.22571660559998,-9.1415,2.224
2018-02-14,140.04106372799998,-9.2616,2.2532
2018-02-15,136.6697047864,-9.0386,2.199
2018-02-20,140.8190696376,-9.313,2.2657
2018-02-21,143.6717579728,-9.5017,2.3116
2018-02-22,141.8564108504,-9.3816,2.2824
2018-02-23,140.04106372799998,-9.2616,2.2532
2018-02-26,140.30039903120002,-9.2787,2.2574
2018-02-27,139.2630578184,-9.2101,2.2407
2018-02-28,129.9269869032,-8.5927,2.0905
2018-03-01,128.370975084,-8.4898,2.0654
2018-03-02,128.1116397808,-8.4726,2.0613
2018-03-05,122.535930762,-8.1039,1.9715
2018-03-06,125.5182867488,-8.3011,2.0195
2018-03-07,124.9996161424,-8.2668,2.0112
2018-03-08,123.3139366716,-8.1553,1.9841
2018-03-09,128.2413074324,-8.4812,2.0633
2018-03-12,127.46330152280001,-8.4297,2.0508
2018-03-13,128.88964569040002,-8.5241,2.0738
2018-03-14,128.1116397808,-8.4726,2.0613
2018-03-15,127.07429856799999,-8.404,2.0446
2018-03-16,125.77762205200001,-8.3183,2.0237
2018-03-19,124.48094553600001,-8.2325,2.0028
2018-03-20,125.9072897036,-8.3268,2.0258
2018-03-21,125.64795440040001,-8.3097,2.0216
2018-03-22,125.77762205200001,24.9716,1.918
2018-03-23,124.7402808392,24.7656,1.9022
2018-03-26,127.8523044776,25.3835,1.9496
2018-03-27,127.07429856799999,25.229,1.9378
2018-03-28,123.96227492959999,24.6111,1.8903
2018-03-29,122.79526606520001,24.3795,1.8725
2018-04-03,127.59296917440001,25.332,1.9457
2018-04-04,130.1863222064,25.8469,1.9852
2018-04-06,128.63031038719998,25.5379,1.9615
2018-04-09,130.1863222064,25.8469,1.9852
2018-04-10,131.4829987224,26.1043,2.005
2018-04-11,131.7423340256,26.1558,2.0089
2018-04-12,133.0390105416,26.4132,2.0287
2018-04-13,132.261004632,26.2588,2.0169
2018-04-16,129.9269869032,25.7954,1.9813
2018-04-17,127.9819721292,25.4092,1.9516
2018-04-18,127.07429856799999,25.229,1.9378
2018-04-19,129.2786486452,25.6666,1.9714
2018-04-20,127.07429856799999,25.229,1.9378
2018-04-23,129.6676516,25.7439,1.9773
2018-04-24,130.1863222064,25.8469,1.9852
2018-04-25,130.44565750959998,25.8983,1.9892
2018-04-26,129.4083162968,25.6924,1.9733
2018-04-27,130.70499281280001,25.9498,1.9931
2018-04-30,133.557681148,26.5162,2.0366
2018-05-02,132.261004632,26.2588,2.0169
2018-05-03,131.2236634192,26.0528,2.001
2018-05-04,132.0016693288,26.2073,2.0129
2018-05-07,131.2236634192,26.0528,2.001
2018-05-08,133.2983458448,26.4647,2.0327
2018-05-09,133.557681148,26.5162,2.0366
2018-05-10,135.8916988768,26.9796,2.0722
2018-05-11,137.447710696,27.2885,2.0959
2018-05-14,131.4829987224,26.1043,2.005
2018-05-15,130.964328116,26.0013,1.9971
2018-05-16,132.0016693288,26.2073,2.0129
2018-05-17,132.0016693288,26.2073,2.0129
2018-05-18,131.2236634192,26.0528,2.001
2018-05-21,129.6676516,25.7439,1.9773
2018-05-23,129.5379839484,25.7181,1.9753
2018-05-24,130.964328116,26.0013,1.9971
2018-05-25,130.964328116,26.0013,1.9971
2018-05-28,130.70499281280001,25.9498,1.9931
2018-05-29,128.7599780388,25.5637,1.9635
2018-05-30,129.6676516,25.7439,1.9773
2018-05-31,130.1863222064,25.8469,1.9852
2018-06-01,129.6676516,25.7439,1.9773
2018-06-04,132.261004632,26.2588,2.0169
2018-06-05,131.4829987224,26.1043,2.005
2018-06-06,131.4829987224,26.1043,2.005
2018-06-07,130.44565750959998,25.8983,1.9892
2018-06-08,130.44565750959998,25.8983,1.9892
2018-06-11,129.5379839484,25.7181,1.9753
2018-06-12,129.5379839484,25.7181,1.9753
2018-06-13,130.44565750959998,25.8983,1.9892
2018-06-14,129.019313342,25.6152,1.9674
2018-06-15,128.2413074324,25.4607,1.9556
2018-06-19,126.1666250068,25.0488,1.9239
2018-06-20,126.6852956132,25.1518,1.9318
2018-06-21,128.2413074324,25.4607,1.9556
2018-06-22,127.8523044776,25.3835,1.9496
2018-06-25,127.8523044776,25.3835,1.9496
2018-06-26,124.9996161424,24.8171,1.9061
2018-06-27,123.3139366716,24.4824,1.8804
2018-06-28,121.239254246,24.0705,1.8488
2018-06-29,124.48094553600001,24.7141,1.8982
2018-07-03,121.1095865944,24.0448,1.8468
2018-07-04,120.0722453816,23.8388,1.831
2018-07-05,121.3689218976,24.0963,1.8508
2018-07-06,119.0349041688,23.6329,1.8152
2018-07-09,121.4985895492,24.122,1.8527
2018-07-10,120.59091598799999,23.9418,1.8389
2018-07-11,118.7755688656,23.5814,1.8112
2018-07-12,118.64590121399999,23.5556,1.8092
2018-07-13,118.64590121399999,23.5556,1.8092
2018-07-16,116.18221583360001,23.0665,1.7717
2018-07-17,113.7185304532,22.5774,1.7341
2018-07-18,114.107533408,22.6546,1.74
2018-07-19,114.107533408,22.6546,1.74
2018-07-20,111.9031833308,22.217,1.7064
2018-07-23,105.2901330992,20.904,1.6056
2018-07-24,101.14076824799999,20.0802,1.5423
2018-07-25,104.38245953799999,20.7238,1.5917
2018-07-26,98.2880799128,19.5139,1.4988
2018-07-27,95.17605627440001,18.896,1.4513
2018-07-30,94.52771801639999,18.7673,1.4415
2018-07-31,94.52771801639999,18.7673,1.4415
2018-08-01,93.6200444552,18.5871,1.4276
2018-08-02,92.712370894,18.4069,1.4138
2018-08-03,90.76735612,18.0207,1.3841
2018-08-06,90.76735612,18.0207,1.3841
2018-08-07,91.54536202959999,18.1752,1.396
2018-08-08,92.4530355908,18.3554,1.4098
2018-08-09,90.6376884684,17.995,1.3821
2018-08-10,90.6376884684,17.995,1.3821
2018-08-13,87.3959971784,17.3514,1.3327
2018-08-14,83.5059676304,16.5791,1.2734
2018-08-15,81.1719499016,16.1157,1.2378
2018-08-16,82.7279617208,16.4246,1.2615
2018-08-17,80.9126145984,16.0642,1.2338
2018-08-20,83.7653029336,16.6305,1.2773
2018-08-21,83.7653029336,16.6305,1.2773
2018-08-22,84.28397354,16.7335,1.2852
2018-08-23,88.17400308799999,24.9378,1.3418
2018-08-24,90.37835316520001,25.5612,1.3753
2018-08-27,89.0816766492,25.1945,1.3556
2018-08-28,92.4530355908,26.148,1.4069
2018-08-29,95.04638862280001,26.8815,1.4464
2018-08-30,93.23104150040001,26.368,1.4187
2018-08-31,94.2683827132,26.6614,1.4345
2018-09-03,93.23104150040001,26.368,1.4187
2018-09-04,93.36070915200001,26.4047,1.4207
2018-09-05,93.1013738488,26.3314,1.4168
2018-09-06,90.76735612,25.6712,1.3813
2018-09-07,92.712370894,26.2213,1.4109
2018-09-10,90.76735612,25.6712,1.3813
2018-09-11,88.17400308799999,24.9378,1.3418
2018-09-12,87.9146677848,24.8644,1.3378
2018-09-13,91.6750296812,25.9279,1.3951
2018-09-14,90.76735612,25.6712,1.3813
2018-09-17,89.73001490719999,25.3779,1.3655
2018-09-18,90.5080208168,25.5979,1.3773
2018-09-19,92.06403263600001,26.038,1.401
2018-09-20,92.19370028760001,26.0746,1.403
2018-09-21,92.97170619719999,26.2947,1.4148
2018-09-24,92.06403263600001,26.038,1.401
2018-09-26,93.1013738488,26.3314,1.4168
2018-09-27,92.712370894,26.2213,1.4109
2018-09-28,92.3233679392,26.1113,1.4049
2018-10-02,90.5080208168,25.5979,1.3773
2018-10-03,89.0816766492,25.1945,1.3556
2018-10-04,89.2113443008,25.2312,1.3576
2018-10-05,91.2860267264,25.8179,1.3891
2018-10-08,86.22898831399999,24.3877,1.3122
2018-10-09,86.3586559656,24.4243,1.3142
2018-10-10,85.9696530108,24.3143,1.3082
2018-10-11,80.393943992,22.7374,1.2234
2018-10-12,82.338958766,23.2875,1.253
2018-10-15,79.87527338560001,22.5907,1.2155
2018-10-16,78.8379321728,22.2973,1.1997
2018-10-18,79.097267476,22.3706,1.2037
2018-10-19,80.2642763404,22.7007,1.2214
2018-10-22,84.0246382368,23.7642,1.2786
2018-10-23,79.4862704308,22.4807,1.2096
2018-10-24,78.8379321728,22.2973,1.1997
2018-10-25,78.5785968696,22.224,1.1958
2018-10-26,75.207237928,21.2705,1.1445
2018-10-29,65.7414993612,18.5933,1.0004
2018-10-30,68.2051847416,19.2901,1.0379
2018-10-31,69.8908642124,19.7669,1.0636
2018-11-01,71.0578730768,20.0969,1.0813
2018-11-02,74.4292320184,21.0504,1.1326
2018-11-05,73.262223154,20.7204,1.1149
2018-11-06,73.91056141199999,20.9037,1.1247
2018-11-07,73.91056141199999,20.9037,1.1247
2018-11-08,74.16989671520001,20.9771,1.1287
2018-11-09,73.6512261088,20.8304,1.1208
2018-11-12,72.7435525476,20.5737,1.107
2018-11-13,71.8358789864,20.317,1.0932
2018-11-14,71.5765436832,20.2436,1.0892
2018-11-15,72.4842172444,20.5003,1.103
2018-11-16,73.91056141199999,20.9037,1.1247
2018-11-19,73.7808937604,20.867,1.1228
2018-11-20,72.3545495928,20.4636,1.1011
2018-11-21,72.3545495928,20.4636,1.1011
2018-11-22,71.965546638,20.3536,1.0951
2018-11-23,72.7435525476,20.5737,1.107
2018-11-26,72.613884896,20.537,1.105
2018-11-27,73.1325555024,20.6837,1.1129
2018-11-28,78.0599262632,22.0773,1.1879
2018-11-29,78.0599262632,22.0773,1.1879
2018-11-30,77.80059096,22.0039,1.1839
2018-12-03,78.8379321728,22.2973,1.1997
2018-12-04,78.448929218,22.1873,1.1938
2018-12-05,77.152252702,21.8206,1.1741
2018-12-06,75.07757027640001,21.2338,1.1425
2018-12-07,74.2995643668,21.0137,1.1307
2018-12-10,72.613884896,20.537,1.105
2018-12-11,73.91056141199999,20.9037,1.1247
2018-12-12,73.1325555024,20.6837,1.1129
2018-12-13,73.0028878508,20.647,1.1109
2018-12-14,71.70621133479999,20.2803,1.0912
2018-12-17,70.668870122,19.9869,1.0754
2018-12-18,68.07551709,19.2534,1.0359
2018-12-19,66.3898376192,18.7767,1.0103
2018-12-20,66.0008346644,18.6667,1.0044
2018-12-21,64.31515519359999,18.1899,0.9787
2018-12-24,61.4624668584,17.3831,0.9353
2018-12-27,63.2778139808,17.8965,0.9629
2018-12-28,64.185487542,18.1532,0.9767
2018-12-31,66.3898376192,18.7767,1.0103
2019-01-02,63.537149283999995,17.9699,0.9669
2019-01-03,62.4998080712,17.6765,0.9511
2019-01-04,62.888811026000006,17.7865,0.957
2019-01-07,63.537149283999995,17.9699,0.9669
2019-01-08,62.7591433744,17.7498,0.955
2019-01-09,65.35249640640001,18.4833,0.9945
2019-01-10,67.427178832,19.0701,1.0261
2019-01-11,67.6865141352,19.1434,1.03
2019-01-14,65.0931611032,18.4099,0.9906
2019-01-15,67.1678435288,18.9967,1.0221
2019-01-16,68.07551709,19.2534,1.0359
2019-01-17,70.02053186399999,19.8035,1.0655
2019-01-18,70.7985377736,20.0236,1.0774
2019-01-21,71.4468760316,20.2069,1.0872
2019-01-22,68.8535229996,19.4735,1.0478
2019-01-23,69.2425259544,19.5835,1.0537
2019-01-24,71.8358789864,20.317,1.0932
2019-01-25,72.8732201992,20.6103,1.109
2019-01-28,72.3545495928,20.4636,1.1011
2019-01-29,72.613884896,20.537,1.105
2019-01-30,71.4468760316,20.2069,1.0872
2019-01-31,71.0578730768,20.0969,1.0813
2019-02-01,70.4095348188,19.9135,1.0715
2019-02-04,71.31720838,20.1703,1.0853
2019-02-08,71.965546638,20.3536,1.0951
2019-02-11,70.668870122,19.9869,1.0754
2019-02-12,72.613884896,20.537,1.105
2019-02-13,72.7435525476,20.5737,1.107
2019-02-14,72.0952142896,20.3903,1.0971
2019-02-15,70.668870122,19.9869,1.0754
2019-02-18,71.5765436832,20.2436,1.0892
2019-02-19,70.5392024704,19.9502,1.0734
2019-02-20,69.7611965608,19.7302,1.0616
2019-02-21,72.2248819412,20.427,1.0991
2019-02-22,73.91056141199999,20.9037,1.1247
2019-02-25,76.2445791408,21.5638,1.1603
2019-02-26,76.1149114892,21.5272,1.1583
2019-02-27,73.6512261088,20.8304,1.1208
2019-02-28,73.0028878508,20.647,1.1109
2019-03-01,72.3545495928,20.4636,1.1011
2019-03-04,74.6885673216,21.1238,1.1366
2019-03-05,75.207237928,21.2705,1.1445
2019-03-06,74.16989671520001,20.9771,1.1287
2019-03-07,71.8358789864,20.317,1.0932
2019-03-08,68.9831906512,19.5101,1.0498
2019-03-11,70.7985377736,20.0236,1.0774
2019-03-12,70.7985377736,20.0236,1.0774
2019-03-13,70.27986716720001,19.8769,1.0695
2019-03-14,70.27986716720001,19.8769,1.0695
2019-03-15,71.70621133479999,20.2803,1.0912
2019-03-18,73.0028878508,20.647,1.1109
2019-03-19,71.4468760316,20.2069,1.0872
2019-03-20,72.0952142896,20.3903,1.0971
2019-03-21,71.70621133479999,20.2803,1.0912
2019-03-22,72.8732201992,20.6103,1.109
2019-03-25,70.27986716720001,19.8769,1.0695
2019-03-26,68.8535229996,19.4735,1.0478
2019-03-27,68.8535229996,19.4735,1.0478
2019-03-28,68.3348523932,19.3268,1.0399
2019-03-29,73.1325555024,14.871,1.1464
2019-04-01,77.4115880052,15.7411,1.2135
2019-04-02,76.503914444,15.5565,1.1993
2019-04-03,76.2445791408,15.5038,1.1952
2019-04-04,77.2819203536,15.7147,1.2115
2019-04-08,80.0049410372,16.2684,1.2541
2019-04-09,83.7653029336,17.0331,1.3131
2019-04-10,83.3762999788,16.954,1.307
2019-04-11,80.1346086888,16.2948,1.2562
2019-04-12,80.9126145984,16.453,1.2684
2019-04-15,79.3566027792,16.1366,1.244
2019-04-16,79.3566027792,16.1366,1.244
2019-04-17,78.9675998244,16.0575,1.2379
2019-04-18,78.448929218,15.952,1.2298
2019-04-23,76.8929173988,15.6356,1.2054
2019-04-24,75.4665732312,15.3456,1.183
2019-04-25,73.3918908056,14.9237,1.1505
2019-04-26,72.7435525476,14.7919,1.1403
2019-04-29,73.91056141199999,15.0292,1.1586
2019-04-30,73.91056141199999,15.0292,1.1586
2019-05-02,75.85557618600001,15.4247,1.1891
2019-05-03,76.503914444,15.5565,1.1993
2019-05-06,73.6512261088,14.9764,1.1545
2019-05-07,72.3545495928,14.7128,1.1342
2019-05-08,70.4095348188,14.3173,1.1037
2019-05-09,69.2425259544,14.08,1.0854
2019-05-10,70.7985377736,14.3964,1.1098
2019-05-14,69.7611965608,14.1854,1.0936
2019-05-15,71.5765436832,14.5546,1.122
2019-05-16,72.2248819412,14.6864,1.1322
2019-05-17,72.4842172444,14.7391,1.1363
2019-05-20,70.27986716720001,14.2909,1.1017
2019-05-21,69.7611965608,14.1854,1.0936
2019-05-22,69.2425259544,14.08,1.0854
2019-05-23,69.37219360600001,14.1063,1.0875
2019-05-24,69.37219360600001,14.1063,1.0875
2019-05-27,70.4095348188,14.3173,1.1037
2019-05-28,68.5941876964,13.9481,1.0753
2019-05-29,69.2425259544,14.08,1.0854
2019-05-30,68.3348523932,13.8954,1.0712
2019-05-31,68.4645200448,13.9218,1.0732
2019-06-03,68.5941876964,13.9481,1.0753
2019-06-04,67.9458494384,13.8163,1.0651
2019-06-05,67.5568464836,13.7372,1.059
2019-06-06,67.1678435288,13.6581,1.0529
2019-06-10,68.07551709,13.8427,1.0671
2019-06-11,68.5941876964,13.9481,1.0753
2019-06-12,68.4645200448,13.9218,1.0732
2019-06-13,69.11285830279999,14.0536,1.0834
2019-06-14,68.2051847416,13.869,1.0692
2019-06-17,69.7611965608,14.1854,1.0936
2019-06-18,69.7611965608,14.1854,1.0936
2019-06-19,70.5392024704,14.3436,1.1058
2019-06-20,73.5215584572,14.9501,1.1525
2019-06-21,75.9852438376,15.4511,1.1911
2019-06-24,76.2445791408,15.5038,1.1952
2019-06-25,73.262223154,14.8973,1.1484
2019-06-26,72.4842172444,14.7391,1.1363
2019-06-27,73.7808937604,15.0028,1.1566
2019-06-28,73.91056141199999,15.0292,1.1586
2019-07-02,73.5215584572,14.9501,1.1525
2019-07-03,74.55889967,15.161,1.1688
2019-07-04,73.91056141199999,15.0292,1.1586
2019-07-05,77.152252702,15.6884,1.2094
2019-07-08,76.2445791408,15.5038,1.1952
2019-07-09,75.5962408828,15.372,1.185
2019-07-10,76.3742467924,15.5302,1.1972
2019-07-11,74.81823497319999,15.2137,1.1728
2019-07-12,75.3369055796,15.3192,1.181
2019-07-15,75.5962408828,15.372,1.185
2019-07-16,75.07757027640001,15.2665,1.1769
2019-07-17,74.0402290636,15.0555,1.1606
2019-07-18,73.262223154,14.8973,1.1484
2019-07-19,72.8732201992,14.8182,1.1423
2019-07-22,73.1325555024,14.871,1.1464
2019-07-23,73.262223154,14.8973,1.1484
2019-07-24,72.613884896,14.7655,1.1383
2019-07-25,74.0402290636,15.0555,1.1606
2019-07-26,75.207237928,15.2928,1.1789
2019-07-29,74.81823497319999,15.2137,1.1728
2019-07-30,75.4665732312,15.3456,1.183
2019-07-31,74.0402290636,15.0555,1.1606
2019-08-01,74.16989671520001,15.0819,1.1627
2019-08-02,71.965546638,14.6337,1.1281
2019-08-05,71.0578730768,14.4491,1.1139
2019-08-06,69.37219360600001,14.1063,1.0875
2019-08-07,70.668870122,14.37,1.1078
2019-08-08,70.02053186399999,14.2382,1.0976
2019-08-09,68.3348523932,13.8954,1.0712
2019-08-12,67.427178832,13.7108,1.057
2019-08-13,65.482164058,13.3153,1.0265
2019-08-14,65.6118317096,13.3417,1.0285
2019-08-15,66.130502316,13.4472,1.0367
2019-08-16,67.427178832,13.7108,1.057
2019-08-19,68.723855348,13.9745,1.0773
2019-08-20,71.0578730768,14.4491,1.1139
2019-08-21,71.70621133479999,14.5809,1.1241
2019-08-22,72.2248819412,14.6864,1.1322
2019-08-23,72.613884896,14.7655,1.1383
2019-08-26,70.5392024704,14.3436,1.1058
2019-08-27,69.7611965608,14.1854,1.0936
2019-08-28,69.37219360600001,14.1063,1.0875
2019-08-29,70.5392024704,14.3436,1.1058
2019-08-30,72.613884896,15.5027,1.124
2019-09-02,72.613884896,15.5027,1.124
2019-09-03,71.0578730768,15.1705,1.0999
2019-09-04,71.1875407284,15.1982,1.102
2019-09-05,71.1875407284,15.1982,1.102
2019-09-06,71.965546638,15.3643,1.114
2019-09-09,69.2425259544,14.7829,1.0718
2019-09-10,67.5568464836,14.423,1.0457
2019-09-11,67.0381758772,14.3123,1.0377
2019-09-12,67.427178832,14.3953,1.0437
2019-09-13,67.8161817868,14.4784,1.0498
2019-09-16,66.9085082256,14.2846,1.0357
2019-09-17,65.7414993612,14.0355,1.0176
2019-09-18,66.778840574,14.2569,1.0337
2019-09-19,65.6118317096,14.0078,1.0156
2019-09-20,65.22282875479999,13.9247,1.0096
2019-09-23,64.31515519359999,13.7309,0.9956
2019-09-24,63.9261522388,13.6479,0.9895
2019-09-25,62.4998080712,13.3434,0.9675
2019-09-26,62.3701404196,13.3157,0.9655
2019-09-27,61.59213451,13.1496,0.9534
2019-09-30,61.332799206800004,13.0942,0.9494
2019-10-02,59.9064550392,12.7897,0.9273
2019-10-03,59.3877844328,12.679,0.9193
2019-10-04,59.2581167812,12.6513,0.9173
2019-10-08,59.2581167812,12.6513,0.9173
2019-10-09,58.35044322,12.4575,0.9032
2019-10-10,59.3877844328,12.679,0.9193
2019-10-11,59.5174520844,12.7067,0.9213
2019-10-14,59.7767873876,12.762,0.9253
2019-10-15,60.943796252,13.0112,0.9434
2019-10-16,60.1657903424,12.8451,0.9313
2019-10-17,60.8141286004,12.9835,0.9414
2019-10-18,61.59213451,13.1496,0.9534
2019-10-21,60.6844609488,12.9558,0.9394
2019-10-22,60.943796252,13.0112,0.9434
2019-10-23,60.943796252,13.0112,0.9434
2019-10-24,60.5547932972,12.9281,0.9374
2019-10-25,60.1657903424,12.8451,0.9313
2019-10-28,60.295457993999996,12.8728,0.9333
2019-10-29,60.295457993999996,12.8728,0.9333
2019-10-30,59.1284491296,12.6236,0.9153
2019-10-31,58.4801108716,12.4852,0.9052
2019-11-01,59.1284491296,12.6236,0.9153
2019-11-04,60.295457993999996,12.8728,0.9333
2019-11-05,60.6844609488,12.9558,0.9394
2019-11-06,60.425125645600005,12.9004,0.9354
2019-11-07,60.8141286004,12.9835,0.9414
2019-11-08,62.4998080712,13.3434,0.9675
2019-11-11,61.2031315552,13.0665,0.9474
2019-11-12,62.7591433744,13.3987,0.9715
2019-11-13,60.6844609488,12.9558,0.9394
2019-11-14,61.2031315552,13.0665,0.9474
2019-11-15,60.6844609488,12.9558,0.9394
2019-11-18,59.7767873876,12.762,0.9253
2019-11-19,60.6844609488,12.9558,0.9394
2019-11-20,61.07346390359999,13.0389,0.9454
2019-11-21,59.3877844328,12.679,0.9193
2019-11-22,60.0361226908,12.8174,0.9293
2019-11-25,58.8691138264,12.5682,0.9113
2019-11-26,58.091107916800006,12.4021,0.8992
2019-11-27,57.831772613599995,12.3468,0.8952
2019-11-28,56.924099052399995,12.153,0.8812
2019-11-29,56.1460931428,11.9869,0.8691
2019-12-02,55.627422536400005,11.8762,0.8611
2019-12-03,55.627422536400005,11.8762,0.8611
2019-12-04,55.497754884799996,11.8485,0.8591
2019-12-05,57.183434355600006,12.2084,0.8852
2019-12-06,57.183434355600006,12.2084,0.8852
2019-12-09,56.27576079439999,12.0146,0.8711
2019-12-10,56.7944314008,12.1253,0.8792
2019-12-11,55.8867578396,11.9315,0.8651
2019-12-12,56.6647637492,12.0976,0.8771
2019-12-13,57.5724373104,12.2914,0.8912
2019-12-16,59.1284491296,12.6236,0.9153
2019-12-17,58.739446174799994,12.5406,0.9093
2019-12-18,57.5724373104,12.2914,0.8912
2019-12-19,57.3131020072,12.236,0.8872
2019-12-20,56.924099052399995,12.153,0.8812
2019-12-23,57.4427696588,12.2637,0.8892
2019-12-24,58.998781478000005,12.5959,0.9133
2019-12-27,58.2207755684,12.4298,0.9012
2019-12-30,57.5724373104,12.2914,0.8912
2019-12-31,58.6097785232,12.5129,0.9073
2020-01-02,59.1284491296,12.6236,0.9153
2020-01-03,58.739446174799994,12.5406,0.9093
2020-01-06,57.183434355600006,12.2084,0.8852
2020-01-07,57.053766704,12.1807,0.8832
2020-01-08,57.3131020072,12.236,0.8872
2020-01-09,58.998781478000005,12.5959,0.9133
2020-01-10,58.998781478000005,12.5959,0.9133
2020-01-13,60.1657903424,12.8451,0.9313
2020-01-14,59.7767873876,12.762,0.9253
2020-01-15,60.1657903424,12.8451,0.9313
2020-01-16,60.295457993999996,12.8728,0.9333
2020-01-17,62.4998080712,13.3434,0.9675
2020-01-20,61.59213451,13.1496,0.9534
2020-01-21,60.425125645600005,12.9004,0.9354
2020-01-22,61.2031315552,13.0665,0.9474
2020-01-23,61.07346390359999,13.0389,0.9454
2020-01-24,60.943796252,13.0112,0.9434
2020-01-29,58.2207755684,12.4298,0.9012
2020-01-30,54.8494166268,11.7101,0.849
2020-01-31,53.9417430656,11.5163,0.835
2020-02-03,54.3307460204,11.5993,0.841
2020-02-04,55.627422536400005,11.8762,0.8611
2020-02-05,54.9790842784,11.7377,0.8511
2020-02-06,55.627422536400005,11.8762,0.8611
2020-02-07,55.368087233199994,11.8208,0.8571
2020-02-10,56.924099052399995,12.153,0.8812
2020-02-11,57.5724373104,12.2914,0.8912
2020-02-12,57.053766704,12.1807,0.8832
2020-02-13,57.053766704,12.1807,0.8832
2020-02-14,57.702104962,12.3191,0.8932
2020-02-17,57.702104962,12.3191,0.8932
2020-02-18,56.6647637492,12.0976,0.8771
2020-02-19,55.8867578396,11.9315,0.8651
2020-02-20,55.627422536400005,11.8762,0.8611
2020-02-21,54.719748975200005,11.6824,0.847
2020-02-24,54.8494166268,11.7101,0.849
2020-02-25,54.0714107172,11.544,0.837
2020-02-26,54.719748975200005,11.6824,0.847
2020-02-27,53.9417430656,11.5163,0.835
2020-02-28,52.385731246400006,11.1841,0.8109
2020-03-02,52.9044018528,11.2948,0.8189
2020-03-03,53.812075414,11.4886,0.833
2020-03-04,52.9044018528,11.2948,0.8189
2020-03-05,54.0714107172,11.544,0.837
2020-03-06,56.016425491199996,11.9592,0.8671
2020-03-09,51.86706064,11.0733,0.8029
2020-03-10,51.7373929884,11.0457,0.8009
2020-03-11,51.47805768520001,10.9903,0.7969
2020-03-12,48.8847046532,10.4366,0.7567
2020-03-13,47.0693575308,10.0491,0.7286
2020-03-16,45.9023486664,9.7999,0.7105
2020-03-17,45.124342756800004,9.6338,0.6985
2020-03-18,43.9573338924,9.3847,0.6804
2020-03-19,41.7529838152,8.914,0.6463
2020-03-20,42.5309897248,9.0801,0.6584
2020-03-23,39.548633738,8.4434,0.6122
2020-03-24,41.2343132088,9.45,0.6257
2020-03-25,43.3089956344,9.9255,0.6571
2020-03-26,43.9573338924,10.0741,0.667
2020-03-27,46.5506869244,10.6684,0.7063
2020-03-30,49.273707608,11.2925,0.7476
2020-03-31,53.9417430656,12.3623,0.8185
2020-04-01,52.126395943199995,11.9463,0.7909
2020-04-02,54.460413672,12.4812,0.8263
2020-04-03,52.9044018528,12.1246,0.8027
2020-04-06,58.998781478000005,13.5213,0.8952
2020-04-07,57.3131020072,13.135,0.8696
2020-04-08,54.460413672,12.4812,0.8263
2020-04-09,56.924099052399995,13.0458,0.8637
2020-04-14,57.4427696588,13.1647,0.8716
2020-04-15,55.8867578396,12.8081,0.848
2020-04-16,55.757090188,12.7783,0.846
2020-04-17,55.627422536400005,12.7486,0.844
2020-04-20,56.6647637492,12.9864,0.8598
2020-04-21,54.460413672,12.4812,0.8263
2020-04-22,55.10875193,12.6298,0.8362
2020-04-23,54.0714107172,12.392,0.8204
2020-04-24,53.4230724592,12.2434,0.8106
2020-04-27,53.163737156,12.184,0.8067
2020-04-28,52.515398898,12.0354,0.7968
2020-04-29,51.3483900336,11.768,0.7791
2020-05-04,50.4407164724,11.5599,0.7653
2020-05-05,50.311048820799996,11.5302,0.7634
2020-05-06,50.57038412399999,11.5897,0.7673
2020-05-07,52.385731246400006,12.0057,0.7949
2020-05-08,52.515398898,12.0354,0.7968
2020-05-11,53.163737156,12.184,0.8067
2020-05-12,52.6450665496,12.0651,0.7988
2020-05-13,52.2560635948,11.976,0.7929
2020-05-14,50.829719427200004,11.6491,0.7712
2020-05-15,51.6077253368,11.8274,0.7831
2020-05-18,50.9593870788,11.6788,0.7732
2020-05-19,51.6077253368,11.8274,0.7831
2020-05-20,51.86706064,11.8868,0.787
2020-05-21,50.829719427200004,11.6491,0.7712
2020-05-22,47.8473634404,10.9656,0.726
2020-05-25,46.8100222276,10.7279,0.7103
2020-05-26,46.421019272799995,10.6387,0.7044
2020-05-27,48.23636639520001,11.0548,0.7319
2020-05-28,46.9396898792,10.7576,0.7122
2020-05-29,45.38367806,10.401,0.6886
2020-06-01,46.032016318000004,10.5496,0.6985
2020-06-02,47.977031092,10.9953,0.728
2020-06-03,59.7767873876,13.6996,0.907
2020-06-04,57.831772613599995,13.2538,0.8775
2020-06-05,66.6491729224,15.2746,1.0113
2020-06-08,61.332799206800004,14.0562,0.9306
2020-06-09,58.8691138264,13.4916,0.8932
2020-06-10,60.1657903424,13.7887,0.9129
2020-06-11,57.053766704,13.0755,0.8657
2020-06-12,56.27576079439999,12.8972,0.8539
2020-06-15,57.183434355600006,13.1052,0.8677
2020-06-16,58.998781478000005,13.5213,0.8952
2020-06-17,62.4998080712,14.3236,0.9483
2020-06-18,61.98113746479999,14.2048,0.9405
2020-06-19,58.35044322,13.3727,0.8854
2020-06-22,59.3877844328,13.6104,0.9011
2020-06-23,57.3131020072,13.135,0.8696
2020-06-24,56.535096097600004,12.9566,0.8578
2020-06-26,56.016425491199996,12.8378,0.8499
2020-06-29,57.702104962,13.2241,0.8755
2020-06-30,57.3131020072,13.135,0.8696
2020-07-02,58.739446174799994,13.4618,0.8913
2020-07-03,62.3701404196,14.2939,0.9464
2020-07-06,62.4998080712,14.3236,0.9483
2020-07-07,64.7041581484,14.8288,0.9818
2020-07-08,66.0008346644,15.126,1.0014
2020-07-09,72.613884896,16.6416,1.1018
2020-07-10,68.3348523932,15.6609,1.0369
2020-07-13,68.723855348,15.7501,1.0428
2020-07-14,66.5195052708,15.2449,1.0093
2020-07-15,69.8908642124,16.0175,1.0605
2020-07-16,66.130502316,15.1557,1.0034
2020-07-17,69.37219360600001,15.8986,1.0526
2020-07-20,72.2248819412,16.5524,1.0959
2020-07-21,72.613884896,16.6416,1.1018
2020-07-22,71.5765436832,16.4038,1.086
2020-07-23,72.613884896,16.6416,1.1018
2020-07-24,68.3348523932,15.6609,1.0369
2020-07-27,68.2051847416,15.6312,1.0349
2020-07-28,68.4645200448,15.6906,1.0388
2020-07-29,68.2051847416,15.6312,1.0349
2020-07-30,69.2425259544,15.8689,1.0506
2020-07-31,71.70621133479999,16.4335,1.088
2020-08-03,72.4842172444,16.6119,1.0998
2020-08-04,75.3369055796,17.2656,1.1431
2020-08-05,78.3192615664,17.9491,1.1884
2020-08-06,80.78294694680001,18.5137,1.2257
2020-08-07,80.65327929520001,18.484,1.2238
2020-08-10,79.87527338560001,18.3057,1.212
2020-08-11,77.9302586116,17.86,1.1825
2020-08-12,76.8929173988,17.6222,1.1667
2020-08-13,75.85557618600001,17.3845,1.151
2020-08-14,75.207237928,17.2359,1.1411
2020-08-17,77.152252702,17.6817,1.1706
2020-08-18,75.07757027640001,17.2062,1.1392
2020-08-19,74.55889967,17.0873,1.1313
2020-08-20,71.8358789864,16.4633,1.09
2020-08-21,72.613884896,16.6416,1.1018
2020-08-24,72.0952142896,16.5227,1.0939
2020-08-25,69.7611965608,15.9878,1.0585
2020-08-26,69.2425259544,15.8689,1.0506
2020-08-27,71.31720838,16.3444,1.0821
2020-08-28,70.7985377736,20.4979,1.0956
2020-08-31,72.7435525476,21.061,1.1257
2020-09-01,69.6315289092,20.16,1.0776
2020-09-02,68.5941876964,19.8597,1.0615
2020-09-03,68.8535229996,19.9348,1.0655
2020-09-04,67.1678435288,19.4467,1.0394
2020-09-07,67.0381758772,19.4092,1.0374
2020-09-08,68.07551709,19.7095,1.0535
2020-09-09,65.0931611032,18.846,1.0073
2020-09-10,64.9634934516,18.8085,1.0053
2020-09-11,64.44482284520001,18.6583,0.9973
2020-09-14,64.57449049680001,18.6959,0.9993
2020-09-15,63.6668169356,18.4331,0.9853
2020-09-16,64.9634934516,18.8085,1.0053
2020-09-17,64.8338258,18.771,1.0033
2020-09-18,66.2601699676,19.1839,1.0254
2020-09-21,62.4998080712,18.0952,0.9672
2020-09-22,61.4624668584,17.7949,0.9511
2020-09-23,61.4624668584,17.7949,0.9511
2020-09-24,61.4624668584,17.7949,0.9511
2020-09-25,61.59213451,17.8324,0.9531
2020-09-28,60.943796252,17.6447,0.9431
2020-09-29,63.6668169356,18.4331,0.9853
2020-09-30,65.482164058,18.9587,1.0133
2020-10-05,63.9261522388,18.5082,0.9893
2020-10-06,65.6118317096,18.9962,1.0154
2020-10-07,64.0558198904,18.5457,0.9913
2020-10-08,62.7591433744,18.1703,0.9712
2020-10-09,61.332799206800004,17.7573,0.9491
2020-10-12,61.2031315552,17.7198,0.9471
2020-10-14,61.07346390359999,17.6822,0.9451
2020-10-15,60.0361226908,17.3819,0.9291
2020-10-16,60.1657903424,17.4194,0.9311
2020-10-19,60.1657903424,17.4194,0.9311
2020-10-20,58.739446174799994,17.0065,0.909
2020-10-21,60.8141286004,17.6072,0.9411
2020-10-22,62.3701404196,18.0577,0.9652
2020-10-23,62.3701404196,18.0577,0.9652
2020-10-27,61.2031315552,17.7198,0.9471
2020-10-28,60.1657903424,17.4194,0.9311
2020-10-29,59.5174520844,17.2317,0.921
2020-10-30,59.647119736,17.2693,0.923
2020-11-02,59.9064550392,17.3444,0.9271
2020-11-03,60.943796252,17.6447,0.9431
2020-11-04,62.629475722799995,18.1327,0.9692
2020-11-05,64.185487542,18.5832,0.9933
2020-11-06,62.888811026000006,18.2078,0.9732
2020-11-09,65.0931611032,18.846,1.0073
2020-11-10,64.31515519359999,18.6208,0.9953
2020-11-11,65.482164058,18.9587,1.0133
2020-11-12,69.5018612576,20.1225,1.0755
2020-11-13,69.8908642124,20.2351,1.0816
2020-11-16,70.15019951560001,20.3102,1.0856
2020-11-17,69.11285830279999,20.0098,1.0695
2020-11-18,70.02053186399999,20.2726,1.0836
2020-11-19,73.7808937604,21.3614,1.1418
2020-11-20,77.0225850504,22.2999,1.1919
2020-11-23,75.207237928,21.7743,1.1638
2020-11-24,75.4665732312,21.8494,1.1679
2020-11-25,75.207237928,21.7743,1.1638
2020-11-26,75.3369055796,21.8119,1.1658
2020-11-27,75.72590853439999,21.9245,1.1719
2020-11-30,75.4665732312,21.8494,1.1679
2020-12-01,74.6885673216,21.6241,1.1558
2020-12-02,73.91056141199999,21.3989,1.1438
2020-12-03,74.9479026248,21.6992,1.1598
2020-12-04,74.16989671520001,21.474,1.1478
2020-12-07,74.16989671520001,21.474,1.1478
2020-12-08,73.91056141199999,21.3989,1.1438
2020-12-09,73.1325555024,21.1736,1.1317
2020-12-10,73.6512261088,21.3238,1.1398
2020-12-11,73.5215584572,21.2863,1.1378
2020-12-14,73.262223154,21.2112,1.1337
2020-12-15,73.7808937604,21.3614,1.1418
2020-12-16,77.80059096,22.5251,1.204
2020-12-17,77.9302586116,22.5627,1.206
2020-12-18,76.7632497472,22.2248,1.1879
2020-12-21,82.2092911144,23.8016,1.2722
2020-12-22,80.2642763404,23.2384,1.2421
2020-12-23,79.87527338560001,23.1258,1.2361
2020-12-24,79.4862704308,23.0132,1.2301
2020-12-28,81.9499558112,23.7265,1.2682
2020-12-29,81.690620508,23.6514,1.2642
2020-12-30,86.877326572,25.1531,1.3444
2020-12-31,86.3586559656,25.0029,1.3364
2021-01-04,86.877326572,25.1531,1.3444
2021-01-05,88.56300604280001,25.6411,1.3705
2021-01-06,90.5080208168,26.2043,1.4006
2021-01-07,87.1366618752,25.2282,1.3484
2021-01-08,87.2663295268,25.2657,1.3505
2021-01-11,85.8399853592,24.8527,1.3284
2021-01-12,86.22898831399999,24.9654,1.3344
2021-01-13,84.4136411916,24.4398,1.3063
2021-01-14,86.0993206624,24.9278,1.3324
2021-01-15,84.0246382368,24.3272,1.3003
2021-01-18,84.1543058884,24.3647,1.3023
2021-01-19,87.3959971784,25.3033,1.3525
2021-01-20,95.305723926,27.5933,1.4749
2021-01-21,94.1387150616,27.2554,1.4568
2021-01-22,95.04638862280001,27.5182,1.4709
2021-01-25,108.1428214344,31.31,1.6735
2021-01-26,102.1781094608,29.583,1.5812
2021-01-27,99.58475642879999,28.8322,1.5411
2021-01-28,99.195753474,28.7196,1.5351
2021-01-29,99.0660858224,28.682,1.5331
2021-02-01,96.47273279040002,27.9312,1.4929
2021-02-02,101.0111005964,29.2452,1.5632
2021-02-03,102.43744476399999,29.6581,1.5852
2021-02-04,100.62209764159999,29.1325,1.5571
2021-02-05,100.49242999,29.095,1.5551
2021-02-08,100.62209764159999,29.1325,1.5571
2021-02-09,97.2507387,28.1564,1.505
2021-02-10,103.085783022,29.8458,1.5953
2021-02-11,100.62209764159999,29.1325,1.5571
2021-02-16,96.7320680936,28.0063,1.4969
2021-02-17,96.47273279040002,27.9312,1.4929
2021-02-18,94.3980503648,27.3305,1.4608
2021-02-19,94.1387150616,27.2554,1.4568
2021-02-22,92.19370028760001,26.6923,1.4267
2021-02-23,89.73001490719999,25.979,1.3886
2021-02-24,85.1916471012,24.665,1.3184
2021-02-25,86.0993206624,24.9278,1.3324
2021-02-26,86.3586559656,25.0029,1.3364
2021-03-01,92.3233679392,26.7298,1.4287
2021-03-02,91.1563590748,26.392,1.4107
2021-03-03,90.76735612,26.2793,1.4046
2021-03-04,88.3036707396,25.566,1.3665
2021-03-05,85.1916471012,24.665,1.3184
2021-03-08,79.3566027792,22.9757,1.2281
2021-03-09,77.9302586116,22.5627,1.206
2021-03-10,80.78294694680001,23.3886,1.2501
2021-03-11,84.28397354,24.4022,1.3043
2021-03-12,83.1169646756,24.0644,1.2862
2021-03-15,82.987297024,24.0268,1.2842
2021-03-16,86.4883236172,25.0405,1.3384
2021-03-17,86.74765892040001,25.1155,1.3424
2021-03-18,85.8399853592,24.8527,1.3284
2021-03-19,85.0619794496,24.6275,1.3163
2021-03-22,85.0619794496,24.6275,1.3163
2021-03-23,79.87527338560001,23.1258,1.2361
2021-03-24,78.7082645212,22.7879,1.218
2021-03-25,78.0599262632,22.6002,1.208
2021-03-26,81.3016175532,22.0638,1.1207
2021-03-29,80.52361164359999,21.8527,1.11
2021-03-30,81.690620508,22.1694,1.1261
2021-03-31,79.3566027792,21.536,1.0939
2021-04-01,84.0246382368,22.8028,1.1583
2021-04-07,81.690620508,22.1694,1.1261
2021-04-08,82.338958766,22.3453,1.135
2021-04-09,81.1719499016,22.0286,1.119
2021-04-12,79.3566027792,21.536,1.0939
2021-04-13,80.1346086888,21.7471,1.1047
2021-04-14,80.65327929520001,21.8879,1.1118
2021-04-15,78.8379321728,21.3952,1.0868
2021-04-16,79.61593808239999,21.6063,1.0975
2021-04-19,80.78294694680001,21.923,1.1136
2021-04-20,82.338958766,22.3453,1.135
2021-04-21,80.9126145984,21.9582,1.1154
2021-04-22,83.3762999788,22.6268,1.1493
2021-04-23,85.4509824044,23.1899,1.1779
2021-04-26,85.8399853592,23.2954,1.1833
2021-04-27,85.8399853592,23.2954,1.1833
2021-04-28,88.43333839120001,23.9992,1.2191
2021-04-29,88.822341346,24.1048,1.2244
2021-04-30,87.3959971784,23.7177,1.2048
2021-05-03,86.22898831399999,23.401,1.1887
2021-05-04,88.6926736944,24.0696,1.2226
2021-05-05,87.6553324816,23.7881,1.2083
2021-05-06,89.3410119524,24.2456,1.2316
2021-05-07,86.3586559656,23.4362,1.1905
2021-05-10,89.0816766492,24.1752,1.228
2021-05-11,92.3233679392,25.0549,1.2727
2021-05-12,93.36070915200001,25.3364,1.287
2021-05-13,91.9343649844,24.9493,1.2673
2021-05-14,90.76735612,24.6326,1.2512
2021-05-17,91.415694378,24.8086,1.2602
2021-05-18,92.3233679392,25.0549,1.2727
2021-05-20,91.1563590748,24.7382,1.2566
2021-05-21,97.899076958,26.5681,1.3495
2021-05-24,102.3077771124,27.7645,1.4103
2021-05-25,105.4198007508,28.609,1.4532
2021-05-26,106.06813900879999,28.785,1.4622
2021-05-27,103.9934565832,28.222,1.4336
2021-05-28,101.78910650600001,27.6237,1.4032
2021-05-31,107.23514787319999,29.1017,1.4782
2021-06-01,109.9581685568,29.8407,1.5158
2021-06-02,108.27248908600001,29.3832,1.4925
2021-06-03,115.79321287879999,31.4242,1.5962
2021-06-04,127.07429856799999,34.4857,1.7517
2021-06-07,122.27659545879999,33.1837,1.6856
2021-06-08,118.1272306076,32.0576,1.6284
2021-06-09,124.7402808392,33.8523,1.7196
2021-06-10,119.94257773,32.5503,1.6534
2021-06-11,118.9052365172,32.2688,1.6391
2021-06-15,116.70088644,31.6705,1.6087
2021-06-16,115.53387757559999,31.3538,1.5926
2021-06-17,121.887592504,33.0781,1.6802
2021-06-18,119.0349041688,32.3039,1.6409
2021-06-21,126.42596031,34.3097,1.7428
2021-06-22,140.8190696376,38.2158,1.9412
2021-06-23,144.7090991856,39.2715,1.9948
2021-06-24,136.9290400896,37.1601,1.8876
2021-06-25,134.5950223608,36.5267,1.8554
2021-06-28,135.1136929672,36.6674,1.8625
2021-06-29,126.94463091639999,34.4505,1.7499
2021-06-30,122.27659545879999,33.1837,1.6856
2021-07-02,115.404209924,31.3186,1.5909
2021-07-05,109.56916560200001,29.7351,1.5104
2021-07-06,107.23514787319999,29.1017,1.4782
2021-07-07,105.030797796,28.5035,1.4479
2021-07-08,103.085783022,27.9756,1.421
2021-07-09,105.030797796,28.5035,1.4479
2021-07-12,105.5494684024,28.6442,1.455
2021-07-13,102.5671124156,27.8349,1.4139
2021-07-14,105.5494684024,28.6442,1.455
2021-07-15,102.1781094608,27.7293,1.4085
2021-07-16,99.97375938360001,27.1311,1.3781
2021-07-19,100.3627623384,27.2367,1.3835
2021-07-20,97.7694093064,26.5329,1.3478
2021-07-21,100.3627623384,27.2367,1.3835
2021-07-22,100.62209764159999,27.307,1.3871
2021-07-23,98.4177475644,26.7088,1.3567
2021-07-26,87.7850001332,23.8233,1.2101
2021-07-27,86.4883236172,23.4714,1.1922
2021-07-28,86.22898831399999,23.401,1.1887
2021-07-29,94.91672097120001,25.7587,1.3084
2021-07-30,93.36070915200001,25.3364,1.287
2021-08-02,92.19370028760001,25.0197,1.2709
2021-08-03,89.9893502104,24.4215,1.2405
2021-08-04,89.470679604,24.2807,1.2334
2021-08-05,86.74765892040001,23.5418,1.1958
2021-08-06,93.6200444552,25.4068,1.2906
2021-08-09,90.119017862,24.4567,1.2423
2021-08-10,94.2683827132,25.5828,1.2995
2021-08-11,94.52771801639999,25.6531,1.3031
2021-08-12,91.2860267264,24.7734,1.2584
2021-08-13,91.9343649844,24.9493,1.2673
2021-08-16,89.9893502104,24.4215,1.2405
2021-08-17,87.0069942236,23.6121,1.1994
2021-08-18,87.6553324816,23.7881,1.2083
2021-08-19,85.9696530108,23.3306,1.1851
2021-08-20,82.2092911144,22.3101,1.1333
2021-08-23,83.7653029336,22.7324,1.1547
2021-08-24,87.9146677848,23.8585,1.2119
2021-08-25,86.877326572,17.9961,1.1622
2021-08-26,85.7103177076,17.7543,1.1466
2021-08-27,85.7103177076,17.7543,1.1466
2021-08-30,88.17400308799999,18.2647,1.1796
2021-08-31,88.822341346,18.3989,1.1882
2021-09-01,89.6003472556,18.5601,1.1987
2021-09-02,88.04433543639999,18.2378,1.1778
2021-09-03,89.470679604,18.5332,1.1969
2021-09-06,93.7497121068,19.4196,1.2542
2021-09-07,88.3036707396,18.2915,1.1813
2021-09-08,87.3959971784,18.1035,1.1692
2021-09-09,86.74765892040001,17.9692,1.1605
2021-09-10,86.6179912688,17.9423,1.1588
2021-09-13,84.4136411916,17.4857,1.1293
2021-09-14,84.28397354,17.4589,1.1275
2021-09-15,84.4136411916,17.4857,1.1293
2021-09-16,81.3016175532,16.8411,1.0876
2021-09-17,84.28397354,17.4589,1.1275
2021-09-20,80.1346086888,16.5993,1.072
2021-09-21,80.78294694680001,16.7336,1.0807
2021-09-23,80.65327929520001,16.7068,1.079
2021-09-24,79.61593808239999,16.4919,1.0651
2021-09-27,76.503914444,15.8473,1.0235
2021-09-28,81.1719499016,16.8142,1.0859
2021-09-29,79.3566027792,16.4382,1.0616
2021-09-30,81.9499558112,16.9754,1.0963
2021-10-04,80.2642763404,16.6262,1.0738
2021-10-05,81.43128520479999,16.8679,1.0894
2021-10-06,77.152252702,15.9816,1.0321
2021-10-07,79.745605734,16.5188,1.0668
2021-10-08,76.1149114892,15.7667,1.0183
2021-10-11,78.7082645212,16.3039,1.0529
2021-10-12,76.3742467924,15.8204,1.0217
2021-10-15,74.6885673216,15.4712,0.9992
2021-10-18,75.72590853439999,15.6861,1.013
2021-10-19,76.7632497472,15.901,1.0269
2021-10-20,77.5412556568,16.0621,1.0373
2021-10-21,75.72590853439999,15.6861,1.013
2021-10-22,77.0225850504,15.9547,1.0304
2021-10-25,75.3369055796,15.6055,1.0078
2021-10-26,72.613884896,15.0415,0.9714
2021-10-27,72.2248819412,14.9609,0.9662
2021-10-28,70.4095348188,14.5849,0.9419
2021-10-29,70.668870122,14.6386,0.9454
2021-11-01,68.5941876964,14.2088,0.9176
2021-11-02,67.427178832,13.9671,0.902
2021-11-03,67.427178832,13.9671,0.902
2021-11-04,66.778840574,13.8328,0.8934
2021-11-05,66.130502316,13.6985,0.8847
2021-11-08,66.0008346644,13.6716,0.8829
2021-11-09,66.9085082256,13.8596,0.8951
2021-11-10,67.1678435288,13.9134,0.8986
2021-11-11,69.6315289092,14.4237,0.9315
2021-11-12,69.37219360600001,14.37,0.928
2021-11-15,68.9831906512,14.2894,0.9228
2021-11-16,70.27986716720001,14.558,0.9402
2021-11-17,68.9831906512,14.2894,0.9228
2021-11-18,66.6491729224,13.8059,0.8916
2021-11-19,65.22282875479999,13.5105,0.8725
2021-11-22,63.9261522388,13.2419,0.8552
2021-11-23,64.57449049680001,13.3762,0.8639
2021-11-24,67.1678435288,13.9134,0.8986
2021-11-25,68.07551709,14.1014,0.9107
2021-11-26,65.22282875479999,13.5105,0.8725
2021-11-29,70.668870122,14.6386,0.9454
2021-11-30,63.6668169356,13.1882,0.8517
2021-12-01,62.4998080712,12.9464,0.8361
2021-12-02,61.59213451,12.7584,0.824
2021-12-03,62.4998080712,12.9464,0.8361
2021-12-06,59.5174520844,12.3286,0.7962
2021-12-07,60.295457993999996,12.4898,0.8066
2021-12-08,61.332799206800004,12.7047,0.8205
2021-12-09,62.3701404196,12.9196,0.8344
2021-12-10,60.943796252,12.6241,0.8153
2021-12-13,59.9064550392,12.4092,0.8014
2021-12-14,58.8691138264,12.1943,0.7875
2021-12-15,56.016425491199996,11.6034,0.7494
2021-12-16,59.1284491296,12.2481,0.791
2021-12-17,57.702104962,11.9526,0.7719
2021-12-20,56.405428446,11.684,0.7546
2021-12-21,57.053766704,11.8183,0.7633
2021-12-22,57.702104962,11.9526,0.7719
2021-12-23,58.35044322,12.0869,0.7806
2021-12-24,59.1284491296,12.2481,0.791
2021-12-28,61.07346390359999,12.651,0.817
2021-12-29,60.5547932972,12.5435,0.8101
2021-12-30,60.295457993999996,12.4898,0.8066
2021-12-31,60.1657903424,12.4629,0.8049
2022-01-03,63.1481463292,13.0807,0.8448
2022-01-04,60.8141286004,12.5972,0.8136
2022-01-05,58.35044322,12.0869,0.7806
2022-01-06,59.1284491296,12.2481,0.791
2022-01-07,58.8691138264,12.1943,0.7875
2022-01-10,60.0361226908,12.4361,0.8032
2022-01-11,60.425125645600005,12.5167,0.8084
2022-01-12,61.8514698132,12.8121,0.8274
2022-01-13,59.5174520844,12.3286,0.7962
2022-01-14,60.6844609488,12.5704,0.8118
2022-01-17,59.1284491296,12.2481,0.791
2022-01-18,61.07346390359999,12.651,0.817
2022-01-19,60.425125645600005,12.5167,0.8084
2022-01-20,61.4624668584,12.7315,0.8222
2022-01-21,61.4624668584,12.7315,0.8222
2022-01-24,60.0361226908,12.4361,0.8032
2022-01-25,57.702104962,11.9526,0.7719
2022-01-26,57.5724373104,11.9257,0.7702
2022-01-27,54.201078368800005,11.2274,0.7251
2022-01-28,56.1460931428,11.6303,0.7511
2022-01-31,56.7944314008,11.7646,0.7598
2022-02-04,57.702104962,11.9526,0.7719
2022-02-07,58.35044322,12.0869,0.7806
2022-02-08,58.8691138264,12.1943,0.7875
2022-02-09,59.1284491296,12.2481,0.791
2022-02-10,60.0361226908,12.4361,0.8032
2022-02-11,59.5174520844,12.3286,0.7962
2022-02-14,58.998781478000005,12.2212,0.7893
2022-02-15,59.647119736,12.3555,0.7979
2022-02-16,61.4624668584,12.7315,0.8222
2022-02-17,61.4624668584,12.7315,0.8222
2022-02-18,60.425125645600005,12.5167,0.8084
2022-02-21,60.0361226908,12.4361,0.8032
2022-02-22,59.1284491296,12.2481,0.791
2022-02-23,60.6844609488,12.5704,0.8118
2022-02-24,58.6097785232,12.1406,0.7841
2022-02-25,59.647119736,12.3555,0.7979
2022-02-28,56.924099052399995,11.7914,0.7615
2022-03-01,58.091107916800006,12.0332,0.7771
2022-03-02,56.535096097600004,11.7109,0.7563
2022-03-03,56.6647637492,11.7377,0.7581
2022-03-04,56.1460931428,11.6303,0.7511
2022-03-07,54.719748975200005,11.3348,0.732
2022-03-08,52.126395943199995,10.7976,0.6973
2022-03-09,54.0714107172,11.2005,0.7234
2022-03-10,54.201078368800005,11.2274,0.7251
2022-03-11,54.460413672,11.2811,0.7286
2022-03-14,50.0517135176,10.3679,0.6696
2022-03-15,46.421019272799995,9.6158,0.621
2022-03-16,49.4033752596,10.2336,0.6609
2022-03-17,52.7747342012,10.9319,0.706
2022-03-18,54.590081323599996,11.308,0.7303
2022-03-21,55.10875193,11.4154,0.7372
2022-03-22,54.9790842784,11.3885,0.7355
2022-03-23,55.8867578396,11.5766,0.7476
2022-03-24,57.183434355600006,11.8452,0.765
2022-03-25,54.460413672,10.6545,0.6903
2022-03-28,54.590081323599996,10.6799,0.6919
2022-03-29,57.961440265200004,11.3395,0.7346
2022-03-30,60.8141286004,11.8975,0.7708
2022-03-31,60.943796252,11.9229,0.7724
2022-04-01,60.1657903424,11.7707,0.7626
2022-04-04,61.98113746479999,12.1259,0.7856
2022-04-06,61.332799206800004,11.999,0.7774
2022-04-07,59.5174520844,11.6439,0.7544
2022-04-08,60.425125645600005,11.8214,0.7659
2022-04-11,57.961440265200004,11.3395,0.7346
2022-04-12,58.8691138264,11.517,0.7461
2022-04-13,58.2207755684,11.3902,0.7379
2022-04-14,59.2581167812,11.5931,0.7511
2022-04-19,58.091107916800006,11.3648,0.7363
2022-04-20,57.053766704,11.1619,0.7231
2022-04-21,53.9417430656,10.553,0.6837
2022-04-22,54.0714107172,10.5784,0.6853
2022-04-25,51.218722381999996,10.0203,0.6492
2022-04-26,53.5527401108,10.4769,0.6788
2022-04-27,53.4230724592,10.4516,0.6771
2022-04-28,55.368087233199994,10.8321,0.7018
2022-04-29,56.924099052399995,11.1365,0.7215
2022-05-03,56.27576079439999,11.0097,0.7133
2022-05-04,54.590081323599996,10.6799,0.6919
2022-05-05,55.2384195816,10.8067,0.7001
2022-05-06,54.0714107172,10.5784,0.6853
2022-05-10,54.0714107172,10.5784,0.6853
2022-05-11,53.163737156,10.4008,0.6738
2022-05-12,52.6450665496,10.2994,0.6672
2022-05-13,53.9417430656,10.553,0.6837
2022-05-16,53.812075414,10.5277,0.682
2022-05-17,54.8494166268,10.7306,0.6952
2022-05-18,54.201078368800005,10.6038,0.687
2022-05-19,54.590081323599996,10.6799,0.6919
2022-05-20,55.8867578396,10.9336,0.7083
2022-05-23,57.053766704,11.1619,0.7231
2022-05-24,54.9790842784,10.756,0.6968
2022-05-25,54.0714107172,10.5784,0.6853
2022-05-26,54.3307460204,10.6292,0.6886
2022-05-27,54.201078368800005,10.6038,0.687
2022-05-30,54.3307460204,10.6292,0.6886
2022-05-31,56.016425491199996,10.9589,0.71
2022-06-01,55.8867578396,10.9336,0.7083
2022-06-02,55.627422536400005,10.8828,0.705
2022-06-06,56.405428446,11.035,0.7149
2022-06-07,55.627422536400005,10.8828,0.705
2022-06-08,56.6647637492,11.0858,0.7182
2022-06-09,55.757090188,10.9082,0.7067
2022-06-10,55.757090188,10.9082,0.7067
2022-06-13,53.812075414,10.5277,0.682
2022-06-14,53.6824077624,10.5023,0.6804
2022-06-15,54.201078368800005,10.6038,0.687
2022-06-16,53.5527401108,10.4769,0.6788
2022-06-17,55.10875193,10.7814,0.6985
2022-06-20,56.535096097600004,11.0604,0.7166
2022-06-21,57.053766704,11.1619,0.7231
2022-06-22,57.3131020072,11.2126,0.7264
2022-06-23,67.6865141352,13.242,0.8579
2022-06-24,66.9085082256,13.0898,0.848
2022-06-27,67.1678435288,13.1406,0.8513
2022-06-28,66.778840574,13.0645,0.8464
2022-06-29,65.0931611032,12.7347,0.825
2022-06-30,65.8711670128,12.8869,0.8349
2022-07-04,67.0381758772,13.1152,0.8497
2022-07-05,67.2975111804,13.1659,0.853
2022-07-06,67.9458494384,13.2928,0.8612
2022-07-07,67.0381758772,13.1152,0.8497
2022-07-08,65.35249640640001,12.7854,0.8283
2022-07-11,65.8711670128,12.8869,0.8349
2022-07-12,63.4074816324,12.4049,0.8037
2022-07-13,63.9261522388,12.5064,0.8102
2022-07-14,64.44482284520001,12.6078,0.8168
2022-07-15,62.3701404196,12.202,0.7905
2022-07-18,63.537149283999995,12.4303,0.8053
2022-07-19,63.796484587200005,12.481,0.8086
2022-07-20,63.2778139808,12.3795,0.802
2022-07-21,63.9261522388,12.5064,0.8102
2022-07-22,62.888811026000006,12.3034,0.7971
2022-07-25,63.2778139808,12.3795,0.802
2022-07-26,62.240472768000004,12.1766,0.7889
2022-07-27,62.888811026000006,12.3034,0.7971
2022-07-28,63.796484587200005,12.481,0.8086
2022-07-29,61.8514698132,12.1005,0.7839
2022-08-01,60.295457993999996,11.7961,0.7642
2022-08-02,58.739446174799994,11.4917,0.7445
2022-08-03,58.4801108716,11.4409,0.7412
2022-08-04,59.3877844328,11.6185,0.7527
2022-08-05,59.7767873876,11.6946,0.7576
2022-08-08,59.3877844328,11.6185,0.7527
2022-08-09,59.3877844328,11.6185,0.7527
2022-08-10,58.091107916800006,11.3648,0.7363
2022-08-11,58.739446174799994,11.4917,0.7445
2022-08-12,58.35044322,11.4156,0.7396
2022-08-15,58.4801108716,11.4409,0.7412
2022-08-16,57.5724373104,11.2633,0.7297
2022-08-17,56.1460931428,10.9843,0.7116
2022-08-18,56.6647637492,11.0858,0.7182
2022-08-19,55.8867578396,10.9336,0.7083
2022-08-22,56.016425491199996,10.9589,0.71
2022-08-23,55.627422536400005,11.3216,0.7291
2022-08-24,54.719748975200005,11.1368,0.7172
2022-08-25,57.3131020072,11.6647,0.7512
2022-08-26,57.961440265200004,11.7966,0.7597
2022-08-29,59.1284491296,12.0341,0.775
2022-08-30,60.295457993999996,12.2716,0.7903
2022-08-31,60.5547932972,12.3244,0.7937
2022-09-01,60.943796252,12.4036,0.7988
2022-09-02,59.7767873876,12.1661,0.7835
2022-09-05,58.8691138264,11.9813,0.7716
2022-09-06,58.998781478000005,12.0077,0.7733
2022-09-07,59.647119736,12.1397,0.7818
2022-09-08,59.2581167812,12.0605,0.7767
2022-09-09,60.8141286004,12.3772,0.7971
2022-09-13,60.425125645600005,12.298,0.792
2022-09-14,59.9064550392,12.1925,0.7852
2022-09-15,59.1284491296,12.0341,0.775
2022-09-16,59.647119736,12.1397,0.7818
2022-09-19,56.7944314008,11.5591,0.7444
2022-09-20,56.405428446,11.4799,0.7393
2022-09-21,54.590081323599996,11.1105,0.7155
2022-09-22,53.4230724592,10.8729,0.7002
2022-09-23,53.4230724592,10.8729,0.7002
2022-09-26,53.6824077624,10.9257,0.7036
2022-09-27,55.627422536400005,11.3216,0.7291
2022-09-28,53.034069504399994,10.7938,0.6951
2022-09-29,53.163737156,10.8202,0.6968
2022-09-30,54.590081323599996,11.1105,0.7155
2022-10-03,53.9417430656,10.9785,0.707
2022-10-05,54.590081323599996,11.1105,0.7155
2022-10-06,53.4230724592,10.8729,0.7002
2022-10-07,51.9967282916,10.5826,0.6815
2022-10-10,52.2560635948,10.6354,0.6849
2022-10-11,51.47805768520001,10.4771,0.6747
2022-10-12,51.86706064,10.5562,0.6798
2022-10-13,51.7373929884,10.5299,0.6781
2022-10-14,54.460413672,11.0841,0.7138
2022-10-17,54.9790842784,11.1896,0.7206
2022-10-18,57.053766704,11.6119,0.7478
2022-10-19,57.3131020072,11.6647,0.7512
2022-10-20,55.497754884799996,11.2952,0.7274
2022-10-21,56.7944314008,11.5591,0.7444
2022-10-24,53.4230724592,10.8729,0.7002
2022-10-25,52.6450665496,10.7146,0.69
2022-10-26,53.6824077624,10.9257,0.7036
2022-10-27,53.812075414,10.9521,0.7053
2022-10-28,50.829719427200004,10.3451,0.6662
2022-10-31,48.62536935,9.8965,0.6373
2022-11-01,49.5330429112,10.0812,0.6492
2022-11-02,50.1813811692,10.2132,0.6577
2022-11-03,49.0143723048,9.9757,0.6424
2022-11-04,50.1813811692,10.2132,0.6577
2022-11-07,55.8867578396,11.3744,0.7325
2022-11-08,56.27576079439999,11.4535,0.7376
2022-11-09,55.627422536400005,11.3216,0.7291
2022-11-10,54.719748975200005,11.1368,0.7172
2022-11-11,56.1460931428,11.4271,0.7359
2022-11-14,65.6118317096,13.3537,0.8599
2022-11-15,63.2778139808,12.8786,0.8293
2022-11-16,63.796484587200005,12.9842,0.8361
2022-11-17,62.888811026000006,12.7995,0.8242
2022-11-18,64.185487542,13.0634,0.8412
2022-11-21,62.7591433744,12.7731,0.8225
2022-11-22,61.721802161599996,12.5619,0.809
2022-11-23,59.647119736,12.1397,0.7818
2022-11-24,59.647119736,12.1397,0.7818
2022-11-25,58.35044322,11.8758,0.7648
2022-11-28,59.1284491296,12.0341,0.775
2022-11-29,61.721802161599996,12.5619,0.809
2022-11-30,63.796484587200005,12.9842,0.8361
2022-12-01,65.8711670128,13.4064,0.8633
2022-12-02,65.8711670128,13.4064,0.8633
2022-12-05,68.9831906512,14.0398,0.9041
2022-12-06,66.5195052708,13.5384,0.8718
2022-12-07,69.2425259544,14.0926,0.9075
2022-12-08,71.4468760316,14.5412,0.9364
2022-12-09,75.5962408828,15.3857,0.9908
2022-12-12,74.2995643668,15.1218,0.9738
2022-12-13,73.91056141199999,15.0427,0.9687
2022-12-14,74.16989671520001,15.0954,0.9721
2022-12-15,72.4842172444,14.7524,0.95
2022-12-16,74.2995643668,15.1218,0.9738
2022-12-19,71.965546638,14.6468,0.9432
2022-12-20,71.0578730768,14.4621,0.9313
2022-12-21,71.5765436832,14.5676,0.9381
2022-12-22,72.3545495928,14.726,0.9483
2022-12-23,71.70621133479999,14.594,0.9398
2022-12-28,74.6885673216,15.201,0.9789
2022-12-29,73.91056141199999,15.0427,0.9687
2022-12-30,74.6885673216,15.201,0.9789
2023-01-03,74.55889967,15.1746,0.9772
2023-01-04,74.2995643668,15.1218,0.9738
2023-01-05,75.207237928,15.3066,0.9857
2023-01-06,73.0028878508,14.8579,0.9568
2023-01-09,77.2819203536,15.7288,1.0129
2023-01-10,83.635635282,17.0219,1.0962
2023-01-11,82.5982940692,16.8108,1.0826
2023-01-12,79.745605734,16.2302,1.0452
2023-01-13,80.78294694680001,16.4414,1.0588
2023-01-16,80.393943992,16.3622,1.0537
2023-01-17,79.745605734,16.2302,1.0452
2023-01-18,79.2269351276,16.1247,1.0384
2023-01-19,78.5785968696,15.9927,1.0299
2023-01-20,78.448929218,15.9663,1.0282
2023-01-26,79.4862704308,16.1774,1.0418
2023-01-27,80.0049410372,16.283,1.0486
2023-01-30,79.4862704308,16.1774,1.0418
2023-01-31,79.4862704308,16.1774,1.0418
2023-02-01,80.78294694680001,16.4414,1.0588
2023-02-02,80.78294694680001,16.4414,1.0588
2023-02-03,79.61593808239999,16.2038,1.0435
2023-02-06,79.2269351276,16.1247,1.0384
2023-02-07,78.5785968696,15.9927,1.0299
2023-02-08,78.9675998244,16.0719,1.035
2023-02-09,78.8379321728,16.0455,1.0333
2023-02-10,77.80059096,15.8344,1.0197
2023-02-13,79.097267476,16.0983,1.0367
2023-02-14,78.448929218,15.9663,1.0282
2023-02-15,77.152252702,15.7024,1.0112
2023-02-16,79.3566027792,16.1511,1.0401
2023-02-17,78.448929218,15.9663,1.0282
2023-02-20,82.4686264176,16.7844,1.0809
2023-02-21,87.6553324816,17.8401,1.1488
2023-02-22,85.58065005600001,17.4178,1.1217
2023-02-23,86.0993206624,17.5234,1.1285
2023-02-24,81.9499558112,16.6789,1.0741
2023-02-27,83.5059676304,16.9956,1.0945
2023-02-28,88.17400308799999,17.9456,1.1556
2023-03-01,89.2113443008,18.1567,1.1692
2023-03-02,89.2113443008,18.1567,1.1692
2023-03-03,91.415694378,18.6054,1.1981
2023-03-06,98.547415216,20.0569,1.2916
2023-03-07,98.547415216,20.0569,1.2916
2023-03-08,101.4001035512,20.6375,1.329
2023-03-09,98.4177475644,20.0305,1.2899
2023-03-10,94.65738566799999,19.2652,1.2406
2023-03-13,94.52771801639999,19.2388,1.2389
2023-03-14,91.9343649844,18.7109,1.2049
2023-03-15,95.305723926,19.3971,1.2491
2023-03-16,100.3627623384,20.4263,1.3154
2023-03-17,105.4198007508,21.4556,1.3817
2023-03-20,102.0484418092,20.7694,1.3375
2023-03-21,107.624150828,21.9042,1.4106
2023-03-22,105.2901330992,21.4292,1.38
2023-03-23,103.085783022,20.9805,1.3511
2023-03-24,104.64179484120001,21.2972,1.3715
2023-03-27,105.5494684024,21.482,1.3834
2023-03-28,105.5494684024,67.843,1.4591
2023-03-29,89.85968255879999,57.7583,1.2422
2023-03-30,85.7103177076,55.0912,1.1848
2023-03-31,88.17400308799999,56.6748,1.2189
2023-04-03,90.37835316520001,58.0916,1.2494
2023-04-04,89.470679604,57.5082,1.2368
2023-04-06,90.37835316520001,58.0916,1.2494
2023-04-11,92.3233679392,59.3418,1.2762
2023-04-12,92.712370894,59.5919,1.2816
2023-04-13,96.0837298356,61.7588,1.3282
2023-04-14,95.954062184,61.6755,1.3264
2023-04-17,95.305723926,61.2588,1.3175
2023-04-18,94.78705331959999,60.9254,1.3103
2023-04-19,95.305723926,61.2588,1.3175
2023-04-20,98.547415216,63.3424,1.3623
2023-04-21,96.99140339680001,62.3422,1.3408
2023-04-24,96.0837298356,61.7588,1.3282
2023-04-25,95.4353915776,61.3421,1.3193
2023-04-26,93.8793797584,60.342,1.2978
2023-04-27,96.2133974872,61.8422,1.33
2023-04-28,94.78705331959999,60.9254,1.3103
2023-05-02,96.34306513879999,61.9255,1.3318
2023-05-03,91.6750296812,58.9251,1.2673
2023-05-04,96.47273279040002,62.0089,1.3336
2023-05-05,95.954062184,61.6755,1.3264
2023-05-08,98.4177475644,63.259,1.3605
2023-05-09,96.34306513879999,61.9255,1.3318
2023-05-10,94.52771801639999,60.7587,1.3067
2023-05-11,92.712370894,59.5919,1.2816
2023-05-12,91.02669142319999,58.5084,1.2583
2023-05-15,92.06403263600001,59.1751,1.2727
2023-05-16,89.73001490719999,57.6749,1.2404
2023-05-17,88.6926736944,57.0081,1.2261
2023-05-18,87.2663295268,56.0914,1.2063
2023-05-19,85.9696530108,55.2579,1.1884
2023-05-22,85.7103177076,55.0912,1.1848
2023-05-23,85.1916471012,54.7578,1.1777
2023-05-24,82.8576293724,53.2576,1.1454
2023-05-25,82.5982940692,53.0909,1.1418
2023-05-29,81.1719499016,52.1741,1.1221
2023-05-30,81.43128520479999,52.3408,1.1257
2023-05-31,80.1346086888,51.5074,1.1078
2023-06-01,80.393943992,51.6741,1.1113
2023-06-02,80.65327929520001,51.8407,1.1149
2023-06-05,83.8949705852,53.9244,1.1597
2023-06-06,82.7279617208,53.1743,1.1436
2023-06-07,84.5433088432,54.3411,1.1687
2023-06-08,84.28397354,54.1744,1.1651
2023-06-09,85.4509824044,54.9245,1.1812
2023-06-12,83.5059676304,53.6743,1.1544
2023-06-13,82.8576293724,53.2576,1.1454
2023-06-14,80.52361164359999,51.7574,1.1131
2023-06-15,85.1916471012,54.7578,1.1777
2023-06-16,90.24868551360001,58.0083,1.2476
2023-06-19,89.6003472556,57.5916,1.2386
2023-06-20,87.52566483,56.258,1.2099
2023-06-21,83.7653029336,53.841,1.1579
2023-06-23,76.6335820956,49.257,1.0594
2023-06-26,78.9675998244,50.7573,1.0916
2023-06-27,79.61593808239999,51.174,1.1006
2023-06-28,78.1895939148,50.2572,1.0809
2023-06-29,78.8379321728,50.6739,1.0898
2023-06-30,77.9302586116,50.0905,1.0773
2023-07-03,80.0049410372,51.424,1.106
2023-07-04,84.4136411916,54.2578,1.1669
2023-07-05,82.338958766,52.9242,1.1382
2023-07-06,79.87527338560001,51.3407,1.1042
2023-07-07,80.0049410372,51.424,1.106
2023-07-10,78.5785968696,50.5072,1.0862
2023-07-11,80.9126145984,52.0074,1.1185
2023-07-12,81.1719499016,52.1741,1.1221
2023-07-13,83.2466323272,53.5076,1.1508
2023-07-14,83.5059676304,53.6743,1.1544
2023-07-18,81.8202881596,52.5909,1.1311
2023-07-19,80.2642763404,51.5907,1.1095
2023-07-20,80.0049410372,51.424,1.106
2023-07-21,80.52361164359999,51.7574,1.1131
2023-07-24,80.1346086888,51.5074,1.1078
2023-07-25,82.2092911144,52.8409,1.1364
2023-07-26,81.04228225,52.0908,1.1203
2023-07-27,81.1719499016,52.1741,1.1221
2023-07-28,83.5059676304,53.6743,1.1544
2023-07-31,83.635635282,53.7577,1.1562
2023-08-01,82.4686264176,53.0076,1.14
2023-08-02,79.4862704308,51.0906,1.0988
2023-08-03,79.4862704308,51.0906,1.0988
2023-08-04,79.87527338560001,51.3407,1.1042
2023-08-07,76.3742467924,49.0904,1.0558
2023-08-08,76.7632497472,49.3404,1.0611
2023-08-09,77.2819203536,49.6738,1.0683
2023-08-10,79.3566027792,51.0073,1.097
2023-08-11,78.0599262632,50.1738,1.0791
2023-08-14,80.0049410372,51.424,1.106
2023-08-15,79.3566027792,51.0073,1.097
2023-08-16,78.0599262632,50.1738,1.0791
2023-08-17,78.3192615664,50.3405,1.0827
2023-08-18,76.1149114892,48.9237,1.0522
2023-08-21,73.0028878508,46.9234,1.0092
2023-08-22,72.2248819412,46.4233,1.1174
2023-08-23,74.16989671520001,47.6735,1.1475
2023-08-24,71.31720838,45.8399,1.1034
2023-08-25,71.965546638,46.2566,1.1134
2023-08-28,73.6512261088,47.3401,1.1395
2023-08-29,76.7632497472,49.3404,1.1876
2023-08-30,76.503914444,49.1737,1.1836
2023-08-31,75.4665732312,48.5069,1.1676
2023-09-04,71.4468760316,45.9232,1.1054
2023-09-05,70.668870122,45.4232,1.0933
2023-09-06,71.31720838,45.8399,1.1034
2023-09-07,68.4645200448,44.0063,1.0592
2023-09-11,72.3545495928,46.5066,1.1194
2023-09-12,72.3545495928,46.5066,1.1194
2023-09-13,70.27986716720001,45.1731,1.0873
2023-09-14,70.4095348188,45.2565,1.0893
2023-09-15,70.27986716720001,45.1731,1.0873
2023-09-18,70.5392024704,45.3398,1.0913
2023-09-19,68.8535229996,44.2563,1.0652
2023-09-20,69.11285830279999,44.423,1.0693
2023-09-21,66.778840574,21.0865,1.0331
2023-09-22,67.427178832,21.2912,1.0432
2023-09-25,67.0381758772,21.1684,1.0372
2023-09-26,66.778840574,21.0865,1.0331
2023-09-27,66.5195052708,21.0046,1.0291
2023-09-28,66.6491729224,21.0455,1.0311
2023-09-29,66.5195052708,21.0046,1.0291
2023-10-03,64.44482284520001,20.3495,0.997
2023-10-04,63.2778139808,19.981,0.979
2023-10-05,63.537149283999995,20.0629,0.983
2023-10-06,64.57449049680001,20.3904,0.999
2023-10-09,63.537149283999995,20.0629,0.983
2023-10-10,64.7041581484,20.4314,1.001
2023-10-11,67.0381758772,21.1684,1.0372
2023-10-12,66.778840574,21.0865,1.0331
2023-10-13,66.0008346644,20.8408,1.0211
2023-10-16,63.796484587200005,20.1448,0.987
2023-10-17,63.6668169356,20.1038,0.985
2023-10-18,60.943796252,19.244,0.9429
2023-10-19,60.6844609488,19.1621,0.9389
2023-10-20,60.1657903424,18.9983,0.9308
2023-10-24,59.1284491296,18.6708,0.9148
2023-10-25,59.2581167812,18.7117,0.9168
2023-10-26,58.8691138264,18.5889,0.9108
2023-10-27,61.07346390359999,19.2849,0.9449
2023-10-30,61.59213451,19.4487,0.9529
2023-10-31,59.7767873876,18.8755,0.9248
2023-11-01,59.9064550392,18.9164,0.9268
2023-11-02,59.7767873876,18.8755,0.9248
2023-11-03,62.3701404196,19.6944,0.9649
2023-11-06,64.9634934516,20.5133,1.0051
2023-11-07,62.888811026000006,19.8582,0.973
2023-11-08,63.796484587200005,20.1448,0.987
2023-11-09,61.98113746479999,19.5715,0.9589
2023-11-10,60.295457993999996,19.0393,0.9328
2023-11-13,61.59213451,19.4487,0.9529
2023-11-14,60.6844609488,19.1621,0.9389
2023-11-15,62.629475722799995,19.7763,0.969
2023-11-16,62.1108051164,19.6125,0.9609
2023-11-17,61.332799206800004,19.3668,0.9489
2023-11-20,63.0184786776,19.8991,0.975
2023-11-21,63.9261522388,20.1857,0.989
2023-11-22,63.537149283999995,20.0629,0.983
2023-11-23,65.0931611032,20.5542,1.0071
2023-11-24,63.0184786776,19.8991,0.975
2023-11-27,62.3701404196,19.6944,0.9649
2023-11-28,61.332799206800004,19.3668,0.9489
2023-11-29,58.6097785232,18.507,0.9068
2023-11-30,57.831772613599995,18.2613,0.8947
2023-12-01,57.5724373104,18.1794,0.8907
2023-12-04,57.4427696588,18.1385,0.8887
2023-12-05,57.183434355600006,18.0566,0.8847
2023-12-06,56.7944314008,17.9338,0.8787
2023-12-07,56.7944314008,17.9338,0.8787
2023-12-08,56.924099052399995,17.9747,0.8807
2023-12-11,57.053766704,18.0156,0.8827
2023-12-12,55.757090188,17.6062,0.8626
2023-12-13,55.497754884799996,17.5243,0.8586
2023-12-14,55.8867578396,17.6471,0.8646
2023-12-15,57.702104962,18.2204,0.8927
2023-12-18,56.016425491199996,17.6881,0.8666
2023-12-19,55.368087233199994,17.4834,0.8566
2023-12-20,55.757090188,17.6062,0.8626
2023-12-21,56.405428446,17.8109,0.8727
2023-12-22,57.831772613599995,18.2613,0.8947
2023-12-27,58.2207755684,18.3841,0.9007
2023-12-28,61.2031315552,19.3259,0.9469
2023-12-29,62.4998080712,19.7353,0.9669
2024-01-02,61.8514698132,19.5306,0.9569
2024-01-03,62.7591433744,19.8172,0.971
2024-01-04,61.721802161599996,19.4896,0.9549
2024-01-05,61.07346390359999,19.2849,0.9449
2024-01-08,60.5547932972,19.1211,0.9369
2024-01-09,62.629475722799995,19.7763,0.969
2024-01-10,62.3701404196,19.6944,0.9649
2024-01-11,62.3701404196,19.6944,0.9649
2024-01-12,62.4998080712,19.7353,0.9669
2024-01-15,62.1108051164,19.6125,0.9609
2024-01-16,61.8514698132,19.5306,0.9569
2024-01-17,56.27576079439999,17.77,0.8707
2024-01-18,57.961440265200004,18.3023,0.8967
2024-01-19,56.535096097600004,17.8519,0.8747
2024-01-22,52.385731246400006,16.5416,0.8105
2024-01-23,53.163737156,16.7873,0.8225
2024-01-24,55.497754884799996,17.5243,0.8586
2024-01-25,56.924099052399995,17.9747,0.8807
2024-01-26,55.8867578396,17.6471,0.8646
2024-01-29,57.831772613599995,18.2613,0.8947
2024-01-30,53.6824077624,16.9511,0.8305
2024-01-31,52.126395943199995,16.4597,0.8065
2024-02-01,53.163737156,16.7873,0.8225
2024-02-02,51.0890547304,16.1322,0.7904
2024-02-05,49.922045866000005,15.7637,0.7724
2024-02-06,53.5527401108,16.9101,0.8285
2024-02-07,52.126395943199995,16.4597,0.8065
2024-02-08,52.9044018528,16.7054,0.8185
2024-02-09,50.829719427200004,16.0503,0.7864
2024-02-14,51.218722381999996,16.1731,0.7924
2024-02-15,51.6077253368,16.296,0.7984
2024-02-16,56.1460931428,17.729,0.8686
2024-02-19,55.627422536400005,17.5653,0.8606
2024-02-20,57.4427696588,18.1385,0.8887
2024-02-21,58.6097785232,18.507,0.9068
2024-02-22,59.2581167812,18.7117,0.9168
2024-02-23,59.2581167812,18.7117,0.9168
2024-02-26,58.2207755684,18.3841,0.9007
2024-02-27,58.8691138264,18.5889,0.9108
2024-02-28,58.35044322,18.4251,0.9027
2024-02-29,55.368087233199994,17.4834,0.8566
2024-03-01,55.627422536400005,17.5653,0.8606
2024-03-04,54.590081323599996,17.2377,0.8446
2024-03-05,51.7373929884,16.3369,0.8004
2024-03-06,50.9593870788,16.0912,0.7884
2024-03-07,50.4407164724,15.9275,0.7804
2024-03-08,48.3660340468,15.2724,0.7483
2024-03-11,49.5330429112,15.6409,0.7663
2024-03-12,52.126395943199995,16.4597,0.8065
2024-03-13,51.47805768520001,16.255,0.7964
2024-03-14,51.9967282916,16.4188,0.8044
2024-03-15,52.126395943199995,16.4597,0.8065
2024-03-18,52.126395943199995,16.4597,0.8065
2024-03-19,50.311048820799996,17.6936,0.7845
2024-03-20,51.9967282916,18.2864,0.8107
2024-03-21,52.515398898,18.4688,0.8188
2024-03-22,52.2560635948,18.3776,0.8148
2024-03-25,51.0890547304,17.9672,0.7966
2024-03-26,50.9593870788,17.9216,0.7946
2024-03-27,50.4407164724,17.7392,0.7865
2024-03-28,50.829719427200004,17.876,0.7925
2024-04-02,50.829719427200004,17.876,0.7925
2024-04-03,50.4407164724,17.7392,0.7865
2024-04-05,48.495701698400005,17.0552,0.7561
2024-04-08,49.662710562799994,17.4656,0.7743
2024-04-09,50.4407164724,17.7392,0.7865
2024-04-10,49.922045866000005,17.5568,0.7784
2024-04-11,49.922045866000005,17.5568,0.7784
2024-04-12,49.662710562799994,17.4656,0.7743
2024-04-15,49.4033752596,17.3744,0.7703
2024-04-16,49.0143723048,17.2376,0.7642
2024-04-17,49.4033752596,17.3744,0.7703
2024-04-18,49.662710562799994,17.4656,0.7743
2024-04-19,48.23636639520001,16.964,0.7521
2024-04-22,49.4033752596,17.3744,0.7703
2024-04-23,49.922045866000005,17.5568,0.7784
2024-04-24,51.3483900336,18.0584,0.8006
2024-04-25,51.7373929884,18.1952,0.8067
2024-04-26,53.5527401108,18.8337,0.835
2024-04-29,54.0714107172,19.0161,0.8431
2024-04-30,53.6824077624,18.8793,0.837
2024-05-02,54.8494166268,19.2897,0.8552
2024-05-03,54.3307460204,19.1073,0.8471
2024-05-06,54.8494166268,19.2897,0.8552
2024-05-07,54.460413672,19.1529,0.8492
2024-05-08,52.126395943199995,18.332,0.8128
2024-05-09,53.812075414,18.9249,0.839
2024-05-10,55.10875193,19.3809,0.8593
2024-05-13,56.535096097600004,19.8825,0.8815
2024-05-14,57.4427696588,20.2017,0.8957
2024-05-16,56.405428446,19.8369,0.8795
2024-05-17,57.3131020072,20.1561,0.8936
2024-05-20,58.2207755684,20.4753,0.9078
2024-05-21,55.368087233199994,19.4721,0.8633
2024-05-22,56.016425491199996,19.7001,0.8734
2024-05-23,54.590081323599996,19.1985,0.8512
2024-05-24,54.0714107172,19.0161,0.8431
2024-05-27,53.812075414,18.9249,0.839
2024-05-28,53.5527401108,18.8337,0.835
2024-05-29,52.515398898,18.4688,0.8188
2024-05-30,50.311048820799996,17.6936,0.7845
2024-05-31,49.5330429112,17.42,0.7723
2024-06-03,49.792378214399996,17.5112,0.7764
2024-06-04,51.0890547304,17.9672,0.7966
2024-06-05,50.9593870788,17.9216,0.7946
2024-06-06,50.311048820799996,17.6936,0.7845
2024-06-07,50.311048820799996,17.6936,0.7845
2024-06-11,49.1440399564,17.2832,0.7663
2024-06-12,49.5330429112,17.42,0.7723
2024-06-13,49.662710562799994,17.4656,0.7743
2024-06-14,49.273707608,17.3288,0.7683
2024-06-17,47.977031092,16.8728,0.7481
2024-06-18,48.3660340468,17.0096,0.7541
2024-06-19,49.4033752596,17.3744,0.7703
2024-06-20,48.495701698400005,17.0552,0.7561
2024-06-21,47.458360485600004,16.6904,0.74
2024-06-24,46.2913516212,16.2799,0.7218
2024-06-25,46.421019272799995,16.3255,0.7238
2024-06-26,46.2913516212,16.2799,0.7218
2024-06-27,46.032016318000004,16.1887,0.7177
2024-06-28,45.77268101479999,16.0975,0.7137
2024-07-02,45.77268101479999,16.0975,0.7137
2024-07-03,46.5506869244,16.3711,0.7258
2024-07-04,46.421019272799995,16.3255,0.7238
2024-07-05,46.032016318000004,16.1887,0.7177
2024-07-08,44.735339802,15.7327,0.6975
2024-07-09,43.9573338924,15.4591,0.6854
2024-07-10,43.6979985892,15.3679,0.6813
2024-07-11,45.2540104084,15.9151,0.7056
2024-07-12,46.032016318000004,16.1887,0.7177
2024-07-15,44.735339802,15.7327,0.6975
2024-07-16,44.087001543999996,15.5047,0.6874
2024-07-17,44.087001543999996,15.5047,0.6874
2024-07-18,44.6056721504,15.6871,0.6955
2024-07-19,43.8276662408,15.4135,0.6834
2024-07-22,42.9199926796,15.0943,0.6692
2024-07-23,41.8826514668,14.7295,0.653
2024-07-24,41.2343132088,14.5015,0.6429
2024-07-25,40.4563072992,14.2278,0.6308
2024-07-26,40.845310254,14.3647,0.6369
2024-07-29,40.5859749508,14.2734,0.6328
2024-07-30,40.0673043444,14.091,0.6247
2024-07-31,41.493648512,14.5927,0.647
2024-08-01,40.9749779056,14.4103,0.6389
2024-08-02,40.845310254,14.3647,0.6369
2024-08-05,40.4563072992,14.2278,0.6308
2024-08-06,42.4013220732,14.9119,0.6611
2024-08-07,42.4013220732,14.9119,0.6611
2024-08-08,41.8826514668,14.7295,0.653
2024-08-09,41.6233161636,14.6383,0.649
2024-08-12,40.845310254,14.3647,0.6369
2024-08-13,40.5859749508,14.2734,0.6328
2024-08-14,40.4563072992,14.2278,0.6308
2024-08-15,40.196971996,14.1366,0.6268
2024-08-16,40.845310254,14.3647,0.6369
2024-08-19,41.2343132088,14.5015,0.6429
2024-08-20,42.790325028000005,15.0487,0.6672
2024-08-21,41.6233161636,14.6383,0.649
2024-08-22,41.3639808604,14.5471,0.6449
2024-08-23,40.5859749508,14.2734,0.6328
2024-08-26,40.845310254,12.6819,0.6042
2024-08-27,44.4760044988,13.8092,0.6579
2024-08-28,44.9946751052,13.9702,0.6656
2024-08-29,46.421019272799995,14.4131,0.6867
2024-08-30,46.032016318000004,14.2923,0.6809
2024-09-02,45.124342756800004,14.0105,0.6675
2024-09-03,44.9946751052,13.9702,0.6656
2024-09-04,44.9946751052,13.9702,0.6656
2024-09-05,44.3463368472,13.7689,0.656
2024-09-09,43.6979985892,13.5676,0.6464
2024-09-10,43.438663286,13.4871,0.6425
2024-09-11,43.438663286,13.4871,0.6425
2024-09-12,45.38367806,14.091,0.6713
2024-09-13,44.9946751052,13.9702,0.6656
2024-09-16,43.9573338924,13.6481,0.6502
2024-09-17,43.9573338924,13.6481,0.6502
2024-09-19,44.9946751052,13.9702,0.6656
2024-09-20,44.735339802,13.8897,0.6617
2024-09-23,44.087001543999996,13.6884,0.6521
2024-09-24,45.9023486664,14.252,0.679
2024-09-25,45.6430133632,14.1715,0.6752
2024-09-26,49.273707608,15.2988,0.7289
2024-09-27,52.2560635948,16.2248,0.773
2024-09-30,56.27576079439999,17.4728,0.8324
2024-10-02,60.6844609488,18.8417,0.8976
2024-10-03,59.647119736,18.5196,0.8823
2024-10-04,61.98113746479999,19.2443,0.9168
2024-10-07,64.9634934516,20.1703,0.9609
2024-10-08,55.10875193,17.1105,0.8152
2024-10-09,52.515398898,16.3053,0.7768
2024-10-10,55.2384195816,17.1508,0.8171
2024-10-14,53.5527401108,16.6274,0.7922
2024-10-15,50.4407164724,15.6611,0.7461
2024-10-16,50.0517135176,15.5404,0.7404
2024-10-17,48.3660340468,15.017,0.7154
2024-10-18,50.0517135176,15.5404,0.7404
2024-10-21,49.4033752596,15.3391,0.7308
2024-10-22,50.0517135176,15.5404,0.7404
2024-10-23,50.57038412399999,15.7014,0.748
2024-10-24,48.62536935,15.0975,0.7193
2024-10-25,49.273707608,15.2988,0.7289
2024-10-28,50.57038412399999,15.7014,0.748
2024-10-29,50.57038412399999,15.7014,0.748
2024-10-30,50.1813811692,15.5806,0.7423
2024-10-31,50.4407164724,15.6611,0.7461
2024-11-01,51.218722381999996,15.9027,0.7576
2024-11-04,53.293404807600005,16.5469,0.7883
2024-11-05,54.460413672,16.9092,0.8056
2024-11-06,53.5527401108,16.6274,0.7922
2024-11-07,55.2384195816,17.1508,0.8171
2024-11-08,54.201078368800005,16.8287,0.8017
2024-11-11,53.5527401108,16.6274,0.7922
2024-11-12,53.5527401108,16.6274,0.7922
2024-11-13,52.2560635948,16.2248,0.773
2024-11-14,50.57038412399999,15.7014,0.748
2024-11-15,50.829719427200004,15.7819,0.7519
2024-11-18,51.0890547304,15.8624,0.7557
2024-11-19,50.57038412399999,15.7014,0.748
2024-11-20,51.0890547304,15.8624,0.7557
2024-11-21,50.311048820799996,15.6209,0.7442
2024-11-22,48.23636639520001,14.9767,0.7135
2024-11-25,49.0143723048,15.2183,0.725
2024-11-26,48.7550370016,15.1378,0.7212
2024-11-27,50.1813811692,15.5806,0.7423
2024-11-28,49.792378214399996,15.4598,0.7365
2024-11-29,50.0517135176,15.5404,0.7404
2024-12-02,50.7000517756,15.7417,0.75
2024-12-03,50.9593870788,15.8222,0.7538
2024-12-04,50.7000517756,15.7417,0.75
2024-12-05,50.1813811692,15.5806,0.7423
2024-12-06,50.57038412399999,15.7014,0.748
2024-12-09,52.385731246400006,16.265,0.7749
2024-12-10,51.7373929884,16.0637,0.7653
2024-12-11,52.126395943199995,16.1845,0.7711
2024-12-12,52.515398898,16.3053,0.7768
2024-12-13,51.218722381999996,15.9027,0.7576
2024-12-16,50.311048820799996,15.6209,0.7442
2024-12-17,50.7000517756,15.7417,0.75
2024-12-18,51.7373929884,16.0637,0.7653
2024-12-19,51.3483900336,15.943,0.7595
2024-12-20,51.47805768520001,15.9832,0.7615
2024-12-23,52.126395943199995,16.1845,0.7711
2024-12-24,53.163737156,16.5066,0.7864
2024-12-27,52.515398898,16.3053,0.7768
2024-12-30,51.47805768520001,15.9832,0.7615
2024-12-31,51.6077253368,16.0235,0.7634
2025-01-02,51.6077253368,16.0235,0.7634
2025-01-03,51.218722381999996,15.9027,0.7576
2025-01-06,50.9593870788,15.8222,0.7538
2025-01-07,51.6077253368,16.0235,0.7634
2025-01-08,50.57038412399999,15.7014,0.748
2025-01-09,50.311048820799996,15.6209,0.7442
2025-01-10,49.792378214399996,15.4598,0.7365
2025-01-13,49.0143723048,15.2183,0.725
2025-01-14,49.662710562799994,15.4196,0.7346
2025-01-15,49.273707608,15.2988,0.7289
2025-01-16,49.273707608,15.2988,0.7289
2025-01-17,49.4033752596,15.3391,0.7308
2025-01-20,49.5330429112,15.3793,0.7327
2025-01-21,49.662710562799994,15.4196,0.7346
2025-01-22,48.495701698400005,15.0572,0.7173
2025-01-23,47.977031092,14.8962,0.7097
2025-01-24,48.495701698400005,15.0572,0.7173
2025-01-27,49.273707608,15.2988,0.7289
2025-01-28,48.495701698400005,15.0572,0.7173
2025-02-03,49.5330429112,15.3793,0.7327
2025-02-04,49.792378214399996,15.4598,0.7365
2025-02-05,50.0517135176,15.5404,0.7404
2025-02-06,51.47805768520001,15.9832,0.7615
2025-02-07,51.6077253368,16.0235,0.7634
2025-02-10,51.218722381999996,15.9027,0.7576
2025-02-11,50.57038412399999,15.7014,0.748
2025-02-12,51.0890547304,15.8624,0.7557
2025-02-13,49.5330429112,15.3793,0.7327
2025-02-14,52.126395943199995,16.1845,0.7711
2025-02-17,53.5527401108,16.6274,0.7922
2025-02-18,52.2560635948,16.2248,0.773
2025-02-19,52.385731246400006,16.265,0.7749
2025-02-20,57.3131020072,17.7949,0.8478
2025-02-21,55.627422536400005,17.2715,0.8228
2025-02-24,54.0714107172,16.7884,0.7998
2025-02-25,53.293404807600005,16.5469,0.7883
2025-02-26,55.10875193,17.1105,0.8152
2025-02-27,55.497754884799996,17.2313,0.8209
2025-02-28,53.293404807600005,16.5469,0.7883
2025-03-03,51.86706064,16.104,0.7672
2025-03-04,52.385731246400006,16.265,0.7749
2025-03-05,52.9044018528,16.4261,0.7826
2025-03-06,53.9417430656,16.7482,0.7979
2025-03-07,54.460413672,16.9092,0.8056
2025-03-10,54.460413672,16.9092,0.8056
2025-03-11,54.590081323599996,16.9495,0.8075
2025-03-12,54.201078368800005,16.8287,0.8017
2025-03-13,53.812075414,16.7079,0.796
2025-03-14,55.627422536400005,17.2715,0.8228
2025-03-17,55.627422536400005,17.2715,0.8228
2025-03-18,57.053766704,17.7144,0.8439
2025-03-19,56.7944314008,17.6339,0.8401
2025-03-20,56.6647637492,17.5936,0.8382
2025-03-21,54.8494166268,17.03,0.8113
2025-03-24,55.10875193,17.1105,0.8152
2025-03-25,53.812075414,8.8062,0.802
2025-03-26,52.6450665496,8.6152,0.7846
2025-03-27,51.47805768520001,8.4243,0.7672
2025-03-28,49.662710562799994,8.1272,0.7402
2025-03-31,48.23636639520001,7.8938,0.7189
2025-04-01,49.922045866000005,8.1696,0.744
2025-04-02,49.662710562799994,8.1272,0.7402
2025-04-03,49.792378214399996,8.1484,0.7421
2025-04-07,43.3089956344,7.0874,0.6455
2025-04-08,44.4760044988,7.2784,0.6629
2025-04-09,45.38367806,7.4269,0.6764
2025-04-10,46.421019272799995,7.5967,0.6918
2025-04-11,46.5506869244,7.6179,0.6938
2025-04-14,46.680354576000006,7.6391,0.6957
2025-04-15,45.9023486664,7.5118,0.6841
2025-04-16,44.735339802,7.3208,0.6667
2025-04-17,45.2540104084,7.4057,0.6744
2025-04-22,47.328692833999995,7.7452,0.7054
2025-04-23,47.977031092,7.8513,0.715
2025-04-24,48.1066987436,7.8725,0.717
2025-04-25,47.588028137200006,7.7877,0.7092
2025-04-28,46.9396898792,7.6816,0.6996
2025-04-29,47.458360485600004,7.7664,0.7073
2025-04-30,47.458360485600004,7.7664,0.7073
2025-05-02,47.588028137200006,7.7877,0.7092
2025-05-06,48.23636639520001,7.8938,0.7189
2025-05-07,48.3660340468,7.915,0.7208
2025-05-08,48.3660340468,7.915,0.7208
2025-05-09,48.1066987436,7.8725,0.717
2025-05-12,49.4033752596,8.0847,0.7363
2025-05-13,48.7550370016,7.9786,0.7266
2025-05-14,49.0143723048,8.0211,0.7305
2025-05-15,48.62536935,7.9574,0.7247
2025-05-16,49.5330429112,8.106,0.7382
2025-05-19,50.0517135176,8.1908,0.746
2025-05-20,50.311048820799996,8.2333,0.7498
2025-05-21,50.829719427200004,8.3182,0.7575
2025-05-22,49.662710562799994,8.1272,0.7402
2025-05-23,50.9593870788,8.3394,0.7595
2025-05-26,50.829719427200004,8.3182,0.7575
2025-05-27,52.6450665496,8.6152,0.7846
2025-05-28,51.9967282916,8.5091,0.7749
2025-05-29,52.9044018528,8.6577,0.7885
2025-05-30,53.4230724592,8.7425,0.7962
2025-06-02,52.515398898,8.594,0.7827
2025-06-03,52.6450665496,8.6152,0.7846
2025-06-04,52.2560635948,8.5516,0.7788
2025-06-05,52.2560635948,8.5516,0.7788
2025-06-06,52.385731246400006,8.5728,0.7807
2025-06-09,53.293404807600005,8.7213,0.7943
2025-06-10,52.385731246400006,8.5728,0.7807
2025-06-11,52.515398898,8.594,0.7827
2025-06-12,53.163737156,8.7001,0.7923
2025-06-13,52.515398898,8.594,0.7827
2025-06-16,53.9417430656,8.8274,0.8039
2025-06-17,53.034069504399994,8.6789,0.7904
2025-06-18,52.7747342012,8.6365,0.7865
2025-06-19,50.57038412399999,8.2757,0.7537
2025-06-20,50.57038412399999,8.2757,0.7537
2025-06-23,50.9593870788,8.3394,0.7595
2025-06-24,51.9967282916,8.5091,0.7749
2025-06-25,52.6450665496,8.6152,0.7846
2025-06-26,52.515398898,8.594,0.7827
2025-06-27,52.7747342012,8.6365,0.7865
2025-06-30,53.163737156,8.7001,0.7923
2025-07-02,54.0714107172,8.8486,0.8059
2025-07-03,54.460413672,8.9123,0.8117
2025-07-04,53.5527401108,8.7638,0.7981
2025-07-07,53.5527401108,8.7638,0.7981
2025-07-08,53.5527401108,8.7638,0.7981
2025-07-09,53.163737156,8.7001,0.7923
2025-07-10,53.5527401108,8.7638,0.7981
2025-07-11,54.719748975200005,8.9547,0.8155
2025-07-14,54.3307460204,8.8911,0.8097
2025-07-15,53.6824077624,8.785,0.8001
2025-07-16,52.6450665496,8.6152,0.7846
2025-07-17,53.4230724592,8.7425,0.7962
2025-07-18,53.5527401108,8.7638,0.7981
2025-07-21,52.9044018528,8.6577,0.7885
2025-07-22,54.590081323599996,8.9335,0.8136
2025-07-23,54.460413672,8.9123,0.8117
2025-07-24,57.4427696588,9.4004,0.8561
2025-07-25,56.924099052399995,9.3155,0.8484
2025-07-28,56.6647637492,9.273,0.8445
2025-07-29,58.091107916800006,9.5065,0.8658
2025-07-30,59.9064550392,9.8035,0.8928
2025-07-31,57.702104962,9.4428,0.86
2025-08-01,57.4427696588,9.4004,0.8561
2025-08-04,48.495701698400005,7.9362,0.7228
2025-08-05,47.977031092,7.8513,0.715
2025-08-06,47.7176957888,7.8089,0.7112
2025-08-07,49.0143723048,8.0211,0.7305
2025-08-08,48.7550370016,7.9786,0.7266
2025-08-11,48.8847046532,7.9999,0.7286
2025-08-12,49.0143723048,8.0211,0.7305
2025-08-13,49.792378214399996,8.1484,0.7421
2025-08-14,49.792378214399996,8.1484,0.7421
2025-08-15,49.792378214399996,8.1484,0.7421
2025-08-18,50.7000517756,8.2969,0.7556
2025-08-19,50.311048820799996,8.2333,0.7498
2025-08-20,49.792378214399996,8.1484,0.7421
2025-08-21,49.4033752596,8.0847,0.7363
2025-08-22,49.662710562799994,8.1272,0.7402
2025-08-25,49.792378214399996,8.1484,0.7421
2025-08-26,49.662710562799994,9.6066,0.7022
2025-08-27,48.23636639520001,9.3307,0.6821
2025-08-28,47.0693575308,9.1049,0.6656
2025-08-29,47.328692833999995,9.1551,0.6692
2025-09-01,47.7176957888,9.2303,0.6747
2025-09-02,47.328692833999995,9.1551,0.6692
2025-09-03,47.0693575308,9.1049,0.6656
2025-09-04,45.9023486664,8.8792,0.6491
2025-09-05,46.9396898792,9.0798,0.6637
2025-09-08,47.7176957888,9.2303,0.6747
2025-09-09,47.458360485600004,9.1802,0.6711
2025-09-10,47.1990251824,9.13,0.6674
2025-09-11,47.0693575308,9.1049,0.6656
2025-09-12,47.7176957888,9.2303,0.6747
2025-09-15,47.458360485600004,9.1802,0.6711
2025-09-16,47.458360485600004,9.1802,0.6711
2025-09-17,47.7176957888,9.2303,0.6747
2025-09-18,46.8100222276,9.0548,0.6619
2025-09-19,47.1990251824,9.13,0.6674
2025-09-22,46.2913516212,8.9544,0.6546
2025-09-23,45.2540104084,8.7538,0.6399
2025-09-24,45.2540104084,8.7538,0.6399
2025-09-25,44.6056721504,8.6284,0.6307
2025-09-26,44.6056721504,8.6284,0.6307
2025-09-29,44.9946751052,8.7036,0.6362
2025-09-30,45.513345711599996,8.8039,0.6436
2025-10-02,44.86500745359999,8.6785,0.6344
2025-10-03,44.9946751052,8.7036,0.6362
2025-10-06,44.9946751052,8.7036,0.6362
2025-10-08,44.735339802,8.6534,0.6326
2025-10-09,45.2540104084,8.7538,0.6399
2025-10-10,45.513345711599996,8.8039,0.6436
2025-10-13,44.86500745359999,8.6785,0.6344
2025-10-14,43.9573338924,8.5029,0.6216
2025-10-15,44.735339802,8.6534,0.6326
2025-10-16,45.2540104084,8.7538,0.6399
2025-10-17,43.9573338924,8.5029,0.6216
2025-10-20,44.3463368472,8.5782,0.6271
2025-10-21,44.735339802,8.6534,0.6326
2025-10-22,44.86500745359999,8.6785,0.6344
2025-10-23,44.735339802,8.6534,0.6326
2025-10-24,44.86500745359999,8.6785,0.6344
2025-10-27,44.735339802,8.6534,0.6326
2025-10-28,44.6056721504,8.6284,0.6307
2025-10-30,44.3463368472,8.5782,0.6271
2025-10-31,43.8276662408,8.4779,0.6197
2025-11-03,43.6979985892,8.4528,0.6179
2025-11-04,43.1793279828,8.3525,0.6106
2025-11-05,42.9199926796,8.3023,0.6069
2025-11-06,43.0496603312,8.3274,0.6087
2025-11-07,42.790325028000005,8.2772,0.6051
2025-11-10,43.9573338924,8.5029,0.6216
2025-11-11,43.9573338924,8.5029,0.6216
2025-11-12,44.3463368472,8.5782,0.6271
2025-11-13,44.4760044988,8.6033,0.6289
2025-11-14,44.3463368472,8.5782,0.6271
2025-11-17,43.9573338924,8.5029,0.6216
2025-11-18,43.1793279828,8.3525,0.6106
2025-11-19,43.0496603312,8.3274,0.6087
2025-11-20,43.0496603312,8.3274,0.6087
2025-11-21,42.14198677,8.1518,0.5959
2025-11-24,42.0123191184,8.1267,0.5941
2025-11-25,42.2716544216,8.1769,0.5977
2025-11-26,42.4013220732,8.202,0.5996
2025-11-27,42.5309897248,8.227,0.6014
2025-11-28,42.5309897248,8.227,0.6014
2025-12-01,43.0496603312,8.3274,0.6087
2025-12-02,43.0496603312,8.3274,0.6087
2025-12-03,43.1793279828,8.3525,0.6106
2025-12-04,43.0496603312,8.3274,0.6087
2025-12-05,43.0496603312,8.3274,0.6087
2025-12-08,42.790325028000005,8.2772,0.6051
2025-12-09,42.0123191184,8.1267,0.5941
2025-12-10,42.14198677,8.1518,0.5959
2025-12-11,41.6233161636,8.0515,0.5886
2025-12-12,42.14198677,8.1518,0.5959
2025-12-15,42.14198677,8.1518,0.5959
2025-12-16,41.493648512,8.0264,0.5867
2025-12-17,41.8826514668,8.1016,0.5922
2025-12-18,42.0123191184,8.1267,0.5941
2025-12-19,42.790325028000005,8.2772,0.6051
2025-12-22,42.790325028000005,8.2772,0.6051
2025-12-23,42.5309897248,8.227,0.6014
2025-12-24,42.5309897248,8.227,0.6014
2025-12-29,42.4013220732,8.202,0.5996
2025-12-30,41.493648512,8.0264,0.5867
2025-12-31,41.6233161636,8.0515,0.5886
2026-01-02,41.7529838152,8.0765,0.5904
2026-01-05,43.6979985892,8.4528,0.6179
2026-01-06,44.3463368472,8.5782,0.6271
2026-01-07,43.9573338924,8.5029,0.6216
2026-01-08,43.438663286,8.4026,0.6142
2026-01-09,43.0496603312,8.3274,0.6087
2026-01-12,43.3089956344,8.3775,0.6124
2026-01-13,43.8276662408,8.4779,0.6197
2026-01-14,43.9573338924,8.5029,0.6216
2026-01-15,43.3089956344,8.3775,0.6124
2026-01-16,42.9199926796,8.3023,0.6069
2026-01-19,42.14198677,8.1518,0.5959
2026-01-20,42.0123191184,8.1267,0.5941
2026-01-21,42.4013220732,8.202,0.5996
2026-01-22,42.2716544216,8.1769,0.5977
2026-01-23,42.660657376399996,8.2521,0.6032
2026-01-26,42.790325028000005,8.2772,0.6051
2026-01-27,42.4013220732,8.202,0.5996
2026-01-28,42.4013220732,8.202,0.5996
2026-01-29,42.660657376399996,8.2521,0.6032
2026-01-30,42.0123191184,8.1267,0.5941
2026-02-02,40.845310254,7.901,0.5776
2026-02-03,40.9749779056,7.9261,0.5794
2026-02-04,40.845310254,7.901,0.5776
2026-02-05,41.3639808604,8.0013,0.5849
2026-02-06,40.9749779056,7.9261,0.5794
2026-02-09,41.493648512,8.0264,0.5867
2026-02-10,41.3639808604,8.0013,0.5849
2026-02-11,41.3639808604,8.0013,0.5849
2026-02-12,40.715642602399996,7.8759,0.5757
2026-02-13,40.5859749508,7.8508,0.5739
2026-02-16,40.326639647600004,7.8006,0.5702
2026-02-20,40.0673043444,7.7505,0.5666
2026-02-23,41.1046455572,7.9511,0.5812
2026-02-24,40.196971996,7.7756,0.5684
2026-02-25,40.326639647600004,7.8006,0.5702
2026-02-26,39.2892984348,7.6,0.5556
2026-02-27,39.807969041199996,7.7003,0.5629
2026-03-02,40.0673043444,7.7505,0.5666
2026-03-03,39.6783013896,7.6752,0.5611
2026-03-04,38.7706278284,7.4996,0.5482
2026-03-05,38.5112925252,7.4495,0.5446
2026-03-06,39.6783013896,7.6752,0.5611
2026-03-09,39.1596307832,7.5749,0.5537
2026-03-10,39.1596307832,7.5749,0.5537
2026-03-11,37.7332866156,7.299,0.5336
2026-03-12,38.1222895704,7.3742,0.5391
2026-03-13,36.955280705999996,7.1485,0.5226
2026-03-16,37.2146160092,7.1987,0.5262
2026-03-17,37.2146160092,7.1987,0.5262
2026-03-18,37.2146160092,7.1987,0.5262
2026-03-19,36.4366100996,7.0482,0.5152
2026-03-20,35.2696012352,6.8224,0.4987
2026-03-23,34.361927674,6.6468,0.4859
2026-03-24,35.010265931999996,6.3761,0.4826
2026-03-25,36.306942448,6.6123,0.5005
2026-03-26,36.6959454028,6.6831,0.5058
2026-03-27,35.5289365384,6.4706,0.4897
2026-03-30,34.7509306288,6.3289,0.479
2026-03-31,35.010265931999996,6.3761,0.4826
2026-04-01,35.65860419,6.4942,0.4915
2026-04-02,36.306942448,6.6123,0.5005
2026-04-08,37.4739513124,6.8248,0.5165
2026-04-09,37.4739513124,6.8248,0.5165
2026-04-10,37.862954267199996,6.8957,0.5219
2026-04-13,37.4739513124,6.8248,0.5165
2026-04-14,37.603618964,6.8484,0.5183
2026-04-15,37.084948357600005,6.754,0.5112
2026-04-16,37.3442836608,6.8012,0.5148
2026-04-17,37.2146160092,6.7776,0.513
2026-04-20,37.4739513124,6.8248,0.5165
2026-04-21,37.603618964,6.8484,0.5183
2026-04-22,37.2146160092,6.7776,0.513
2026-04-23,37.4739513124,6.8248,0.5165
2026-04-24,37.4739513124,6.8248,0.5165
2026-04-27,36.8256130544,6.7067,0.5076
2026-04-28,37.084948357600005,6.754,0.5112
2026-04-29,36.955280705999996,6.7303,0.5094
2026-04-30,36.955280705999996,6.7303,0.5094
2026-05-04,37.3442836608,6.8012,0.5148
2026-05-05,37.084948357600005,6.754,0.5112
2026-05-06,36.8256130544,6.7067,0.5076
2026-05-07,37.2146160092,6.7776,0.513
2026-05-08,36.1772747964,6.5887,0.4987
2026-05-11,36.6959454028,6.6831,0.5058
2026-05-12,36.306942448,6.6123,0.5005
2026-05-13,35.7882718416,6.5178,0.4933
2026-05-14,35.9179394932,6.5414,0.4951
2026-05-15,35.5289365384,6.4706,0.4897
2026-05-18,34.6212629772,6.3053,0.4772
2026-05-19,34.8805982804,6.3525,0.4808
2026-05-20,34.1025923708,6.2108,0.4701
2026-05-21,33.1949188096,6.0455,0.4576
2026-05-22,32.676248203200004,5.951,0.4504
2026-05-26,33.5839217644,6.1163,0.4629
2026-05-27,33.065251158,6.0219,0.4558
2026-05-28,33.1949188096,6.0455,0.4576
2026-05-29,33.3245864612,6.0691,0.4593
2026-06-01,34.7509306288,6.3289,0.479
2026-06-02,34.361927674,6.258,0.4736
2026-06-03,34.1025923708,6.2108,0.4701
2026-06-04,33.5839217644,6.1163,0.4629
2026-06-05,33.4542541128,6.0927,0.4611
2026-06-08,33.065251158,6.0219,0.4558
2026-06-09,32.676248203200004,5.951,0.4504
2026-06-10,33.1949188096,6.0455,0.4576
2026-06-11,33.1949188096,6.0455,0.4576
2026-06-12,33.1949188096,6.0455,0.4576
2026-06-15,33.3245864612,6.0691,0.4593
2026-06-16,32.4169129,5.9038,0.4468
2026-06-17,32.0279099452,5.833,0.4415
2026-06-18,31.2499040356,5.6913,0.4308
2026-06-22,31.5092393388,5.7385,0.4343
2026-06-23,31.3795716872,5.7149,0.4325
2026-06-24,31.2499040356,5.6913,0.4308
2026-06-25,31.120236384000002,5.6677,0.429
2026-06-26,31.120236384000002,5.6677,0.429
2026-06-29,32.676248203200004,5.951,0.4504
2026-06-30,30.860901080799998,5.6204,0.4254
2026-07-02,31.120236384000002,5.6677,0.429
2026-07-03,31.6389069904,5.7621,0.4361
2026-07-06,32.0279099452,5.833,0.4415
2026-07-07,30.860901080799998,5.6204,0.4254
2026-07-08,31.6389069904,5.7621,0.4361
2026-07-09,31.2499040356,5.6913,0.4308
2026-07-10,31.3795716872,5.7149,0.4325
2026-07-13,30.860901080799998,5.6204,0.4254
2026-07-14,31.3795716872,5.7149,0.4325
2026-07-15,31.898242293600003,5.8094,0.4397
2026-07-16,33.5839217644,6.1163,0.4629
2026-07-17,32.5465805516,5.9274,0.4486
2026-07-20,33.1949188096,6.0455,0.4576
2026-07-21,33.5839217644,6.1163,0.4629
2026-07-22,32.4169129,5.9038,0.4468
2026-07-23,33.1949188096,6.0455,0.4576
2026-07-24,32.157577596799996,5.8566,0.4433
2026-07-27,33.065251158,6.0219,0.4558
2026-07-28,32.8059158548,5.9747,0.4522
2026-07-29,33.065251158,6.0219,0.4558
2026-07-30,33.4542541128,6.0927,0.4611
2026-07-31,32.9355835064,5.9983,0.454
2026-08-03,33.713589416,6.14,0.4647
2026-08-04,33.065251158,6.0219,0.4558
2026-08-05,33.065251158,6.0219,0.4558
2026-08-06,32.4169129,5.9038,0.4468
2026-08-07,32.8707496806,5.9865,0.4531
2026-08-10,33.4542541128,6.0927,0.4611
2026-08-11,33.3245864612,6.0691,0.4593
2026-08-12,33.1300849838,6.0337,0.4567
2026-08-13,34.4915953256,6.2817,0.4754
2026-08-14,33.9080908934,6.1754,0.4674
2026-08-17,34.4267614998,6.2698,0.4745
2026-08-18,34.1025923708,6.2108,0.4701
2026-08-19,33.9729247192,6.1872,0.4683
2026-08-20,33.713589416,6.14,0.4647
2026-08-21,33.8432570676,6.1636,0.4665
2026-08-24,33.5839217644,6.1163,0.4629
2026-08-25,33.4542541128,6.8965,0.433
2026-08-26,33.3245864612,6.8698,0.4313
2026-08-27,33.0004173322,6.8029,0.4271
2026-08-28,33.065251158,6.8163,0.4279
2026-08-31,32.5465805516,6.7094,0.4212
2026-09-01,32.3520790742,6.6693,0.4187
2026-09-02,32.287245248400005,6.6559,0.4178
2026-09-03,32.5465805516,6.7094,0.4212
2026-09-04,32.676248203200004,6.7361,0.4229
2026-09-07,32.676248203200004,6.7361,0.4229
2026-09-08,33.3245864612,6.8698,0.4313
