trade_date,wind_code,open,high,low,close,volume,amt
2015-12-01,601689.SH,9.73,10.01,9.61,9.77,7158000.0,69790500.0
2015-12-01,601688.SH,14.12,14.4,13.99,14.28,45220000.0,642124000.0
2015-12-02,601688.SH,14.36,15.2,14.22,15.16,85365900.0,1260000684.0
2015-12-02,601689.SH,9.73,9.89,9.09,9.46,5194000.0,49836430.0
2015-12-03,601689.SH,9.55,9.77,9.48,9.75,5154100.0,49737065.0
2015-12-03,601688.SH,15.2,15.93,15.06,15.61,91853800.0,1415007789.0
2015-12-04,601688.SH,15.26,15.39,14.9,15.05,55594800.0,842539194.0000001
2015-12-04,601689.SH,9.75,9.92,9.6,9.79,6020000.0,58815400.0
2015-12-07,601689.SH,9.77,10.25,9.71,10.2,8096200.0,80840557.0
2015-12-07,601688.SH,15.05,15.09,14.64,14.76,44293100.0,660188655.5
2015-12-08,601688.SH,14.67,14.95,14.44,14.47,35349100.0,515036387.0
2015-12-08,601689.SH,10.07,10.16,9.77,9.81,6059500.0,60231430.00000001
2015-12-09,601689.SH,9.82,9.89,9.48,9.54,5154100.0,49891688.0
2015-12-09,601688.SH,14.41,14.66,14.23,14.42,33072800.0,476744412.0
2015-12-10,601688.SH,14.48,15.21,14.46,14.54,61790200.0,896575802.0
2015-12-10,601689.SH,10.49,10.49,10.49,10.49,6752800.0,70836872.0
2015-12-11,601689.SH,10.45,10.59,9.95,10.0,14636500.0,149658212.5
2015-12-11,601688.SH,14.36,14.83,14.19,14.6,41151600.0,595875168.0
2015-12-14,601688.SH,14.38,16.06,14.34,16.06,91350000.0,1390347000.0
2015-12-14,601689.SH,9.69,10.08,9.57,10.04,6624800.0,65353651.99999999
2015-12-15,601689.SH,10.07,10.34,9.96,10.17,7219100.0,73057292.0
2015-12-15,601688.SH,15.91,15.96,15.43,15.61,66933900.0,1054878264.0
2015-12-16,601688.SH,15.71,16.06,15.48,15.71,53087100.0,833998341.0
2015-12-16,601689.SH,10.21,11.19,10.21,11.19,20293700.0,217142590.0
2015-12-17,601689.SH,11.63,11.88,11.24,11.75,36593400.0,427776846.00000006
2015-12-17,601688.SH,15.85,16.2,15.63,15.9,77373600.0,1228305900.0
2015-12-18,601688.SH,15.86,16.06,15.55,15.69,43009900.0,678481172.4999999
2015-12-18,601689.SH,11.47,12.41,11.3,12.04,24424500.0,287109997.5
2015-12-21,601689.SH,11.85,11.98,11.59,11.75,14942700.0,176323860.0
2015-12-21,601688.SH,15.58,16.29,15.57,15.98,63554700.0,1002893166.0000001
2015-12-22,601688.SH,15.9,16.37,15.86,16.31,59788300.0,962890571.5
2015-12-22,601689.SH,11.69,11.81,11.37,11.71,12436600.0,145508220.0
2015-12-23,601689.SH,11.62,11.93,11.53,11.57,12758700.0,147937126.5
2015-12-23,601688.SH,16.31,17.86,16.25,16.78,127694600.0,2112707157.0000002
2015-12-24,601688.SH,16.57,16.72,15.85,16.31,76938900.0,1264875515.9999998
2015-12-24,601689.SH,11.62,11.68,11.29,11.43,8534800.0,98363569.99999999
2015-12-25,601689.SH,11.5,12.01,11.42,11.89,12890200.0,150750889.0
2015-12-25,601688.SH,16.27,16.5,15.97,16.28,37610000.0,612102750.0
2015-12-28,601688.SH,16.42,16.47,15.28,15.33,68317800.0,1084545075.0
2015-12-28,601689.SH,11.89,12.33,11.74,11.89,20752100.0,246742469.0
2015-12-29,601689.SH,11.97,12.97,11.72,12.77,25180500.0,311482785.0
2015-12-29,601688.SH,15.31,15.46,15.11,15.39,51346500.0,788168775.0000001
2015-12-30,601688.SH,15.43,15.46,14.87,15.26,55454400.0,850947767.9999999
2015-12-30,601689.SH,12.56,12.64,12.24,12.39,15006600.0,187207335.00000003
2015-12-31,601689.SH,12.38,12.72,12.02,12.04,12647000.0,154419870.0
2015-12-31,601688.SH,15.2,15.37,14.94,14.99,34338000.0,518332109.99999994
2016-01-04,601688.SH,14.93,15.04,13.49,13.49,48713600.0,692220256.0
2016-01-04,601689.SH,11.93,11.93,10.84,10.84,10515000.0,119713275.0
2016-01-05,601689.SH,9.77,10.72,9.76,10.22,12707200.0,127008464.00000001
2016-01-05,601688.SH,12.83,13.71,12.6,13.36,85745000.0,1122830775.0
2016-01-06,601688.SH,13.29,13.58,13.01,13.53,52526800.0,704384388.0
2016-01-06,601689.SH,10.25,10.6,10.07,10.49,8993100.0,93258447.00000001
2016-01-07,601689.SH,10.18,10.28,9.44,9.44,2989400.0,29326013.999999996
2016-01-07,601688.SH,13.19,13.22,12.18,12.19,14175900.0,179892171.0
2016-01-08,601688.SH,12.6,12.98,11.74,12.53,84358700.0,1059967065.5
2016-01-08,601689.SH,9.67,9.85,8.59,9.18,10439200.0,98389460.0
2016-01-11,601689.SH,8.87,8.99,8.26,8.26,8560300.0,73318969.5
2016-01-11,601688.SH,12.07,12.32,11.43,11.48,65695600.0,773565690.0
2016-01-12,601688.SH,11.59,11.9,11.42,11.51,59789000.0,690562950.0
2016-01-12,601689.SH,8.35,8.49,7.94,8.29,6993400.0,58185088.0
2016-01-13,601689.SH,8.39,8.48,7.93,7.94,5871800.0,47943247.00000001
2016-01-13,601688.SH,11.68,11.79,11.27,11.42,50955700.0,588538335.0
2016-01-14,601688.SH,11.1,11.95,11.03,11.81,46390900.0,531407759.5
2016-01-14,601689.SH,7.57,8.41,7.44,8.31,7620400.0,60505976.0
2016-01-15,601688.SH,11.78,11.83,11.24,11.37,46495200.0,538181940.0
2016-01-15,601689.SH,8.22,8.29,7.65,7.8,5855000.0,46898550.0
2016-01-18,601689.SH,7.63,8.15,7.57,8.0,6133200.0,47930958.0
2016-01-18,601688.SH,11.02,11.68,11.02,11.45,33757000.0,379259895.0
2016-01-19,601688.SH,11.49,12.07,11.37,11.94,45920200.0,537955143.0
2016-01-19,601689.SH,8.04,8.62,7.89,8.54,8657100.0,71767359.0
2016-01-20,601689.SH,8.44,8.73,8.29,8.42,8225300.0,69339279.0
2016-01-20,601688.SH,11.85,12.13,11.75,11.81,47181400.0,558155962.0
2016-01-21,601688.SH,11.6,11.95,11.16,11.3,38429200.0,440014340.0
2016-01-21,601689.SH,8.21,8.55,7.98,8.01,6349000.0,51490390.0
2016-01-22,601689.SH,8.13,8.27,7.93,8.25,5444900.0,44593731.00000001
2016-01-22,601688.SH,11.45,11.59,11.1,11.49,29833300.0,342187950.99999994
2016-01-25,601688.SH,11.49,11.63,11.36,11.52,22622700.0,260274163.49999997
2016-01-25,601689.SH,8.4,8.49,8.27,8.39,4468500.0,37513057.5
2016-01-26,601689.SH,8.23,8.28,7.55,7.63,6629700.0,52573521.0
2016-01-26,601688.SH,11.4,11.41,10.37,10.39,52717600.0,574358252.0
2016-01-27,601688.SH,10.41,10.54,9.79,10.31,63218300.0,654941588.0
2016-01-27,601689.SH,7.68,7.77,7.07,7.58,4893800.0,37339694.0
2016-01-28,601689.SH,7.44,7.56,7.01,7.06,3742400.0,27132400.0
2016-01-28,601688.SH,10.25,10.59,10.02,10.07,45196200.0,459193392.0
2016-01-29,601688.SH,10.19,11.08,10.15,11.08,103990700.0,1105941094.5
2016-01-29,601689.SH,7.06,7.48,7.06,7.4,3455200.0,24981096.0
2016-02-01,601689.SH,7.4,7.56,7.23,7.42,3039200.0,22520472.0
2016-02-01,601688.SH,10.92,10.99,10.48,10.73,75248900.0,814569342.5
2016-02-02,601688.SH,10.71,11.18,10.62,11.01,60763900.0,659895954.0
2016-02-02,601689.SH,7.46,7.76,7.45,7.68,3808000.0,28826560.0
2016-02-03,601689.SH,7.6,7.68,7.44,7.65,3110400.0,23716800.0
2016-02-03,601688.SH,10.77,10.93,10.66,10.86,29329000.0,317193135.0
2016-02-04,601689.SH,7.65,8.02,7.65,7.86,4037500.0,31310812.500000004
2016-02-04,601688.SH,10.94,11.48,10.93,11.17,49954700.0,552249208.5
2016-02-05,601689.SH,7.86,7.97,7.72,7.75,2567100.0,20036215.5
2016-02-05,601688.SH,10.98,11.13,10.78,10.79,37707500.0,410446137.5
2016-02-15,601689.SH,7.29,7.65,7.29,7.58,2821300.0,20976365.5
2016-02-15,601688.SH,10.35,11.05,10.34,10.83,30154600.0,319337214.0
2016-02-16,601688.SH,10.91,11.45,10.89,11.3,46418900.0,515481884.5
2016-02-16,601689.SH,7.64,7.97,7.64,7.95,4418700.0,34443766.5
2016-02-17,601689.SH,7.93,8.11,7.83,8.09,5080100.0,40691601.0
2016-02-17,601688.SH,11.3,11.68,11.22,11.49,49488700.0,563923736.5
2016-02-18,601688.SH,11.52,12.28,11.52,11.64,55225000.0,639505500.0
2016-02-18,601689.SH,8.17,8.9,7.97,8.9,10669600.0,91065036.0
2016-02-19,601689.SH,8.68,9.51,8.68,9.18,18163300.0,162198269.0
2016-02-19,601688.SH,11.55,11.95,11.46,11.78,39520300.0,461004299.49999994
2016-02-22,601688.SH,11.94,12.38,11.78,12.11,60397500.0,726279937.4999999
2016-02-22,601689.SH,9.29,9.69,9.09,9.51,11358600.0,106770839.99999999
2016-02-23,601689.SH,9.43,10.0,9.33,9.7,13187000.0,126133655.0
2016-02-23,601688.SH,12.16,12.16,11.63,11.84,31231700.0,374780400.0
2016-02-24,601688.SH,11.75,11.93,11.4,11.84,36120600.0,426042477.0
2016-02-24,601689.SH,9.56,9.85,9.09,9.31,9974100.0,94105633.5
2016-02-25,601689.SH,9.21,9.5,8.38,8.45,9789400.0,86440402.0
2016-02-25,601688.SH,11.82,11.82,10.66,10.67,60130600.0,676168597.0000001
2016-02-26,601688.SH,10.82,10.98,10.57,10.86,35931300.0,389495292.0
2016-02-26,601689.SH,8.65,8.84,8.37,8.68,8175000.0,70836375.0
2016-02-29,601689.SH,8.65,9.43,7.91,9.12,13105800.0,116445033.0
2016-02-29,601688.SH,10.76,10.76,10.01,10.36,57878700.0,611199071.9999999
2016-03-01,601688.SH,10.45,11.1,10.19,10.75,58463100.0,619708860.0
2016-03-01,601689.SH,9.13,10.03,8.87,9.85,14663100.0,139152819.0
2016-03-02,601689.SH,9.85,10.34,9.46,10.12,15978900.0,159549316.5
2016-03-02,601688.SH,10.72,11.68,10.72,11.58,79746600.0,889174590.0
2016-03-03,601688.SH,11.55,11.96,11.4,11.55,61773200.0,713480460.0
2016-03-03,601689.SH,9.91,10.29,9.86,9.87,10784100.0,106654749.0
2016-03-04,601689.SH,9.78,9.93,9.0,9.21,8924300.0,84736228.50000001
2016-03-04,601688.SH,11.44,11.77,11.33,11.68,83876600.0,969613495.9999999
2016-03-07,601688.SH,11.79,12.13,11.48,11.59,62658400.0,732476696.0
2016-03-07,601689.SH,9.29,9.77,9.29,9.61,6411700.0,60590564.99999999
2016-03-08,601688.SH,11.58,11.58,10.85,11.55,54074800.0,625375062.0000001
2016-03-08,601689.SH,9.59,10.34,9.29,10.21,12415200.0,122910480.0
2016-03-09,601689.SH,10.11,10.47,9.86,10.21,11891500.0,120817640.0
2016-03-09,601688.SH,11.21,11.48,11.1,11.46,43754100.0,495952723.50000006
2016-03-10,601688.SH,11.33,11.46,10.95,10.95,27401700.0,305254938.0
2016-03-10,601689.SH,10.02,10.36,9.74,9.77,7331100.0,72541234.5
2016-03-11,601689.SH,9.55,9.72,9.32,9.58,4560600.0,43622139.00000001
2016-03-11,601688.SH,10.8,11.2,10.8,11.11,25231400.0,276409987.0
2016-03-14,601688.SH,11.23,11.81,11.22,11.4,59701600.0,675523604.0000001
2016-03-14,601689.SH,9.73,10.02,9.49,9.7,10736700.0,104307040.5
2016-03-15,601689.SH,9.51,9.77,9.23,9.45,10433500.0,98909580.0
2016-03-15,601688.SH,11.39,11.78,11.11,11.74,71012200.0,821256093.0000001
2016-03-16,601688.SH,11.49,12.0,11.49,11.84,87919500.0,1025580967.4999999
2016-03-16,601689.SH,9.44,9.6,9.25,9.26,5170700.0,48346045.0
2016-03-17,601689.SH,9.3,9.72,9.23,9.58,7266800.0,68598592.00000001
2016-03-17,601688.SH,11.84,12.27,11.64,11.92,90606200.0,1076401656.0
2016-03-18,601688.SH,11.94,12.81,11.86,12.43,123006900.0,1498839076.4999998
2016-03-18,601689.SH,9.47,10.54,9.4,10.54,17950100.0,179590750.49999997
2016-03-21,601689.SH,10.94,11.59,10.94,11.47,21047200.0,235833876.0
2016-03-21,601688.SH,12.85,13.68,12.83,13.67,211565900.0,2805363834.0
2016-03-22,601688.SH,13.43,13.72,13.12,13.25,92662100.0,1236112414.0
2016-03-22,601689.SH,11.16,11.94,11.05,11.27,15554500.0,174443717.5
2016-03-23,601689.SH,11.42,12.23,11.09,11.89,12709200.0,148125726.0
2016-03-23,601688.SH,13.14,13.45,12.97,13.32,78806000.0,1042603380.0
2016-03-24,601689.SH,11.69,12.8,11.46,11.72,13124400.0,153621102.0
2016-03-24,601688.SH,13.08,13.2,12.73,12.76,64420000.0,832306400.0
2016-03-25,601688.SH,12.73,13.04,12.63,12.92,56159000.0,720239175.0
2016-03-25,601689.SH,11.68,12.06,11.2,11.43,9244700.0,106822508.5
2016-03-28,601688.SH,12.92,13.1,12.59,12.62,43357300.0,553672721.0
2016-03-29,601688.SH,12.58,12.85,12.25,12.54,57450100.0,721573255.9999999
2016-03-30,601688.SH,12.7,13.12,12.7,13.03,64506400.0,829874835.9999999
2016-03-31,601688.SH,13.06,13.39,12.92,13.01,58896200.0,767711967.0
2016-04-01,601688.SH,12.93,13.13,12.7,13.02,47194100.0,612343447.5
2016-04-05,601688.SH,12.85,13.51,12.85,13.25,59050300.0,770606415.0
2016-04-06,601688.SH,13.16,13.36,12.98,13.14,37628600.0,494816090.0
2016-04-07,601688.SH,13.19,13.3,12.76,12.79,40809100.0,530110208.99999994
2016-04-08,601688.SH,12.66,12.72,12.38,12.54,35797200.0,451044720.0
2016-04-11,601688.SH,13.06,13.29,12.95,12.98,83415800.0,1086073716.0
2016-04-12,601688.SH,12.93,13.05,12.72,12.91,37150400.0,479983168.0
2016-04-12,601689.SH,12.54,12.57,12.11,12.57,8832200.0,110888271.0
2016-04-13,601689.SH,12.24,13.62,11.96,12.79,20140300.0,252055854.5
2016-04-13,601688.SH,13.06,13.71,13.02,13.37,98184000.0,1297501560.0
2016-04-14,601688.SH,13.46,13.9,13.38,13.68,69872600.0,948171182.0
2016-04-14,601689.SH,12.83,13.48,12.83,13.02,12495000.0,161497875.0
2016-04-15,601689.SH,12.95,13.38,12.72,12.78,7299400.0,93906780.99999999
2016-04-15,601688.SH,13.61,13.93,13.46,13.75,51692000.0,707146560.0
2016-04-18,601688.SH,13.48,13.65,13.29,13.39,62508300.0,839799010.5
2016-04-18,601689.SH,12.41,13.67,12.33,13.28,9803000.0,125919534.99999999
2016-04-19,601689.SH,13.1,13.45,13.02,13.06,6391400.0,83599512.0
2016-04-19,601688.SH,13.57,13.62,13.24,13.49,42454900.0,574414797.0
2016-04-20,601689.SH,13.04,13.14,11.77,11.85,9720900.0,120976600.5
2016-04-20,601688.SH,13.45,13.53,12.54,13.36,71685100.0,960938765.5
2016-04-21,601688.SH,13.1,13.77,13.08,13.54,75062800.0,999836496.0
2016-04-21,601689.SH,11.76,12.39,11.46,12.06,8125900.0,96779469.0
2016-04-22,601689.SH,11.81,12.27,11.42,11.69,8432900.0,99086575.0
2016-04-22,601688.SH,13.36,13.9,13.31,13.84,54587300.0,742387280.0
2016-04-25,601688.SH,13.74,13.79,13.24,13.45,47315300.0,643251503.5
2016-04-25,601689.SH,11.72,11.8,11.14,11.32,8287600.0,95473152.0
2016-04-26,601689.SH,11.24,11.79,11.24,11.78,6393700.0,73591487.0
2016-04-26,601688.SH,13.39,13.76,13.33,13.65,27463800.0,371310576.0
2016-04-27,601689.SH,11.83,12.57,11.83,12.12,10194400.0,122077940.0
2016-04-27,601688.SH,13.61,13.74,13.35,13.39,36571500.0,493715250.0
2016-04-28,601688.SH,13.43,13.52,13.14,13.3,38816500.0,518782522.5
2016-04-28,601689.SH,12.02,12.28,11.5,12.04,7622600.0,91699878.0
2016-04-29,601689.SH,11.91,11.94,11.67,11.74,4632100.0,54774582.5
2016-04-29,601688.SH,13.19,13.38,13.08,13.24,18428700.0,243535270.5
2016-05-03,601688.SH,13.23,13.68,13.21,13.49,32050500.0,428194680.0
2016-05-03,601689.SH,11.78,12.64,11.69,12.62,9542100.0,116413620.0
2016-05-04,601689.SH,12.58,13.05,12.5,12.75,11369400.0,143993451.0
2016-05-04,601688.SH,13.34,13.63,13.34,13.53,23700100.0,318410843.49999994
2016-05-05,601688.SH,13.43,13.58,13.34,13.49,23682200.0,318762412.0
2016-05-05,601689.SH,12.73,12.79,12.36,12.62,8069300.0,102278377.5
2016-05-06,601689.SH,12.6,12.92,11.81,11.84,9201900.0,112447217.99999999
2016-05-06,601688.SH,13.47,13.6,12.77,12.78,36265000.0,475978125.0
2016-05-09,601688.SH,12.55,12.71,12.31,12.42,41236400.0,514836454.0
2016-05-09,601689.SH,11.59,11.64,10.92,11.38,9474000.0,108808890.0
2016-05-10,601689.SH,11.37,11.57,11.16,11.26,4019100.0,45476116.5
2016-05-10,601688.SH,12.2,12.53,12.1,12.17,32918300.0,401109485.49999994
2016-05-11,601689.SH,11.41,11.64,11.07,11.14,5617100.0,63332802.5
2016-05-11,601688.SH,12.28,12.43,12.1,12.12,31691500.0,386636300.0
2016-05-12,601688.SH,11.86,12.13,11.84,12.09,23147400.0,277190115.0
2016-05-12,601689.SH,10.9,11.29,10.59,11.16,5990500.0,66075215.00000001
2016-05-13,601689.SH,11.07,11.38,10.98,11.3,4382200.0,49014907.0
2016-05-13,601688.SH,12.09,12.18,11.81,11.92,16538100.0,198539890.49999997
2016-05-16,601688.SH,11.92,12.01,11.81,12.0,14249100.0,170419236.0
2016-05-16,601689.SH,11.2,11.28,10.88,11.27,7170100.0,80556073.5
2016-05-17,601689.SH,11.37,11.4,10.81,10.82,7590200.0,84213268.99999999
2016-05-17,601688.SH,12.08,12.27,11.96,12.1,24777200.0,299556348.0
2016-05-18,601688.SH,11.99,12.16,11.79,12.13,32899500.0,396767970.0
2016-05-18,601689.SH,10.85,11.05,10.6,10.77,5405400.0,58432373.99999999
2016-05-19,601689.SH,10.76,10.97,10.69,10.84,7220200.0,77978160.0
2016-05-19,601688.SH,12.03,12.18,11.94,12.11,17023800.0,205477266.0
2016-05-20,601688.SH,12.01,12.36,11.94,12.35,25235300.0,307365954.0
2016-05-20,601689.SH,10.63,10.89,10.53,10.76,5032700.0,53824726.5
2016-05-23,601689.SH,10.76,11.67,10.76,11.55,10684400.0,119184482.00000001
2016-05-23,601688.SH,12.3,12.7,12.3,12.54,36057900.0,447839118.0
2016-05-24,601688.SH,12.46,12.61,12.44,12.56,17645400.0,220743954.00000003
2016-05-24,601689.SH,11.44,11.5,11.05,11.21,7595100.0,86014507.5
2016-05-25,601689.SH,11.3,11.41,11.08,11.31,7194000.0,81328170.0
2016-05-25,601688.SH,12.62,12.95,12.62,12.88,31940800.0,407245200.0
2016-05-26,601688.SH,12.82,13.07,12.78,12.96,23606800.0,304291652.0
2016-05-26,601689.SH,11.24,11.57,10.92,11.56,8296500.0,94580100.0
2016-05-27,601689.SH,11.46,11.75,11.37,11.42,6466200.0,73973328.00000001
2016-05-27,601688.SH,12.92,12.99,12.86,12.9,14058600.0,181496526.0
2016-05-30,601688.SH,12.9,12.98,12.65,12.92,18772100.0,242347811.0
2016-05-30,601689.SH,11.24,11.44,11.03,11.27,4941200.0,55613205.99999999
2016-05-31,601689.SH,11.24,12.15,11.24,12.06,9948900.0,115904685.0
2016-05-31,601688.SH,12.92,14.13,12.92,14.05,60935000.0,821708475.0
2016-06-01,601688.SH,14.05,14.22,13.74,13.74,43156700.0,599662346.5
2016-06-01,601689.SH,12.06,12.24,11.85,11.98,9341800.0,112288436.0
2016-06-02,601689.SH,11.96,12.14,11.74,12.1,7147100.0,85979613.00000001
2016-06-02,601688.SH,13.77,14.14,13.72,13.95,30047000.0,416451420.0
2016-06-03,601688.SH,13.93,14.55,13.79,14.18,37258500.0,523668217.5
2016-06-03,601689.SH,12.11,12.23,11.93,11.98,8110200.0,97687359.0
2016-06-06,601689.SH,12.04,12.07,11.78,11.91,7029400.0,84177065.0
2016-06-06,601688.SH,14.12,14.54,14.1,14.18,26406400.0,373650559.99999994
2016-06-07,601688.SH,14.15,14.53,14.1,14.12,20299800.0,286937673.0
2016-06-07,601689.SH,11.85,12.18,11.63,12.14,10833400.0,129946633.00000001
2016-06-08,601689.SH,12.14,12.62,12.03,12.26,11814300.0,144134460.0
2016-06-08,601688.SH,14.06,14.06,13.44,13.68,39877900.0,553106473.0
2016-06-13,601688.SH,13.38,13.73,13.08,13.1,25638000.0,339447120.0
2016-06-13,601689.SH,11.98,12.67,11.48,11.54,12125700.0,142598232.0
2016-06-14,601689.SH,11.31,11.66,11.24,11.48,6035100.0,68769964.5
2016-06-14,601688.SH,13.01,13.34,12.86,13.14,22660600.0,296287345.0
2016-06-15,601688.SH,12.88,13.77,12.81,13.33,39192700.0,513620333.5
2016-06-15,601689.SH,11.26,12.62,11.26,12.61,16498400.0,196908403.99999997
2016-06-16,601689.SH,12.52,12.75,12.37,12.55,10843000.0,135917005.0
2016-06-16,601688.SH,13.28,13.46,13.08,13.17,18717600.0,247540260.0
2016-06-17,601688.SH,13.19,13.52,13.18,13.3,28171000.0,373124895.0
2016-06-17,601689.SH,12.54,12.8,12.44,12.66,12558600.0,158238360.0
2016-06-20,601689.SH,12.78,13.41,12.75,13.11,13411900.0,173617045.5
2016-06-20,601688.SH,13.56,13.66,13.32,13.41,17350500.0,233971492.5
2016-06-21,601688.SH,13.61,14.19,13.5,13.55,49781600.0,676034128.0
2016-06-21,601689.SH,13.15,13.35,12.5,12.58,9500900.0,122229078.5
2016-06-22,601689.SH,12.55,13.41,12.42,13.32,7737200.0,100080682.0
2016-06-22,601688.SH,13.53,13.99,13.41,13.88,26302600.0,360477133.0
2016-06-23,601688.SH,13.75,13.93,13.68,13.81,19299200.0,265942976.00000003
2016-06-23,601689.SH,13.42,13.45,12.67,13.14,7743000.0,102827040.00000001
2016-06-24,601689.SH,13.1,13.36,12.46,12.91,8458700.0,110005393.49999999
2016-06-24,601688.SH,13.83,14.18,13.31,13.64,35573100.0,488596528.5
2016-06-27,601688.SH,13.59,13.99,13.58,13.91,24553800.0,337614750.0
2016-06-27,601689.SH,12.84,14.21,12.76,14.21,12892000.0,174364300.0
2016-06-28,601689.SH,14.57,14.94,14.1,14.4,17660100.0,255806548.5
2016-06-28,601688.SH,13.84,14.35,13.68,14.2,41712200.0,584805044.0
2016-06-29,601688.SH,14.29,14.45,14.07,14.09,36725000.0,521127750.0
2016-06-29,601689.SH,14.41,14.44,13.98,14.29,9587600.0,137582060.0
2016-06-30,601689.SH,14.25,14.63,14.13,14.25,7805100.0,111222675.0
2016-06-30,601688.SH,14.22,14.75,14.22,14.38,50012300.0,715175890.0
2016-07-01,601688.SH,14.43,14.66,14.3,14.35,25012500.0,359929875.0
2016-07-01,601689.SH,14.25,15.18,14.17,14.35,10482800.0,149904040.0
2016-07-04,601689.SH,14.06,14.66,13.92,14.28,8006700.0,113454939.0
2016-07-04,601688.SH,14.29,15.79,14.16,15.51,87327100.0,1301173789.9999998
2016-07-05,601688.SH,15.33,16.04,15.31,15.58,61991300.0,958075541.5
2016-07-05,601689.SH,14.26,14.27,13.97,14.18,5922200.0,84213684.0
2016-07-06,601689.SH,14.18,14.18,13.69,13.75,8497900.0,118673173.5
2016-07-06,601688.SH,15.48,15.62,15.2,15.36,42241100.0,651357762.0
2016-07-07,601688.SH,15.43,15.45,14.94,15.13,42464500.0,648857560.0
2016-07-07,601689.SH,13.8,14.15,13.69,13.96,6922600.0,96085688.0
2016-07-08,601689.SH,13.96,14.05,13.7,13.76,4620100.0,64034586.0
2016-07-08,601688.SH,15.13,15.43,15.07,15.28,30397800.0,462198549.0
2016-07-11,601688.SH,15.36,15.96,15.23,15.33,54332200.0,833727608.9999999
2016-07-11,601689.SH,13.75,14.01,13.49,13.74,6413500.0,88153557.5
2016-07-12,601689.SH,13.71,13.82,13.16,13.54,7466100.0,101725612.5
2016-07-12,601688.SH,15.32,15.95,15.12,15.78,53603600.0,833535980.0
2016-07-13,601688.SH,15.86,16.65,15.86,16.13,60295100.0,964420124.5
2016-07-13,601689.SH,13.47,13.75,13.28,13.57,6061800.0,81955536.0
2016-07-14,601689.SH,13.6,14.16,13.55,13.97,7437900.0,102531451.5
2016-07-14,601688.SH,16.19,16.33,15.93,16.09,30721400.0,495843396.0
2016-07-15,601688.SH,16.04,16.18,15.77,15.83,23755200.0,378539111.99999994
2016-07-15,601689.SH,13.93,14.13,13.66,13.67,5088100.0,70215780.0
2016-07-18,601689.SH,13.41,13.6,12.89,12.92,11377100.0,149779521.5
2016-07-18,601688.SH,15.58,15.71,15.07,15.22,41495900.0,639036860.0
2016-07-19,601688.SH,15.23,15.48,15.05,15.43,26508100.0,406369173.0
2016-07-19,601689.SH,12.9,13.1,12.84,13.01,4250000.0,55058750.0
2016-07-20,601689.SH,13.03,13.22,12.93,13.11,4447500.0,58128825.0
2016-07-20,601688.SH,15.42,15.56,15.26,15.26,17961500.0,275529410.0
2016-07-21,601688.SH,15.26,15.81,15.26,15.57,32614900.0,502758683.5
2016-07-21,601689.SH,13.12,13.23,12.94,13.13,5915300.0,77638312.5
2016-07-22,601688.SH,15.57,15.57,15.22,15.35,25438800.0,393283848.0
2016-07-22,601689.SH,13.13,13.57,13.05,13.1,7717100.0,101209766.5
2016-07-25,601689.SH,13.1,13.1,12.65,12.73,6589300.0,85100809.5
2016-07-25,601688.SH,15.36,15.42,15.13,15.23,16448500.0,251579807.5
2016-07-26,601688.SH,15.17,15.5,15.11,15.47,23218000.0,355699760.0
2016-07-26,601689.SH,12.78,12.96,12.69,12.95,4480500.0,57641632.49999999
2016-07-27,601689.SH,13.0,13.06,11.78,12.27,9795700.0,123768669.5
2016-07-27,601688.SH,15.47,15.53,14.44,15.16,47274500.0,724008967.5000001
2016-07-28,601688.SH,14.96,14.96,14.19,14.66,49635600.0,735103236.0
2016-07-28,601689.SH,12.2,12.2,11.9,12.11,4529200.0,55052426.0
2016-07-29,601689.SH,12.16,12.39,11.94,12.27,4668200.0,57022063.0
2016-07-29,601688.SH,14.68,14.69,14.22,14.33,25189500.0,365373697.5
2016-08-01,601689.SH,12.23,12.24,11.65,11.75,5233500.0,62749665.0
2016-08-01,601688.SH,14.32,14.43,14.05,14.25,19530300.0,278990335.5
2016-08-02,601688.SH,14.34,14.43,14.23,14.38,11829700.0,169874492.0
2016-08-02,601689.SH,11.75,11.95,11.72,11.9,3095600.0,36605470.0
2016-08-03,601688.SH,14.25,14.65,14.25,14.62,23042900.0,332624261.5
2016-08-03,601689.SH,11.91,12.02,11.78,11.93,2177500.0,25955800.0
2016-08-04,601688.SH,14.56,14.63,14.36,14.54,19483700.0,283487835.0
2016-08-04,601689.SH,11.95,12.5,11.92,12.39,5427800.0,66056326.0
2016-08-05,601689.SH,12.4,12.4,12.12,12.19,3348500.0,41169807.5
2016-08-05,601688.SH,14.52,14.72,14.39,14.6,21209000.0,308803040.0
2016-08-08,601688.SH,14.56,14.66,14.31,14.65,15794000.0,230671370.0
2016-08-08,601689.SH,12.18,12.25,11.99,12.23,2506500.0,30591832.5
2016-08-09,601689.SH,12.27,12.49,12.23,12.34,2673600.0,32898648.0
2016-08-09,601688.SH,14.6,14.98,14.6,14.84,20979100.0,308812352.0
2016-08-10,601688.SH,14.9,15.03,14.75,14.78,20052800.0,297583552.0
2016-08-10,601689.SH,12.46,12.84,12.44,12.78,4681300.0,59078006.00000001
2016-08-11,601689.SH,12.84,12.84,12.55,12.73,3810400.0,48715964.0
2016-08-11,601688.SH,14.82,15.11,14.8,14.9,30803800.0,457744468.0
2016-08-12,601688.SH,14.88,15.21,14.85,15.21,24072200.0,362166249.00000006
2016-08-12,601689.SH,12.63,12.74,12.43,12.61,3426900.0,43247478.0
2016-08-15,601689.SH,12.71,12.89,12.53,12.83,6066900.0,77474313.0
2016-08-15,601688.SH,15.37,16.73,15.37,16.73,137578200.0,2208130110.0
2016-08-16,601688.SH,16.78,17.45,16.65,16.94,166312200.0,2804023692.0
2016-08-16,601689.SH,12.74,12.93,12.74,12.91,5346100.0,68563732.5
2016-08-17,601688.SH,16.93,17.21,16.3,16.58,107468000.0,1800626340.0
2016-08-17,601689.SH,12.87,12.87,12.49,12.6,4684200.0,59653287.0
2016-08-18,601689.SH,12.51,12.6,12.08,12.26,7891000.0,97730035.0
2016-08-18,601688.SH,16.48,16.82,15.78,16.1,152086400.0,2477487456.0
2016-08-19,601688.SH,16.0,16.27,15.89,16.17,67923000.0,1092541455.0
2016-08-19,601689.SH,12.26,12.7,12.15,12.57,5507100.0,68370646.5
2016-08-22,601689.SH,12.53,12.76,12.22,12.23,3947500.0,48870049.99999999
2016-08-22,601688.SH,16.02,16.14,15.84,15.94,46861700.0,748849966.0
2016-08-23,601688.SH,15.94,16.24,15.77,16.07,47120600.0,754165203.0
2016-08-23,601689.SH,12.19,12.36,12.15,12.26,3696100.0,45184822.5
2016-08-24,601689.SH,13.39,13.45,12.71,12.89,21484700.0,282308958.0
2016-08-24,601688.SH,16.08,16.13,15.57,15.71,56846500.0,903575117.5
2016-08-25,601689.SH,12.89,13.91,12.83,13.5,27298600.0,360205027.0
2016-08-25,601688.SH,15.63,15.87,15.49,15.75,48123400.0,755056146.0000001
2016-08-26,601688.SH,15.81,15.85,15.49,15.55,36765400.0,576481472.0
2016-08-26,601689.SH,13.29,13.45,13.03,13.19,14274500.0,188994379.99999997
2016-08-29,601688.SH,15.46,15.71,15.46,15.63,23902900.0,371570580.50000006
2016-08-29,601689.SH,13.12,13.13,12.65,12.79,10972500.0,142148737.49999997
2016-08-30,601689.SH,12.71,12.85,12.63,12.71,5830800.0,74109468.0
2016-08-30,601688.SH,15.66,15.89,15.54,15.77,40254300.0,632596324.5
2016-08-31,601688.SH,15.75,16.01,15.64,15.94,44143600.0,699455342.0
2016-08-31,601689.SH,12.68,12.77,12.52,12.55,5530100.0,69762211.5
2016-09-01,601689.SH,12.53,12.71,12.47,12.59,5420200.0,68077712.0
2016-09-01,601688.SH,15.91,15.98,15.49,15.55,39640900.0,623551357.0
2016-09-02,601688.SH,15.46,15.76,15.42,15.63,33166400.0,515571688.00000006
2016-09-02,601689.SH,12.59,12.64,12.18,12.26,6719200.0,83486060.0
2016-09-05,601689.SH,12.27,12.78,12.27,12.75,7986800.0,99914868.0
2016-09-05,601688.SH,15.66,15.78,15.51,15.61,30150800.0,471407758.0
2016-09-06,601688.SH,15.55,15.69,15.32,15.62,37786800.0,588907278.0
2016-09-06,601689.SH,12.75,12.79,12.54,12.76,4881200.0,62259705.99999999
2016-09-07,601689.SH,12.9,13.06,12.8,12.83,6270800.0,80673842.0
2016-09-07,601688.SH,15.62,15.92,15.58,15.7,40346000.0,631818360.0
2016-09-08,601688.SH,15.67,15.74,15.55,15.68,19900900.0,311946607.5
2016-09-08,601689.SH,12.84,12.89,12.67,12.71,3251300.0,41535357.5
2016-09-09,601689.SH,12.71,12.72,12.41,12.41,4023100.0,50530136.0
2016-09-09,601688.SH,15.7,15.92,15.6,15.64,36041100.0,564764037.0
2016-09-12,601688.SH,15.33,15.37,14.44,14.88,83693600.0,1264191828.0
2016-09-12,601689.SH,12.14,12.28,11.88,11.91,6493300.0,78081932.5
2016-09-13,601689.SH,11.95,12.15,11.92,12.0,3302800.0,39551030.0
2016-09-13,601688.SH,14.83,14.89,14.57,14.76,31625200.0,467894834.0
2016-09-14,601688.SH,14.61,14.71,14.48,14.52,25374800.0,369583962.0
2016-09-14,601689.SH,11.72,12.13,11.72,11.88,2135100.0,25194180.0
2016-09-19,601689.SH,11.91,12.02,11.91,11.98,1554500.0,18568502.5
2016-09-19,601688.SH,14.5,14.69,14.48,14.58,19306800.0,280720872.0
2016-09-20,601688.SH,14.61,14.61,14.43,14.46,19243600.0,279705726.0
2016-09-20,601689.SH,11.95,11.99,11.73,11.78,3709600.0,44014403.99999999
2016-09-21,601689.SH,11.77,12.18,11.77,12.09,5948900.0,70970377.0
2016-09-21,601688.SH,14.45,14.67,14.36,14.55,27828900.0,403519050.0
2016-09-22,601689.SH,12.12,12.32,12.1,12.26,5436200.0,66267278.0
2016-09-22,601688.SH,14.65,14.68,14.5,14.52,23326400.0,340215544.0
2016-09-23,601688.SH,14.59,14.59,14.38,14.39,15379600.0,222850404.0
2016-09-23,601689.SH,12.31,12.4,12.1,12.36,3663100.0,45184338.5
2016-09-26,601689.SH,12.15,12.31,11.92,11.97,2859700.0,34487982.0
2016-09-26,601688.SH,14.37,14.38,13.78,13.8,37969900.0,534806041.50000006
2016-09-27,601688.SH,13.79,14.03,13.79,13.89,27838300.0,385282072.0
2016-09-27,601689.SH,11.88,12.3,11.84,12.3,3414200.0,41277678.0
2016-09-28,601689.SH,12.33,12.47,12.19,12.45,3281600.0,40659024.0
2016-09-28,601688.SH,13.89,14.04,13.82,13.92,18844000.0,262025820.00000003
2016-09-29,601688.SH,14.0,14.21,13.93,14.04,28069100.0,393528782.0
2016-09-29,601689.SH,12.49,12.56,12.41,12.49,2935600.0,36665644.0
2016-09-30,601689.SH,12.45,12.52,12.31,12.41,2612700.0,32475861.0
2016-09-30,601688.SH,13.96,14.08,13.94,14.01,13513100.0,188980703.5
2016-10-10,601688.SH,14.15,14.6,14.05,14.53,37767200.0,541581648.0
2016-10-10,601689.SH,12.41,12.74,12.41,12.69,2374100.0,29794955.0
2016-10-11,601689.SH,12.79,12.93,12.74,12.87,4120400.0,52864731.99999999
2016-10-11,601688.SH,14.54,14.69,14.44,14.56,26604100.0,387089655.0
2016-10-12,601688.SH,14.46,14.57,14.39,14.5,19279500.0,279167160.0
2016-10-12,601689.SH,12.72,12.87,12.53,12.65,4027300.0,51086300.5
2016-10-13,601689.SH,12.7,13.04,12.63,12.89,4939300.0,63198343.5
2016-10-13,601688.SH,14.53,14.62,14.46,14.58,19591800.0,285158649.0
2016-10-14,601688.SH,14.52,14.55,14.28,14.44,19835500.0,287218040.0
2016-10-14,601689.SH,12.93,12.93,12.62,12.8,3148500.0,40505452.5
2016-10-17,601689.SH,12.9,12.9,12.49,12.5,2478700.0,31479490.0
2016-10-17,601688.SH,14.45,14.5,14.13,14.14,22946700.0,328023076.5
2016-10-18,601688.SH,14.14,14.67,14.14,14.66,40559100.0,584051040.0
2016-10-18,601689.SH,12.48,12.62,12.43,12.58,3753900.0,47036367.00000001
2016-10-19,601689.SH,12.58,12.64,12.44,12.49,2882000.0,36125870.0
2016-10-19,601688.SH,14.65,14.65,14.46,14.5,20223900.0,294763342.5
2016-10-20,601688.SH,14.51,14.57,14.46,14.52,14819000.0,215097785.0
2016-10-20,601689.SH,12.5,12.56,12.44,12.56,2570200.0,32204606.000000004
2016-10-21,601689.SH,12.6,12.61,12.41,12.49,2875700.0,36075656.5
2016-10-21,601688.SH,14.51,14.87,14.46,14.6,36238000.0,527444090.0
2016-10-24,601688.SH,14.6,15.56,14.56,15.29,96464500.0,1441661952.5
2016-10-24,601689.SH,12.58,12.95,12.53,12.92,7624900.0,97217475.0
2016-10-25,601689.SH,12.93,13.0,12.79,12.92,4537100.0,58642017.5
2016-10-25,601688.SH,15.21,15.35,15.06,15.21,30829300.0,468913653.0
2016-10-26,601688.SH,15.17,15.42,15.13,15.24,26579200.0,404136736.0
2016-10-26,601689.SH,12.88,12.96,12.72,12.76,3004700.0,38520254.0
2016-10-27,601689.SH,12.8,13.18,12.76,13.06,6085000.0,78679050.0
2016-10-27,601688.SH,15.22,15.38,15.09,15.26,26895100.0,409881324.0
2016-10-28,601688.SH,15.61,16.71,15.53,15.64,95428500.0,1491070312.5
2016-10-28,601689.SH,13.2,13.91,13.2,13.62,17021400.0,228256974.0
2016-10-31,601689.SH,13.42,13.82,13.22,13.71,7147400.0,96954481.00000001
2016-10-31,601688.SH,15.38,16.21,15.38,16.03,67645500.0,1062372577.5000001
2016-11-01,601688.SH,15.91,16.35,15.86,16.0,58495900.0,933302084.5
2016-11-01,601689.SH,13.6,13.75,13.44,13.62,5073000.0,69043530.0
2016-11-02,601689.SH,13.69,14.0,13.38,13.41,6244400.0,84611620.0
2016-11-02,601688.SH,16.02,16.44,15.89,16.13,58975800.0,948035985.0
2016-11-03,601688.SH,16.0,16.82,15.98,16.45,101554600.0,1647723385.0000002
2016-11-03,601689.SH,13.29,13.51,13.28,13.29,4690200.0,62332757.99999999
2016-11-04,601689.SH,13.3,13.62,13.27,13.38,4300900.0,57374006.0
2016-11-04,601688.SH,16.46,16.69,15.93,16.03,58391500.0,948569917.5
2016-11-07,601688.SH,16.03,16.18,15.88,16.08,33315300.0,534877141.5
2016-11-07,601689.SH,13.31,13.54,13.29,13.33,2718200.0,36206424.0
2016-11-08,601689.SH,13.45,13.5,13.28,13.41,4451800.0,59787674.0
2016-11-08,601688.SH,16.22,16.56,16.09,16.19,40395700.0,654612318.4999999
2016-11-09,601688.SH,16.2,16.21,15.61,15.79,57069800.0,912831451.0
2016-11-09,601689.SH,13.5,13.8,13.42,13.51,8024800.0,108374923.99999999
2016-11-10,601689.SH,13.62,13.71,13.43,13.53,5897100.0,80053132.5
2016-11-10,601688.SH,16.09,16.45,16.0,16.17,52490500.0,846671765.0000001
2016-11-11,601688.SH,16.14,16.8,16.12,16.63,93357600.0,1529664275.9999998
2016-11-11,601689.SH,13.49,13.54,13.29,13.35,5553900.0,74533338.0
2016-11-14,601689.SH,13.33,13.43,13.15,13.3,3710200.0,49401313.00000001
2016-11-14,601688.SH,16.62,17.3,16.49,16.7,100595600.0,1675922696.0
2016-11-15,601688.SH,16.66,16.92,16.35,16.38,51663400.0,853479368.0
2016-11-15,601689.SH,13.31,13.37,13.08,13.2,3158500.0,41865917.5
2016-11-16,601689.SH,13.23,13.33,13.17,13.26,2858200.0,37856859.0
2016-11-16,601688.SH,16.47,16.53,16.16,16.38,42989800.0,706107464.9999999
2016-11-17,601688.SH,16.31,16.38,16.14,16.33,31960600.0,521596992.0
2016-11-17,601689.SH,13.28,13.29,12.95,13.16,3676700.0,48605973.99999999
2016-11-18,601689.SH,13.11,13.19,13.04,13.06,1723700.0,22554614.5
2016-11-18,601688.SH,16.22,16.31,15.84,15.93,35823800.0,575867585.0
2016-11-21,601688.SH,15.85,16.23,15.64,15.81,64939400.0,1027990702.0
2016-11-21,601689.SH,13.07,13.28,12.99,13.2,3682300.0,48367010.5
2016-11-22,601689.SH,13.24,13.32,13.13,13.3,3198900.0,42449403.0
2016-11-22,601688.SH,15.83,16.06,15.74,15.81,87988700.0,1391981234.0
2016-11-23,601688.SH,15.85,16.01,15.67,15.75,51553400.0,814543720.0
2016-11-23,601689.SH,13.3,13.35,13.09,13.16,3661700.0,48444291.0
2016-11-24,601689.SH,13.15,13.45,13.15,13.24,4880100.0,64392919.5
2016-11-24,601688.SH,15.7,16.08,15.67,15.86,59375600.0,936946968.0
2016-11-25,601688.SH,15.82,15.91,15.46,15.89,45891800.0,727614489.0
2016-11-25,601689.SH,13.32,13.32,12.75,12.86,6085300.0,79656577.0
2016-11-28,601689.SH,12.94,12.94,12.8,12.85,2583400.0,33312943.0
2016-11-28,601688.SH,16.0,16.08,15.62,15.76,67426000.0,1070724879.9999999
2016-11-29,601688.SH,15.61,15.86,15.46,15.64,60522300.0,945660937.5
2016-11-29,601689.SH,12.8,12.88,12.45,12.48,3758000.0,47501120.0
2016-11-30,601689.SH,12.48,12.67,12.46,12.58,2373200.0,29736196.000000004
2016-11-30,601688.SH,15.56,15.77,15.46,15.48,42499800.0,659596896.0
2016-12-01,601688.SH,15.47,15.62,15.4,15.53,33946400.0,526169200.0
2016-12-01,601689.SH,12.64,12.68,12.52,12.61,1426700.0,18012087.5
2016-12-02,601689.SH,12.61,12.68,12.49,12.51,1581900.0,19868663.999999996
2016-12-02,601688.SH,15.53,15.55,15.07,15.28,51340000.0,790892700.0
2016-12-05,601688.SH,15.13,15.14,14.67,14.78,62241600.0,930823128.0
2016-12-05,601689.SH,12.49,12.74,12.41,12.71,1965000.0,24759000.000000004
2016-12-06,601689.SH,12.63,12.81,12.52,12.52,2217500.0,27885062.5
2016-12-06,601688.SH,14.78,14.85,14.53,14.57,37221300.0,546222577.5
2016-12-07,601688.SH,14.53,14.7,14.45,14.68,27033900.0,394830109.5
2016-12-07,601689.SH,12.6,12.6,12.28,12.48,2138100.0,26811774.0
2016-12-08,601688.SH,14.71,14.73,14.43,14.46,28049500.0,409101957.5
2016-12-08,601689.SH,12.49,12.52,12.26,12.27,2322600.0,28753787.999999996
2016-12-09,601689.SH,12.26,12.41,12.26,12.28,1585100.0,19449177.0
2016-12-09,601688.SH,14.46,14.87,14.44,14.76,64486300.0,942144843.0
2016-12-12,601689.SH,12.25,12.31,11.83,11.86,2715900.0,32740174.5
2016-12-12,601688.SH,14.68,14.7,14.14,14.43,71860500.0,1045929577.5
2016-12-13,601688.SH,14.4,14.48,14.24,14.32,26888000.0,386111680.0
2016-12-13,601689.SH,11.84,12.09,11.59,11.76,2559400.0,30200920.0
2016-12-14,601689.SH,11.76,11.89,11.69,11.82,2720200.0,32071157.999999996
2016-12-14,601688.SH,14.32,14.32,14.04,14.09,24637500.0,349975687.5
2016-12-15,601688.SH,14.02,14.19,13.96,14.1,34931600.0,491138295.99999994
2016-12-15,601689.SH,11.8,12.04,11.71,11.96,4330600.0,51447528.0
2016-12-16,601689.SH,11.96,12.47,11.9,12.37,4393600.0,53448143.99999999
2016-12-16,601688.SH,14.11,14.18,14.01,14.11,22147900.0,312506869.0
2016-12-19,601688.SH,14.07,14.08,13.94,13.98,16309100.0,228735127.5
2016-12-19,601689.SH,12.29,12.47,12.18,12.34,1525800.0,18790227.0
2016-12-20,601689.SH,12.34,12.49,12.28,12.44,2249200.0,27867588.0
2016-12-20,601688.SH,13.93,14.0,13.81,13.97,25377400.0,354014730.0
2016-12-21,601688.SH,14.05,14.38,14.04,14.2,50761800.0,717010425.0
2016-12-21,601689.SH,12.44,12.49,12.22,12.43,2109000.0,26225414.999999996
2016-12-22,601689.SH,12.43,12.45,12.28,12.32,1101800.0,13634775.0
2016-12-22,601688.SH,14.17,14.19,14.06,14.11,15963700.0,225726718.0
2016-12-23,601688.SH,14.13,14.13,13.82,13.89,22030400.0,308645904.00000006
2016-12-23,601689.SH,12.32,12.45,12.15,12.38,3843800.0,47470930.00000001
2016-12-26,601688.SH,13.81,14.11,13.72,14.07,32014900.0,446287706.00000006
2016-12-26,601689.SH,12.31,12.66,12.23,12.58,4412000.0,54907340.0
2016-12-27,601689.SH,12.49,12.76,12.48,12.74,2771000.0,34956165.0
2016-12-27,601688.SH,14.05,14.27,14.0,14.08,20741100.0,291723571.5
2016-12-28,601688.SH,14.05,14.15,14.01,14.08,14746400.0,207408116.00000003
2016-12-28,601689.SH,12.78,12.8,12.66,12.74,2928000.0,37361280.0
2016-12-29,601689.SH,12.64,13.05,12.64,12.96,3964600.0,50746880.0
2016-12-29,601688.SH,14.04,14.11,13.94,13.95,17883500.0,250279582.5
2016-12-30,601688.SH,13.95,14.04,13.79,13.94,25495400.0,355533353.0
2016-12-30,601689.SH,12.98,13.05,12.9,12.99,3291900.0,42745321.5
2017-01-03,601689.SH,12.94,13.02,12.81,12.86,2353900.0,30365309.999999996
2017-01-03,601688.SH,13.99,14.28,13.99,14.2,32313200.0,455454553.99999994
2017-01-04,601688.SH,14.2,14.44,14.18,14.39,35758800.0,511172046.0
2017-01-04,601689.SH,12.93,13.22,12.81,13.09,2998200.0,39006582.0
2017-01-05,601689.SH,13.1,13.22,12.85,12.91,3214100.0,41799370.5
2017-01-05,601688.SH,14.37,14.47,14.3,14.32,23907900.0,342958825.5
2017-01-06,601688.SH,14.34,14.37,14.11,14.17,24394700.0,347746448.5
2017-01-06,601689.SH,12.88,13.21,12.87,12.89,2511800.0,32364543.000000004
2017-01-09,601689.SH,12.89,13.22,12.89,13.15,1802400.0,23467248.0
2017-01-09,601688.SH,14.15,14.25,14.11,14.17,23064700.0,326596152.0
2017-01-10,601688.SH,14.23,14.24,14.04,14.08,18406500.0,260544007.50000003
2017-01-10,601689.SH,13.18,13.32,12.99,13.04,1787000.0,23427570.0
2017-01-11,601689.SH,12.95,13.07,12.56,12.57,3919400.0,50011544.0
2017-01-11,601688.SH,14.09,14.14,13.89,13.92,22836100.0,319819580.5
2017-01-12,601688.SH,13.93,14.03,13.83,13.85,18201900.0,252824391.0
2017-01-12,601689.SH,12.6,12.78,12.58,12.64,2404000.0,30338480.000000004
2017-01-13,601689.SH,12.65,12.69,12.25,12.36,2041800.0,25532708.999999996
2017-01-13,601688.SH,13.79,14.02,13.79,13.96,21452700.0,297656212.5
2017-01-16,601688.SH,13.9,14.24,13.78,14.18,60872300.0,854647092.0
2017-01-16,601689.SH,12.36,12.42,11.74,12.34,2046400.0,25273040.0
2017-01-17,601689.SH,12.2,12.36,12.03,12.28,2257200.0,27628127.999999996
2017-01-17,601688.SH,14.1,14.18,13.93,14.09,17152000.0,241757439.99999997
2017-01-18,601688.SH,14.09,14.26,14.0,14.15,18078000.0,255261360.00000003
2017-01-18,601689.SH,12.36,12.69,12.15,12.41,1844100.0,22839178.5
2017-01-19,601689.SH,12.66,13.09,12.66,12.83,5367000.0,68402415.0
2017-01-19,601688.SH,14.14,14.26,14.09,14.18,17407300.0,246487368.0
2017-01-20,601688.SH,14.15,14.44,14.13,14.4,28460200.0,406269355.0
2017-01-20,601689.SH,12.83,13.22,12.81,13.13,3632800.0,47153744.0
2017-01-23,601689.SH,13.14,13.32,13.09,13.17,3235000.0,42556425.0
2017-01-23,601688.SH,14.4,14.58,14.33,14.36,18800900.0,270356942.0
2017-01-24,601688.SH,14.34,14.43,14.22,14.33,20032000.0,287158720.0
2017-01-24,601689.SH,13.09,13.22,13.02,13.19,2013900.0,26462646.0
2017-01-25,601689.SH,13.19,13.43,12.91,13.33,3137800.0,41607228.0
2017-01-25,601688.SH,14.34,14.41,14.24,14.36,11541700.0,165623395.0
2017-01-26,601688.SH,14.38,14.52,14.36,14.42,16773700.0,241541280.0
2017-01-26,601689.SH,13.3,13.46,13.23,13.36,1954300.0,26050819.0
2017-02-03,601689.SH,13.33,13.37,13.09,13.2,1162000.0,15413930.0
2017-02-03,601688.SH,14.46,14.46,14.15,14.17,17290700.0,247516370.50000003
2017-02-06,601688.SH,14.23,14.23,14.05,14.13,22148800.0,314069984.0
2017-02-06,601689.SH,13.23,13.37,13.03,13.25,1930400.0,25558496.0
2017-02-07,601689.SH,13.27,14.11,13.26,13.59,5578000.0,74912540.0
2017-02-07,601688.SH,14.13,14.14,13.92,14.03,18864200.0,265607936.0
2017-02-08,601688.SH,14.03,14.31,13.91,14.26,30869200.0,436644834.0
2017-02-08,601689.SH,13.55,13.88,13.33,13.85,3928200.0,53816340.0
2017-02-09,601689.SH,13.82,13.82,13.58,13.68,4286400.0,58938000.0
2017-02-09,601688.SH,14.21,14.38,14.19,14.24,29650200.0,421774095.00000006
2017-02-10,601688.SH,14.24,14.4,14.07,14.3,46673400.0,666029418.0
2017-02-10,601689.SH,13.64,13.75,13.48,13.66,2955000.0,40335750.0
2017-02-13,601689.SH,13.63,13.8,13.47,13.77,2413000.0,33058100.0
2017-02-13,601688.SH,14.32,14.53,14.28,14.44,60691600.0,872745207.9999999
2017-02-14,601688.SH,14.46,14.54,14.32,14.36,25137200.0,362227052.0
2017-02-14,601689.SH,13.85,13.85,13.6,13.63,1605400.0,22058196.0
2017-02-15,601689.SH,13.54,13.66,13.26,13.32,2783400.0,37381062.0
2017-02-15,601688.SH,14.36,14.47,14.27,14.29,32693200.0,468330090.0
2017-02-16,601688.SH,14.29,14.43,14.21,14.35,33105900.0,474076488.0
2017-02-16,601689.SH,13.25,13.52,13.24,13.51,2286700.0,30596045.999999996
2017-02-17,601689.SH,13.53,13.66,13.16,13.18,2594100.0,34644205.5
2017-02-17,601688.SH,14.43,14.74,14.28,14.28,72387100.0,1039116820.5
2017-02-20,601688.SH,14.28,14.46,14.17,14.46,47443300.0,681760221.0
2017-02-20,601689.SH,13.29,13.29,13.13,13.2,3659100.0,48464779.5
2017-02-21,601689.SH,13.28,13.47,13.13,13.22,4064600.0,53855950.0
2017-02-21,601688.SH,14.51,14.86,14.49,14.72,77292600.0,1129631349.0
2017-02-22,601688.SH,14.68,14.75,14.57,14.72,27126000.0,398752200.0
2017-02-22,601689.SH,13.27,13.36,13.16,13.28,2565800.0,34060995.0
2017-02-23,601689.SH,13.28,13.51,13.16,13.33,3255900.0,43319749.5
2017-02-23,601688.SH,14.67,14.78,14.32,14.4,45136700.0,656061934.5
2017-02-24,601688.SH,14.42,14.5,14.32,14.43,26233300.0,378415352.5
2017-02-24,601689.SH,13.3,13.79,13.2,13.58,4784500.0,64303680.00000001
2017-02-27,601689.SH,13.46,13.85,13.41,13.72,4588700.0,62360433.0
2017-02-27,601688.SH,14.39,14.46,14.17,14.19,34596800.0,494388272.0
2017-02-28,601688.SH,14.2,14.28,14.09,14.17,24170000.0,342851449.99999994
2017-02-28,601689.SH,13.68,13.72,13.54,13.64,2851400.0,38950124.0
2017-03-01,601689.SH,13.68,13.87,13.58,13.59,3307500.0,45097762.5
2017-03-01,601688.SH,14.17,14.25,14.11,14.15,26048500.0,368846760.0
2017-03-02,601688.SH,14.21,14.39,14.09,14.13,44025800.0,623845586.0000001
2017-03-02,601689.SH,13.47,13.69,13.41,13.56,2139600.0,28916694.0
2017-03-03,601689.SH,13.34,13.62,13.33,13.56,1780700.0,23950415.0
2017-03-03,601688.SH,14.1,14.14,13.98,14.06,24929300.0,351004544.0
2017-03-06,601688.SH,14.07,14.2,14.0,14.18,22337600.0,315518600.0
2017-03-06,601689.SH,13.57,14.25,13.51,14.23,7393800.0,102773820.0
2017-03-07,601689.SH,14.22,14.41,14.05,14.34,4899100.0,69959148.0
2017-03-07,601688.SH,14.18,14.19,14.04,14.13,17565900.0,248645314.50000003
2017-03-08,601688.SH,14.14,14.19,14.07,14.14,19379700.0,274028958.0
2017-03-08,601689.SH,14.26,14.27,14.01,14.16,3066400.0,43573544.0
2017-03-09,601689.SH,14.11,14.33,13.96,14.2,3327400.0,47099347.0
2017-03-09,601688.SH,14.13,14.14,13.94,14.07,25933600.0,365663760.00000006
2017-03-10,601688.SH,14.02,14.09,13.85,13.88,25958700.0,362123865.0
2017-03-10,601689.SH,14.13,14.88,14.13,14.74,6158800.0,88902278.0
2017-03-13,601689.SH,14.7,15.01,14.45,14.66,4929000.0,72357720.0
2017-03-13,601688.SH,13.86,13.96,13.72,13.95,23379200.0,325087776.0
2017-03-14,601689.SH,14.96,15.36,14.55,14.71,5222300.0,77472820.5
2017-03-14,601688.SH,13.94,14.0,13.86,13.91,14775700.0,205751622.5
2017-03-15,601688.SH,13.91,13.91,13.82,13.86,16891300.0,234535700.5
2017-03-15,601689.SH,14.66,14.82,14.39,14.78,3549500.0,52248639.99999999
2017-03-16,601689.SH,14.72,15.08,14.57,15.0,3372800.0,50119808.0
2017-03-16,601688.SH,13.91,14.14,13.89,14.11,44664400.0,625748244.0
2017-03-17,601688.SH,14.12,14.15,13.85,13.89,28294500.0,396264472.5
2017-03-17,601689.SH,15.01,15.08,14.22,14.34,7490200.0,109918685.0
2017-03-20,601689.SH,14.3,14.46,14.07,14.4,3626700.0,52043145.00000001
2017-03-20,601688.SH,13.91,13.93,13.7,13.77,30157100.0,417374264.0
2017-03-21,601688.SH,13.78,13.8,13.5,13.57,43458600.0,594296355.0
2017-03-21,601689.SH,14.39,14.5,14.15,14.28,2649000.0,37973415.0
2017-03-22,601689.SH,14.27,14.28,13.91,14.14,3765100.0,53483245.5
2017-03-22,601688.SH,13.5,13.5,13.11,13.2,53232800.0,710657880.0
2017-03-23,601688.SH,13.2,13.37,13.11,13.25,28108000.0,371728300.0
2017-03-23,601689.SH,14.12,14.46,13.92,14.26,4595300.0,65207307.0
2017-03-24,601689.SH,14.26,14.55,14.18,14.47,4708900.0,67643348.5
2017-03-24,601688.SH,13.28,13.43,13.14,13.29,43602000.0,579252570.0
2017-03-27,601688.SH,13.31,13.44,13.27,13.29,31488700.0,418799710.0
2017-03-27,601689.SH,14.46,14.46,14.2,14.33,4016800.0,57821836.0
2017-03-28,601689.SH,14.3,14.43,14.04,14.18,4107400.0,58489376.0
2017-03-28,601688.SH,13.32,13.41,13.22,13.29,28921000.0,384793905.0
2017-03-29,601688.SH,13.29,13.34,13.11,13.13,27714600.0,366109866.0
2017-03-29,601689.SH,14.08,14.24,13.73,14.11,4202900.0,59239875.49999999
2017-03-30,601689.SH,14.07,14.19,13.91,14.12,2973600.0,41912892.0
2017-03-30,601688.SH,13.11,13.2,12.98,13.12,26720900.0,350444603.49999994
2017-03-31,601688.SH,13.15,13.18,13.04,13.12,17634500.0,231629157.5
2017-03-31,601689.SH,14.11,14.52,13.99,14.39,3713200.0,52913100.0
2017-04-05,601689.SH,14.66,15.41,14.47,15.25,7728900.0,115585699.5
2017-04-05,601688.SH,13.14,13.43,13.14,13.42,42519100.0,564653648.0
2017-04-06,601688.SH,13.39,13.5,13.37,13.41,28654600.0,383971640.0
2017-04-06,601689.SH,15.28,15.28,14.87,14.93,3892200.0,58791681.0
2017-04-07,601689.SH,14.93,15.01,14.55,14.99,5635800.0,84311568.0
2017-04-07,601688.SH,13.42,13.47,13.28,13.41,29347900.0,393702078.5
2017-04-10,601688.SH,13.42,13.48,13.29,13.3,22149900.0,295922664.0
2017-04-10,601689.SH,14.79,15.23,14.71,15.13,5191900.0,77670824.0
2017-04-11,601689.SH,15.13,15.24,14.66,14.92,3087400.0,46388185.0
2017-04-11,601688.SH,13.29,13.36,13.08,13.3,28469600.0,378503332.0
2017-04-12,601688.SH,13.37,13.71,13.35,13.57,70469600.0,949225511.9999999
2017-04-12,601689.SH,14.92,15.14,14.7,15.01,3061400.0,45813851.0
2017-04-13,601689.SH,14.92,15.1,14.61,14.66,2714400.0,40145976.0
2017-04-13,601688.SH,13.47,13.59,13.41,13.48,21285300.0,286819417.50000006
2017-04-14,601688.SH,13.43,13.49,13.21,13.36,24649700.0,330182731.5
2017-04-14,601689.SH,14.52,14.56,14.12,14.32,3690700.0,53219894.0
2017-04-17,601689.SH,14.31,14.4,14.14,14.35,2130600.0,30531498.0
2017-04-17,601688.SH,13.28,13.47,13.11,13.38,32092600.0,427794358.0
2017-04-18,601688.SH,13.32,13.36,13.08,13.1,23354700.0,308515587.0
2017-04-18,601689.SH,14.26,14.48,14.04,14.14,2009600.0,28536320.0
2017-04-19,601689.SH,14.03,14.33,13.78,14.3,2743700.0,38864510.5
2017-04-19,601688.SH,13.04,13.16,12.88,13.11,29427500.0,384764562.5
2017-04-20,601688.SH,13.07,13.13,12.94,13.09,24039000.0,314430120.0
2017-04-20,601689.SH,14.35,14.5,14.21,14.35,2721600.0,39054960.0
2017-04-21,601689.SH,14.3,14.55,14.3,14.41,1768800.0,25391124.0
2017-04-21,601688.SH,13.06,13.23,13.02,13.18,22510000.0,295331200.0
2017-04-24,601688.SH,13.11,13.28,13.01,13.25,28879500.0,380631810.0
2017-04-24,601689.SH,14.4,14.82,14.26,14.79,4649300.0,67856533.5
2017-04-25,601689.SH,14.82,14.96,14.57,14.68,4046800.0,59690300.0
2017-04-25,601688.SH,13.21,13.25,13.11,13.12,13230800.0,174183482.0
2017-04-26,601688.SH,13.15,13.26,13.06,13.22,19644500.0,259012732.5
2017-04-26,601689.SH,14.56,14.68,13.91,14.33,5865200.0,84722814.0
2017-04-27,601689.SH,14.22,14.75,14.13,14.43,3439000.0,49263675.0
2017-04-27,601688.SH,13.15,13.23,13.04,13.19,20460700.0,269467419.0
2017-04-28,601688.SH,13.16,13.28,13.09,13.27,26163100.0,345745366.5
2017-04-28,601689.SH,14.46,14.46,13.8,13.86,5171700.0,73231272.0
2017-05-02,601688.SH,13.31,13.31,13.11,13.11,14158900.0,187039069.0
2017-05-02,601689.SH,13.69,14.17,13.6,14.09,3783600.0,52554204.0
2017-05-03,601689.SH,13.98,14.3,13.98,14.21,2167300.0,30548093.5
2017-05-03,601688.SH,13.07,13.15,12.76,12.88,36546900.0,474196027.50000006
2017-05-04,601688.SH,12.84,12.89,12.69,12.88,19949800.0,256554428.0
2017-05-04,601689.SH,14.13,14.25,13.84,13.88,2619600.0,36687498.0
2017-05-05,601689.SH,13.77,14.07,13.47,13.55,5275800.0,72067428.0
2017-05-05,601688.SH,12.8,12.92,12.58,12.9,44657000.0,573842450.0000001
2017-05-08,601688.SH,12.79,13.0,12.66,12.97,35599800.0,458525423.99999994
2017-05-08,601689.SH,13.48,13.77,13.48,13.54,1590100.0,21482251.0
2017-05-09,601689.SH,13.59,13.81,13.42,13.73,1309300.0,17885038.0
2017-05-09,601688.SH,12.9,12.96,12.81,12.86,12361800.0,159219984.0
2017-05-10,601688.SH,12.86,12.91,12.77,12.84,17774900.0,228407465.0
2017-05-10,601689.SH,13.75,13.9,13.38,13.43,1740300.0,23650677.0
2017-05-11,601688.SH,12.76,12.97,12.72,12.91,30745100.0,394613358.5
2017-05-11,601689.SH,13.34,13.69,13.07,13.66,2783700.0,37579950.0
2017-05-12,601688.SH,12.91,13.1,12.84,12.97,19945700.0,258097358.00000003
2017-05-12,601689.SH,13.51,13.73,13.36,13.37,2052500.0,27585600.0
2017-05-15,601689.SH,13.46,13.81,13.38,13.65,1713800.0,23230559.0
2017-05-15,601688.SH,12.95,13.37,12.95,13.27,43355600.0,568391916.0
2017-05-16,601688.SH,13.25,13.29,13.11,13.28,20790100.0,275780676.5
2017-05-16,601689.SH,13.64,14.23,13.51,14.07,2802100.0,38823095.5
2017-05-17,601689.SH,14.03,14.44,14.02,14.26,2159300.0,30543298.5
2017-05-17,601688.SH,13.25,13.41,13.19,13.27,22095800.0,292990308.0
2017-05-18,601688.SH,13.18,13.24,13.11,13.17,14069000.0,185359075.0
2017-05-18,601689.SH,14.25,14.25,13.94,14.0,1063700.0,15024762.5
2017-05-19,601689.SH,13.95,14.19,13.95,14.02,1127600.0,15769486.0
2017-05-19,601688.SH,13.17,13.22,13.01,13.03,11418100.0,149577110.0
2017-05-22,601688.SH,13.0,13.01,12.65,12.93,31103000.0,403250395.0
2017-05-22,601689.SH,14.02,14.24,13.81,14.05,1551200.0,21771092.0
2017-05-23,601688.SH,12.88,13.13,12.8,13.1,35318700.0,458789913.0
2017-05-23,601689.SH,13.99,14.09,13.6,13.6,1411700.0,19474401.5
2017-05-24,601688.SH,13.02,13.16,12.92,13.15,23081800.0,302025353.0
2017-05-24,601689.SH,13.69,13.77,13.41,13.54,1461600.0,19899683.999999996
2017-05-25,601689.SH,13.58,13.64,13.24,13.54,1986000.0,26930159.999999996
2017-05-25,601688.SH,13.08,13.66,13.07,13.56,60631000.0,807604920.0
2017-05-26,601688.SH,13.53,13.86,13.5,13.57,43756600.0,592901930.0
2017-05-26,601689.SH,13.69,14.07,13.5,13.59,3081000.0,42024840.0
2017-05-31,601689.SH,13.75,13.99,13.62,13.69,1914200.0,26262823.999999996
2017-05-31,601688.SH,13.66,13.79,13.46,13.72,41806100.0,572325509.0
2017-06-01,601688.SH,13.64,13.86,13.53,13.8,57591800.0,790159496.0
2017-06-01,601689.SH,13.59,13.67,13.35,13.43,1442100.0,19482771.0
2017-06-02,601689.SH,13.43,13.49,13.32,13.47,1978300.0,26608135.0
2017-06-02,601688.SH,13.71,13.81,13.62,13.7,21025600.0,288155848.0
2017-06-05,601688.SH,13.64,13.7,13.56,13.64,13148900.0,179350996.0
2017-06-05,601689.SH,13.54,13.6,13.32,13.35,1263000.0,16981035.0
2017-06-06,601689.SH,13.33,13.75,13.33,13.75,2049200.0,27746168.0
2017-06-06,601688.SH,13.65,13.69,13.55,13.61,11970700.0,163160641.0
2017-06-07,601689.SH,13.73,13.98,13.64,13.8,2977500.0,40985287.5
2017-06-07,601688.SH,13.64,13.89,13.62,13.68,36801800.0,502712588.0
2017-06-08,601688.SH,13.68,13.78,13.66,13.69,21415200.0,293067012.0
2017-06-08,601689.SH,13.77,13.95,13.68,13.89,2521000.0,34865430.0
2017-06-09,601689.SH,13.95,13.95,13.76,13.81,1153300.0,16007803.999999998
2017-06-09,601688.SH,13.74,13.91,13.55,13.59,31663100.0,432676261.5
2017-06-12,601688.SH,13.57,13.68,13.39,13.46,19380300.0,261924754.5
2017-06-12,601689.SH,13.77,13.97,13.69,13.8,2137700.0,29468194.5
2017-06-13,601689.SH,13.8,14.32,13.72,14.25,3328300.0,46679407.5
2017-06-13,601688.SH,13.43,13.55,13.36,13.51,16970100.0,228587246.99999997
2017-06-14,601688.SH,13.56,13.58,13.43,13.52,15461800.0,209352772.0
2017-06-14,601689.SH,14.32,14.52,13.99,14.04,3192400.0,45268232.0
2017-06-15,601689.SH,14.03,14.22,13.95,14.03,2118100.0,29716943.0
2017-06-15,601688.SH,13.5,13.63,13.46,13.58,17181200.0,232633448.0
2017-06-16,601688.SH,13.57,13.65,13.44,13.47,15346600.0,207486032.0
2017-06-16,601689.SH,14.04,14.34,14.04,14.3,2609000.0,36969530.0
2017-06-19,601689.SH,14.39,14.83,14.13,14.63,5306900.0,77003119.00000001
2017-06-19,601688.SH,13.47,13.87,13.46,13.86,44841500.0,612759097.5
2017-06-20,601688.SH,13.86,13.91,13.74,13.88,23430100.0,324975487.0
2017-06-20,601689.SH,14.8,15.1,14.67,14.92,9300900.0,138211374.0
2017-06-21,601689.SH,14.8,14.9,14.51,14.71,4735000.0,69864925.0
2017-06-21,601688.SH,14.1,14.28,13.87,13.89,47542400.0,665355888.0
2017-06-22,601688.SH,13.85,14.25,13.82,13.95,58403100.0,811803089.9999999
2017-06-22,601689.SH,14.69,15.5,14.42,15.19,8781300.0,131192622.0
2017-06-23,601689.SH,14.83,15.3,14.72,14.98,6848100.0,102070930.50000001
2017-06-23,601688.SH,13.89,14.01,13.68,14.0,28545800.0,398071181.0
2017-06-26,601688.SH,13.9,14.32,13.89,14.19,66603900.0,935451775.5
2017-06-26,601689.SH,14.99,15.49,14.75,15.47,5958700.0,90751001.0
2017-06-27,601689.SH,15.28,15.38,15.01,15.24,4430500.0,67609430.0
2017-06-27,601688.SH,14.18,14.26,14.04,14.14,21505600.0,304519296.0
2017-06-28,601688.SH,14.11,14.23,14.01,14.06,25321600.0,356654736.0
2017-06-28,601689.SH,15.14,15.14,14.68,14.7,3790500.0,56554260.0
2017-06-29,601689.SH,14.71,15.05,14.58,14.93,3598500.0,53329770.0
2017-06-29,601688.SH,14.13,14.14,13.97,14.03,21104300.0,297148544.0
2017-06-30,601688.SH,13.98,14.04,13.84,13.97,27610200.0,385852545.00000006
2017-06-30,601689.SH,14.82,15.0,14.65,14.79,3398900.0,50320714.5
2017-07-03,601689.SH,14.7,15.05,14.55,14.86,5031000.0,74358180.0
2017-07-03,601688.SH,13.94,13.96,13.72,13.84,27773900.0,385779471.0
2017-07-04,601688.SH,13.84,13.89,13.63,13.64,20650600.0,283739244.0
2017-07-04,601689.SH,14.86,15.11,14.44,14.67,6774700.0,100028445.5
2017-07-05,601688.SH,13.66,13.86,13.66,13.86,18023200.0,247999232.0
2017-07-05,601689.SH,14.65,15.09,14.52,15.05,6952600.0,103246110.00000001
2017-07-06,601689.SH,15.14,15.27,14.71,14.72,5483600.0,81870148.0
2017-07-06,601688.SH,13.85,13.87,13.68,13.81,19395500.0,268239765.0
2017-07-07,601689.SH,14.6,14.71,14.28,14.3,5974000.0,86324300.0
2017-07-07,601688.SH,13.77,14.07,13.61,13.93,28713400.0,397680590.0
2017-07-10,601688.SH,13.89,14.31,13.86,14.18,61143000.0,858142005.0
2017-07-10,601689.SH,14.3,14.56,13.95,14.03,6028000.0,85386620.0
2017-07-11,601688.SH,14.32,14.72,14.32,14.46,88170100.0,1268767739.0
2017-07-11,601689.SH,14.04,14.17,13.96,13.98,2730800.0,38258508.0
2017-07-12,601689.SH,13.96,14.07,13.71,14.07,3661400.0,51314521.0
2017-07-12,601688.SH,14.58,14.88,14.47,14.51,67619500.0,983525627.5
2017-07-13,601688.SH,14.71,14.93,14.48,14.92,67276700.0,996704310.5000001
2017-07-13,601689.SH,14.04,14.32,13.88,14.21,4035700.0,57004262.5
2017-07-14,601689.SH,14.13,14.41,14.0,14.3,3220200.0,45775143.0
2017-07-14,601688.SH,14.88,15.02,14.78,14.96,39242800.0,585502576.0000001
2017-07-17,601688.SH,14.96,15.07,14.48,14.5,67658300.0,996606759.0
2017-07-17,601689.SH,14.19,14.19,13.31,13.9,4646000.0,65253070.0
2017-07-18,601689.SH,13.73,14.06,13.71,13.8,2747500.0,37819337.5
2017-07-18,601688.SH,14.39,14.54,14.17,14.39,47514000.0,683726460.0
2017-07-19,601688.SH,14.34,15.49,14.26,15.47,119931900.0,1787584969.5000002
2017-07-19,601689.SH,13.81,13.88,13.6,13.81,2597100.0,35865951.0
2017-07-20,601689.SH,13.83,14.07,13.73,13.81,3476500.0,48045230.0
2017-07-20,601688.SH,15.43,15.69,15.32,15.57,83704600.0,1297421300.0
2017-07-21,601688.SH,15.49,15.58,15.18,15.26,50582000.0,777698250.0
2017-07-21,601689.SH,13.65,14.0,13.65,13.8,1946800.0,26719830.000000004
2017-07-24,601689.SH,13.69,13.95,13.47,13.67,3321800.0,45442224.0
2017-07-24,601688.SH,15.22,15.48,15.16,15.24,40939900.0,623514677.0
2017-07-25,601688.SH,15.2,15.29,14.9,14.96,54261500.0,818263420.0
2017-07-25,601689.SH,13.68,13.95,13.56,13.88,2938100.0,40487018.0
2017-07-26,601689.SH,13.88,14.0,13.35,13.44,3958900.0,54078574.0
2017-07-26,601688.SH,15.0,15.37,14.83,15.35,57195700.0,867944747.5
2017-07-27,601688.SH,15.28,15.43,14.99,15.29,49735800.0,760211703.0
2017-07-27,601689.SH,13.46,13.73,13.42,13.69,2146800.0,29142810.0
2017-07-28,601689.SH,13.69,13.9,13.6,13.84,2088400.0,28746826.0
2017-07-28,601688.SH,15.21,15.46,15.14,15.35,34331900.0,524591432.00000006
2017-07-31,601688.SH,15.26,15.66,15.07,15.53,55547500.0,855153762.5
2017-07-31,601689.SH,13.85,14.05,13.54,13.61,3658800.0,50235324.0
2017-08-01,601689.SH,13.56,14.02,13.47,13.96,3892600.0,53562176.00000001
2017-08-01,601688.SH,15.52,16.06,15.49,15.74,80124300.0,1252342809.0
2017-08-02,601688.SH,15.77,16.33,15.62,15.99,104883300.0,1665546804.0
2017-08-02,601689.SH,13.93,13.93,13.55,13.68,2173000.0,29998265.0
2017-08-03,601689.SH,13.69,13.74,13.47,13.5,3208400.0,43618198.0
2017-08-03,601688.SH,15.91,16.37,15.91,16.03,74918500.0,1196448445.0
2017-08-04,601688.SH,15.99,16.3,15.71,15.9,53510400.0,853223328.0
2017-08-04,601689.SH,13.39,13.49,12.15,12.31,16543100.0,212578835.00000003
2017-08-07,601689.SH,12.21,12.49,11.97,12.41,7595900.0,93505529.0
2017-08-07,601688.SH,15.66,15.85,15.56,15.73,57230000.0,898224850.0
2017-08-08,601688.SH,15.78,15.85,15.43,15.58,55859700.0,875880096.0
2017-08-08,601689.SH,12.45,12.85,12.37,12.75,4997700.0,62971020.0
2017-08-09,601689.SH,12.71,12.97,12.36,12.49,4685200.0,59033520.00000001
2017-08-09,601688.SH,15.5,15.52,15.26,15.42,45222600.0,699141396.0
2017-08-10,601688.SH,15.35,15.66,15.25,15.52,43883900.0,677347996.5
2017-08-10,601689.SH,12.51,12.56,12.2,12.41,2794700.0,34821962.0
2017-08-11,601689.SH,12.29,12.39,12.14,12.36,2783300.0,34304172.5
2017-08-11,601688.SH,15.39,15.44,14.91,14.96,53650700.0,814149372.5
2017-08-14,601688.SH,15.12,15.52,15.03,15.5,51101100.0,782357840.9999999
2017-08-14,601689.SH,12.32,12.96,12.24,12.86,4549600.0,57279464.0
2017-08-15,601689.SH,12.87,12.95,12.65,12.81,1966800.0,25253712.0
2017-08-15,601688.SH,15.43,15.83,15.43,15.76,53390700.0,832627966.4999999
2017-08-16,601688.SH,15.68,15.93,15.59,15.8,36064800.0,567659952.0
2017-08-16,601689.SH,12.86,12.86,12.76,12.8,1737800.0,22295974.0
2017-08-17,601689.SH,12.72,12.82,12.67,12.68,1520700.0,19312890.0
2017-08-17,601688.SH,15.74,15.93,15.64,15.92,29024300.0,459454669.0
2017-08-18,601688.SH,15.76,15.84,15.48,15.51,32303000.0,505057405.0
2017-08-18,601689.SH,12.67,12.88,12.65,12.82,1647200.0,20993564.0
2017-08-21,601689.SH,12.82,12.9,12.77,12.83,1294500.0,16601962.5
2017-08-21,601688.SH,15.46,15.67,15.36,15.63,29975100.0,465962929.50000006
2017-08-22,601688.SH,15.66,15.75,15.48,15.64,25086800.0,392608420.0
2017-08-22,601689.SH,12.81,12.93,12.72,12.75,1369400.0,17500932.0
2017-08-23,601689.SH,12.78,12.83,12.72,12.82,1038000.0,13286400.0
2017-08-23,601688.SH,15.57,16.18,15.57,16.01,74618100.0,1178219799.0
2017-08-24,601688.SH,15.93,16.08,15.72,15.73,29877700.0,472963991.0
2017-08-24,601689.SH,12.84,12.84,12.64,12.68,1154100.0,14726316.0
2017-08-25,601689.SH,12.67,12.8,12.6,12.73,1035500.0,13150850.0
2017-08-25,601688.SH,15.7,16.7,15.7,16.64,105000800.0,1697862936.0000002
2017-08-28,601688.SH,16.82,18.26,16.75,18.25,167192300.0,2931716980.5
2017-08-28,601689.SH,12.94,13.46,12.85,13.26,5435000.0,71198500.0
2017-08-29,601689.SH,13.35,13.44,13.29,13.36,2951200.0,39413276.0
2017-08-29,601688.SH,18.04,18.73,17.85,18.22,130646000.0,2368611980.0
2017-08-30,601688.SH,18.1,19.02,17.86,18.07,129167000.0,2335985195.0
2017-08-30,601689.SH,13.34,13.41,13.13,13.18,1351500.0,17920890.0
2017-08-31,601689.SH,13.18,13.31,13.04,13.09,1338400.0,17579884.0
2017-08-31,601688.SH,18.02,18.41,17.94,18.38,93149300.0,1695317260.0
2017-09-01,601688.SH,18.33,18.7,18.18,18.57,104990600.0,1937076570.0
2017-09-01,601689.SH,13.13,13.24,12.98,13.1,1731700.0,22711245.5
2017-09-04,601689.SH,13.1,13.38,13.01,13.16,3244200.0,42596346.0
2017-09-04,601688.SH,18.42,19.02,18.17,18.68,89676400.0,1663497220.0
2017-09-05,601688.SH,18.7,19.05,18.52,18.74,71802200.0,1344137184.0
2017-09-05,601689.SH,13.16,13.29,13.13,13.17,2148800.0,28288952.0
2017-09-06,601688.SH,18.58,19.0,18.34,18.77,69618200.0,1300119884.9999998
2017-09-06,601689.SH,13.16,13.2,13.01,13.07,2423100.0,31778956.5
2017-09-07,601689.SH,13.07,13.14,13.0,13.0,2143000.0,27934005.0
2017-09-07,601688.SH,18.82,19.02,18.33,18.36,71811400.0,1334973926.0
2017-09-08,601688.SH,18.37,18.46,17.73,17.76,105482400.0,1905539556.0000002
2017-09-08,601689.SH,13.0,13.13,12.78,12.92,3129000.0,40551840.0
2017-09-11,601689.SH,12.9,13.11,12.87,13.05,3460700.0,44902582.50000001
2017-09-11,601688.SH,17.62,17.97,17.45,17.73,71554600.0,1264727555.0
2017-09-12,601688.SH,17.77,18.34,17.73,17.89,106006500.0,1890095894.9999998
2017-09-12,601689.SH,13.13,13.62,13.13,13.32,6289500.0,83178637.50000001
2017-09-13,601689.SH,13.25,13.35,13.11,13.16,2226000.0,29394330.0
2017-09-13,601688.SH,17.89,18.2,17.79,17.85,46915700.0,838383559.0
2017-09-14,601688.SH,17.81,18.21,17.8,17.87,57984100.0,1034436344.0
2017-09-14,601689.SH,13.15,13.34,13.05,13.16,2256300.0,29681626.500000004
2017-09-15,601689.SH,13.16,13.19,12.86,13.18,2824700.0,37201299.0
2017-09-15,601688.SH,17.8,18.2,17.59,18.04,54720100.0,980584192.0000001
2017-09-18,601688.SH,18.11,18.56,18.08,18.15,93523800.0,1695586494.0
2017-09-18,601689.SH,13.24,13.24,13.02,13.04,2403600.0,31583304.0
2017-09-19,601689.SH,13.06,13.06,12.64,12.65,4507300.0,57941341.5
2017-09-19,601688.SH,18.19,18.24,17.55,17.69,66219800.0,1187983212.0
2017-09-20,601688.SH,17.61,17.69,17.37,17.45,60856900.0,1066821457.0000001
2017-09-20,601689.SH,12.69,12.84,12.51,12.79,4293100.0,54694093.99999999
2017-09-21,601689.SH,12.75,12.77,12.57,12.64,2821000.0,35812595.0
2017-09-21,601688.SH,17.53,18.05,17.53,17.63,61118400.0,1074461472.0
2017-09-22,601688.SH,17.5,17.77,17.34,17.73,50695600.0,893002994.0000001
2017-09-22,601689.SH,12.67,12.7,12.49,12.59,1867000.0,23580210.0
2017-09-25,601689.SH,12.63,12.63,12.36,12.37,2828700.0,35358750.0
2017-09-25,601688.SH,17.62,17.89,17.41,17.75,54584500.0,965326882.5000001
2017-09-26,601688.SH,17.69,17.77,17.47,17.63,36823400.0,650301244.0
2017-09-26,601689.SH,12.37,12.47,12.3,12.36,1579700.0,19532990.499999996
2017-09-27,601689.SH,12.36,12.58,12.36,12.57,1687800.0,21038427.0
2017-09-27,601688.SH,17.58,17.77,17.55,17.61,30897800.0,543646791.0
2017-09-28,601688.SH,17.58,17.72,17.52,17.68,29157400.0,514044962.0
2017-09-28,601689.SH,12.54,12.61,12.41,12.45,2065400.0,25807173.0
2017-09-29,601689.SH,12.51,12.69,12.51,12.68,1252000.0,15768939.999999998
2017-09-29,601688.SH,17.72,18.29,17.72,18.12,70843000.0,1269506560.0000002
2017-10-09,601688.SH,18.82,18.95,17.89,17.93,86250900.0,1584860287.5
2017-10-09,601689.SH,12.81,13.25,12.73,13.2,4737400.0,61609886.99999999
2017-10-10,601689.SH,13.21,13.24,12.97,13.11,3098000.0,40769680.0
2017-10-10,601688.SH,17.94,18.14,17.07,17.41,107300400.0,1896534570.0
2017-10-11,601688.SH,17.38,17.44,17.12,17.29,47260500.0,819260767.5
2017-10-11,601689.SH,13.11,13.22,12.97,13.06,2047700.0,26794154.5
2017-10-12,601689.SH,13.03,13.15,12.94,13.02,1947300.0,25363582.499999996
2017-10-12,601688.SH,17.24,17.42,17.09,17.19,32110100.0,552775371.5
2017-10-13,601688.SH,17.26,17.33,17.06,17.21,38015000.0,655188525.0
2017-10-13,601689.SH,13.03,13.06,12.79,12.81,3161800.0,40850456.0
2017-10-16,601689.SH,12.85,12.89,12.56,12.66,3131900.0,39947384.5
2017-10-16,601688.SH,17.23,17.42,17.17,17.21,42079800.0,724614156.0
2017-10-17,601688.SH,17.17,17.32,17.1,17.2,26129100.0,449028583.50000006
2017-10-17,601689.SH,12.66,12.73,12.55,12.64,1408000.0,17811200.0
2017-10-18,601689.SH,12.65,12.71,12.5,12.52,2853300.0,35908780.5
2017-10-18,601688.SH,17.28,17.37,17.2,17.33,39864400.0,689853442.0
2017-10-19,601688.SH,17.33,17.35,16.6,17.0,66201300.0,1136345314.5
2017-10-19,601689.SH,12.51,12.69,12.45,12.63,2013900.0,25314723.0
2017-10-20,601689.SH,12.86,12.97,12.66,12.94,2863100.0,36933989.99999999
2017-10-20,601688.SH,16.83,16.98,16.66,16.83,27423000.0,461529089.99999994
2017-10-23,601688.SH,16.84,16.84,16.42,16.47,40343300.0,671917661.5
2017-10-23,601689.SH,13.03,13.06,12.84,13.02,2716000.0,35375899.99999999
2017-10-24,601689.SH,12.94,13.14,12.89,13.02,2164000.0,28088720.0
2017-10-24,601688.SH,16.42,16.72,16.36,16.65,33320200.0,550949507.0
2017-10-25,601688.SH,16.64,16.77,16.49,16.68,23575800.0,392772828.0
2017-10-25,601689.SH,13.02,13.35,12.97,13.21,3821700.0,50121595.5
2017-10-26,601688.SH,16.64,17.0,16.39,16.44,70649300.0,1168539422.0
2017-10-26,601689.SH,13.2,13.8,13.2,13.78,6977900.0,94131870.99999999
2017-10-27,601688.SH,16.39,16.6,16.04,16.08,56380200.0,915332547.0
2017-10-27,601689.SH,13.65,13.8,13.58,13.67,3642900.0,49762014.0
2017-10-30,601689.SH,13.42,13.42,12.58,12.71,11852500.0,154852912.50000003
2017-10-30,601688.SH,16.02,16.13,15.46,15.79,66003700.0,1049788848.5
2017-10-31,601688.SH,15.68,15.8,15.54,15.68,30665700.0,480838176.0
2017-10-31,601689.SH,12.71,12.71,11.99,12.04,13097600.0,162082800.0
2017-11-01,601689.SH,12.05,12.13,11.53,11.61,13916900.0,164636927.0
2017-11-01,601688.SH,15.66,15.84,15.3,15.35,53028100.0,822200690.5
2017-11-02,601688.SH,15.39,15.72,15.19,15.48,55000100.0,848926543.5
2017-11-02,601689.SH,11.57,11.82,11.57,11.69,7198100.0,83713903.0
2017-11-03,601689.SH,11.7,11.73,11.24,11.65,6249100.0,72958242.5
2017-11-03,601688.SH,15.52,15.56,15.22,15.54,44720700.0,694512471.0
2017-11-06,601688.SH,15.5,15.5,15.23,15.4,32357000.0,499915650.0
2017-11-06,601689.SH,11.53,11.62,11.35,11.51,3577600.0,41213952.0
2017-11-07,601689.SH,11.5,11.58,11.21,11.25,6348800.0,72217600.0
2017-11-07,601688.SH,15.38,16.1,15.37,16.09,90171100.0,1418842258.5
2017-11-08,601689.SH,11.25,11.47,11.19,11.37,6462800.0,73094267.99999999
2017-11-08,601688.SH,16.04,16.8,15.99,16.21,111993900.0,1805901637.5
2017-11-09,601689.SH,11.35,11.4,11.24,11.38,3815600.0,43364294.0
2017-11-09,601688.SH,16.1,16.52,16.04,16.28,56858800.0,920543972.0000001
2017-11-10,601688.SH,16.32,16.42,16.04,16.24,60328900.0,982154492.0000001
2017-11-10,601689.SH,11.39,11.58,11.31,11.54,4370900.0,50112368.5
2017-11-13,601689.SH,11.56,12.0,11.56,11.89,8961100.0,105068897.50000001
2017-11-13,601688.SH,16.3,16.59,16.02,16.12,57927100.0,938998291.0
2017-11-14,601689.SH,11.9,12.03,11.69,11.93,5574600.0,66421358.99999999
2017-11-14,601688.SH,16.04,16.14,15.79,15.88,47966500.0,765545340.0
2017-11-15,601688.SH,15.82,16.07,15.76,15.83,42733900.0,676263967.5
2017-11-15,601689.SH,11.9,11.92,11.54,11.7,2898100.0,34197580.0
2017-11-16,601688.SH,15.82,15.88,15.26,15.35,62678100.0,976838188.5
2017-11-16,601689.SH,11.64,11.69,11.39,11.42,3896300.0,44924339.00000001
2017-11-17,601689.SH,11.39,11.6,11.26,11.3,2620200.0,29726169.0
2017-11-17,601688.SH,15.35,15.73,15.03,15.66,79824800.0,1237683524.0
2017-11-20,601688.SH,15.45,15.64,15.07,15.26,58815400.0,903110467.0
2017-11-20,601689.SH,11.29,11.48,10.8,11.43,3254500.0,36971120.0
2017-11-21,601689.SH,11.43,11.58,11.09,11.21,2670500.0,30230060.0
2017-11-21,601688.SH,15.36,16.32,15.22,16.13,126629500.0,1993781477.5
2017-11-22,601688.SH,16.1,16.61,16.02,16.26,98974800.0,1601412264.0
2017-11-22,601689.SH,11.17,11.29,11.16,11.24,2065300.0,23141686.5
2017-11-23,601689.SH,11.22,11.22,10.89,10.91,2921100.0,32321971.500000004
2017-11-23,601688.SH,16.26,16.52,15.44,15.65,71524400.0,1141171802.0000002
2017-11-24,601689.SH,10.71,11.15,10.71,11.01,1774600.0,19272156.0
2017-11-24,601688.SH,15.56,15.7,15.35,15.64,53846800.0,840010080.0000001
2017-11-27,601689.SH,10.97,11.08,10.83,10.94,1326700.0,14533998.5
2017-11-27,601688.SH,15.6,15.84,15.52,15.66,44698300.0,698634429.0
2017-11-28,601688.SH,15.62,15.66,15.25,15.53,35054400.0,545972280.0
2017-11-28,601689.SH,10.95,11.07,10.87,10.98,1256100.0,13773136.5
2017-11-29,601688.SH,15.54,15.57,15.28,15.46,43902400.0,680487200.0
2017-11-29,601689.SH,11.04,11.41,10.76,11.36,3630300.0,40659360.0
2017-11-30,601689.SH,11.32,11.43,11.23,11.35,2070900.0,23473651.5
2017-11-30,601688.SH,15.37,15.82,15.31,15.46,50617100.0,780262596.5
2017-12-01,601688.SH,15.42,15.64,15.31,15.42,31972400.0,493014408.0
2017-12-01,601689.SH,11.29,11.68,11.26,11.54,3051800.0,34836297.0
2017-12-04,601689.SH,11.44,11.62,11.41,11.46,2052800.0,23504560.0
2017-12-04,601688.SH,15.36,15.46,15.24,15.41,28953000.0,445441905.0
2017-12-05,601688.SH,15.41,15.86,15.37,15.79,78889500.0,1230676200.0
2017-12-05,601689.SH,11.38,11.43,11.04,11.32,2514400.0,28538440.000000004
2017-12-06,601689.SH,11.28,11.32,10.98,11.25,2749200.0,30969738.0
2017-12-06,601688.SH,15.74,15.86,15.49,15.8,42769900.0,674481323.0
2017-12-07,601688.SH,15.76,15.8,15.5,15.63,28679700.0,450127891.5
2017-12-07,601689.SH,11.17,11.5,11.17,11.41,2437700.0,27521632.999999996
2017-12-08,601689.SH,11.35,11.77,11.31,11.66,4564200.0,52511120.99999999
2017-12-08,601688.SH,15.6,15.75,15.51,15.55,24618300.0,383430022.5
2017-12-11,601688.SH,15.64,15.84,15.54,15.67,38817800.0,607692659.0
2017-12-11,601689.SH,11.66,11.94,11.58,11.8,3320700.0,38951811.0
2017-12-12,601689.SH,11.73,11.8,11.57,11.58,1396200.0,16272711.000000002
2017-12-12,601688.SH,15.62,15.64,15.22,15.23,39256200.0,605526885.0
2017-12-13,601688.SH,15.23,15.33,15.07,15.17,32028700.0,486836240.0
2017-12-13,601689.SH,11.59,11.68,11.58,11.6,885900.0,10272010.499999998
2017-12-14,601689.SH,11.65,11.78,11.59,11.63,1179500.0,13729380.0
2017-12-14,601688.SH,15.19,15.2,14.6,14.62,52036700.0,775607013.5
2017-12-15,601688.SH,14.57,14.77,14.38,14.58,36406800.0,530629110.0
2017-12-15,601689.SH,11.63,11.7,11.51,11.51,1198500.0,13866645.0
2017-12-18,601689.SH,11.52,11.86,11.51,11.6,867100.0,10023675.999999998
2017-12-18,601688.SH,14.59,14.71,14.39,14.55,25315100.0,368841007.0
2017-12-19,601688.SH,14.58,14.67,14.48,14.57,29083900.0,423897842.5
2017-12-19,601689.SH,11.56,11.65,11.17,11.34,1867100.0,21378295.0
2017-12-20,601689.SH,11.37,11.37,11.2,11.27,1770500.0,20042060.0
2017-12-20,601688.SH,14.55,14.59,14.25,14.47,34887600.0,506219076.00000006
2017-12-21,601689.SH,11.17,11.35,10.98,11.28,2062900.0,23156052.5
2017-12-21,601688.SH,14.43,14.76,14.26,14.61,35412900.0,514195308.0
2017-12-22,601688.SH,14.6,14.61,14.3,14.33,28698300.0,415120909.5
2017-12-22,601689.SH,11.13,11.3,11.13,11.14,1513000.0,16847255.000000004
2017-12-25,601689.SH,11.14,11.15,10.83,10.86,2093700.0,23030700.0
2017-12-25,601688.SH,14.27,14.35,13.78,13.91,47452300.0,668602907.0
2017-12-26,601688.SH,13.88,14.12,13.86,13.99,30800100.0,429199393.5
2017-12-26,601689.SH,11.01,11.01,10.71,10.85,3313000.0,36211090.0
2017-12-27,601689.SH,10.9,11.12,10.79,10.89,2170400.0,23646508.0
2017-12-27,601688.SH,13.99,13.99,13.64,13.76,35041900.0,486206362.5
2017-12-28,601688.SH,13.76,14.05,13.67,13.79,39614400.0,545688360.0
2017-12-28,601689.SH,10.9,11.02,10.8,10.98,1807900.0,19778426.000000004
2017-12-29,601689.SH,10.9,10.98,10.71,10.92,1784200.0,19465622.0
2017-12-29,601688.SH,13.8,13.95,13.77,13.82,20901200.0,288645572.0
2018-01-02,601688.SH,13.87,14.54,13.86,14.43,70631600.0,999437139.9999999
2018-01-02,601689.SH,10.94,11.14,10.92,11.06,2622500.0,28847500.0
2018-01-03,601689.SH,11.08,11.27,10.98,11.25,3640300.0,40643949.5
2018-01-03,601688.SH,14.46,14.91,14.32,14.8,76388500.0,1117563755.0
2018-01-04,601688.SH,14.83,14.84,14.65,14.76,33592800.0,497005476.0
2018-01-04,601689.SH,11.17,11.32,11.17,11.31,2418500.0,27183940.0
2018-01-05,601689.SH,11.29,11.32,10.98,11.04,3101000.0,34622665.0
2018-01-05,601688.SH,14.79,15.06,14.71,14.87,40812500.0,605249374.9999999
2018-01-08,601688.SH,14.91,16.18,14.9,15.86,115156200.0,1771678137.0
2018-01-08,601689.SH,11.2,11.66,11.04,11.18,5187700.0,58050363.0
2018-01-09,601689.SH,11.12,11.24,11.05,11.09,2596500.0,28834132.5
2018-01-09,601688.SH,15.84,16.07,15.58,15.77,66206000.0,1046385830.0
2018-01-10,601688.SH,16.01,16.08,15.72,15.95,76680200.0,1225349596.0
2018-01-10,601689.SH,11.11,11.2,10.9,11.13,3276700.0,36436904.0
2018-01-11,601689.SH,11.04,11.12,10.94,11.07,1876400.0,20743602.0
2018-01-11,601688.SH,15.84,15.99,15.65,15.74,40529500.0,639960805.0
2018-01-12,601688.SH,15.76,16.16,15.68,15.83,49267500.0,778180162.5
2018-01-12,601689.SH,11.11,11.13,10.93,10.94,1365800.0,15057944.999999998
2018-01-15,601689.SH,10.97,10.97,10.36,10.48,5601400.0,60075015.00000001
2018-01-15,601688.SH,15.76,16.04,15.43,15.55,72806600.0,1139787323.0
2018-01-16,601688.SH,15.45,16.06,15.15,16.03,79567500.0,1252392450.0
2018-01-16,601689.SH,10.59,10.6,10.37,10.52,1892200.0,19972171.0
2018-01-17,601689.SH,10.52,10.52,10.27,10.39,2824500.0,29530147.5
2018-01-17,601688.SH,16.08,17.22,16.08,16.4,198615400.0,3225514095.9999995
2018-01-18,601688.SH,16.66,17.08,16.3,16.48,128218700.0,2124583859.0
2018-01-18,601689.SH,10.39,10.48,10.31,10.36,1850800.0,19202050.0
2018-01-19,601689.SH,10.36,10.36,9.98,10.04,4743400.0,48382680.0
2018-01-19,601688.SH,16.56,16.95,16.46,16.68,119107900.0,1979573297.9999998
2018-01-22,601688.SH,16.58,16.72,16.28,16.49,67042200.0,1108542776.9999998
2018-01-22,601689.SH,9.93,9.93,9.43,9.54,12154600.0,118325031.0
2018-01-23,601689.SH,9.49,9.64,9.44,9.6,4348800.0,41509296.0
2018-01-23,601688.SH,16.5,16.8,16.2,16.48,88403100.0,1457767119.0000002
2018-01-24,601688.SH,16.63,17.43,16.44,17.35,167181100.0,2840406889.0000005
2018-01-24,601689.SH,9.66,9.66,9.47,9.51,4401200.0,42185502.00000001
2018-01-25,601689.SH,9.52,9.64,9.48,9.49,5381400.0,51150206.99999999
2018-01-25,601688.SH,17.19,17.22,16.89,16.91,79079000.0,1348296950.0
2018-01-26,601689.SH,9.5,9.63,9.36,9.57,5930700.0,56549224.5
2018-01-26,601688.SH,16.89,17.06,16.69,16.78,62746000.0,1056328910.0
2018-01-29,601688.SH,16.86,17.02,16.26,16.31,81103200.0,1345096572.0
2018-01-29,601689.SH,9.58,9.62,9.32,9.35,3832000.0,36269880.0
2018-01-30,601689.SH,9.32,9.46,9.29,9.39,1826900.0,17090649.5
2018-01-30,601688.SH,16.24,16.38,15.72,15.83,83613900.0,1340748886.5
2018-01-31,601688.SH,15.75,15.9,15.51,15.69,71618500.0,1125842820.0
2018-01-31,601689.SH,9.38,9.4,8.94,9.04,3662300.0,33729783.0
2018-02-01,601689.SH,9.03,9.05,8.43,8.45,4629200.0,40459207.99999999
2018-02-01,601688.SH,15.72,15.81,15.42,15.77,96709600.0,1522692652.0
2018-02-02,601688.SH,15.62,15.71,15.23,15.56,58010400.0,904382136.0
2018-02-02,601689.SH,8.5,8.58,8.19,8.41,6520400.0,55129982.0
2018-02-05,601689.SH,8.29,8.75,8.21,8.6,4694900.0,39648430.5
2018-02-05,601688.SH,15.06,15.54,15.02,15.43,57995300.0,884138348.5
2018-02-06,601688.SH,15.14,15.35,14.69,14.91,96225100.0,1445782127.5
2018-02-06,601689.SH,8.54,8.88,8.34,8.35,5629400.0,47540283.0
2018-02-07,601689.SH,8.53,8.78,8.39,8.57,4336600.0,37077930.0
2018-02-07,601688.SH,15.21,15.31,14.58,14.71,68726600.0,1028149936.0
2018-02-08,601688.SH,14.66,14.85,14.38,14.59,42979600.0,628576650.0
2018-02-08,601689.SH,8.6,8.77,8.53,8.68,3230200.0,27908928.0
2018-02-09,601689.SH,8.45,8.68,8.34,8.46,3701300.0,31294491.5
2018-02-09,601688.SH,13.99,14.24,13.14,13.52,113889700.0,1566552823.5
2018-02-12,601688.SH,13.53,13.57,13.23,13.33,57959700.0,778398771.0
2018-02-12,601689.SH,8.49,8.99,8.49,8.87,4213300.0,36571444.0
2018-02-13,601689.SH,8.87,9.12,8.87,8.96,3106800.0,27697121.999999996
2018-02-13,601688.SH,13.46,13.82,13.44,13.46,58962500.0,793635250.0
2018-02-14,601688.SH,13.59,13.62,13.26,13.45,35445900.0,479228568.0
2018-02-14,601689.SH,8.9,9.08,8.89,8.94,1649700.0,14715324.0
2018-02-22,601689.SH,8.99,9.12,8.96,9.07,1606600.0,14507598.000000002
2018-02-22,601688.SH,13.66,13.7,13.49,13.63,53604200.0,731429309.0
2018-02-23,601688.SH,13.66,13.93,13.56,13.77,59553400.0,816774881.0
2018-02-23,601689.SH,9.06,9.09,8.8,8.9,2821700.0,25338866.0
2018-02-26,601689.SH,9.34,9.42,9.13,9.25,5582700.0,51891196.5
2018-02-26,601688.SH,13.91,14.33,13.71,14.22,78886800.0,1109542842.0
2018-02-27,601688.SH,14.2,14.21,13.97,14.03,49964800.0,705253151.9999999
2018-02-27,601689.SH,9.27,9.84,9.27,9.81,7484500.0,71402130.0
2018-02-28,601689.SH,9.79,9.84,9.51,9.67,4409000.0,42899570.0
2018-02-28,601688.SH,13.81,14.19,13.64,13.85,51724600.0,715351218.0
2018-03-01,601688.SH,13.71,13.94,13.66,13.92,41303100.0,570602326.5
2018-03-01,601689.SH,9.65,9.75,9.51,9.7,2540300.0,24577402.5
2018-03-02,601689.SH,9.58,9.63,9.36,9.39,3132200.0,29708917.0
2018-03-02,601688.SH,13.78,13.92,13.73,13.74,26007900.0,357868704.0
2018-03-05,601688.SH,13.69,13.9,13.69,13.81,24378200.0,335200250.0
2018-03-05,601689.SH,9.45,9.81,9.43,9.69,4433000.0,42423810.0
2018-03-06,601689.SH,9.71,10.24,9.71,10.09,5869200.0,58105080.0
2018-03-06,601688.SH,13.9,14.19,13.83,14.13,51862600.0,726854339.0
2018-03-07,601688.SH,14.15,14.27,13.92,13.99,38254900.0,538246443.0
2018-03-07,601689.SH,10.05,10.15,9.94,9.97,2270500.0,22727705.000000004
2018-03-08,601689.SH,9.97,10.09,9.84,9.92,2470400.0,24568128.0
2018-03-08,601688.SH,13.95,14.1,13.93,13.99,19962500.0,278876125.0
2018-03-09,601688.SH,14.06,14.41,13.96,14.36,61647500.0,876010975.0
2018-03-09,601689.SH,9.93,10.06,9.83,9.99,3206800.0,31939728.000000004
2018-03-12,601689.SH,9.98,10.15,9.87,9.99,4149100.0,41428763.5
2018-03-12,601688.SH,14.47,14.72,14.32,14.67,62325100.0,908076707.0
2018-03-13,601688.SH,14.63,14.63,14.32,14.36,34820100.0,504717349.50000006
2018-03-13,601689.SH,10.0,10.02,9.62,9.64,6049700.0,59408054.0
2018-03-14,601688.SH,14.27,14.41,14.14,14.17,27466900.0,390579317.99999994
2018-03-14,601689.SH,9.62,9.69,9.47,9.54,3498100.0,33511797.999999993
2018-03-15,601689.SH,9.51,9.7,9.51,9.68,2425100.0,23268834.499999996
2018-03-15,601688.SH,14.1,14.24,14.07,14.15,24803800.0,350353675.0
2018-03-16,601688.SH,14.18,14.23,13.86,13.88,50523600.0,708846108.0
2018-03-16,601689.SH,9.7,9.7,9.49,9.5,2543400.0,24416640.0
2018-03-19,601688.SH,13.89,14.05,13.77,13.83,31196800.0,432387648.0
2018-03-19,601689.SH,9.5,9.5,9.32,9.39,2589000.0,24453105.0
2018-03-20,601689.SH,9.4,9.45,9.16,9.26,3307800.0,30861774.0
2018-03-20,601688.SH,13.71,13.91,13.63,13.82,28313200.0,389731198.0
2018-03-21,601688.SH,13.89,14.37,13.86,13.95,60190300.0,837848976.0
2018-03-21,601689.SH,9.27,9.45,9.24,9.32,3178100.0,29540439.5
2018-03-22,601689.SH,9.28,9.37,9.01,9.08,4548000.0,41750640.0
2018-03-22,601688.SH,13.98,14.21,13.87,13.97,35279100.0,493025422.50000006
2018-03-23,601689.SH,8.48,9.0,8.48,8.61,4383200.0,37454444.0
2018-03-23,601688.SH,13.42,13.66,12.87,13.06,72525000.0,960231000.0
2018-03-26,601688.SH,12.94,13.2,12.82,13.15,39578800.0,516305446.0
2018-03-26,601689.SH,8.56,8.69,8.35,8.52,5130800.0,43817031.99999999
2018-03-27,601689.SH,8.63,8.93,8.63,8.87,4121500.0,36063125.0
2018-03-27,601688.SH,13.36,13.5,13.22,13.42,41134800.0,550794972.0
2018-03-28,601688.SH,13.26,13.49,13.22,13.3,28264600.0,375353888.00000006
2018-03-28,601689.SH,8.74,9.01,8.65,8.89,3617800.0,31890907.000000004
2018-03-29,601689.SH,8.89,9.17,8.83,9.12,3787300.0,34104636.49999999
2018-03-29,601688.SH,13.41,13.8,13.35,13.72,54932600.0,745160719.0000001
2018-03-30,601688.SH,13.74,13.93,13.69,13.81,36240400.0,499211510.0
2018-03-30,601689.SH,9.11,9.32,9.11,9.17,2845000.0,26003300.0
2018-04-02,601689.SH,9.17,9.27,9.05,9.06,3024000.0,27563760.0
2018-04-02,601688.SH,13.9,14.43,13.84,14.23,75314400.0,1059297036.0000001
2018-04-03,601688.SH,14.04,14.49,14.03,14.31,55128900.0,781452157.5
2018-04-03,601689.SH,8.96,9.36,8.86,9.24,3835900.0,34906690.00000001
2018-04-04,601689.SH,9.22,9.39,9.02,9.26,4047900.0,37402596.0
2018-04-04,601688.SH,14.32,14.55,14.0,14.07,43912600.0,623339357.0
2018-04-09,601688.SH,14.02,14.24,13.76,14.22,38611200.0,545190144.0
2018-04-09,601689.SH,9.17,9.25,8.78,8.9,5488700.0,49590404.5
2018-04-10,601689.SH,8.86,8.98,8.75,8.9,2542200.0,22574735.999999996
2018-04-10,601688.SH,14.25,14.61,14.23,14.56,57179600.0,823672138.0000001
2018-04-11,601688.SH,14.47,14.62,14.36,14.51,41462600.0,600793074.0
2018-04-11,601689.SH,8.95,9.36,8.9,9.35,6420600.0,58748489.99999999
2018-04-12,601689.SH,9.38,9.4,9.02,9.05,4627600.0,42643334.0
2018-04-12,601688.SH,14.48,14.62,14.23,14.24,33026600.0,474261976.0
2018-04-13,601688.SH,14.35,14.44,14.09,14.1,27033500.0,384551537.5
2018-04-13,601689.SH,9.11,9.17,9.03,9.13,2110400.0,19246848.000000004
2018-04-16,601689.SH,9.12,9.22,8.97,9.15,2726700.0,24908404.5
2018-04-16,601688.SH,13.95,14.1,13.79,13.8,34139800.0,473689725.0
2018-04-17,601688.SH,13.85,14.19,13.81,13.87,35285000.0,489050100.0
2018-04-17,601689.SH,9.23,9.23,8.92,8.97,2491300.0,22670830.000000004
2018-04-18,601689.SH,9.04,9.07,8.51,8.83,3380100.0,30201193.499999996
2018-04-18,601688.SH,14.06,14.31,14.03,14.29,53274900.0,755171707.5
2018-04-19,601688.SH,14.31,14.56,14.19,14.4,43702000.0,627342210.0
2018-04-19,601689.SH,8.87,8.91,8.74,8.79,1977800.0,17463973.999999996
2018-04-20,601688.SH,14.31,14.36,13.82,13.84,35544800.0,500293060.0
2018-04-20,601689.SH,8.63,8.66,8.41,8.43,3716700.0,31703451.000000004
2018-04-23,601689.SH,8.45,8.49,8.0,8.03,5555100.0,45774023.99999999
2018-04-23,601688.SH,13.78,14.19,13.78,14.18,32440600.0,453519588.0
2018-04-24,601688.SH,14.23,14.82,14.23,14.76,68743200.0,996432684.0000001
2018-04-24,601689.SH,8.12,8.22,8.02,8.22,3664300.0,29937331.0
2018-04-25,601689.SH,8.22,8.37,8.15,8.33,3671100.0,30378352.5
2018-04-25,601688.SH,14.65,14.72,14.54,14.67,33860800.0,496399328.0
2018-04-26,601688.SH,14.67,14.7,14.23,14.24,36376300.0,525819416.5
2018-04-26,601689.SH,8.32,8.37,8.08,8.1,2049900.0,16829679.0
2018-04-27,601689.SH,8.15,8.29,8.13,8.26,1709200.0,14023986.0
2018-04-27,601688.SH,14.42,14.79,14.34,14.67,52571400.0,764651013.0
2018-05-02,601688.SH,14.87,14.94,14.54,14.67,48340600.0,713990662.0
2018-05-02,601689.SH,8.33,8.38,8.17,8.37,1645700.0,13741595.0
2018-05-03,601689.SH,8.35,8.63,8.25,8.53,2802600.0,23653944.0
2018-05-03,601688.SH,14.62,15.35,14.57,15.19,92371200.0,1376792736.0
2018-05-04,601688.SH,15.14,15.28,15.01,15.17,52125700.0,789964983.5
2018-05-04,601689.SH,8.49,8.62,8.45,8.56,2570600.0,21914365.0
2018-05-07,601689.SH,8.57,8.72,8.5,8.7,3302900.0,28520541.5
2018-05-07,601688.SH,15.28,15.52,15.15,15.35,55761100.0,853981246.5
2018-05-08,601688.SH,15.21,15.35,15.03,15.23,54267100.0,825945262.0
2018-05-08,601689.SH,8.72,8.82,8.62,8.79,2571800.0,22516108.999999996
2018-05-09,601689.SH,8.77,8.82,8.69,8.72,1265600.0,11067672.000000002
2018-05-09,601688.SH,15.13,15.17,14.94,14.99,36691800.0,552578508.0
2018-05-10,601688.SH,15.03,15.35,14.92,15.34,51809600.0,786728775.9999999
2018-05-10,601689.SH,8.72,8.96,8.72,8.84,2453800.0,21544364.000000004
2018-05-11,601689.SH,8.83,9.13,8.83,9.05,3871400.0,34610316.00000001
2018-05-11,601688.SH,15.36,15.36,14.99,15.03,33786900.0,513391945.5
2018-05-14,601688.SH,14.99,15.2,14.99,15.06,29590800.0,444601770.0
2018-05-14,601689.SH,9.05,9.16,8.96,9.05,2789400.0,25244070.000000004
2018-05-15,601689.SH,9.2,9.45,8.96,9.01,3685600.0,33557388.0
2018-05-15,601688.SH,14.98,15.04,14.54,14.71,61176300.0,908162173.5
2018-05-16,601688.SH,14.64,14.79,14.57,14.6,30981300.0,452946606.00000006
2018-05-16,601689.SH,8.93,9.27,8.87,9.19,3171200.0,28731071.999999996
2018-05-17,601689.SH,9.11,9.19,8.76,8.79,3470500.0,31060974.999999996
2018-05-17,601688.SH,14.62,14.66,14.35,14.35,33759500.0,489006357.5
2018-05-18,601688.SH,14.38,14.64,14.37,14.63,32846400.0,476437032.0
2018-05-18,601689.SH,8.74,9.22,8.74,9.16,5472100.0,48975294.99999999
2018-05-21,601689.SH,9.18,9.42,9.17,9.31,3735700.0,34536546.5
2018-05-21,601688.SH,14.73,14.79,14.61,14.67,34451700.0,506439990.0
2018-05-22,601688.SH,14.63,14.66,14.24,14.37,52547100.0,761932950.0
2018-05-22,601689.SH,9.31,9.39,9.24,9.34,2023200.0,18866340.0
2018-05-23,601689.SH,9.35,9.49,9.2,9.28,2880500.0,26831857.5
2018-05-23,601688.SH,14.28,14.36,14.1,14.1,34648800.0,491666472.0
2018-05-24,601688.SH,14.12,14.22,13.98,14.06,26400000.0,371976000.0
2018-05-24,601689.SH,9.18,9.27,8.88,9.14,3570200.0,32703032.0
2018-05-25,601689.SH,9.11,9.41,9.04,9.12,3452900.0,31473183.499999996
2018-05-25,601688.SH,14.03,14.14,13.84,13.89,26001600.0,362982336.0
2018-05-28,601688.SH,13.9,14.05,13.82,13.95,21733000.0,302632025.0
2018-05-28,601689.SH,9.08,9.17,8.83,8.94,4730100.0,42618201.0
2018-05-29,601689.SH,8.94,9.12,8.79,8.83,3601000.0,31994885.0
2018-05-29,601688.SH,13.87,13.98,13.55,13.62,34310200.0,471593699.0
2018-05-30,601688.SH,13.42,13.5,13.13,13.14,36339100.0,482583248.00000006
2018-05-30,601689.SH,8.7,8.75,8.44,8.5,3617100.0,31107060.0
2018-05-31,601688.SH,13.28,13.51,13.27,13.5,33972900.0,454897131.0
2018-05-31,601689.SH,8.71,8.71,8.54,8.63,1868000.0,16195560.000000004
2018-06-01,601689.SH,8.54,8.7,8.43,8.53,2426900.0,20713591.5
2018-06-01,601688.SH,13.38,13.77,13.27,13.51,32571800.0,437927851.0
2018-06-04,601688.SH,13.55,13.63,13.38,13.44,25089700.0,338585501.5
2018-06-04,601689.SH,8.58,8.6,8.32,8.56,3200000.0,27424000.0
2018-06-05,601688.SH,13.44,13.58,13.38,13.54,28664700.0,386686802.99999994
2018-06-05,601689.SH,8.61,8.69,8.41,8.69,3205100.0,27724114.999999996
2018-06-06,601688.SH,13.51,13.79,13.42,13.7,35298100.0,480230650.5
2018-06-06,601689.SH,8.69,8.76,8.56,8.63,3004300.0,26017238.0
2018-06-07,601689.SH,8.64,8.76,8.59,8.66,1933300.0,16723045.0
2018-06-07,601688.SH,13.7,14.05,13.69,13.7,43586900.0,597140530.0
2018-06-08,601689.SH,8.56,8.58,8.31,8.43,2547600.0,21641862.000000004
2018-06-08,601688.SH,13.61,13.69,13.35,13.42,28124700.0,380105320.5
2018-06-11,601688.SH,13.34,13.55,13.24,13.48,21087600.0,282784716.0
2018-06-11,601689.SH,8.42,8.51,8.35,8.46,1460500.0,12326620.000000002
2018-06-12,601689.SH,8.43,8.7,8.3,8.67,2675900.0,22878945.000000004
2018-06-12,601688.SH,13.45,13.59,13.35,13.55,20309700.0,274180950.0
2018-06-13,601689.SH,8.64,8.64,8.46,8.47,1731800.0,14815549.0
2018-06-13,601688.SH,13.55,13.56,13.22,13.24,26365800.0,353169891.0
2018-06-14,601688.SH,13.19,13.46,13.16,13.26,28541700.0,377463982.5
2018-06-14,601689.SH,8.46,8.54,8.42,8.48,1252800.0,10611216.0
2018-06-15,601689.SH,8.52,8.63,8.42,8.62,2123400.0,18197538.0
2018-06-15,601688.SH,13.26,13.46,13.22,13.24,34119200.0,452079400.0
2018-06-19,601688.SH,13.05,13.18,12.01,12.24,59652000.0,754299540.0
2018-06-19,601689.SH,8.52,8.52,7.88,8.15,3394200.0,28290657.000000004
2018-06-20,601689.SH,8.06,8.31,7.96,8.15,2234900.0,18113864.5
2018-06-20,601688.SH,12.24,12.33,11.42,11.85,75647700.0,911176546.5
2018-06-21,601688.SH,11.78,11.89,11.36,11.41,50074500.0,580613827.5
2018-06-21,601689.SH,8.15,8.24,7.89,7.94,2050000.0,16492250.0
2018-06-22,601689.SH,7.89,8.12,7.79,8.08,1681900.0,13429971.499999998
2018-06-22,601688.SH,11.33,11.67,11.23,11.65,34524600.0,396687654.0
2018-06-25,601688.SH,11.74,11.77,11.47,11.49,28040500.0,325690407.5
2018-06-25,601689.SH,8.11,8.24,7.96,8.07,1250400.0,10115736.0
2018-06-26,601689.SH,7.99,8.24,7.93,8.19,1465400.0,11855086.0
2018-06-26,601688.SH,11.32,11.67,11.27,11.61,33022000.0,378597230.0
2018-06-27,601688.SH,11.54,11.61,11.29,11.34,30966400.0,354255616.0
2018-06-27,601689.SH,8.29,8.61,8.22,8.44,3728800.0,31191411.999999993
2018-06-28,601689.SH,8.37,8.5,8.34,8.34,1853100.0,15482650.5
2018-06-28,601688.SH,11.29,11.9,11.26,11.49,59783900.0,680938621.0
2018-06-29,601688.SH,11.53,12.05,11.53,11.99,55885400.0,657212304.0
2018-06-29,601689.SH,8.37,8.6,8.36,8.58,1522300.0,12901492.5
2018-07-02,601689.SH,8.59,8.61,8.41,8.45,2058000.0,17534160.0
2018-07-02,601688.SH,11.9,11.93,11.33,11.49,51730900.0,604992875.5
2018-07-03,601688.SH,11.49,11.78,11.39,11.74,40190600.0,466813819.0
2018-07-03,601689.SH,8.45,8.49,8.0,8.44,2190200.0,18496239.0
2018-07-04,601689.SH,8.31,8.49,8.15,8.15,1464000.0,12048720.0
2018-07-04,601688.SH,11.72,11.77,11.49,11.53,30489900.0,354445087.5
2018-07-05,601688.SH,11.54,11.74,11.33,11.35,30725200.0,351649914.0
2018-07-05,601689.SH,8.25,8.27,8.07,8.07,1503500.0,12268560.0
2018-07-06,601689.SH,8.07,8.26,7.97,8.22,2253300.0,18353128.5
2018-07-06,601688.SH,11.42,11.66,11.04,11.45,55308400.0,632451553.9999999
2018-07-09,601688.SH,11.46,11.75,11.46,11.73,34038900.0,394681045.5
2018-07-09,601689.SH,8.26,8.54,8.23,8.49,2185700.0,18305237.5
2018-07-10,601689.SH,8.52,8.75,8.44,8.72,2756700.0,23762754.000000004
2018-07-10,601688.SH,11.68,11.84,11.61,11.77,34327900.0,402494627.5
2018-07-11,601688.SH,11.53,11.53,11.17,11.34,36915700.0,422131029.49999994
2018-07-11,601689.SH,8.84,8.91,8.6,8.68,3488300.0,30557508.0
2018-07-12,601689.SH,8.69,8.9,8.69,8.79,2830700.0,24740317.999999996
2018-07-12,601688.SH,11.31,11.97,11.3,11.79,57253100.0,661273305.0
2018-07-13,601688.SH,11.79,11.83,11.65,11.73,25737800.0,302676528.0
2018-07-13,601689.SH,8.83,8.92,8.75,8.87,2813800.0,24902130.0
2018-07-16,601689.SH,8.87,8.95,8.75,8.82,2198800.0,19448385.999999996
2018-07-16,601688.SH,11.74,11.79,11.63,11.77,21867900.0,257057164.49999997
2018-07-17,601688.SH,11.74,11.75,11.57,11.66,20163800.0,235916460.0
2018-07-17,601689.SH,8.87,8.96,8.71,8.85,2208800.0,19569968.0
2018-07-18,601689.SH,8.83,8.92,8.72,8.73,2121300.0,18625014.000000004
2018-07-18,601688.SH,11.69,11.8,11.61,11.63,23407100.0,272926786.0
2018-07-19,601688.SH,11.61,11.79,11.61,11.67,30049900.0,349780836.0
2018-07-19,601689.SH,8.76,8.79,8.61,8.64,1329200.0,11564039.999999998
2018-07-20,601689.SH,8.8,8.8,8.56,8.68,1776300.0,15524862.0
2018-07-20,601688.SH,11.64,12.43,11.64,12.37,80614500.0,967777072.4999999
2018-07-23,601688.SH,12.35,12.85,12.32,12.69,68694300.0,860052636.0
2018-07-23,601689.SH,8.7,8.91,8.66,8.9,2149900.0,18919120.0
2018-07-24,601688.SH,12.82,13.1,12.58,12.67,75302200.0,959726539.0000001
2018-07-24,601689.SH,8.91,9.18,8.86,9.09,3334800.0,30013200.0
2018-07-25,601689.SH,9.07,9.07,8.9,8.92,2396200.0,21553819.000000004
2018-07-25,601688.SH,12.63,12.84,12.54,12.74,44444600.0,563779751.0
2018-07-26,601688.SH,12.68,12.79,12.42,12.48,44268000.0,556891440.0
2018-07-26,601689.SH,8.92,8.97,8.68,8.72,2289000.0,20188980.0
2018-07-27,601689.SH,8.72,8.75,8.57,8.74,1848800.0,16140024.0
2018-07-27,601688.SH,12.49,12.54,12.3,12.43,31512100.0,392640766.0
2018-07-30,601688.SH,12.38,12.6,12.34,12.46,23456000.0,291323520.00000006
2018-07-30,601689.SH,8.75,8.75,8.3,8.34,3009400.0,25715323.0
2018-07-31,601689.SH,8.37,8.48,8.34,8.43,1569100.0,13180439.999999998
2018-07-31,601688.SH,12.41,12.46,12.26,12.38,21598800.0,267717126.0
2018-08-01,601689.SH,8.43,8.51,8.3,8.32,1330600.0,11143775.0
2018-08-01,601688.SH,12.42,12.7,12.07,12.09,44021800.0,539487159.0
2018-08-02,601688.SH,12.03,12.13,11.5,11.7,48389900.0,574146163.4999999
2018-08-02,601689.SH,8.4,8.4,7.94,8.08,2952400.0,24327776.0
2018-08-03,601689.SH,8.07,8.11,7.95,7.99,1191500.0,9567745.000000002
2018-08-03,601688.SH,11.7,11.81,11.54,11.56,22851900.0,265767596.99999997
2018-08-06,601688.SH,11.8,12.09,11.65,11.73,54347100.0,639393631.5
2018-08-06,601689.SH,7.99,8.08,7.79,7.85,1864200.0,14764464.0
2018-08-07,601689.SH,7.91,8.03,7.81,8.03,1081400.0,8618758.0
2018-08-07,601688.SH,11.97,12.55,11.86,12.54,66860400.0,819374201.9999999
2018-08-08,601688.SH,12.4,12.48,12.05,12.16,51495200.0,632361056.0
2018-08-08,601689.SH,7.99,8.03,7.81,7.88,1647200.0,13070532.0
2018-08-09,601688.SH,12.11,12.57,12.11,12.47,55705200.0,684616908.0
2018-08-09,601689.SH,7.88,8.07,7.83,8.05,2256600.0,17973819.0
2018-08-10,601689.SH,8.07,8.09,7.97,8.07,1315600.0,10616892.0
2018-08-10,601688.SH,12.45,12.5,12.24,12.4,38153800.0,474060965.0
2018-08-13,601688.SH,12.18,12.33,11.92,12.21,43955800.0,536040981.0
2018-08-13,601689.SH,7.99,7.99,7.86,7.98,1426400.0,11389804.0
2018-08-14,601689.SH,7.92,8.0,7.9,7.98,759400.0,6037230.0
2018-08-14,601688.SH,12.2,12.21,12.01,12.14,25703400.0,312810378.0
2018-08-15,601689.SH,7.99,8.02,7.84,7.87,996000.0,7898280.0
2018-08-15,601688.SH,12.14,12.17,11.85,11.86,28461000.0,341532000.0
2018-08-16,601688.SH,11.68,12.29,11.62,11.94,47372400.0,559468043.9999999
2018-08-16,601689.SH,7.77,7.83,7.58,7.71,1192500.0,9229950.0
2018-08-17,601689.SH,7.73,7.81,7.59,7.61,881500.0,6761105.0
2018-08-17,601688.SH,12.1,12.15,11.77,11.81,32797500.0,392094112.5
2018-08-20,601688.SH,11.82,12.09,11.74,12.08,32515300.0,388557835.0
2018-08-20,601689.SH,7.61,7.65,7.44,7.58,1033300.0,7847913.500000001
2018-08-21,601689.SH,7.59,7.62,7.48,7.57,967900.0,7336682.0
2018-08-21,601688.SH,12.07,12.43,12.03,12.21,52746600.0,640343724.0
2018-08-22,601689.SH,7.57,7.59,7.38,7.44,1448700.0,10872493.500000002
2018-08-22,601688.SH,12.21,12.22,12.07,12.12,24761900.0,301228513.5
2018-08-23,601689.SH,7.42,7.51,7.39,7.45,1013600.0,7536116.000000001
2018-08-23,601688.SH,12.11,12.43,12.1,12.32,40916300.0,499792604.5
2018-08-24,601688.SH,12.25,12.69,12.22,12.51,50641700.0,626944246.0
2018-08-24,601689.SH,7.52,7.6,7.46,7.57,1503500.0,11343907.5
2018-08-27,601689.SH,7.57,7.69,7.54,7.66,1289100.0,9816496.5
2018-08-27,601688.SH,12.52,12.79,12.42,12.68,53780100.0,677629260.0
2018-08-28,601689.SH,7.71,7.72,7.55,7.6,1175100.0,8995390.5
2018-08-28,601688.SH,12.65,12.74,12.47,12.53,34004700.0,428119173.0
2018-08-29,601688.SH,12.47,12.5,12.33,12.4,27468900.0,341575771.5
2018-08-29,601689.SH,7.54,7.6,7.51,7.57,771800.0,5830949.0
2018-08-30,601689.SH,7.55,7.6,7.36,7.42,1190900.0,8913886.5
2018-08-30,601688.SH,12.38,12.45,12.2,12.22,24487000.0,301190100.0
2018-08-31,601688.SH,12.23,12.39,12.17,12.3,28181200.0,345642418.0
2018-08-31,601689.SH,7.42,7.45,7.3,7.33,998400.0,7363200.0
2018-09-03,601689.SH,7.23,7.33,7.09,7.17,1877500.0,13518000.0
2018-09-03,601688.SH,12.22,12.27,12.06,12.23,24765900.0,302763127.50000006
2018-09-04,601688.SH,12.23,12.46,12.11,12.39,31984500.0,393729195.0
2018-09-04,601689.SH,7.22,7.39,7.17,7.36,1382400.0,10077696.0
2018-09-05,601689.SH,7.37,7.41,7.3,7.3,891100.0,6536218.5
2018-09-05,601688.SH,12.31,12.43,12.05,12.05,27883700.0,339623466.0
2018-09-06,601688.SH,12.01,12.13,11.94,11.97,26348300.0,315916117.0
2018-09-06,601689.SH,7.28,7.35,7.17,7.17,1127100.0,8143297.5
2018-09-07,601689.SH,7.17,7.33,7.17,7.27,933600.0,6740592.0
2018-09-07,601688.SH,12.0,12.17,11.85,11.92,22689500.0,271366420.0
2018-09-10,601688.SH,11.85,11.94,11.53,11.54,30853800.0,360835191.0
2018-09-10,601689.SH,7.21,7.28,6.88,6.89,2021000.0,14248050.0
2018-09-11,601689.SH,6.93,7.01,6.85,6.98,1770000.0,12310350.0
2018-09-11,601688.SH,11.56,11.77,11.52,11.65,19614500.0,227626272.5
2018-09-12,601688.SH,11.68,11.89,11.61,11.73,24434100.0,286001140.5
2018-09-12,601689.SH,7.02,7.05,6.9,6.97,1267100.0,8863364.499999998
2018-09-13,601689.SH,7.1,7.1,6.94,7.05,1483700.0,10497177.499999998
2018-09-13,601688.SH,11.9,11.93,11.76,11.85,28360200.0,336777375.0
2018-09-14,601688.SH,11.83,11.89,11.61,11.64,22666500.0,265991377.5
2018-09-14,601689.SH,7.1,7.18,6.91,6.96,2002500.0,14077574.999999998
2018-09-17,601689.SH,6.84,6.95,6.63,6.71,1957000.0,13258675.0
2018-09-17,601688.SH,11.61,11.73,11.53,11.65,20271300.0,235755218.99999997
2018-09-18,601688.SH,11.61,11.85,11.55,11.84,33749000.0,395707025.0
2018-09-18,601689.SH,6.71,6.71,6.45,6.64,3014700.0,20123122.5
2018-09-19,601689.SH,6.62,6.77,6.59,6.74,2172500.0,14512300.0
2018-09-19,601688.SH,11.79,12.15,11.78,11.99,60088300.0,714449887.0
2018-09-20,601688.SH,12.05,12.16,11.96,12.03,43704300.0,526199771.99999994
2018-09-20,601689.SH,6.74,7.41,6.69,7.41,5874600.0,41562795.0
2018-09-21,601689.SH,7.46,7.93,7.26,7.49,6868700.0,51343532.5
2018-09-21,601688.SH,11.99,12.42,11.92,12.34,93194100.0,1133706226.5
2018-09-25,601688.SH,12.17,12.24,12.08,12.13,38994100.0,473778315.0
2018-09-25,601689.SH,7.48,7.48,7.33,7.39,2608000.0,19390480.0
2018-09-26,601689.SH,7.37,7.45,7.33,7.35,2140900.0,15757023.999999998
2018-09-26,601688.SH,12.21,12.5,12.09,12.28,71126400.0,870942768.0000001
2018-09-27,601688.SH,12.22,12.48,12.17,12.38,61583800.0,757480740.0
2018-09-27,601689.SH,7.34,7.35,7.15,7.17,2222500.0,16124237.5
2018-09-28,601689.SH,7.21,7.31,7.17,7.28,1769600.0,12820752.0
2018-09-28,601688.SH,12.41,12.62,12.38,12.62,54725200.0,684885878.0
2018-10-08,601688.SH,12.36,12.41,11.98,12.04,43991500.0,536696299.99999994
2018-10-08,601689.SH,7.19,7.19,6.89,6.98,1600500.0,11339542.500000002
2018-10-09,601689.SH,7.0,7.05,6.88,6.89,1125800.0,7818681.0
2018-10-09,601688.SH,12.03,12.1,11.85,11.93,33878300.0,405862034.0
2018-10-10,601688.SH,11.94,12.21,11.93,12.08,32814000.0,394096140.0
2018-10-10,601689.SH,6.92,7.04,6.9,6.97,1063700.0,7387396.5
2018-10-11,601689.SH,6.82,6.82,6.47,6.52,1944200.0,12967814.0
2018-10-11,601688.SH,11.69,11.85,11.21,11.4,54127100.0,624897369.5
2018-10-12,601688.SH,11.4,11.52,11.11,11.42,41405600.0,472437896.0
2018-10-12,601689.SH,6.52,6.68,6.27,6.58,1811900.0,11867945.0
2018-10-15,601689.SH,6.64,6.64,6.34,6.41,1530900.0,9989122.5
2018-10-15,601688.SH,11.42,11.47,11.25,11.27,29333900.0,332793095.49999994
2018-10-16,601688.SH,11.31,11.49,11.05,11.14,35256600.0,395755335.00000006
2018-10-16,601689.SH,6.3,6.42,6.2,6.26,1507600.0,9467727.999999998
2018-10-17,601689.SH,6.4,6.43,6.21,6.31,1188900.0,7555459.500000001
2018-10-17,601688.SH,11.36,11.44,11.09,11.33,31205800.0,354029800.99999994
2018-10-18,601688.SH,11.25,11.45,11.13,11.15,30598200.0,342699840.0
2018-10-18,601689.SH,6.31,6.31,6.11,6.18,1088900.0,6800180.499999999
2018-10-19,601689.SH,6.11,6.29,6.09,6.29,1591800.0,9869160.0
2018-10-19,601688.SH,11.01,11.72,10.97,11.63,55564300.0,628987876.0
2018-10-22,601689.SH,6.38,6.64,6.32,6.53,2413900.0,15581724.5
2018-10-22,601688.SH,11.93,12.79,11.93,12.79,111817700.0,1382066772.0
2018-10-23,601688.SH,13.17,13.27,12.34,12.54,147180800.0,1892009184.0
2018-10-23,601689.SH,6.53,6.56,6.33,6.42,1815000.0,11752125.0
2018-10-24,601689.SH,6.34,6.47,6.3,6.33,1641800.0,10400803.0
2018-10-24,601688.SH,12.35,13.28,12.22,12.86,122706600.0,1546716693.0
2018-10-25,601688.SH,12.3,13.26,12.28,13.15,90173900.0,1147462877.5000002
2018-10-25,601689.SH,6.21,6.3,6.14,6.26,1752800.0,10928707.999999998
2018-10-26,601689.SH,6.32,6.35,6.22,6.27,1499100.0,9436834.5
2018-10-26,601688.SH,13.15,13.15,12.56,12.64,94468900.0,1218176465.5
2018-10-29,601688.SH,12.56,12.85,12.42,12.55,50306700.0,631600618.5
2018-10-29,601689.SH,6.33,6.33,6.19,6.21,907400.0,5689398.0
2018-10-30,601689.SH,6.28,6.45,6.22,6.36,2022300.0,12780936.0
2018-10-30,601688.SH,12.64,13.72,12.38,13.19,121972100.0,1575269671.5
2018-10-31,601688.SH,13.14,13.7,12.98,13.34,105525200.0,1397153648.0
2018-10-31,601689.SH,6.36,6.52,6.32,6.46,1614100.0,10346381.0
2018-11-01,601689.SH,6.49,6.55,6.43,6.44,1864200.0,12052053.0
2018-11-01,601688.SH,13.54,14.5,13.42,13.83,134181300.0,1836271090.4999998
2018-11-02,601688.SH,14.42,14.52,13.91,14.18,97837300.0,1399073390.0
2018-11-02,601689.SH,6.5,7.08,6.5,7.02,5195700.0,35122932.0
2018-11-05,601689.SH,6.93,6.96,6.71,6.83,2520100.0,17338288.0
2018-11-05,601688.SH,14.04,14.15,13.66,13.94,87666500.0,1226454334.9999998
2018-11-06,601688.SH,13.87,14.17,13.74,13.96,54891000.0,763808265.0
2018-11-06,601689.SH,6.78,6.9,6.72,6.75,3287300.0,22238584.500000004
2018-11-07,601688.SH,13.91,13.95,13.56,13.74,58827400.0,813288805.0
2018-11-07,601689.SH,6.75,6.9,6.72,6.78,2956400.0,20000046.0
2018-11-08,601689.SH,6.82,6.83,6.62,6.67,1504900.0,10150550.5
2018-11-08,601688.SH,13.86,13.88,13.41,13.46,50266400.0,686639024.0
2018-11-09,601688.SH,13.34,13.58,13.34,13.4,38201100.0,510748707.00000006
2018-11-09,601689.SH,6.62,6.84,6.62,6.77,1528100.0,10230629.5
2018-11-12,601689.SH,6.75,7.0,6.73,6.98,1794600.0,12319929.0
2018-11-12,601688.SH,13.45,13.84,13.33,13.73,48296100.0,656343999.0
2018-11-13,601688.SH,13.58,14.38,13.54,14.07,73939200.0,1022209440.0
2018-11-13,601689.SH,6.89,7.05,6.85,6.99,1945800.0,13503851.999999998
2018-11-14,601688.SH,13.95,14.16,13.76,13.78,45512500.0,631030812.4999999
2018-11-14,601689.SH,7.0,7.19,6.91,6.94,1979800.0,13799206.000000002
2018-11-15,601689.SH,6.94,7.02,6.9,6.99,2080500.0,14490682.5
2018-11-15,601688.SH,13.86,14.3,13.68,14.17,62007800.0,869039317.0
2018-11-16,601688.SH,14.14,14.72,14.05,14.32,69793000.0,993154390.0
2018-11-16,601689.SH,7.0,7.1,6.95,7.0,2317500.0,16222500.0
2018-11-19,601688.SH,14.25,14.8,14.25,14.63,85840900.0,1239542596.0
2018-11-19,601689.SH,7.0,7.03,6.9,6.96,1688800.0,11787824.0
2018-11-20,601689.SH,6.9,6.91,6.69,6.71,2620900.0,17835224.5
2018-11-20,601688.SH,14.48,14.82,13.92,14.02,85101800.0,1212700650.0
2018-11-21,601689.SH,6.62,6.62,6.39,6.48,5099100.0,33399105.000000004
2018-11-21,601688.SH,13.94,14.17,13.83,13.99,43116700.0,602124715.5
2018-11-22,601689.SH,6.48,6.71,6.48,6.7,3758400.0,24767856.0
2018-11-22,601688.SH,14.06,14.08,13.74,13.92,31479100.0,440392609.0
2018-11-23,601688.SH,13.9,14.12,13.51,13.77,44889400.0,621044849.0
2018-11-23,601689.SH,6.66,6.73,6.42,6.48,2286000.0,15019020.0
2018-11-26,601689.SH,6.45,6.51,6.34,6.4,1709800.0,10985465.000000002
2018-11-26,601688.SH,13.64,13.78,13.37,13.5,32440000.0,440210800.0
2018-11-27,601688.SH,13.59,13.71,13.36,13.55,28517900.0,386987903.0
2018-11-27,601689.SH,6.45,6.49,6.35,6.41,1672000.0,10750960.0
2018-11-28,601689.SH,6.42,6.53,6.32,6.5,1498600.0,9680956.0
2018-11-28,601688.SH,13.46,13.87,13.4,13.84,44755200.0,610908480.0
2018-11-29,601688.SH,13.9,14.17,13.6,13.64,48588800.0,669067776.0
2018-11-29,601689.SH,6.54,6.54,6.38,6.41,1566800.0,10145030.0
2018-11-30,601689.SH,6.36,6.45,6.33,6.45,1046000.0,6699630.0
2018-11-30,601688.SH,13.53,13.76,13.33,13.69,40629800.0,552971578.0
2018-12-03,601689.SH,6.6,6.73,6.55,6.64,3836700.0,25398953.999999996
2018-12-03,601688.SH,14.39,14.67,14.2,14.34,78775200.0,1131605748.0
2018-12-04,601688.SH,14.27,14.71,14.21,14.71,63136000.0,914840640.0
2018-12-04,601689.SH,6.66,6.75,6.61,6.65,2101200.0,13983486.0
2018-12-05,601689.SH,6.54,6.6,6.46,6.57,1786800.0,11712474.0
2018-12-05,601688.SH,14.47,14.87,14.43,14.74,67456800.0,985206564.0
2018-12-06,601688.SH,14.51,14.55,13.94,14.13,69237500.0,991481000.0
2018-12-06,601689.SH,6.52,6.61,6.45,6.49,1349000.0,8775245.0
2018-12-07,601689.SH,6.49,6.56,6.45,6.49,844600.0,5481454.0
2018-12-07,601688.SH,14.1,14.27,14.05,14.1,30561400.0,430915740.0
2018-12-10,601688.SH,13.98,14.04,13.71,13.76,35541600.0,492961992.00000006
2018-12-10,601689.SH,6.43,6.46,6.36,6.39,1197700.0,7677257.0
2018-12-11,601689.SH,6.44,6.44,6.37,6.41,874000.0,5615450.000000001
2018-12-11,601688.SH,13.84,13.93,13.71,13.9,23431600.0,324996292.0
2018-12-12,601688.SH,13.97,14.3,13.92,14.08,32421100.0,454705927.5
2018-12-12,601689.SH,6.45,6.56,6.43,6.52,1597200.0,10357842.0
2018-12-13,601689.SH,6.52,6.69,6.52,6.64,3485400.0,22933932.0
2018-12-13,601688.SH,14.14,14.48,13.99,14.34,51284400.0,730289856.0
2018-12-14,601688.SH,14.23,14.3,13.86,13.86,36939000.0,518808255.0
2018-12-14,601689.SH,6.62,6.68,6.46,6.47,2448700.0,16026741.5
2018-12-17,601689.SH,6.51,6.57,6.41,6.45,1827300.0,11840904.0
2018-12-17,601688.SH,13.82,14.01,13.77,13.94,31510700.0,437368515.99999994
2018-12-18,601688.SH,13.86,13.99,13.55,13.62,36787400.0,505458875.99999994
2018-12-18,601689.SH,6.43,6.48,6.32,6.39,1431300.0,9174633.0
2018-12-19,601689.SH,6.37,6.42,6.34,6.35,916000.0,5825759.999999999
2018-12-19,601688.SH,13.68,13.68,13.29,13.41,46996100.0,636562174.5
2018-12-20,601688.SH,13.36,13.55,13.2,13.52,45057700.0,605575488.0
2018-12-20,601689.SH,6.37,6.42,6.32,6.41,1123300.0,7177887.000000001
2018-12-21,601689.SH,6.41,6.48,6.35,6.46,1587800.0,10217493.0
2018-12-21,601688.SH,13.41,13.47,12.87,13.01,62218500.0,821906385.0
2018-12-24,601689.SH,6.55,6.6,6.33,6.56,2361100.0,15477010.5
2018-12-24,601688.SH,12.99,13.13,12.85,12.98,35553700.0,461664794.5
2018-12-25,601688.SH,12.81,12.92,12.48,12.82,46039800.0,590000037.0
2018-12-25,601689.SH,6.48,6.56,6.37,6.53,1360800.0,8852004.000000002
2018-12-26,601689.SH,6.56,6.7,6.48,6.66,2229700.0,14738316.999999998
2018-12-26,601688.SH,12.84,12.96,12.69,12.8,32191200.0,412691184.0
2018-12-27,601688.SH,13.07,13.26,12.9,12.93,53616600.0,697015800.0
2018-12-27,601689.SH,6.7,6.75,6.49,6.5,2156900.0,14235540.0
2018-12-28,601689.SH,6.51,6.54,6.38,6.53,1277800.0,8331255.999999999
2018-12-28,601688.SH,13.02,13.35,12.96,13.2,44786300.0,587148393.0
2019-01-02,601688.SH,13.2,13.33,12.99,13.22,35756900.0,472348649.00000006
2019-01-02,601689.SH,6.53,6.6,6.41,6.43,916900.0,5941512.0
2019-01-03,601689.SH,6.43,6.49,6.37,6.39,1058000.0,6781780.0
2019-01-03,601688.SH,13.2,13.77,13.19,13.5,59072400.0,788616540.0
2019-01-04,601688.SH,13.39,14.68,13.37,14.42,97938100.0,1361829280.5
2019-01-04,601689.SH,6.36,6.5,6.18,6.5,1365800.0,8782094.0
2019-01-07,601689.SH,6.56,6.67,6.5,6.65,2295500.0,15161777.500000002
2019-01-07,601688.SH,14.48,14.67,14.26,14.41,68256800.0,985969476.0
2019-01-08,601689.SH,6.66,6.69,6.56,6.6,1615700.0,10712091.0
2019-01-08,601688.SH,14.43,14.7,14.23,14.47,48233700.0,696976965.0
2019-01-09,601688.SH,14.51,14.85,14.48,14.63,70072100.0,1020950497.0
2019-01-09,601689.SH,6.79,6.91,6.69,6.75,5688900.0,38513853.0
2019-01-10,601689.SH,6.77,6.77,6.64,6.66,1605800.0,10782947.0
2019-01-10,601688.SH,14.66,14.71,14.28,14.29,45147800.0,653514405.0
2019-01-11,601688.SH,14.33,14.57,14.3,14.48,27158900.0,391223954.50000006
2019-01-11,601689.SH,6.67,6.75,6.6,6.69,1297300.0,8665964.0
2019-01-14,601689.SH,6.69,6.69,6.6,6.62,931000.0,6195805.0
2019-01-14,601688.SH,14.52,14.75,14.52,14.57,32190700.0,468213731.5
2019-01-15,601688.SH,14.54,15.11,14.5,15.03,64575900.0,954754681.5
2019-01-15,601689.SH,6.63,6.7,6.59,6.67,1736700.0,11549055.0
2019-01-16,601689.SH,6.67,6.77,6.63,6.72,2485800.0,16642431.0
2019-01-16,601688.SH,14.98,15.14,14.87,14.94,32962300.0,493116008.0
2019-01-17,601689.SH,6.72,6.73,6.55,6.55,2713500.0,18004072.5
2019-01-17,601688.SH,14.96,15.04,14.58,14.69,44116800.0,654031560.0
2019-01-18,601688.SH,14.69,15.08,14.69,15.03,48635500.0,722723530.0
2019-01-18,601689.SH,6.54,6.59,6.43,6.55,2051600.0,13427722.0
2019-01-21,601689.SH,6.57,6.59,6.54,6.56,1099900.0,7220843.499999999
2019-01-21,601688.SH,15.03,15.48,14.92,15.09,47399400.0,713834963.9999999
2019-01-22,601688.SH,14.94,15.27,14.73,14.84,38997400.0,580671286.0
2019-01-22,601689.SH,6.56,6.56,6.41,6.46,1499700.0,9763047.0
2019-01-23,601688.SH,14.81,14.99,14.7,14.82,21817100.0,323220336.5
2019-01-23,601689.SH,6.44,6.52,6.4,6.42,1552700.0,9983861.0
2019-01-24,601688.SH,14.83,15.45,14.8,15.14,50261700.0,753171574.5
2019-01-24,601689.SH,6.48,6.49,6.37,6.45,1689800.0,10924557.0
2019-01-25,601689.SH,6.48,6.54,6.43,6.45,1171400.0,7573101.0
2019-01-25,601688.SH,15.18,15.53,15.18,15.32,47774900.0,728567225.0
2019-01-28,601689.SH,6.47,6.55,6.3,6.38,1960700.0,12597497.5
2019-01-28,601688.SH,15.51,15.88,15.16,15.43,54792500.0,847639974.9999999
2019-01-29,601688.SH,15.23,15.68,15.08,15.6,41939700.0,646500475.5
2019-01-29,601689.SH,6.36,6.36,6.22,6.3,1736500.0,10992045.0
2019-01-30,601689.SH,6.27,6.34,6.23,6.24,921100.0,5761480.5
2019-01-30,601688.SH,15.48,15.68,15.36,15.39,26242900.0,405059161.5
2019-01-31,601688.SH,15.49,15.77,15.39,15.6,42944800.0,667576916.0
2019-01-31,601689.SH,6.26,6.33,6.22,6.25,1158300.0,7245166.5
2019-02-01,601688.SH,15.76,16.09,15.76,16.09,47247900.0,752422807.5
2019-02-01,601689.SH,6.25,6.47,6.25,6.45,1851100.0,11754485.0
2019-02-11,601689.SH,6.45,6.53,6.43,6.53,1873800.0,12160962.0
2019-02-11,601688.SH,16.07,16.29,15.97,16.25,35370300.0,571584048.0
2019-02-12,601688.SH,16.24,16.36,15.99,16.14,52326300.0,847162796.9999999
2019-02-12,601689.SH,6.49,6.61,6.47,6.6,3541100.0,23176499.5
2019-02-13,601688.SH,16.1,16.5,15.91,16.48,76238100.0,1241918649.0
2019-02-13,601689.SH,6.61,6.78,6.6,6.74,4679800.0,31237665.000000004
2019-02-14,601688.SH,16.32,16.34,16.06,16.19,54233300.0,881562291.5000001
2019-02-14,601689.SH,6.71,6.8,6.69,6.73,2879300.0,19348896.0
2019-02-15,601689.SH,6.75,6.82,6.66,6.67,2798700.0,18779277.0
2019-02-15,601688.SH,16.12,16.14,15.36,15.4,91790900.0,1446624584.0000002
2019-02-18,601688.SH,15.6,16.34,15.6,16.34,102701700.0,1640146149.0
2019-02-18,601689.SH,6.66,6.97,6.66,6.88,3646900.0,24689513.0
2019-02-19,601689.SH,6.89,6.95,6.78,6.82,3813200.0,26139486.0
2019-02-19,601688.SH,16.3,17.03,16.06,16.23,83893600.0,1364529404.0
2019-02-20,601688.SH,16.32,16.64,16.16,16.42,59708700.0,977431419.0
2019-02-20,601689.SH,6.83,6.87,6.64,6.71,3697600.0,25032752.0
2019-02-21,601689.SH,6.72,6.89,6.67,6.71,4400200.0,29547343.0
2019-02-21,601688.SH,16.3,17.25,16.2,16.59,98030500.0,1612111572.5
2019-02-22,601688.SH,16.76,18.25,16.56,18.25,138884800.0,2431178424.0000005
2019-02-22,601689.SH,6.73,6.76,6.63,6.76,4023400.0,27137833.0
2019-02-25,601689.SH,6.82,7.12,6.78,7.08,7195200.0,50006640.0
2019-02-25,601688.SH,19.33,20.07,18.81,20.07,185123500.0,3646932950.0
2019-02-26,601688.SH,20.47,21.3,19.56,19.64,191859600.0,3847744278.0
2019-02-26,601689.SH,7.11,7.33,6.98,7.18,7711500.0,55098667.5
2019-02-27,601689.SH,7.19,7.25,7.0,7.05,5484100.0,39046792.0
2019-02-27,601688.SH,19.46,20.03,18.75,19.36,144424800.0,2803285368.0
2019-02-28,601688.SH,19.32,19.32,18.47,18.75,90851600.0,1729360206.0
2019-02-28,601689.SH,7.26,7.75,7.26,7.75,18033200.0,135339166.0
2019-03-01,601689.SH,7.76,8.3,7.58,8.25,16336300.0,130772081.49999999
2019-03-01,601688.SH,19.0,19.64,18.62,19.36,130031900.0,2494011842.0
2019-03-04,601689.SH,8.36,9.0,8.36,8.79,17084900.0,146503017.5
2019-03-04,601688.SH,19.52,20.54,18.95,19.37,177011700.0,3441992506.5
2019-03-05,601688.SH,19.15,19.27,18.81,19.15,122209700.0,2340315755.0
2019-03-05,601689.SH,8.79,9.6,8.75,9.46,17745900.0,161931337.5
2019-03-06,601689.SH,9.46,9.84,9.17,9.34,18696300.0,175745220.0
2019-03-06,601688.SH,19.1,20.65,18.87,19.89,208877800.0,4072072711.0
2019-03-07,601688.SH,19.81,20.6,19.32,19.93,277086800.0,5505714715.999999
2019-03-07,601689.SH,9.36,9.75,9.13,9.28,15228900.0,141933348.0
2019-03-08,601689.SH,8.98,9.43,8.83,9.1,11964500.0,108159079.99999999
2019-03-08,601688.SH,18.66,19.31,17.94,17.94,206963400.0,3787430220.0
2019-03-11,601688.SH,17.85,18.25,17.3,18.07,144395200.0,2593337792.0
2019-03-11,601689.SH,9.04,9.7,8.91,9.53,13575200.0,126045732.0
2019-03-12,601689.SH,9.51,10.42,9.4,10.3,14633000.0,144939865.00000003
2019-03-12,601688.SH,18.29,18.93,18.19,18.48,151937500.0,2793370937.4999995
2019-03-13,601689.SH,10.28,10.38,9.75,9.97,8181900.0,82841737.5
2019-03-13,601688.SH,18.49,18.5,17.77,18.05,125538800.0,2293593876.0
2019-03-14,601688.SH,17.85,18.42,17.61,17.87,87857200.0,1569129592.0
2019-03-14,601689.SH,9.73,9.73,9.1,9.32,7689900.0,73246297.5
2019-03-15,601688.SH,18.11,18.66,18.02,18.35,118909900.0,2167727477.0
2019-03-15,601689.SH,9.48,9.57,9.18,9.45,5818800.0,55074942.0
2019-03-18,601689.SH,9.43,9.43,8.59,9.02,12019100.0,110876197.5
2019-03-18,601688.SH,18.35,19.05,17.93,19.04,125767200.0,2351217804.0
2019-03-19,601688.SH,19.03,19.13,18.57,18.74,86748700.0,1638249199.4999998
2019-03-19,601689.SH,9.01,9.32,8.92,9.18,8856000.0,80545319.99999999
2019-03-20,601689.SH,9.32,9.32,8.7,9.09,7165600.0,65959348.0
2019-03-20,601688.SH,18.66,19.13,18.54,18.83,95198600.0,1784497756.9999998
2019-03-21,601688.SH,18.8,19.46,18.56,18.97,126030500.0,2380085992.4999995
2019-03-21,601689.SH,9.05,9.13,8.87,8.97,7857500.0,70796075.00000001
2019-03-22,601688.SH,18.83,19.06,18.43,18.7,72089200.0,1352753838.0
2019-03-22,601689.SH,8.94,8.99,8.55,8.94,7990000.0,71430600.0
2019-03-25,601689.SH,8.7,8.9,8.42,8.7,13351300.0,116156309.99999999
2019-03-25,601688.SH,18.16,18.31,17.73,17.78,110249200.0,1981178123.9999998
2019-03-26,601688.SH,17.93,17.96,17.01,17.11,103799400.0,1818565488.0
2019-03-26,601689.SH,8.62,8.79,8.45,8.56,5925200.0,50897468.0
2019-03-27,601689.SH,8.58,8.7,8.34,8.61,7130600.0,61287506.99999999
2019-03-27,601688.SH,17.26,17.31,16.99,17.1,65521600.0,1125661088.0
2019-03-28,601688.SH,17.02,17.41,16.77,17.18,72560400.0,1240782840.0
2019-03-28,601689.SH,8.56,8.99,8.54,8.65,7386400.0,63559972.0
2019-03-29,601689.SH,8.62,8.91,8.48,8.9,8986300.0,78719988.0
2019-03-29,601688.SH,17.28,18.34,17.28,18.27,182072200.0,3236333354.9999995
2019-04-01,601688.SH,18.3,18.93,18.11,18.54,165757200.0,3053247624.0000005
2019-04-01,601689.SH,8.96,9.35,8.92,9.25,8927000.0,81280335.0
2019-04-02,601688.SH,18.58,18.83,18.19,18.27,123617500.0,2277652437.4999995
2019-04-02,601689.SH,9.29,9.47,9.14,9.2,6542500.0,60485412.49999999
2019-04-03,601689.SH,9.24,9.49,9.13,9.36,5351900.0,49772670.00000001
2019-04-03,601688.SH,18.13,19.15,18.05,19.01,179444000.0,3332275080.0
2019-04-04,601688.SH,19.01,19.51,18.94,19.25,142494700.0,2725923611.0000005
2019-04-04,601689.SH,9.45,9.78,9.27,9.39,6313900.0,59476938.0
2019-04-08,601689.SH,9.39,9.44,8.95,9.02,6489900.0,59739529.5
2019-04-08,601688.SH,19.41,19.54,18.34,18.73,106767400.0,2036054318.0
2019-04-09,601688.SH,18.58,18.97,18.16,18.55,91126000.0,1691754189.9999998
2019-04-09,601689.SH,9.05,9.25,9.02,9.14,3475700.0,31611491.500000004
2019-04-10,601689.SH,9.13,9.34,8.9,9.2,6179000.0,56630534.99999999
2019-04-10,601688.SH,18.75,18.89,18.13,18.46,144203100.0,2682898675.5
2019-04-11,601688.SH,18.27,18.46,17.83,17.95,89351300.0,1618152043.0
2019-04-11,601689.SH,9.28,9.73,9.21,9.3,9031300.0,83900776.99999999
2019-04-12,601689.SH,9.31,9.48,8.85,8.87,5030500.0,45727245.0
2019-04-12,601688.SH,17.93,18.19,17.85,18.02,54864000.0,986180400.0000001
2019-04-15,601688.SH,18.46,18.5,17.55,17.62,95750700.0,1727342628.0
2019-04-15,601689.SH,9.01,9.32,9.0,9.01,6309200.0,56845892.0
2019-04-16,601689.SH,9.13,9.13,8.37,8.58,9995500.0,88510152.5
2019-04-16,601688.SH,17.44,17.99,17.03,17.96,102579900.0,1815664230.0000002
2019-04-17,601688.SH,17.9,18.0,17.73,17.78,56224800.0,1003050432.0
2019-04-17,601689.SH,8.63,9.23,8.6,9.02,11314400.0,99849579.99999999
2019-04-18,601689.SH,9.05,9.38,8.73,8.78,7031100.0,62682256.49999999
2019-04-18,601688.SH,17.69,17.95,17.62,17.65,52470500.0,927153735.0000001
2019-04-19,601688.SH,17.65,18.02,17.59,17.87,60454000.0,1073663039.9999999
2019-04-19,601689.SH,8.72,8.93,8.7,8.76,4527200.0,39567728.0
2019-04-22,601689.SH,8.74,8.74,8.34,8.45,8021800.0,68947370.99999999
2019-04-22,601688.SH,18.09,18.14,17.29,17.36,78285600.0,1387612260.0
2019-04-23,601689.SH,8.37,8.44,8.16,8.2,5438800.0,45060458.0
2019-04-23,601688.SH,17.32,17.83,17.21,17.47,63436900.0,1103484875.5
2019-04-24,601688.SH,17.47,17.73,17.34,17.58,45934200.0,804996854.9999999
2019-04-24,601689.SH,8.24,8.32,8.14,8.3,3726400.0,30817328.0
2019-04-25,601689.SH,8.28,8.28,7.88,7.94,4655200.0,37753672.0
2019-04-25,601688.SH,17.57,17.83,17.22,17.27,60385600.0,1051917152.0000001
2019-04-26,601688.SH,17.18,17.63,17.13,17.36,59931200.0,1035011824.0
2019-04-26,601689.SH,7.8,8.09,7.68,7.92,5700800.0,44808288.0
2019-04-29,601689.SH,7.91,7.95,7.43,7.46,6156000.0,47308860.0
2019-04-29,601688.SH,17.32,17.4,16.56,16.68,78240800.0,1330093600.0
2019-04-30,601689.SH,7.43,8.07,7.39,8.0,6613100.0,51020066.5
2019-04-30,601688.SH,16.68,16.86,16.46,16.63,50155000.0,835331525.0
2019-05-06,601688.SH,15.73,15.89,14.96,14.96,107002600.0,1641954897.0
2019-05-06,601689.SH,7.77,7.79,7.23,7.28,5752000.0,43283800.0
2019-05-07,601689.SH,7.41,7.46,7.13,7.26,3549400.0,26034849.0
2019-05-07,601688.SH,15.12,15.2,14.56,15.04,87230100.0,1315429907.9999998
2019-05-08,601688.SH,14.7,15.18,14.62,14.91,50030500.0,740701552.5
2019-05-08,601689.SH,7.15,7.28,6.98,7.1,3305400.0,23550975.0
2019-05-09,601688.SH,14.72,15.0,14.67,14.74,59336000.0,874019280.0
2019-05-09,601689.SH,7.06,7.19,6.96,7.02,2870600.0,20209023.999999996
2019-05-10,601689.SH,7.08,7.26,6.91,7.26,3914500.0,28066965.0
2019-05-10,601688.SH,14.96,15.59,14.51,15.48,111465400.0,1696503388.0
2019-05-13,601689.SH,7.25,7.36,7.12,7.35,4264200.0,31128660.0
2019-05-13,601688.SH,15.16,15.35,15.01,15.07,43978100.0,664728981.5
2019-05-14,601688.SH,14.95,15.21,14.8,14.81,48644900.0,723836112.0
2019-05-14,601689.SH,7.3,7.3,7.11,7.22,3165000.0,22977900.0
2019-05-15,601688.SH,15.04,15.21,14.89,15.13,61782700.0,931992029.5
2019-05-15,601689.SH,7.23,7.3,7.16,7.26,3350300.0,24272923.5
2019-05-16,601689.SH,7.28,7.31,7.21,7.24,2244600.0,16295796.0
2019-05-16,601688.SH,15.08,15.27,15.03,15.13,34414800.0,519835554.0
2019-05-17,601688.SH,15.15,15.23,14.55,14.61,52521300.0,781516944.0
2019-05-17,601689.SH,7.23,7.28,6.93,6.96,3052900.0,21660325.500000004
2019-05-20,601689.SH,6.94,7.05,6.73,6.91,2826800.0,19575590.000000004
2019-05-20,601688.SH,14.44,14.88,14.4,14.66,47315500.0,688440525.0
2019-05-21,601688.SH,14.66,15.14,14.61,15.05,53112600.0,788987673.0
2019-05-21,601689.SH,6.86,7.08,6.86,6.99,2264000.0,15678200.000000002
2019-05-22,601689.SH,6.97,7.04,6.91,6.94,1537100.0,10690530.5
2019-05-22,601688.SH,15.04,15.23,14.93,15.01,36571700.0,549489792.5
2019-05-23,601688.SH,14.94,15.35,14.88,15.1,49206800.0,739086136.0
2019-05-23,601689.SH,6.87,7.02,6.8,6.94,1976800.0,13649804.0
2019-05-24,601689.SH,6.96,7.01,6.69,6.69,4870800.0,33243210.0
2019-05-24,601688.SH,15.05,15.36,15.05,15.16,43151300.0,651800386.5
2019-05-27,601688.SH,15.24,15.81,15.11,15.68,66218600.0,1023739556.0
2019-05-27,601689.SH,6.71,6.82,6.58,6.82,4556700.0,30826075.500000004
2019-05-28,601689.SH,6.75,7.06,6.74,6.87,6504300.0,44294283.0
2019-05-28,601688.SH,15.6,15.85,15.5,15.73,48929600.0,766482184.0
2019-05-29,601688.SH,15.52,15.9,15.49,15.62,35691300.0,555713541.0
2019-05-29,601689.SH,6.84,6.86,6.71,6.76,4499700.0,30597960.0
2019-05-30,601689.SH,6.75,6.78,6.63,6.72,2997300.0,20186815.5
2019-05-30,601688.SH,15.53,15.55,15.1,15.24,47100300.0,724638115.5
2019-05-31,601688.SH,15.26,15.36,15.13,15.18,29288600.0,445772491.99999994
2019-05-31,601689.SH,6.71,6.75,6.59,6.63,3175200.0,21178584.0
2019-06-03,601689.SH,6.69,6.69,6.45,6.49,2559200.0,16865128.0
2019-06-03,601688.SH,15.33,15.62,15.19,15.34,45529500.0,698194882.5
2019-06-04,601688.SH,15.26,15.45,15.19,15.39,32084300.0,491691897.5
2019-06-04,601689.SH,6.62,6.71,6.5,6.58,4375700.0,28879620.0
2019-06-05,601689.SH,6.67,6.83,6.51,6.53,6431300.0,42446580.0
2019-06-05,601688.SH,15.73,15.8,15.43,15.45,42956600.0,669693394.0
2019-06-06,601688.SH,15.55,15.62,15.23,15.28,34370700.0,529824340.5
2019-06-06,601689.SH,6.53,6.53,6.27,6.31,4475700.0,28733994.0
2019-06-10,601688.SH,15.28,15.35,14.61,14.99,56472900.0,854717341.5
2019-06-10,601689.SH,6.36,6.43,6.33,6.39,2495600.0,15909450.0
2019-06-11,601689.SH,6.4,6.67,6.36,6.65,4503900.0,29387947.5
2019-06-11,601688.SH,14.99,15.85,14.99,15.79,77179000.0,1187784810.0
2019-06-12,601689.SH,6.68,6.68,6.53,6.54,3048000.0,20147280.0
2019-06-12,601688.SH,15.8,15.82,15.53,15.69,56482600.0,889318537.0
2019-06-13,601689.SH,6.54,6.66,6.5,6.63,2863700.0,18857464.5
2019-06-13,601688.SH,15.68,16.06,15.61,15.86,64151300.0,1011666001.0
2019-06-14,601689.SH,6.63,6.65,6.42,6.44,4053200.0,26487662.0
2019-06-14,601688.SH,15.86,16.06,15.67,15.71,49304800.0,778276268.0
2019-06-17,601689.SH,6.48,6.6,6.41,6.54,3488300.0,22708833.0
2019-06-17,601688.SH,15.81,16.02,15.74,15.85,48439600.0,766798868.0
2019-06-18,601689.SH,6.57,6.61,6.39,6.5,4884100.0,31917593.5
2019-06-18,601688.SH,15.97,15.97,15.67,15.85,37169000.0,591358790.0
2019-06-19,601688.SH,17.28,17.44,16.55,16.56,134859500.0,2281822740.0
2019-06-19,601689.SH,6.62,6.73,6.58,6.63,5673400.0,37586275.0
2019-06-20,601688.SH,16.71,18.22,16.59,18.16,263755400.0,4598575399.000001
2019-06-20,601689.SH,6.67,6.78,6.6,6.75,5212100.0,34973191.0
2019-06-21,601689.SH,6.77,6.92,6.76,6.82,6027600.0,40957542.0
2019-06-21,601688.SH,18.22,19.21,18.17,18.99,287023300.0,5340068496.499999
2019-06-24,601688.SH,19.22,19.22,18.44,18.57,171159400.0,3234056863.0
2019-06-24,601689.SH,6.88,6.88,6.74,6.79,3308500.0,22613597.5
2019-06-25,601688.SH,18.5,18.62,17.94,18.49,152520400.0,2820864797.9999995
2019-06-25,601689.SH,6.78,6.81,6.64,6.7,3030000.0,20422200.0
2019-06-26,601689.SH,6.71,6.86,6.64,6.8,3703600.0,25017818.0
2019-06-26,601688.SH,17.95,18.25,17.82,17.99,92780500.0,1667265585.0
2019-06-27,601688.SH,18.18,18.54,18.05,18.18,98026000.0,1782112680.0
2019-06-27,601689.SH,6.84,6.92,6.8,6.87,3872500.0,26545987.5
2019-06-28,601698.SH,3.22,3.88,3.22,3.88,236500.0,839575.0
2019-06-28,601688.SH,18.11,18.38,18.01,18.19,57328200.0,1040506829.9999999
2019-06-28,601689.SH,6.89,6.91,6.72,6.76,2591000.0,17683575.0
2019-07-01,601689.SH,6.87,6.95,6.83,6.95,3764900.0,26015459.0
2019-07-01,601688.SH,18.78,18.91,18.47,18.55,128128200.0,2391512853.0
2019-07-01,601698.SH,4.26,4.26,4.26,4.26,170800.0,727608.0
2019-07-02,601689.SH,6.96,7.33,6.9,7.26,7708900.0,54810278.99999999
2019-07-02,601698.SH,4.69,4.69,4.69,4.69,162100.0,760249.0000000001
2019-07-02,601688.SH,18.42,18.44,18.18,18.26,70001300.0,1283823842.0000002
2019-07-03,601688.SH,18.13,18.13,17.52,17.64,99858600.0,1785971060.9999998
2019-07-03,601698.SH,5.15,5.15,5.15,5.15,404100.0,2081115.0000000002
2019-07-03,601689.SH,7.28,7.3,7.06,7.11,4740700.0,34109336.5
2019-07-04,601688.SH,17.69,17.94,17.47,17.59,73710200.0,1300247928.0
2019-07-04,601689.SH,7.24,7.46,7.17,7.23,5872600.0,42488261.0
2019-07-04,601698.SH,5.67,5.67,5.67,5.67,553100.0,3136077.0
2019-07-05,601698.SH,6.23,6.23,6.23,6.23,910000.0,5669300.0
2019-07-05,601689.SH,7.23,7.37,7.21,7.36,4513300.0,32924523.5
2019-07-05,601688.SH,17.65,17.71,17.44,17.66,53855300.0,950815321.5000001
2019-07-08,601688.SH,17.61,17.8,17.03,17.29,73228400.0,1277835580.0
2019-07-08,601689.SH,7.3,7.36,7.06,7.09,4003800.0,28807341.0
2019-07-08,601698.SH,6.86,6.86,6.86,6.86,1436100.0,9851646.0
2019-07-09,601688.SH,17.28,17.36,17.08,17.29,50217500.0,868009487.5
2019-07-09,601689.SH,7.0,7.18,7.0,7.07,3378600.0,23768451.0
2019-07-09,601698.SH,7.54,7.54,7.54,7.54,1803000.0,13594620.0
2019-07-10,601689.SH,7.07,7.2,6.97,7.02,2835000.0,19972575.0
2019-07-10,601688.SH,17.34,17.39,17.15,17.21,44474200.0,768291804.9999999
2019-07-10,601698.SH,8.29,8.29,8.29,8.29,1762600.0,14611953.999999998
2019-07-11,601689.SH,7.0,7.11,6.81,6.84,4973800.0,34418696.0
2019-07-11,601698.SH,9.12,9.12,9.12,9.12,1086500.0,9908880.0
2019-07-11,601688.SH,17.32,17.43,16.72,16.88,84872600.0,1451321460.0000002
2019-07-12,601688.SH,16.79,17.06,16.47,16.93,70677600.0,1191624336.0
2019-07-12,601698.SH,10.03,10.03,10.03,10.03,21911800.0,219775354.0
2019-07-12,601689.SH,6.77,6.89,6.63,6.67,5525700.0,37132704.0
2019-07-15,601688.SH,16.77,17.53,16.58,17.21,81909900.0,1391649201.0000002
2019-07-15,601689.SH,6.68,6.76,6.47,6.73,5658400.0,37939572.0
2019-07-15,601698.SH,10.88,11.03,10.63,11.03,135431200.0,1483648796.0
2019-07-16,601688.SH,17.12,17.2,16.94,17.06,44258800.0,756382892.0
2019-07-16,601698.SH,12.14,12.14,11.77,12.14,96127700.0,1166990278.0
2019-07-16,601689.SH,6.57,7.0,6.51,6.89,10859500.0,73084435.0
2019-07-17,601689.SH,6.89,6.94,6.78,6.82,4214900.0,28893139.5
2019-07-17,601688.SH,16.98,17.11,16.87,16.91,40605200.0,688055114.0
2019-07-17,601698.SH,12.74,12.98,11.52,11.6,260239600.0,3167115932.0
2019-07-18,601698.SH,11.51,12.76,11.34,12.76,257902500.0,3129646837.5
2019-07-18,601688.SH,16.82,16.94,16.67,16.69,35378000.0,592758390.0000001
2019-07-18,601689.SH,6.81,6.81,6.58,6.58,4043300.0,27069893.5
2019-07-19,601688.SH,16.84,17.35,16.79,17.25,82360700.0,1403838131.5000002
2019-07-19,601689.SH,6.56,6.68,6.56,6.59,2654000.0,17450049.999999996
2019-07-19,601698.SH,12.07,12.48,11.9,12.23,169950100.0,2064893715.0
2019-07-22,601688.SH,17.3,17.41,16.87,16.99,48700800.0,834975216.0
2019-07-22,601698.SH,12.22,12.49,11.0,11.02,154694600.0,1797551252.0000002
2019-07-22,601689.SH,6.57,6.61,6.38,6.48,3649800.0,23814945.0
2019-07-23,601688.SH,17.05,17.21,16.99,17.11,32247600.0,550789008.0
2019-07-23,601689.SH,6.56,6.59,6.46,6.59,2737000.0,17995774.999999996
2019-07-23,601698.SH,10.71,10.82,10.27,10.69,130883800.0,1400456660.0
2019-07-24,601689.SH,6.59,6.69,6.54,6.67,3886500.0,25767495.0
2019-07-24,601688.SH,17.2,17.6,17.2,17.4,75418800.0,1304745239.9999998
2019-07-24,601698.SH,10.54,11.25,10.5,10.98,133189700.0,1433121172.0
2019-07-25,601688.SH,17.4,17.59,17.29,17.52,46733200.0,815961672.0
2019-07-25,601689.SH,6.61,6.69,6.58,6.6,2309700.0,15255568.500000002
2019-07-25,601698.SH,10.85,10.9,10.49,10.61,99511500.0,1067758395.0
2019-07-26,601688.SH,17.45,17.48,17.36,17.45,34528100.0,602515345.0
2019-07-26,601698.SH,10.42,10.83,10.41,10.45,79289100.0,827381758.4999999
2019-07-26,601689.SH,6.6,6.7,6.54,6.68,2950700.0,19592648.0
2019-07-29,601688.SH,17.2,17.2,16.6,16.63,102481900.0,1733481338.5
2019-07-29,601689.SH,6.69,6.76,6.65,6.76,1855300.0,12476892.5
2019-07-29,601698.SH,10.55,10.7,10.42,10.63,58006400.0,614287776.0
2019-07-30,601689.SH,6.76,6.86,6.69,6.81,3216100.0,21821238.5
2019-07-30,601688.SH,16.64,16.89,16.63,16.66,52401400.0,872483309.9999999
2019-07-30,601698.SH,10.55,10.77,10.48,10.57,68892500.0,727504800.0
2019-07-31,601698.SH,10.51,10.86,10.15,10.77,110688300.0,1177723512.0
2019-07-31,601688.SH,16.66,16.7,16.48,16.56,33054600.0,549036906.0
2019-07-31,601689.SH,6.77,6.81,6.65,6.69,2332100.0,15695033.000000002
2019-08-01,601689.SH,6.68,6.73,6.57,6.61,3828600.0,25441047.0
2019-08-01,601688.SH,16.42,16.5,16.2,16.25,54340900.0,887658601.5
2019-08-01,601698.SH,10.6,10.69,10.35,10.47,69295000.0,730022825.0
2019-08-02,601688.SH,15.88,15.95,15.68,15.92,66644900.0,1059653910.0
2019-08-02,601689.SH,6.42,6.55,6.38,6.44,3935500.0,25305265.0
2019-08-02,601698.SH,10.09,10.75,9.97,10.55,98694400.0,1018526208.0
2019-08-05,601689.SH,6.44,6.46,6.31,6.35,3940300.0,25198218.5
2019-08-05,601688.SH,15.86,16.06,15.7,15.75,48783200.0,771018476.0
2019-08-05,601698.SH,10.39,10.76,10.34,10.48,70236400.0,732916834.0
2019-08-06,601689.SH,6.26,6.27,5.96,6.1,5500700.0,33994326.0
2019-08-06,601688.SH,15.47,15.82,15.12,15.58,81521800.0,1265625945.0
2019-08-06,601698.SH,10.17,11.45,10.1,10.99,135558800.0,1434212104.0
2019-08-07,601689.SH,6.17,6.29,6.08,6.15,4353400.0,26816944.0
2019-08-07,601688.SH,15.69,15.77,15.33,15.4,43465200.0,675666534.0
2019-08-07,601698.SH,10.88,10.98,10.28,10.34,91328500.0,968995385.0
2019-08-08,601688.SH,15.72,15.93,15.65,15.67,68021700.0,1067600581.5
2019-08-08,601689.SH,6.22,6.24,6.03,6.13,4543000.0,28053025.0
2019-08-08,601698.SH,10.23,10.62,10.23,10.37,66176700.0,681620010.0
2019-08-09,601698.SH,10.4,10.44,9.45,9.57,90068100.0,899329978.5
2019-08-09,601689.SH,6.16,6.26,6.12,6.21,3806900.0,23545676.500000004
2019-08-09,601688.SH,15.8,15.91,15.53,15.59,51835000.0,813550325.0
2019-08-12,601689.SH,6.21,6.32,6.1,6.31,2697500.0,16886350.0
2019-08-12,601688.SH,15.82,15.92,15.73,15.89,62315200.0,988007496.0
2019-08-12,601698.SH,9.49,9.51,9.16,9.47,49583300.0,470049684.0
2019-08-13,601689.SH,6.24,6.39,6.1,6.36,5385900.0,33931170.00000001
2019-08-13,601688.SH,15.71,15.71,15.51,15.68,35173500.0,552048082.5
2019-08-13,601698.SH,9.29,9.54,9.25,9.31,36421400.0,338719020.0
2019-08-14,601688.SH,16.02,16.06,15.67,15.69,41664700.0,660593818.5
2019-08-14,601689.SH,6.35,6.44,6.27,6.27,3520000.0,22211200.0
2019-08-14,601698.SH,9.46,9.46,9.24,9.25,36705100.0,343376210.5
2019-08-15,601689.SH,6.09,6.48,6.06,6.45,6094600.0,38213142.0
2019-08-15,601688.SH,15.31,15.71,15.23,15.7,40526200.0,628358731.0
2019-08-15,601698.SH,8.9,9.49,8.8,9.27,57165000.0,519344025.00000006
2019-08-16,601689.SH,6.41,6.61,6.4,6.57,4180400.0,27130796.0
2019-08-16,601688.SH,15.75,15.96,15.66,15.78,41615600.0,656069934.0
2019-08-16,601698.SH,9.21,9.45,9.2,9.28,44390200.0,410387399.00000006
2019-08-19,601688.SH,16.07,16.97,15.96,16.89,163189600.0,2689364608.0
2019-08-19,601689.SH,6.66,6.95,6.59,6.83,6509700.0,43907926.5
2019-08-19,601698.SH,9.33,9.67,9.25,9.58,62267300.0,588737321.5
2019-08-20,601698.SH,9.52,9.83,9.41,9.42,63970500.0,605800634.9999999
2019-08-20,601688.SH,16.74,16.91,16.52,16.58,71991200.0,1199373391.9999998
2019-08-20,601689.SH,6.86,7.0,6.77,6.77,3037900.0,20703288.5
2019-08-21,601689.SH,6.89,7.03,6.75,6.92,5810000.0,40118050.0
2019-08-21,601698.SH,9.24,9.59,9.13,9.34,47227700.0,438745332.99999994
2019-08-21,601688.SH,16.5,16.59,16.34,16.55,51362000.0,848757049.9999999
2019-08-22,601698.SH,9.33,9.53,9.25,9.43,42958600.0,402951667.99999994
2019-08-22,601688.SH,16.56,16.59,16.36,16.46,30645900.0,505963808.99999994
2019-08-22,601689.SH,6.84,7.26,6.84,7.16,8121700.0,56851900.0
2019-08-23,601689.SH,7.17,7.38,7.03,7.33,9345300.0,67753425.0
2019-08-23,601688.SH,16.41,16.69,16.27,16.36,43217300.0,708115460.4999999
2019-08-23,601698.SH,9.34,9.48,9.16,9.18,39647700.0,367137702.0
2019-08-26,601698.SH,8.92,9.17,8.9,9.13,24337900.0,219649547.5
2019-08-26,601688.SH,16.0,16.13,15.91,16.02,49585700.0,793867056.9999999
2019-08-26,601689.SH,7.19,7.38,7.11,7.28,6979900.0,50499576.5
2019-08-27,601688.SH,16.09,16.54,16.06,16.28,64077200.0,1037089482.0000001
2019-08-27,601698.SH,9.25,9.84,9.15,9.66,83726300.0,791632166.5
2019-08-27,601689.SH,7.33,7.75,7.3,7.38,8824200.0,64901991.00000001
2019-08-28,601698.SH,9.53,10.63,9.52,10.63,82031000.0,826872480.0
2019-08-28,601689.SH,7.49,7.6,7.26,7.33,9117400.0,67559934.0
2019-08-28,601688.SH,16.14,16.14,15.9,15.95,46281800.0,742591481.0000001
2019-08-29,601698.SH,10.87,11.43,10.63,10.67,166140000.0,1789327800.0
2019-08-29,601689.SH,7.3,7.49,7.26,7.34,6647300.0,48658236.0
2019-08-29,601688.SH,16.0,16.02,15.69,15.73,57950600.0,919386269.0
2019-08-30,601689.SH,7.35,7.53,7.25,7.28,4817300.0,35238549.5
2019-08-30,601688.SH,15.93,15.97,15.6,15.69,45352000.0,717015120.0
2019-08-30,601698.SH,10.55,11.74,10.55,11.74,115738100.0,1289901124.5
2019-09-02,601698.SH,12.63,12.92,12.38,12.92,93215800.0,1190831845.0
2019-09-02,601688.SH,15.66,16.14,15.62,16.02,63166100.0,1000551024.0
2019-09-02,601689.SH,7.27,7.42,7.23,7.34,4439100.0,32427625.5
2019-09-03,601689.SH,7.34,7.41,7.28,7.38,3756000.0,27644159.999999996
2019-09-03,601698.SH,13.85,14.22,12.97,14.22,235375900.0,3303500756.5
2019-09-03,601688.SH,15.97,16.13,15.88,16.0,41957500.0,670690637.5
2019-09-04,601698.SH,13.69,13.96,12.98,13.38,158143200.0,2140468212.0
2019-09-04,601688.SH,16.04,16.42,15.9,16.34,73787800.0,1194624481.9999998
2019-09-04,601689.SH,7.36,7.65,7.3,7.54,11261800.0,83900410.0
2019-09-05,601689.SH,7.49,7.8,7.49,7.65,11029300.0,83491801.0
2019-09-05,601688.SH,16.81,17.37,16.69,16.7,177271600.0,2970185658.0
2019-09-05,601698.SH,13.45,14.72,13.22,14.54,196110300.0,2744563648.5
2019-09-06,601698.SH,14.2,14.91,13.87,14.3,162339900.0,2313343575.0
2019-09-06,601689.SH,7.77,8.39,7.74,8.15,15085500.0,120080580.0
2019-09-06,601688.SH,17.03,17.1,16.76,16.9,86540700.0,1468162975.5
2019-09-09,601689.SH,8.2,8.24,7.98,8.15,10674900.0,87267307.50000001
2019-09-09,601688.SH,17.33,17.42,16.97,17.05,101562000.0,1745850779.9999998
2019-09-09,601698.SH,14.34,14.43,13.48,14.38,100772300.0,1447090228.0
2019-09-10,601698.SH,14.48,15.82,14.47,15.12,197857900.0,2928296920.0
2019-09-10,601689.SH,8.09,8.11,7.78,7.84,9725300.0,77462014.5
2019-09-10,601688.SH,17.08,17.12,16.75,17.05,85943400.0,1466624120.9999998
2019-09-11,601698.SH,14.92,14.94,14.09,14.13,140348200.0,2038557605.0
2019-09-11,601689.SH,7.88,7.94,7.77,7.82,4886200.0,38356670.0
2019-09-11,601688.SH,17.3,17.4,16.96,17.1,109246600.0,1879041520.0000002
2019-09-12,601688.SH,17.13,17.27,16.97,17.22,77475200.0,1330636559.9999998
2019-09-12,601689.SH,7.78,7.88,7.76,7.85,4177100.0,32644036.499999996
2019-09-12,601698.SH,14.15,14.48,13.66,14.29,81246900.0,1155330918.0
2019-09-16,601698.SH,14.44,15.14,14.18,15.14,101670200.0,1503702258.0
2019-09-16,601689.SH,7.86,8.12,7.78,7.84,6820100.0,53537785.0
2019-09-16,601688.SH,17.32,17.37,16.79,16.87,83154600.0,1421527887.0
2019-09-17,601698.SH,15.14,15.81,14.7,14.96,122029300.0,1836540965.0
2019-09-17,601689.SH,7.87,7.88,7.46,7.57,7241600.0,55905152.00000001
2019-09-17,601688.SH,16.8,16.8,16.31,16.39,95196200.0,1579780939.0
2019-09-18,601688.SH,16.45,16.45,16.19,16.22,61240700.0,1000366834.5
2019-09-18,601689.SH,7.58,7.65,7.39,7.4,5211900.0,39037131.0
2019-09-18,601698.SH,14.93,15.23,14.22,14.44,89402000.0,1312868370.0
2019-09-19,601698.SH,14.24,15.19,13.95,15.11,92277200.0,1354167910.0
2019-09-19,601688.SH,16.27,16.43,16.18,16.39,49076300.0,801415978.9999999
2019-09-19,601689.SH,7.47,7.53,7.33,7.46,3499400.0,26123021.0
2019-09-20,601689.SH,7.48,7.65,7.44,7.49,4852600.0,36321711.0
2019-09-20,601688.SH,16.37,16.37,16.08,16.28,58492600.0,954891695.0000001
2019-09-20,601698.SH,15.04,15.3,14.67,14.84,67672000.0,1011019680.0
2019-09-23,601698.SH,14.46,15.31,14.3,14.7,87699700.0,1278661626.0
2019-09-23,601688.SH,16.14,16.16,15.82,15.97,67753200.0,1087777626.0
2019-09-23,601689.SH,7.55,7.69,7.51,7.6,5685400.0,43066904.99999999
2019-09-24,601698.SH,14.4,14.99,14.15,14.41,76004300.0,1094841941.5
2019-09-24,601688.SH,16.02,16.18,15.91,16.0,52092600.0,834002525.9999999
2019-09-24,601689.SH,7.6,7.67,7.51,7.54,5608300.0,42454831.0
2019-09-25,601689.SH,7.49,7.51,7.21,7.26,6751100.0,49789362.5
2019-09-25,601698.SH,14.34,14.53,13.06,13.26,91407200.0,1261419360.0
2019-09-25,601688.SH,15.85,16.03,15.83,15.88,41873200.0,664318318.0
2019-09-26,601698.SH,13.1,13.21,11.93,11.93,86135300.0,1077983279.5
2019-09-26,601688.SH,15.92,16.06,15.73,15.88,50524300.0,803336370.0
2019-09-26,601689.SH,7.29,7.44,7.13,7.26,6966800.0,50683470.0
2019-09-27,601688.SH,15.86,16.0,15.86,16.0,34361300.0,547375509.0
2019-09-27,601698.SH,11.93,12.18,11.73,11.96,41953100.0,501129779.5
2019-09-27,601689.SH,7.29,7.62,7.2,7.51,8322400.0,61585760.0
2019-09-30,601698.SH,12.02,12.15,11.56,11.57,36350500.0,428754147.5
2019-09-30,601688.SH,15.96,16.0,15.73,15.8,42104900.0,668625812.0
2019-09-30,601689.SH,7.51,7.93,7.47,7.76,12919900.0,98643436.5
2019-10-08,601689.SH,7.84,7.88,7.53,7.57,7535800.0,58063339.0
2019-10-08,601698.SH,11.68,11.81,11.29,11.53,32668300.0,379115621.5
2019-10-08,601688.SH,15.73,15.78,15.56,15.6,40394500.0,632779842.5
2019-10-09,601698.SH,11.39,11.74,11.16,11.74,34086200.0,394206903.00000006
2019-10-09,601689.SH,7.59,7.61,7.26,7.3,8085700.0,60198036.5
2019-10-09,601688.SH,15.55,15.56,15.27,15.45,55629300.0,862254150.0
2019-10-10,601688.SH,15.39,15.5,15.28,15.44,59393900.0,915556968.5
2019-10-10,601689.SH,7.34,7.48,7.28,7.28,7213000.0,52727030.0
2019-10-10,601698.SH,11.67,11.91,11.6,11.79,32497800.0,381199194.0
2019-10-11,601698.SH,11.83,11.9,11.48,11.64,29098300.0,341468550.5
2019-10-11,601689.SH,7.32,7.4,7.19,7.37,7500400.0,55090438.00000001
2019-10-11,601688.SH,15.49,15.88,15.2,15.74,105295700.0,1644192355.5
2019-10-14,601698.SH,11.74,12.44,11.64,12.38,60379300.0,728174358.0
2019-10-14,601689.SH,7.47,7.82,7.36,7.73,10341600.0,78596160.0
2019-10-14,601688.SH,15.93,16.09,15.73,15.79,92052600.0,1459954236.0
2019-10-15,601688.SH,15.74,15.74,15.38,15.39,60427400.0,940552481.0000001
2019-10-15,601689.SH,7.8,7.86,7.61,7.8,11558500.0,90156300.0
2019-10-15,601698.SH,12.27,12.54,12.1,12.13,42235600.0,515274319.99999994
2019-10-16,601698.SH,12.14,12.27,11.79,11.87,30252100.0,363176460.49999994
2019-10-16,601689.SH,7.87,7.88,7.6,7.6,6265900.0,48466736.5
2019-10-16,601688.SH,15.47,15.59,15.24,15.26,51317300.0,788490314.5
2019-10-17,601698.SH,11.75,11.97,11.67,11.71,21115800.0,247688334.0
2019-10-17,601689.SH,7.63,7.81,7.49,7.65,6188100.0,47277084.0
2019-10-17,601688.SH,15.23,15.35,15.16,15.21,33478900.0,509548858.0
2019-10-18,601688.SH,15.27,15.34,15.08,15.09,36421300.0,552875334.0
2019-10-18,601689.SH,7.77,7.78,7.39,7.44,6685900.0,50846269.5
2019-10-18,601698.SH,11.71,11.79,10.76,11.13,39532300.0,451458866.00000006
2019-10-21,601688.SH,14.24,14.69,13.99,14.23,275888100.0,3927267103.5
2019-10-21,601689.SH,7.3,7.4,7.25,7.34,4429200.0,32421744.0
2019-10-21,601698.SH,11.1,11.11,10.59,10.75,25966500.0,283684012.5
2019-10-22,601698.SH,10.81,11.1,10.81,11.03,24209300.0,264365556.0
2019-10-22,601689.SH,7.34,7.49,7.3,7.49,3809600.0,28248184.0
2019-10-22,601688.SH,14.32,14.63,14.24,14.54,167652700.0,2419228461.0
2019-10-23,601688.SH,14.61,14.74,14.52,14.59,101822800.0,1486612880.0
2019-10-23,601689.SH,7.5,7.52,7.19,7.28,6598800.0,48765132.00000001
2019-10-23,601698.SH,11.14,11.14,10.76,10.79,22652000.0,248379180.0
2019-10-24,601689.SH,7.46,7.74,6.96,7.08,14196000.0,103204920.0
2019-10-24,601698.SH,10.75,11.02,10.71,10.86,18594800.0,200916814.0
2019-10-24,601688.SH,14.72,14.79,14.49,14.56,71806100.0,1051241304.0
2019-10-25,601698.SH,10.85,10.96,10.59,10.88,20829000.0,226307085.0
2019-10-25,601689.SH,7.23,7.79,7.22,7.79,25022500.0,187918975.0
2019-10-25,601688.SH,14.56,14.75,14.52,14.67,64297200.0,939703578.0
2019-10-28,601688.SH,14.7,14.85,14.58,14.74,76071200.0,1119768064.0
2019-10-28,601689.SH,7.86,8.33,7.79,8.22,33736700.0,271243068.00000006
2019-10-28,601698.SH,10.87,11.64,10.87,11.37,38687400.0,430203887.99999994
2019-10-29,601688.SH,14.74,14.74,14.47,14.48,61957600.0,905200536.0
2019-10-29,601689.SH,8.18,8.53,8.16,8.41,23772900.0,197196205.5
2019-10-29,601698.SH,11.37,11.43,10.94,10.94,28956200.0,323006411.0
2019-10-30,601689.SH,8.47,8.57,8.24,8.32,17179400.0,144221063.0
2019-10-30,601698.SH,10.82,10.82,10.49,10.52,24595500.0,262433985.0
2019-10-30,601688.SH,14.44,14.55,14.26,14.34,64224900.0,924196311.0
2019-10-31,601689.SH,8.4,8.51,8.16,8.22,14244600.0,118372626.0
2019-10-31,601688.SH,14.42,14.62,14.37,14.44,53308000.0,769234440.0
2019-10-31,601698.SH,10.56,10.63,10.16,10.19,20676200.0,214515575.0
2019-11-01,601698.SH,10.11,10.34,9.92,10.28,21874600.0,223011547.0
2019-11-01,601688.SH,14.34,14.68,14.34,14.62,62125100.0,899571448.0
2019-11-01,601689.SH,8.28,8.33,8.15,8.22,11094700.0,91531275.0
2019-11-04,601688.SH,14.65,14.79,14.6,14.7,66885800.0,981549115.0
2019-11-04,601698.SH,10.33,10.44,10.21,10.22,16789900.0,172516222.5
2019-11-04,601689.SH,8.27,8.45,8.21,8.38,14263500.0,118743637.49999999
2019-11-05,601689.SH,8.3,8.41,8.15,8.34,16380700.0,136287424.0
2019-11-05,601698.SH,10.3,10.38,10.16,10.26,16222700.0,166769356.00000003
2019-11-05,601688.SH,14.73,14.92,14.67,14.77,90905200.0,1340851700.0
2019-11-06,601688.SH,14.78,14.86,14.62,14.72,60504300.0,892438425.0
2019-11-06,601689.SH,8.49,8.79,8.15,8.22,22078600.0,184466703.0
2019-11-06,601698.SH,10.24,11.28,10.22,10.78,51142800.0,537510828.0
2019-11-07,601688.SH,14.68,14.92,14.68,14.87,57717700.0,852779017.4999999
2019-11-07,601698.SH,10.63,10.76,10.46,10.64,24729100.0,262993978.50000003
2019-11-07,601689.SH,8.2,8.77,8.11,8.5,23573100.0,196835385.0
2019-11-08,601698.SH,10.72,10.78,10.55,10.56,19588200.0,208418448.0
2019-11-08,601689.SH,8.49,9.12,8.42,9.03,24915700.0,218261532.0
2019-11-08,601688.SH,15.11,15.12,14.64,14.66,69985200.0,1041729702.0
2019-11-11,601698.SH,10.54,10.54,10.07,10.24,19819100.0,205920449.0
2019-11-11,601689.SH,8.93,9.16,8.73,8.77,16924200.0,149779170.0
2019-11-11,601688.SH,14.58,14.77,14.51,14.56,59248400.0,863249188.0
2019-11-12,601698.SH,10.17,10.75,10.04,10.46,24666500.0,254434947.50000003
2019-11-12,601689.SH,8.87,8.97,8.58,8.88,11894100.0,105560137.5
2019-11-12,601688.SH,14.56,14.62,14.42,14.54,45054600.0,655544430.0
2019-11-13,601688.SH,14.51,14.53,14.29,14.34,43854900.0,632606932.5
2019-11-13,601689.SH,8.81,8.92,8.58,8.66,9916000.0,86616260.0
2019-11-13,601698.SH,10.35,10.6,10.22,10.41,18310900.0,190067141.99999997
2019-11-14,601698.SH,10.39,11.02,10.32,10.84,42718100.0,453452631.5
2019-11-14,601689.SH,8.72,8.89,8.64,8.85,11873500.0,104308697.5
2019-11-14,601688.SH,14.34,14.45,14.26,14.34,41357300.0,593063682.0
2019-11-15,601698.SH,10.77,11.22,10.73,10.83,45505500.0,491459400.00000006
2019-11-15,601689.SH,8.78,8.82,8.48,8.64,11419400.0,99462974.00000001
2019-11-15,601688.SH,14.36,14.4,14.15,14.16,44056900.0,628251394.0
2019-11-18,601688.SH,14.15,14.32,14.1,14.2,46402300.0,657752602.5
2019-11-18,601689.SH,8.54,8.72,8.53,8.68,6850700.0,58984526.99999999
2019-11-18,601698.SH,10.99,11.14,10.69,10.98,26669100.0,292960063.5
2019-11-19,601688.SH,14.2,14.28,14.15,14.25,53480800.0,760764380.0
2019-11-19,601698.SH,10.77,10.94,9.99,10.84,49654400.0,536515792.0
2019-11-19,601689.SH,8.64,9.04,8.55,8.96,13779600.0,121260480.00000001
2019-11-20,601689.SH,8.93,9.18,8.68,8.72,16225800.0,143192685.0
2019-11-20,601688.SH,14.23,14.34,14.05,14.1,57933600.0,820629444.0
2019-11-20,601698.SH,10.65,11.21,10.56,10.77,35908700.0,384582177.00000006
2019-11-21,601689.SH,8.67,8.8,8.57,8.62,9057400.0,78301223.0
2019-11-21,601688.SH,14.02,14.15,13.99,14.1,36893400.0,518721203.99999994
2019-11-21,601698.SH,10.61,10.87,10.49,10.57,25312100.0,268055139.0
2019-11-22,601689.SH,8.64,8.9,8.37,8.43,15658100.0,133641883.5
2019-11-22,601688.SH,14.1,14.22,13.96,13.99,59745800.0,839129761.0
2019-11-22,601698.SH,10.47,10.63,10.29,10.37,24996300.0,260461446.0
2019-11-25,601698.SH,10.31,10.34,10.04,10.1,19594500.0,199961872.5
2019-11-25,601688.SH,14.03,14.2,13.91,14.2,53860200.0,760236722.9999999
2019-11-25,601689.SH,8.43,8.64,8.23,8.34,13067100.0,109567633.5
2019-11-26,601698.SH,10.1,10.19,10.05,10.1,10729400.0,108366940.0
2019-11-26,601688.SH,14.2,14.24,14.06,14.08,51081800.0,722296652.0
2019-11-26,601689.SH,8.41,8.55,8.06,8.45,13665500.0,115200165.0
2019-11-27,601688.SH,14.07,14.12,13.99,14.02,29605700.0,415812056.5
2019-11-27,601698.SH,10.11,10.17,10.05,10.09,9886100.0,99849610.0
2019-11-27,601689.SH,8.51,9.29,8.51,9.27,38045100.0,338220939.0
2019-11-28,601698.SH,10.03,10.12,9.96,9.98,14216300.0,142234081.5
2019-11-28,601688.SH,14.07,14.1,13.99,14.05,25678400.0,361038304.0
2019-11-28,601689.SH,9.14,9.41,9.07,9.27,17847000.0,164281635.0
2019-11-29,601688.SH,14.07,14.15,14.0,14.05,37201200.0,523048872.0
2019-11-29,601689.SH,9.37,9.45,9.06,9.2,12706700.0,117981709.5
2019-11-29,601698.SH,9.98,10.02,9.79,9.88,15538400.0,154296312.0
2019-12-02,601698.SH,9.88,10.03,9.88,9.94,13850900.0,137262419.0
2019-12-02,601689.SH,9.31,9.32,9.09,9.19,8547100.0,79060675.0
2019-12-02,601688.SH,14.28,14.69,14.28,14.39,106813400.0,1531170089.0
2019-12-03,601698.SH,9.89,9.91,9.71,9.91,15324800.0,151715520.0
2019-12-03,601688.SH,14.3,14.53,14.29,14.45,61479900.0,883773562.5
2019-12-03,601689.SH,9.08,9.18,8.93,9.12,11529700.0,104920270.0
2019-12-04,601689.SH,9.08,9.59,9.03,9.31,14717600.0,135328332.0
2019-12-04,601688.SH,14.4,14.63,14.36,14.56,55130300.0,798286744.0
2019-12-04,601698.SH,9.81,10.02,9.79,9.96,14200600.0,140372931.00000003
2019-12-05,601689.SH,9.33,9.75,9.21,9.72,18415100.0,175403827.5
2019-12-05,601688.SH,14.64,14.87,14.63,14.82,98003600.0,1443593028.0
2019-12-05,601698.SH,9.99,10.24,9.95,10.19,24527400.0,247481466.0
2019-12-06,601689.SH,9.62,10.36,9.62,10.22,19712900.0,195551968.0
2019-12-06,601698.SH,10.15,10.24,10.06,10.12,16343700.0,165643399.5
2019-12-06,601688.SH,14.77,14.92,14.71,14.82,75442900.0,1116177705.5
2019-12-09,601689.SH,10.49,10.77,10.24,10.51,18790400.0,197299200.0
2019-12-09,601698.SH,10.19,10.24,10.06,10.11,17340800.0,176009119.99999997
2019-12-09,601688.SH,14.85,14.93,14.75,14.85,66696000.0,990435600.0
2019-12-10,601698.SH,10.11,10.16,9.89,10.15,20419400.0,206848521.99999997
2019-12-10,601688.SH,14.82,14.85,14.62,14.81,60966900.0,903224623.5000001
2019-12-10,601689.SH,10.51,10.54,10.21,10.4,14667800.0,153351849.0
2019-12-11,601689.SH,10.41,10.68,10.25,10.41,13546900.0,141023229.0
2019-12-11,601698.SH,10.09,10.48,10.05,10.39,33069600.0,338632704.0
2019-12-11,601688.SH,14.87,14.98,14.75,14.95,63818900.0,951539799.0
2019-12-12,601689.SH,10.43,10.76,10.18,10.31,12953400.0,134326758.0
2019-12-12,601688.SH,14.9,14.9,14.68,14.7,47435000.0,702038000.0
2019-12-12,601698.SH,10.37,10.55,10.21,10.48,30503100.0,317994817.5
2019-12-13,601688.SH,14.98,15.56,14.98,15.35,187031800.0,2836337247.0
2019-12-13,601698.SH,10.51,10.86,10.45,10.75,37491400.0,398533581.99999994
2019-12-13,601689.SH,10.45,11.0,10.31,10.92,20679800.0,220963662.99999997
2019-12-16,601688.SH,15.4,15.96,15.36,15.83,154462200.0,2411927253.0
2019-12-16,601689.SH,10.92,11.04,10.73,10.98,11757100.0,128740244.99999999
2019-12-16,601698.SH,10.85,11.06,10.66,10.93,34784800.0,378806472.0
2019-12-17,601688.SH,15.82,16.66,15.75,16.21,209607900.0,3356870518.5
2019-12-17,601698.SH,11.03,11.93,10.94,11.79,55412700.0,632258907.0
2019-12-17,601689.SH,11.02,11.74,11.02,11.48,16413500.0,184651875.0
2019-12-18,601698.SH,11.92,12.64,11.92,11.99,63435800.0,758374989.0
2019-12-18,601689.SH,11.3,11.98,11.28,11.61,14288000.0,163669040.0
2019-12-18,601688.SH,16.21,16.53,16.17,16.19,150609600.0,2439875520.0000005
2019-12-19,601689.SH,11.62,11.66,11.2,11.46,9848900.0,113656305.99999999
2019-12-19,601698.SH,11.95,11.97,11.61,11.63,40782600.0,480826853.99999994
2019-12-19,601688.SH,16.27,16.28,15.95,16.06,83089400.0,1343140151.0
2019-12-20,601688.SH,16.14,16.41,15.98,16.04,109316300.0,1758899267.0
2019-12-20,601689.SH,11.51,11.89,11.5,11.72,12081400.0,140325461.0
2019-12-20,601698.SH,11.72,11.72,11.22,11.22,33422100.0,383351487.0
2019-12-23,601698.SH,11.16,11.36,10.88,10.89,24247200.0,267325380.0
2019-12-23,601688.SH,16.06,16.29,15.61,15.64,98081100.0,1554585435.0
2019-12-23,601689.SH,11.69,11.99,11.49,11.51,9824300.0,113961880.0
2019-12-24,601689.SH,11.52,11.92,11.52,11.89,11012300.0,128898971.5
2019-12-24,601688.SH,15.69,16.01,15.54,15.93,68396700.0,1081351827.0
2019-12-24,601698.SH,10.99,11.11,10.85,11.01,18281600.0,201097600.0
2019-12-25,601698.SH,11.03,11.24,10.94,11.17,20655000.0,229270500.0
2019-12-25,601688.SH,15.84,16.11,15.69,15.9,62351700.0,989521479.0000001
2019-12-25,601689.SH,12.01,12.21,11.68,11.93,10730900.0,128448872.99999999
2019-12-26,601689.SH,11.79,12.16,11.76,11.88,8373700.0,99102739.5
2019-12-26,601688.SH,15.91,16.19,15.83,16.17,63864500.0,1024386580.0
2019-12-26,601698.SH,11.15,11.22,11.01,11.14,14700600.0,163838187.0
2019-12-27,601698.SH,11.18,11.49,11.11,11.26,31909100.0,358020101.99999994
2019-12-27,601688.SH,16.24,16.65,16.02,16.09,154908800.0,2504100752.0
2019-12-27,601689.SH,11.94,11.97,11.02,11.15,23099000.0,266677955.0
2019-12-30,601689.SH,11.06,11.59,11.02,11.43,16202600.0,182198237.00000003
2019-12-30,601688.SH,16.04,17.37,15.98,17.05,251545700.0,4161823606.5000005
2019-12-30,601698.SH,11.13,11.45,11.08,11.32,21085100.0,236680247.50000003
2019-12-31,601688.SH,16.97,17.03,16.58,16.81,125774800.0,2124336372.0
2019-12-31,601698.SH,11.24,11.36,11.06,11.2,17340700.0,194562653.99999997
2019-12-31,601689.SH,11.49,11.76,11.16,11.45,13131800.0,150621745.99999997
2020-01-02,601698.SH,11.28,11.49,11.26,11.43,24841300.0,282072961.5
2020-01-02,601689.SH,11.42,11.99,11.36,11.94,13980200.0,163288736.0
2020-01-02,601688.SH,17.23,17.3,16.81,16.84,159142600.0,2710994191.0
2020-01-03,601698.SH,11.47,11.64,11.38,11.56,27906000.0,321337590.0
2020-01-03,601688.SH,16.55,16.78,16.45,16.68,116339200.0,1932975808.0000002
2020-01-03,601689.SH,11.96,12.48,11.53,12.1,17273700.0,207802611.00000003
2020-01-06,601698.SH,11.87,12.35,11.56,11.64,42683500.0,501744542.49999994
2020-01-06,601688.SH,16.53,17.23,16.46,16.85,120568400.0,2012286596.0000002
2020-01-06,601689.SH,13.31,13.31,12.74,13.31,32169500.0,428176045.0
2020-01-07,601688.SH,16.93,17.0,16.68,16.89,79017000.0,1336177470.0
2020-01-07,601689.SH,13.36,14.18,13.11,13.4,36735100.0,491515637.99999994
2020-01-07,601698.SH,11.63,11.72,11.44,11.56,26377800.0,305850591.0
2020-01-08,601698.SH,11.63,12.08,11.59,12.07,55862100.0,661965885.0000001
2020-01-08,601689.SH,13.61,14.74,13.61,14.28,43520700.0,606896161.5
2020-01-08,601688.SH,16.69,16.73,16.29,16.38,100036500.0,1654103527.5
2020-01-09,601688.SH,16.64,16.75,16.58,16.65,66777300.0,1111508158.5
2020-01-09,601689.SH,14.65,15.29,14.25,14.58,39245900.0,573578828.5
2020-01-09,601698.SH,11.77,12.0,11.67,11.87,32577700.0,385068414.0
2020-01-10,601698.SH,11.82,11.91,11.57,11.58,24142600.0,282468420.0
2020-01-10,601689.SH,14.3,14.41,13.93,14.16,24974900.0,355392827.0
2020-01-10,601688.SH,17.05,17.22,16.61,16.71,79684300.0,1345070984.0000002
2020-01-13,601688.SH,16.62,16.93,16.44,16.92,72722400.0,1219554648.0000002
2020-01-13,601689.SH,14.5,14.92,14.03,14.89,30649100.0,450388524.5
2020-01-13,601698.SH,11.59,11.7,11.3,11.53,19461300.0,224972627.99999997
2020-01-14,601698.SH,11.55,11.7,11.47,11.52,17579400.0,202778379.0
2020-01-14,601689.SH,15.21,15.8,14.23,14.33,40987700.0,605388329.0
2020-01-14,601688.SH,16.94,17.01,16.7,16.71,59323900.0,998124617.5000001
2020-01-15,601689.SH,14.15,14.46,13.81,14.12,22789600.0,322130996.0
2020-01-15,601688.SH,16.7,16.74,16.42,16.51,55349700.0,919081768.5
2020-01-15,601698.SH,11.47,11.57,11.29,11.37,16238500.0,185443670.0
2020-01-16,601698.SH,11.34,11.64,11.34,11.5,20430000.0,233310600.0
2020-01-16,601689.SH,14.13,14.46,14.06,14.26,15861500.0,225153992.5
2020-01-16,601688.SH,16.53,16.6,16.43,16.53,40838000.0,675052140.0
2020-01-17,601688.SH,16.53,16.69,16.4,16.42,55684500.0,917402137.5000001
2020-01-17,601689.SH,14.25,14.46,13.92,14.1,14661200.0,207822510.0
2020-01-17,601698.SH,11.47,11.56,11.28,11.35,15784400.0,180100004.0
2020-01-20,601688.SH,16.36,16.6,16.23,16.58,60987000.0,1004455889.9999999
2020-01-20,601698.SH,11.39,12.48,11.39,12.48,92274800.0,1101299738.0
2020-01-20,601689.SH,13.99,14.45,13.62,14.25,18878600.0,266565832.00000003
2020-01-21,601689.SH,14.06,14.89,13.79,14.35,23859300.0,338921356.5
2020-01-21,601688.SH,16.44,16.51,16.09,16.12,83498500.0,1359355580.0
2020-01-21,601698.SH,12.45,12.69,12.02,12.48,63367900.0,789880873.5
2020-01-22,601688.SH,16.06,16.35,15.64,16.19,85594400.0,1380209700.0
2020-01-22,601698.SH,12.5,13.49,12.31,13.16,64125200.0,822726316.0
2020-01-22,601689.SH,14.64,15.44,14.06,15.11,26173000.0,389323375.0
2020-01-23,601689.SH,14.81,15.58,14.25,15.1,22506700.0,336587698.5
2020-01-23,601698.SH,12.87,14.44,12.84,13.55,85756300.0,1132840723.0
2020-01-23,601688.SH,15.98,16.12,15.6,15.68,87161800.0,1379771294.0
2020-02-03,601688.SH,14.11,14.29,14.11,14.11,87549800.0,1235327678.0
2020-02-03,601698.SH,12.2,12.2,12.2,12.2,5914000.0,72150800.0
2020-02-03,601689.SH,13.59,15.18,13.59,14.02,30470100.0,420639730.5
2020-02-04,601689.SH,14.79,15.43,14.78,15.43,12981900.0,196156509.0
2020-02-04,601688.SH,13.87,14.48,13.87,14.3,160421300.0,2259534010.5
2020-02-04,601698.SH,11.19,13.23,11.19,12.83,67881500.0,815256815.0
2020-02-05,601698.SH,12.76,14.12,12.59,14.12,77407600.0,1040358144.0
2020-02-05,601688.SH,14.31,14.86,14.22,14.51,111705200.0,1609671932.0
2020-02-05,601689.SH,16.86,16.97,15.82,16.33,42446500.0,704399667.5
2020-02-06,601698.SH,14.83,15.53,14.35,15.53,69964100.0,1062055038.0
2020-02-06,601688.SH,14.46,15.0,14.39,14.84,99638200.0,1459699630.0
2020-02-06,601689.SH,15.49,17.34,15.31,17.31,44552200.0,730656079.9999999
2020-02-07,601698.SH,17.04,17.08,16.4,17.08,109679600.0,1871133975.9999998
2020-02-07,601689.SH,16.84,17.28,16.22,16.49,28499700.0,474947500.5
2020-02-07,601688.SH,14.71,14.95,14.65,14.85,78679700.0,1162885966.0
2020-02-10,601689.SH,16.67,17.74,16.41,17.74,32138000.0,552934290.0
2020-02-10,601688.SH,14.72,15.07,14.66,15.03,80446700.0,1196644662.5
2020-02-10,601698.SH,18.8,18.8,16.23,18.19,177681700.0,3286223041.5
2020-02-11,601689.SH,17.53,17.6,16.67,16.87,23049200.0,396446240.00000006
2020-02-11,601688.SH,15.16,15.6,15.1,15.11,81723600.0,1236886686.0
2020-02-11,601698.SH,17.9,18.1,16.37,16.52,133719900.0,2301319479.0
2020-02-12,601698.SH,16.52,18.17,16.52,18.17,127141300.0,2205265848.5
2020-02-12,601689.SH,16.74,17.21,16.49,16.86,25186200.0,423128159.99999994
2020-02-12,601688.SH,15.03,15.4,14.98,15.33,78659800.0,1194055764.0
2020-02-13,601689.SH,16.55,16.98,16.26,16.48,21954700.0,362581870.5
2020-02-13,601698.SH,18.37,19.99,17.66,19.1,152192500.0,2851326487.5
2020-02-13,601688.SH,15.34,15.49,15.14,15.26,71358300.0,1091781990.0
2020-02-14,601698.SH,19.79,20.65,19.29,19.54,113993800.0,2241688077.0
2020-02-14,601688.SH,15.16,15.68,15.16,15.47,93183200.0,1427100708.0
2020-02-14,601689.SH,16.62,16.77,15.96,16.29,17941900.0,295233964.49999994
2020-02-17,601698.SH,19.46,21.13,19.44,19.82,119526700.0,2347504388.0
2020-02-17,601688.SH,16.06,16.37,15.9,16.35,185171900.0,3000710639.4999995
2020-02-17,601689.SH,15.93,16.61,15.9,16.51,18500000.0,300070000.0
2020-02-18,601698.SH,19.72,21.36,19.49,21.09,127228800.0,2596103664.0
2020-02-18,601689.SH,16.49,17.03,16.24,16.75,21321300.0,354360005.99999994
2020-02-18,601688.SH,16.31,16.42,16.02,16.11,104660200.0,1696541842.0
2020-02-19,601698.SH,20.38,20.4,18.99,19.47,111179400.0,2215249544.9999995
2020-02-19,601689.SH,17.28,17.39,15.71,15.85,37532100.0,621719236.5
2020-02-19,601688.SH,16.02,16.43,16.0,16.09,103854800.0,1667388814.0
2020-02-20,601698.SH,19.53,20.08,18.81,19.73,85723000.0,1682742490.0000002
2020-02-20,601688.SH,16.17,16.97,16.17,16.93,189499200.0,3136211760.0
2020-02-20,601689.SH,16.09,16.52,15.86,16.34,25685000.0,416482275.0
2020-02-21,601688.SH,16.89,17.22,16.57,16.85,167814500.0,2831030615.0
2020-02-21,601689.SH,16.34,16.68,16.25,16.53,22601700.0,371458939.50000006
2020-02-21,601698.SH,19.43,20.97,19.06,19.91,108537400.0,2134930658.0000002
2020-02-24,601698.SH,19.29,19.58,18.66,19.05,87300200.0,1673544834.0000002
2020-02-24,601689.SH,16.34,16.67,15.79,15.98,31548600.0,509825376.0
2020-02-24,601688.SH,16.7,16.95,16.51,16.74,134438500.0,2247811720.0
2020-02-25,601698.SH,18.3,19.72,18.29,19.48,84202100.0,1590577669.0
2020-02-25,601688.SH,16.37,16.6,15.96,16.55,151626600.0,2495773836.0
2020-02-25,601689.SH,15.44,16.35,15.17,16.2,36342700.0,574941514.0
2020-02-26,601698.SH,18.85,19.24,17.72,18.04,66687400.0,1230049093.0
2020-02-26,601688.SH,16.22,16.75,16.22,16.32,124874600.0,2031709742.0
2020-02-26,601689.SH,15.78,16.05,14.58,14.58,40495700.0,614724726.0
2020-02-27,601688.SH,16.39,16.65,16.33,16.41,99410400.0,1630330559.9999998
2020-02-27,601689.SH,14.6,14.64,13.91,14.2,31035800.0,446915519.99999994
2020-02-27,601698.SH,18.22,18.27,17.31,17.59,43521800.0,779257829.0
2020-02-28,601689.SH,13.34,13.91,12.97,13.1,30361900.0,401384317.99999994
2020-02-28,601698.SH,16.72,17.05,16.08,16.53,50930300.0,846716237.5
2020-02-28,601688.SH,15.97,16.1,15.3,15.35,155862500.0,2440806750.0
2020-03-02,601688.SH,15.69,16.12,15.49,16.0,101675600.0,1611049882.0
2020-03-02,601689.SH,13.39,14.39,13.27,14.12,26020900.0,357917479.5
2020-03-02,601698.SH,16.81,17.3,16.38,17.03,40760400.0,689665968.0000001
2020-03-03,601698.SH,17.35,18.3,17.21,17.43,52310100.0,909672639.0
2020-03-03,601688.SH,16.32,16.55,16.04,16.24,105393100.0,1715799668.0000002
2020-03-03,601689.SH,14.79,15.02,14.12,14.41,27405500.0,400120300.0
2020-03-04,601689.SH,14.12,14.57,13.89,14.26,16061100.0,227907009.0
2020-03-04,601688.SH,16.15,16.48,16.06,16.47,118007900.0,1924708848.9999998
2020-03-04,601698.SH,17.13,17.76,16.83,17.42,35171600.0,607589390.0
2020-03-05,601688.SH,16.63,17.17,16.36,16.93,183191800.0,3073958404.0
2020-03-05,601689.SH,14.5,14.68,14.07,14.39,13258200.0,191514699.0
2020-03-05,601698.SH,17.71,18.09,17.36,17.74,43484300.0,770759217.5000001
2020-03-06,601689.SH,14.02,14.64,13.83,14.45,12460900.0,177380911.5
2020-03-06,601688.SH,16.76,16.89,16.44,16.49,100806700.0,1675911387.5
2020-03-06,601698.SH,17.31,18.12,17.15,17.69,37231200.0,651546000.0
2020-03-09,601689.SH,14.06,14.32,13.66,13.68,18431200.0,255640744.00000003
2020-03-09,601698.SH,17.36,17.4,16.25,16.37,40902700.0,689824035.5000001
2020-03-09,601688.SH,16.11,16.21,15.63,15.78,159947700.0,2550366076.5
2020-03-10,601688.SH,15.72,16.24,15.61,16.18,116699600.0,1861358620.0
2020-03-10,601698.SH,15.89,18.0,15.89,17.74,55219800.0,928520936.9999999
2020-03-10,601689.SH,13.53,15.04,13.53,15.04,29017300.0,414512130.5
2020-03-11,601689.SH,15.05,15.23,14.57,14.67,20036700.0,297745362.0
2020-03-11,601688.SH,16.18,16.2,15.74,15.78,74183400.0,1185450732.0
2020-03-11,601698.SH,17.76,19.51,17.49,18.69,114051800.0,2078594055.0000002
2020-03-12,601698.SH,18.03,18.1,17.01,17.29,56271900.0,993761754.0
2020-03-12,601688.SH,15.57,15.73,15.45,15.54,75582600.0,1175687343.0
2020-03-12,601689.SH,14.22,14.41,13.95,14.19,13599700.0,193183738.5
2020-03-13,601698.SH,16.03,17.46,16.03,17.08,36719600.0,607892978.0
2020-03-13,601688.SH,14.78,15.59,14.65,15.44,94389800.0,1426229878.0
2020-03-13,601689.SH,13.4,14.45,13.01,14.06,16728000.0,229675440.0
2020-03-16,601688.SH,15.46,15.49,14.61,14.61,92470500.0,1390293967.5
2020-03-16,601698.SH,17.41,17.43,15.38,15.46,45864000.0,753774840.0000001
2020-03-16,601689.SH,14.06,14.1,12.65,12.66,16175400.0,216103344.0
2020-03-17,601689.SH,12.86,13.06,11.66,12.44,18850600.0,238460089.99999997
2020-03-17,601698.SH,15.51,15.85,14.47,15.26,32953100.0,506983443.5
2020-03-17,601688.SH,14.73,15.0,14.33,14.67,74142100.0,1089888870.0
2020-03-18,601688.SH,14.77,14.89,14.29,14.29,63818500.0,927282805.0
2020-03-18,601689.SH,12.49,12.78,11.76,11.83,19862700.0,241530432.0
2020-03-18,601698.SH,15.32,16.11,15.15,15.33,36314400.0,556518180.0
2020-03-19,601688.SH,14.3,14.48,13.93,14.4,91480600.0,1312746610.0000002
2020-03-19,601689.SH,11.81,12.01,11.19,11.63,24293600.0,284720992.0
2020-03-19,601698.SH,15.29,15.78,14.94,15.66,33190400.0,513621440.0
2020-03-20,601698.SH,15.97,16.0,15.23,15.6,22377900.0,353235151.5
2020-03-20,601689.SH,12.08,12.26,11.53,11.73,19240800.0,229061724.00000003
2020-03-20,601688.SH,14.49,14.55,14.25,14.45,54596800.0,790015695.9999999
2020-03-23,601698.SH,15.04,15.3,14.4,14.56,22013100.0,325793880.0
2020-03-23,601689.SH,11.17,11.25,10.56,10.56,16456500.0,178799872.5
2020-03-23,601688.SH,14.01,14.24,13.99,14.09,54083200.0,759868960.0
2020-03-24,601688.SH,14.34,14.4,13.97,14.29,60002800.0,858940082.0
2020-03-24,601689.SH,10.71,10.83,9.89,10.49,37025300.0,392468180.00000006
2020-03-24,601698.SH,14.92,15.09,14.35,14.9,20489600.0,305499936.0
2020-03-25,601688.SH,14.61,14.64,14.39,14.51,67126700.0,977364751.9999999
2020-03-25,601689.SH,11.07,11.54,11.0,11.21,37159000.0,413951260.0
2020-03-25,601698.SH,15.29,15.38,15.02,15.27,20175900.0,308287752.0
2020-03-26,601688.SH,14.4,14.51,14.33,14.34,30855500.0,443393535.00000006
2020-03-26,601689.SH,11.21,11.26,10.74,10.77,20284800.0,222929952.0
2020-03-26,601698.SH,15.17,15.41,14.94,14.96,15914800.0,239756462.00000003
2020-03-27,601698.SH,15.17,15.32,14.79,14.82,15420700.0,231233396.50000003
2020-03-27,601689.SH,11.04,11.11,10.63,10.77,18732100.0,204273550.5
2020-03-27,601688.SH,14.49,14.63,14.24,14.29,61839000.0,889863210.0
2020-03-30,601698.SH,14.47,14.63,13.76,14.29,19830800.0,285166904.0
2020-03-30,601689.SH,10.77,10.81,10.18,10.57,17944200.0,191464614.0
2020-03-30,601688.SH,14.08,14.24,14.0,14.24,48550100.0,687469416.0
2020-03-31,601698.SH,14.47,14.53,14.08,14.14,12369000.0,176938545.0
2020-03-31,601688.SH,14.49,14.55,14.26,14.26,51534800.0,740812750.0
2020-03-31,601689.SH,10.67,10.96,10.44,10.68,15660600.0,167176905.0
2020-04-01,601688.SH,14.25,14.56,14.24,14.34,49735100.0,710963254.5
2020-04-01,601689.SH,11.01,11.29,10.84,10.88,20060500.0,219562172.5
2020-04-01,601698.SH,14.05,14.52,13.96,14.28,16095100.0,227987091.5
2020-04-02,601698.SH,14.29,15.02,14.2,14.78,19085000.0,277400475.0
2020-04-02,601689.SH,10.84,11.24,10.71,11.23,13899600.0,153382086.0
2020-04-02,601688.SH,14.27,14.63,14.27,14.63,56364000.0,814459800.0
2020-04-03,601688.SH,14.62,14.62,14.39,14.46,37446400.0,544470656.0
2020-04-03,601689.SH,11.82,11.98,10.98,11.32,23440100.0,271201957.0
2020-04-03,601698.SH,14.81,14.97,14.53,14.68,18033700.0,265906906.50000003
2020-04-07,601698.SH,15.14,16.14,15.08,16.14,45794500.0,716225980.0
2020-04-07,601689.SH,11.42,11.96,11.36,11.8,19021600.0,220840776.0
2020-04-07,601688.SH,14.72,14.87,14.63,14.77,73590900.0,1085097820.5
2020-04-08,601688.SH,14.69,15.0,14.65,14.87,59074400.0,873119632.0
2020-04-08,601689.SH,11.61,11.93,11.4,11.52,14128600.0,163397259.0
2020-04-08,601698.SH,15.85,17.01,15.81,16.7,56469500.0,919041112.4999999
2020-04-09,601689.SH,11.55,11.64,11.25,11.32,10400200.0,118926287.0
2020-04-09,601688.SH,14.98,15.34,14.98,15.06,80358400.0,1206983168.0
2020-04-09,601698.SH,16.51,17.43,16.5,16.77,41183900.0,685300096.0
2020-04-10,601688.SH,15.04,15.2,14.91,14.92,51049600.0,764723008.0
2020-04-10,601689.SH,11.46,11.56,10.87,10.96,13167500.0,147607675.0
2020-04-10,601698.SH,16.54,17.08,16.23,16.34,32802400.0,539271455.9999999
2020-04-13,601689.SH,10.72,11.36,10.54,11.19,11134100.0,121974065.5
2020-04-13,601698.SH,16.13,17.09,15.94,16.96,36638700.0,606187291.5000001
2020-04-13,601688.SH,14.77,14.88,14.69,14.74,36408800.0,537211844.0
2020-04-14,601688.SH,14.75,15.26,14.75,15.05,61671200.0,918900880.0
2020-04-14,601698.SH,17.04,17.29,16.63,16.99,35378900.0,601971983.5
2020-04-14,601689.SH,11.49,12.31,11.49,12.31,27441600.0,326555040.0
2020-04-15,601689.SH,12.47,13.3,12.41,12.93,33645200.0,427294040.0
2020-04-15,601698.SH,16.8,17.15,16.53,16.61,31529800.0,526705308.99999994
2020-04-15,601688.SH,14.99,15.15,14.87,14.91,41591000.0,621785450.0
2020-04-16,601688.SH,14.82,15.18,14.82,15.08,50711400.0,758135430.0
2020-04-16,601698.SH,16.32,16.72,16.24,16.47,24444100.0,400761019.5
2020-04-16,601689.SH,12.89,13.13,12.55,13.01,18574200.0,240535890.0
2020-04-17,601689.SH,13.28,13.78,13.09,13.34,22797300.0,303432063.0
2020-04-17,601698.SH,16.62,16.73,16.08,16.12,23711500.0,388157255.0
2020-04-17,601688.SH,15.14,15.18,14.98,15.02,47936200.0,722877896.0
2020-04-20,601698.SH,16.19,17.74,16.19,17.74,41462700.0,703414705.5
2020-04-20,601688.SH,15.11,15.12,14.99,15.11,31700400.0,478993044.0
2020-04-20,601689.SH,13.47,14.33,13.2,14.14,20856500.0,287923982.5
2020-04-21,601698.SH,18.8,19.36,18.4,18.87,95337800.0,1795687463.0
2020-04-21,601689.SH,13.95,14.02,13.19,13.52,19719000.0,270840465.0
2020-04-21,601688.SH,14.99,15.06,14.73,14.77,47351600.0,704591808.0
2020-04-22,601689.SH,13.16,13.7,13.01,13.66,11596500.0,155509065.0
2020-04-22,601688.SH,14.71,14.83,14.67,14.8,30698400.0,452954892.0
2020-04-22,601698.SH,18.67,19.52,18.5,19.12,81668900.0,1543133865.5000002
2020-04-23,601689.SH,13.83,14.25,13.27,13.95,15781900.0,219210591.0
2020-04-23,601698.SH,18.99,19.15,18.33,18.79,56010400.0,1058036456.0
2020-04-23,601688.SH,14.8,14.81,14.65,14.66,27748200.0,408730986.0
2020-04-24,601688.SH,14.63,14.65,14.32,14.44,44794200.0,651083697.0
2020-04-24,601698.SH,18.8,18.88,16.91,16.92,74275100.0,1326553286.0
2020-04-24,601689.SH,14.02,14.84,14.02,14.15,15661300.0,220589410.5
2020-04-27,601689.SH,13.85,15.04,13.85,14.61,13738700.0,195501701.0
2020-04-27,601698.SH,16.76,16.82,15.91,16.16,47720900.0,785486014.0
2020-04-27,601688.SH,14.4,14.54,14.4,14.44,32000100.0,461441442.0
2020-04-28,601688.SH,14.61,14.68,14.36,14.59,48747100.0,711707660.0
2020-04-28,601698.SH,15.86,16.16,14.84,15.62,43749900.0,688623425.9999999
2020-04-28,601689.SH,15.03,15.06,14.25,14.7,13048800.0,193970411.99999997
2020-04-29,601689.SH,14.45,15.6,14.45,15.21,17806400.0,264068912.0
2020-04-29,601698.SH,15.39,16.29,15.34,16.04,33495000.0,526373925.0
2020-04-29,601688.SH,14.53,14.68,14.52,14.6,28508700.0,415229215.5
2020-04-30,601688.SH,14.7,15.07,14.7,15.01,67308500.0,999867767.5
2020-04-30,601698.SH,16.05,17.11,16.05,16.84,38775800.0,637668031.0
2020-04-30,601689.SH,15.8,16.58,15.8,15.94,24035600.0,381444972.0
2020-05-06,601689.SH,15.77,16.22,15.7,16.0,16728100.0,265725868.5
2020-05-06,601698.SH,16.86,17.26,16.47,17.22,44586600.0,759755664.0
2020-05-06,601688.SH,14.77,15.05,14.73,15.04,63582500.0,947697162.5
2020-05-07,601698.SH,17.13,17.66,16.97,17.21,39469800.0,677696466.0000001
2020-05-07,601688.SH,15.01,15.11,14.93,14.95,44892200.0,672485156.0
2020-05-07,601689.SH,16.03,16.21,15.27,15.92,18253500.0,291599662.5
2020-05-08,601698.SH,17.32,18.55,17.19,18.41,69486400.0,1241374536.0000002
2020-05-08,601688.SH,15.06,15.29,14.96,15.16,61431300.0,928226943.0
2020-05-08,601689.SH,15.86,16.23,15.64,16.03,10943900.0,174500485.5
2020-05-11,601698.SH,18.15,18.32,17.69,18.3,52016500.0,948000712.5000001
2020-05-11,601689.SH,15.77,16.4,15.65,15.76,10851000.0,171066015.0
2020-05-11,601688.SH,15.16,15.24,14.91,14.97,47334800.0,713098762.0000001
2020-05-12,601689.SH,15.79,16.16,15.69,16.03,8560000.0,136189600.0
2020-05-12,601688.SH,14.98,15.07,14.82,14.92,34004800.0,508371760.0
2020-05-12,601698.SH,18.13,18.58,17.96,18.09,38001700.0,688210787.0
2020-05-13,601698.SH,17.9,18.3,17.75,17.99,32798900.0,588576260.5
2020-05-13,601689.SH,16.03,16.1,15.69,15.88,9011100.0,143772100.50000003
2020-05-13,601688.SH,14.83,14.97,14.82,14.92,27792400.0,413411950.0
2020-05-14,601688.SH,14.83,14.91,14.63,14.71,37758500.0,557693045.0
2020-05-14,601689.SH,15.73,15.9,15.33,15.63,9504100.0,149024288.0
2020-05-14,601698.SH,17.95,18.57,17.62,18.4,54037200.0,982126109.9999999
2020-05-15,601688.SH,14.74,14.81,14.69,14.69,25962100.0,382032301.5
2020-05-15,601698.SH,18.3,18.38,17.84,17.93,39870700.0,722257730.5000001
2020-05-15,601689.SH,15.84,15.93,15.19,15.61,15644300.0,246006617.5
2020-05-18,601689.SH,15.57,15.62,15.0,15.31,12179900.0,188057656.00000003
2020-05-18,601698.SH,17.88,19.04,17.68,18.14,60014600.0,1080862945.9999998
2020-05-18,601688.SH,14.68,14.77,14.58,14.62,32955400.0,482796609.99999994
2020-05-19,601688.SH,14.77,14.84,14.68,14.72,28981600.0,427333692.0
2020-05-19,601698.SH,18.34,18.38,17.86,18.16,33114900.0,604346925.0
2020-05-19,601689.SH,15.23,15.71,15.12,15.29,10476000.0,159863760.0
2020-05-20,601689.SH,15.63,16.36,15.02,15.17,23363400.0,359796360.0
2020-05-20,601698.SH,18.05,18.29,17.26,17.29,43982400.0,777169008.0000001
2020-05-20,601688.SH,14.65,14.72,14.59,14.63,29975800.0,438845712.0
2020-05-21,601688.SH,14.69,14.71,14.5,14.55,30621000.0,447679020.00000006
2020-05-21,601698.SH,17.32,17.41,16.63,17.01,30904700.0,530479175.5
2020-05-21,601689.SH,15.17,15.35,14.37,14.39,16899400.0,249773132.00000003
2020-05-22,601689.SH,14.58,14.88,14.06,14.21,13300500.0,191460697.5
2020-05-22,601698.SH,17.01,17.77,16.93,17.15,35342300.0,603646483.9999999
2020-05-22,601688.SH,14.6,14.62,14.24,14.26,47543400.0,686051262.0
2020-05-25,601698.SH,16.82,16.94,16.32,16.51,24396900.0,406574338.5
2020-05-25,601688.SH,14.28,14.44,14.22,14.36,27743900.0,397292648.0
2020-05-25,601689.SH,14.16,14.32,13.8,14.09,8387000.0,118466375.0
2020-05-26,601689.SH,14.29,15.4,14.21,15.26,14084100.0,208092577.49999997
2020-05-26,601698.SH,16.55,17.03,16.55,17.01,18974900.0,318398822.0
2020-05-26,601688.SH,14.37,14.5,14.37,14.46,22051700.0,317875255.5
2020-05-27,601688.SH,14.46,14.54,14.3,14.34,25098100.0,361412640.0
2020-05-27,601698.SH,17.02,17.63,16.93,17.06,28309700.0,482397288.0
2020-05-27,601689.SH,15.52,16.32,15.52,16.0,18787800.0,296095728.0
2020-05-28,601688.SH,14.32,14.63,14.31,14.48,34462000.0,496252800.0
2020-05-28,601698.SH,16.83,17.26,16.22,16.76,25793700.0,433205191.50000006
2020-05-28,601689.SH,15.85,15.96,15.12,15.35,14250700.0,222310920.0
2020-05-29,601689.SH,15.58,15.92,14.99,15.71,14843000.0,232218735.0
2020-05-29,601698.SH,16.82,18.43,16.82,18.43,48887900.0,861649237.5
2020-05-29,601688.SH,14.42,14.53,14.3,14.3,34207500.0,491219700.0
2020-06-01,601688.SH,14.67,14.94,14.53,14.81,93733700.0,1381634738.0
2020-06-01,601698.SH,18.8,18.93,18.06,18.84,81018100.0,1524760642.0
2020-06-01,601689.SH,16.08,16.13,15.58,15.99,13296900.0,213215791.5
2020-06-02,601688.SH,14.79,14.88,14.75,14.81,38987100.0,577009080.0
2020-06-02,601698.SH,18.69,20.24,18.56,18.87,86740200.0,1628980956.0
2020-06-02,601689.SH,16.09,16.33,15.5,15.58,10052400.0,159179754.0
2020-06-03,601689.SH,15.51,16.26,15.51,16.2,12377300.0,196242091.5
2020-06-03,601698.SH,18.7,19.91,18.7,19.48,84339600.0,1610042964.0
2020-06-03,601688.SH,14.9,14.94,14.71,14.72,44781300.0,663211053.0
2020-06-04,601698.SH,19.29,19.57,18.88,19.11,46686700.0,896384640.0
2020-06-04,601688.SH,14.86,14.87,14.65,14.68,29554600.0,436521442.0
2020-06-04,601689.SH,16.13,16.74,16.0,16.37,11202000.0,182032500.0
2020-06-05,601698.SH,18.88,19.29,18.7,18.94,34543200.0,653211912.0
2020-06-05,601689.SH,16.16,16.67,15.84,16.64,10870600.0,178277839.99999997
2020-06-05,601688.SH,14.68,14.83,14.59,14.82,36050700.0,531747825.0
2020-06-08,601689.SH,16.79,17.57,16.79,17.12,12542300.0,212654696.49999997
2020-06-08,601688.SH,14.92,14.94,14.82,14.84,40139700.0,597278736.0
2020-06-08,601698.SH,19.16,19.67,18.76,18.79,38545400.0,731398965.0
2020-06-09,601698.SH,18.86,19.33,18.74,18.9,31385700.0,592562016.0
2020-06-09,601688.SH,14.89,15.16,14.84,15.06,66113200.0,990045170.0000001
2020-06-09,601689.SH,17.54,17.64,16.93,17.08,9619100.0,166506621.0
2020-06-10,601689.SH,17.07,17.07,16.63,16.98,6648800.0,113195819.99999999
2020-06-10,601688.SH,15.03,15.07,14.95,15.01,40234600.0,604323692.0
2020-06-10,601698.SH,18.77,19.39,18.48,19.05,35938900.0,679604599.0
2020-06-11,601698.SH,18.9,19.44,18.68,18.93,41534100.0,785617501.5
2020-06-11,601688.SH,15.05,15.17,14.88,14.9,57403500.0,859617412.5000001
2020-06-11,601689.SH,17.59,17.79,16.84,16.9,16306400.0,281203867.99999994
2020-06-12,601689.SH,16.48,16.75,16.24,16.41,12319500.0,202594177.5
2020-06-12,601688.SH,14.65,15.12,14.49,14.75,86500300.0,1271554410.0
2020-06-12,601698.SH,18.3,19.23,18.2,19.23,40980100.0,768991576.5
2020-06-15,601698.SH,19.4,19.56,18.73,18.79,32514300.0,620860558.5
2020-06-15,601688.SH,14.9,15.35,14.87,15.01,91095400.0,1362331707.0
2020-06-15,601689.SH,16.42,16.57,15.79,15.79,12140200.0,195517921.0
2020-06-16,601698.SH,18.59,18.99,18.41,18.79,30741100.0,574551158.9999999
2020-06-16,601688.SH,15.19,15.25,15.0,15.06,53864800.0,814705100.0
2020-06-16,601689.SH,16.21,16.55,15.63,15.94,11466100.0,184317557.5
2020-06-17,601688.SH,15.11,15.11,14.91,15.01,35857800.0,540018468.0
2020-06-17,601698.SH,18.71,18.94,18.46,18.52,32971300.0,613760749.5000001
2020-06-17,601689.SH,15.96,16.09,15.31,15.71,10065500.0,159387192.5
2020-06-18,601698.SH,18.41,18.42,17.48,17.78,39932000.0,722569540.0
2020-06-18,601689.SH,15.66,16.16,15.37,16.11,11506100.0,182774398.5
2020-06-18,601688.SH,15.02,15.19,14.9,15.11,52532000.0,791394580.0
2020-06-19,601688.SH,15.12,15.73,15.08,15.59,133379200.0,2048037616.0
2020-06-19,601689.SH,16.11,17.72,16.02,17.72,20475900.0,346349848.5
2020-06-19,601698.SH,17.72,18.11,17.61,18.1,24874500.0,445502295.0
2020-06-22,601698.SH,18.17,18.31,17.92,18.28,23952600.0,436536135.00000006
2020-06-22,601688.SH,15.69,16.47,15.62,16.04,146065700.0,2317332330.5
2020-06-22,601689.SH,17.97,18.08,17.54,17.94,13047200.0,234262475.99999997
2020-06-23,601689.SH,17.92,18.33,17.67,17.98,11704100.0,210088595.00000003
2020-06-23,601698.SH,18.65,19.09,17.94,17.95,46641400.0,853537619.9999999
2020-06-23,601688.SH,15.97,16.08,15.79,16.02,68620400.0,1097583298.0
2020-06-24,601698.SH,17.62,17.79,17.45,17.64,31533500.0,555935605.0000001
2020-06-24,601688.SH,16.08,16.32,15.98,16.11,66124100.0,1064267389.4999999
2020-06-24,601689.SH,18.17,18.27,17.72,17.9,7211800.0,130064813.0
2020-06-29,601688.SH,15.92,15.92,15.23,15.36,121849600.0,1905727744.0
2020-06-29,601698.SH,17.6,17.94,17.33,17.8,19933900.0,352830030.00000006
2020-06-29,601689.SH,17.9,18.2,17.57,17.79,11235500.0,200497497.5
2020-06-30,601688.SH,15.4,15.87,15.24,15.56,92504900.0,1431975852.0
2020-06-30,601698.SH,17.89,17.97,17.42,17.82,20321100.0,362833240.5
2020-06-30,601689.SH,18.1,18.93,17.91,18.33,13175900.0,239999018.5
2020-07-01,601689.SH,18.97,19.34,17.74,18.07,13102900.0,242665708.0
2020-07-01,601698.SH,17.9,17.96,17.53,17.67,20484600.0,364318611.0
2020-07-01,601688.SH,15.55,15.99,15.44,15.96,88940400.0,1401256002.0
2020-07-02,601688.SH,15.88,17.05,15.86,16.99,201746200.0,3315698796.9999995
2020-07-02,601689.SH,18.26,18.33,17.66,17.81,13805500.0,248982192.5
2020-07-02,601698.SH,17.6,17.88,17.47,17.87,25496600.0,452182201.0
2020-07-03,601698.SH,18.04,18.04,17.67,17.8,24791400.0,444261888.00000006
2020-07-03,601689.SH,18.08,18.97,17.97,18.59,16214600.0,297294691.0
2020-07-03,601688.SH,17.28,18.38,16.99,18.3,266457200.0,4740273588.0
2020-07-06,601698.SH,17.94,19.03,17.8,18.8,54967100.0,1009745627.0
2020-07-06,601688.SH,18.83,20.13,18.83,20.13,307725400.0,5994490791.999999
2020-07-06,601689.SH,18.47,19.3,18.26,19.0,15120300.0,283278820.5
2020-07-07,601688.SH,20.48,20.51,18.99,19.26,313689500.0,6233010365.0
2020-07-07,601689.SH,19.58,20.9,19.44,20.9,12760100.0,258264423.99999997
2020-07-07,601698.SH,18.95,19.65,18.57,18.95,62489300.0,1184172235.0
2020-07-08,601698.SH,19.17,20.85,19.17,20.85,56072000.0,1122000720.0
2020-07-08,601688.SH,19.16,20.69,19.16,19.98,283183000.0,5541891310.0
2020-07-08,601689.SH,21.48,22.99,21.19,22.99,21679900.0,482052576.5
2020-07-09,601698.SH,22.94,22.94,22.94,22.94,14345500.0,329085770.0
2020-07-09,601688.SH,19.86,20.0,19.28,19.62,228674700.0,4514038578.0
2020-07-09,601689.SH,23.32,23.33,22.08,22.97,24151900.0,558995725.5
2020-07-10,601689.SH,22.76,25.16,22.38,24.31,21343800.0,502326333.0
2020-07-10,601688.SH,19.36,19.53,18.87,19.0,157985000.0,3030152300.0
2020-07-10,601698.SH,24.53,25.19,22.97,23.72,147328700.0,3554304887.5
2020-07-13,601698.SH,22.76,23.61,21.85,23.42,86116400.0,1988427676.0000002
2020-07-13,601688.SH,18.85,19.85,18.84,19.44,194099900.0,3716042585.5000005
2020-07-13,601689.SH,25.06,25.72,23.75,24.65,20724500.0,515107447.49999994
2020-07-14,601689.SH,24.31,24.59,23.02,23.49,19539900.0,467003610.0
2020-07-14,601688.SH,19.33,19.67,19.12,19.53,143267000.0,2783677810.0
2020-07-14,601698.SH,23.24,24.62,22.87,24.01,78574000.0,1856310750.0
2020-07-15,601689.SH,23.49,24.28,23.22,23.52,14604800.0,343285824.0
2020-07-15,601688.SH,19.7,19.85,18.97,19.05,128677500.0,2493126562.5
2020-07-15,601698.SH,24.43,24.74,22.37,22.39,61914500.0,1449418445.0
2020-07-16,601698.SH,21.86,22.85,20.29,20.68,49221200.0,1046934924.0
2020-07-16,601688.SH,19.04,19.41,17.71,18.0,155319200.0,2876511584.0
2020-07-16,601689.SH,23.88,24.02,21.45,21.87,15015000.0,343468125.0
2020-07-17,601689.SH,21.88,23.34,21.76,22.49,12650600.0,280653561.0
2020-07-17,601688.SH,18.15,18.27,17.37,17.61,120979600.0,2163115248.0
2020-07-17,601698.SH,20.68,22.22,20.35,21.77,47754300.0,1013585017.5000001
2020-07-20,601688.SH,18.1,18.84,17.91,18.47,129175800.0,2361979503.0
2020-07-20,601689.SH,23.2,23.32,21.87,22.33,12472400.0,283934186.0
2020-07-20,601698.SH,22.28,23.95,22.28,23.95,67785800.0,1566868767.0000002
2020-07-21,601698.SH,23.84,23.85,22.45,22.67,56330700.0,1309970428.5000002
2020-07-21,601689.SH,22.77,23.24,22.51,23.02,10662400.0,244115648.0
2020-07-21,601688.SH,18.6,18.62,18.12,18.24,84817600.0,1562340192.0000002
2020-07-22,601688.SH,18.29,18.96,18.23,18.38,123873300.0,2271216955.5
2020-07-22,601689.SH,22.9,24.17,22.6,23.94,11879400.0,278215548.0
2020-07-22,601698.SH,22.71,23.57,22.43,22.71,43489800.0,987653358.0
2020-07-23,601698.SH,22.93,23.6,22.35,23.28,61244500.0,1415054172.5
2020-07-23,601689.SH,23.65,24.57,22.98,24.02,13368300.0,318633430.5
2020-07-23,601688.SH,18.07,18.45,17.8,18.31,94059300.0,1710938666.9999998
2020-07-24,601698.SH,23.51,23.51,21.54,21.55,52287900.0,1178046387.0
2020-07-24,601689.SH,23.44,23.64,21.62,21.62,17452400.0,393202572.0
2020-07-24,601688.SH,18.21,18.26,16.92,17.22,126998600.0,2249780199.0
2020-07-27,601698.SH,21.48,21.87,20.68,21.37,28739600.0,615745930.0
2020-07-27,601688.SH,17.32,17.38,16.91,17.15,73552600.0,1267679061.0
2020-07-27,601689.SH,21.27,21.96,20.3,20.76,13023600.0,273690954.0
2020-07-28,601689.SH,21.15,22.16,21.15,21.8,11134100.0,239104797.50000003
2020-07-28,601698.SH,21.41,22.13,21.28,22.01,29782800.0,646584588.0
2020-07-28,601688.SH,17.29,17.39,16.86,17.07,70111000.0,1204506980.0
2020-07-29,601689.SH,21.61,22.44,21.48,22.3,8036700.0,176445748.5
2020-07-29,601688.SH,17.03,17.7,16.91,17.61,101641200.0,1760425584.0
2020-07-29,601698.SH,21.87,22.79,21.64,22.67,37742000.0,840514340.0000001
2020-07-30,601698.SH,23.56,24.51,23.01,23.15,66484300.0,1552740826.4999998
2020-07-30,601688.SH,17.74,17.74,17.26,17.3,78462300.0,1374659496.0
2020-07-30,601689.SH,22.47,22.67,21.68,22.12,8531400.0,190207563.0
2020-07-31,601689.SH,22.08,22.98,21.86,22.34,8579400.0,190548474.0
2020-07-31,601698.SH,23.15,23.66,22.51,22.83,49304400.0,1133508156.0
2020-07-31,601688.SH,17.22,17.74,17.19,17.44,88212100.0,1528715692.9999998
2020-08-03,601689.SH,22.6,22.77,21.78,22.7,8673200.0,196447980.0
2020-08-03,601698.SH,22.96,25.12,22.87,25.12,77190400.0,1855657216.0
2020-08-03,601688.SH,17.86,17.94,17.54,17.88,89013900.0,1590678392.9999998
2020-08-04,601698.SH,25.73,27.02,24.23,24.6,108296900.0,2725291488.5
2020-08-04,601689.SH,22.71,23.71,22.25,23.38,12772000.0,294330740.0
2020-08-04,601688.SH,17.99,18.23,17.79,17.96,92953600.0,1670840960.0000002
2020-08-05,601689.SH,23.11,23.37,22.56,22.95,9391300.0,216281639.0
2020-08-05,601698.SH,23.91,25.73,23.9,25.05,63799800.0,1561819104.0
2020-08-05,601688.SH,17.93,17.94,17.58,17.75,68069300.0,1214356312.0
2020-08-06,601688.SH,17.77,18.6,17.4,18.33,115498600.0,2084749729.9999998
2020-08-06,601689.SH,22.95,23.97,22.9,23.44,11376500.0,263877917.5
2020-08-06,601698.SH,24.96,26.09,24.64,25.73,70627000.0,1790041315.0
2020-08-07,601689.SH,23.78,24.51,22.98,23.59,11065900.0,262095841.50000003
2020-08-07,601698.SH,25.25,25.49,24.43,24.81,46123000.0,1154458690.0
2020-08-07,601688.SH,17.78,18.01,17.28,17.55,126811300.0,2240121614.5
2020-08-10,601698.SH,24.64,26.41,24.52,24.93,46833400.0,1160765819.0
2020-08-10,601688.SH,17.44,17.96,17.35,17.69,107252400.0,1883888406.0000002
2020-08-10,601689.SH,23.58,25.95,23.46,25.95,20199900.0,500250523.5
2020-08-11,601689.SH,26.42,28.11,25.49,27.08,22408900.0,599438075.0
2020-08-11,601698.SH,24.54,24.73,23.61,23.7,44526900.0,1073988828.0
2020-08-11,601688.SH,17.64,17.9,17.26,17.32,83671000.0,1462569080.0
2020-08-12,601688.SH,17.33,17.45,17.05,17.36,74067800.0,1284705991.0
2020-08-12,601698.SH,23.56,23.64,21.83,22.61,35396300.0,817123585.5
2020-08-12,601689.SH,26.81,27.74,25.58,26.99,18559900.0,499261310.0
2020-08-13,601689.SH,27.54,27.74,25.82,26.71,13613400.0,369263475.0
2020-08-13,601698.SH,22.59,22.93,22.3,22.44,18263600.0,411204954.0
2020-08-13,601688.SH,17.37,17.53,17.2,17.3,52658700.0,912838564.5
2020-08-14,601698.SH,22.53,23.3,22.47,22.99,21675000.0,493322999.99999994
2020-08-14,601688.SH,17.22,17.56,17.18,17.55,55272900.0,960919366.4999999
2020-08-14,601689.SH,26.4,29.39,26.29,29.39,13220000.0,368771900.0
2020-08-17,601688.SH,18.0,18.67,17.83,18.22,185307900.0,3355926069.0
2020-08-17,601689.SH,29.42,30.03,27.76,28.7,17240200.0,501000212.00000006
2020-08-17,601698.SH,23.95,24.99,23.32,24.41,45081000.0,1090058580.0
2020-08-18,601698.SH,24.12,25.1,24.12,24.41,39120700.0,949263785.5
2020-08-18,601689.SH,28.93,28.93,27.49,27.61,11813900.0,333978953.0
2020-08-18,601688.SH,18.18,18.26,17.93,18.04,80098300.0,1450580213.0
2020-08-19,601688.SH,17.96,18.01,17.61,17.66,76046800.0,1354393508.0000002
2020-08-19,601689.SH,27.74,27.98,26.74,26.98,8775500.0,240097680.0
2020-08-19,601698.SH,24.24,26.39,23.98,25.28,60413600.0,1495840735.9999998
2020-08-20,601698.SH,24.54,24.54,23.34,23.39,39504700.0,946730135.5
2020-08-20,601689.SH,26.44,26.89,25.86,26.04,8712600.0,228618624.00000003
2020-08-20,601688.SH,17.55,17.62,17.37,17.48,65699500.0,1150726742.5
2020-08-21,601688.SH,17.55,17.81,17.5,17.8,67400400.0,1191302070.0
2020-08-21,601698.SH,23.57,23.89,22.76,23.16,20676600.0,483108759.00000006
2020-08-21,601689.SH,26.42,28.58,26.42,26.89,14592800.0,388971084.0
2020-08-24,601698.SH,23.26,23.58,22.78,23.42,15097600.0,352377984.00000006
2020-08-24,601689.SH,27.69,27.9,26.37,27.51,8723300.0,240763080.0
2020-08-24,601688.SH,17.77,17.96,17.71,17.81,53128900.0,945163131.0
2020-08-25,601689.SH,27.51,27.81,26.81,27.07,6838400.0,186619936.0
2020-08-25,601698.SH,23.42,23.42,22.35,22.57,24863900.0,571745380.5
2020-08-25,601688.SH,17.81,18.0,17.68,17.73,50392900.0,895481833.0
2020-08-26,601688.SH,17.69,17.79,17.27,17.29,69427500.0,1214286975.0000002
2020-08-26,601698.SH,22.27,22.73,21.77,22.1,18639800.0,413523963.00000006
2020-08-26,601689.SH,27.47,27.51,25.93,26.19,7344600.0,197055618.0
2020-08-27,601689.SH,26.71,27.61,26.21,27.17,7665300.0,206503182.0
2020-08-27,601698.SH,22.11,22.45,21.77,22.27,12261900.0,272091561.0
2020-08-27,601688.SH,17.52,17.68,17.43,17.59,74456300.0,1307080346.5
2020-08-28,601688.SH,17.6,18.32,17.58,18.2,146180800.0,2616636320.0
2020-08-28,601698.SH,22.27,22.94,22.27,22.86,16846900.0,380150298.49999994
2020-08-28,601689.SH,27.28,28.0,27.02,27.71,7545600.0,207466272.0
2020-08-31,601698.SH,23.01,23.25,22.66,22.69,16249300.0,371296505.0
2020-08-31,601688.SH,18.45,18.77,17.95,17.96,156379200.0,2846883335.9999995
2020-08-31,601689.SH,27.74,28.11,27.08,27.46,7366700.0,203320920.0
2020-09-01,601698.SH,22.63,22.95,22.52,22.82,11678000.0,265382550.00000003
2020-09-01,601689.SH,27.46,28.96,27.12,28.44,10975700.0,306770815.00000006
2020-09-01,601688.SH,17.91,18.32,17.88,18.32,90329200.0,1636313458.0000002
2020-09-02,601698.SH,22.9,22.95,22.03,22.28,15969200.0,360744228.0
2020-09-02,601689.SH,28.4,28.66,27.39,27.94,8289700.0,233520849.0
2020-09-02,601688.SH,18.39,18.47,17.96,18.12,96326300.0,1758436606.5000002
2020-09-03,601688.SH,18.13,18.37,17.88,17.92,79287800.0,1429162595.0
2020-09-03,601698.SH,22.35,22.37,21.77,21.97,13301900.0,294770104.0
2020-09-03,601689.SH,27.7,27.7,26.59,26.89,8055900.0,219885790.5
2020-09-04,601688.SH,17.66,17.86,17.61,17.84,55045800.0,977062950.0
2020-09-04,601689.SH,25.78,26.42,25.55,26.17,7102100.0,184477047.5
2020-09-04,601698.SH,21.58,22.35,21.28,22.28,13059800.0,286401414.0
2020-09-07,601698.SH,22.29,22.29,21.48,21.64,15012900.0,329758348.5
2020-09-07,601688.SH,17.82,17.92,17.39,17.39,69168200.0,1217706161.0
2020-09-07,601689.SH,25.76,26.23,24.44,24.57,14185600.0,356980624.0
2020-09-08,601689.SH,24.96,25.23,24.38,25.0,6753000.0,168689940.0
2020-09-08,601698.SH,21.64,21.87,19.79,20.85,19388200.0,411902309.0
2020-09-08,601688.SH,17.4,17.77,17.31,17.68,57604100.0,1010375914.0
2020-09-09,601689.SH,24.06,24.69,23.35,24.29,9994400.0,241614619.99999997
2020-09-09,601688.SH,17.47,17.61,17.31,17.35,51032600.0,888477566.0
2020-09-09,601698.SH,20.46,20.74,19.79,20.22,17437600.0,354680784.0
2020-09-10,601689.SH,24.68,25.28,23.78,24.0,6246300.0,152034942.0
2020-09-10,601698.SH,20.26,20.53,19.7,19.77,12823800.0,256668357.0
2020-09-10,601688.SH,17.48,17.54,17.04,17.06,50783100.0,877024137.0
2020-09-11,601688.SH,16.96,17.1,16.82,17.02,41819200.0,710508208.0000001
2020-09-11,601698.SH,19.69,19.92,19.27,19.9,12853100.0,254427114.50000003
2020-09-11,601689.SH,23.78,25.32,23.78,25.29,9745600.0,239108296.0
2020-09-14,601688.SH,17.03,17.08,16.91,17.0,33479600.0,569655394.0
2020-09-14,601698.SH,20.08,20.08,19.71,19.85,8388200.0,167470413.0
2020-09-14,601689.SH,25.0,25.54,24.71,25.29,7295300.0,183440318.5
2020-09-15,601688.SH,17.03,17.15,16.94,17.13,31282100.0,534298267.99999994
2020-09-15,601698.SH,19.94,20.03,19.73,20.03,10076900.0,201386846.5
2020-09-15,601689.SH,25.4,25.95,25.03,25.4,5389700.0,136898380.0
2020-09-16,601698.SH,20.03,20.03,19.71,19.75,7544800.0,150066072.0
2020-09-16,601689.SH,25.46,25.69,24.74,24.84,4183500.0,105215025.0
2020-09-16,601688.SH,17.13,17.3,17.02,17.14,35489900.0,608119436.4999999
2020-09-17,601688.SH,17.07,17.25,16.97,17.13,39774200.0,680138820.0
2020-09-17,601689.SH,25.03,27.27,24.44,26.94,13297100.0,345525143.5
2020-09-17,601698.SH,19.74,19.9,19.43,19.74,8154600.0,160971804.0
2020-09-18,601688.SH,17.08,17.85,16.98,17.75,102421700.0,1783673905.5
2020-09-18,601698.SH,19.85,20.19,19.74,20.15,12860300.0,257206000.0
2020-09-18,601689.SH,26.9,28.58,26.75,27.94,11908700.0,326536554.0
2020-09-21,601689.SH,28.27,28.5,25.85,26.05,11669700.0,316949052.0
2020-09-21,601698.SH,20.27,20.98,20.23,20.57,16198500.0,330773370.0
2020-09-21,601688.SH,18.12,18.18,17.6,17.61,79100900.0,1413137578.5000002
2020-09-22,601689.SH,25.82,26.2,25.43,25.7,7428700.0,191363312.0
2020-09-22,601698.SH,20.3,20.44,19.94,19.96,9458100.0,190391553.00000003
2020-09-22,601688.SH,17.45,17.96,17.38,17.45,62033300.0,1082481085.0
2020-09-23,601688.SH,17.46,17.61,17.38,17.43,36374300.0,634549663.5
2020-09-23,601698.SH,19.98,20.08,19.57,19.64,11228100.0,222428661.00000003
2020-09-23,601689.SH,25.83,26.75,25.15,26.5,7793900.0,203927393.5
2020-09-24,601698.SH,19.61,19.61,18.92,18.99,10858600.0,209570979.99999997
2020-09-24,601689.SH,26.42,26.68,25.84,25.89,5290700.0,138378258.5
2020-09-24,601688.SH,17.39,17.49,17.29,17.29,45853400.0,795097956.0
2020-09-25,601688.SH,17.32,17.61,17.23,17.5,43737300.0,761466393.0
2020-09-25,601698.SH,19.36,19.65,19.1,19.23,8985100.0,173367504.50000003
2020-09-25,601689.SH,26.38,26.65,25.72,25.99,4475300.0,117185730.5
2020-09-28,601688.SH,17.5,17.59,17.41,17.45,37268600.0,651268785.0
2020-09-28,601698.SH,19.24,19.37,18.66,18.68,8032000.0,152286720.0
2020-09-28,601689.SH,26.14,26.41,25.36,25.72,2848600.0,73864198.0
2020-09-29,601689.SH,25.98,26.81,25.64,26.56,5628800.0,147868576.0
2020-09-29,601698.SH,18.74,19.29,18.68,19.18,9834100.0,186454536.0
2020-09-29,601688.SH,17.55,17.57,17.36,17.38,41754400.0,729240596.0
2020-09-30,601689.SH,26.52,27.15,26.24,26.42,4573800.0,121068486.0
2020-09-30,601698.SH,19.2,19.4,19.01,19.19,6262000.0,120199090.0
2020-09-30,601688.SH,17.38,17.47,17.13,17.22,41058900.0,710318969.9999999
2020-10-09,601688.SH,17.44,17.67,17.41,17.59,42636900.0,746785303.5
2020-10-09,601698.SH,19.54,19.65,19.35,19.45,6885000.0,134223074.99999997
2020-10-09,601689.SH,27.25,28.27,26.95,28.09,7818800.0,216346196.0
2020-10-12,601688.SH,17.74,18.18,17.72,18.13,88291600.0,1583509846.0
2020-10-12,601689.SH,28.73,29.05,27.67,28.59,8643200.0,247714112.0
2020-10-12,601698.SH,19.5,20.2,19.4,20.09,15037700.0,297671271.5
2020-10-13,601689.SH,28.31,28.38,27.48,28.16,8670400.0,244808744.0
2020-10-13,601698.SH,20.08,20.08,19.52,19.78,12469300.0,248513149.0
2020-10-13,601688.SH,18.01,18.07,17.86,17.99,48997700.0,881958600.0
2020-10-14,601698.SH,19.8,20.27,19.03,19.21,18656700.0,363898933.50000006
2020-10-14,601688.SH,17.98,17.98,17.78,17.86,36369900.0,651748608.0000001
2020-10-14,601689.SH,28.01,28.83,27.74,28.24,6710400.0,188730000.0
2020-10-15,601698.SH,19.13,19.56,18.93,19.16,11677000.0,223556165.0
2020-10-15,601689.SH,28.73,29.39,27.31,27.49,9094800.0,255654828.0
2020-10-15,601688.SH,17.86,18.07,17.79,17.93,41169000.0,736719255.0
2020-10-16,601688.SH,17.97,18.06,17.8,17.92,43124500.0,773869152.5
2020-10-16,601698.SH,19.01,19.15,18.8,18.92,8190900.0,155340418.50000003
2020-10-16,601689.SH,27.71,27.73,25.83,26.48,8857400.0,239991253.0
2020-10-19,601698.SH,19.3,19.67,19.07,19.47,14612400.0,283261374.0
2020-10-19,601688.SH,17.98,18.18,17.77,17.8,50174400.0,897620016.0
2020-10-19,601689.SH,26.41,26.84,26.06,26.26,6339900.0,166961266.5
2020-10-20,601688.SH,17.73,17.84,17.58,17.76,31021900.0,550483615.5
2020-10-20,601698.SH,19.17,19.31,18.88,19.23,8407500.0,161424000.00000003
2020-10-20,601689.SH,26.32,27.01,26.04,26.95,7423500.0,197724922.5
2020-10-21,601689.SH,27.04,27.2,24.81,24.96,14995400.0,389880400.0
2020-10-21,601688.SH,17.77,17.8,17.61,17.68,28281900.0,501296677.50000006
2020-10-21,601698.SH,19.24,19.29,18.83,18.95,5967500.0,113949412.5
2020-10-22,601689.SH,24.56,25.82,24.3,25.53,10354000.0,259315930.00000003
2020-10-22,601688.SH,17.68,17.95,17.64,17.85,32741400.0,581650971.0
2020-10-22,601698.SH,18.81,18.95,18.68,18.79,5441900.0,102307719.99999999
2020-10-23,601698.SH,18.79,19.04,18.72,18.78,4807000.0,90299495.0
2020-10-23,601688.SH,17.81,17.99,17.73,17.75,37856200.0,673083236.0
2020-10-23,601689.SH,25.43,25.82,24.77,25.1,4635100.0,117105801.5
2020-10-26,601688.SH,17.68,17.72,17.02,17.2,54335700.0,947614607.9999999
2020-10-26,601689.SH,24.81,25.4,24.4,25.18,4346600.0,108643266.99999999
2020-10-26,601698.SH,18.77,18.77,17.86,18.21,7729800.0,142924002.00000003
2020-10-27,601698.SH,18.0,18.31,17.82,17.96,7872600.0,141549348.0
2020-10-27,601689.SH,24.83,25.41,24.7,24.83,8039900.0,199630717.0
2020-10-27,601688.SH,17.15,17.21,17.07,17.11,40004500.0,685277085.0
2020-10-28,601698.SH,18.03,18.11,17.43,17.7,10058900.0,179702248.50000003
2020-10-28,601688.SH,17.11,17.28,16.95,17.22,39776600.0,682765339.0
2020-10-28,601689.SH,24.94,25.36,24.38,25.23,9637500.0,241756687.5
2020-10-29,601689.SH,24.65,25.46,24.47,25.08,6902600.0,171633149.0
2020-10-29,601688.SH,16.99,17.57,16.97,17.35,48759400.0,837198898.0000001
2020-10-29,601698.SH,17.27,17.68,17.23,17.59,8255400.0,143891622.0
2020-10-30,601689.SH,25.1,25.89,24.7,25.29,11876100.0,299218339.5
2020-10-30,601688.SH,17.34,17.5,16.99,17.08,50290100.0,865492621.0
2020-10-30,601698.SH,17.63,17.89,17.06,17.13,9058200.0,157431516.0
2020-11-02,601688.SH,16.95,17.26,16.06,16.25,118223200.0,1962505120.0000002
2020-11-02,601698.SH,16.94,17.32,16.52,16.59,11614700.0,194720445.5
2020-11-02,601689.SH,24.77,24.96,23.04,23.69,17510100.0,424269723.0
2020-11-03,601688.SH,16.26,16.66,16.15,16.47,81393900.0,1332011173.5000002
2020-11-03,601689.SH,24.27,24.55,23.68,24.16,8835200.0,213944368.0
2020-11-03,601698.SH,16.73,17.7,16.58,17.61,15572400.0,267378108.00000003
2020-11-04,601689.SH,24.4,25.72,23.61,24.11,15565600.0,377543628.0
2020-11-04,601688.SH,16.39,16.4,16.04,16.14,69591400.0,1131904121.0
2020-11-04,601698.SH,17.81,17.83,17.39,17.53,9863900.0,174295113.00000003
2020-11-05,601698.SH,17.74,17.81,17.32,17.77,10711800.0,190188009.0
2020-11-05,601689.SH,24.65,26.05,24.51,25.8,17062400.0,430399040.0
2020-11-05,601688.SH,16.31,16.4,16.09,16.26,83810600.0,1364855621.0
2020-11-06,601688.SH,16.28,16.35,16.04,16.12,91018600.0,1474501320.0000002
2020-11-06,601689.SH,26.66,26.8,24.36,24.71,17258300.0,443279435.50000006
2020-11-06,601698.SH,17.93,17.94,17.5,17.6,7497600.0,133194864.0
2020-11-09,601688.SH,16.21,16.89,16.21,16.74,112746200.0,1857493645.0000002
2020-11-09,601698.SH,17.68,18.59,17.68,18.35,17062600.0,307382739.0
2020-11-09,601689.SH,24.86,26.71,24.85,26.52,15921100.0,409013058.99999994
2020-11-10,601688.SH,16.81,16.84,16.4,16.49,72632700.0,1209334455.0
2020-11-10,601698.SH,18.37,18.41,17.91,18.02,9486800.0,172612326.0
2020-11-10,601689.SH,26.53,26.55,25.16,26.18,10296400.0,271361622.0
2020-11-11,601688.SH,16.42,16.49,16.15,16.18,66556400.0,1084869320.0
2020-11-11,601698.SH,18.02,18.02,17.4,17.44,9228200.0,163615986.0
2020-11-11,601689.SH,26.09,26.4,25.18,25.18,6639100.0,170193328.5
2020-11-12,601688.SH,16.16,16.22,16.02,16.04,62169000.0,1000920900.0000001
2020-11-12,601689.SH,25.33,25.58,24.86,25.04,4017300.0,101175700.5
2020-11-12,601698.SH,17.58,17.67,17.14,17.22,5927700.0,103141979.99999999
2020-11-13,601698.SH,17.23,17.66,17.01,17.43,6570000.0,113858099.99999999
2020-11-13,601689.SH,25.16,25.39,24.3,24.59,6966500.0,173291687.5
2020-11-13,601688.SH,15.97,15.97,15.52,15.64,99231500.0,1568353857.5
2020-11-16,601689.SH,24.37,24.53,23.48,23.89,9424700.0,227418011.00000003
2020-11-16,601698.SH,17.52,17.66,17.25,17.57,5834400.0,102364548.00000001
2020-11-16,601688.SH,15.71,15.74,15.5,15.63,77292300.0,1211170341.0000002
2020-11-17,601698.SH,17.56,18.91,17.56,18.8,35429500.0,644108310.0
2020-11-17,601688.SH,15.62,15.67,15.49,15.6,59976600.0,936234726.0
2020-11-17,601689.SH,23.89,24.14,22.59,23.01,11566900.0,271243805.00000006
2020-11-18,601688.SH,15.66,15.88,15.61,15.72,82589000.0,1295821410.0
2020-11-18,601689.SH,23.46,23.46,22.14,22.29,11704900.0,267749587.5
2020-11-18,601698.SH,18.75,18.9,18.43,18.8,19201800.0,360513795.0
2020-11-19,601698.SH,18.69,19.3,18.47,19.04,24089300.0,454444644.50000006
2020-11-19,601688.SH,15.63,15.83,15.45,15.78,59092900.0,928053994.5
2020-11-19,601689.SH,22.42,22.9,21.8,22.7,7583900.0,171092784.00000003
2020-11-20,601688.SH,15.78,15.83,15.65,15.76,50520500.0,796708285.0
2020-11-20,601698.SH,19.08,19.28,18.67,18.81,15808200.0,299486349.0
2020-11-20,601689.SH,22.55,23.42,22.45,22.98,8503300.0,193577624.5
2020-11-23,601688.SH,15.67,16.25,15.66,15.99,124595700.0,1972349931.0
2020-11-23,601689.SH,23.12,23.19,22.72,23.07,9232800.0,213231516.0
2020-11-23,601698.SH,18.81,19.74,18.32,19.3,29887500.0,569506312.5
2020-11-24,601688.SH,15.99,16.19,15.94,16.0,64765000.0,1035916175.0000001
2020-11-24,601689.SH,23.0,23.66,22.55,22.67,10879300.0,248428815.5
2020-11-24,601698.SH,19.1,19.19,18.63,18.77,18828500.0,356517647.50000006
2020-11-25,601688.SH,16.11,16.25,15.93,15.93,58832400.0,942495048.0
2020-11-25,601698.SH,18.81,19.02,18.53,18.56,11877400.0,221929218.99999997
2020-11-25,601689.SH,22.83,22.83,21.92,21.96,9584200.0,214638159.0
2020-11-26,601689.SH,21.95,22.25,21.17,21.46,8251000.0,179087955.0
2020-11-26,601698.SH,18.72,19.19,18.72,18.89,13910800.0,261592594.0
2020-11-26,601688.SH,15.86,15.98,15.77,15.87,50502400.0,801220575.9999999
2020-11-27,601688.SH,15.89,16.22,15.85,16.19,64921900.0,1041347276.0
2020-11-27,601698.SH,18.78,19.0,18.46,18.83,10221100.0,192207785.5
2020-11-27,601689.SH,21.35,21.76,21.08,21.68,7752800.0,166801492.0
2020-11-30,601689.SH,21.71,21.79,20.61,21.54,9452500.0,204410312.5
2020-11-30,601698.SH,18.85,19.43,18.6,19.19,21314800.0,405407496.00000006
2020-11-30,601688.SH,16.31,16.66,16.16,16.19,159391700.0,2590115125.0
2020-12-01,601698.SH,19.2,19.39,19.0,19.3,13996800.0,269438400.0
2020-12-01,601689.SH,21.44,22.26,21.21,22.19,8151300.0,177820609.5
2020-12-01,601688.SH,16.14,16.68,16.06,16.6,120307500.0,1969433775.0000002
2020-12-02,601688.SH,16.55,16.75,16.45,16.54,81697500.0,1351685137.5000002
2020-12-02,601698.SH,19.38,20.15,19.22,19.85,25341300.0,497069599.50000006
2020-12-02,601689.SH,22.78,23.38,22.4,22.92,14323800.0,327298830.0
2020-12-03,601688.SH,16.51,16.6,16.4,16.46,55687100.0,918001843.5
2020-12-03,601689.SH,23.17,24.48,22.85,23.13,18581500.0,430161725.0
2020-12-03,601698.SH,19.78,20.01,19.53,19.95,14853200.0,295058818.0
2020-12-04,601698.SH,19.93,20.12,19.69,19.79,9309800.0,184892628.0
2020-12-04,601688.SH,16.48,16.48,16.17,16.3,57829500.0,947825505.0
2020-12-04,601689.SH,23.02,23.95,22.53,23.7,10924300.0,255191648.0
2020-12-07,601688.SH,16.31,16.32,16.07,16.1,47416400.0,768382761.9999999
2020-12-07,601698.SH,19.76,19.85,18.87,18.98,16369800.0,317083026.0
2020-12-07,601689.SH,24.67,25.43,24.27,24.55,20885800.0,513999538.0
2020-12-08,601689.SH,24.9,25.83,24.83,25.45,15329200.0,385912609.99999994
2020-12-08,601698.SH,19.08,19.09,18.71,18.74,8735700.0,165192086.99999997
2020-12-08,601688.SH,16.03,16.23,16.01,16.05,39383100.0,631704924.0
2020-12-09,601689.SH,25.41,26.54,25.41,25.57,14883900.0,379390611.0
2020-12-09,601688.SH,16.09,16.17,15.67,15.67,60321500.0,957905419.9999999
2020-12-09,601698.SH,18.76,18.95,18.42,18.47,9074200.0,168916233.00000003
2020-12-10,601688.SH,15.6,15.77,15.52,15.59,47155000.0,735382225.0
2020-12-10,601689.SH,25.57,25.89,25.0,25.17,9177100.0,232823027.0
2020-12-10,601698.SH,18.36,18.45,17.84,18.14,9841700.0,179611025.0
2020-12-11,601698.SH,18.11,18.21,17.79,17.89,8744500.0,157401000.0
2020-12-11,601689.SH,25.29,25.49,23.96,24.28,12489100.0,309542343.5
2020-12-11,601688.SH,15.66,15.66,15.23,15.37,67278200.0,1043821273.0
2020-12-14,601688.SH,15.37,15.41,15.2,15.33,44254800.0,679311180.0
2020-12-14,601689.SH,24.36,25.76,24.3,25.37,11759200.0,292392508.0
2020-12-14,601698.SH,17.95,18.64,17.89,18.39,9129800.0,165888466.00000003
2020-12-15,601698.SH,18.4,18.76,18.16,18.75,7819100.0,145239782.5
2020-12-15,601688.SH,15.31,15.46,15.19,15.39,38927600.0,597538660.0
2020-12-15,601689.SH,25.47,26.1,25.36,26.05,9893400.0,254853983.99999997
2020-12-16,601689.SH,26.02,26.23,25.54,25.99,6400300.0,166439801.5
2020-12-16,601698.SH,18.59,18.71,18.22,18.27,6901900.0,127202017.0
2020-12-16,601688.SH,15.42,15.47,15.26,15.29,31879400.0,489508187.0
2020-12-17,601689.SH,25.76,25.99,25.35,25.79,5578000.0,143772950.0
2020-12-17,601688.SH,15.25,15.55,15.16,15.52,66684200.0,1025936417.0
2020-12-17,601698.SH,18.16,18.36,17.97,18.36,6489400.0,118496443.99999999
2020-12-18,601688.SH,15.52,15.55,15.23,15.26,55894000.0,860208660.0
2020-12-18,601698.SH,18.36,18.46,18.1,18.2,5227800.0,95564184.0
2020-12-18,601689.SH,25.99,26.26,25.6,25.97,7412500.0,192576749.99999997
2020-12-21,601698.SH,18.05,18.46,18.01,18.32,6431700.0,116960464.50000001
2020-12-21,601689.SH,26.13,27.41,26.02,27.26,10619800.0,283495561.0
2020-12-21,601688.SH,15.26,15.41,15.15,15.27,56423500.0,861304727.5
2020-12-22,601688.SH,15.27,15.27,14.76,14.78,87276600.0,1311330914.9999998
2020-12-22,601689.SH,27.01,27.27,26.06,26.12,10893600.0,289388484.0
2020-12-22,601698.SH,18.21,18.21,17.32,17.43,17538100.0,312528942.0
2020-12-23,601689.SH,26.03,26.93,25.87,26.32,11066600.0,289668255.0
2020-12-23,601698.SH,17.36,17.64,17.32,17.62,7744100.0,135444309.00000003
2020-12-23,601688.SH,14.79,14.98,14.77,14.91,46011700.0,683273745.0
2020-12-24,601698.SH,17.58,18.61,17.53,18.06,19668200.0,350487324.0
2020-12-24,601689.SH,26.42,27.14,26.21,26.36,6208200.0,163834398.0
2020-12-24,601688.SH,14.85,15.0,14.77,14.81,48845900.0,724384697.0
2020-12-25,601688.SH,14.81,14.97,14.69,14.79,61301500.0,907262200.0
2020-12-25,601698.SH,17.94,18.05,17.53,17.8,7929500.0,141700165.0
2020-12-25,601689.SH,26.56,27.17,25.93,26.19,6943800.0,183142725.0
2020-12-28,601688.SH,14.76,14.87,14.52,14.58,67417400.0,989013258.0
2020-12-28,601689.SH,26.61,26.62,25.29,25.68,12505900.0,326966755.5
2020-12-28,601698.SH,17.61,17.96,17.34,17.52,8323100.0,146195251.49999997
2020-12-29,601688.SH,14.66,14.86,14.58,14.59,64328600.0,940805775.0
2020-12-29,601689.SH,25.6,25.6,24.71,24.88,11113300.0,280499692.0
2020-12-29,601698.SH,17.41,17.85,17.18,17.54,7496900.0,131008327.50000001
2020-12-30,601698.SH,17.13,17.72,16.56,17.55,13635600.0,236441304.0
2020-12-30,601689.SH,24.9,25.86,24.76,25.52,8998600.0,226854706.0
2020-12-30,601688.SH,14.58,14.75,14.55,14.69,77237100.0,1130364958.5
2020-12-31,601698.SH,17.51,18.07,17.29,17.96,14601400.0,258955829.0
2020-12-31,601689.SH,25.82,25.86,24.65,25.38,11601700.0,297003520.0
2020-12-31,601688.SH,14.77,15.28,14.77,15.1,148028700.0,2210808634.5
2021-01-04,601698.SH,18.22,19.09,18.07,19.05,29222900.0,544568741.5
2021-01-04,601688.SH,15.25,15.26,14.9,15.13,100019800.0,1519300762.0000002
2021-01-04,601689.SH,27.92,27.92,27.92,27.92,3292700.0,91932184.0
2021-01-05,601698.SH,19.04,20.9,18.54,19.81,43103300.0,837281602.4999999
2021-01-05,601689.SH,29.85,30.71,29.09,30.46,39561700.0,1192983063.5
2021-01-05,601688.SH,15.1,15.24,14.92,15.16,97324100.0,1472513633.0
2021-01-06,601688.SH,15.23,15.5,15.18,15.31,110311600.0,1684458132.0
2021-01-06,601698.SH,19.18,19.66,18.83,19.11,25167700.0,481835616.5
2021-01-06,601689.SH,29.68,30.52,29.19,29.7,18175100.0,539618719.0
2021-01-07,601698.SH,18.91,19.3,18.44,18.81,18190900.0,343080374.0
2021-01-07,601689.SH,30.25,30.31,29.25,29.86,15307700.0,460072923.5
2021-01-07,601688.SH,15.38,15.52,15.03,15.36,108185000.0,1662803450.0
2021-01-08,601688.SH,15.4,15.58,15.28,15.45,102341800.0,1578622265.0
2021-01-08,601689.SH,30.51,31.15,28.79,29.49,21870300.0,656109000.0
2021-01-08,601698.SH,18.81,19.05,18.41,18.62,16130000.0,301872950.0
2021-01-11,601689.SH,29.45,31.57,29.45,30.27,19800000.0,591228000.0
2021-01-11,601698.SH,18.63,19.09,18.44,18.62,15011400.0,279587325.0
2021-01-11,601688.SH,15.64,15.76,15.2,15.22,114930600.0,1773379158.0
2021-01-12,601698.SH,18.67,19.26,18.5,19.21,21943100.0,415602314.0
2021-01-12,601688.SH,15.14,16.69,15.1,16.39,246709800.0,3889379997.0
2021-01-12,601689.SH,30.21,31.01,29.13,30.77,12016000.0,366367840.0
2021-01-13,601689.SH,30.88,31.97,29.88,30.23,17266300.0,527571796.5
2021-01-13,601688.SH,16.44,16.64,15.75,16.09,207709100.0,3378388511.5
2021-01-13,601698.SH,19.21,19.26,18.67,19.01,17188200.0,328466502.0
2021-01-14,601698.SH,18.96,19.45,18.83,19.1,20010300.0,380796009.0
2021-01-14,601689.SH,29.49,30.31,28.18,28.6,16038800.0,465846946.0
2021-01-14,601688.SH,16.0,16.12,15.77,15.91,106398300.0,1697584876.5
2021-01-15,601698.SH,19.11,19.11,18.13,18.29,17854000.0,333869800.0
2021-01-15,601688.SH,15.84,16.26,15.77,15.81,96895000.0,1533363375.0
2021-01-15,601689.SH,28.82,29.38,27.86,28.56,9776200.0,280479178.0
2021-01-18,601698.SH,17.99,18.43,17.93,18.27,8704600.0,157814398.0
2021-01-18,601688.SH,15.76,16.21,15.67,15.97,86049100.0,1365168971.5
2021-01-18,601689.SH,29.38,31.11,29.38,30.9,15761000.0,475036540.0
2021-01-19,601689.SH,31.43,31.91,30.59,30.94,14773800.0,460720953.00000006
2021-01-19,601688.SH,15.97,16.38,15.87,16.06,104870200.0,1679496253.0
2021-01-19,601698.SH,18.22,18.37,17.83,17.98,11467200.0,207556320.00000003
2021-01-20,601688.SH,16.07,16.27,15.98,16.04,77819800.0,1249396889.0
2021-01-20,601689.SH,31.43,33.43,31.36,33.0,17669200.0,569213278.0000001
2021-01-20,601698.SH,17.82,18.06,17.74,17.91,6087700.0,108756760.50000001
2021-01-21,601688.SH,16.12,16.49,16.03,16.19,111042400.0,1793889972.0000002
2021-01-21,601689.SH,32.98,33.59,32.28,32.99,15891000.0,524164635.0
2021-01-21,601698.SH,17.9,19.69,17.83,19.5,43323400.0,810147580.0
2021-01-22,601688.SH,16.19,16.19,15.71,15.81,92783400.0,1484534400.0
2021-01-22,601689.SH,33.25,34.63,33.25,34.33,14767800.0,499003962.0
2021-01-22,601698.SH,19.4,19.7,19.09,19.34,25743800.0,498657405.99999994
2021-01-25,601698.SH,19.15,19.31,18.71,18.76,18029200.0,341743485.99999994
2021-01-25,601689.SH,34.5,34.74,32.68,33.04,14713100.0,496861386.99999994
2021-01-25,601688.SH,15.72,15.84,15.55,15.66,82957100.0,1301596899.0
2021-01-26,601688.SH,15.62,15.76,14.98,15.06,101982500.0,1564411550.0
2021-01-26,601689.SH,32.92,33.21,31.67,32.06,11235200.0,365031648.0
2021-01-26,601698.SH,18.57,18.74,16.91,17.23,34902000.0,624745800.0
2021-01-27,601698.SH,17.17,17.36,16.97,17.26,9457500.0,162810862.50000003
2021-01-27,601689.SH,32.22,32.3,30.9,31.4,9621500.0,306059915.0
2021-01-27,601688.SH,15.09,15.31,14.89,14.97,70620800.0,1061430624.0000001
2021-01-28,601688.SH,14.85,15.03,14.79,14.85,70331200.0,1044418320.0
2021-01-28,601689.SH,31.05,31.05,28.9,29.15,13930600.0,419311060.0
2021-01-28,601698.SH,17.05,18.14,17.03,18.13,25205700.0,443368263.0
2021-01-29,601688.SH,14.88,14.97,14.46,14.59,97918700.0,1442832044.5
2021-01-29,601689.SH,29.44,30.19,28.31,28.79,12866800.0,374616882.0
2021-01-29,601698.SH,18.13,18.13,17.14,17.24,14157600.0,250377155.99999997
2021-02-01,601688.SH,14.53,14.66,14.37,14.62,54356800.0,792250360.0
2021-02-01,601689.SH,28.79,30.67,28.22,30.34,13071600.0,386461854.0
2021-02-01,601698.SH,17.11,17.29,16.83,17.19,7060500.0,121087574.99999999
2021-02-02,601698.SH,17.2,17.48,17.09,17.33,6860800.0,118451712.0
2021-02-02,601689.SH,30.59,31.56,29.75,31.0,11854500.0,365059327.5
2021-02-02,601688.SH,14.61,14.71,14.47,14.65,52975000.0,775024250.0
2021-02-03,601689.SH,31.01,31.22,30.01,30.2,9372600.0,286848423.0
2021-02-03,601698.SH,17.21,17.37,16.57,16.68,11995600.0,203265442.0
2021-02-03,601688.SH,14.68,14.77,14.52,14.59,52272100.0,765002183.5
2021-02-04,601698.SH,16.68,17.4,16.68,16.88,8303800.0,139337764.0
2021-02-04,601689.SH,30.04,30.25,28.39,28.67,14421900.0,423354874.5
2021-02-04,601688.SH,14.57,14.57,13.99,14.17,96492100.0,1386591477.0
2021-02-05,601698.SH,16.95,17.07,16.63,16.7,5870100.0,98764432.5
2021-02-05,601689.SH,29.05,29.71,27.72,27.88,11045300.0,314404464.5
2021-02-05,601688.SH,14.17,14.29,14.01,14.12,59324000.0,839137980.0
2021-02-08,601698.SH,16.5,16.7,15.4,15.5,15871600.0,253945600.0
2021-02-08,601689.SH,28.38,28.45,27.26,28.33,10182200.0,288716280.99999994
2021-02-08,601688.SH,14.12,14.34,14.04,14.18,44407100.0,628360464.9999999
2021-02-09,601698.SH,15.53,15.65,14.9,15.55,17566200.0,272978748.0
2021-02-09,601689.SH,28.18,28.9,28.06,28.51,8169500.0,231564477.5
2021-02-09,601688.SH,14.18,14.56,14.13,14.52,71283700.0,1022921095.0
2021-02-10,601688.SH,14.51,14.61,14.36,14.51,55507800.0,805418178.0
2021-02-10,601698.SH,15.54,15.54,15.16,15.41,9685600.0,149884660.0
2021-02-10,601689.SH,28.72,29.3,27.79,28.88,7267300.0,209298239.99999997
2021-02-18,601698.SH,15.58,16.14,15.57,15.81,10870600.0,170614067.0
2021-02-18,601689.SH,29.56,29.56,27.76,28.19,10639800.0,307224225.0
2021-02-18,601688.SH,14.69,14.83,14.57,14.61,71968800.0,1054342919.9999999
2021-02-19,601688.SH,14.58,15.0,14.52,14.92,73273400.0,1080782650.0
2021-02-19,601689.SH,28.82,28.82,27.43,27.85,7036000.0,199365060.0
2021-02-19,601698.SH,15.84,16.13,15.62,16.11,8780700.0,140271682.5
2021-02-22,601688.SH,15.03,15.09,14.67,14.72,90335500.0,1343740562.5
2021-02-22,601698.SH,16.14,16.58,16.14,16.26,10910400.0,176748480.00000003
2021-02-22,601689.SH,27.84,28.54,26.95,27.12,11370600.0,312464088.0
2021-02-23,601689.SH,26.53,27.6,26.41,26.85,7195000.0,192034550.0
2021-02-23,601698.SH,15.96,16.33,15.79,16.14,8481100.0,136121655.0
2021-02-23,601688.SH,14.67,14.81,14.52,14.56,59247800.0,865906597.0
2021-02-24,601698.SH,15.99,16.33,15.95,16.04,7036900.0,112695953.5
2021-02-24,601688.SH,14.58,14.72,14.39,14.58,66639300.0,971600994.0
2021-02-24,601689.SH,26.74,27.36,25.9,26.4,10860600.0,288566142.0
2021-02-25,601688.SH,14.63,14.82,14.51,14.67,78478400.0,1149708560.0
2021-02-25,601698.SH,16.2,16.68,16.07,16.54,14224600.0,232856701.99999997
2021-02-25,601689.SH,27.49,27.73,26.27,26.54,14317300.0,386781859.5
2021-02-26,601689.SH,25.88,26.07,24.42,24.67,16505300.0,417171457.5
2021-02-26,601698.SH,16.27,16.43,16.11,16.22,6200500.0,100727122.49999999
2021-02-26,601688.SH,14.43,14.56,14.35,14.4,64381100.0,928053556.5
2021-03-01,601688.SH,14.42,14.47,14.23,14.32,56004200.0,804780354.0
2021-03-01,601698.SH,16.2,16.33,16.09,16.28,6076000.0,98674240.00000001
2021-03-01,601689.SH,24.89,26.13,24.89,25.87,14654200.0,371923596.00000006
2021-03-02,601688.SH,14.38,14.43,14.22,14.24,51148300.0,731932173.0
2021-03-02,601698.SH,16.34,16.61,16.11,16.37,8069000.0,131968495.0
2021-03-02,601689.SH,26.08,26.79,25.88,26.53,13350700.0,351190163.5
2021-03-03,601689.SH,25.9,26.2,24.98,25.81,17418400.0,450352731.99999994
2021-03-03,601688.SH,14.22,14.47,14.2,14.46,55331800.0,793458012.0
2021-03-03,601698.SH,16.36,16.36,16.14,16.34,5174400.0,84601440.0
2021-03-04,601688.SH,14.35,14.41,14.19,14.2,60866900.0,868874997.4999999
2021-03-04,601698.SH,16.34,16.55,16.19,16.19,6695800.0,108907187.0
2021-03-04,601689.SH,25.41,25.41,23.26,23.4,14219700.0,347031778.5
2021-03-05,601689.SH,23.04,24.17,22.59,23.63,14309100.0,333902848.5
2021-03-05,601698.SH,16.01,16.12,15.72,16.0,6663600.0,106650918.00000001
2021-03-05,601688.SH,14.12,14.54,14.1,14.48,75593100.0,1080981330.0
2021-03-08,601698.SH,16.08,16.6,16.04,16.08,9965800.0,160250063.99999997
2021-03-08,601689.SH,23.78,23.89,22.06,22.08,9784000.0,224347120.0
2021-03-08,601688.SH,14.61,14.74,14.37,14.4,67413700.0,977835718.4999999
2021-03-09,601689.SH,22.05,22.32,20.88,21.37,13239300.0,287425203.0
2021-03-09,601698.SH,16.01,16.01,14.97,15.16,13978100.0,217848688.5
2021-03-09,601688.SH,14.36,14.49,14.12,14.25,64255100.0,919169205.5
2021-03-10,601698.SH,15.19,15.33,14.95,15.04,4619600.0,69825254.0
2021-03-10,601688.SH,14.35,14.38,14.11,14.17,48647800.0,693717628.0
2021-03-10,601689.SH,22.32,23.51,22.05,22.32,15164000.0,338460480.0
2021-03-11,601688.SH,14.18,14.35,14.14,14.31,41906400.0,596956668.0
2021-03-11,601689.SH,22.86,22.99,21.95,22.93,10448700.0,239222986.5
2021-03-11,601698.SH,15.04,15.29,15.0,15.24,4271000.0,64662940.0
2021-03-12,601698.SH,15.28,15.33,14.95,15.09,3846100.0,58403028.49999999
2021-03-12,601689.SH,23.28,23.37,22.21,22.58,10052200.0,230496946.0
2021-03-12,601688.SH,14.32,14.45,14.16,14.27,53593800.0,766123371.0
2021-03-15,601689.SH,22.4,22.44,21.0,21.27,14953200.0,326503122.0
2021-03-15,601688.SH,14.18,14.18,14.02,14.08,48796600.0,689495958.0
2021-03-15,601698.SH,15.1,15.19,15.0,15.04,3334000.0,50243380.0
2021-03-16,601688.SH,14.09,14.14,14.02,14.06,40839100.0,574810332.5
2021-03-16,601698.SH,15.14,15.26,15.05,15.13,3206600.0,48531891.00000001
2021-03-16,601689.SH,21.76,21.91,21.14,21.29,7243300.0,155912032.5
2021-03-17,601689.SH,21.49,22.77,20.87,22.56,11005200.0,242389529.99999997
2021-03-17,601688.SH,14.06,14.12,14.02,14.08,40141800.0,564795126.0
2021-03-17,601698.SH,15.04,15.25,14.98,15.18,3531000.0,53353410.0
2021-03-18,601689.SH,22.77,24.12,22.56,23.11,12871800.0,295279092.0
2021-03-18,601698.SH,15.33,15.34,15.09,15.13,3896200.0,59339126.0
2021-03-18,601688.SH,14.13,14.17,14.08,14.13,38406600.0,542685258.0
2021-03-19,601689.SH,22.32,22.91,21.45,21.72,9698000.0,213549960.0
2021-03-19,601698.SH,15.12,15.2,14.95,15.05,5021100.0,75743293.5
2021-03-19,601688.SH,14.08,14.09,13.94,13.97,55178000.0,773871450.0
2021-03-22,601689.SH,21.79,22.17,21.34,21.96,6473000.0,141596875.0
2021-03-22,601688.SH,14.01,14.29,13.98,14.25,60288200.0,851872265.9999999
2021-03-22,601698.SH,15.1,15.34,14.99,15.26,5445400.0,82661172.0
2021-03-23,601689.SH,21.95,21.96,20.81,21.08,8472500.0,182285837.5
2021-03-23,601688.SH,14.25,14.49,14.14,14.41,60226000.0,863038580.0
2021-03-23,601698.SH,15.2,15.32,15.03,15.1,4390300.0,66513044.99999999
2021-03-24,601688.SH,14.27,14.67,14.27,14.38,79610600.0,1140421845.0
2021-03-24,601689.SH,20.93,21.39,20.04,20.25,9103600.0,187443124.0
2021-03-24,601698.SH,15.09,15.3,14.85,15.23,7280700.0,110375412.0
2021-03-25,601698.SH,15.06,15.35,14.96,15.18,4438200.0,67105584.00000001
2021-03-25,601688.SH,14.31,14.53,14.27,14.4,46732700.0,670847908.5
2021-03-25,601689.SH,20.04,20.6,19.54,20.38,9161200.0,185147852.0
2021-03-26,601698.SH,15.16,15.23,15.03,15.2,4073300.0,61832694.0
2021-03-26,601689.SH,20.47,22.26,20.47,21.95,12946800.0,274601628.0
2021-03-26,601688.SH,14.44,14.55,14.35,14.41,39146900.0,564694032.5
2021-03-29,601698.SH,15.33,15.94,15.26,15.67,12470800.0,193297400.0
2021-03-29,601689.SH,22.19,22.58,21.79,22.02,9502200.0,210046131.0
2021-03-29,601688.SH,14.42,14.54,14.29,14.46,43441800.0,627299592.0
2021-03-30,601688.SH,14.4,14.5,14.38,14.5,34483900.0,498292355.0
2021-03-30,601689.SH,22.28,22.56,21.96,22.28,6729700.0,149937716.0
2021-03-30,601698.SH,15.6,15.89,15.44,15.67,8043600.0,125761686.0
2021-03-31,601698.SH,15.69,15.8,15.35,15.4,5131100.0,79762949.5
2021-03-31,601689.SH,22.65,22.65,21.6,22.08,7313300.0,163561954.5
2021-03-31,601688.SH,14.42,14.45,14.17,14.23,42252900.0,605272792.5
2021-04-01,601698.SH,15.48,15.56,15.31,15.51,4744500.0,73516027.5
2021-04-01,601689.SH,22.38,22.81,21.73,21.92,7594000.0,168207100.0
2021-04-01,601688.SH,14.25,14.32,14.19,14.3,29060800.0,414842920.0
2021-04-02,601688.SH,14.35,14.36,14.18,14.23,37114500.0,530366204.99999994
2021-04-02,601689.SH,21.84,22.3,21.79,22.07,5374300.0,117992756.49999999
2021-04-02,601698.SH,15.48,15.68,15.37,15.63,4957700.0,77117023.5
2021-04-06,601688.SH,14.26,14.31,14.22,14.23,22653600.0,322700532.0
2021-04-06,601689.SH,23.73,24.27,23.04,23.31,27027400.0,635684448.0
2021-04-06,601698.SH,15.6,16.14,15.5,16.01,10672300.0,168675701.5
2021-04-07,601698.SH,16.02,16.59,15.92,16.51,13881100.0,225776091.5
2021-04-07,601689.SH,23.32,23.32,21.78,22.65,20098100.0,461954828.5
2021-04-07,601688.SH,14.22,14.29,14.14,14.2,30957700.0,439908917.0
2021-04-08,601698.SH,16.56,18.16,16.41,17.49,36138200.0,615252855.0
2021-04-08,601689.SH,22.25,22.58,21.74,22.06,10204400.0,226078482.0
2021-04-08,601688.SH,14.14,14.29,14.14,14.15,42398200.0,599722539.0
2021-04-09,601698.SH,17.24,17.49,16.93,17.32,17599000.0,304110720.0
2021-04-09,601688.SH,14.14,14.19,14.05,14.09,30223900.0,426610348.5
2021-04-09,601689.SH,22.05,22.24,20.96,21.57,11273500.0,245875035.00000003
2021-04-12,601689.SH,21.57,21.64,20.97,21.04,6898700.0,146976803.5
2021-04-12,601698.SH,17.2,17.87,17.04,17.44,17260200.0,298946664.0
2021-04-12,601688.SH,14.04,14.11,13.94,13.96,35382200.0,495350800.0
2021-04-13,601688.SH,13.96,13.99,13.84,13.94,34112300.0,475866585.0
2021-04-13,601698.SH,17.42,17.93,17.29,17.63,15496100.0,271569152.5
2021-04-13,601689.SH,20.97,21.17,20.59,20.61,7732500.0,160758675.0
2021-04-14,601689.SH,20.82,22.29,20.82,22.11,14097300.0,302598544.5
2021-04-14,601698.SH,17.54,17.88,17.47,17.84,13810100.0,244300668.99999997
2021-04-14,601688.SH,13.91,14.1,13.89,14.07,26589000.0,371980110.0
2021-04-15,601689.SH,22.05,22.93,21.81,22.85,12287800.0,275861110.00000006
2021-04-15,601688.SH,14.06,14.06,13.94,14.01,24128800.0,338647708.0
2021-04-15,601698.SH,17.84,17.97,17.58,17.63,12543400.0,222457199.0
2021-04-16,601698.SH,17.74,18.65,17.45,18.36,29694100.0,535978504.99999994
2021-04-16,601688.SH,14.05,14.11,14.01,14.09,22665500.0,318903585.0
2021-04-16,601689.SH,22.81,22.91,22.09,22.76,8513500.0,193980097.5
2021-04-19,601689.SH,22.71,24.28,22.61,24.04,13654100.0,319164587.5
2021-04-19,601698.SH,18.33,18.43,17.72,18.19,24502500.0,447415649.99999994
2021-04-19,601688.SH,14.03,14.35,14.03,14.31,57891500.0,820322555.0
2021-04-20,601698.SH,18.06,18.36,17.73,17.8,18410700.0,330103851.0
2021-04-20,601688.SH,14.25,14.35,14.14,14.21,33738400.0,480097432.0
2021-04-20,601689.SH,24.07,25.22,23.72,23.87,14688800.0,352090536.0
2021-04-21,601698.SH,17.8,19.59,17.41,18.66,41498400.0,756515832.0
2021-04-21,601688.SH,14.15,14.18,14.1,14.12,20598400.0,291158384.0
2021-04-21,601689.SH,23.57,24.59,23.39,24.33,9449900.0,226325105.0
2021-04-22,601698.SH,18.6,19.18,18.39,18.47,26291900.0,487320366.5
2021-04-22,601688.SH,14.16,14.2,14.08,14.09,25689900.0,362869837.5
2021-04-22,601689.SH,24.43,24.56,23.9,24.22,5831200.0,141843940.0
2021-04-23,601689.SH,24.17,24.29,23.85,24.07,7711400.0,185998968.0
2021-04-23,601688.SH,14.08,14.09,13.93,14.02,31969700.0,449174285.0
2021-04-23,601698.SH,18.53,18.88,18.37,18.64,15459900.0,287322241.5
2021-04-26,601698.SH,19.11,19.31,16.88,17.01,41022500.0,740866350.0000001
2021-04-26,601688.SH,14.01,14.06,13.72,13.77,65220100.0,905907189.0
2021-04-26,601689.SH,23.9,24.01,22.68,22.75,20336000.0,474337200.0
2021-04-27,601689.SH,22.81,23.51,22.79,23.31,10267500.0,236768550.0
2021-04-27,601698.SH,17.21,17.59,16.81,17.13,16590000.0,284850300.0
2021-04-27,601688.SH,13.76,13.76,13.36,13.39,78705900.0,1068432592.5
2021-04-28,601689.SH,23.37,23.47,22.81,23.06,8112500.0,188331687.5
2021-04-28,601688.SH,13.39,13.39,12.9,13.02,85337500.0,1126881687.5
2021-04-28,601698.SH,17.15,17.21,16.64,17.1,14288300.0,244687137.5
2021-04-29,601698.SH,16.98,17.04,16.21,16.39,21757700.0,363027224.50000006
2021-04-29,601689.SH,23.16,23.28,22.67,22.73,5165600.0,118524692.0
2021-04-29,601688.SH,13.06,13.55,13.0,13.45,84426300.0,1119070606.5
2021-04-30,601688.SH,13.41,13.47,13.3,13.36,40850800.0,546787958.0
2021-04-30,601698.SH,16.04,16.37,15.15,15.46,25380200.0,399738150.0
2021-04-30,601689.SH,22.56,23.0,22.12,22.38,9153700.0,205683639.0
2021-05-06,601689.SH,22.32,23.18,21.94,22.91,10515600.0,237810294.00000003
2021-05-06,601688.SH,13.41,13.54,13.29,13.3,35701100.0,476788190.5
2021-05-06,601698.SH,15.46,15.81,15.41,15.47,11931800.0,184525287.0
2021-05-07,601688.SH,13.31,13.41,13.28,13.29,33155400.0,440966820.0
2021-05-07,601689.SH,22.7,22.83,21.55,21.78,10915200.0,242754048.00000003
2021-05-07,601698.SH,15.46,15.53,15.23,15.29,9246700.0,142168012.5
2021-05-10,601698.SH,15.27,15.58,15.1,15.43,7877600.0,120921160.0
2021-05-10,601688.SH,13.29,13.39,13.1,13.25,35596800.0,472369536.0
2021-05-10,601689.SH,21.41,21.74,20.28,20.46,16290100.0,341033243.50000006
2021-05-11,601698.SH,15.49,15.93,15.33,15.89,11497400.0,180394206.0
2021-05-11,601688.SH,13.15,13.46,13.11,13.36,37357200.0,495169685.99999994
2021-05-11,601689.SH,19.66,20.59,19.33,19.6,15612500.0,306473375.00000006
2021-05-12,601689.SH,19.34,19.65,17.75,18.03,31691300.0,592151940.5000001
2021-05-12,601698.SH,15.87,15.87,15.63,15.74,7197200.0,113751746.0
2021-05-12,601688.SH,13.31,13.44,13.28,13.36,30151200.0,402066252.0
2021-05-13,601688.SH,13.3,13.43,13.24,13.29,30285200.0,402641734.0
2021-05-13,601698.SH,15.65,15.89,15.56,15.57,7314200.0,114174662.0
2021-05-13,601689.SH,18.14,18.76,18.14,18.3,21283800.0,387790836.0
2021-05-14,601698.SH,15.56,16.0,15.52,15.89,10217000.0,160662325.0
2021-05-14,601688.SH,13.31,14.01,13.31,13.92,129885800.0,1768395167.0
2021-05-14,601689.SH,17.96,18.67,17.95,18.57,13173500.0,240613977.5
2021-05-17,601688.SH,13.75,13.83,13.57,13.66,66919800.0,917135859.0
2021-05-17,601689.SH,18.57,20.43,18.57,20.43,19075800.0,371978100.0
2021-05-17,601698.SH,16.43,16.43,15.94,15.98,11056100.0,179164100.49999997
2021-05-18,601698.SH,15.9,16.07,15.55,15.91,8056000.0,128130680.00000001
2021-05-18,601688.SH,13.66,13.8,13.59,13.68,34684900.0,474142583.0
2021-05-18,601689.SH,20.43,20.94,19.91,20.58,15097300.0,309570136.5
2021-05-19,601688.SH,13.68,13.72,13.53,13.56,34386500.0,468344130.00000006
2021-05-19,601698.SH,15.93,16.14,15.74,16.02,7727700.0,123450007.5
2021-05-19,601689.SH,20.53,21.13,20.02,20.85,8284800.0,171412512.0
2021-05-20,601698.SH,15.84,15.93,15.7,15.82,7818700.0,123770021.0
2021-05-20,601688.SH,13.59,13.78,13.52,13.65,40836900.0,556198578.0
2021-05-20,601689.SH,20.79,22.11,20.79,21.27,16212000.0,340938360.0
2021-05-21,601689.SH,21.63,21.63,20.66,20.72,10602000.0,224497349.99999997
2021-05-21,601688.SH,13.66,13.76,13.51,13.54,31909900.0,433974640.0
2021-05-21,601698.SH,15.85,15.9,15.63,15.65,5605100.0,88280325.0
2021-05-24,601689.SH,20.79,22.03,20.79,21.88,13080300.0,279068200.5
2021-05-24,601698.SH,15.65,15.84,15.63,15.72,5369700.0,84223744.5
2021-05-24,601688.SH,13.57,13.88,13.57,13.7,58663500.0,799876822.5
2021-05-25,601689.SH,21.76,22.23,21.52,22.07,11927400.0,261388971.0
2021-05-25,601698.SH,15.72,16.08,15.63,15.97,10278600.0,162864417.0
2021-05-25,601688.SH,13.7,14.19,13.67,14.1,138356500.0,1923155349.9999998
2021-05-26,601688.SH,14.19,14.41,14.04,14.08,124854900.0,1764824011.5
2021-05-26,601698.SH,15.98,16.29,15.98,16.02,10899600.0,174393600.0
2021-05-26,601689.SH,22.3,22.6,21.91,22.43,8211900.0,183659143.50000003
2021-05-27,601689.SH,22.57,23.08,22.17,22.69,7946500.0,179829295.00000003
2021-05-27,601688.SH,14.11,14.3,14.05,14.12,60479200.0,853663907.9999999
2021-05-27,601698.SH,16.04,16.28,15.98,16.19,9354600.0,150749379.00000003
2021-05-28,601689.SH,23.0,24.96,23.0,24.43,20539900.0,487103728.5
2021-05-28,601688.SH,14.07,14.48,14.04,14.36,109691200.0,1559260408.0
2021-05-28,601698.SH,16.17,16.29,15.82,15.91,9719800.0,155905592.0
2021-05-31,601688.SH,14.47,14.53,14.31,14.4,75298100.0,1086928073.5
2021-05-31,601698.SH,15.94,16.29,15.92,16.29,12032700.0,193906960.49999997
2021-05-31,601689.SH,24.43,26.07,24.33,25.53,17444000.0,435751120.0
2021-06-01,601688.SH,14.3,14.33,14.04,14.15,64234300.0,913732917.5000001
2021-06-01,601698.SH,16.23,16.42,16.17,16.32,9997400.0,162707685.0
2021-06-01,601689.SH,25.2,26.4,24.61,25.8,14196800.0,362018400.0
2021-06-02,601689.SH,25.81,26.4,25.53,25.82,9442400.0,243755555.99999997
2021-06-02,601688.SH,14.2,14.25,13.87,13.93,54788400.0,770598846.0
2021-06-02,601698.SH,16.23,16.37,15.89,15.96,9870600.0,158867307.0
2021-06-03,601689.SH,26.05,26.14,25.3,25.43,7533400.0,193909716.00000003
2021-06-03,601698.SH,15.91,16.08,15.78,15.8,8202800.0,130055394.0
2021-06-03,601688.SH,13.93,14.07,13.83,13.86,45594100.0,633530019.5
2021-06-04,601688.SH,13.81,14.22,13.78,13.94,74429100.0,1032703762.5
2021-06-04,601698.SH,15.79,15.94,15.67,15.78,7155200.0,112944832.0
2021-06-04,601689.SH,24.66,25.16,23.89,24.77,18982600.0,469154959.0
2021-06-07,601689.SH,25.55,25.58,23.95,24.56,10285300.0,257698191.5
2021-06-07,601688.SH,13.92,14.04,13.83,13.95,41911700.0,584039539.5
2021-06-07,601698.SH,15.72,15.9,15.72,15.77,6693100.0,105382859.5
2021-06-08,601689.SH,24.58,25.95,24.23,25.02,11400200.0,282724959.99999994
2021-06-08,601688.SH,13.93,14.08,13.88,13.96,46456900.0,647841470.5
2021-06-08,601698.SH,15.77,15.83,15.5,15.71,9369100.0,147469634.0
2021-06-09,601688.SH,13.96,14.02,13.66,13.68,60263500.0,832841570.0
2021-06-09,601698.SH,15.79,16.39,15.71,16.18,15318800.0,244871018.0
2021-06-09,601689.SH,25.34,26.47,25.1,25.75,12284900.0,313817770.5
2021-06-10,601688.SH,13.68,13.78,13.57,13.58,58112500.0,792073375.0
2021-06-10,601698.SH,16.08,16.25,15.99,16.24,10828800.0,174993407.99999997
2021-06-10,601689.SH,25.43,26.72,25.27,26.58,12337700.0,320841888.5
2021-06-11,601689.SH,26.95,27.13,26.07,26.3,11603500.0,308943187.5
2021-06-11,601698.SH,16.24,16.26,15.82,15.84,10647700.0,170789108.0
2021-06-11,601688.SH,13.62,13.62,13.26,13.45,96429100.0,1305167868.5
2021-06-15,601698.SH,15.78,15.92,15.69,15.84,6411400.0,101364233.99999999
2021-06-15,601688.SH,13.36,13.38,13.19,13.21,51890000.0,689358650.0
2021-06-15,601689.SH,26.48,27.06,26.25,26.58,8935000.0,237045550.0
2021-06-16,601688.SH,13.25,13.33,13.15,13.24,39260100.0,520000024.50000006
2021-06-16,601689.SH,26.55,26.56,25.52,25.67,12917700.0,337281147.0
2021-06-16,601698.SH,15.85,16.32,15.76,16.15,13225100.0,211601600.0
2021-06-17,601698.SH,16.16,16.27,15.85,16.04,10278200.0,165479020.0
2021-06-17,601688.SH,13.26,13.31,13.1,13.18,55447000.0,733009339.9999999
2021-06-17,601689.SH,25.67,26.08,25.27,25.62,7127600.0,182787302.00000003
2021-06-18,601689.SH,25.62,26.88,25.49,26.55,9230800.0,240785418.0
2021-06-18,601688.SH,13.17,13.31,13.14,13.29,49173400.0,650564082.0
2021-06-18,601698.SH,16.05,16.32,15.89,16.24,16000000.0,258320000.0
2021-06-21,601689.SH,26.62,26.81,25.82,26.55,8953100.0,238018163.5
2021-06-21,601688.SH,13.26,13.4,13.22,13.3,41498600.0,551101408.0
2021-06-21,601698.SH,16.31,16.53,16.11,16.49,15145000.0,248377999.99999997
2021-06-22,601698.SH,16.5,16.57,16.15,16.25,11481300.0,188006287.5
2021-06-22,601688.SH,13.32,13.38,13.23,13.29,48417100.0,644189515.5
2021-06-22,601689.SH,26.5,27.96,26.06,27.52,14228400.0,384309084.0
2021-06-23,601688.SH,13.29,13.3,13.15,13.24,49617900.0,658181443.5
2021-06-23,601689.SH,27.25,29.05,26.87,28.21,14165600.0,392812088.0
2021-06-23,601698.SH,16.19,16.22,15.97,16.13,9033700.0,145984592.0
2021-06-24,601698.SH,16.13,16.24,15.99,16.01,7730700.0,124232349.0
2021-06-24,601689.SH,27.88,28.44,26.42,26.66,12679700.0,345775419.0
2021-06-24,601688.SH,13.26,13.34,13.19,13.26,43795100.0,580723026.0
2021-06-25,601689.SH,27.15,27.15,24.39,25.19,23947800.0,626713926.0
2021-06-25,601688.SH,13.31,13.56,13.26,13.47,88999900.0,1191708661.0
2021-06-25,601698.SH,16.01,16.16,15.96,16.08,6720400.0,107828818.00000001
2021-06-28,601689.SH,24.86,25.82,24.7,25.33,15377500.0,385898362.5
2021-06-28,601688.SH,13.52,13.54,13.27,13.34,52141700.0,700263031.0
2021-06-28,601698.SH,16.09,16.37,16.02,16.14,10440200.0,168243823.00000003
2021-06-29,601689.SH,25.64,25.64,23.57,23.7,19243800.0,474744546.00000006
2021-06-29,601688.SH,13.36,13.37,13.21,13.21,44609500.0,592637207.5
2021-06-29,601698.SH,16.14,16.24,15.97,16.0,6080200.0,97708814.0
2021-06-30,601698.SH,16.0,16.11,15.97,16.05,4526700.0,72540367.5
2021-06-30,601688.SH,13.22,13.3,13.15,13.26,42261700.0,559544908.0
2021-06-30,601689.SH,23.91,24.92,23.5,24.84,11556700.0,281694562.5
2021-07-01,601689.SH,24.84,24.84,23.56,23.82,10173600.0,247523687.99999997
2021-07-01,601698.SH,16.11,16.11,15.36,15.37,16052600.0,252667923.99999997
2021-07-01,601688.SH,13.35,13.44,13.19,13.32,69101100.0,921463168.5
2021-07-02,601698.SH,15.35,15.37,14.49,14.66,16955600.0,254418777.99999997
2021-07-02,601689.SH,23.67,23.81,22.85,23.02,11593000.0,270638585.0
2021-07-02,601688.SH,13.2,13.21,13.01,13.05,57956800.0,760683000.0
2021-07-05,601688.SH,13.03,13.06,12.93,12.99,38992700.0,507295027.0
2021-07-05,601698.SH,14.66,14.92,14.66,14.87,6412800.0,94684992.0
2021-07-05,601689.SH,23.22,23.73,21.74,21.97,24757400.0,559393453.0
2021-07-06,601688.SH,12.99,13.11,12.95,13.01,38183500.0,496385500.0
2021-07-06,601698.SH,14.87,15.01,14.72,14.81,6559900.0,97348916.0
2021-07-06,601689.SH,22.23,22.33,20.73,21.19,29919500.0,649552345.0
2021-07-07,601698.SH,14.62,14.91,14.62,14.83,4740100.0,69797972.5
2021-07-07,601688.SH,12.96,13.05,12.93,13.01,36247200.0,470669892.0
2021-07-07,601689.SH,21.27,21.49,20.77,21.33,19184800.0,408636239.99999994
2021-07-08,601698.SH,14.89,15.1,14.78,14.99,7717200.0,115294968.00000001
2021-07-08,601688.SH,13.1,13.11,12.94,12.95,36915800.0,480828294.99999994
2021-07-08,601689.SH,21.37,23.14,21.25,22.65,34355400.0,756162353.9999999
2021-07-09,601689.SH,22.57,24.46,22.43,24.03,32685500.0,761572150.0
2021-07-09,601698.SH,14.95,14.95,14.67,14.78,6643800.0,98760086.99999999
2021-07-09,601688.SH,12.94,12.99,12.89,12.95,37829000.0,489696405.0
2021-07-12,601689.SH,23.89,24.28,23.22,23.45,30385300.0,719220051.0
2021-07-12,601698.SH,14.82,14.96,14.76,14.86,6575800.0,97584872.0
2021-07-12,601688.SH,13.07,13.16,13.0,13.06,67506200.0,881968503.0000001
2021-07-13,601688.SH,13.07,13.08,12.97,13.05,40325400.0,526649724.0
2021-07-13,601689.SH,23.23,23.29,21.31,22.17,36320500.0,824475350.0000001
2021-07-13,601698.SH,14.86,14.87,14.69,14.8,6295200.0,93357816.0
2021-07-14,601689.SH,21.78,22.29,21.44,21.78,16592900.0,361393362.0
2021-07-14,601688.SH,13.08,13.09,12.88,12.91,52085300.0,676848473.5
2021-07-14,601698.SH,14.8,14.8,14.55,14.58,6704600.0,98490574.00000001
2021-07-15,601689.SH,21.7,22.24,21.49,21.77,18374500.0,399369757.5
2021-07-15,601698.SH,14.56,14.67,13.88,14.25,11368300.0,163760361.5
2021-07-15,601688.SH,12.89,13.0,12.84,12.96,47059700.0,608246622.5
2021-07-16,601689.SH,21.7,21.96,20.93,21.66,15138000.0,328191840.0
2021-07-16,601698.SH,14.17,14.66,14.11,14.41,8745600.0,124974623.99999999
2021-07-16,601688.SH,12.99,13.1,12.92,13.0,50846600.0,660751567.0
2021-07-19,601688.SH,12.98,12.98,12.84,12.95,36443800.0,472493867.0
2021-07-19,601689.SH,21.37,22.54,21.25,22.08,14209100.0,308692697.5
2021-07-19,601698.SH,14.51,14.54,14.23,14.27,5747100.0,82700769.0
2021-07-20,601698.SH,14.26,14.45,14.17,14.37,4193400.0,60028521.0
2021-07-20,601689.SH,21.89,22.29,21.37,21.8,12592900.0,275091900.5
2021-07-20,601688.SH,12.88,12.96,12.87,12.92,29096900.0,375350010.0
2021-07-21,601688.SH,12.93,13.07,12.91,12.95,41902000.0,542211880.0
2021-07-21,601698.SH,14.45,14.55,14.33,14.41,5910700.0,85291401.0
2021-07-21,601689.SH,21.92,22.43,21.61,22.31,13830400.0,305859296.0
2021-07-22,601688.SH,13.0,13.15,12.95,13.09,58745000.0,766328525.0
2021-07-22,601689.SH,22.16,22.47,21.47,21.61,13691800.0,299645043.0
2021-07-22,601698.SH,14.37,14.59,14.17,14.44,7649200.0,110186726.0
2021-07-23,601689.SH,21.57,21.81,20.84,21.04,16756100.0,356988710.5
2021-07-23,601688.SH,13.08,13.39,12.95,13.12,95661200.0,1253161720.0
2021-07-23,601698.SH,14.43,14.5,14.07,14.29,9057200.0,130061392.0
2021-07-26,601688.SH,13.11,13.17,12.84,12.89,80046900.0,1040609700.0
2021-07-26,601698.SH,14.36,14.52,14.12,14.19,8560700.0,122203992.49999999
2021-07-26,601689.SH,21.16,21.43,19.5,20.23,19984700.0,413583366.5
2021-07-27,601698.SH,14.19,14.33,13.91,13.91,11241200.0,157938860.0
2021-07-27,601689.SH,20.32,21.24,20.13,20.22,15506000.0,314306620.0
2021-07-27,601688.SH,12.9,12.95,12.26,12.32,98333300.0,1239982913.0
2021-07-28,601689.SH,20.11,20.31,19.25,19.6,12363700.0,245481263.5
2021-07-28,601698.SH,13.91,14.01,13.01,13.06,12208700.0,164634319.5
2021-07-28,601688.SH,12.36,12.45,12.17,12.23,56146600.0,690322447.0
2021-07-29,601689.SH,19.94,20.94,19.94,20.81,16341600.0,332960100.0
2021-07-29,601688.SH,12.36,12.38,12.19,12.29,48706000.0,600301450.0
2021-07-29,601698.SH,13.1,13.28,13.08,13.18,6648100.0,87356034.0
2021-07-30,601688.SH,12.25,12.26,12.09,12.11,42163600.0,513552648.0
2021-07-30,601698.SH,13.18,13.59,13.03,13.44,8294200.0,110395801.99999999
2021-07-30,601689.SH,21.6,22.89,21.6,22.4,32114000.0,706508000.0
2021-08-02,601688.SH,12.1,12.69,11.92,12.51,91083900.0,1120787389.5
2021-08-02,601698.SH,13.38,13.87,13.35,13.78,8177900.0,111055882.0
2021-08-02,601689.SH,22.67,23.99,22.67,23.89,24902100.0,579720888.0
2021-08-03,601689.SH,23.66,24.86,23.24,24.42,25446800.0,611741072.0
2021-08-03,601698.SH,13.73,14.41,13.65,13.95,12015100.0,166288984.0
2021-08-03,601688.SH,12.42,12.72,12.37,12.53,59555300.0,742952367.5
2021-08-04,601688.SH,12.46,12.58,12.42,12.53,34381500.0,429596842.50000006
2021-08-04,601698.SH,13.95,14.12,13.86,13.99,7383800.0,103151685.99999999
2021-08-04,601689.SH,24.6,25.14,24.09,25.06,18230200.0,452655865.99999994
2021-08-05,601688.SH,12.47,12.63,12.41,12.45,35809000.0,446180140.00000006
2021-08-05,601698.SH,13.98,14.5,13.93,14.22,12980900.0,183030690.00000003
2021-08-05,601689.SH,24.84,26.12,24.62,25.81,18125700.0,459033352.5
2021-08-06,601689.SH,26.95,28.39,26.28,26.68,34431100.0,923269946.4999999
2021-08-06,601698.SH,14.13,14.23,13.83,14.03,10540200.0,148406016.0
2021-08-06,601688.SH,12.48,12.5,12.26,12.32,51641500.0,640354600.0
2021-08-09,601688.SH,12.27,12.7,12.26,12.59,66552800.0,827251304.0
2021-08-09,601698.SH,14.07,14.21,14.01,14.05,7280300.0,102361018.0
2021-08-09,601689.SH,26.36,26.52,24.92,26.07,21408000.0,561210720.0
2021-08-10,601688.SH,12.59,12.8,12.53,12.79,52661100.0,668269359.0
2021-08-10,601698.SH,14.05,14.53,14.05,14.3,13052600.0,185020605.0
2021-08-10,601689.SH,25.97,26.24,25.28,25.7,11795200.0,304728992.0
2021-08-11,601689.SH,25.79,26.63,25.51,25.91,12437800.0,321517130.0
2021-08-11,601698.SH,14.33,14.41,14.17,14.23,7645700.0,109180596.00000001
2021-08-11,601688.SH,12.79,12.91,12.73,12.79,52409700.0,670320063.0
2021-08-12,601698.SH,14.18,14.31,14.06,14.07,7469100.0,105501037.5
2021-08-12,601689.SH,25.55,27.03,25.45,26.74,13144600.0,343665567.0
2021-08-12,601688.SH,12.73,12.85,12.68,12.72,33235400.0,422920465.00000006
2021-08-13,601688.SH,12.68,12.8,12.63,12.68,43405500.0,550381740.0
2021-08-13,601689.SH,26.32,27.21,26.22,26.6,10397600.0,275120496.0
2021-08-13,601698.SH,14.03,14.22,13.88,13.93,8181600.0,114378768.0
2021-08-16,601698.SH,13.95,14.03,13.73,13.81,6630200.0,92027176.0
2021-08-16,601689.SH,26.56,26.85,25.59,26.04,9721300.0,255670189.99999997
2021-08-16,601688.SH,12.76,12.91,12.73,12.8,61306400.0,783495792.0000001
2021-08-17,601698.SH,13.73,13.87,13.46,13.54,7122600.0,97116651.0
2021-08-17,601689.SH,25.87,26.27,24.76,24.95,12315000.0,312924150.0
2021-08-17,601688.SH,12.8,13.21,12.78,12.8,114627400.0,1467230720.0
2021-08-18,601689.SH,24.82,25.35,24.03,24.26,14667800.0,359947812.0
2021-08-18,601688.SH,12.8,13.96,12.78,13.89,302135500.0,4031998247.5
2021-08-18,601698.SH,13.55,13.75,13.48,13.71,5294200.0,72159946.0
2021-08-19,601698.SH,13.71,13.91,13.54,13.81,7153300.0,98429408.00000001
2021-08-19,601689.SH,24.46,25.46,24.27,25.2,11945200.0,296599316.0
2021-08-19,601688.SH,13.86,14.55,13.73,13.91,364774500.0,5064893932.5
2021-08-20,601689.SH,25.35,25.81,24.8,25.36,9646100.0,244576865.5
2021-08-20,601688.SH,13.83,14.21,13.71,14.05,189931300.0,2647642322.0000005
2021-08-20,601698.SH,13.81,13.86,13.52,13.7,6180300.0,85010026.5
2021-08-23,601698.SH,13.7,14.15,13.69,13.99,10116100.0,140057404.5
2021-08-23,601689.SH,25.42,26.13,24.68,25.19,20477600.0,518185668.0
2021-08-23,601688.SH,14.18,14.43,13.83,13.86,163134800.0,2287149896.0
2021-08-24,601689.SH,25.0,25.42,24.89,24.94,10630800.0,265451076.0
2021-08-24,601698.SH,13.9,14.07,13.86,14.03,7669900.0,107110153.5
2021-08-24,601688.SH,13.8,14.55,13.63,14.3,238315200.0,3348328560.0
2021-08-25,601688.SH,14.12,14.41,14.07,14.16,128254300.0,1813515802.0
2021-08-25,601698.SH,14.02,14.07,13.93,14.06,7099800.0,99681192.0
2021-08-25,601689.SH,25.02,25.14,24.33,24.62,10836300.0,268956966.0
2021-08-26,601698.SH,14.06,14.14,13.97,13.98,8829500.0,123789590.0
2021-08-26,601688.SH,14.16,14.17,13.76,13.76,123483300.0,1723826868.0
2021-08-26,601689.SH,24.63,24.74,23.09,23.3,15955400.0,382371161.0
2021-08-27,601688.SH,13.77,13.96,13.57,13.61,99534100.0,1362621829.0
2021-08-27,601689.SH,23.5,23.63,22.9,23.33,9790600.0,229246899.0
2021-08-27,601698.SH,14.02,14.05,13.48,13.58,11591500.0,159962700.0
2021-08-30,601698.SH,14.27,14.94,14.24,14.94,25459300.0,371833076.5
2021-08-30,601689.SH,23.23,23.69,22.7,23.14,12058600.0,279578641.0
2021-08-30,601688.SH,13.87,13.92,13.6,13.75,113274100.0,1564315320.9999998
2021-08-31,601689.SH,23.14,23.96,22.8,23.79,11877800.0,278712577.0
2021-08-31,601698.SH,15.34,16.2,14.55,15.64,65487200.0,1014396728.0
2021-08-31,601688.SH,13.76,14.36,13.56,14.12,165512300.0,2307241462.0
2021-09-01,601688.SH,14.07,15.02,14.04,14.67,283059500.0,4067565015.0000005
2021-09-01,601689.SH,23.83,23.89,22.46,22.83,12687900.0,296008707.0
2021-09-01,601698.SH,15.36,17.21,14.96,17.21,88678100.0,1444122858.5
2021-09-02,601688.SH,14.67,15.39,14.57,15.17,272988000.0,4072980960.0
2021-09-02,601698.SH,16.85,17.1,16.18,16.86,65940400.0,1111425442.0
2021-09-02,601689.SH,22.79,23.53,22.5,23.24,9669700.0,222548145.5
2021-09-03,601698.SH,16.57,17.2,16.01,16.31,48928300.0,804381251.9999999
2021-09-03,601688.SH,15.78,16.03,14.88,14.97,297562400.0,4575021900.0
2021-09-03,601689.SH,23.16,24.17,22.6,23.71,13877800.0,325226243.00000006
2021-09-06,601698.SH,16.35,17.21,15.73,17.06,56497400.0,943789066.9999999
2021-09-06,601688.SH,14.94,15.65,14.91,15.56,224620200.0,3425458050.0
2021-09-06,601689.SH,23.71,24.8,23.71,24.23,13415800.0,321576726.0
2021-09-07,601698.SH,16.9,17.47,16.55,17.0,44822700.0,759744765.0
2021-09-07,601688.SH,15.47,16.26,15.27,16.11,223786500.0,3533588835.0
2021-09-07,601689.SH,24.66,26.12,23.97,25.82,17810600.0,449539544.00000006
2021-09-08,601689.SH,25.92,26.07,24.56,24.68,15404100.0,389723730.0
2021-09-08,601698.SH,17.0,17.64,16.55,16.91,36996100.0,627268875.4999999
2021-09-08,601688.SH,16.29,16.69,16.07,16.12,211326400.0,3424544311.9999995
2021-09-09,601688.SH,15.86,15.99,15.57,15.81,153654600.0,2433120591.0
2021-09-09,601698.SH,17.38,18.42,17.21,17.72,55460000.0,973322999.9999999
2021-09-09,601689.SH,24.76,25.71,24.7,25.5,14754300.0,370775559.00000006
2021-09-10,601698.SH,17.41,17.71,16.85,16.89,40404200.0,692932030.0
2021-09-10,601688.SH,16.01,16.9,15.92,16.36,251547100.0,4071289813.5000005
2021-09-10,601689.SH,25.55,25.75,24.69,25.02,8529600.0,215670936.0
2021-09-13,601688.SH,16.33,16.8,16.27,16.51,148622100.0,2440374882.0000005
2021-09-13,601698.SH,16.85,17.2,16.58,16.7,27093200.0,454488429.99999994
2021-09-13,601689.SH,24.99,25.14,24.12,24.54,8502400.0,210561936.0
2021-09-14,601689.SH,24.64,24.72,23.66,23.93,9428600.0,228973551.0
2021-09-14,601698.SH,16.6,16.72,15.95,16.1,29710400.0,485765040.00000006
2021-09-14,601688.SH,16.48,16.59,15.86,16.0,182649500.0,2966227880.0000005
2021-09-15,601698.SH,15.66,15.96,15.39,15.72,29300800.0,459729552.00000006
2021-09-15,601688.SH,16.13,16.17,15.55,15.6,163973900.0,2601445923.4999995
2021-09-15,601689.SH,23.89,24.23,23.48,23.75,7797400.0,185734068.0
2021-09-16,601698.SH,15.66,16.18,15.17,15.19,26000700.0,401060797.5
2021-09-16,601689.SH,23.62,23.75,22.71,22.8,7313500.0,169746335.0
2021-09-16,601688.SH,15.77,15.77,15.16,15.24,156745000.0,2430331225.0
2021-09-17,601698.SH,15.81,16.43,15.46,15.66,31307100.0,492617218.5
2021-09-17,601689.SH,22.83,23.22,22.57,22.79,4451200.0,101531872.0
2021-09-17,601688.SH,15.26,15.58,15.13,15.48,115544200.0,1775914354.0
2021-09-22,601688.SH,15.18,15.48,14.98,15.32,111284900.0,1697094725.0
2021-09-22,601689.SH,22.49,23.39,22.33,22.81,4468800.0,101218320.0
2021-09-22,601698.SH,14.99,15.44,14.88,15.36,18029000.0,273590075.0
2021-09-23,601689.SH,22.81,23.35,22.38,22.52,7000200.0,158659533.0
2021-09-23,601698.SH,15.48,15.95,15.26,15.68,20018900.0,311894462.0
2021-09-23,601688.SH,15.44,15.77,15.36,15.53,94786600.0,1467770501.0
2021-09-24,601688.SH,15.54,15.83,15.26,15.3,91255900.0,1407165978.0
2021-09-24,601698.SH,15.63,15.75,15.2,15.22,13494900.0,208158832.5
2021-09-24,601689.SH,22.5,23.47,22.11,23.16,9893200.0,225861755.99999997
2021-09-27,601688.SH,15.22,15.33,14.63,14.81,138313800.0,2076781707.0
2021-09-27,601698.SH,15.24,15.52,14.94,15.35,13030300.0,199298438.5
2021-09-27,601689.SH,23.44,24.17,23.04,23.85,13204100.0,312210944.50000006
2021-09-28,601698.SH,15.26,15.36,14.99,15.02,9705300.0,146938242.0
2021-09-28,601688.SH,14.86,15.37,14.74,15.28,105857400.0,1595271018.0
2021-09-28,601689.SH,23.81,24.35,23.2,23.67,8204000.0,194762960.00000003
2021-09-29,601689.SH,23.58,24.35,23.28,23.69,11031800.0,260736592.99999997
2021-09-29,601688.SH,15.08,15.08,14.51,14.79,120464100.0,1799131333.4999998
2021-09-29,601698.SH,15.02,15.13,14.3,14.35,14222000.0,208850069.99999997
2021-09-30,601688.SH,14.83,14.86,14.53,14.65,78169000.0,1152211060.0
2021-09-30,601689.SH,24.39,25.01,23.69,24.19,13296700.0,322976843.0
2021-09-30,601698.SH,14.37,14.62,14.27,14.41,8495600.0,122251684.0
2021-10-08,601688.SH,14.81,15.1,14.77,14.93,68512100.0,1018774927.0000001
2021-10-08,601689.SH,24.5,26.6,24.5,26.6,22494900.0,574744695.0
2021-10-08,601698.SH,14.54,14.69,14.27,14.52,7791700.0,113213401.0
2021-10-11,601698.SH,14.52,15.02,14.43,14.73,12787900.0,187023037.5
2021-10-11,601688.SH,14.96,15.05,14.67,14.72,66203500.0,982459940.0
2021-10-11,601689.SH,26.73,28.69,26.32,28.01,27007500.0,739195275.0
2021-10-12,601698.SH,14.58,14.66,14.23,14.38,8964200.0,129801616.0
2021-10-12,601689.SH,28.02,28.61,27.66,28.29,15825000.0,445552875.0
2021-10-12,601688.SH,14.64,14.64,13.95,14.19,143246000.0,2064891089.9999998
2021-10-13,601698.SH,14.39,14.45,14.1,14.45,6458000.0,93124360.0
2021-10-13,601688.SH,14.17,14.27,13.93,14.04,73612000.0,1038297260.0
2021-10-13,601689.SH,28.26,28.98,27.67,28.96,10896300.0,311743143.0
2021-10-14,601698.SH,14.39,14.82,14.33,14.71,9838200.0,143145810.0
2021-10-14,601688.SH,14.07,14.11,13.85,14.06,60450700.0,850239095.5000001
2021-10-14,601689.SH,28.77,31.16,28.75,30.13,16994900.0,500499805.0
2021-10-15,601689.SH,29.93,31.39,29.79,30.92,16431700.0,499934472.5
2021-10-15,601698.SH,14.71,14.87,14.61,14.62,9785700.0,143507290.5
2021-10-15,601688.SH,14.03,14.17,13.93,14.04,56661100.0,795238538.5
2021-10-18,601688.SH,14.1,14.18,13.97,14.08,53418500.0,752666665.0
2021-10-18,601698.SH,14.51,14.71,14.51,14.62,6137700.0,89395600.5
2021-10-18,601689.SH,31.16,31.32,29.77,30.33,15599300.0,479600478.49999994
2021-10-19,601689.SH,30.43,31.19,30.05,30.66,11848600.0,361915487.0
2021-10-19,601698.SH,14.6,14.69,14.41,14.53,7388100.0,107607676.5
2021-10-19,601688.SH,14.02,14.25,13.99,14.11,67517300.0,949630824.5
2021-10-20,601689.SH,30.5,31.0,29.79,30.74,17326700.0,530543553.99999994
2021-10-20,601688.SH,14.17,14.22,13.89,13.92,72574300.0,1019306043.5
2021-10-20,601698.SH,14.62,14.62,14.38,14.41,6372300.0,92493934.5
2021-10-21,601689.SH,30.87,31.85,30.34,31.37,15948100.0,496304872.0
2021-10-21,601688.SH,13.95,14.23,13.94,14.03,77205000.0,1080097949.9999998
2021-10-21,601698.SH,14.37,14.5,14.18,14.22,7489400.0,107060973.0
2021-10-22,601688.SH,14.05,14.17,13.98,14.08,50023600.0,703581934.0000001
2021-10-22,601689.SH,32.2,34.12,29.87,30.07,36788800.0,1145419288.0
2021-10-22,601698.SH,14.23,14.42,14.2,14.22,4903300.0,69749442.5
2021-10-25,601698.SH,14.22,14.24,14.03,14.2,6361700.0,90399757.0
2021-10-25,601689.SH,29.97,32.13,29.93,31.49,28836000.0,886130279.9999999
2021-10-25,601688.SH,14.09,14.29,13.92,14.21,75235300.0,1064579495.0
2021-10-26,601688.SH,14.13,14.17,13.86,13.88,77210700.0,1081335853.5
2021-10-26,601689.SH,33.45,34.12,31.73,33.05,31270600.0,1039747450.0
2021-10-26,601698.SH,14.19,14.33,14.1,14.11,5202500.0,73615375.0
2021-10-27,601689.SH,32.87,33.52,31.99,32.79,11338800.0,372252804.0
2021-10-27,601688.SH,13.9,13.9,13.36,13.54,107501500.0,1474920579.9999998
2021-10-27,601698.SH,14.22,14.36,13.74,13.85,7896500.0,110827377.5
2021-10-28,601698.SH,13.72,13.97,13.47,13.54,7636300.0,104082768.99999999
2021-10-28,601688.SH,13.5,13.69,13.43,13.54,54249200.0,733449184.0
2021-10-28,601689.SH,32.79,33.98,32.59,33.12,13153300.0,433467001.5
2021-10-29,601688.SH,13.54,13.79,13.21,13.68,78399400.0,1067015834.0
2021-10-29,601689.SH,33.15,35.51,33.15,34.45,18689300.0,631698340.0
2021-10-29,601698.SH,13.54,13.8,13.47,13.78,5698700.0,77844242.0
2021-11-01,601698.SH,13.75,13.98,13.69,13.88,5926500.0,81874597.50000001
2021-11-01,601689.SH,33.85,36.17,33.55,35.54,22451900.0,778968670.5
2021-11-01,601688.SH,13.7,13.98,13.53,13.94,76068600.0,1051268052.0
2021-11-02,601688.SH,13.88,14.02,13.48,13.63,72906900.0,1002834409.5
2021-11-02,601689.SH,36.11,36.16,34.37,34.93,15470800.0,549522815.9999999
2021-11-02,601698.SH,13.94,14.2,13.94,14.09,11024900.0,154513973.5
2021-11-03,601698.SH,14.07,14.07,13.77,13.93,6839700.0,95755800.0
2021-11-03,601688.SH,13.63,13.7,13.46,13.54,48895900.0,664250801.5
2021-11-03,601689.SH,34.63,34.91,33.29,34.25,14478900.0,498653315.99999994
2021-11-04,601688.SH,13.6,13.66,13.38,13.44,64693500.0,874656120.0
2021-11-04,601698.SH,13.92,14.05,13.79,14.03,5500200.0,76865295.0
2021-11-04,601689.SH,34.63,35.67,34.19,35.42,14224400.0,498209610.00000006
2021-11-05,601698.SH,14.03,14.15,13.96,13.98,6584000.0,92208920.0
2021-11-05,601688.SH,13.42,13.5,13.34,13.35,47005400.0,629167279.0
2021-11-05,601689.SH,35.69,37.02,34.98,35.77,11438800.0,408708324.00000006
2021-11-08,601689.SH,35.08,37.83,35.01,36.17,11789700.0,420008062.5
2021-11-08,601688.SH,13.36,13.52,13.29,13.39,49521900.0,662355412.5
2021-11-08,601698.SH,14.14,14.33,13.98,14.24,7442600.0,105610494.00000001
2021-11-09,601688.SH,13.44,13.44,13.26,13.42,52580200.0,706152086.0
2021-11-09,601698.SH,14.26,14.29,14.07,14.26,8277300.0,118034298.0
2021-11-09,601689.SH,36.17,37.75,35.71,37.31,10394100.0,381879234.0
2021-11-10,601688.SH,13.38,13.39,13.15,13.29,61550500.0,820775917.5
2021-11-10,601689.SH,37.17,37.42,35.37,35.97,12408900.0,453793473.0
2021-11-10,601698.SH,14.2,14.32,14.04,14.14,6162200.0,87318374.0
2021-11-11,601689.SH,36.21,36.62,35.24,36.14,9813600.0,355006980.0
2021-11-11,601688.SH,13.26,13.81,13.25,13.71,133821200.0,1804578882.0
2021-11-11,601698.SH,14.14,14.26,14.09,14.2,6157000.0,87244690.0
2021-11-12,601689.SH,36.46,37.04,35.78,36.68,6564800.0,240074736.0
2021-11-12,601688.SH,13.69,13.92,13.58,13.86,79297000.0,1092316175.0
2021-11-12,601698.SH,14.27,14.91,14.2,14.89,21266100.0,310059738.0
2021-11-15,601689.SH,40.31,40.35,37.17,37.92,27614800.0,1080152902.0
2021-11-15,601698.SH,14.78,15.33,14.66,15.2,21819300.0,327071306.99999994
2021-11-15,601688.SH,13.91,13.91,13.58,13.65,66741700.0,919700626.0000001
2021-11-16,601688.SH,13.62,13.76,13.49,13.57,54658000.0,743075509.9999999
2021-11-16,601698.SH,15.17,15.43,14.71,14.87,19391500.0,291260330.0
2021-11-16,601689.SH,38.01,40.35,36.98,38.78,16966100.0,651413409.4999999
2021-11-17,601689.SH,38.93,39.43,36.51,37.67,18723100.0,717094730.0
2021-11-17,601698.SH,14.76,14.89,14.57,14.88,10574500.0,156714090.0
2021-11-17,601688.SH,13.58,13.62,13.45,13.47,55359200.0,748733180.0
2021-11-18,601688.SH,13.45,13.47,13.27,13.29,60101300.0,803554381.0
2021-11-18,601698.SH,14.92,15.22,14.79,15.1,16812000.0,252348120.0
2021-11-18,601689.SH,37.98,38.16,36.33,36.56,11202300.0,417509720.99999994
2021-11-19,601689.SH,37.02,37.16,35.57,36.84,14512900.0,535961397.0000001
2021-11-19,601698.SH,15.06,15.07,14.83,14.93,10035900.0,150488320.5
2021-11-19,601688.SH,13.29,13.6,13.24,13.53,84974400.0,1139506704.0
2021-11-22,601698.SH,15.01,15.11,14.82,14.97,8475200.0,127043248.0
2021-11-22,601688.SH,13.49,13.7,13.46,13.55,69738900.0,942869928.0
2021-11-22,601689.SH,36.86,40.09,36.86,39.71,16501100.0,631744613.5
2021-11-23,601689.SH,39.75,40.55,39.03,39.68,10110000.0,401518650.00000006
2021-11-23,601698.SH,15.02,15.32,14.97,15.06,12578800.0,189185152.0
2021-11-23,601688.SH,13.56,14.18,13.49,13.97,165616000.0,2279704240.0
2021-11-24,601698.SH,15.06,15.16,14.87,14.91,8030300.0,120334045.5
2021-11-24,601688.SH,13.89,14.08,13.84,13.97,78039900.0,1087095807.0
2021-11-24,601689.SH,39.66,40.08,38.28,38.49,8483400.0,331488855.0
2021-11-25,601689.SH,39.04,41.15,38.89,39.14,11706100.0,457591449.00000006
2021-11-25,601698.SH,14.91,14.98,14.62,14.66,9433100.0,139468383.5
2021-11-25,601688.SH,13.96,14.06,13.89,13.98,53173000.0,742826810.0
2021-11-26,601698.SH,14.57,14.97,14.57,14.69,7215600.0,105564228.0
2021-11-26,601688.SH,13.96,13.98,13.68,13.71,75156500.0,1039790177.5000001
2021-11-26,601689.SH,39.17,41.39,38.95,40.82,11760100.0,470345199.50000006
2021-11-29,601698.SH,14.58,14.92,14.5,14.68,6208900.0,90836207.0
2021-11-29,601689.SH,40.63,44.48,40.63,44.19,22108200.0,937608761.9999999
2021-11-29,601688.SH,13.51,13.61,13.42,13.48,70261200.0,948174894.0000001
2021-11-30,601698.SH,14.8,15.02,14.64,15.01,11081600.0,165171248.0
2021-11-30,601688.SH,13.54,13.68,13.51,13.64,58310100.0,792434259.0
2021-11-30,601689.SH,44.2,45.17,43.59,44.5,14680400.0,651075740.0
2021-12-01,601698.SH,14.91,15.06,14.82,14.97,6956800.0,103934592.00000001
2021-12-01,601688.SH,13.58,14.03,13.56,13.99,89737200.0,1237027302.0
2021-12-01,601689.SH,44.5,44.56,42.81,43.97,9440800.0,417613788.0
2021-12-02,601698.SH,14.9,15.01,14.77,14.81,5430800.0,80674534.0
2021-12-02,601688.SH,13.93,14.29,13.9,14.14,109233000.0,1533085155.0
2021-12-02,601689.SH,41.81,43.08,39.82,41.66,20369000.0,850100215.0
2021-12-03,601698.SH,14.8,15.0,14.75,14.92,8470100.0,125865686.0
2021-12-03,601688.SH,14.12,14.24,13.93,14.17,77290600.0,1093275537.0
2021-12-03,601689.SH,41.44,42.68,37.49,37.96,33708700.0,1338235390.0
2021-12-06,601688.SH,14.29,15.24,14.23,14.59,240565000.0,3473758600.0
2021-12-06,601689.SH,38.51,40.01,35.96,36.17,54515800.0,2035619972.0000002
2021-12-06,601698.SH,15.03,15.03,14.64,14.72,9400000.0,139825000.0
2021-12-07,601698.SH,14.72,14.8,14.07,14.11,15129400.0,218090301.0
2021-12-07,601688.SH,14.79,14.79,14.46,14.64,129671200.0,1908111708.0
2021-12-07,601689.SH,36.17,36.76,33.33,33.94,44388800.0,1556049384.0
2021-12-08,601698.SH,14.12,14.44,14.12,14.37,7971000.0,113546895.0
2021-12-08,601689.SH,34.53,35.51,33.9,34.63,31114700.0,1075946326.0
2021-12-08,601688.SH,14.67,14.82,14.53,14.76,102524100.0,1508642131.5
2021-12-09,601698.SH,14.37,14.49,14.28,14.41,6379100.0,91795249.0
2021-12-09,601689.SH,34.97,35.28,33.72,34.62,18973300.0,660175973.5
2021-12-09,601688.SH,14.73,15.15,14.68,14.9,145225400.0,2151514301.0
2021-12-10,601689.SH,34.45,34.91,33.72,34.45,21685300.0,747058585.0000001
2021-12-10,601698.SH,14.4,14.4,14.08,14.17,8819400.0,125985129.0
2021-12-10,601688.SH,14.73,14.74,14.52,14.62,108003300.0,1584948427.5
2021-12-13,601698.SH,14.18,14.23,14.06,14.13,6420800.0,90886424.0
2021-12-13,601688.SH,14.87,15.12,14.74,14.75,132365100.0,1960327130.9999998
2021-12-13,601689.SH,34.78,34.83,33.64,33.9,17520400.0,601650536.0000001
2021-12-14,601689.SH,33.75,33.97,32.82,33.5,15635500.0,525743687.5
2021-12-14,601688.SH,14.63,14.88,14.58,14.73,69569200.0,1021275856.0
2021-12-14,601698.SH,14.13,14.23,14.1,14.14,6039400.0,85366919.00000001
2021-12-15,601698.SH,14.14,14.16,14.02,14.05,8229500.0,115994802.5
2021-12-15,601688.SH,14.73,14.96,14.7,14.84,80548400.0,1190908094.0
2021-12-15,601689.SH,33.53,34.23,33.11,33.12,14215100.0,473718207.50000006
2021-12-16,601698.SH,14.17,14.26,14.09,14.17,7064200.0,100099714.0
2021-12-16,601688.SH,14.9,15.0,14.76,14.98,68319700.0,1020696318.0000001
2021-12-16,601689.SH,33.52,33.58,32.18,32.3,16832600.0,553960866.0
2021-12-17,601698.SH,14.12,14.16,13.98,13.98,7008600.0,98470830.0
2021-12-17,601689.SH,32.02,32.58,31.02,31.29,16109300.0,509939891.5
2021-12-17,601688.SH,15.0,15.05,14.79,14.79,69678200.0,1037856789.0
2021-12-20,601689.SH,31.19,33.25,31.19,32.25,27543900.0,873692508.0
2021-12-20,601698.SH,13.94,14.1,13.89,13.91,4736100.0,65950192.5
2021-12-20,601688.SH,14.67,14.84,14.5,14.53,68011800.0,992972280.0
2021-12-21,601688.SH,14.54,15.01,14.54,14.89,81999700.0,1206625585.5
2021-12-21,601698.SH,13.91,14.07,13.91,14.05,4498800.0,62893224.0
2021-12-21,601689.SH,32.73,34.1,32.06,33.55,23247100.0,770408894.0
2021-12-22,601698.SH,14.05,14.07,13.99,14.04,4158500.0,58406132.5
2021-12-22,601688.SH,14.92,14.94,14.77,14.86,53968000.0,803583520.0
2021-12-22,601689.SH,33.62,34.31,33.06,34.12,15624100.0,529188266.99999994
2021-12-23,601698.SH,14.06,14.15,14.03,14.06,4924300.0,69235658.0
2021-12-23,601688.SH,14.87,15.0,14.77,14.88,51498900.0,766046137.5
2021-12-23,601689.SH,35.24,37.53,34.98,37.53,25867900.0,941203541.5000001
2021-12-24,601688.SH,14.93,14.99,14.77,14.79,47686300.0,708618418.0
2021-12-24,601698.SH,14.01,14.05,13.79,13.91,7352100.0,102635316.0
2021-12-24,601689.SH,38.43,39.01,36.23,37.61,25849600.0,982801791.9999999
2021-12-27,601698.SH,13.9,14.0,13.8,13.98,3710000.0,51717400.00000001
2021-12-27,601689.SH,37.14,37.3,35.64,35.83,19959900.0,728236951.5
2021-12-27,601688.SH,14.8,14.94,14.73,14.94,45923600.0,682883932.0
2021-12-28,601689.SH,36.49,39.03,34.4,35.6,21127500.0,761540737.5
2021-12-28,601688.SH,14.94,15.04,14.78,14.97,57663300.0,862354651.5
2021-12-28,601698.SH,14.07,14.15,13.98,14.12,5585700.0,78730441.5
2021-12-29,601698.SH,14.14,14.81,14.08,14.81,26566800.0,384554430.00000006
2021-12-29,601689.SH,35.6,36.47,34.31,35.12,13721600.0,485195776.0
2021-12-29,601688.SH,14.99,15.04,14.85,14.87,47402200.0,707714846.0
2021-12-30,601698.SH,14.65,14.66,14.36,14.37,14737400.0,213839674.0
2021-12-30,601689.SH,35.25,35.85,34.38,35.84,14507800.0,515679751.0
2021-12-30,601688.SH,14.83,15.42,14.83,15.25,99597500.0,1497946400.0
2021-12-31,601689.SH,35.58,36.52,34.39,35.18,15204000.0,537917519.9999999
2021-12-31,601698.SH,14.37,14.48,14.22,14.26,9170700.0,131278570.5
2021-12-31,601688.SH,15.3,15.38,15.19,15.31,61541800.0,941897249.0
2022-01-04,601698.SH,14.24,14.68,14.23,14.48,10531500.0,151232340.0
2022-01-04,601689.SH,36.5,37.04,33.52,34.05,22552500.0,795539437.5
2022-01-04,601688.SH,15.31,15.34,15.0,15.22,66007000.0,1007596855.0
2022-01-05,601698.SH,14.45,14.68,14.28,14.5,11109200.0,160805670.0
2022-01-05,601688.SH,15.22,15.32,14.98,15.02,76946700.0,1163434104.0
2022-01-05,601689.SH,34.28,34.28,32.53,33.45,14308600.0,484560739.0
2022-01-06,601689.SH,33.45,33.78,32.34,33.13,12783400.0,425559386.00000006
2022-01-06,601688.SH,14.92,14.96,14.56,14.67,104128500.0,1540581157.5
2022-01-06,601698.SH,14.36,14.6,14.31,14.46,7858600.0,113242426.0
2022-01-07,601688.SH,14.74,15.17,14.73,14.91,80514000.0,1193620050.0
2022-01-07,601698.SH,14.47,14.66,14.37,14.38,7869700.0,113520422.5
2022-01-07,601689.SH,32.7,33.5,32.34,32.52,8470500.0,276223005.0
2022-01-10,601688.SH,14.98,15.24,14.93,14.99,65382700.0,979759759.5
2022-01-10,601698.SH,14.36,14.38,14.1,14.17,9025000.0,128741625.0
2022-01-10,601689.SH,32.58,35.53,32.58,34.61,16024800.0,538353156.0
2022-01-11,601698.SH,14.17,14.24,14.12,14.15,5079400.0,71924304.0
2022-01-11,601688.SH,14.95,15.15,14.77,14.83,64709400.0,963522966.0
2022-01-11,601689.SH,34.8,35.91,34.39,34.71,13148700.0,456983068.49999994
2022-01-12,601698.SH,14.2,14.24,14.12,14.16,4388000.0,62221840.0
2022-01-12,601688.SH,14.85,14.88,14.64,14.84,57217000.0,849386364.9999999
2022-01-12,601689.SH,34.71,36.31,33.78,36.02,13249100.0,468554421.5
2022-01-13,601688.SH,14.93,15.19,14.79,14.79,82765200.0,1229890872.0
2022-01-13,601689.SH,35.84,35.91,32.56,34.03,16494100.0,576221383.5
2022-01-13,601698.SH,14.57,14.65,14.15,14.15,8698300.0,124907588.0
2022-01-14,601688.SH,14.66,14.73,14.43,14.45,93240300.0,1357112566.5
2022-01-14,601698.SH,14.07,14.12,13.82,13.86,8967000.0,125224155.0
2022-01-14,601689.SH,33.96,37.43,33.62,37.43,24838800.0,886620966.0
2022-01-17,601698.SH,13.92,14.53,13.88,14.27,8392900.0,118297925.49999999
2022-01-17,601688.SH,14.42,14.72,14.38,14.68,73549700.0,1070148135.0
2022-01-17,601689.SH,37.81,40.31,37.17,38.93,25384000.0,973984080.0000001
2022-01-18,601698.SH,14.2,14.49,14.15,14.33,8241400.0,117563571.0
2022-01-18,601688.SH,14.66,14.9,14.55,14.79,59546200.0,876817795.0
2022-01-18,601689.SH,38.36,40.22,38.04,38.77,15748000.0,607321620.0
2022-01-19,601689.SH,38.93,38.96,36.9,37.39,17109600.0,652902336.0
2022-01-19,601688.SH,14.82,15.49,14.82,15.1,160814400.0,2405783424.0
2022-01-19,601698.SH,14.27,14.31,14.03,14.16,5547400.0,78856291.0
2022-01-20,601698.SH,14.17,14.21,13.95,13.98,4854600.0,68328495.0
2022-01-20,601689.SH,37.36,37.7,36.55,37.21,8983100.0,334934883.49999994
2022-01-20,601688.SH,15.11,15.95,15.07,15.66,214956400.0,3307104214.0
2022-01-21,601698.SH,13.87,13.97,13.83,13.89,4881200.0,67751056.0
2022-01-21,601689.SH,37.0,37.29,35.76,36.06,8765900.0,320218327.0
2022-01-21,601688.SH,15.54,15.82,15.48,15.53,108824200.0,1690583947.0
2022-01-24,601688.SH,15.53,15.86,15.46,15.8,124367300.0,1948213754.5
2022-01-24,601698.SH,13.89,13.98,13.84,13.98,3683400.0,51328179.0
2022-01-24,601689.SH,35.84,39.66,35.6,39.36,17109800.0,643328480.0
2022-01-25,601698.SH,13.95,14.14,13.49,13.52,6274800.0,86184378.0
2022-01-25,601689.SH,38.83,39.16,37.35,37.37,10603400.0,403989539.99999994
2022-01-25,601688.SH,15.69,15.76,15.21,15.24,95399800.0,1475357907.0
2022-01-26,601689.SH,37.55,39.27,37.53,38.55,12529600.0,476751279.99999994
2022-01-26,601688.SH,15.26,15.81,15.26,15.67,109374900.0,1691482828.5
2022-01-26,601698.SH,13.54,13.72,13.52,13.65,3537800.0,48096390.99999999
2022-01-27,601688.SH,15.53,15.54,15.04,15.12,99534600.0,1525367745.0
2022-01-27,601698.SH,13.62,13.69,13.09,13.16,6157100.0,82443569.0
2022-01-27,601689.SH,38.63,39.21,37.08,37.17,9526700.0,361061930.00000006
2022-01-28,601689.SH,37.83,37.96,35.11,35.84,11734100.0,432225573.5
2022-01-28,601698.SH,13.16,13.33,13.03,13.16,4612200.0,60696552.0
2022-01-28,601688.SH,15.16,15.3,14.67,14.73,85540800.0,1278407256.0
2022-02-07,601689.SH,37.17,37.71,36.43,36.7,7941800.0,293330383.0
2022-02-07,601698.SH,13.23,13.41,13.23,13.28,3220800.0,42691704.0
2022-02-07,601688.SH,14.96,15.04,14.81,14.91,72270000.0,1079352450.0
2022-02-08,601698.SH,13.28,13.4,13.18,13.38,4871700.0,64939761.0
2022-02-08,601688.SH,14.89,15.32,14.71,15.11,97104800.0,1456572000.0
2022-02-08,601689.SH,36.51,36.74,34.09,34.88,13554500.0,483827877.5
2022-02-09,601688.SH,15.06,15.13,14.92,14.99,57533400.0,864439335.0
2022-02-09,601698.SH,13.43,13.53,13.32,13.48,5197900.0,69937744.5
2022-02-09,601689.SH,34.8,36.96,34.3,36.75,8709700.0,311589517.5
2022-02-10,601689.SH,36.49,37.1,35.2,35.46,8614200.0,309895845.0
2022-02-10,601698.SH,13.43,13.46,13.31,13.39,3999400.0,53631954.0
2022-02-10,601688.SH,14.99,15.36,14.93,15.26,90867700.0,1374373962.5
2022-02-11,601688.SH,15.18,15.73,15.18,15.43,101408300.0,1552054031.5
2022-02-11,601689.SH,35.08,35.36,33.64,33.85,10537800.0,363185277.00000006
2022-02-11,601698.SH,13.4,13.42,13.2,13.22,4162400.0,55401544.0
2022-02-14,601689.SH,32.95,35.08,32.95,34.38,9147900.0,307964053.50000006
2022-02-14,601698.SH,13.22,13.38,12.98,13.1,4201200.0,55287792.0
2022-02-14,601688.SH,15.29,15.38,14.47,14.54,145767000.0,2174114805.0
2022-02-15,601688.SH,14.54,14.79,14.53,14.7,55411900.0,810121978.0
2022-02-15,601698.SH,13.15,13.22,13.08,13.18,2932700.0,38608995.5
2022-02-15,601689.SH,34.22,36.27,33.65,36.08,10808100.0,379904715.0
2022-02-16,601688.SH,14.79,14.93,14.66,14.74,54958700.0,811465205.5
2022-02-16,601698.SH,13.18,13.31,13.16,13.27,3617600.0,47842760.0
2022-02-16,601689.SH,36.04,36.5,35.38,36.07,8297500.0,299166362.5
2022-02-17,601688.SH,14.69,14.77,14.48,14.53,56179700.0,820785417.0
2022-02-17,601698.SH,13.31,13.37,13.21,13.27,3481100.0,46263819.0
2022-02-17,601689.SH,35.82,37.5,35.34,37.03,9566500.0,348459762.5
2022-02-18,601688.SH,14.4,14.61,14.32,14.6,52775200.0,765240400.0
2022-02-18,601689.SH,36.51,36.83,35.71,36.14,6862800.0,249291210.00000003
2022-02-18,601698.SH,13.18,13.24,13.16,13.24,3321800.0,43880978.0
2022-02-21,601698.SH,13.2,13.43,13.17,13.42,6178700.0,82238496.99999999
2022-02-21,601689.SH,35.82,36.62,35.18,36.22,5134300.0,184937485.99999997
2022-02-21,601688.SH,14.57,14.61,14.42,14.51,59559000.0,865987860.0
2022-02-22,601698.SH,13.52,13.54,13.21,13.26,5147600.0,68926364.0
2022-02-22,601689.SH,35.76,37.3,35.21,36.7,7068400.0,256088132.00000003
2022-02-22,601688.SH,14.42,14.42,14.07,14.15,83606300.0,1194315995.5
2022-02-23,601688.SH,14.16,14.29,14.1,14.26,53101300.0,754569473.0
2022-02-23,601689.SH,36.83,39.21,36.78,39.03,11656300.0,442123459.0
2022-02-23,601698.SH,13.22,13.43,13.19,13.42,5593600.0,74506752.0
2022-02-24,601688.SH,14.15,14.19,13.62,13.75,91066700.0,1270380465.0
2022-02-24,601698.SH,13.38,13.96,13.28,13.62,14735900.0,198934650.0
2022-02-24,601689.SH,38.54,39.82,37.88,38.64,12516700.0,483019453.00000006
2022-02-25,601689.SH,39.82,42.11,38.85,39.35,11343400.0,449028489.0
2022-02-25,601698.SH,13.47,13.62,13.33,13.39,6892400.0,92564932.0
2022-02-25,601688.SH,13.87,13.93,13.69,13.71,52260500.0,720672295.0
2022-02-28,601688.SH,13.72,13.73,13.49,13.66,54204000.0,742052760.0000001
2022-02-28,601698.SH,13.5,13.61,13.34,13.41,4122600.0,55469583.0
2022-02-28,601689.SH,39.45,40.47,39.23,39.94,8733400.0,346672313.0
2022-03-01,601688.SH,13.7,13.85,13.64,13.79,42630000.0,585949350.0
2022-03-01,601698.SH,13.41,13.52,13.36,13.48,4703300.0,63235868.5
2022-03-01,601689.SH,40.34,41.35,39.6,40.18,11045700.0,444699882.00000006
2022-03-02,601698.SH,13.5,13.5,13.3,13.33,5354300.0,71827934.5
2022-03-02,601688.SH,13.7,13.8,13.61,13.68,42441200.0,581020028.0
2022-03-02,601689.SH,40.16,40.16,38.24,39.38,8637300.0,343505420.99999994
2022-03-03,601689.SH,39.37,39.39,36.06,36.19,16613600.0,627661808.0
2022-03-03,601688.SH,13.73,13.85,13.68,13.72,42685400.0,585857115.0000001
2022-03-03,601698.SH,13.37,13.4,13.27,13.28,4132500.0,55065562.5
2022-03-04,601698.SH,13.24,13.3,13.08,13.12,4782100.0,63028078.0
2022-03-04,601688.SH,13.61,13.65,13.45,13.51,51777600.0,702104255.9999999
2022-03-04,601689.SH,34.51,36.19,34.25,35.08,15008000.0,522203360.0
2022-03-07,601688.SH,13.48,13.49,13.1,13.15,69593300.0,926634789.5000001
2022-03-07,601698.SH,13.13,13.23,12.91,12.95,5024600.0,65520783.99999999
2022-03-07,601689.SH,35.06,35.36,33.05,33.75,13806900.0,475026394.5
2022-03-08,601689.SH,33.44,35.25,33.19,34.23,14234300.0,481617540.49999994
2022-03-08,601688.SH,13.15,13.27,12.88,12.89,67121600.0,873923232.0
2022-03-08,601698.SH,12.89,12.95,12.36,12.36,7074200.0,89311775.0
2022-03-09,601689.SH,34.84,36.84,33.92,35.64,17810700.0,627649068.0
2022-03-09,601688.SH,12.95,13.03,12.16,12.55,89478700.0,1140853425.0
2022-03-09,601698.SH,12.39,12.43,11.23,11.79,11007700.0,133083093.0
2022-03-10,601698.SH,12.08,12.19,11.84,11.88,5407400.0,64780652.0
2022-03-10,601689.SH,36.84,37.7,36.17,37.02,18033500.0,665977155.0000001
2022-03-10,601688.SH,12.85,12.89,12.48,12.53,86602600.0,1098986994.0
2022-03-11,601698.SH,11.81,12.07,11.48,12.01,4121100.0,49082301.0
2022-03-11,601688.SH,12.39,12.76,12.23,12.71,80966200.0,1016125810.0
2022-03-11,601689.SH,36.63,37.02,34.55,36.37,12809100.0,467532150.0
2022-03-14,601689.SH,35.23,35.6,34.25,34.87,7845300.0,274977765.0
2022-03-14,601698.SH,11.96,12.19,11.84,11.84,3699500.0,44024050.0
2022-03-14,601688.SH,12.54,12.76,12.46,12.48,53949800.0,674911998.0
2022-03-15,601689.SH,35.01,37.99,33.77,35.88,21675300.0,768281008.5
2022-03-15,601698.SH,11.84,11.85,11.21,11.26,6255300.0,72248715.0
2022-03-15,601688.SH,12.43,12.61,12.05,12.06,83994300.0,1028510203.5000001
2022-03-16,601698.SH,11.38,11.55,10.96,11.45,5747300.0,65605429.49999999
2022-03-16,601689.SH,37.2,39.47,36.37,39.47,20939800.0,802727233.0
2022-03-16,601688.SH,12.17,12.88,11.98,12.75,133822100.0,1667423366.0
2022-03-17,601688.SH,12.92,13.01,12.67,12.7,95412100.0,1222229000.9999998
2022-03-17,601698.SH,11.56,11.84,11.5,11.62,4658500.0,53992015.0
2022-03-17,601689.SH,40.23,40.78,39.15,39.48,18924200.0,754223991.0
2022-03-18,601689.SH,39.23,39.79,38.03,38.7,9087400.0,354090541.00000006
2022-03-18,601688.SH,12.69,12.95,12.6,12.85,57221100.0,730713447.0
2022-03-18,601698.SH,11.62,11.72,11.56,11.71,3390800.0,39553682.0
2022-03-21,601689.SH,38.89,39.36,37.97,38.79,11777400.0,457434216.00000006
2022-03-21,601688.SH,12.83,12.83,12.65,12.72,55348500.0,707077087.5
2022-03-21,601698.SH,11.88,12.2,11.82,11.92,5643700.0,67160030.0
2022-03-22,601698.SH,11.84,11.96,11.76,11.82,3539700.0,41874651.0
2022-03-22,601689.SH,38.4,39.74,38.11,39.1,6938200.0,268855250.0
2022-03-22,601688.SH,12.66,12.85,12.64,12.72,45844600.0,581767974.0
2022-03-23,601688.SH,12.75,12.79,12.62,12.71,39784400.0,506455412.0
2022-03-23,601689.SH,39.82,40.19,38.48,38.73,7714100.0,302971277.5
2022-03-23,601698.SH,11.81,11.98,11.71,11.88,3348800.0,39666536.0
2022-03-24,601698.SH,11.92,11.92,11.67,11.69,2781900.0,32840329.5
2022-03-24,601689.SH,38.49,38.63,37.67,38.34,5118400.0,196623336.00000003
2022-03-24,601688.SH,12.6,12.7,12.53,12.6,34806400.0,438560640.0
2022-03-25,601698.SH,11.73,11.78,11.59,11.61,2577400.0,30078258.0
2022-03-25,601688.SH,12.59,12.72,12.45,12.46,38204900.0,478516372.5
2022-03-25,601689.SH,38.54,38.56,36.76,36.76,5324700.0,200474955.0
2022-03-28,601698.SH,11.61,11.62,11.32,11.5,2666500.0,30811407.5
2022-03-28,601688.SH,12.38,12.67,12.32,12.57,49758800.0,620741030.0000001
2022-03-28,601689.SH,36.37,37.56,35.58,36.44,8617600.0,313723728.0
2022-03-29,601689.SH,36.94,38.36,36.11,36.72,8350300.0,307541549.0
2022-03-29,601698.SH,11.5,11.65,11.4,11.47,2629100.0,30195213.5
2022-03-29,601688.SH,12.55,12.62,12.48,12.53,24979900.0,313247946.0
2022-03-30,601698.SH,11.49,11.66,11.47,11.65,2801800.0,32416826.0
2022-03-30,601688.SH,12.6,12.98,12.6,12.91,80532600.0,1027193312.9999999
2022-03-30,601689.SH,37.2,39.19,36.05,38.85,10158700.0,386284567.50000006
2022-03-31,601688.SH,12.85,12.96,12.78,12.83,42570800.0,546609072.0
2022-03-31,601698.SH,11.62,11.62,11.48,11.49,2282300.0,26371976.5
2022-03-31,601689.SH,38.76,38.96,36.96,37.7,9161500.0,350244145.00000006
2022-04-01,601689.SH,37.52,39.76,37.17,38.84,8837000.0,337396660.00000006
2022-04-01,601688.SH,12.76,12.98,12.73,12.96,58781800.0,755933948.0
2022-04-01,601698.SH,11.4,11.49,11.37,11.42,2564300.0,29258663.0
2022-04-06,601689.SH,37.83,38.43,35.78,37.04,12556400.0,470048834.0
2022-04-06,601698.SH,11.42,11.65,11.37,11.58,3055900.0,35142850.0
2022-04-06,601688.SH,12.89,12.96,12.81,12.94,53370600.0,689281299.0
2022-04-07,601689.SH,35.84,36.62,34.49,35.24,8989200.0,319476168.00000006
2022-04-07,601698.SH,11.58,11.8,11.53,11.54,5016100.0,57986115.99999999
2022-04-07,601688.SH,12.9,13.07,12.7,12.7,55257700.0,707298560.0
2022-04-08,601688.SH,12.76,13.04,12.65,12.95,59654200.0,766854741.0
2022-04-08,601689.SH,35.06,36.29,34.36,35.24,7077900.0,248788185.00000003
2022-04-08,601698.SH,11.5,11.54,11.15,11.23,4706000.0,53483690.0
2022-04-11,601689.SH,34.45,34.52,31.72,31.72,14348600.0,474723431.0
2022-04-11,601688.SH,12.93,12.93,12.55,12.63,51829800.0,662384844.0
2022-04-11,601698.SH,11.23,11.24,10.59,10.61,6406300.0,69956796.0
2022-04-12,601689.SH,31.56,33.2,30.86,33.18,12733800.0,412193105.99999994
2022-04-12,601698.SH,10.61,10.74,10.36,10.72,3957800.0,42209937.0
2022-04-12,601688.SH,12.6,13.03,12.52,12.87,71167700.0,906320659.5
2022-04-13,601698.SH,10.64,10.83,10.59,10.6,3063700.0,32536494.000000004
2022-04-13,601689.SH,32.86,33.48,31.74,33.19,9266700.0,306032767.5
2022-04-13,601688.SH,12.78,12.89,12.69,12.7,38545100.0,491064573.99999994
2022-04-14,601698.SH,10.69,10.75,10.56,10.69,2827000.0,30220630.0
2022-04-14,601689.SH,33.72,34.1,31.65,32.52,10915000.0,361504800.00000006
2022-04-14,601688.SH,12.82,12.96,12.78,12.87,52037000.0,668415265.0
2022-04-15,601689.SH,32.44,35.15,30.53,33.28,25215200.0,828571472.0
2022-04-15,601688.SH,12.79,12.98,12.76,12.85,45559500.0,584072790.0
2022-04-15,601698.SH,10.8,11.15,10.68,10.97,5996300.0,65269725.50000001
2022-04-18,601698.SH,11.02,11.07,10.61,10.78,4378300.0,47723469.99999999
2022-04-18,601689.SH,32.72,34.08,31.86,33.4,16155100.0,534087606.00000006
2022-04-18,601688.SH,12.7,12.73,12.35,12.51,56059700.0,706632518.5
2022-04-19,601689.SH,33.88,34.24,32.85,33.11,10174400.0,340791528.00000006
2022-04-19,601688.SH,12.5,12.57,12.4,12.45,30904800.0,385537380.0
2022-04-19,601698.SH,10.91,11.12,10.82,10.89,4519200.0,49259280.0
2022-04-20,601688.SH,12.49,12.51,12.2,12.29,43930200.0,544295178.0
2022-04-20,601689.SH,33.65,34.31,32.48,32.58,11049000.0,365887634.99999994
2022-04-20,601698.SH,10.92,11.03,10.75,10.78,3662800.0,39741380.0
2022-04-21,601688.SH,12.25,12.44,12.17,12.22,43499600.0,532217606.0
2022-04-21,601689.SH,32.52,33.71,30.96,32.26,10875400.0,352254206.0
2022-04-21,601698.SH,10.74,10.79,10.3,10.38,4643000.0,49030080.0
2022-04-22,601689.SH,31.61,34.37,31.21,34.15,19460100.0,639848087.9999999
2022-04-22,601698.SH,10.3,10.37,10.01,10.09,4487000.0,45744965.0
2022-04-22,601688.SH,12.17,12.4,12.16,12.29,37371200.0,457049776.0
2022-04-25,601688.SH,12.07,12.21,11.71,11.73,73974000.0,880290600.0
2022-04-25,601689.SH,33.27,33.72,30.74,32.1,16913000.0,552801405.0
2022-04-25,601698.SH,10.07,10.07,9.21,9.24,8189800.0,79072519.00000001
2022-04-26,601688.SH,11.73,11.79,11.1,11.17,85611600.0,980252819.9999999
2022-04-26,601689.SH,31.68,31.74,29.48,30.46,14130800.0,439043956.0
2022-04-26,601698.SH,9.24,9.28,8.75,8.77,6354800.0,57224973.99999999
2022-04-27,601688.SH,10.99,11.34,10.97,11.28,65197600.0,725975276.0
2022-04-27,601689.SH,28.94,33.51,28.88,33.05,17532300.0,543413638.5
2022-04-27,601698.SH,8.87,9.19,8.62,9.12,5644700.0,50774076.49999999
2022-04-28,601698.SH,9.13,9.29,8.99,9.19,5565200.0,50977232.0
2022-04-28,601689.SH,32.26,34.08,31.9,33.74,10367300.0,342120900.0
2022-04-28,601688.SH,11.17,11.23,10.92,11.09,56871000.0,632974230.0
2022-04-29,601689.SH,34.04,35.38,32.52,34.89,11084800.0,382037632.00000006
2022-04-29,601688.SH,11.34,11.55,11.14,11.51,94714600.0,1082114305.0
2022-04-29,601698.SH,9.41,9.9,9.31,9.88,7693300.0,74201878.5
2022-05-05,601688.SH,11.31,11.45,11.27,11.37,45430600.0,515183004.0
2022-05-05,601698.SH,9.88,10.26,9.77,10.03,6052200.0,60249651.0
2022-05-05,601689.SH,35.83,36.97,35.38,35.5,11769800.0,419769917.0
2022-05-06,601689.SH,34.55,35.46,33.45,34.37,8957700.0,308682341.99999994
2022-05-06,601688.SH,11.21,11.25,11.04,11.05,41061200.0,457011156.00000006
2022-05-06,601698.SH,9.81,10.0,9.77,9.9,4407500.0,43435912.5
2022-05-09,601689.SH,33.92,34.65,33.72,34.25,4957900.0,168990021.5
2022-05-09,601688.SH,11.03,11.13,10.99,11.1,22977800.0,254249357.0
2022-05-09,601698.SH,9.91,10.34,9.91,10.19,5403900.0,54309195.00000001
2022-05-10,601688.SH,11.01,11.29,10.92,11.21,47222300.0,524639753.0
2022-05-10,601698.SH,10.15,10.4,10.01,10.33,6792800.0,69558272.0
2022-05-10,601689.SH,33.52,35.87,33.24,35.27,8758500.0,301248607.5
2022-05-11,601698.SH,10.49,10.49,10.27,10.29,5939500.0,61711405.0
2022-05-11,601689.SH,35.28,38.03,34.65,36.5,12381800.0,444382802.0
2022-05-11,601688.SH,11.2,11.51,11.18,11.27,57975600.0,651355866.0
2022-05-12,601688.SH,11.21,11.38,11.18,11.3,34128300.0,384114016.5
2022-05-12,601689.SH,35.91,36.17,35.35,35.36,5256000.0,187297560.0
2022-05-12,601698.SH,10.19,10.5,10.13,10.39,4301700.0,44264493.0
2022-05-13,601689.SH,35.64,37.7,35.03,37.19,9047600.0,329468354.0
2022-05-13,601698.SH,10.39,10.55,10.33,10.37,3585100.0,37213338.0
2022-05-13,601688.SH,11.34,11.49,11.29,11.41,49012300.0,557514912.5
2022-05-16,601698.SH,10.34,10.56,10.25,10.26,3945200.0,40635560.0
2022-05-16,601689.SH,37.5,37.98,35.98,36.35,7383300.0,272628352.5
2022-05-16,601688.SH,11.56,11.59,11.19,11.25,50257600.0,573187928.0
2022-05-17,601688.SH,11.27,11.35,11.17,11.28,31847600.0,359081689.99999994
2022-05-17,601689.SH,36.24,37.43,35.94,37.08,5799500.0,212609669.99999997
2022-05-17,601698.SH,10.33,10.33,10.17,10.3,3413500.0,35210252.50000001
2022-05-18,601689.SH,37.5,38.09,36.64,37.27,5795900.0,216679721.50000003
2022-05-18,601688.SH,11.32,11.42,11.29,11.33,39299200.0,445063440.0
2022-05-18,601698.SH,10.34,10.42,10.24,10.37,3073300.0,31824021.5
2022-05-19,601689.SH,36.45,38.02,36.43,37.82,6125400.0,227466729.00000003
2022-05-19,601688.SH,11.2,11.29,11.15,11.28,29503500.0,331619339.99999994
2022-05-19,601698.SH,10.28,10.41,10.2,10.38,3491900.0,36071327.0
2022-05-20,601689.SH,38.03,38.67,36.72,37.7,5937400.0,224819651.0
2022-05-20,601698.SH,10.43,10.59,10.35,10.49,3665600.0,38342176.0
2022-05-20,601688.SH,11.35,11.51,11.31,11.42,63494700.0,722887159.5
2022-05-23,601698.SH,10.46,10.73,10.44,10.68,5399400.0,57071658.0
2022-05-23,601688.SH,11.39,11.47,11.29,11.43,48858200.0,557472062.0
2022-05-23,601689.SH,37.97,38.26,36.92,37.78,5653200.0,214114950.0
2022-05-24,601689.SH,38.1,39.49,36.05,36.27,10152700.0,377528149.5
2022-05-24,601688.SH,11.44,11.49,11.09,11.1,51862200.0,584486994.0
2022-05-24,601698.SH,10.73,10.85,10.32,10.34,6335200.0,66741332.0
2022-05-25,601698.SH,10.55,10.6,10.32,10.4,5079700.0,53209857.50000001
2022-05-25,601688.SH,11.1,11.18,11.1,11.17,28205200.0,314064902.0
2022-05-25,601689.SH,35.99,37.36,35.71,37.01,5722000.0,208853000.0
2022-05-26,601689.SH,36.87,37.37,35.54,37.04,5478800.0,202469054.0
2022-05-26,601688.SH,11.2,11.45,11.08,11.36,50197500.0,566227800.0
2022-05-26,601698.SH,10.4,10.82,10.31,10.7,7702500.0,81261375.0
2022-05-27,601698.SH,10.69,10.88,10.62,10.68,3953300.0,42241010.49999999
2022-05-27,601689.SH,36.82,38.16,36.77,37.17,4905200.0,181467874.00000003
2022-05-27,601688.SH,11.42,11.49,11.3,11.4,43154100.0,492388281.0
2022-05-30,601698.SH,10.7,10.88,10.62,10.87,6179900.0,66650221.5
2022-05-30,601689.SH,37.57,38.48,36.82,38.27,7153700.0,271268304.0
2022-05-30,601688.SH,11.43,11.45,11.35,11.42,33935800.0,387716515.0
2022-05-31,601689.SH,38.23,39.06,37.83,38.83,5274200.0,203214926.0
2022-05-31,601698.SH,10.85,10.9,10.7,10.84,5143100.0,55776919.49999999
2022-05-31,601688.SH,11.42,11.51,11.34,11.48,57741100.0,661135595.0
2022-06-01,601698.SH,10.83,10.95,10.75,10.86,5407200.0,58641083.99999999
2022-06-01,601689.SH,38.82,39.25,37.0,37.61,10124000.0,386888660.00000006
2022-06-01,601688.SH,11.5,11.54,11.38,11.43,37197100.0,426464751.5
2022-06-02,601689.SH,37.96,38.85,37.62,38.16,10925600.0,415828336.0
2022-06-02,601698.SH,10.9,11.1,10.76,11.01,5891300.0,64539191.5
2022-06-02,601688.SH,11.38,11.53,11.35,11.48,36728500.0,419806755.0
2022-06-06,601698.SH,11.13,11.32,11.06,11.24,7453800.0,83370753.0
2022-06-06,601689.SH,37.81,39.79,37.16,38.76,16076600.0,615492631.0
2022-06-06,601688.SH,11.45,11.78,11.4,11.7,63838900.0,738935267.5
2022-06-07,601689.SH,39.0,39.0,37.76,38.3,8633100.0,333669315.0
2022-06-07,601688.SH,11.68,11.86,11.65,11.69,66339100.0,775172383.4999999
2022-06-07,601698.SH,11.22,11.22,10.96,11.08,4830700.0,53862305.0
2022-06-08,601688.SH,11.73,11.99,11.7,11.87,79932600.0,943204680.0
2022-06-08,601698.SH,11.01,11.1,10.81,10.93,5032200.0,55203233.99999999
2022-06-08,601689.SH,38.09,38.64,36.55,37.62,9687600.0,366724098.00000006
2022-06-09,601689.SH,37.28,37.88,35.28,36.08,13063700.0,479176516.0
2022-06-09,601698.SH,10.86,10.94,10.6,10.63,5055800.0,54324571.00000001
2022-06-09,601688.SH,11.93,12.12,11.84,11.91,87411100.0,1041940312.0
2022-06-10,601689.SH,35.68,39.69,35.36,39.69,18918600.0,712947441.0
2022-06-10,601698.SH,10.61,11.0,10.59,10.89,5551300.0,59676475.0
2022-06-10,601688.SH,11.82,12.18,11.79,12.17,101221300.0,1214149493.5
2022-06-13,601698.SH,10.86,11.0,10.82,10.94,4946200.0,53913579.99999999
2022-06-13,601688.SH,12.02,12.11,11.87,11.98,74917000.0,899004000.0
2022-06-13,601689.SH,39.35,42.95,39.07,41.89,22418100.0,910623222.0000001
2022-06-14,601698.SH,10.86,10.93,10.22,10.66,8627500.0,92831900.0
2022-06-14,601688.SH,11.87,12.5,11.69,12.42,116429700.0,1414038706.5
2022-06-14,601689.SH,41.22,45.3,40.75,43.93,16499500.0,702466212.5
2022-06-15,601689.SH,43.93,45.24,43.41,43.93,11372700.0,499602711.0
2022-06-15,601688.SH,12.5,13.19,12.47,12.78,225400100.0,2849057264.0
2022-06-15,601698.SH,10.83,10.88,10.69,10.77,6655100.0,71875080.0
2022-06-16,601689.SH,43.95,44.29,42.42,43.15,14144200.0,615979910.0
2022-06-16,601688.SH,12.76,12.77,12.32,12.33,108878500.0,1365880782.5
2022-06-16,601698.SH,10.69,10.83,10.64,10.64,4725200.0,50394257.99999999
2022-06-17,601689.SH,42.81,44.27,42.35,43.93,13258800.0,575034156.0000001
2022-06-17,601698.SH,10.6,10.77,10.54,10.7,4070000.0,43345499.99999999
2022-06-17,601688.SH,12.2,12.48,12.07,12.33,88244500.0,1082318792.5
2022-06-20,601698.SH,10.71,10.91,10.7,10.81,5219700.0,56163972.00000001
2022-06-20,601689.SH,44.55,46.69,43.07,45.19,15558600.0,698114382.0
2022-06-20,601688.SH,12.37,12.42,12.2,12.23,53592700.0,659190210.0
2022-06-21,601689.SH,45.09,46.62,44.45,45.28,11667800.0,527209543.0
2022-06-21,601698.SH,10.8,10.89,10.59,10.66,4987900.0,53520167.0
2022-06-21,601688.SH,12.27,12.55,12.23,12.47,76306600.0,943912642.0000001
2022-06-22,601698.SH,10.69,10.74,10.33,10.33,4630600.0,48667606.0
2022-06-22,601688.SH,12.46,12.56,12.27,12.32,62342700.0,772426053.0
2022-06-22,601689.SH,44.97,46.15,43.75,43.95,11115800.0,494208468.0
2022-06-23,601688.SH,12.28,12.8,12.27,12.63,84421800.0,1051473519.0
2022-06-23,601698.SH,10.32,10.61,10.22,10.58,5059400.0,52870730.0
2022-06-23,601689.SH,44.83,47.84,44.02,47.36,17317400.0,798245553.0
2022-06-24,601689.SH,46.7,48.12,46.2,47.02,10181200.0,477091032.0
2022-06-24,601698.SH,10.65,11.02,10.59,10.89,9575800.0,103131366.0
2022-06-24,601688.SH,12.6,12.64,12.4,12.48,68661700.0,861017718.0
2022-06-27,601688.SH,12.55,12.63,12.42,12.48,56401100.0,705859766.5
2022-06-27,601698.SH,10.95,11.13,10.83,11.03,9046100.0,99416638.99999999
2022-06-27,601689.SH,47.02,47.58,45.69,46.9,13948600.0,655026256.0
2022-06-28,601698.SH,11.05,11.53,10.93,11.42,13637400.0,153216189.0
2022-06-28,601689.SH,46.56,47.78,45.89,47.56,8524900.0,401181794.0
2022-06-28,601688.SH,12.45,12.55,12.28,12.47,68409500.0,852382370.0
2022-06-29,601689.SH,47.86,47.86,43.28,43.35,18108700.0,825847263.5000001
2022-06-29,601698.SH,11.42,11.56,11.29,11.31,9344100.0,106195696.5
2022-06-29,601688.SH,12.39,12.51,12.18,12.18,67672400.0,831355434.0
2022-06-30,601689.SH,44.32,45.64,43.47,45.64,13351700.0,600559466.0
2022-06-30,601698.SH,11.27,11.43,11.18,11.24,6830800.0,76880654.0
2022-06-30,601688.SH,12.23,12.35,12.16,12.24,63618700.0,778374794.5
2022-07-01,601689.SH,45.44,49.02,44.72,47.26,10796000.0,500394599.99999994
2022-07-01,601698.SH,11.32,11.53,11.16,11.21,5533400.0,62333751.0
2022-07-01,601688.SH,12.21,12.29,12.01,12.1,53755100.0,653393240.5000001
2022-07-04,601688.SH,12.1,12.17,11.94,12.15,44818100.0,543419462.5
2022-07-04,601698.SH,11.21,11.28,10.97,11.19,4837600.0,54181120.0
2022-07-04,601689.SH,47.24,49.5,46.74,48.46,10634300.0,508851255.0
2022-07-05,601689.SH,48.48,49.82,47.1,48.22,7510500.0,363132674.99999994
2022-07-05,601698.SH,11.22,11.33,10.98,11.11,4349600.0,48563284.0
2022-07-05,601688.SH,12.14,12.26,11.95,12.04,55032200.0,665339298.0
2022-07-06,601698.SH,11.08,11.18,10.94,11.02,3948800.0,43634240.0
2022-07-06,601688.SH,12.01,12.06,11.85,11.91,49036100.0,586471756.0
2022-07-06,601689.SH,47.69,50.14,47.29,48.26,8342100.0,400212247.49999994
2022-07-07,601689.SH,48.46,49.81,47.3,49.46,8888300.0,435171168.0
2022-07-07,601698.SH,11.02,11.11,10.98,11.07,3610100.0,39873554.5
2022-07-07,601688.SH,11.88,11.95,11.74,11.79,47850200.0,566307117.0
2022-07-08,601688.SH,11.84,11.93,11.79,11.81,37057700.0,438207302.5
2022-07-08,601698.SH,10.95,11.14,10.95,11.0,3479900.0,38191902.5
2022-07-08,601689.SH,49.36,49.59,46.7,47.36,7325500.0,354261180.0
2022-07-11,601688.SH,11.79,11.85,11.69,11.73,30312400.0,356473824.0
2022-07-11,601698.SH,11.01,11.04,10.64,10.77,5399700.0,58802733.0
2022-07-11,601689.SH,46.78,48.61,46.1,48.26,8873700.0,421678223.99999994
2022-07-12,601688.SH,11.76,11.82,11.65,11.69,43971000.0,515559975.0
2022-07-12,601698.SH,10.84,10.87,10.61,10.62,3319600.0,35619308.0
2022-07-12,601689.SH,49.32,52.4,48.72,49.41,14648100.0,723103456.4999999
2022-07-13,601689.SH,49.63,49.63,47.96,48.96,10261300.0,505830783.5
2022-07-13,601688.SH,11.68,11.77,11.66,11.71,31112700.0,363863026.5
2022-07-13,601698.SH,10.71,10.73,10.53,10.6,3798100.0,40468755.50000001
2022-07-14,601689.SH,48.01,52.61,48.01,52.41,14166400.0,711294943.9999999
2022-07-14,601698.SH,10.63,10.78,10.54,10.66,3266500.0,34771892.5
2022-07-14,601688.SH,11.71,11.71,11.52,11.54,51461900.0,598244587.5
2022-07-15,601688.SH,11.51,11.59,11.3,11.3,52619500.0,600125397.5000001
2022-07-15,601698.SH,10.72,10.72,10.46,10.46,3380700.0,35801613.0
2022-07-15,601689.SH,52.36,57.28,52.09,55.47,16987100.0,915859496.5
2022-07-18,601698.SH,10.44,10.7,10.39,10.68,3207800.0,33874367.99999999
2022-07-18,601688.SH,11.34,11.54,11.32,11.49,32731200.0,373626648.0
2022-07-18,601689.SH,55.95,58.41,55.17,58.01,17589600.0,1002255408.0000001
2022-07-19,601689.SH,56.83,61.46,56.23,58.17,18221200.0,1047719000.0
2022-07-19,601688.SH,11.5,11.59,11.39,11.55,36373000.0,419198825.0
2022-07-19,601698.SH,10.68,10.86,10.64,10.81,4486500.0,48207442.50000001
2022-07-20,601689.SH,57.51,59.89,56.03,58.19,10984700.0,635464894.9999999
2022-07-20,601688.SH,11.59,11.62,11.5,11.54,30287200.0,350271468.0
2022-07-20,601698.SH,10.81,11.74,10.81,11.48,18929700.0,210971506.5
2022-07-21,601698.SH,11.32,11.47,11.18,11.21,9848200.0,110939973.0
2022-07-21,601689.SH,58.45,60.03,57.16,57.86,12893600.0,749827308.0
2022-07-21,601688.SH,11.51,11.54,11.43,11.44,26427300.0,303253267.5
2022-07-22,601689.SH,58.37,59.0,56.89,57.93,9886500.0,574899975.0
2022-07-22,601698.SH,11.2,11.35,11.02,11.1,5471400.0,61006109.99999999
2022-07-22,601688.SH,11.47,11.58,11.42,11.49,30143200.0,346043936.0
2022-07-25,601688.SH,11.48,11.51,11.36,11.37,25054300.0,286245377.5
2022-07-25,601698.SH,11.11,11.2,10.86,10.9,5312100.0,58459660.49999999
2022-07-25,601689.SH,58.35,58.35,55.09,56.25,10082100.0,577704330.0
2022-07-26,601688.SH,11.38,11.49,11.38,11.45,17987300.0,205325029.49999997
2022-07-26,601698.SH,10.89,10.95,10.73,10.88,3980900.0,43332096.50000001
2022-07-26,601689.SH,56.38,57.17,55.03,56.32,7190800.0,405201580.0
2022-07-27,601688.SH,11.43,11.47,11.4,11.42,17377500.0,198537937.5
2022-07-27,601689.SH,56.61,58.93,55.36,58.29,9796400.0,562803180.0
2022-07-27,601698.SH,10.88,11.1,10.82,10.87,4857000.0,52819875.0
2022-07-28,601688.SH,11.48,11.61,11.47,11.48,37459700.0,430037356.0
2022-07-28,601689.SH,58.93,59.94,57.51,58.14,10518500.0,615700397.5
2022-07-28,601698.SH,10.97,11.28,10.91,11.22,10308000.0,114367260.0
2022-07-29,601698.SH,11.28,11.28,11.0,11.11,5978500.0,66929307.5
2022-07-29,601689.SH,57.83,62.03,57.66,61.31,12166100.0,724734577.0
2022-07-29,601688.SH,11.52,11.57,11.41,11.43,30961400.0,355282065.0
2022-08-01,601688.SH,11.41,11.41,11.29,11.35,28701800.0,326626484.0
2022-08-01,601689.SH,61.11,61.23,55.18,58.56,17031000.0,1019049885.0
2022-08-01,601698.SH,11.1,11.49,11.06,11.31,8800500.0,98609602.5
2022-08-02,601689.SH,56.61,59.69,56.36,58.33,9939800.0,571240306.0
2022-08-02,601688.SH,11.22,11.26,10.96,11.05,57365900.0,638769296.5000001
2022-08-02,601698.SH,11.34,11.58,10.95,11.15,12991900.0,146093915.5
2022-08-03,601698.SH,11.01,11.6,11.0,11.34,18868600.0,210856605.0
2022-08-03,601688.SH,11.09,11.17,11.02,11.02,33377400.0,368987157.0
2022-08-03,601689.SH,58.03,58.99,54.84,55.38,14475400.0,820827557.0
2022-08-04,601698.SH,11.42,11.5,11.14,11.36,10484800.0,119421872.0
2022-08-04,601689.SH,55.36,56.07,53.37,54.5,10365100.0,569354943.0
2022-08-04,601688.SH,11.08,11.18,11.08,11.13,31928500.0,354565992.5
2022-08-05,601698.SH,11.37,11.39,11.14,11.34,7543800.0,85659849.0
2022-08-05,601689.SH,55.36,57.23,54.56,55.23,7531900.0,416476410.5
2022-08-05,601688.SH,11.23,11.41,11.18,11.4,39412800.0,445955832.00000006
2022-08-08,601688.SH,11.35,11.46,11.35,11.44,25528700.0,290899536.5
2022-08-08,601689.SH,55.23,56.88,53.16,55.93,9861400.0,548096612.0
2022-08-08,601698.SH,11.38,11.38,11.23,11.28,5668400.0,64222972.0
2022-08-09,601688.SH,11.45,11.5,11.39,11.41,20385600.0,233007408.0
2022-08-09,601698.SH,11.28,11.65,11.25,11.63,9875300.0,113121561.5
2022-08-09,601689.SH,55.94,56.79,55.14,55.68,4845300.0,270416193.0
2022-08-10,601688.SH,11.41,11.53,11.36,11.43,23557200.0,269023224.0
2022-08-10,601698.SH,11.51,11.67,11.39,11.46,7837500.0,90013687.5
2022-08-10,601689.SH,55.21,55.22,53.53,53.8,9456600.0,515431982.99999994
2022-08-11,601688.SH,11.49,11.87,11.48,11.85,78522600.0,916358742.0
2022-08-11,601689.SH,54.22,54.43,52.21,53.39,8168300.0,439495381.5
2022-08-11,601698.SH,11.48,11.58,11.4,11.53,6524100.0,75059770.5
2022-08-12,601698.SH,11.49,11.58,11.29,11.32,6332000.0,72216460.0
2022-08-12,601688.SH,11.76,11.9,11.72,11.83,42913300.0,506162373.5
2022-08-12,601689.SH,53.48,54.45,52.9,53.23,3939900.0,210213364.5
2022-08-15,601688.SH,11.77,11.86,11.69,11.73,35265200.0,414366100.0
2022-08-15,601698.SH,11.39,11.41,11.16,11.18,5928800.0,66906508.0
2022-08-15,601689.SH,52.56,55.69,52.36,54.63,7796000.0,417826620.0
2022-08-16,601689.SH,54.45,56.69,53.89,54.69,7955000.0,434104350.0
2022-08-16,601698.SH,11.16,11.25,11.05,11.11,5250100.0,58459863.5
2022-08-16,601688.SH,11.74,11.81,11.69,11.71,22732300.0,266536217.50000003
2022-08-17,601688.SH,11.75,11.89,11.67,11.85,41171700.0,485826060.0
2022-08-17,601698.SH,11.14,11.18,11.03,11.14,4501600.0,50147824.0
2022-08-17,601689.SH,54.88,55.3,53.5,54.84,6382800.0,350160408.0
2022-08-18,601689.SH,54.87,57.23,54.54,57.03,8286700.0,463640865.0
2022-08-18,601688.SH,11.8,11.85,11.74,11.75,23004200.0,270874455.0
2022-08-18,601698.SH,11.14,11.14,11.0,11.03,4451700.0,49347094.50000001
2022-08-19,601688.SH,11.74,11.85,11.7,11.72,28949500.0,339577635.0
2022-08-19,601698.SH,11.0,11.13,10.83,10.83,5331400.0,58192230.99999999
2022-08-19,601689.SH,56.83,57.33,54.27,54.9,7241100.0,404524051.49999994
2022-08-22,601689.SH,54.58,55.52,53.58,55.19,6005500.0,329611867.5
2022-08-22,601698.SH,10.84,10.95,10.73,10.87,3592300.0,38994416.5
2022-08-22,601688.SH,11.68,11.77,11.64,11.73,24802700.0,290315603.5
2022-08-23,601698.SH,10.87,10.96,10.83,10.9,2985700.0,32499344.5
2022-08-23,601689.SH,55.29,57.93,55.19,57.5,6545600.0,369139112.0
2022-08-23,601688.SH,11.73,11.88,11.67,11.73,35962100.0,421835433.0
2022-08-24,601689.SH,56.93,57.37,53.5,54.25,9438700.0,524697333.00000006
2022-08-24,601698.SH,10.9,10.96,10.52,10.55,6358900.0,68199202.50000001
2022-08-24,601688.SH,11.72,11.9,11.59,11.59,44543900.0,519159154.50000006
2022-08-25,601698.SH,10.55,10.66,10.35,10.48,4939900.0,51943048.5
2022-08-25,601689.SH,53.99,54.51,52.38,53.36,4699800.0,252261765.0
2022-08-25,601688.SH,11.62,11.8,11.6,11.76,37433700.0,437599953.0
2022-08-26,601688.SH,11.77,11.8,11.68,11.73,24792700.0,291314225.0
2022-08-26,601689.SH,53.36,58.6,53.36,55.89,12513800.0,683566325.0
2022-08-26,601698.SH,10.65,10.79,10.55,10.66,5394900.0,57482659.50000001
2022-08-29,601698.SH,10.73,10.9,10.64,10.87,6675500.0,72095400.0
2022-08-29,601689.SH,55.29,56.56,53.87,54.49,5091400.0,279466946.0
2022-08-29,601688.SH,11.63,11.7,11.55,11.63,24230500.0,281800715.0
2022-08-30,601698.SH,10.83,11.62,10.79,11.37,19079400.0,211781340.0
2022-08-30,601689.SH,54.38,55.53,53.46,54.93,4342700.0,237350268.5
2022-08-30,601688.SH,11.63,11.81,11.6,11.71,27830700.0,324784269.00000006
2022-08-31,601698.SH,11.44,11.76,11.21,11.26,19509600.0,221433960.0
2022-08-31,601689.SH,54.13,55.35,51.48,52.73,8825000.0,471519750.0
2022-08-31,601688.SH,11.63,11.85,11.61,11.74,43811400.0,511936209.0
2022-09-01,601688.SH,11.72,11.76,11.6,11.61,27677000.0,322852205.0
2022-09-01,601689.SH,52.42,52.67,50.56,51.3,7500500.0,388975930.0
2022-09-01,601698.SH,11.2,11.67,11.08,11.31,18910300.0,212835426.49999997
2022-09-02,601698.SH,11.25,12.44,11.25,12.44,34108500.0,404015182.49999994
2022-09-02,601689.SH,51.56,53.84,50.02,53.47,7987400.0,419458311.0
2022-09-02,601688.SH,11.61,11.69,11.49,11.54,27765700.0,321387977.5
2022-09-05,601698.SH,13.3,13.3,12.47,12.68,65240700.0,847476693.0
2022-09-05,601689.SH,52.62,53.55,50.79,52.06,6997400.0,366243916.0
2022-09-05,601688.SH,11.52,11.67,11.46,11.66,29474900.0,341614091.0
2022-09-06,601688.SH,11.69,11.78,11.68,11.77,35515000.0,416590950.0
2022-09-06,601698.SH,12.54,12.92,12.34,12.59,35906300.0,451162659.5
2022-09-06,601689.SH,52.43,55.41,51.58,55.36,6524200.0,351621759.0
2022-09-07,601698.SH,12.49,12.51,11.83,11.9,31003400.0,378086463.0
2022-09-07,601688.SH,11.75,11.76,11.7,11.74,19130700.0,224690071.50000003
2022-09-07,601689.SH,55.37,59.07,55.03,57.91,8923100.0,505404384.0
2022-09-08,601698.SH,11.93,12.03,11.74,11.76,15003900.0,177721195.49999997
2022-09-08,601688.SH,11.76,11.79,11.71,11.74,19006400.0,223325200.0
2022-09-08,601689.SH,58.02,59.55,56.71,58.19,7660900.0,445136594.50000006
2022-09-09,601688.SH,11.79,11.9,11.75,11.86,44778800.0,529509309.99999994
2022-09-09,601698.SH,11.78,11.88,11.53,11.6,14478700.0,169256003.0
2022-09-09,601689.SH,58.19,58.67,56.08,58.19,3924600.0,228372474.0
2022-09-13,601689.SH,57.95,58.65,56.58,57.47,3746800.0,216227828.0
2022-09-13,601698.SH,11.63,11.75,11.53,11.61,11832200.0,137490164.0
2022-09-13,601688.SH,11.88,11.97,11.82,11.83,39608200.0,469555211.0
2022-09-14,601698.SH,11.47,11.61,11.38,11.59,10801600.0,124542448.00000001
2022-09-14,601688.SH,11.7,11.78,11.68,11.71,25769700.0,301634338.5
2022-09-14,601689.SH,56.73,57.69,54.43,55.31,8186400.0,458602127.99999994
2022-09-15,601688.SH,11.73,11.81,11.62,11.68,34628200.0,405323081.0
2022-09-15,601689.SH,55.3,55.55,50.4,52.21,11823100.0,635550740.5
2022-09-15,601698.SH,11.64,11.65,10.93,11.12,15409400.0,175358971.99999997
2022-09-16,601698.SH,11.02,11.22,10.83,10.83,10445700.0,114119272.5
2022-09-16,601688.SH,11.66,11.66,11.09,11.09,91159800.0,1036942725.0
2022-09-16,601689.SH,51.17,52.14,49.74,50.43,13910500.0,706653400.0
2022-09-19,601698.SH,10.85,11.15,10.83,11.01,10634500.0,116235085.0
2022-09-19,601688.SH,11.1,11.16,11.0,11.03,34297100.0,379497411.5
2022-09-19,601689.SH,50.18,51.36,48.82,49.21,7829700.0,389096941.5
2022-09-20,601698.SH,11.04,11.13,10.76,10.83,10934200.0,119565476.99999999
2022-09-20,601688.SH,11.08,11.15,10.98,11.01,25809300.0,285063718.5
2022-09-20,601689.SH,50.07,52.81,49.89,52.05,8209800.0,419192388.0
2022-09-21,601688.SH,10.99,11.06,10.87,11.01,25454000.0,279994000.0
2022-09-21,601689.SH,51.46,52.49,50.49,50.95,5565400.0,284976307.0
2022-09-21,601698.SH,10.81,10.81,10.5,10.72,7592900.0,81737568.5
2022-09-22,601689.SH,50.46,51.34,49.16,50.34,5941100.0,299431440.00000006
2022-09-22,601698.SH,10.59,11.04,10.56,10.83,9860500.0,105605955.00000001
2022-09-22,601688.SH,10.97,11.09,10.95,11.01,18416000.0,202391840.0
2022-09-23,601689.SH,50.34,50.86,48.42,49.34,5783400.0,288244656.0
2022-09-23,601698.SH,10.7,10.91,10.57,10.64,7480300.0,79814801.0
2022-09-23,601688.SH,11.01,11.16,11.01,11.11,30894100.0,341688745.99999994
2022-09-26,601689.SH,48.58,53.01,48.56,51.67,8806900.0,441445862.5
2022-09-26,601698.SH,10.57,10.6,10.04,10.07,10408600.0,107416752.0
2022-09-26,601688.SH,11.08,11.17,10.9,10.91,32033000.0,352202835.00000006
2022-09-27,601688.SH,10.95,11.04,10.88,11.03,20318400.0,223299215.99999997
2022-09-27,601698.SH,10.14,10.24,10.04,10.23,6511900.0,66323701.5
2022-09-27,601689.SH,52.08,52.4,50.42,51.0,6140200.0,316465908.0
2022-09-28,601688.SH,11.01,11.07,10.95,10.95,23062800.0,253229544.0
2022-09-28,601698.SH,10.14,10.22,9.95,9.99,5751800.0,57891867.00000001
2022-09-28,601689.SH,50.72,51.12,48.88,49.98,5746400.0,289331239.99999994
2022-09-29,601698.SH,9.97,10.24,9.86,9.89,4905700.0,48713601.0
2022-09-29,601688.SH,11.03,11.11,10.82,10.88,28290700.0,309924618.5
2022-09-29,601689.SH,50.44,51.88,49.74,51.6,6158000.0,314181160.0
2022-09-30,601688.SH,10.89,10.98,10.81,10.83,22998200.0,249760452.0
2022-09-30,601689.SH,51.86,51.94,48.36,49.22,8857500.0,447658050.0
2022-09-30,601698.SH,9.89,10.02,9.85,9.86,4602400.0,45448700.0
2022-10-10,601688.SH,10.85,10.9,10.68,10.72,21695600.0,233987046.0
2022-10-10,601698.SH,9.94,9.97,9.6,9.67,4337400.0,42528207.0
2022-10-10,601689.SH,46.63,47.78,44.69,46.02,9435500.0,437099537.5
2022-10-11,601689.SH,46.19,48.82,46.19,48.1,6503500.0,306607507.5
2022-10-11,601698.SH,9.7,9.77,9.6,9.74,3191800.0,31024295.999999996
2022-10-11,601688.SH,10.79,10.87,10.71,10.76,17921500.0,193104162.49999997
2022-10-12,601688.SH,10.75,10.98,10.73,10.97,25240500.0,274111830.0
2022-10-12,601698.SH,9.75,10.1,9.68,10.08,5621500.0,55737172.49999999
2022-10-12,601689.SH,48.42,49.42,46.48,49.34,9294900.0,454334712.0
2022-10-13,601689.SH,48.68,51.35,48.43,50.01,6024500.0,297278952.5
2022-10-13,601688.SH,10.92,10.99,10.89,10.93,18816700.0,205572447.5
2022-10-13,601698.SH,10.07,10.2,9.98,10.09,4512400.0,45484992.0
2022-10-14,601689.SH,50.96,51.28,49.48,50.89,4524800.0,230425440.0
2022-10-14,601688.SH,11.01,11.11,10.99,11.09,26408700.0,291816135.0
2022-10-14,601698.SH,10.11,10.26,10.09,10.22,5323300.0,54111344.49999999
2022-10-17,601698.SH,10.2,10.74,10.2,10.66,12130600.0,126522158.0
2022-10-17,601688.SH,11.02,11.14,11.01,11.1,19660600.0,217446235.99999997
2022-10-17,601689.SH,51.36,52.34,48.2,49.89,8746800.0,442806750.0
2022-10-18,601698.SH,10.68,10.72,10.46,10.61,5983000.0,63689035.0
2022-10-18,601689.SH,50.52,51.74,48.9,49.89,7073800.0,355140129.0
2022-10-18,601688.SH,11.16,11.17,11.06,11.07,18980900.0,210972703.5
2022-10-19,601688.SH,11.07,11.11,10.96,10.97,15557000.0,171438140.0
2022-10-19,601698.SH,10.56,10.71,10.49,10.51,5386500.0,56746777.5
2022-10-19,601689.SH,49.03,51.08,48.73,48.96,5957500.0,291887712.5
2022-10-20,601689.SH,48.54,48.7,44.07,45.42,21995900.0,1033367382.0000001
2022-10-20,601698.SH,10.67,10.83,10.55,10.73,6985600.0,74745920.0
2022-10-20,601688.SH,10.95,11.15,10.93,11.0,20593000.0,226008175.0
2022-10-21,601688.SH,11.2,11.24,11.0,11.01,29481500.0,327392057.5
2022-10-21,601698.SH,10.63,10.74,10.6,10.64,4794300.0,50987380.50000001
2022-10-21,601689.SH,44.06,47.28,43.88,46.76,13671800.0,620836438.0
2022-10-24,601689.SH,46.22,46.82,45.62,46.1,6458700.0,298133592.0
2022-10-24,601698.SH,10.75,11.53,10.75,11.15,20290900.0,222185355.0
2022-10-24,601688.SH,11.03,11.22,10.74,10.78,38500200.0,419844681.0
2022-10-25,601688.SH,10.79,10.92,10.63,10.76,26602300.0,286639782.49999994
2022-10-25,601698.SH,11.12,11.22,10.93,11.0,8449400.0,93450363.99999999
2022-10-25,601689.SH,45.43,47.99,44.73,47.47,9651200.0,448298240.0
2022-10-26,601689.SH,47.36,48.15,46.82,47.7,6677900.0,317400587.0
2022-10-26,601698.SH,11.01,11.25,10.94,11.21,7927800.0,88077858.0
2022-10-26,601688.SH,10.77,10.93,10.76,10.77,25931100.0,279277947.0
2022-10-27,601688.SH,10.8,10.91,10.78,10.84,19722000.0,213392040.0
2022-10-27,601698.SH,11.19,11.37,11.14,11.16,7364300.0,82296052.5
2022-10-27,601689.SH,47.76,48.73,46.36,46.68,5756200.0,271807764.0
2022-10-28,601689.SH,46.82,46.96,43.04,43.27,17254700.0,777237961.5
2022-10-28,601688.SH,10.83,10.86,10.61,10.65,26347700.0,282974298.0
2022-10-28,601698.SH,11.13,11.21,10.82,10.85,7410600.0,81442494.0
2022-10-31,601698.SH,11.03,11.79,10.95,11.61,18072000.0,204575040.0
2022-10-31,601689.SH,43.55,44.59,42.72,43.22,10258600.0,445069361.0
2022-10-31,601688.SH,10.63,10.76,10.59,10.69,25039700.0,266923202.0
2022-11-01,601689.SH,43.11,46.02,42.71,45.66,8699700.0,386136184.5
2022-11-01,601688.SH,10.68,10.97,10.68,10.97,38098800.0,412419510.0
2022-11-01,601698.SH,11.71,11.82,11.47,11.6,13718300.0,159886786.50000003
2022-11-02,601688.SH,10.95,11.02,10.87,10.96,31453700.0,344575283.5
2022-11-02,601698.SH,11.64,11.84,11.52,11.66,11053800.0,128776770.0
2022-11-02,601689.SH,45.37,50.21,45.16,49.42,11312900.0,536174895.49999994
2022-11-03,601688.SH,10.92,10.93,10.82,10.85,22675200.0,246819552.0
2022-11-03,601689.SH,49.05,51.08,48.36,49.56,9509100.0,468846175.5
2022-11-03,601698.SH,11.57,11.91,11.32,11.72,13364200.0,155626109.0
2022-11-04,601698.SH,11.62,12.0,11.53,11.72,12061000.0,140751870.0
2022-11-04,601689.SH,49.52,53.33,48.62,52.02,9635800.0,489209566.00000006
2022-11-04,601688.SH,10.84,11.18,10.81,11.14,48036800.0,527924432.0
2022-11-07,601689.SH,52.02,52.69,50.9,51.36,6134200.0,317076798.0
2022-11-07,601688.SH,11.08,11.2,11.06,11.13,25512800.0,283319644.0
2022-11-07,601698.SH,11.8,11.87,11.52,11.6,10109000.0,118275300.0
2022-11-08,601698.SH,11.6,11.67,11.35,11.57,7667700.0,88830304.5
2022-11-08,601689.SH,51.24,51.58,49.76,50.49,6123100.0,311451481.5
2022-11-08,601688.SH,11.13,11.18,11.05,11.1,15809300.0,175720369.5
2022-11-09,601689.SH,49.52,50.5,48.56,48.91,5660500.0,278581507.5
2022-11-09,601688.SH,11.09,11.13,11.01,11.01,16277400.0,179865270.0
2022-11-09,601698.SH,11.71,11.71,11.48,11.57,5307800.0,61782792.0
2022-11-10,601688.SH,10.98,11.11,10.96,11.08,21508000.0,237233240.00000003
2022-11-10,601689.SH,48.59,49.14,47.05,47.98,6793500.0,328024147.5
2022-11-10,601698.SH,11.49,11.58,11.28,11.29,6239300.0,71065627.0
2022-11-11,601688.SH,11.32,11.42,11.18,11.27,57811800.0,652984281.0
2022-11-11,601689.SH,49.42,50.29,47.39,47.96,7065800.0,344033802.0
2022-11-11,601698.SH,11.51,11.59,11.37,11.38,7826400.0,89573148.0
2022-11-14,601688.SH,11.34,11.6,11.3,11.44,74350000.0,846846500.0
2022-11-14,601689.SH,47.68,48.78,46.2,46.64,7007200.0,330459552.0
2022-11-14,601698.SH,11.46,11.59,11.31,11.34,6784900.0,77347860.0
2022-11-15,601698.SH,11.29,11.56,11.25,11.56,6412600.0,73263955.0
2022-11-15,601689.SH,46.66,47.77,45.94,47.56,12244600.0,576843106.0
2022-11-15,601688.SH,11.4,11.93,11.38,11.74,81399800.0,941795686.0
2022-11-16,601688.SH,11.71,11.8,11.6,11.64,39171400.0,457326095.0
2022-11-16,601689.SH,47.56,48.19,46.6,47.4,6942900.0,329648892.0
2022-11-16,601698.SH,11.52,11.82,11.45,11.7,10536000.0,122322960.0
2022-11-17,601688.SH,11.61,11.73,11.57,11.7,29262300.0,341052106.5
2022-11-17,601689.SH,47.36,47.82,44.07,44.69,13846300.0,637275957.5
2022-11-17,601698.SH,11.54,11.88,11.49,11.85,12158800.0,142197166.0
2022-11-18,601688.SH,11.73,11.74,11.54,11.58,29824100.0,347599885.50000006
2022-11-18,601689.SH,44.5,46.46,43.82,45.58,11143800.0,501916752.0
2022-11-18,601698.SH,11.85,11.92,11.69,11.73,8661400.0,102117906.0
2022-11-21,601698.SH,11.69,11.98,11.65,11.76,8834300.0,103582167.5
2022-11-21,601689.SH,45.27,48.33,45.12,47.56,8793300.0,408141019.50000006
2022-11-21,601688.SH,11.52,11.52,11.34,11.38,28758200.0,329281390.0
2022-11-22,601688.SH,11.37,11.63,11.35,11.48,33177700.0,379055222.5
2022-11-22,601689.SH,47.56,48.06,46.36,46.95,6708500.0,317010167.5
2022-11-22,601698.SH,11.76,12.62,11.62,12.13,20791100.0,248349689.5
2022-11-23,601689.SH,46.85,47.29,45.95,46.75,3323700.0,155549160.0
2022-11-23,601698.SH,12.06,12.31,11.81,11.86,14112700.0,168787892.0
2022-11-23,601688.SH,11.46,11.64,11.45,11.51,25298600.0,290554421.0
2022-11-24,601688.SH,11.6,11.66,11.44,11.46,16990600.0,195901618.00000003
2022-11-24,601689.SH,47.42,48.56,46.36,46.74,4712500.0,221864500.0
2022-11-24,601698.SH,11.86,11.92,11.5,11.53,9948700.0,116350046.5
2022-11-25,601698.SH,11.54,11.8,11.46,11.62,6694100.0,77517677.99999999
2022-11-25,601689.SH,46.76,46.76,44.29,44.49,7951500.0,362787187.5
2022-11-25,601688.SH,11.46,11.63,11.44,11.61,30710800.0,354249078.0
2022-11-28,601698.SH,11.31,11.49,11.27,11.37,8315500.0,94297770.0
2022-11-28,601688.SH,11.43,11.48,11.26,11.35,43965400.0,500765906.0
2022-11-28,601689.SH,43.77,45.53,43.54,45.25,7758700.0,345339737.00000006
2022-11-29,601689.SH,45.22,45.23,41.69,42.91,20314500.0,895158442.5
2022-11-29,601688.SH,11.37,11.84,11.37,11.77,78621800.0,909654226.0
2022-11-29,601698.SH,11.33,11.5,11.33,11.49,4830200.0,55112582.0
2022-11-30,601698.SH,11.5,12.64,11.42,12.35,39971600.0,476661330.0
2022-11-30,601688.SH,11.7,11.87,11.66,11.68,49167500.0,574768075.0
2022-11-30,601689.SH,42.58,45.25,42.35,45.01,15110900.0,661781865.5
2022-12-01,601689.SH,45.45,47.05,45.45,45.79,13639100.0,622215742.0000001
2022-12-01,601688.SH,11.84,12.07,11.76,11.77,72887100.0,860432215.5
2022-12-01,601698.SH,12.35,12.79,12.18,12.36,37545000.0,463868475.0
2022-12-02,601688.SH,11.77,11.88,11.7,11.75,32995500.0,388027080.0
2022-12-02,601689.SH,45.32,45.87,43.46,43.72,11248100.0,500765411.99999994
2022-12-02,601698.SH,12.29,12.5,12.01,12.08,17367000.0,211616894.99999997
2022-12-05,601698.SH,12.16,13.19,12.13,13.06,36812400.0,464204364.0
2022-12-05,601689.SH,44.02,44.63,42.75,43.35,8588500.0,375188622.5
2022-12-05,601688.SH,11.88,12.1,11.86,12.07,74011800.0,886291305.0000001
2022-12-06,601688.SH,12.01,12.19,11.95,12.02,52453500.0,630228802.5
2022-12-06,601698.SH,12.88,12.99,12.66,12.72,20629500.0,264057600.0
2022-12-06,601689.SH,42.73,43.35,39.69,42.09,22764400.0,965438203.9999999
2022-12-07,601698.SH,12.72,12.82,12.29,12.55,17854900.0,225596661.50000003
2022-12-07,601689.SH,42.23,43.81,41.51,42.59,13871400.0,588286074.0
2022-12-07,601688.SH,11.98,12.04,11.79,11.86,44854700.0,534668024.0
2022-12-08,601689.SH,42.49,43.66,42.28,43.22,9410400.0,403282692.00000006
2022-12-08,601698.SH,12.4,12.57,12.33,12.4,9392800.0,116470720.0
2022-12-08,601688.SH,11.86,11.9,11.78,11.85,33689200.0,399385466.0
2022-12-09,601698.SH,12.34,12.4,12.09,12.21,15946100.0,195738377.5
2022-12-09,601688.SH,11.86,12.01,11.74,11.88,91855400.0,1090323598.0
2022-12-09,601689.SH,42.92,43.36,41.46,41.91,15629700.0,662933725.5
2022-12-12,601689.SH,41.89,41.95,40.45,41.8,10845200.0,453817394.0
2022-12-12,601688.SH,11.81,11.84,11.7,11.72,46044700.0,541715895.5
2022-12-12,601698.SH,12.22,12.35,12.04,12.14,9726000.0,118462680.0
2022-12-13,601698.SH,12.14,12.16,11.95,11.97,8199200.0,98841356.0
2022-12-13,601688.SH,11.74,11.79,11.69,11.76,21291200.0,250171600.0
2022-12-13,601689.SH,41.61,42.41,40.07,40.27,12332900.0,504908926.0
2022-12-14,601689.SH,40.49,41.81,40.15,41.09,8073900.0,329334381.00000006
2022-12-14,601688.SH,11.76,11.84,11.69,11.77,25577800.0,300922817.0
2022-12-14,601698.SH,12.04,12.1,11.91,11.92,6410800.0,76801384.0
2022-12-15,601698.SH,11.93,12.08,11.89,11.99,6761600.0,80868736.0
2022-12-15,601688.SH,11.83,11.85,11.64,11.68,26481800.0,311293559.0
2022-12-15,601689.SH,41.68,43.11,40.16,42.86,10856600.0,458908481.99999994
2022-12-16,601689.SH,42.69,42.95,40.82,41.11,8185600.0,342976640.0
2022-12-16,601688.SH,11.6,11.77,11.6,11.68,27618100.0,321474684.0
2022-12-16,601698.SH,11.85,11.88,11.59,11.66,8856900.0,104112859.49999999
2022-12-19,601688.SH,11.68,11.75,11.33,11.37,33212600.0,382775214.99999994
2022-12-19,601689.SH,40.99,42.84,40.76,41.17,9132100.0,375146668.0
2022-12-19,601698.SH,11.63,11.75,11.35,11.45,6050700.0,69825078.0
2022-12-20,601698.SH,11.47,11.56,11.32,11.41,4696600.0,53729104.00000001
2022-12-20,601688.SH,11.35,11.43,11.27,11.34,23072600.0,261758646.99999997
2022-12-20,601689.SH,41.11,41.49,40.19,40.89,5622000.0,230502000.0
2022-12-21,601698.SH,11.41,11.48,11.14,11.17,5299100.0,59826838.99999999
2022-12-21,601688.SH,11.34,11.38,11.23,11.28,16372700.0,185175236.99999997
2022-12-21,601689.SH,40.83,40.89,39.69,39.94,7324500.0,295799932.5
2022-12-22,601698.SH,11.26,11.29,11.11,11.19,3914500.0,43940262.5
2022-12-22,601688.SH,11.35,11.43,11.26,11.29,20783900.0,235273748.0
2022-12-22,601689.SH,40.21,40.58,39.2,39.71,5891300.0,235416348.0
2022-12-23,601688.SH,11.22,11.36,11.21,11.3,13967000.0,157268420.00000003
2022-12-23,601689.SH,39.42,39.61,37.82,38.34,10050100.0,390747888.0
2022-12-23,601698.SH,11.08,11.24,11.06,11.13,3421400.0,37994647.0
2022-12-26,601698.SH,11.06,11.33,11.06,11.23,5142700.0,57315391.5
2022-12-26,601688.SH,11.34,11.36,11.22,11.24,18854900.0,212871820.99999997
2022-12-26,601689.SH,38.62,41.55,38.08,41.35,12025300.0,480831620.5
2022-12-27,601688.SH,11.33,11.39,11.29,11.35,21913100.0,248494554.0
2022-12-27,601698.SH,11.31,11.37,11.24,11.29,4256400.0,48097320.0
2022-12-27,601689.SH,41.29,41.77,40.5,41.3,6396600.0,264147597.0
2022-12-28,601689.SH,40.35,40.57,38.64,38.82,17501000.0,692777085.0
2022-12-28,601698.SH,11.23,11.44,11.22,11.31,8440900.0,95128943.0
2022-12-28,601688.SH,11.34,11.41,11.29,11.34,22946900.0,260217846.0
2022-12-29,601689.SH,39.16,40.27,38.99,39.07,8772200.0,343124602.99999994
2022-12-29,601698.SH,11.29,11.39,11.09,11.28,4298100.0,48504058.5
2022-12-29,601688.SH,11.3,11.35,11.25,11.32,23849700.0,269740107.0
2022-12-30,601689.SH,39.67,40.22,39.05,39.07,8612900.0,339089873.00000006
2022-12-30,601698.SH,11.32,11.37,11.22,11.35,2938700.0,33310164.500000004
2022-12-30,601688.SH,11.37,11.43,11.34,11.38,21179600.0,240917950.0
2023-01-03,601689.SH,39.07,40.31,38.25,39.8,7292900.0,287595511.5
2023-01-03,601688.SH,10.63,10.7,10.4,10.62,180829000.0,1921308125.0
2023-01-03,601698.SH,11.23,11.78,11.22,11.73,9187200.0,105469056.0
2023-01-04,601698.SH,11.64,11.84,11.61,11.77,7436400.0,87043062.0
2023-01-04,601688.SH,10.55,10.68,10.52,10.63,84644800.0,896388432.0
2023-01-04,601689.SH,39.09,39.32,37.56,38.14,12837700.0,495727785.5
2023-01-05,601689.SH,38.68,40.55,38.04,39.86,13370400.0,525055607.99999994
2023-01-05,601688.SH,10.68,10.86,10.67,10.77,79948200.0,857444445.0
2023-01-05,601698.SH,11.78,11.86,11.71,11.79,6397200.0,75391002.0
2023-01-06,601698.SH,11.78,11.9,11.72,11.73,4785600.0,56254727.99999999
2023-01-06,601689.SH,39.43,42.69,39.29,42.55,18754500.0,768746954.9999999
2023-01-06,601688.SH,10.76,10.83,10.68,10.72,52659300.0,565560882.0
2023-01-09,601688.SH,10.76,10.92,10.73,10.84,61129600.0,660199680.0
2023-01-09,601689.SH,42.49,45.04,42.48,44.5,21513600.0,935734032.0000001
2023-01-09,601698.SH,11.78,11.84,11.68,11.7,4291100.0,50377513.99999999
2023-01-10,601698.SH,11.71,11.73,11.5,11.53,4150200.0,48225324.00000001
2023-01-10,601689.SH,44.63,45.85,43.79,45.29,10477300.0,471059408.0
2023-01-10,601688.SH,10.84,10.98,10.79,10.82,53364300.0,577935369.0
2023-01-11,601698.SH,11.5,11.59,11.33,11.35,5231700.0,59772172.5
2023-01-11,601689.SH,45.13,46.4,44.36,44.57,11444400.0,513281340.0
2023-01-11,601688.SH,10.83,10.85,10.73,10.74,35386200.0,381640167.0
2023-01-12,601688.SH,10.76,10.79,10.68,10.76,29655600.0,319094256.0
2023-01-12,601698.SH,11.45,11.58,11.41,11.54,5112900.0,58772785.49999999
2023-01-12,601689.SH,44.57,45.69,43.74,44.75,8507300.0,379936018.0
2023-01-13,601689.SH,45.35,46.22,44.51,44.51,11119600.0,499603628.0
2023-01-13,601698.SH,11.54,11.59,11.44,11.56,3146500.0,36342075.0
2023-01-13,601688.SH,10.78,10.93,10.74,10.9,56629300.0,613861612.0
2023-01-16,601688.SH,10.93,11.55,10.89,11.35,148911100.0,1658869654.0
2023-01-16,601698.SH,11.58,12.18,11.56,12.1,13817100.0,163594464.0
2023-01-16,601689.SH,44.89,44.89,43.07,43.24,13594700.0,599050455.5
2023-01-17,601698.SH,12.08,12.08,11.92,11.95,5765100.0,69267676.5
2023-01-17,601688.SH,11.3,11.58,11.24,11.55,87654000.0,1001446950.0000001
2023-01-17,601689.SH,43.22,43.64,42.85,43.39,7167200.0,310375596.0
2023-01-18,601688.SH,11.47,11.6,11.46,11.49,53707500.0,616562100.0
2023-01-18,601689.SH,43.57,43.69,42.95,43.15,5777400.0,250508064.0
2023-01-18,601698.SH,12.03,12.21,11.95,12.15,7276300.0,87970467.0
2023-01-19,601698.SH,12.03,12.19,12.03,12.19,4892400.0,59246964.0
2023-01-19,601689.SH,43.19,43.35,42.42,42.75,6863400.0,294920298.0
2023-01-19,601688.SH,11.44,11.66,11.42,11.66,69992700.0,808415685.0
2023-01-20,601688.SH,11.67,11.77,11.51,11.73,63539100.0,743407470.0
2023-01-20,601689.SH,42.75,43.42,42.33,43.24,7753000.0,333340235.00000006
2023-01-20,601698.SH,12.19,12.32,12.15,12.24,5841600.0,71355144.0
2023-01-30,601698.SH,12.31,12.48,12.3,12.35,11076300.0,136570779.0
2023-01-30,601689.SH,47.02,47.56,46.92,47.56,5700600.0,269581374.00000006
2023-01-30,601688.SH,11.87,11.98,11.62,11.64,74600000.0,876922999.9999999
2023-01-31,601688.SH,11.65,11.73,11.54,11.59,45838700.0,532645694.00000006
2023-01-31,601698.SH,12.3,12.48,12.3,12.41,7161100.0,88475390.5
2023-01-31,601689.SH,47.78,48.64,46.46,47.41,18375100.0,874562884.5
2023-02-01,601688.SH,11.63,11.85,11.59,11.81,58037300.0,680197156.0
2023-02-01,601698.SH,12.43,12.58,12.37,12.55,7630100.0,95299949.0
2023-02-01,601689.SH,48.03,49.71,47.35,48.54,15661400.0,756210699.0
2023-02-02,601688.SH,11.99,12.03,11.62,11.64,89534800.0,1057853662.0000001
2023-02-02,601698.SH,12.58,12.78,12.47,12.65,9528600.0,120203289.0
2023-02-02,601689.SH,48.69,49.08,47.86,47.91,6356200.0,307004460.0
2023-02-03,601688.SH,11.59,11.64,11.43,11.52,52841300.0,610581221.5
2023-02-03,601689.SH,47.89,48.1,45.87,46.98,8654400.0,410521464.0
2023-02-03,601698.SH,12.53,12.67,12.38,12.55,10043100.0,125940473.99999999
2023-02-06,601688.SH,11.44,11.48,11.32,11.34,49453800.0,563278782.0
2023-02-06,601698.SH,12.58,12.8,12.44,12.6,10852500.0,136632975.0
2023-02-06,601689.SH,46.69,47.74,45.7,46.22,9408800.0,437085804.0
2023-02-07,601698.SH,12.62,12.64,12.42,12.48,6203800.0,77857690.0
2023-02-07,601689.SH,46.41,48.2,45.92,47.38,13316000.0,624453820.0
2023-02-07,601688.SH,11.41,11.46,11.3,11.35,42113000.0,479245939.99999994
2023-02-08,601698.SH,12.49,12.6,12.3,12.34,5894700.0,73182700.5
2023-02-08,601689.SH,47.28,48.12,46.58,47.76,6779700.0,322171344.0
2023-02-08,601688.SH,11.35,11.36,11.26,11.26,29459300.0,333037386.5
2023-02-09,601688.SH,11.25,11.37,11.23,11.35,35370400.0,399685520.0
2023-02-09,601689.SH,47.6,49.43,47.29,48.58,10661600.0,512716344.00000006
2023-02-09,601698.SH,12.37,12.62,12.32,12.6,6969500.0,87014207.5
2023-02-10,601698.SH,12.62,12.75,12.5,12.53,6027700.0,75798327.5
2023-02-10,601689.SH,48.51,49.0,47.87,48.36,6918300.0,335087860.5
2023-02-10,601688.SH,11.31,11.34,11.26,11.31,23988300.0,271307673.0
2023-02-13,601688.SH,11.26,11.38,11.26,11.33,38758500.0,437777257.5
2023-02-13,601689.SH,47.69,48.66,47.16,47.86,7475400.0,357137235.0
2023-02-13,601698.SH,12.65,12.86,12.57,12.67,10133000.0,128283780.0
2023-02-14,601698.SH,12.73,12.83,12.52,12.59,6122000.0,77504520.0
2023-02-14,601689.SH,47.62,48.61,47.16,47.44,5338300.0,253729399.0
2023-02-14,601688.SH,11.35,11.38,11.27,11.32,31091800.0,352425553.0
2023-02-15,601689.SH,48.02,48.51,46.68,47.16,5394500.0,256724255.00000003
2023-02-15,601688.SH,11.32,11.34,11.24,11.25,27866900.0,314477966.5
2023-02-15,601698.SH,12.64,12.98,12.54,12.84,11697500.0,149026150.0
2023-02-16,601698.SH,12.78,12.98,12.42,12.6,12437900.0,157836951.0
2023-02-16,601688.SH,11.26,11.43,11.06,11.14,62563100.0,700706720.0
2023-02-16,601689.SH,47.36,47.5,46.42,46.89,5748100.0,270879212.5
2023-02-17,601688.SH,11.14,11.21,11.02,11.04,37622300.0,417231307.0
2023-02-17,601689.SH,46.89,47.29,45.95,46.27,4613000.0,214873540.0
2023-02-17,601698.SH,12.52,12.69,12.26,12.32,8147400.0,101190708.0
2023-02-20,601698.SH,12.47,12.47,12.19,12.41,11958200.0,148760008.00000003
2023-02-20,601688.SH,11.15,11.43,11.12,11.42,63565900.0,717341181.5
2023-02-20,601689.SH,46.02,46.26,44.76,45.07,11557600.0,526390892.0
2023-02-21,601689.SH,45.09,46.36,43.92,45.68,8110100.0,368076888.50000006
2023-02-21,601688.SH,11.42,11.47,11.34,11.44,45910400.0,524755872.0
2023-02-21,601698.SH,12.46,13.42,12.45,12.87,26542500.0,336160762.5
2023-02-22,601698.SH,12.75,14.06,12.73,14.06,61337500.0,822229187.5000001
2023-02-22,601688.SH,11.38,11.45,11.32,11.35,30579700.0,347538290.5
2023-02-22,601689.SH,45.35,45.72,44.83,45.16,5019700.0,227166523.49999997
2023-02-23,601688.SH,11.36,11.51,11.35,11.39,37473800.0,426264475.0
2023-02-23,601689.SH,45.17,45.47,44.85,45.1,2958400.0,133527384.00000001
2023-02-23,601698.SH,13.73,13.9,13.32,13.4,54109900.0,734000793.5000001
2023-02-24,601698.SH,13.41,13.65,13.32,13.51,29256900.0,393797874.0
2023-02-24,601689.SH,44.92,45.22,44.3,44.63,3265600.0,146217240.00000003
2023-02-24,601688.SH,11.39,11.41,11.18,11.22,40908400.0,462469462.0
2023-02-27,601689.SH,44.36,45.01,43.96,44.65,4724500.0,210263872.49999997
2023-02-27,601688.SH,11.15,11.22,11.11,11.15,22943600.0,255821140.0
2023-02-27,601698.SH,13.42,14.03,13.38,13.7,37123600.0,503396015.99999994
2023-02-28,601698.SH,13.62,13.75,13.16,13.48,29788600.0,403635530.0
2023-02-28,601688.SH,11.17,11.26,11.12,11.26,26654900.0,298934703.5
2023-02-28,601689.SH,45.08,45.46,44.35,44.69,5196400.0,233240414.0
2023-03-01,601688.SH,11.23,11.5,11.19,11.43,51877300.0,587769809.0
2023-03-01,601689.SH,44.65,44.75,43.37,43.8,8403000.0,371622674.99999994
2023-03-01,601698.SH,13.48,14.49,13.38,14.31,57795000.0,803061525.0
2023-03-02,601698.SH,14.2,15.74,14.12,15.74,116058400.0,1737394247.9999998
2023-03-02,601688.SH,11.42,11.57,11.42,11.52,50324600.0,577223162.0
2023-03-02,601689.SH,43.35,43.59,40.95,41.49,17837200.0,756654024.0
2023-03-03,601689.SH,41.46,41.88,40.61,40.69,10870400.0,446501680.00000006
2023-03-03,601688.SH,11.57,11.6,11.47,11.59,41169200.0,476739336.0
2023-03-03,601698.SH,15.63,17.31,15.38,16.92,129724900.0,2111272747.5000002
2023-03-06,601698.SH,17.2,18.61,17.06,18.61,132970900.0,2380843964.5
2023-03-06,601688.SH,11.6,11.62,11.47,11.5,36589300.0,422606415.0
2023-03-06,601689.SH,40.81,40.87,39.28,40.35,14181300.0,575477154.0
2023-03-07,601689.SH,40.35,40.35,39.15,39.19,9597300.0,381684620.99999994
2023-03-07,601688.SH,11.48,11.6,11.31,11.33,45345800.0,517168849.00000006
2023-03-07,601698.SH,18.45,18.96,17.93,18.58,125474700.0,2323164070.5
2023-03-08,601698.SH,18.3,18.65,17.69,18.43,87778200.0,1612046643.0000002
2023-03-08,601689.SH,39.19,39.45,38.82,39.11,5288900.0,207060435.0
2023-03-08,601688.SH,11.32,11.35,11.28,11.35,24114300.0,273335590.5
2023-03-09,601689.SH,39.09,39.22,38.3,38.43,7716400.0,299087664.00000006
2023-03-09,601688.SH,11.35,11.37,11.27,11.28,23239400.0,262953811.0
2023-03-09,601698.SH,18.47,20.27,18.14,20.27,138526500.0,2683258304.9999995
2023-03-10,601689.SH,38.08,38.29,36.08,36.19,21462600.0,797013651.0
2023-03-10,601688.SH,11.23,11.26,11.09,11.09,38403300.0,428580828.0
2023-03-10,601698.SH,20.27,22.03,20.04,21.2,142508900.0,2954922041.5
2023-03-13,601688.SH,11.09,11.17,11.02,11.13,29432300.0,326992853.0
2023-03-13,601698.SH,20.95,23.32,20.36,23.32,124167700.0,2748452039.4999995
2023-03-13,601689.SH,36.22,36.88,36.22,36.63,10045400.0,365903695.0
2023-03-14,601688.SH,11.08,11.09,10.87,10.93,43459400.0,478270696.99999994
2023-03-14,601698.SH,23.08,25.54,22.36,22.63,193637300.0,4425580491.499999
2023-03-14,601689.SH,36.68,37.28,34.95,36.67,15812300.0,579916102.5
2023-03-15,601698.SH,22.66,24.1,22.35,24.07,160125400.0,3741329971.0000005
2023-03-15,601689.SH,37.03,38.64,36.6,36.78,13089000.0,483049545.0
2023-03-15,601688.SH,11.01,11.05,10.98,11.01,23992300.0,264155223.0
2023-03-16,601688.SH,10.93,11.01,10.89,10.94,27288400.0,298398653.99999994
2023-03-16,601689.SH,36.64,37.12,35.88,35.88,6354900.0,230428674.00000003
2023-03-16,601698.SH,24.06,25.05,23.58,25.01,150628700.0,3695675154.5
2023-03-17,601698.SH,24.65,25.25,23.88,24.79,111612200.0,2759053584.0
2023-03-17,601688.SH,11.04,11.21,11.01,11.11,43468700.0,481415852.49999994
2023-03-17,601689.SH,36.33,36.42,35.37,35.62,5929500.0,213313762.49999997
2023-03-20,601698.SH,24.87,25.04,22.77,22.96,123053700.0,2942829235.5
2023-03-20,601688.SH,11.13,11.22,11.01,11.03,31060500.0,344150340.0
2023-03-20,601689.SH,35.61,37.64,34.91,36.95,11496800.0,417103904.0
2023-03-21,601688.SH,11.1,11.12,11.01,11.06,27880900.0,308920372.0
2023-03-21,601689.SH,36.88,39.0,36.77,38.8,19100400.0,722759136.0000001
2023-03-21,601698.SH,22.91,23.15,21.56,22.07,135159900.0,3039746151.0000005
2023-03-22,601689.SH,39.41,40.74,38.95,39.22,18161800.0,714031167.0
2023-03-22,601688.SH,11.1,11.15,11.04,11.1,30187000.0,335075700.0
2023-03-22,601698.SH,21.83,22.48,21.4,22.22,108675600.0,2393580090.0
2023-03-23,601698.SH,21.85,24.44,21.72,24.44,151668400.0,3510365118.0000005
2023-03-23,601689.SH,39.03,39.33,37.94,38.4,10423200.0,403534188.00000006
2023-03-23,601688.SH,11.08,11.25,11.05,11.24,33216000.0,370690560.0
2023-03-24,601698.SH,24.35,24.35,22.0,22.18,162786800.0,3787234902.0
2023-03-24,601688.SH,11.25,11.29,11.18,11.27,32423500.0,365088610.0
2023-03-24,601689.SH,38.14,38.82,37.84,38.46,7304600.0,279766180.0
2023-03-27,601689.SH,38.22,39.46,37.48,38.48,11783700.0,451904894.99999994
2023-03-27,601688.SH,11.26,11.31,11.12,11.26,35235100.0,396747226.0
2023-03-27,601698.SH,21.28,22.43,21.06,21.84,88011500.0,1897527940.0000002
2023-03-28,601698.SH,21.87,22.74,21.58,21.96,87149400.0,1909879101.0
2023-03-28,601688.SH,11.3,11.31,11.18,11.21,24235700.0,272772803.5
2023-03-28,601689.SH,38.82,42.09,38.82,41.61,23916300.0,961794004.5000001
2023-03-29,601698.SH,21.07,22.65,20.12,22.28,116244300.0,2519595202.5
2023-03-29,601688.SH,11.23,11.25,11.1,11.13,20507300.0,229271614.0
2023-03-29,601689.SH,41.59,44.02,41.37,43.75,21410900.0,913603103.0
2023-03-30,601688.SH,11.13,11.22,11.04,11.17,25143600.0,280351140.0
2023-03-30,601698.SH,21.85,22.34,20.92,21.01,77350600.0,1657623358.0
2023-03-30,601689.SH,43.09,43.36,42.39,42.69,9449200.0,405276188.0
2023-03-31,601698.SH,20.75,21.53,20.62,21.09,61901100.0,1294971012.0
2023-03-31,601688.SH,11.25,11.46,11.22,11.41,61004500.0,691180985.0
2023-03-31,601689.SH,43.02,43.85,42.43,42.77,7558600.0,324226147.0
2023-04-03,601688.SH,11.4,11.77,11.36,11.75,113545100.0,1314284532.5
2023-04-03,601689.SH,42.49,42.77,40.63,40.77,18373600.0,764892968.0
2023-04-03,601698.SH,21.09,22.52,20.94,22.3,106438500.0,2309183257.5
2023-04-04,601688.SH,11.75,12.45,11.71,12.26,213702100.0,2565493710.5
2023-04-04,601698.SH,21.95,23.66,21.73,22.74,125186200.0,2797285639.0
2023-04-04,601689.SH,40.69,40.69,36.85,39.3,32256600.0,1290102717.0
2023-04-06,601688.SH,12.26,12.42,12.14,12.33,107027700.0,1315905571.5
2023-04-06,601698.SH,21.93,22.07,20.87,21.57,78330700.0,1703692725.0
2023-04-06,601689.SH,38.42,39.35,38.03,38.57,8399400.0,323334903.00000006
2023-04-07,601698.SH,21.07,21.91,21.07,21.42,51328100.0,1090465484.5
2023-04-07,601689.SH,38.24,40.13,38.16,39.36,8850900.0,343414920.0
2023-04-07,601688.SH,12.32,12.44,12.22,12.39,82086800.0,1014182414.0
2023-04-10,601689.SH,39.37,39.37,36.96,38.54,14452900.0,563012719.5
2023-04-10,601698.SH,21.22,22.17,20.87,21.02,65111300.0,1375150655.9999998
2023-04-10,601688.SH,12.49,12.6,12.28,12.28,94765900.0,1173675671.5
2023-04-11,601688.SH,12.4,12.67,12.31,12.39,96729900.0,1198967110.5
2023-04-11,601698.SH,20.7,20.8,19.38,19.86,80888000.0,1640408640.0
2023-04-11,601689.SH,38.64,39.07,38.02,38.75,8486700.0,328392856.5
2023-04-12,601698.SH,19.89,20.63,19.78,20.22,61844700.0,1240295458.5
2023-04-12,601689.SH,38.87,39.11,37.88,38.35,7069200.0,272941812.0
2023-04-12,601688.SH,12.28,12.54,12.26,12.43,73328700.0,905976088.5
2023-04-13,601689.SH,38.28,38.59,37.58,37.9,8262400.0,314714816.0
2023-04-13,601688.SH,12.38,12.49,12.21,12.26,72772300.0,896554736.0
2023-04-13,601698.SH,20.03,20.41,19.64,19.76,44946000.0,894200670.0000001
2023-04-14,601688.SH,12.31,12.39,12.22,12.29,44732600.0,550210980.0
2023-04-14,601689.SH,37.84,40.01,37.84,39.23,12371800.0,476747312.99999994
2023-04-14,601698.SH,19.72,20.32,19.65,19.88,38984500.0,771893099.9999999
2023-04-17,601698.SH,19.79,20.44,19.57,20.11,53043800.0,1058223810.0
2023-04-17,601688.SH,12.3,13.02,12.27,13.02,173963300.0,2202375378.0
2023-04-17,601689.SH,39.75,40.61,39.16,39.43,8800300.0,348403877.00000006
2023-04-18,601698.SH,19.9,20.83,19.2,20.4,72199600.0,1454821940.0
2023-04-18,601689.SH,39.69,40.06,38.22,38.35,10201800.0,398074235.99999994
2023-04-18,601688.SH,12.86,13.02,12.73,12.87,96568100.0,1242348606.4999998
2023-04-19,601689.SH,38.42,38.64,36.47,37.31,15041500.0,569546397.5
2023-04-19,601688.SH,12.84,12.85,12.65,12.68,56927400.0,726393624.0
2023-04-19,601698.SH,20.15,21.28,20.01,20.97,85496500.0,1757808040.0
2023-04-20,601698.SH,21.77,22.04,20.92,21.03,87759700.0,1878057579.9999998
2023-04-20,601688.SH,12.7,12.9,12.6,12.87,70178400.0,897230844.0
2023-04-20,601689.SH,37.14,37.14,35.82,36.3,9482900.0,348212088.0
2023-04-21,601689.SH,36.19,36.19,34.47,34.58,17435000.0,616937475.0
2023-04-21,601688.SH,12.87,12.87,12.44,12.44,79584200.0,1007138051.0
2023-04-21,601698.SH,20.48,23.14,20.32,22.7,158239700.0,3416395123.0
2023-04-24,601698.SH,20.44,20.97,20.44,20.44,135689900.0,2773501556.0
2023-04-24,601688.SH,12.49,12.55,12.22,12.31,57764000.0,716273600.0
2023-04-24,601689.SH,34.44,35.94,33.43,35.02,12448100.0,432322513.00000006
2023-04-25,601698.SH,19.39,19.68,18.39,18.65,150787100.0,2867970642.0
2023-04-25,601688.SH,12.36,12.47,12.18,12.35,47303200.0,584431036.0
2023-04-25,601689.SH,34.9,34.98,33.31,33.82,12457500.0,428039700.0
2023-04-26,601689.SH,33.82,35.75,33.82,34.83,13793000.0,473444725.00000006
2023-04-26,601698.SH,18.59,18.86,17.84,17.93,84031400.0,1534413363.9999998
2023-04-26,601688.SH,12.28,12.32,12.08,12.14,47153600.0,575745456.0
2023-04-27,601698.SH,17.79,18.04,17.03,17.26,72481300.0,1270234782.5
2023-04-27,601688.SH,12.15,12.39,12.04,12.27,51700900.0,631267989.0
2023-04-27,601689.SH,34.68,35.4,34.3,34.8,7255800.0,252066491.99999997
2023-04-28,601688.SH,12.27,12.68,12.25,12.55,75979100.0,942900631.0
2023-04-28,601698.SH,17.32,17.85,17.32,17.76,54379400.0,953814676.0
2023-04-28,601689.SH,35.08,35.24,33.35,33.75,9642500.0,331846637.5
2023-05-04,601698.SH,17.79,18.2,17.59,17.88,53299900.0,950603716.5
2023-05-04,601689.SH,33.76,34.84,33.56,34.12,9016000.0,306003040.0
2023-05-04,601688.SH,12.57,12.84,12.4,12.81,88311400.0,1120671666.0
2023-05-05,601689.SH,34.06,34.06,33.18,33.26,7347900.0,247330313.99999997
2023-05-05,601698.SH,17.72,18.12,17.28,17.4,45801600.0,804276096.0
2023-05-05,601688.SH,12.89,13.4,12.85,13.01,149656700.0,1938054265.0
2023-05-08,601698.SH,17.54,18.89,17.54,18.56,91386000.0,1649517299.9999998
2023-05-08,601689.SH,33.48,34.18,33.14,33.3,7178600.0,239693454.0
2023-05-08,601688.SH,13.11,13.45,12.85,13.27,169019200.0,2229363248.0
2023-05-09,601688.SH,13.4,14.22,13.37,13.5,278787800.0,3749695910.0
2023-05-09,601689.SH,33.18,33.48,32.62,33.0,6470400.0,214105536.00000003
2023-05-09,601698.SH,18.44,18.96,18.04,18.12,65764300.0,1202171404.0
2023-05-10,601689.SH,32.82,35.44,32.78,35.29,19504400.0,664222342.0
2023-05-10,601698.SH,17.94,19.2,17.6,18.76,90405300.0,1658937255.0000002
2023-05-10,601688.SH,13.5,13.58,12.87,12.94,163451100.0,2160823542.0
2023-05-11,601689.SH,35.28,37.4,35.28,36.17,20331200.0,726332120.0
2023-05-11,601698.SH,18.33,18.39,17.21,17.86,69369400.0,1255239293.0
2023-05-11,601688.SH,13.06,13.26,12.96,13.02,66354700.0,865265288.0
2023-05-12,601689.SH,36.2,36.84,35.12,35.21,7901700.0,282130198.5
2023-05-12,601698.SH,17.87,17.92,17.34,17.42,32937000.0,581173365.0000001
2023-05-12,601688.SH,13.08,13.15,12.87,12.89,57744700.0,749814929.5
2023-05-15,601688.SH,12.9,13.11,12.5,13.03,108756000.0,1410021540.0
2023-05-15,601689.SH,35.21,36.89,35.0,36.52,10734200.0,384982083.0
2023-05-15,601698.SH,17.49,17.59,16.83,17.57,40166700.0,704122251.0
2023-05-16,601698.SH,17.49,17.57,16.7,16.7,35614600.0,608831587.0
2023-05-16,601689.SH,36.51,36.95,35.92,36.08,6045100.0,219406904.5
2023-05-16,601688.SH,13.03,13.18,12.91,12.95,59299600.0,770301803.9999999
2023-05-17,601698.SH,16.68,17.13,16.61,16.94,29159200.0,490166152.00000006
2023-05-17,601689.SH,36.44,36.9,35.56,35.83,5947900.0,214927366.5
2023-05-17,601688.SH,12.93,12.99,12.83,12.87,38780000.0,500261999.99999994
2023-05-18,601698.SH,16.97,17.53,16.86,17.2,39675300.0,677852500.5
2023-05-18,601689.SH,36.47,38.64,36.47,37.59,20013300.0,741092499.0
2023-05-18,601688.SH,12.9,12.99,12.78,12.87,41597100.0,535978633.5
2023-05-19,601698.SH,17.15,17.87,16.9,17.33,42441100.0,731684563.9999999
2023-05-19,601689.SH,37.55,37.74,36.68,36.92,8664000.0,322604040.0
2023-05-19,601688.SH,12.86,12.86,12.56,12.6,62471100.0,795257103.0
2023-05-22,601698.SH,17.15,17.43,16.98,17.08,26359400.0,451141130.99999994
2023-05-22,601688.SH,12.54,12.58,12.41,12.45,50196400.0,627204018.0
2023-05-22,601689.SH,37.36,39.49,37.36,38.26,21298200.0,805284942.0
2023-05-23,601688.SH,12.45,12.52,12.21,12.21,47130700.0,581121531.0
2023-05-23,601698.SH,17.13,17.23,16.71,16.73,21526200.0,364438566.0
2023-05-23,601689.SH,38.16,39.15,37.74,37.88,8760500.0,333074209.99999994
2023-05-24,601689.SH,37.7,38.59,37.28,37.68,8156200.0,307407178.0
2023-05-24,601698.SH,16.61,17.14,16.49,16.94,27136700.0,455218142.49999994
2023-05-24,601688.SH,12.19,12.21,11.98,11.98,62245200.0,752233242.0
2023-05-25,601688.SH,11.95,12.01,11.82,11.94,51234000.0,611990130.0
2023-05-25,601689.SH,37.5,38.08,36.8,37.42,5355900.0,200632014.0
2023-05-25,601698.SH,16.74,17.08,16.39,16.92,30649500.0,515831084.99999994
2023-05-26,601688.SH,11.97,12.11,11.89,12.03,38060900.0,456730800.0
2023-05-26,601689.SH,38.28,40.57,37.24,39.85,17849200.0,697278998.0
2023-05-26,601698.SH,16.86,17.31,16.67,17.23,38256200.0,652076929.0000001
2023-05-29,601689.SH,40.02,40.55,38.24,39.34,16148500.0,640772480.0000001
2023-05-29,601688.SH,12.02,12.15,11.97,12.08,43853200.0,528431060.00000006
2023-05-29,601698.SH,17.36,17.41,17.01,17.15,33463400.0,577410967.0
2023-05-30,601689.SH,39.37,40.52,38.87,40.03,15904400.0,631404680.0
2023-05-30,601698.SH,17.03,18.22,16.94,17.9,73528600.0,1284176999.0
2023-05-30,601688.SH,12.09,12.18,11.94,12.09,45182300.0,546254007.0
2023-05-31,601698.SH,17.76,18.01,17.57,17.83,42058400.0,748429228.0000001
2023-05-31,601688.SH,12.09,12.18,12.02,12.09,40202700.0,486050643.0
2023-05-31,601689.SH,39.82,39.87,37.48,38.77,14796400.0,581424538.0
2023-06-01,601689.SH,38.88,38.88,37.07,37.96,12622300.0,484948766.0
2023-06-01,601698.SH,17.76,18.46,17.4,18.23,70538200.0,1269334909.0
2023-06-01,601688.SH,12.11,12.31,12.06,12.27,52189100.0,636185129.0
2023-06-02,601698.SH,18.38,18.49,18.02,18.2,42899000.0,784622710.0
2023-06-02,601689.SH,37.77,41.08,37.75,40.06,18687800.0,727235737.0000001
2023-06-02,601688.SH,12.33,12.38,12.2,12.24,39914100.0,490344718.5
2023-06-05,601689.SH,40.4,42.36,39.7,41.86,18727400.0,770257961.9999999
2023-06-05,601688.SH,12.24,12.28,12.1,12.14,32399100.0,394945029.00000006
2023-06-05,601698.SH,18.2,18.74,17.95,18.01,53673800.0,971764149.0
2023-06-06,601688.SH,12.14,12.32,11.99,12.02,36474600.0,440613168.0
2023-06-06,601698.SH,17.95,18.14,17.36,17.49,41111300.0,728492236.0
2023-06-06,601689.SH,41.84,42.3,40.96,41.34,7746000.0,322156140.0
2023-06-07,601689.SH,41.11,41.65,40.63,40.72,7223000.0,295529045.0
2023-06-07,601688.SH,12.07,12.18,12.01,12.09,32715200.0,395199616.0
2023-06-07,601698.SH,17.31,17.75,17.05,17.47,28028400.0,487413876.0
2023-06-08,601689.SH,40.89,41.78,40.79,41.0,6171900.0,252708445.5
2023-06-08,601688.SH,12.1,12.28,11.97,12.24,47547600.0,578654292.0
2023-06-08,601698.SH,17.36,17.44,16.98,17.22,26762500.0,462723625.0
2023-06-09,601689.SH,41.36,42.9,41.36,42.68,10849500.0,455895989.99999994
2023-06-09,601688.SH,12.26,12.45,12.2,12.29,111034200.0,1362944804.9999998
2023-06-09,601698.SH,17.39,17.67,17.05,17.59,32811600.0,573874884.0000001
2023-06-12,601688.SH,12.34,12.34,12.0,12.07,70998100.0,866531810.5
2023-06-12,601689.SH,42.03,46.95,42.03,45.63,18449100.0,808624053.0
2023-06-12,601698.SH,17.68,17.89,17.36,17.37,34169700.0,598823992.5
2023-06-13,601689.SH,46.03,47.95,44.89,45.69,13110300.0,601238358.0
2023-06-13,601698.SH,17.3,17.89,17.11,17.85,40528900.0,712295417.5000001
2023-06-13,601688.SH,12.07,12.26,12.07,12.22,45704000.0,555075080.0
2023-06-14,601698.SH,17.8,18.15,17.66,17.86,36449000.0,649885669.9999999
2023-06-14,601688.SH,12.3,12.59,12.29,12.32,70812200.0,871698182.0
2023-06-14,601689.SH,45.69,46.37,44.7,45.18,10668200.0,484709667.0
2023-06-15,601698.SH,17.86,17.87,17.32,17.46,30473100.0,538154946.0
2023-06-15,601688.SH,12.34,12.6,12.32,12.49,57409200.0,712735218.0
2023-06-15,601689.SH,45.81,49.7,45.23,48.55,16473100.0,777200858.0
2023-06-16,601698.SH,17.46,18.4,17.46,18.22,65418900.0,1167073176.0
2023-06-16,601688.SH,12.53,12.66,12.43,12.57,58476500.0,733880075.0
2023-06-16,601689.SH,48.38,50.98,48.3,50.84,14973200.0,742820452.0
2023-06-19,601688.SH,12.57,12.58,12.43,12.5,35836700.0,449213034.5
2023-06-19,601698.SH,18.13,19.03,18.13,18.73,68610600.0,1264493358.0
2023-06-19,601689.SH,50.1,53.28,50.1,52.04,14291900.0,729887333.0
2023-06-20,601689.SH,51.9,55.64,51.22,54.17,21412500.0,1135611937.5
2023-06-20,601688.SH,12.46,12.74,12.44,12.61,56046400.0,702541624.0
2023-06-20,601698.SH,18.73,18.91,18.26,18.77,52212900.0,978991875.0
2023-06-21,601698.SH,18.8,20.24,18.65,19.47,108116400.0,2068807313.9999998
2023-06-21,601689.SH,54.71,56.59,52.04,52.5,20266600.0,1086391093.0
2023-06-21,601688.SH,12.54,12.59,12.28,12.3,49620800.0,616290336.0
2023-06-26,601698.SH,19.12,20.92,19.02,20.43,100629500.0,1989948362.4999998
2023-06-26,601689.SH,52.17,54.15,50.34,50.97,21316000.0,1099266120.0
2023-06-26,601688.SH,12.21,12.21,11.99,12.05,42789300.0,519034209.00000006
2023-06-27,601688.SH,12.09,12.14,12.03,12.08,32969500.0,398436407.5
2023-06-27,601698.SH,20.22,22.4,19.57,21.45,119542700.0,2490672154.5
2023-06-27,601689.SH,51.01,51.4,49.38,50.7,16077700.0,817631433.5000001
2023-06-28,601688.SH,12.09,12.16,11.99,12.11,24749600.0,299470160.0
2023-06-28,601689.SH,50.7,51.69,48.73,50.59,17068900.0,864454440.5
2023-06-28,601698.SH,21.3,22.17,20.47,20.68,102385700.0,2149075843.0
2023-06-29,601689.SH,50.59,54.37,50.43,53.35,21874600.0,1136822962.0
2023-06-29,601698.SH,20.27,20.37,19.43,19.8,91329000.0,1829776515.0
2023-06-29,601688.SH,12.1,12.14,11.91,12.02,34528800.0,416417327.99999994
2023-06-30,601689.SH,52.8,54.27,52.56,53.84,13329000.0,710702280.0
2023-06-30,601688.SH,12.02,12.36,12.0,12.3,42704600.0,519287936.0
2023-06-30,601698.SH,19.65,20.31,19.52,19.8,64012800.0,1262652480.0
2023-07-03,601698.SH,19.69,20.4,19.58,19.83,53284400.0,1052899743.9999999
2023-07-03,601688.SH,12.29,12.65,12.26,12.58,54438900.0,676947721.4999999
2023-07-03,601689.SH,54.04,56.04,50.62,50.98,21155000.0,1110849050.0
2023-07-04,601698.SH,19.87,21.61,19.09,20.91,114299500.0,2330566805.0
2023-07-04,601688.SH,12.53,12.65,12.49,12.57,31967200.0,401188360.0
2023-07-04,601689.SH,52.04,54.11,50.9,53.15,15522000.0,816379590.0
2023-07-05,601689.SH,52.77,54.89,51.88,52.3,14741800.0,774460463.0
2023-07-05,601698.SH,20.52,21.1,19.71,19.72,78390300.0,1577212835.9999998
2023-07-05,601688.SH,12.57,12.61,12.42,12.46,24841700.0,310893875.5
2023-07-06,601689.SH,51.97,52.83,50.88,51.97,14032200.0,729253434.0
2023-07-06,601688.SH,12.41,12.61,12.36,12.48,35002300.0,435603623.5
2023-07-06,601698.SH,19.65,19.87,19.37,19.49,41380000.0,809806600.0
2023-07-07,601688.SH,12.45,12.75,12.4,12.69,55157800.0,693333546.0
2023-07-07,601689.SH,51.72,51.84,49.63,49.92,15425700.0,783934074.0
2023-07-07,601698.SH,19.52,19.52,18.76,18.87,37111200.0,712349484.0
2023-07-10,601698.SH,19.1,20.02,19.02,19.62,54832300.0,1061553328.0
2023-07-10,601689.SH,50.02,50.91,47.83,48.57,21129800.0,1041593491.0
2023-07-10,601688.SH,12.77,12.8,12.66,12.73,36662100.0,467441775.0
2023-07-11,601698.SH,19.53,20.02,19.41,19.73,45291900.0,889079997.0000001
2023-07-11,601689.SH,49.19,51.57,48.37,51.21,18350200.0,921180040.0
2023-07-11,601688.SH,12.72,12.75,12.66,12.73,24288300.0,309068617.50000006
2023-07-12,601689.SH,51.34,51.92,49.45,49.54,11159300.0,562875092.0
2023-07-12,601688.SH,12.73,12.77,12.57,12.57,25800800.0,326380120.0
2023-07-12,601698.SH,19.72,20.0,19.5,19.7,41155100.0,811167021.0
2023-07-13,601698.SH,19.62,19.8,18.88,19.23,48416900.0,940498282.5
2023-07-13,601688.SH,12.66,13.02,12.66,12.98,72573200.0,930388424.0
2023-07-13,601689.SH,49.94,50.37,48.92,49.67,9192100.0,457812540.5
2023-07-14,601689.SH,49.11,51.16,49.11,49.84,12080500.0,597682737.5
2023-07-14,601688.SH,13.01,13.1,12.96,13.0,35240700.0,458305303.49999994
2023-07-14,601698.SH,19.22,19.9,19.03,19.63,46519500.0,903641287.4999999
2023-07-17,601698.SH,19.52,20.02,19.35,19.73,38665800.0,758816325.0
2023-07-17,601689.SH,50.46,50.59,47.94,49.65,9095300.0,455265241.5
2023-07-17,601688.SH,12.96,12.96,12.79,12.91,30746200.0,397702097.0
2023-07-18,601689.SH,49.65,51.99,49.12,51.27,17729600.0,894635616.0
2023-07-18,601698.SH,19.71,19.71,19.2,19.21,27556500.0,536249490.0
2023-07-18,601688.SH,12.95,13.06,12.88,13.01,29833600.0,387240128.0
2023-07-19,601688.SH,12.99,13.14,12.95,13.11,39464600.0,515013030.0
2023-07-19,601689.SH,50.93,51.39,50.14,50.93,9214700.0,469304671.0
2023-07-19,601698.SH,19.13,19.31,18.64,18.69,28233800.0,533901158.0
2023-07-20,601698.SH,18.63,18.68,17.9,17.92,39490200.0,721683405.0
2023-07-20,601689.SH,50.87,50.93,47.93,48.12,18256000.0,903580720.0
2023-07-20,601688.SH,13.14,13.21,13.0,13.04,49459200.0,647420928.0
2023-07-21,601688.SH,13.01,13.14,12.99,13.03,27043500.0,352106370.0
2023-07-21,601698.SH,17.91,18.08,17.65,17.79,19334700.0,345124395.0
2023-07-21,601689.SH,47.98,48.61,47.24,47.74,9311000.0,445624460.0
2023-07-24,601698.SH,17.63,17.96,17.58,17.72,15140600.0,267610104.99999997
2023-07-24,601688.SH,13.01,13.24,12.95,13.09,33801400.0,441108270.0
2023-07-24,601689.SH,48.11,48.8,47.64,47.83,5672800.0,272124216.0
2023-07-25,601689.SH,48.98,49.86,47.51,49.12,11450900.0,561666645.0
2023-07-25,601688.SH,13.66,14.18,13.63,14.04,216433900.0,2997609515.0
2023-07-25,601698.SH,17.88,18.27,17.88,18.16,21595800.0,389156316.0
2023-07-26,601698.SH,18.23,18.26,17.59,17.62,21501400.0,385412595.0
2023-07-26,601688.SH,14.08,14.24,13.95,14.15,111379500.0,1572121642.5
2023-07-26,601689.SH,49.12,49.12,47.09,47.42,7113200.0,343354164.0
2023-07-27,601688.SH,14.06,14.18,13.89,13.92,72953200.0,1020615268.0
2023-07-27,601698.SH,17.65,17.92,17.39,17.54,18914800.0,332805906.0
2023-07-27,601689.SH,48.65,49.68,47.44,47.49,9344500.0,449190115.0
2023-07-28,601688.SH,13.89,15.32,13.84,15.09,288603800.0,4181869062.0
2023-07-28,601698.SH,17.55,17.72,17.08,17.64,27379700.0,481745821.49999994
2023-07-28,601689.SH,47.51,48.72,46.5,48.02,7906100.0,377634866.5
2023-07-31,601689.SH,47.64,50.15,47.37,49.27,10451300.0,506417741.5
2023-07-31,601698.SH,17.73,17.89,17.71,17.83,17958500.0,319302130.0
2023-07-31,601688.SH,15.41,15.63,15.05,15.15,217445300.0,3322564184.0000005
2023-08-01,601689.SH,48.98,49.55,47.49,47.89,8221100.0,398188978.5
2023-08-01,601688.SH,15.01,15.33,14.74,14.79,127882600.0,1905450739.9999998
2023-08-01,601698.SH,17.81,17.98,17.54,17.78,15571000.0,277085945.0
2023-08-02,601698.SH,17.76,17.77,17.44,17.53,13183200.0,232617564.00000003
2023-08-02,601688.SH,14.74,15.22,14.68,14.82,120207500.0,1776666850.0000002
2023-08-02,601689.SH,47.9,48.92,47.37,47.83,5601700.0,268125370.49999997
2023-08-03,601689.SH,47.37,47.94,46.47,46.97,8797000.0,414954490.0
2023-08-03,601688.SH,14.83,15.31,14.77,15.25,141729800.0,2131616191.9999998
2023-08-03,601698.SH,17.46,17.72,17.39,17.57,11546000.0,202228190.0
2023-08-04,601698.SH,17.55,18.23,17.48,17.89,31317200.0,554940784.0
2023-08-04,601688.SH,15.67,16.52,15.67,15.8,267767400.0,4213320039.0
2023-08-04,601689.SH,47.27,48.92,45.85,48.31,13329700.0,637026363.0000001
2023-08-07,601689.SH,48.3,50.59,48.06,49.47,13179300.0,644270080.5
2023-08-07,601688.SH,15.47,15.95,15.27,15.86,130412300.0,2042908679.5
2023-08-07,601698.SH,17.83,17.83,17.59,17.65,17535700.0,311083318.0
2023-08-08,601689.SH,49.45,50.33,48.9,49.14,8660500.0,426919347.5
2023-08-08,601688.SH,15.64,16.29,15.42,15.96,146749800.0,2318646840.0
2023-08-08,601698.SH,17.63,17.63,17.21,17.32,17720200.0,309660495.0
2023-08-09,601698.SH,17.19,17.38,17.15,17.18,11457100.0,196890263.50000003
2023-08-09,601688.SH,15.82,16.24,15.79,16.0,95093600.0,1512939176.0
2023-08-09,601689.SH,49.02,49.02,47.51,48.78,6766900.0,330901410.00000006
2023-08-10,601689.SH,48.65,49.15,47.59,48.17,4871500.0,235829314.99999997
2023-08-10,601698.SH,17.11,17.3,17.11,17.23,8548700.0,146781179.0
2023-08-10,601688.SH,16.0,16.12,15.77,16.06,92459400.0,1482124182.0
2023-08-11,601698.SH,17.23,17.4,16.77,16.78,18864200.0,320785721.00000006
2023-08-11,601688.SH,16.1,16.18,15.44,15.57,129360300.0,2048420350.5
2023-08-11,601689.SH,48.41,48.58,47.23,47.23,5680200.0,271627163.99999994
2023-08-14,601689.SH,46.72,47.3,44.62,47.07,12813200.0,600875014.0
2023-08-14,601698.SH,16.64,16.96,16.48,16.87,13809200.0,231373146.00000003
2023-08-14,601688.SH,15.11,15.75,15.04,15.53,116034900.0,1777654668.0
2023-08-15,601698.SH,16.88,16.99,16.44,16.61,12281400.0,205652042.99999997
2023-08-15,601689.SH,47.57,47.64,45.84,46.37,6364900.0,298959353.0
2023-08-15,601688.SH,15.57,16.0,15.57,15.89,123068900.0,1935873797.0
2023-08-16,601689.SH,45.76,46.94,45.41,45.49,4850100.0,221285812.5
2023-08-16,601688.SH,15.76,16.25,15.57,15.8,96191300.0,1517898714.0
2023-08-16,601698.SH,16.58,16.77,16.37,16.38,11950500.0,196944239.99999997
2023-08-17,601689.SH,45.36,47.14,44.62,46.23,10177700.0,466087771.5
2023-08-17,601688.SH,15.76,15.93,15.46,15.74,122802900.0,1934145675.0
2023-08-17,601698.SH,16.3,17.01,16.02,16.88,21190600.0,351552054.0
2023-08-18,601688.SH,15.92,16.27,15.79,15.79,102720700.0,1628636698.5
2023-08-18,601698.SH,16.9,16.9,16.45,16.46,12656300.0,211107084.0
2023-08-18,601689.SH,46.19,46.5,44.86,44.99,5324000.0,242721160.00000003
2023-08-21,601689.SH,44.65,44.99,44.02,44.08,5395900.0,239389103.49999997
2023-08-21,601688.SH,15.72,15.72,14.81,14.83,187655300.0,2866434707.5
2023-08-21,601698.SH,16.38,16.68,16.32,16.36,9766000.0,159869419.99999997
2023-08-22,601688.SH,14.98,15.45,14.89,15.29,108519100.0,1642436578.5
2023-08-22,601689.SH,45.41,46.3,44.2,46.0,11297100.0,516333955.5
2023-08-22,601698.SH,16.44,16.78,16.35,16.7,16439900.0,272409143.0
2023-08-23,601698.SH,16.64,16.64,16.14,16.16,13965900.0,229040759.99999997
2023-08-23,601688.SH,15.29,15.38,15.0,15.0,70199000.0,1063163855.0
2023-08-23,601689.SH,46.37,46.37,45.06,45.06,5823200.0,266207588.00000003
2023-08-24,601688.SH,15.13,15.59,15.11,15.26,84824000.0,1288900680.0
2023-08-24,601689.SH,45.49,48.37,45.1,47.6,11248800.0,523575396.0
2023-08-24,601698.SH,16.16,16.46,16.05,16.22,12756800.0,206532591.99999997
2023-08-25,601689.SH,47.31,47.31,45.23,46.03,10436500.0,487071455.0
2023-08-25,601698.SH,16.15,16.15,15.41,15.49,22112100.0,349813422.0
2023-08-25,601688.SH,15.2,15.54,15.14,15.43,77159600.0,1181699274.0
2023-08-28,601689.SH,48.78,48.78,44.2,44.96,14346200.0,672406394.0000001
2023-08-28,601698.SH,16.36,16.6,15.68,15.79,24023800.0,386182585.0
2023-08-28,601688.SH,16.98,16.98,15.38,15.46,302934500.0,4913597590.0
2023-08-29,601688.SH,15.2,15.46,14.95,15.16,152852900.0,2320307022.0
2023-08-29,601689.SH,45.29,49.45,45.29,49.45,15298600.0,724694682.0000001
2023-08-29,601698.SH,15.69,16.58,15.67,16.51,22711900.0,365661590.00000006
2023-08-30,601689.SH,52.34,54.35,51.67,52.64,43549400.0,2285908006.0
2023-08-30,601698.SH,16.77,17.74,16.75,17.32,57340700.0,977372231.5000001
2023-08-30,601688.SH,15.09,15.11,14.75,14.76,104403800.0,1558226715.0
2023-08-31,601689.SH,52.67,53.21,52.0,52.28,21751600.0,1141415210.0
2023-08-31,601698.SH,16.92,17.27,16.8,16.98,26061300.0,441739035.00000006
2023-08-31,601688.SH,14.8,14.93,14.47,14.54,72100500.0,1057714335.0
2023-09-01,601688.SH,14.57,14.97,14.57,14.8,67465000.0,990723525.0
2023-09-01,601689.SH,52.34,53.0,50.45,51.86,20862600.0,1086941460.0
2023-09-01,601698.SH,16.93,17.58,16.78,17.28,30075700.0,514444848.5
2023-09-04,601698.SH,17.28,17.89,17.24,17.57,39624100.0,690449942.5
2023-09-04,601688.SH,14.82,15.29,14.81,15.09,87742800.0,1312193574.0
2023-09-04,601689.SH,51.87,52.17,49.86,51.13,18266400.0,940719600.0
2023-09-05,601698.SH,17.43,18.43,17.43,17.83,46627400.0,822041062.0
2023-09-05,601689.SH,50.88,52.0,50.15,50.44,11623700.0,588856642.0
2023-09-05,601688.SH,15.03,15.14,14.88,14.95,50554200.0,757807457.9999999
2023-09-06,601689.SH,49.98,50.88,49.98,50.43,10826500.0,543544432.5
2023-09-06,601688.SH,14.92,14.92,14.66,14.86,57271700.0,852775613.0
2023-09-06,601698.SH,17.53,18.31,17.19,18.19,59953900.0,1070776654.0
2023-09-07,601688.SH,14.83,15.02,14.76,14.79,47976000.0,710524559.9999999
2023-09-07,601698.SH,18.03,18.37,17.44,17.44,39791600.0,705704026.0
2023-09-07,601689.SH,50.06,50.25,49.27,49.33,7877200.0,391457454.0
2023-09-08,601689.SH,49.09,50.7,48.98,49.76,11154400.0,551306220.0
2023-09-08,601698.SH,17.45,19.19,17.4,19.19,110485400.0,2024092528.0
2023-09-08,601688.SH,14.67,14.96,14.64,14.89,39515200.0,584034656.0
2023-09-11,601688.SH,14.89,15.59,14.83,15.33,86538500.0,1307596735.0
2023-09-11,601689.SH,49.46,50.98,48.8,50.1,9913800.0,493508964.0
2023-09-11,601698.SH,19.77,20.6,19.32,19.39,163302100.0,3197455117.9999995
2023-09-12,601688.SH,15.46,15.46,15.17,15.2,43088300.0,660543639.0
2023-09-12,601698.SH,18.93,19.97,18.43,19.8,119968600.0,2323191939.0000005
2023-09-12,601689.SH,51.4,51.84,50.02,50.61,10347500.0,527774237.49999994
2023-09-13,601688.SH,15.21,15.34,14.93,15.08,42797300.0,648165108.5
2023-09-13,601689.SH,50.06,50.42,48.92,49.52,6643100.0,330759949.00000006
2023-09-13,601698.SH,19.23,19.23,18.32,18.44,76211700.0,1435447369.5
2023-09-14,601698.SH,18.51,18.92,17.96,18.44,61202500.0,1130716187.5
2023-09-14,601689.SH,48.85,49.74,48.08,48.29,6746000.0,327653220.0
2023-09-14,601688.SH,15.16,15.27,15.06,15.23,51245900.0,778681450.5
2023-09-15,601689.SH,48.4,49.11,48.01,48.43,5953400.0,288233861.0
2023-09-15,601688.SH,15.27,15.37,14.81,14.87,60484000.0,911493880.0
2023-09-15,601698.SH,18.28,18.38,17.79,17.84,45541100.0,822472266.0000001
2023-09-18,601689.SH,48.42,50.39,48.02,49.72,9630600.0,472573542.0
2023-09-18,601698.SH,17.75,18.03,17.55,17.71,33090700.0,586698111.0
2023-09-18,601688.SH,14.85,15.03,14.73,15.0,30939200.0,461767560.0
2023-09-19,601698.SH,17.67,17.7,16.81,16.93,40514100.0,700893930.0
2023-09-19,601689.SH,49.19,50.89,49.05,49.87,6621100.0,327943083.0
2023-09-19,601688.SH,15.0,15.14,14.88,15.01,36945100.0,554361225.5
2023-09-20,601688.SH,15.05,15.14,14.93,15.09,30156400.0,454456948.0
2023-09-20,601698.SH,16.78,17.09,16.68,16.83,25836600.0,434184063.0
2023-09-20,601689.SH,49.79,49.98,48.51,48.7,5358900.0,263899030.50000003
2023-09-21,601698.SH,16.74,17.17,16.74,17.01,31082200.0,524512125.0
2023-09-21,601689.SH,48.61,48.74,47.39,47.61,8741800.0,420567998.0
2023-09-21,601688.SH,15.03,15.22,14.95,14.97,33334900.0,500023500.0
2023-09-22,601688.SH,14.92,15.44,14.9,15.38,68912000.0,1044016800.0
2023-09-22,601689.SH,47.44,48.81,47.31,48.55,6630500.0,318230847.5
2023-09-22,601698.SH,16.93,17.33,16.75,17.28,33008400.0,564608682.0
2023-09-25,601688.SH,15.25,15.25,14.58,14.88,78055600.0,1175907614.0
2023-09-25,601689.SH,51.0,51.37,49.35,49.39,9511700.0,477439781.5
2023-09-25,601698.SH,17.28,17.28,16.84,16.89,24063300.0,411121480.5
2023-09-26,601698.SH,16.89,17.1,16.69,16.97,28218700.0,477742591.0
2023-09-26,601689.SH,49.54,50.62,48.82,50.05,7004800.0,348804016.0
2023-09-26,601688.SH,14.92,15.09,14.85,14.96,36509600.0,545453424.0
2023-09-27,601688.SH,14.95,15.06,14.82,14.93,34929200.0,521842248.0
2023-09-27,601698.SH,16.93,17.02,16.77,16.79,20328000.0,342730080.0
2023-09-27,601689.SH,50.02,50.86,49.31,49.86,8830200.0,440980188.0
2023-09-28,601698.SH,16.78,17.03,16.78,16.9,17724700.0,298483948.0
2023-09-28,601688.SH,14.93,15.05,14.28,14.48,98032700.0,1441570853.5
2023-09-28,601689.SH,49.85,50.23,49.19,49.74,7693200.0,383082894.0
2023-10-09,601698.SH,16.94,18.46,16.94,17.7,54906600.0,950982312.0
2023-10-09,601688.SH,14.29,14.48,14.03,14.45,47509600.0,682712952.0
2023-10-09,601689.SH,50.46,51.32,49.95,50.58,7180100.0,362738652.0
2023-10-10,601689.SH,50.59,50.69,48.92,49.47,7818900.0,391179567.0
2023-10-10,601688.SH,14.48,14.5,14.29,14.33,29763300.0,428740336.50000006
2023-10-10,601698.SH,17.61,18.02,17.59,17.93,40490000.0,719507300.0
2023-10-11,601689.SH,49.47,49.51,48.45,48.68,7184200.0,352564615.0
2023-10-11,601698.SH,17.81,18.25,17.57,17.97,39210500.0,701475845.0
2023-10-11,601688.SH,14.4,14.49,14.23,14.28,37531700.0,538204578.0
2023-10-12,601698.SH,18.12,18.3,17.59,17.81,25902900.0,465345598.5
2023-10-12,601688.SH,14.47,14.61,14.22,14.29,39149000.0,562962620.0
2023-10-12,601689.SH,48.72,49.51,46.81,46.88,11756200.0,561946360.0
2023-10-13,601688.SH,14.15,14.27,14.01,14.23,34682800.0,492148932.00000006
2023-10-13,601689.SH,46.49,46.74,42.19,43.21,35511900.0,1592708715.0
2023-10-13,601698.SH,17.66,18.11,17.42,17.85,31991500.0,568009082.5000001
2023-10-16,601698.SH,17.73,18.03,17.57,17.74,24103100.0,427468478.5
2023-10-16,601689.SH,43.84,46.35,42.92,45.64,24752500.0,1107426850.0
2023-10-16,601688.SH,14.22,14.38,14.16,14.27,28719200.0,409105004.0
2023-10-17,601688.SH,14.32,14.81,14.22,14.64,61442700.0,889690296.0
2023-10-17,601689.SH,45.03,45.29,44.24,44.62,10024600.0,449352695.0
2023-10-17,601698.SH,17.7,19.51,17.59,19.51,76453500.0,1422417367.5
2023-10-18,601688.SH,14.56,14.75,14.56,14.65,33140700.0,484019923.5
2023-10-18,601689.SH,43.95,45.28,43.86,44.35,7618000.0,336334700.00000006
2023-10-18,601698.SH,19.51,20.47,18.93,19.67,128080000.0,2509087200.0000005
2023-10-19,601698.SH,19.42,21.21,19.42,20.06,135636200.0,2677458588.0000005
2023-10-19,601689.SH,43.57,43.96,42.41,42.99,8327300.0,360405544.0
2023-10-19,601688.SH,14.54,14.66,14.44,14.47,33872300.0,491317711.49999994
2023-10-20,601698.SH,19.44,19.97,18.48,18.49,89859800.0,1704191107.0
2023-10-20,601689.SH,42.34,42.74,41.72,41.92,7860200.0,331150226.0
2023-10-20,601688.SH,14.41,14.54,14.28,14.36,36725300.0,528293440.5
2023-10-23,601688.SH,14.28,14.29,13.92,14.01,37902000.0,536123790.0
2023-10-23,601689.SH,41.66,41.84,40.12,40.51,7065100.0,290269633.49999994
2023-10-23,601698.SH,18.49,20.34,18.49,20.34,111234100.0,2159610051.5
2023-10-24,601688.SH,14.08,14.61,13.97,14.47,54713300.0,781032357.5
2023-10-24,601698.SH,20.59,21.12,19.77,20.18,162827500.0,3319238587.4999995
2023-10-24,601689.SH,40.93,42.48,40.66,41.67,12901700.0,532840209.99999994
2023-10-25,601689.SH,41.94,43.66,41.94,42.06,9187100.0,385858200.0
2023-10-25,601698.SH,19.97,20.69,19.94,20.11,108759500.0,2179540380.0
2023-10-25,601688.SH,14.63,14.78,14.47,14.62,55406600.0,810321525.0
2023-10-26,601688.SH,14.52,14.59,14.33,14.53,29190600.0,423993464.99999994
2023-10-26,601689.SH,41.86,42.93,40.82,42.41,7881900.0,332103856.5
2023-10-26,601698.SH,19.71,21.12,19.63,20.26,116320000.0,2324655200.0
2023-10-27,601698.SH,20.01,20.05,18.81,19.44,92706100.0,1828627822.5000002
2023-10-27,601689.SH,42.27,42.86,41.74,42.21,8170800.0,345134592.0
2023-10-27,601688.SH,14.38,14.58,14.13,14.48,48281200.0,696697716.0
2023-10-30,601698.SH,19.14,19.57,19.07,19.33,61016500.0,1173652377.5
2023-10-30,601689.SH,41.99,44.28,41.39,43.8,14629100.0,627515244.5
2023-10-30,601688.SH,14.4,14.46,14.11,14.25,52262400.0,748658880.0
2023-10-31,601688.SH,14.47,14.83,14.36,14.68,66509100.0,969370132.5
2023-10-31,601689.SH,42.94,43.91,42.61,43.24,12858700.0,554081383.0
2023-10-31,601698.SH,19.26,19.53,18.7,18.93,64548200.0,1232547879.0
2023-11-01,601688.SH,14.7,14.9,14.62,14.7,48693300.0,715791510.0
2023-11-01,601689.SH,43.27,44.49,42.88,43.68,8018600.0,348608635.0
2023-11-01,601698.SH,18.91,19.1,18.39,18.48,48743300.0,911255993.5
2023-11-02,601698.SH,18.51,18.68,17.94,17.99,44927200.0,819921400.0
2023-11-02,601689.SH,43.7,44.4,43.01,43.09,4978200.0,216028989.00000003
2023-11-02,601688.SH,14.67,14.94,14.67,14.74,47686100.0,701224100.5
2023-11-03,601698.SH,17.93,18.63,17.79,18.44,51200400.0,931079274.0000001
2023-11-03,601688.SH,14.73,15.14,14.6,14.98,74140700.0,1101360098.5
2023-11-03,601689.SH,44.49,45.94,43.58,45.09,11492000.0,514726680.00000006
2023-11-06,601689.SH,45.33,48.02,44.76,47.71,13064900.0,607779148.0
2023-11-06,601688.SH,15.46,15.53,15.01,15.35,119788800.0,1845346464.0000002
2023-11-06,601698.SH,18.44,18.75,18.32,18.72,44078500.0,818978529.9999999
2023-11-07,601689.SH,47.54,48.51,47.04,47.41,6928500.0,328930537.49999994
2023-11-07,601688.SH,15.19,15.46,15.17,15.27,52266500.0,796018795.0
2023-11-07,601698.SH,18.71,19.09,18.43,18.89,50139900.0,942630120.0
2023-11-08,601689.SH,47.16,48.46,46.94,47.74,7608200.0,361009090.0
2023-11-08,601688.SH,15.2,15.24,14.94,15.03,47177400.0,713086400.9999999
2023-11-08,601698.SH,18.75,19.08,18.59,18.82,41250600.0,774892521.0
2023-11-09,601688.SH,15.0,15.03,14.83,14.92,42950300.0,642536488.0
2023-11-09,601698.SH,18.72,18.96,18.47,18.52,32604900.0,607103237.9999999
2023-11-09,601689.SH,47.6,48.64,47.11,47.94,6567600.0,313734252.0
2023-11-10,601688.SH,14.85,15.01,14.83,14.92,34279500.0,510250357.5
2023-11-10,601698.SH,18.73,19.39,18.69,19.33,80781600.0,1537273848.0
2023-11-10,601689.SH,47.52,47.8,46.09,46.84,7734500.0,364913710.00000006
2023-11-13,601689.SH,46.75,47.44,45.89,46.17,7093800.0,329577948.0
2023-11-13,601698.SH,19.37,19.79,19.1,19.76,72679300.0,1421970504.5
2023-11-13,601688.SH,14.92,14.99,14.77,14.85,33826400.0,503505964.0
2023-11-14,601689.SH,46.3,47.31,46.3,47.04,6378200.0,297670594.0
2023-11-14,601688.SH,14.9,15.2,14.74,14.81,64767700.0,962124183.5
2023-11-14,601698.SH,19.65,19.69,19.34,19.47,48542500.0,949491299.9999999
2023-11-15,601689.SH,47.98,48.65,46.77,47.65,8175500.0,390911532.5
2023-11-15,601688.SH,14.89,15.02,14.69,14.74,55148200.0,817020583.0000001
2023-11-15,601698.SH,19.53,20.02,19.13,19.76,61201400.0,1202301503.0000002
2023-11-16,601698.SH,19.72,19.72,19.25,19.3,35347300.0,689625822.9999999
2023-11-16,601689.SH,48.11,49.0,47.57,47.63,7955000.0,380805850.00000006
2023-11-16,601688.SH,14.74,14.79,14.61,14.61,29633900.0,434877482.5
2023-11-17,601689.SH,47.35,48.91,47.17,48.91,6646100.0,319876792.99999994
2023-11-17,601688.SH,14.57,14.62,14.4,14.5,43431700.0,631279759.5
2023-11-17,601698.SH,19.3,19.45,18.83,18.97,35911600.0,687168465.9999999
2023-11-20,601689.SH,48.91,49.86,48.39,49.73,7260000.0,358063199.99999994
2023-11-20,601698.SH,18.91,19.3,18.81,19.13,33157600.0,630657552.0
2023-11-20,601688.SH,14.49,14.5,14.32,14.4,41800100.0,603802444.5
2023-11-21,601689.SH,49.65,49.65,48.31,48.41,6369200.0,312281876.0
2023-11-21,601688.SH,14.45,14.68,14.4,14.49,56030700.0,810764228.9999999
2023-11-21,601698.SH,19.18,19.18,18.56,18.61,42010900.0,793795955.5
2023-11-22,601688.SH,14.44,14.49,14.38,14.38,25493800.0,367365658.0
2023-11-22,601698.SH,18.54,18.77,18.34,18.47,28736200.0,531763381.0
2023-11-22,601689.SH,47.96,48.41,47.41,47.44,6226200.0,296989740.0
2023-11-23,601688.SH,14.38,14.43,14.08,14.18,63859300.0,911910804.0000001
2023-11-23,601689.SH,47.27,50.83,47.17,49.84,13718100.0,666082345.5000001
2023-11-23,601698.SH,18.43,18.68,18.23,18.61,23378500.0,432969820.0
2023-11-24,601688.SH,14.16,14.16,13.93,13.97,54795600.0,770700114.0000001
2023-11-24,601689.SH,49.53,49.78,48.64,48.72,5506300.0,270496987.5
2023-11-24,601698.SH,18.68,18.7,18.09,18.13,24034100.0,442347610.5
2023-11-27,601698.SH,18.03,18.2,17.94,18.09,15880600.0,286803636.00000006
2023-11-27,601689.SH,48.47,49.45,48.07,49.17,4716400.0,230254648.0
2023-11-27,601688.SH,13.99,13.99,13.65,13.74,47988800.0,665364712.0
2023-11-28,601688.SH,13.71,13.75,13.51,13.56,46518900.0,634285201.5000001
2023-11-28,601698.SH,18.05,18.41,17.89,18.4,26338900.0,480026452.50000006
2023-11-28,601689.SH,49.02,49.42,48.53,48.92,4808800.0,235486936.0
2023-11-29,601698.SH,18.29,18.32,18.05,18.08,14721900.0,267717751.49999997
2023-11-29,601689.SH,48.9,50.14,48.58,49.19,6077400.0,298066083.0
2023-11-29,601688.SH,13.57,13.6,13.13,13.17,87164000.0,1165382680.0
2023-11-30,601698.SH,18.03,18.33,18.0,18.13,15389900.0,278249392.0
2023-11-30,601689.SH,49.39,49.59,48.58,49.45,5112700.0,252669634.0
2023-11-30,601688.SH,13.14,13.29,13.03,13.12,58901000.0,773370130.0
2023-12-01,601698.SH,18.09,18.13,17.53,18.05,29904600.0,540376122.0
2023-12-01,601689.SH,49.17,49.17,47.91,48.61,5011500.0,245012235.0
2023-12-01,601688.SH,13.12,13.31,13.09,13.25,50028800.0,659629727.9999999
2023-12-04,601688.SH,13.32,13.38,13.18,13.25,42537700.0,565113344.5
2023-12-04,601689.SH,48.25,49.04,47.62,48.67,5774600.0,279837116.0
2023-12-04,601698.SH,18.05,18.45,18.01,18.41,28746600.0,524050518.0
2023-12-05,601698.SH,18.39,18.39,17.76,17.76,21585100.0,390150682.50000006
2023-12-05,601688.SH,13.21,13.3,13.1,13.13,33839300.0,445663581.00000006
2023-12-05,601689.SH,48.47,48.48,46.97,46.97,5437500.0,259477500.0
2023-12-06,601689.SH,46.7,47.91,46.32,47.29,5744300.0,269953378.5
2023-12-06,601688.SH,13.12,13.19,13.03,13.05,32673000.0,427526205.0
2023-12-06,601698.SH,17.73,17.88,17.58,17.59,16368100.0,289060646.0
2023-12-07,601688.SH,13.04,13.14,12.96,13.07,31153300.0,406706331.5
2023-12-07,601689.SH,47.51,47.98,46.82,47.39,4236300.0,201012435.0
2023-12-07,601698.SH,17.55,17.73,17.39,17.62,15889600.0,279418616.0
2023-12-08,601698.SH,17.63,18.21,17.63,18.01,27148400.0,483784488.0
2023-12-08,601689.SH,47.36,47.98,46.5,47.24,5457500.0,258139749.99999997
2023-12-08,601688.SH,13.07,13.07,12.92,12.95,40880500.0,531855305.0
2023-12-11,601689.SH,46.96,50.26,46.78,50.21,10253200.0,498151722.0
2023-12-11,601698.SH,17.94,18.23,17.74,18.2,17350100.0,313516307.0
2023-12-11,601688.SH,12.9,13.16,12.81,13.14,49695100.0,647030202.0
2023-12-12,601698.SH,18.21,18.28,18.06,18.18,12065000.0,219522675.0
2023-12-12,601689.SH,49.92,50.21,49.12,49.45,4096100.0,203514728.5
2023-12-12,601688.SH,13.08,13.23,13.03,13.18,39699300.0,521251808.99999994
2023-12-13,601698.SH,18.13,18.23,17.93,17.93,14521300.0,261819039.00000003
2023-12-13,601689.SH,49.24,52.31,48.23,51.15,14167200.0,711122604.0
2023-12-13,601688.SH,13.14,13.14,12.96,12.97,40865300.0,533496491.5
2023-12-14,601698.SH,17.98,18.09,17.73,17.73,10465200.0,186856146.0
2023-12-14,601689.SH,50.68,51.93,50.65,50.76,6382600.0,323725472.0
2023-12-14,601688.SH,13.02,13.09,12.93,12.98,38530100.0,500891300.0
2023-12-15,601689.SH,50.86,51.08,49.66,49.66,6247100.0,313979246.0
2023-12-15,601698.SH,17.73,17.85,17.61,17.64,9791800.0,173167983.00000003
2023-12-15,601688.SH,13.05,13.05,12.81,12.88,52923200.0,686149288.0
2023-12-18,601688.SH,12.86,13.02,12.71,12.84,41290800.0,530586780.0
2023-12-18,601689.SH,50.02,50.66,49.13,49.87,4589000.0,229197605.0
2023-12-18,601698.SH,17.58,17.61,17.14,17.16,14818700.0,257400818.99999997
2023-12-19,601698.SH,17.08,17.25,16.94,17.12,11474600.0,196215660.00000003
2023-12-19,601688.SH,12.85,12.96,12.78,12.93,35441100.0,456835779.0
2023-12-19,601689.SH,49.88,50.65,49.05,50.21,4684600.0,234440807.0
2023-12-20,601689.SH,50.29,50.84,48.33,48.55,6638400.0,328069728.0
2023-12-20,601698.SH,17.18,17.18,16.76,16.77,11721200.0,198967370.00000003
2023-12-20,601688.SH,12.9,12.93,12.56,12.58,60245400.0,767526396.0
2023-12-21,601698.SH,16.72,17.07,16.65,17.05,12469100.0,210540753.49999997
2023-12-21,601688.SH,12.54,12.84,12.51,12.78,53827600.0,681457416.0
2023-12-21,601689.SH,48.23,49.33,47.76,49.12,6269400.0,305163045.0
2023-12-22,601689.SH,49.53,50.0,48.7,49.28,5661300.0,279696526.5
2023-12-22,601698.SH,17.16,17.25,16.94,16.96,12457200.0,212519832.00000003
2023-12-22,601688.SH,12.78,12.83,12.65,12.7,36431700.0,464139857.99999994
2023-12-25,601688.SH,12.61,12.7,12.48,12.55,39179200.0,492874336.0
2023-12-25,601698.SH,16.95,17.23,16.95,17.15,8501800.0,144955689.99999997
2023-12-25,601689.SH,48.82,49.95,48.69,49.59,3176400.0,156294762.0
2023-12-26,601689.SH,49.51,49.66,47.66,48.9,4676500.0,230107182.5
2023-12-26,601688.SH,12.56,12.6,12.41,12.44,29473700.0,368421250.0
2023-12-26,601698.SH,16.63,16.63,15.7,16.0,30541500.0,498284572.49999994
2023-12-27,601688.SH,12.41,12.66,12.36,12.61,44690100.0,559073151.0
2023-12-27,601698.SH,16.13,16.29,16.0,16.16,15188600.0,245219947.0
2023-12-27,601689.SH,48.83,49.33,48.17,48.31,3806800.0,184896276.0
2023-12-28,601688.SH,12.6,12.86,12.55,12.78,61406700.0,779251023.0
2023-12-28,601698.SH,16.19,17.1,16.19,16.83,30096200.0,496888261.99999994
2023-12-28,601689.SH,48.58,48.9,47.86,48.45,7308500.0,354571877.5
2023-12-29,601688.SH,12.75,12.83,12.72,12.77,41693700.0,532011612.0
2023-12-29,601689.SH,48.24,49.39,48.18,49.32,6122600.0,298660428.0
2023-12-29,601698.SH,16.83,17.33,16.75,17.24,23356200.0,397872866.99999994
2024-01-02,601698.SH,17.33,17.35,17.08,17.1,14190500.0,244289457.5
2024-01-02,601689.SH,49.32,49.51,46.81,46.81,8924000.0,428932060.0
2024-01-02,601688.SH,12.77,12.8,12.56,12.57,45524100.0,576790347.0
2024-01-03,601688.SH,12.57,12.79,12.55,12.73,40425100.0,511377515.0
2024-01-03,601698.SH,17.1,17.1,16.69,16.9,12922500.0,219682500.0
2024-01-03,601689.SH,46.64,46.77,44.96,46.23,13434600.0,623835651.0
2024-01-04,601689.SH,46.17,46.22,44.88,45.7,10704700.0,491720394.5
2024-01-04,601698.SH,16.93,17.02,16.58,16.6,10617900.0,178009093.5
2024-01-04,601688.SH,12.71,12.71,12.54,12.67,36305100.0,460711719.00000006
2024-01-05,601688.SH,12.64,12.85,12.57,12.65,52181800.0,659838861.0
2024-01-05,601698.SH,16.59,16.67,15.94,16.08,17213700.0,281185789.5
2024-01-05,601689.SH,46.3,46.45,44.49,44.74,8681200.0,395168223.99999994
2024-01-08,601689.SH,44.27,44.27,42.74,42.97,11822000.0,515675640.00000006
2024-01-08,601698.SH,15.98,16.06,15.62,15.66,12783400.0,202233388.0
2024-01-08,601688.SH,12.6,12.64,12.36,12.38,44502200.0,555832478.0
2024-01-09,601688.SH,12.41,12.45,12.22,12.33,32589900.0,403137063.00000006
2024-01-09,601689.SH,43.28,43.82,41.92,42.12,12372100.0,528288670.00000006
2024-01-09,601698.SH,15.66,15.83,15.03,15.29,21853900.0,338189102.5
2024-01-10,601698.SH,15.14,15.26,14.79,14.96,15660600.0,235692030.0
2024-01-10,601689.SH,41.6,42.62,41.27,42.39,10602500.0,445251987.50000006
2024-01-10,601688.SH,12.41,12.45,12.28,12.37,28506000.0,353189340.0
2024-01-11,601689.SH,42.31,43.38,41.43,42.9,9140900.0,389448044.50000006
2024-01-11,601698.SH,14.96,15.24,14.88,15.22,13607400.0,205335666.0
2024-01-11,601688.SH,12.34,12.53,12.3,12.49,32352600.0,401657529.0
2024-01-12,601689.SH,42.68,44.21,42.61,42.95,9149000.0,391714435.0
2024-01-12,601698.SH,15.21,15.86,14.95,15.68,31278700.0,483099521.5
2024-01-12,601688.SH,12.44,12.64,12.4,12.46,25190000.0,313615500.0
2024-01-15,601689.SH,42.61,43.14,41.94,42.26,6509500.0,276230632.5
2024-01-15,601688.SH,12.43,12.53,12.32,12.4,29655200.0,368169308.0
2024-01-15,601698.SH,15.3,15.42,14.94,15.02,25265700.0,383028012.0
2024-01-16,601688.SH,12.36,12.55,12.32,12.55,38944300.0,485051256.5
2024-01-16,601698.SH,15.02,15.02,14.66,14.98,16404500.0,246067500.0
2024-01-16,601689.SH,42.07,42.77,41.49,42.05,6063300.0,255022398.0
2024-01-17,601689.SH,41.6,41.6,38.89,38.92,21312700.0,858049302.0000001
2024-01-17,601698.SH,14.93,14.98,14.54,14.54,11094900.0,163483351.5
2024-01-17,601688.SH,12.51,12.62,12.4,12.41,39224900.0,488742254.00000006
2024-01-18,601688.SH,12.36,12.56,12.09,12.51,63606500.0,790946827.4999999
2024-01-18,601698.SH,14.42,14.7,14.0,14.63,21523800.0,312633195.0
2024-01-18,601689.SH,38.85,40.72,38.11,40.65,17067500.0,678433125.0
2024-01-19,601698.SH,14.52,14.99,14.44,14.65,14510100.0,211629808.5
2024-01-19,601689.SH,39.81,40.56,38.84,39.04,12466400.0,491487819.99999994
2024-01-19,601688.SH,12.44,12.57,12.32,12.5,37007100.0,461478536.99999994
2024-01-22,601689.SH,38.92,39.29,36.69,37.25,11795100.0,449216383.5
2024-01-22,601688.SH,12.48,12.65,12.18,12.34,74653700.0,926452417.0
2024-01-22,601698.SH,14.64,14.8,13.95,14.1,15714500.0,225817365.00000003
2024-01-23,601698.SH,14.13,14.38,14.0,14.28,11596200.0,164724021.0
2024-01-23,601688.SH,12.31,12.59,12.18,12.48,55571100.0,688803784.5
2024-01-23,601689.SH,37.25,38.4,36.59,38.06,9169300.0,345269991.5
2024-01-24,601688.SH,12.57,13.06,12.38,12.97,101910400.0,1301395808.0
2024-01-24,601698.SH,14.29,14.78,14.1,14.73,20579200.0,298604192.0
2024-01-24,601689.SH,38.18,38.38,36.84,37.87,7899200.0,300367080.0
2024-01-25,601688.SH,12.86,13.16,12.83,13.06,104090000.0,1349006400.0
2024-01-25,601698.SH,14.74,16.13,14.68,16.06,54847000.0,844643799.9999999
2024-01-25,601689.SH,37.32,37.32,34.76,35.7,25698700.0,938259537.0000001
2024-01-26,601689.SH,34.33,34.96,33.82,34.03,23496600.0,803113788.0
2024-01-26,601698.SH,15.87,15.88,15.48,15.56,33069300.0,519684049.5
2024-01-26,601688.SH,13.0,13.16,12.91,13.07,76161500.0,992765152.5
2024-01-29,601689.SH,34.17,34.41,32.61,32.75,15189800.0,508250708.0
2024-01-29,601688.SH,13.07,13.13,12.87,12.97,70946900.0,923728638.0
2024-01-29,601698.SH,15.34,16.07,15.2,15.62,39668400.0,614066832.0
2024-01-30,601698.SH,15.24,15.49,14.87,14.9,23346700.0,351834769.0
2024-01-30,601688.SH,12.9,13.0,12.75,12.75,53677400.0,688412655.0
2024-01-30,601689.SH,32.95,34.22,32.42,33.13,14878600.0,491588944.0000001
2024-01-31,601688.SH,12.66,12.81,12.53,12.58,50166800.0,633105016.0
2024-01-31,601698.SH,14.84,14.87,14.22,14.23,22274000.0,323752590.0
2024-01-31,601689.SH,32.99,33.75,32.44,32.71,14128500.0,464121225.0
2024-02-01,601698.SH,14.33,14.63,14.05,14.28,17161400.0,245493827.0
2024-02-01,601689.SH,32.68,34.42,32.18,33.2,15337700.0,505223837.99999994
2024-02-01,601688.SH,12.51,12.86,12.45,12.7,57319800.0,722516079.0
2024-02-02,601689.SH,33.31,33.74,30.79,31.67,14463300.0,469912617.0
2024-02-02,601688.SH,12.75,12.75,11.91,12.24,87023900.0,1087363630.5
2024-02-02,601698.SH,14.28,14.53,13.26,13.85,23471300.0,330123834.5
2024-02-05,601698.SH,13.73,13.73,12.7,13.0,26557800.0,354944997.0
2024-02-05,601688.SH,12.07,12.3,11.83,12.1,69287400.0,837338229.0
2024-02-05,601689.SH,30.89,31.38,29.05,30.34,22925200.0,701854998.0
2024-02-06,601698.SH,12.83,14.0,12.75,13.8,23310600.0,310380639.00000006
2024-02-06,601688.SH,12.03,12.75,11.99,12.75,82497500.0,1022144025.0
2024-02-06,601689.SH,30.2,32.55,29.69,32.48,25738400.0,806641455.9999999
2024-02-07,601688.SH,12.73,12.86,12.65,12.81,74594000.0,952565380.0
2024-02-07,601689.SH,32.31,34.12,31.87,33.22,23414900.0,767189198.5
2024-02-07,601698.SH,13.8,14.41,13.76,14.04,26344300.0,366712656.0
2024-02-08,601688.SH,12.91,13.21,12.88,13.01,80187900.0,1039235184.0000001
2024-02-08,601698.SH,14.34,14.6,14.02,14.6,25648700.0,371136689.0
2024-02-08,601689.SH,33.22,35.29,32.79,35.1,18482100.0,631348535.9999999
2024-02-19,601689.SH,35.56,35.56,32.09,32.71,25026200.0,854269337.0000001
2024-02-19,601698.SH,14.66,15.44,14.57,14.82,34116200.0,502872788.0
2024-02-19,601688.SH,13.04,13.05,12.68,12.83,74084700.0,958285594.4999999
2024-02-20,601689.SH,32.21,32.44,30.4,32.11,28843000.0,927590879.9999999
2024-02-20,601688.SH,12.77,13.2,12.73,13.07,67089300.0,866793756.0
2024-02-20,601698.SH,14.66,15.31,14.51,15.09,28414800.0,422670150.0
2024-02-21,601689.SH,31.12,35.33,31.01,34.46,30829700.0,1010905863.0
2024-02-21,601688.SH,12.97,13.41,12.91,13.17,94075000.0,1229560250.0
2024-02-21,601698.SH,14.94,15.37,14.83,15.04,26069800.0,390786301.99999994
2024-02-22,601689.SH,33.87,35.61,33.64,34.99,20010100.0,688947743.0
2024-02-22,601698.SH,15.04,15.72,15.0,15.52,33176400.0,506935392.0
2024-02-22,601688.SH,13.1,13.4,13.08,13.32,67772200.0,895270762.0
2024-02-23,601698.SH,15.52,15.62,15.31,15.51,27264800.0,423013372.0
2024-02-23,601688.SH,13.35,13.45,13.27,13.33,57207400.0,763146716.0
2024-02-23,601689.SH,35.56,38.48,35.43,38.48,28316000.0,1048258319.9999999
2024-02-26,601688.SH,13.29,13.35,13.17,13.18,52959400.0,700917659.0
2024-02-26,601689.SH,40.26,40.83,38.95,39.44,30563600.0,1217959459.9999998
2024-02-26,601698.SH,15.52,15.86,15.26,15.37,30004400.0,463417958.0
2024-02-27,601689.SH,39.17,40.59,38.53,40.29,18862500.0,749407125.0000001
2024-02-27,601688.SH,13.17,13.31,13.1,13.31,51834400.0,686287456.0
2024-02-27,601698.SH,15.94,16.9,15.59,16.9,80888300.0,1328185885.9999998
2024-02-28,601688.SH,13.35,13.56,13.14,13.14,89108100.0,1180236784.5
2024-02-28,601698.SH,16.93,17.08,16.13,16.16,74331300.0,1229811358.5000002
2024-02-28,601689.SH,39.84,40.46,37.87,38.01,19879800.0,773821215.0
2024-02-29,601698.SH,15.94,16.91,15.84,16.82,50622100.0,829189998.0
2024-02-29,601689.SH,37.53,39.46,37.45,39.4,16136500.0,620690472.5
2024-02-29,601688.SH,13.1,13.34,13.07,13.31,71348500.0,942156942.5
2024-03-01,601688.SH,13.3,13.57,13.26,13.57,81617500.0,1096531112.5
2024-03-01,601698.SH,16.64,17.18,16.57,17.17,54587900.0,922808449.5000001
2024-03-01,601689.SH,39.05,39.66,38.4,39.21,13730400.0,537270551.9999999
2024-03-04,601698.SH,17.22,17.28,16.71,17.01,39600200.0,677757423.0000001
2024-03-04,601689.SH,38.92,39.5,38.23,39.46,13012900.0,509975551.0
2024-03-04,601688.SH,13.6,13.61,13.33,13.4,60210600.0,812843100.0
2024-03-05,601688.SH,13.32,13.48,13.27,13.37,50089000.0,668437705.0
2024-03-05,601698.SH,16.78,17.1,16.54,16.6,38827700.0,648034313.0
2024-03-05,601689.SH,38.72,38.77,37.52,38.03,17004900.0,652563037.5
2024-03-06,601688.SH,13.37,13.48,13.22,13.3,45865800.0,611620443.0
2024-03-06,601689.SH,37.64,39.3,37.14,38.39,14192700.0,539535490.5
2024-03-06,601698.SH,16.56,16.85,16.45,16.61,23698200.0,393034647.0
2024-03-07,601698.SH,16.53,16.78,16.04,16.11,31220900.0,509525088.0
2024-03-07,601688.SH,13.28,13.4,13.14,13.18,48600600.0,642985938.0
2024-03-07,601689.SH,38.85,39.16,36.64,36.71,15955600.0,602802568.0
2024-03-08,601698.SH,16.11,16.67,16.04,16.59,29493000.0,482210550.00000006
2024-03-08,601688.SH,13.21,13.29,13.14,13.22,35533100.0,469569916.5
2024-03-08,601689.SH,36.72,37.21,36.25,36.8,10357200.0,380730672.0
2024-03-11,601689.SH,36.94,39.25,36.89,39.25,19354100.0,737294439.5
2024-03-11,601688.SH,13.22,13.4,13.19,13.4,50025800.0,665843398.0
2024-03-11,601698.SH,16.41,16.59,16.35,16.56,19380100.0,319480948.5
2024-03-12,601688.SH,13.45,13.51,13.35,13.46,58328200.0,784805931.0
2024-03-12,601689.SH,39.59,41.47,39.19,40.44,21365500.0,854940482.5
2024-03-12,601698.SH,16.54,16.78,16.48,16.6,24538600.0,406604602.0
2024-03-13,601689.SH,40.46,41.74,40.06,40.44,15483000.0,626287350.0
2024-03-13,601688.SH,13.48,13.48,13.14,13.17,74573000.0,993685225.0
2024-03-13,601698.SH,16.6,16.99,16.44,16.68,31875800.0,530413312.0
2024-03-14,601689.SH,40.62,42.27,40.28,41.62,16500500.0,678500560.0
2024-03-14,601698.SH,16.58,16.64,16.2,16.35,22105900.0,363973643.5
2024-03-14,601688.SH,13.15,13.29,12.96,13.04,60731200.0,795275063.9999999
2024-03-15,601698.SH,16.44,16.54,16.24,16.46,17260200.0,283930290.00000006
2024-03-15,601688.SH,13.02,13.1,12.93,13.07,46173000.0,602326785.0
2024-03-15,601689.SH,40.94,41.44,40.01,40.94,13436300.0,550082122.0
2024-03-18,601688.SH,13.13,13.51,13.11,13.36,87191000.0,1154844795.0
2024-03-18,601698.SH,16.44,16.74,16.42,16.69,24001300.0,397581534.50000006
2024-03-18,601689.SH,41.76,42.7,41.1,42.05,12932800.0,541948984.0
2024-03-19,601689.SH,42.06,42.36,41.23,41.28,8827300.0,367833591.0
2024-03-19,601688.SH,13.35,13.35,13.1,13.13,58510400.0,774677696.0
2024-03-19,601698.SH,16.62,17.09,16.52,16.61,33039400.0,548949631.0000001
2024-03-20,601688.SH,13.12,13.22,13.08,13.18,38887000.0,511364049.99999994
2024-03-20,601689.SH,40.93,41.27,40.09,40.37,11386400.0,462857160.0
2024-03-20,601698.SH,16.55,16.74,16.39,16.65,21358900.0,354557740.00000006
2024-03-21,601688.SH,13.22,13.37,13.19,13.23,47744500.0,631421012.5000001
2024-03-21,601689.SH,40.18,41.09,39.6,40.78,13099900.0,530283952.00000006
2024-03-21,601698.SH,16.65,16.78,16.45,16.5,19561300.0,324228547.5
2024-03-22,601689.SH,40.53,42.27,39.99,42.03,13954200.0,576029376.0
2024-03-22,601688.SH,13.19,13.22,12.96,13.04,53591100.0,702847276.4999999
2024-03-22,601698.SH,16.5,16.5,16.04,16.07,22471700.0,365951634.5
2024-03-25,601689.SH,41.56,43.62,41.37,41.41,17761300.0,736827530.5
2024-03-25,601688.SH,12.94,12.97,12.66,12.66,76796200.0,982991360.0
2024-03-25,601698.SH,16.06,16.43,15.64,15.75,21995000.0,349830475.0
2024-03-26,601698.SH,15.74,16.15,15.69,15.85,20969500.0,331213252.5
2024-03-26,601689.SH,40.99,42.45,40.13,42.15,15095500.0,627519935.0
2024-03-26,601688.SH,12.67,12.78,12.66,12.77,38233700.0,486332663.99999994
2024-03-27,601689.SH,42.28,42.29,40.33,40.37,11859100.0,490077307.50000006
2024-03-27,601698.SH,15.83,15.84,14.94,15.06,20348600.0,314284127.0
2024-03-27,601688.SH,12.73,12.77,12.59,12.59,37351500.0,472869990.0
2024-03-28,601688.SH,12.59,12.78,12.56,12.65,45238100.0,570904822.0
2024-03-28,601698.SH,15.06,16.05,14.99,15.74,26487000.0,407899800.0
2024-03-28,601689.SH,40.23,43.07,40.18,42.92,18185700.0,756070477.5
2024-03-29,601689.SH,44.29,44.6,41.6,42.4,16618900.0,720346220.5
2024-03-29,601688.SH,12.8,12.86,12.72,12.86,54198200.0,695362906.0
2024-03-29,601698.SH,15.82,16.04,15.6,15.94,19876800.0,315643584.0
2024-04-01,601689.SH,42.17,43.94,41.9,42.66,12637400.0,536015321.0
2024-04-01,601698.SH,16.14,16.18,15.82,15.96,18935900.0,303921195.0
2024-04-01,601688.SH,12.99,13.1,12.96,13.06,48473000.0,631360825.0
2024-04-02,601689.SH,42.71,42.8,41.04,41.3,10840200.0,455342600.99999994
2024-04-02,601698.SH,15.84,15.86,15.38,15.7,19747900.0,311424383.0
2024-04-02,601688.SH,13.07,13.14,13.01,13.07,48919800.0,639381786.0
2024-04-03,601688.SH,13.01,13.07,12.89,12.93,45276000.0,587229720.0
2024-04-03,601689.SH,40.66,40.66,38.29,39.39,18623600.0,745409590.0
2024-04-03,601698.SH,15.61,15.72,15.3,15.69,16873300.0,264067144.99999997
2024-04-08,601689.SH,38.56,39.25,37.91,38.11,11402700.0,437122504.5
2024-04-08,601698.SH,15.83,15.83,15.32,15.49,15719400.0,246165804.0
2024-04-08,601688.SH,12.82,12.98,12.64,12.8,55038500.0,705043185.0
2024-04-09,601688.SH,12.8,12.92,12.71,12.71,39433000.0,502967915.00000006
2024-04-09,601698.SH,15.52,15.64,15.3,15.36,13187400.0,203613456.0
2024-04-09,601689.SH,38.03,39.78,37.98,39.51,10936600.0,424011981.99999994
2024-04-10,601689.SH,39.25,40.18,38.93,40.01,10896700.0,431836220.99999994
2024-04-10,601698.SH,15.39,15.39,14.85,14.98,14339700.0,217748344.5
2024-04-10,601688.SH,12.73,12.75,12.34,12.37,68853000.0,864105150.0
2024-04-11,601688.SH,12.31,12.44,12.27,12.29,54775600.0,673739880.0
2024-04-11,601698.SH,15.0,15.17,14.76,14.79,16107900.0,239927170.5
2024-04-11,601689.SH,39.7,39.84,38.05,38.24,11858600.0,462129642.0
2024-04-12,601698.SH,14.78,14.9,14.65,14.67,10912500.0,160686562.5
2024-04-12,601689.SH,37.98,38.49,36.84,36.91,10522000.0,393996289.99999994
2024-04-12,601688.SH,12.31,12.34,11.98,11.99,70714200.0,859177530.0
2024-04-15,601698.SH,14.72,15.28,14.45,15.01,21809500.0,324198217.5
2024-04-15,601689.SH,36.84,37.64,36.63,37.11,8828800.0,326444880.0
2024-04-15,601688.SH,11.99,12.31,11.84,12.21,90686100.0,1097301810.0000002
2024-04-16,601689.SH,36.44,36.95,34.9,35.9,15436000.0,558320120.0
2024-04-16,601698.SH,15.01,15.3,14.48,14.48,24218100.0,357095884.5
2024-04-16,601688.SH,12.13,12.3,12.1,12.13,69162300.0,838938699.0
2024-04-17,601689.SH,35.9,37.01,35.9,36.47,10937300.0,395766200.5
2024-04-17,601698.SH,14.35,14.91,14.35,14.91,16117200.0,235794635.99999997
2024-04-17,601688.SH,12.12,12.36,12.03,12.36,77337000.0,946604879.9999999
2024-04-18,601689.SH,36.23,37.82,34.71,37.14,17856000.0,655047360.0
2024-04-18,601688.SH,12.3,12.67,12.28,12.48,81949200.0,1015350588.0
2024-04-18,601698.SH,14.78,15.17,14.77,14.96,15202400.0,226059688.00000003
2024-04-19,601689.SH,36.23,36.53,35.23,35.36,11014800.0,394274766.0
2024-04-19,601688.SH,12.42,12.54,12.34,12.38,51416200.0,637560880.0
2024-04-19,601698.SH,14.75,15.38,14.72,15.08,20712900.0,308932903.5
2024-04-22,601698.SH,15.24,15.82,15.12,15.57,33609900.0,517760509.50000006
2024-04-22,601689.SH,34.89,35.26,34.15,34.56,11273100.0,391458397.5
2024-04-22,601688.SH,12.36,12.48,12.28,12.33,50547900.0,624013825.5
2024-04-23,601688.SH,12.37,12.38,12.2,12.2,42282600.0,519441741.0
2024-04-23,601689.SH,35.07,36.97,34.15,36.23,17328000.0,617743200.0
2024-04-23,601698.SH,15.5,15.5,14.99,15.05,22878900.0,349475197.5
2024-04-24,601688.SH,12.2,12.25,12.1,12.16,44652100.0,543862578.0
2024-04-24,601689.SH,37.91,39.25,37.62,38.5,23218900.0,887078074.5
2024-04-24,601698.SH,14.95,15.33,14.95,15.23,15064800.0,227327832.0
2024-04-25,601689.SH,38.81,38.81,38.05,38.37,10178600.0,392792174.00000006
2024-04-25,601688.SH,12.12,12.24,12.04,12.19,46592600.0,566333053.0
2024-04-25,601698.SH,15.24,15.26,14.99,15.04,11806500.0,178750410.0
2024-04-26,601688.SH,12.68,13.09,12.47,13.04,170805700.0,2196561302.0
2024-04-26,601689.SH,38.41,40.19,38.41,40.12,15047300.0,590832234.5
2024-04-26,601698.SH,14.99,15.37,14.97,15.2,19994000.0,301809430.0
2024-04-29,601688.SH,13.04,13.28,12.96,13.16,130451900.0,1708919890.0
2024-04-29,601689.SH,42.48,44.13,41.33,43.31,29432200.0,1262494219.0
2024-04-29,601698.SH,15.22,15.5,15.17,15.39,19636400.0,300535102.0
2024-04-30,601689.SH,43.17,43.94,42.19,42.21,15466500.0,660264885.0
2024-04-30,601688.SH,12.95,12.95,12.59,12.61,140745100.0,1798722378.0
2024-04-30,601698.SH,15.27,15.39,15.06,15.18,16922600.0,257646585.0
2024-05-06,601688.SH,12.77,12.87,12.64,12.71,108480700.0,1382044118.0
2024-05-06,601689.SH,42.94,43.61,42.05,42.18,13700400.0,583089024.0
2024-05-06,601698.SH,15.34,15.48,15.25,15.36,15058100.0,231141835.0
2024-05-07,601698.SH,15.33,16.58,15.27,16.24,60188700.0,950078629.5
2024-05-07,601688.SH,12.66,12.75,12.62,12.69,62264500.0,789202537.5
2024-05-07,601689.SH,42.54,42.97,41.54,42.76,11526900.0,491622285.0
2024-05-08,601688.SH,12.64,12.67,12.52,12.55,52429400.0,660348293.0
2024-05-08,601689.SH,42.23,42.37,40.7,40.85,10214900.0,424326946.0
2024-05-08,601698.SH,16.25,16.27,15.88,15.97,35082300.0,565175853.0
2024-05-09,601688.SH,12.53,12.68,12.53,12.64,57316100.0,721323118.5
2024-05-09,601698.SH,15.93,16.22,15.91,16.16,24808700.0,398055591.50000006
2024-05-09,601689.SH,40.85,41.37,40.54,41.17,7385700.0,302887557.00000006
2024-05-10,601688.SH,12.65,12.77,12.61,12.71,72417900.0,918258972.0
2024-05-10,601698.SH,16.13,16.28,16.0,16.03,22347300.0,359344583.99999994
2024-05-10,601689.SH,41.14,41.14,39.36,39.47,14194900.0,572125444.5
2024-05-13,601698.SH,15.83,15.89,15.54,15.6,18953200.0,297849538.0
2024-05-13,601689.SH,38.99,40.5,38.41,39.62,10016500.0,393698532.5
2024-05-13,601688.SH,12.66,12.82,12.55,12.77,80432200.0,1022695423.0
2024-05-14,601698.SH,15.58,15.75,15.45,15.52,12064700.0,187606085.0
2024-05-14,601689.SH,40.12,40.95,40.03,40.16,8735900.0,350659026.0
2024-05-14,601688.SH,12.78,12.85,12.68,12.83,57842800.0,740677054.0
2024-05-15,601688.SH,12.87,12.9,12.57,12.57,64828000.0,824612159.9999999
2024-05-15,601689.SH,40.18,41.05,39.66,39.83,6717500.0,268733587.49999994
2024-05-15,601698.SH,15.49,15.57,15.14,15.19,13761500.0,211101410.0
2024-05-16,601689.SH,39.9,40.41,39.15,40.26,10483200.0,420166656.0
2024-05-16,601688.SH,12.62,12.75,12.56,12.62,67174900.0,847747238.0
2024-05-16,601698.SH,15.18,15.33,15.09,15.28,11948900.0,181981747.0
2024-05-17,601688.SH,12.62,12.81,12.56,12.8,64682600.0,822115846.0
2024-05-17,601689.SH,39.8,41.27,39.48,41.07,10452100.0,422630663.5
2024-05-17,601698.SH,15.29,15.44,15.15,15.43,11624700.0,178555392.0
2024-05-20,601689.SH,41.17,41.82,40.88,41.5,8571900.0,354319486.5
2024-05-20,601698.SH,15.36,15.56,15.32,15.51,13284800.0,205050887.99999997
2024-05-20,601688.SH,12.81,13.07,12.76,12.89,91183700.0,1171710545.0000002
2024-05-21,601688.SH,12.84,12.95,12.8,12.86,50391300.0,647528205.0
2024-05-21,601689.SH,41.05,41.07,39.4,39.78,13780000.0,556918700.0
2024-05-21,601698.SH,15.47,15.62,15.14,15.22,16961200.0,260269614.0
2024-05-22,601689.SH,40.26,40.73,39.61,40.1,7490000.0,300948200.0
2024-05-22,601688.SH,12.83,12.93,12.8,12.87,46982500.0,603725125.0
2024-05-22,601698.SH,15.21,15.65,15.16,15.41,16153300.0,247307023.0
2024-05-23,601698.SH,15.42,15.42,15.14,15.14,12545300.0,191692184.0
2024-05-23,601688.SH,12.86,12.86,12.65,12.69,54467400.0,695821034.9999999
2024-05-23,601689.SH,39.6,40.15,39.05,39.13,6184700.0,243460715.5
2024-05-24,601698.SH,15.04,15.14,14.69,14.7,15815100.0,235170537.0
2024-05-24,601688.SH,12.64,12.73,12.49,12.5,48963600.0,615472452.0
2024-05-24,601689.SH,39.0,39.0,37.91,37.91,9866000.0,379397030.0
2024-05-27,601688.SH,12.54,12.65,12.48,12.64,47367300.0,596354307.0
2024-05-27,601698.SH,14.64,14.87,14.63,14.86,8709800.0,128469550.0
2024-05-27,601689.SH,38.23,38.36,37.33,38.17,7162700.0,273615140.0
2024-05-28,601698.SH,14.74,15.19,14.7,14.84,11565300.0,171050787.0
2024-05-28,601688.SH,12.61,12.7,12.53,12.53,37152600.0,467008182.0
2024-05-28,601689.SH,38.28,38.68,37.58,38.19,5932400.0,226825314.0
2024-05-29,601689.SH,38.18,38.37,37.44,38.05,5910900.0,225293953.49999997
2024-05-29,601688.SH,12.51,12.65,12.51,12.57,33844500.0,424410030.0
2024-05-29,601698.SH,15.43,15.57,14.94,15.04,16751100.0,255203008.5
2024-05-30,601689.SH,37.78,38.64,37.58,38.05,6629400.0,251353701.0
2024-05-30,601698.SH,14.91,15.28,14.81,15.17,17313500.0,260395040.0
2024-05-30,601688.SH,12.52,12.56,12.36,12.45,54719600.0,683174206.0
2024-05-31,601689.SH,38.05,39.72,37.92,38.64,11451800.0,439119271.0
2024-05-31,601688.SH,12.48,12.58,12.42,12.43,46812500.0,583049687.5
2024-05-31,601698.SH,15.12,15.67,15.12,15.53,29900400.0,458223630.0
2024-06-03,601698.SH,15.45,15.59,15.12,15.27,20171900.0,309840384.0
2024-06-03,601689.SH,38.79,40.72,38.76,40.27,15060800.0,595353424.0
2024-06-03,601688.SH,12.21,12.26,11.88,11.99,172202100.0,2083645410.0000002
2024-06-04,601689.SH,40.42,40.64,39.89,40.15,7484300.0,301505025.5
2024-06-04,601688.SH,11.94,12.19,11.93,12.12,87960100.0,1058160003.0
2024-06-04,601698.SH,15.16,15.23,14.92,15.04,13900500.0,209897550.0
2024-06-05,601698.SH,14.97,15.29,14.94,15.04,13253300.0,198865766.5
2024-06-05,601688.SH,12.11,12.17,12.02,12.03,49956000.0,602968920.0
2024-06-05,601689.SH,40.19,40.94,39.95,40.04,6606200.0,265007712.99999997
2024-06-06,601689.SH,40.26,40.37,38.26,38.44,14758600.0,580750909.9999999
2024-06-06,601688.SH,12.05,12.08,11.93,11.95,53342600.0,640111200.0
2024-06-06,601698.SH,15.09,15.14,14.64,14.64,16101700.0,239351770.5
2024-06-07,601698.SH,14.72,14.79,14.52,14.66,9887300.0,145244437.0
2024-06-07,601689.SH,38.69,38.92,37.66,38.27,9240300.0,355566744.00000006
2024-06-07,601688.SH,11.99,12.03,11.75,11.88,60058800.0,716801778.0
2024-06-11,601689.SH,37.95,39.22,37.68,39.09,7639700.0,294281244.0
2024-06-11,601688.SH,11.86,11.95,11.79,11.85,46111800.0,546655389.0
2024-06-11,601698.SH,14.56,14.88,14.44,14.79,10222600.0,150016655.0
2024-06-12,601698.SH,14.77,14.99,14.74,14.8,9761500.0,144323777.5
2024-06-12,601689.SH,39.11,39.7,38.85,39.19,6212600.0,243223290.0
2024-06-12,601688.SH,11.84,11.87,11.78,11.84,34826000.0,412339840.0
2024-06-13,601689.SH,39.09,41.67,38.79,41.18,17217400.0,691020349.0000001
2024-06-13,601698.SH,14.74,14.92,14.6,14.79,9350900.0,138066038.5
2024-06-13,601688.SH,11.86,11.88,11.73,11.74,51427700.0,606846860.0
2024-06-14,601689.SH,40.29,40.33,38.76,39.58,13405600.0,535352636.00000006
2024-06-14,601688.SH,11.75,12.14,11.72,12.06,89105000.0,1060795025.0000001
2024-06-14,601698.SH,14.74,14.83,14.66,14.73,8215400.0,121053919.0
2024-06-17,601688.SH,11.95,12.05,11.88,12.02,42550600.0,509968941.0
2024-06-17,601698.SH,14.64,14.84,14.6,14.73,6591200.0,96791772.0
2024-06-17,601689.SH,39.25,39.57,38.64,39.41,11047100.0,434482443.0
2024-06-18,601689.SH,39.79,41.39,39.73,40.97,14871400.0,600507131.9999999
2024-06-18,601688.SH,12.01,12.16,12.0,12.08,43347000.0,522114615.0
2024-06-18,601698.SH,14.75,14.98,14.68,14.94,11882400.0,176394228.0
2024-06-19,601698.SH,14.95,15.02,14.78,14.81,7419000.0,110394720.0
2024-06-19,601689.SH,40.92,40.97,39.99,40.02,8794800.0,355925556.0
2024-06-19,601688.SH,12.08,12.1,11.99,11.99,33650700.0,404986174.5
2024-06-20,601698.SH,14.76,14.76,14.34,14.36,12530100.0,182438255.99999997
2024-06-20,601689.SH,39.62,39.84,38.96,38.97,7471000.0,293572945.0
2024-06-20,601688.SH,11.99,12.01,11.87,11.87,37063700.0,442169941.0
2024-06-21,601689.SH,38.92,39.55,38.52,39.45,5906800.0,231457958.0
2024-06-21,601688.SH,11.87,11.96,11.84,11.9,36480700.0,433573119.5
2024-06-21,601698.SH,14.23,14.43,14.2,14.36,5990300.0,85631338.5
2024-06-24,601689.SH,39.05,39.54,38.65,38.69,6227000.0,242043489.99999997
2024-06-24,601688.SH,11.88,11.92,11.77,11.77,40097600.0,474154120.0
2024-06-24,601698.SH,14.25,14.38,13.81,13.83,10846600.0,152286264.0
2024-06-25,601689.SH,38.7,39.26,37.79,38.51,7632600.0,294656523.00000006
2024-06-25,601698.SH,13.9,13.99,13.64,13.71,8215900.0,113420499.5
2024-06-25,601688.SH,11.78,11.82,11.5,11.57,56401200.0,658484010.0
2024-06-26,601698.SH,13.71,14.22,13.61,14.19,11401100.0,159045345.0
2024-06-26,601688.SH,11.56,11.66,11.48,11.64,41366600.0,479852560.00000006
2024-06-26,601689.SH,38.5,38.5,36.7,37.55,11422000.0,434321550.0
2024-06-27,601698.SH,14.12,14.14,13.84,13.85,8406300.0,117562105.5
2024-06-27,601688.SH,11.57,11.6,11.43,11.44,47326500.0,544491382.5
2024-06-27,601689.SH,37.24,37.36,35.97,36.02,8916800.0,326622384.0
2024-06-28,601689.SH,36.05,36.81,35.84,35.97,8268000.0,297730680.0
2024-06-28,601688.SH,11.44,11.57,11.28,11.34,58377400.0,664918586.0
2024-06-28,601698.SH,13.85,14.18,13.82,14.06,10847400.0,151375467.0
2024-07-01,601698.SH,14.06,14.16,13.75,14.02,10274500.0,144253980.0
2024-07-01,601688.SH,11.35,11.46,11.23,11.45,41673900.0,475082459.99999994
2024-07-01,601689.SH,35.97,36.21,35.13,35.77,8209100.0,294460417.00000006
2024-07-02,601688.SH,11.44,11.57,11.32,11.34,47105800.0,536535062.0
2024-07-02,601689.SH,36.84,37.36,36.33,36.44,9968000.0,365227520.0
2024-07-02,601698.SH,14.02,14.1,13.81,13.89,6877000.0,95968535.0
2024-07-03,601698.SH,13.9,13.9,13.65,13.69,6868600.0,94752337.0
2024-07-03,601689.SH,37.57,38.55,36.79,36.97,13673200.0,509600163.99999994
2024-07-03,601688.SH,11.34,11.41,11.32,11.34,33159700.0,376030998.0
2024-07-04,601689.SH,38.17,39.05,37.92,38.06,18442200.0,702924453.0
2024-07-04,601698.SH,13.73,13.79,13.43,13.43,7059300.0,95865294.0
2024-07-04,601688.SH,11.35,11.38,11.19,11.19,38830100.0,437615227.0
2024-07-05,601688.SH,11.19,11.29,11.12,11.21,38821300.0,434798560.0
2024-07-05,601689.SH,37.58,37.66,36.23,36.99,11591600.0,432192805.99999994
2024-07-05,601698.SH,13.42,13.62,13.27,13.62,6641900.0,89798488.0
2024-07-08,601689.SH,37.07,37.09,35.83,36.16,6666500.0,244093897.49999997
2024-07-08,601698.SH,13.61,13.61,13.21,13.25,6421200.0,86236716.0
2024-07-08,601688.SH,11.17,11.17,10.83,10.88,64839000.0,714849975.0
2024-07-09,601689.SH,36.17,38.58,35.62,38.4,14153700.0,527720704.49999994
2024-07-09,601698.SH,13.42,14.01,13.37,13.94,18527600.0,253457568.0
2024-07-09,601688.SH,10.9,11.22,10.88,11.2,54343500.0,600495675.0
2024-07-10,601698.SH,13.82,14.59,13.82,14.23,23291500.0,326663287.5
2024-07-10,601689.SH,38.52,40.88,38.44,40.35,19536000.0,770402160.0
2024-07-10,601688.SH,11.13,11.36,11.12,11.24,43681200.0,488574222.0
2024-07-11,601688.SH,11.36,11.45,11.32,11.38,40441800.0,459823266.00000006
2024-07-11,601698.SH,14.47,14.55,14.32,14.46,13364200.0,193313153.0
2024-07-11,601689.SH,40.7,41.13,39.92,40.33,9923700.0,402058705.5
2024-07-12,601689.SH,39.25,39.82,38.48,39.54,11695700.0,460752101.49999994
2024-07-12,601688.SH,11.4,11.4,11.3,11.38,27583200.0,314172648.0
2024-07-12,601698.SH,14.49,14.49,14.26,14.37,7682800.0,110862804.0
2024-07-15,601698.SH,14.41,14.64,14.41,14.5,10701200.0,154685846.0
2024-07-15,601689.SH,39.6,40.2,38.89,39.13,7526800.0,296292482.0
2024-07-15,601688.SH,11.33,11.45,11.32,11.39,26448800.0,300458368.0
2024-07-16,601689.SH,38.96,40.19,38.84,40.18,8252100.0,326535597.0
2024-07-16,601688.SH,11.39,11.54,11.38,11.47,33464600.0,382500378.0
2024-07-16,601698.SH,14.41,14.59,14.4,14.57,9617800.0,139361922.0
2024-07-17,601698.SH,14.53,14.77,14.52,14.64,11780000.0,171811300.0
2024-07-17,601688.SH,11.45,11.56,11.45,11.53,32163400.0,369557465.99999994
2024-07-17,601689.SH,40.17,40.17,39.07,39.27,6334800.0,251618256.0
2024-07-18,601688.SH,11.51,11.69,11.4,11.66,44258100.0,512730088.50000006
2024-07-18,601689.SH,38.87,39.27,38.44,38.71,7297000.0,283050630.0
2024-07-18,601698.SH,14.51,14.65,14.34,14.56,10323500.0,150052072.5
2024-07-19,601689.SH,38.71,39.86,38.18,38.54,10210700.0,394388287.5
2024-07-19,601698.SH,14.56,15.02,14.56,14.97,16934600.0,250039369.0
2024-07-19,601688.SH,11.66,11.83,11.61,11.79,48110200.0,564092095.0
2024-07-22,601698.SH,14.97,15.18,14.86,15.0,14387900.0,215602681.5
2024-07-22,601688.SH,11.9,11.96,11.7,11.83,57252400.0,679299726.0
2024-07-22,601689.SH,38.22,39.58,38.22,38.92,9460300.0,364883771.0
2024-07-23,601698.SH,14.95,15.06,14.63,14.63,10477300.0,154959267.0
2024-07-23,601688.SH,11.79,11.87,11.59,11.62,50902100.0,595809080.4999999
2024-07-23,601689.SH,40.28,40.58,37.32,37.45,17993400.0,699313491.0
2024-07-24,601688.SH,11.58,11.67,11.54,11.63,36503400.0,423621957.0
2024-07-24,601689.SH,36.16,36.78,34.57,34.79,25501800.0,904676354.9999999
2024-07-24,601698.SH,14.56,14.93,14.56,14.65,10666200.0,155779851.0
2024-07-25,601689.SH,34.2,34.78,33.61,34.05,12747200.0,434998200.0
2024-07-25,601688.SH,11.61,11.78,11.58,11.73,38859300.0,453488031.0
2024-07-25,601698.SH,14.57,14.81,14.48,14.75,7192200.0,105437652.0
2024-07-26,601689.SH,34.73,34.76,32.88,33.85,29942700.0,1026735183.0
2024-07-26,601688.SH,11.74,11.95,11.73,11.84,35127400.0,414152045.99999994
2024-07-26,601698.SH,14.8,15.18,14.72,15.15,17701200.0,265075470.00000003
2024-07-29,601689.SH,33.85,33.89,32.82,33.38,17310200.0,581882373.0
2024-07-29,601698.SH,15.15,15.52,15.11,15.29,22394600.0,340845812.0
2024-07-29,601688.SH,11.83,11.85,11.66,11.69,31708900.0,372896664.0
2024-07-30,601688.SH,11.68,11.76,11.59,11.73,31016800.0,363051644.0
2024-07-30,601698.SH,15.36,16.82,15.15,16.82,49576400.0,797684276.0
2024-07-30,601689.SH,33.55,36.04,33.31,34.76,26255600.0,896760018.0
2024-07-31,601688.SH,11.74,12.31,11.73,12.18,95989800.0,1148038008.0
2024-07-31,601698.SH,17.34,17.93,16.87,17.53,129064200.0,2250234327.0000005
2024-07-31,601689.SH,34.4,36.37,34.21,35.97,21274400.0,748539764.0
2024-08-01,601698.SH,17.23,18.39,17.17,17.44,99039500.0,1716849732.5
2024-08-01,601688.SH,12.18,12.22,12.11,12.16,43433800.0,528589346.0
2024-08-01,601689.SH,36.0,36.55,35.37,35.56,14119400.0,505192132.0
2024-08-02,601689.SH,35.12,35.94,33.83,34.0,18167800.0,627879168.0
2024-08-02,601688.SH,12.09,12.17,11.9,11.91,41023600.0,492283200.0
2024-08-02,601698.SH,17.45,18.16,16.98,17.88,108951300.0,1924624714.5
2024-08-05,601688.SH,11.88,12.04,11.81,11.81,36357900.0,430659325.5
2024-08-05,601698.SH,18.03,18.68,16.76,16.92,103677600.0,1811766060.0000002
2024-08-05,601689.SH,33.67,34.49,32.88,33.0,17147300.0,571605245.5
2024-08-06,601688.SH,11.91,11.99,11.66,11.78,41772900.0,494800000.49999994
2024-08-06,601689.SH,33.55,34.05,33.03,34.05,16518300.0,558318540.0
2024-08-06,601698.SH,17.04,17.4,16.5,17.11,67391400.0,1150708155.0
2024-08-07,601698.SH,17.15,17.91,16.99,17.59,79575500.0,1382226434.9999998
2024-08-07,601689.SH,33.95,34.38,33.5,33.76,10073100.0,341024800.50000006
2024-08-07,601688.SH,11.78,11.86,11.71,11.76,22087400.0,259968698.0
2024-08-08,601688.SH,11.76,11.95,11.74,11.86,27080000.0,319814799.99999994
2024-08-08,601698.SH,17.33,17.34,16.29,16.35,74242500.0,1250243700.0
2024-08-08,601689.SH,33.52,34.08,33.05,33.73,9573900.0,321922387.5
2024-08-09,601689.SH,33.91,34.19,33.48,33.5,8603400.0,289977597.0
2024-08-09,601688.SH,11.92,11.96,11.79,11.8,20692800.0,245416608.0
2024-08-09,601698.SH,16.36,16.6,15.97,15.99,42707000.0,690785725.0
2024-08-12,601689.SH,33.38,33.4,32.3,33.16,16729100.0,556577156.9999999
2024-08-12,601698.SH,15.89,15.9,15.43,15.64,31441100.0,495668941.5
2024-08-12,601688.SH,11.79,11.88,11.75,11.78,19956100.0,235182638.5
2024-08-13,601698.SH,15.63,15.76,15.47,15.7,19264600.0,301779959.0
2024-08-13,601689.SH,33.17,33.64,32.43,33.09,12938100.0,428639253.00000006
2024-08-13,601688.SH,11.8,11.83,11.66,11.81,32861000.0,387924105.0
2024-08-14,601688.SH,11.79,11.84,11.69,11.7,19577800.0,229941260.99999997
2024-08-14,601689.SH,33.21,33.21,32.18,32.18,11225200.0,367007914.0
2024-08-14,601698.SH,15.72,15.78,15.46,15.48,18159900.0,283294440.0
2024-08-15,601688.SH,11.7,11.95,11.66,11.82,37767700.0,444148152.0
2024-08-15,601689.SH,32.16,33.75,31.89,33.37,21301500.0,697943647.5
2024-08-15,601698.SH,15.42,15.75,15.27,15.59,22185700.0,343989278.5
2024-08-16,601688.SH,11.89,11.93,11.77,11.83,30886100.0,366309146.0
2024-08-16,601698.SH,15.65,15.71,15.18,15.21,22285400.0,343863722.0
2024-08-16,601689.SH,33.38,33.58,32.96,33.08,8772900.0,291523467.00000006
2024-08-19,601688.SH,11.81,11.96,11.79,11.9,21492600.0,254794773.0
2024-08-19,601689.SH,33.07,33.6,32.65,32.78,7860300.0,258800377.49999997
2024-08-19,601698.SH,15.22,15.39,15.16,15.24,15208500.0,231625455.0
2024-08-20,601689.SH,32.67,32.93,31.84,32.09,9558600.0,309507468.0
2024-08-20,601688.SH,11.9,11.93,11.78,11.79,21105800.0,249998200.99999997
2024-08-20,601698.SH,15.25,15.34,15.11,15.19,14526500.0,221093329.99999997
2024-08-21,601698.SH,15.06,15.24,15.02,15.05,13739700.0,206851183.5
2024-08-21,601688.SH,11.79,11.92,11.72,11.75,20477100.0,241015467.0
2024-08-21,601689.SH,31.94,32.53,31.67,31.97,8449400.0,270000577.0
2024-08-22,601689.SH,31.95,31.96,30.99,31.12,14201200.0,447834842.0
2024-08-22,601688.SH,11.78,11.83,11.56,11.57,27480700.0,320837172.5
2024-08-22,601698.SH,15.05,15.18,14.78,14.9,19310000.0,289167250.0
2024-08-23,601689.SH,31.07,31.42,30.81,31.14,7301600.0,227116268.0
2024-08-23,601688.SH,11.57,11.83,11.56,11.76,29420900.0,343194798.5
2024-08-23,601698.SH,14.82,15.0,14.68,14.82,15779000.0,233844780.0
2024-08-26,601689.SH,31.34,31.73,31.09,31.19,7374700.0,230569995.5
2024-08-26,601698.SH,14.82,14.93,14.72,14.79,13113200.0,194140926.0
2024-08-26,601688.SH,11.8,11.88,11.75,11.84,21540000.0,254602800.0
2024-08-27,601688.SH,11.83,11.83,11.65,11.7,15801800.0,185908177.0
2024-08-27,601698.SH,14.82,14.82,14.43,14.51,14269100.0,209256351.5
2024-08-27,601689.SH,30.98,31.12,30.18,30.52,8966200.0,275710650.0
2024-08-28,601688.SH,11.71,11.75,11.6,11.69,15887300.0,185881410.0
2024-08-28,601698.SH,14.47,14.68,14.47,14.58,9054100.0,131510802.5
2024-08-28,601689.SH,30.33,30.98,30.15,30.96,8547700.0,261944266.5
2024-08-29,601689.SH,30.66,32.63,30.32,32.22,19415900.0,610435896.0
2024-08-29,601698.SH,14.52,14.8,14.5,14.73,12007600.0,175611150.0
2024-08-29,601688.SH,11.7,11.87,11.69,11.73,25379700.0,297323185.5
2024-08-30,601689.SH,32.2,33.56,31.84,33.07,22973500.0,749740172.5000001
2024-08-30,601688.SH,11.72,12.09,11.7,11.92,53866300.0,636699666.0
2024-08-30,601698.SH,14.81,15.07,14.72,14.96,23185700.0,345119144.50000006
2024-09-02,601688.SH,12.06,12.07,11.76,11.77,40765700.0,485723315.49999994
2024-09-02,601698.SH,14.97,15.0,14.46,14.46,19529100.0,287370706.5
2024-09-02,601689.SH,32.83,33.09,31.27,31.27,14093100.0,451683854.99999994
2024-09-03,601689.SH,31.31,32.79,31.13,32.44,18724600.0,596846625.0
2024-09-03,601698.SH,14.46,14.67,14.46,14.53,9752200.0,141358139.0
2024-09-03,601688.SH,11.75,11.91,11.69,11.79,28842400.0,339475048.0
2024-09-04,601689.SH,32.13,33.54,32.04,33.04,17439200.0,568256332.0
2024-09-04,601698.SH,14.46,14.55,14.3,14.36,10876100.0,156724601.0
2024-09-04,601688.SH,11.74,11.86,11.72,11.73,23782300.0,279085290.5
2024-09-05,601689.SH,33.39,34.87,33.38,34.34,25218500.0,854024502.5
2024-09-05,601688.SH,11.75,11.96,11.73,11.93,43330800.0,513036672.0
2024-09-05,601698.SH,14.36,14.56,14.3,14.53,11825600.0,170820792.0
2024-09-06,601698.SH,14.54,14.57,14.3,14.31,10281900.0,148316407.5
2024-09-06,601688.SH,12.21,12.36,12.08,12.17,101570700.0,1238146833.0000002
2024-09-06,601689.SH,34.76,35.07,34.03,34.35,17893100.0,618296070.5
2024-09-09,601688.SH,12.11,12.27,12.06,12.12,47736700.0,578330120.4999999
2024-09-09,601698.SH,14.17,14.37,14.15,14.21,7786000.0,110483340.00000001
2024-09-09,601689.SH,33.7,34.98,33.66,34.48,11724100.0,399674569.00000006
2024-09-10,601689.SH,34.39,35.37,34.2,34.78,15390400.0,532276984.0
2024-09-10,601688.SH,12.2,12.2,12.0,12.15,31399500.0,382288912.5
2024-09-10,601698.SH,14.24,14.45,14.09,14.42,10329100.0,148016003.0
2024-09-11,601689.SH,34.74,35.82,34.59,35.48,13206400.0,463676704.0
2024-09-11,601688.SH,12.13,12.31,12.09,12.25,36626100.0,446472159.00000006
2024-09-11,601698.SH,14.39,14.51,14.24,14.34,8732700.0,125445235.5
2024-09-12,601698.SH,14.35,14.48,14.22,14.23,7455000.0,106531950.0
2024-09-12,601688.SH,12.22,12.29,12.14,12.2,27863000.0,340207230.0
2024-09-12,601689.SH,35.49,35.55,34.69,34.76,12234400.0,429733300.0
2024-09-13,601688.SH,12.22,12.31,12.12,12.13,34917800.0,425124215.0
2024-09-13,601689.SH,34.67,35.27,34.44,34.45,7693100.0,265873536.00000003
2024-09-13,601698.SH,14.24,14.33,14.16,14.16,6544200.0,92927640.0
2024-09-18,601689.SH,34.36,35.17,33.82,34.98,12191300.0,422672371.0
2024-09-18,601698.SH,14.23,14.27,13.89,14.11,9030700.0,127965019.0
2024-09-18,601688.SH,12.1,12.22,12.04,12.12,26678700.0,323079057.0
2024-09-19,601698.SH,14.2,14.44,14.01,14.41,10874000.0,155552570.0
2024-09-19,601688.SH,12.21,12.52,12.11,12.33,74827700.0,918135879.0
2024-09-19,601689.SH,34.89,35.86,34.45,35.12,16335100.0,571810175.4999999
2024-09-20,601698.SH,14.37,14.46,14.13,14.28,10388100.0,148809532.5
2024-09-20,601688.SH,12.35,12.37,12.26,12.31,35307900.0,435346407.0
2024-09-20,601689.SH,35.81,36.49,35.47,35.79,15374100.0,550392780.0
2024-09-23,601698.SH,14.17,14.51,14.17,14.46,12225500.0,175008032.50000003
2024-09-23,601689.SH,36.04,36.65,35.44,35.75,11925900.0,428080180.49999994
2024-09-23,601688.SH,12.37,12.46,12.28,12.39,36150800.0,447546903.99999994
2024-09-24,601689.SH,36.35,36.92,35.07,36.73,17878200.0,653269428.0
2024-09-24,601688.SH,12.52,13.04,12.42,12.98,171295200.0,2184013800.0
2024-09-24,601698.SH,14.46,14.78,14.26,14.77,22800900.0,333235153.5
2024-09-25,601698.SH,14.96,15.26,14.79,14.81,30967600.0,460952726.00000006
2024-09-25,601688.SH,13.43,13.7,13.26,13.34,212450800.0,2843653958.0
2024-09-25,601689.SH,37.45,37.81,36.75,36.91,17272500.0,642191550.0
2024-09-26,601689.SH,36.8,39.25,36.65,39.25,20557800.0,781710345.0
2024-09-26,601688.SH,13.34,13.95,13.27,13.93,196239800.0,2675729673.0
2024-09-26,601698.SH,14.79,15.32,14.71,15.32,25763900.0,387875514.5
2024-09-27,601689.SH,39.59,41.79,39.5,41.31,11612200.0,469713490.00000006
2024-09-27,601698.SH,15.43,16.09,15.43,16.06,27478500.0,432648982.5
2024-09-27,601688.SH,14.31,15.15,14.07,15.15,183125700.0,2697441561.0
2024-09-30,601698.SH,16.95,17.45,16.17,17.24,64949400.0,1110309993.0
2024-09-30,601688.SH,16.61,16.67,16.0,16.67,375256500.0,6244268160.0
2024-09-30,601689.SH,43.38,45.45,42.72,45.45,30268200.0,1344362103.0000002
2024-10-08,601688.SH,18.34,18.34,17.9,18.34,273877600.0,5022915184.0
2024-10-08,601689.SH,50.0,50.0,45.07,48.73,44858300.0,2214429979.5
2024-10-08,601698.SH,18.95,18.95,17.09,18.25,83454900.0,1552261140.0
2024-10-09,601689.SH,47.14,50.09,45.8,47.12,38972500.0,1836773924.9999998
2024-10-09,601688.SH,17.91,18.85,16.85,16.9,580306700.0,10100238113.5
2024-10-09,601698.SH,17.7,17.7,16.43,16.43,58709900.0,1001884443.4999999
2024-10-10,601698.SH,16.36,17.64,16.36,16.88,52071300.0,865425005.9999999
2024-10-10,601688.SH,17.24,17.41,15.97,16.61,350983200.0,5940390659.999999
2024-10-10,601689.SH,47.09,48.32,44.48,45.75,36044500.0,1673185690.0
2024-10-11,601698.SH,16.96,16.96,16.04,16.21,32515400.0,539267909.0
2024-10-11,601688.SH,16.32,16.58,15.94,16.09,212028200.0,3435916980.9999995
2024-10-11,601689.SH,45.59,46.15,42.93,43.79,35304100.0,1577740229.0
2024-10-14,601689.SH,42.92,44.11,41.22,43.14,46534600.0,2002383838.0
2024-10-14,601698.SH,16.31,16.93,16.27,16.87,37086400.0,615263376.0
2024-10-14,601688.SH,16.15,16.28,15.61,16.07,203059300.0,3271285323.0
2024-10-15,601689.SH,43.13,43.13,41.28,41.32,25392600.0,1072202535.0
2024-10-15,601688.SH,15.9,16.14,15.41,15.47,155119500.0,2433049357.5
2024-10-15,601698.SH,16.76,17.26,16.57,16.78,36729100.0,615947007.0000001
2024-10-16,601688.SH,15.18,15.83,15.15,15.51,164964500.0,2531380252.5
2024-10-16,601698.SH,16.59,16.69,16.24,16.44,25408000.0,419613120.0
2024-10-16,601689.SH,40.58,41.29,39.94,40.86,22752700.0,926489944.0
2024-10-17,601688.SH,15.62,16.17,15.47,15.69,157493700.0,2465563873.5
2024-10-17,601698.SH,16.46,16.89,16.46,16.64,25504300.0,422096165.0
2024-10-17,601689.SH,41.13,41.75,40.89,40.96,17883400.0,734024153.0
2024-10-18,601698.SH,16.76,17.45,16.47,17.02,49865900.0,842235051.0
2024-10-18,601689.SH,40.87,45.06,40.28,44.31,35668500.0,1519121415.0000002
2024-10-18,601688.SH,15.66,17.19,15.47,16.39,266479900.0,4270340397.4999995
2024-10-21,601698.SH,17.16,18.24,17.16,17.99,79189700.0,1391758977.5
2024-10-21,601689.SH,44.35,44.65,43.11,43.17,26778600.0,1171831536.0000002
2024-10-21,601688.SH,16.41,16.57,16.06,16.42,160119400.0,2628359951.0
2024-10-22,601689.SH,43.13,45.19,42.63,43.9,26169600.0,1138770144.0
2024-10-22,601698.SH,18.23,18.23,17.29,17.47,56375300.0,1006299105.0000001
2024-10-22,601688.SH,16.37,16.59,16.28,16.5,90045000.0,1479889575.0000002
2024-10-23,601689.SH,43.92,45.27,43.33,44.21,20883500.0,920231427.5
2024-10-23,601688.SH,16.55,16.71,16.38,16.43,103618200.0,1708664118.0000002
2024-10-23,601698.SH,17.45,17.99,17.32,17.55,48935700.0,856374750.0
2024-10-24,601698.SH,17.46,17.7,17.22,17.32,25540500.0,444149295.0
2024-10-24,601689.SH,45.51,47.43,44.61,44.81,35746000.0,1614289359.9999998
2024-10-24,601688.SH,16.29,16.45,16.19,16.34,75805600.0,1236768363.9999998
2024-10-25,601689.SH,46.87,46.9,45.19,45.57,22957000.0,1061072540.0
2024-10-25,601688.SH,16.39,16.61,16.33,16.4,68977600.0,1130887752.0
2024-10-25,601698.SH,17.39,17.44,17.11,17.24,28662400.0,496289455.99999994
2024-10-28,601698.SH,17.23,17.43,17.11,17.29,26345800.0,454728507.99999994
2024-10-28,601688.SH,16.38,16.57,16.31,16.53,69068000.0,1136513940.0
2024-10-28,601689.SH,44.85,45.58,43.72,45.58,17060200.0,771376943.0
2024-10-29,601689.SH,45.78,46.27,44.66,44.79,18030000.0,816488549.9999999
2024-10-29,601688.SH,16.62,16.84,16.39,16.41,79384000.0,1311026760.0
2024-10-29,601698.SH,17.29,17.54,17.17,17.29,32151300.0,555895977.0
2024-10-30,601688.SH,16.39,16.79,16.35,16.63,94800200.0,1565151301.9999998
2024-10-30,601698.SH,17.24,17.34,16.96,17.14,26036900.0,447574310.99999994
2024-10-30,601689.SH,44.7,45.19,43.37,44.17,16172500.0,718625037.5
2024-10-31,601689.SH,44.18,44.21,42.47,42.77,23576500.0,1024988337.5
2024-10-31,601698.SH,17.06,17.07,16.55,16.96,33971700.0,577858616.9999999
2024-10-31,601688.SH,16.38,17.19,16.14,16.85,221911000.0,3687051265.0000005
2024-11-01,601698.SH,16.84,16.89,16.37,16.52,26672400.0,444895632.0
2024-11-01,601688.SH,16.83,17.29,16.73,16.88,152434200.0,2569278440.9999995
2024-11-01,601689.SH,42.37,42.94,41.94,42.16,14710900.0,621756188.5
2024-11-04,601689.SH,43.23,45.18,42.94,43.67,27256300.0,1184286235.0
2024-11-04,601698.SH,16.5,17.06,16.49,16.86,22854100.0,381206388.0
2024-11-04,601688.SH,17.11,17.66,17.04,17.65,170827100.0,2968974998.0
2024-11-05,601688.SH,17.79,18.81,17.56,18.78,265513800.0,4854919833.0
2024-11-05,601698.SH,16.88,17.56,16.87,17.41,45677700.0,783144166.5
2024-11-05,601689.SH,43.74,44.8,42.44,44.25,28085900.0,1235639170.5000002
2024-11-06,601688.SH,19.0,19.56,18.48,18.63,291497400.0,5484523580.999999
2024-11-06,601698.SH,17.54,19.15,17.32,18.91,131028400.0,2387992590.0
2024-11-06,601689.SH,44.46,48.67,44.46,47.47,68128900.0,3131544888.5
2024-11-07,601698.SH,19.0,20.81,19.0,20.35,209868600.0,4129164705.0
2024-11-07,601688.SH,18.25,19.97,18.08,19.57,322573500.0,6099864885.0
2024-11-07,601689.SH,48.13,49.37,46.96,48.94,51485000.0,2498824475.0
2024-11-08,601688.SH,19.99,20.05,18.9,18.92,252042100.0,4903479055.5
2024-11-08,601689.SH,48.93,53.82,48.47,51.76,47357700.0,2384223406.5
2024-11-08,601698.SH,20.35,22.38,19.45,22.38,89228700.0,1906371175.5000002
2024-11-11,601689.SH,52.94,56.94,51.96,56.94,40021200.0,2198764728.0
2024-11-11,601698.SH,24.62,24.62,24.62,24.62,14761100.0,363418282.0
2024-11-11,601688.SH,18.61,18.87,18.43,18.76,150530900.0,2812669866.5000005
2024-11-12,601689.SH,58.63,58.63,55.6,56.31,46634900.0,2680107703.0
2024-11-12,601698.SH,25.19,27.08,24.93,25.66,304302300.0,7736885977.5
2024-11-12,601688.SH,18.77,19.43,18.35,18.56,172950000.0,3228111750.0
2024-11-13,601688.SH,18.4,18.62,18.11,18.45,132747200.0,2445867159.9999995
2024-11-13,601689.SH,54.82,55.02,51.09,52.52,50558300.0,2713463961.0
2024-11-13,601698.SH,25.32,28.22,25.32,28.22,294496500.0,7883671305.0
2024-11-14,601698.SH,26.77,26.77,25.4,25.4,170386300.0,4444526635.5
2024-11-14,601689.SH,52.52,54.69,52.07,52.72,38114100.0,2005563942.0000002
2024-11-14,601688.SH,18.46,18.78,18.24,18.28,110532000.0,2030472840.0
2024-11-15,601688.SH,18.21,18.45,17.67,17.69,117223600.0,2104163620.0000002
2024-11-15,601689.SH,51.1,52.25,50.11,50.2,30072300.0,1523161995.0000002
2024-11-15,601698.SH,23.94,25.24,22.85,23.29,235599500.0,5563682192.5
2024-11-18,601698.SH,22.95,23.16,21.15,21.5,154920700.0,3443112557.5
2024-11-18,601688.SH,17.78,18.0,17.41,17.56,97575800.0,1724164386.0000002
2024-11-18,601689.SH,50.22,51.95,49.63,50.05,21872800.0,1096592828.0
2024-11-19,601688.SH,17.58,17.73,17.26,17.66,87425000.0,1540428499.9999998
2024-11-19,601698.SH,21.85,22.58,21.01,22.16,134836600.0,2967079383.0000005
2024-11-19,601689.SH,50.97,52.94,50.63,52.37,28482400.0,1471685608.0
2024-11-20,601689.SH,51.58,53.44,51.38,51.94,27481500.0,1422442440.0
2024-11-20,601698.SH,21.8,23.08,21.65,22.51,149620900.0,3314851039.5
2024-11-20,601688.SH,17.63,17.74,17.52,17.65,64290500.0,1134084420.0
2024-11-21,601688.SH,17.65,17.82,17.54,17.65,67941300.0,1199163945.0
2024-11-21,601689.SH,51.45,52.2,50.63,52.2,19227600.0,996470370.0
2024-11-21,601698.SH,22.82,23.19,22.12,22.64,126847000.0,2883232310.0
2024-11-22,601688.SH,17.64,17.65,16.72,16.75,109128200.0,1876459399.0
2024-11-22,601698.SH,22.24,22.51,21.08,21.12,108533700.0,2353010616.0
2024-11-22,601689.SH,52.06,54.53,51.82,52.21,36520300.0,1903985840.5000002
2024-11-25,601688.SH,16.82,16.85,16.44,16.72,76568400.0,1284052068.0
2024-11-25,601698.SH,20.75,20.89,19.98,20.54,79168600.0,1634435747.0
2024-11-25,601689.SH,52.59,53.83,50.38,51.78,25893500.0,1351252297.5
2024-11-26,601688.SH,16.67,16.91,16.65,16.72,46353500.0,773871682.5
2024-11-26,601698.SH,20.6,20.9,20.1,20.12,55184100.0,1123548276.0
2024-11-26,601689.SH,50.12,50.13,48.14,48.36,36597400.0,1802055975.9999998
2024-11-27,601688.SH,16.71,16.96,16.6,16.95,63629000.0,1070876069.9999999
2024-11-27,601689.SH,48.24,49.96,47.75,49.81,19486800.0,955340370.0000001
2024-11-27,601698.SH,19.96,22.14,19.9,22.14,150376000.0,3165414800.0
2024-11-28,601689.SH,49.2,49.61,48.24,48.43,14715800.0,718351777.0
2024-11-28,601698.SH,21.95,23.1,21.7,21.97,150132100.0,3296900916.0
2024-11-28,601688.SH,17.0,17.12,16.84,16.89,52472600.0,889148207.0
2024-11-29,601688.SH,16.85,17.67,16.85,17.17,107988100.0,1836877581.0000002
2024-11-29,601689.SH,48.63,51.64,48.39,51.38,26545200.0,1327392726.0
2024-11-29,601698.SH,21.97,23.88,21.97,23.11,137113100.0,3090529274.0
2024-12-02,601688.SH,17.08,17.43,17.06,17.36,75066500.0,1292645130.0
2024-12-02,601689.SH,51.38,53.55,50.5,52.11,27118200.0,1403231259.0000002
2024-12-02,601698.SH,23.04,23.21,22.52,22.94,91029400.0,2092765906.0000002
2024-12-03,601688.SH,17.33,17.54,17.18,17.43,63314300.0,1100402534.0
2024-12-03,601698.SH,22.74,23.09,22.07,22.4,70576600.0,1592913862.0
2024-12-03,601689.SH,52.37,53.11,51.46,52.09,15756000.0,822935880.0000001
2024-12-04,601689.SH,51.78,54.32,51.32,52.8,28607100.0,1495865259.0
2024-12-04,601688.SH,17.37,17.45,17.16,17.29,50805700.0,880462780.9999999
2024-12-04,601698.SH,22.15,22.38,21.84,22.07,48707700.0,1076927247.0
2024-12-05,601688.SH,17.22,17.42,17.22,17.32,45840800.0,791670616.0
2024-12-05,601689.SH,52.72,55.1,52.64,53.43,30306800.0,1608533410.0
2024-12-05,601698.SH,22.04,22.85,21.91,22.54,66249100.0,1476692439.0
2024-12-06,601688.SH,17.32,18.02,17.23,17.8,107348600.0,1885041416.0000002
2024-12-06,601689.SH,53.35,54.21,51.69,53.42,22534900.0,1203025636.5
2024-12-06,601698.SH,22.75,22.8,21.95,22.23,48792400.0,1097341076.0
2024-12-09,601689.SH,53.63,54.62,51.97,52.64,28175800.0,1497121133.0000002
2024-12-09,601688.SH,17.77,17.83,17.4,17.61,61378900.0,1085792740.9999998
2024-12-09,601698.SH,22.15,22.15,21.4,21.52,50712200.0,1107300887.0
2024-12-10,601688.SH,18.5,18.58,17.72,17.72,135333300.0,2450886063.0
2024-12-10,601698.SH,22.17,23.53,21.73,22.92,112902800.0,2545393626.0
2024-12-10,601689.SH,54.04,55.51,52.71,53.72,30780800.0,1658469503.9999998
2024-12-11,601689.SH,53.52,53.55,51.09,51.64,31758700.0,1669872446.0
2024-12-11,601688.SH,17.71,17.84,17.51,17.62,62102400.0,1097038896.0
2024-12-11,601698.SH,22.54,22.86,22.31,22.86,63176600.0,1434108820.0
2024-12-12,601688.SH,17.63,17.9,17.47,17.78,76316700.0,1351187173.4999998
2024-12-12,601689.SH,52.27,52.91,51.16,51.81,20735000.0,1079049400.0000002
2024-12-12,601698.SH,22.74,23.69,22.28,23.28,83994200.0,1932706541.9999998
2024-12-13,601689.SH,51.19,51.81,50.5,50.65,16644000.0,847512480.0
2024-12-13,601688.SH,17.65,17.65,17.21,17.23,83638600.0,1458657183.9999998
2024-12-13,601698.SH,22.92,24.44,22.65,23.49,110239200.0,2558100636.0
2024-12-16,601698.SH,23.14,24.4,22.68,23.02,88497800.0,2042529223.9999998
2024-12-16,601688.SH,17.22,17.31,16.91,16.98,63593200.0,1087443720.0
2024-12-16,601689.SH,50.54,50.87,48.63,49.29,24057200.0,1200815138.0
2024-12-17,601689.SH,49.86,50.6,49.04,49.27,18463100.0,915123551.5
2024-12-17,601688.SH,16.95,17.24,16.94,17.08,54477400.0,926932961.0
2024-12-17,601698.SH,22.74,22.74,21.45,21.55,68783800.0,1523217251.0
2024-12-18,601688.SH,17.11,17.28,17.07,17.14,47266500.0,809438812.5
2024-12-18,601689.SH,49.67,49.72,48.65,49.26,12810900.0,633691168.5
2024-12-18,601698.SH,21.98,22.36,21.57,21.76,45534900.0,995848263.0
2024-12-19,601688.SH,17.01,17.2,16.92,17.17,47307600.0,808486884.0000001
2024-12-19,601698.SH,21.15,21.89,21.1,21.7,33048200.0,708057684.9999999
2024-12-19,601689.SH,48.61,50.54,48.2,50.16,16138900.0,797019576.5
2024-12-20,601688.SH,17.11,17.28,17.04,17.1,50439800.0,862772779.0
2024-12-20,601689.SH,50.01,51.08,49.76,49.92,13545000.0,676775925.0
2024-12-20,601698.SH,21.75,22.08,21.58,21.81,29782300.0,648658494.0
2024-12-23,601698.SH,21.85,21.89,21.39,21.43,25590300.0,553774092.0
2024-12-23,601689.SH,49.64,50.2,48.43,48.52,18471900.0,906600852.0
2024-12-23,601688.SH,17.08,17.36,17.07,17.11,53829200.0,920210173.9999999
2024-12-24,601688.SH,17.12,17.56,17.12,17.53,81645800.0,1414513485.0000002
2024-12-24,601689.SH,48.92,49.47,48.59,49.32,12120900.0,595378608.0
2024-12-24,601698.SH,21.5,21.65,20.93,21.41,26839700.0,575845763.5
2024-12-25,601688.SH,17.55,17.61,17.31,17.44,50452100.0,882659489.5
2024-12-25,601698.SH,21.43,21.61,21.05,21.15,24531500.0,522275635.0
2024-12-25,601689.SH,49.67,50.68,49.31,49.53,12652600.0,627568960.0
2024-12-26,601698.SH,21.3,21.67,21.21,21.67,30508700.0,655479419.5
2024-12-26,601688.SH,17.44,17.44,17.26,17.28,49810400.0,864708544.0
2024-12-26,601689.SH,49.52,52.06,49.12,51.35,28450700.0,1434911054.5
2024-12-27,601688.SH,17.29,17.62,17.2,17.32,82007600.0,1419141518.0
2024-12-27,601698.SH,21.74,21.88,21.25,21.38,33879200.0,730435552.0
2024-12-27,601689.SH,51.09,51.44,49.99,50.14,15884500.0,803993967.5
2024-12-30,601698.SH,21.28,21.38,20.97,21.06,21773800.0,460951346.00000006
2024-12-30,601689.SH,50.14,50.48,49.24,49.39,12905800.0,642257137.0
2024-12-30,601688.SH,17.28,17.49,17.26,17.44,68450900.0,1188307624.0
2024-12-31,601689.SH,49.42,49.71,48.14,48.14,14929500.0,728261010.0
2024-12-31,601698.SH,21.03,21.11,20.33,20.35,28439600.0,588415324.0
2024-12-31,601688.SH,17.47,17.49,16.81,16.81,95777000.0,1641617780.0
2025-01-02,601698.SH,20.08,20.29,19.26,19.56,31315800.0,620679156.0
2025-01-02,601689.SH,48.14,48.58,46.37,46.86,19814600.0,941193500.0
2025-01-02,601688.SH,16.72,16.73,15.86,16.06,130218600.0,2134282854.0
2025-01-03,601698.SH,19.61,19.68,18.66,18.68,30301900.0,580129875.5
2025-01-03,601689.SH,46.93,47.12,45.22,45.29,16861400.0,777479154.0
2025-01-03,601688.SH,16.13,16.15,15.71,15.79,73200500.0,1168279980.0
2025-01-06,601689.SH,45.58,46.42,45.39,45.72,13302900.0,607277385.0
2025-01-06,601698.SH,18.61,18.79,18.41,18.63,19549400.0,364009827.99999994
2025-01-06,601688.SH,15.77,15.89,15.67,15.83,46214000.0,730181200.0
2025-01-07,601698.SH,18.79,19.01,18.63,19.0,15975400.0,301855183.0
2025-01-07,601689.SH,46.44,47.12,45.49,46.9,13289500.0,620220965.0
2025-01-07,601688.SH,15.9,16.01,15.82,16.0,39828600.0,635266170.0
2025-01-08,601689.SH,46.68,47.29,45.84,47.1,16544300.0,775762227.0
2025-01-08,601698.SH,18.82,19.0,18.25,18.91,19212000.0,362434380.00000006
2025-01-08,601688.SH,15.96,15.98,15.53,15.77,58089700.0,921593090.5
2025-01-09,601698.SH,18.76,19.54,18.7,19.27,23671700.0,450117375.5
2025-01-09,601689.SH,47.06,51.25,46.58,50.48,37517400.0,1829723597.9999998
2025-01-09,601688.SH,15.76,15.89,15.68,15.78,28718900.0,452897053.0
2025-01-10,601688.SH,15.75,15.9,15.63,15.63,37346500.0,585966585.0
2025-01-10,601698.SH,19.17,19.41,18.8,18.8,17376100.0,329885258.5
2025-01-10,601689.SH,50.48,55.5,50.23,52.07,61604000.0,3158745100.0
2025-01-13,601689.SH,51.09,54.53,50.97,52.17,46422700.0,2396804001.0
2025-01-13,601698.SH,18.58,19.03,18.46,18.89,12790400.0,239628144.0
2025-01-13,601688.SH,15.48,15.73,15.47,15.62,33530700.0,521402385.0
2025-01-14,601688.SH,15.65,16.15,15.62,16.13,62905200.0,999563628.0
2025-01-14,601698.SH,18.96,19.88,18.81,19.87,27913300.0,541936719.5
2025-01-14,601689.SH,51.51,56.98,51.27,56.98,46594600.0,2527524077.0
2025-01-15,601689.SH,56.05,56.49,54.73,55.27,35723200.0,1988353311.9999998
2025-01-15,601698.SH,19.85,19.95,19.38,19.45,20962800.0,411919020.0
2025-01-15,601688.SH,16.05,16.16,15.97,16.02,33682200.0,540094077.0
2025-01-16,601688.SH,16.08,16.23,15.86,15.96,42535600.0,681420312.0
2025-01-16,601698.SH,19.55,19.81,19.15,19.35,17351200.0,337480840.00000006
2025-01-16,601689.SH,55.97,56.04,54.16,54.9,28357700.0,1572009099.5
2025-01-17,601689.SH,55.27,55.27,53.3,54.4,23722000.0,1300795870.0
2025-01-17,601698.SH,19.21,20.13,19.15,19.56,22633700.0,438754274.49999994
2025-01-17,601688.SH,15.9,16.2,15.87,16.1,37404800.0,598476800.0
2025-01-20,601689.SH,55.51,56.76,54.98,55.54,23443300.0,1301689232.5
2025-01-20,601698.SH,19.78,20.0,19.56,19.69,19743900.0,389645866.5
2025-01-20,601688.SH,16.23,16.39,16.12,16.14,41855300.0,677428030.5000001
2025-01-21,601688.SH,16.29,16.32,16.04,16.18,30661500.0,497789452.5
2025-01-21,601689.SH,56.5,61.09,55.69,61.09,39460400.0,2320074218.0
2025-01-21,601698.SH,19.83,20.3,19.45,19.92,29582400.0,587950200.0
2025-01-22,601689.SH,62.31,65.49,61.29,63.3,64520400.0,4052203722.0
2025-01-22,601698.SH,19.78,19.83,19.15,19.31,25442400.0,497271708.00000006
2025-01-22,601688.SH,16.1,16.2,16.0,16.15,34061500.0,549241687.5
2025-01-23,601698.SH,19.54,19.98,19.37,19.39,24784300.0,482426399.5
2025-01-23,601688.SH,16.42,16.74,16.3,16.34,68130300.0,1115974314.0000002
2025-01-23,601689.SH,63.85,64.94,61.9,62.7,38471400.0,2434277835.0
2025-01-24,601698.SH,19.55,19.64,19.3,19.62,16293400.0,319106239.0
2025-01-24,601688.SH,16.29,16.55,16.23,16.48,44606900.0,730884056.4999999
2025-01-24,601689.SH,62.55,66.81,61.7,64.38,42526100.0,2698918936.5
2025-01-27,601689.SH,65.35,66.51,63.86,64.52,31191500.0,2025420052.5
2025-01-27,601698.SH,19.63,19.81,19.11,19.14,14606400.0,283145064.0
2025-01-27,601688.SH,16.58,16.58,16.23,16.23,38712300.0,635075281.5
2025-02-05,601688.SH,16.4,16.4,16.14,16.22,38932800.0,634993968.0
2025-02-05,601689.SH,65.83,69.16,64.04,66.75,45558700.0,3020086222.9999995
2025-02-05,601698.SH,19.16,20.02,19.16,19.74,22753700.0,442559465.0
2025-02-06,601698.SH,19.76,21.45,19.56,20.98,55823900.0,1137132843.0
2025-02-06,601689.SH,65.83,73.42,65.53,73.42,49603000.0,3453608875.0
2025-02-06,601688.SH,16.19,16.45,16.15,16.39,46052700.0,750198483.0
2025-02-07,601688.SH,16.42,16.9,16.31,16.7,85206700.0,1411022952.0000002
2025-02-07,601689.SH,73.59,74.88,70.21,71.93,53140400.0,3866495504.0000005
2025-02-07,601698.SH,20.75,21.23,20.62,20.91,41922600.0,873247757.9999999
2025-02-10,601698.SH,21.03,21.7,20.89,21.46,45669800.0,970254901.0
2025-02-10,601688.SH,16.67,16.87,16.63,16.68,49995700.0,833678297.5
2025-02-10,601689.SH,70.73,71.23,66.81,68.67,58763500.0,4095815950.0
2025-02-11,601698.SH,21.33,21.74,20.88,21.4,39045400.0,834204970.9999999
2025-02-11,601688.SH,16.68,16.81,16.52,16.74,49391500.0,825331965.0
2025-02-11,601689.SH,67.53,69.56,66.97,68.47,35588800.0,2420038400.0
2025-02-12,601689.SH,66.81,69.1,64.87,68.28,37252300.0,2516206603.5
2025-02-12,601688.SH,16.69,16.88,16.6,16.86,48476800.0,813198319.9999999
2025-02-12,601698.SH,21.28,21.5,21.04,21.42,28101700.0,599971295.0
2025-02-13,601688.SH,16.85,17.14,16.73,16.98,84563800.0,1430396677.0
2025-02-13,601698.SH,21.43,21.52,20.96,20.97,24680000.0,523216000.0
2025-02-13,601689.SH,68.4,70.35,67.5,67.69,41400500.0,2817097022.5
2025-02-14,601689.SH,68.52,68.52,66.06,67.52,36055200.0,2452474704.0
2025-02-14,601698.SH,20.98,21.28,20.73,21.22,23855900.0,503359490.00000006
2025-02-14,601688.SH,16.89,17.26,16.88,17.15,70586200.0,1201377124.0
2025-02-17,601698.SH,21.19,21.43,20.91,21.13,24975400.0,528479464.0
2025-02-17,601688.SH,17.32,17.35,16.87,17.03,71121500.0,1221511762.5
2025-02-17,601689.SH,67.52,69.59,66.67,69.35,41868700.0,2865284484.5
2025-02-18,601698.SH,21.13,21.13,20.07,20.1,31571000.0,650836165.0000001
2025-02-18,601688.SH,16.98,17.02,16.6,16.67,57576600.0,968726295.0000001
2025-02-18,601689.SH,69.32,69.63,67.67,67.98,27481500.0,1886604975.0000002
2025-02-19,601698.SH,20.09,20.62,20.05,20.59,21416900.0,435619746.0
2025-02-19,601688.SH,16.6,16.87,16.59,16.76,45648700.0,761420316.0
2025-02-19,601689.SH,68.09,72.57,67.68,71.91,46727700.0,3270939000.0
2025-02-20,601689.SH,70.74,73.44,69.91,70.94,36060700.0,2554539988.0
2025-02-20,601688.SH,16.7,16.79,16.6,16.74,37803700.0,632077864.0
2025-02-20,601698.SH,20.61,21.5,20.43,21.37,37510400.0,787343296.0000001
2025-02-21,601698.SH,21.23,21.92,21.02,21.62,47310300.0,1013623177.5
2025-02-21,601688.SH,16.76,17.14,16.61,17.05,75457800.0,1275614109.0
2025-02-21,601689.SH,70.71,73.64,70.18,71.87,36906600.0,2631071513.9999995
2025-02-24,601698.SH,21.93,22.9,21.52,22.03,70911200.0,1558628176.0
2025-02-24,601688.SH,17.05,17.28,16.98,17.17,67606500.0,1156747215.0
2025-02-24,601689.SH,71.92,72.96,69.07,70.13,36094400.0,2563604760.0
2025-02-25,601698.SH,21.55,22.38,21.48,21.97,47251100.0,1028183935.9999999
2025-02-25,601689.SH,68.58,71.41,67.99,70.83,29420200.0,2050735041.0
2025-02-25,601688.SH,17.03,17.19,16.9,16.92,46815700.0,794696507.5000001
2025-02-26,601698.SH,21.95,22.07,21.29,21.64,43911900.0,957059860.5000001
2025-02-26,601688.SH,16.93,17.22,16.87,17.2,60184700.0,1027051905.4999999
2025-02-26,601689.SH,69.41,74.87,69.13,71.23,43912200.0,3087905903.9999995
2025-02-27,601688.SH,17.18,17.29,16.92,17.14,66977800.0,1149339048.0
2025-02-27,601689.SH,70.3,71.09,64.52,65.84,70004700.0,4765219928.999999
2025-02-27,601698.SH,21.39,21.42,20.54,20.88,43053100.0,909927268.4999999
2025-02-28,601688.SH,17.08,17.28,16.63,16.7,65923500.0,1113447915.0
2025-02-28,601698.SH,20.65,20.65,19.6,19.68,37794500.0,762126092.5
2025-02-28,601689.SH,65.84,65.84,61.9,62.05,52919700.0,3383950216.5
2025-03-03,601698.SH,19.64,20.04,19.38,19.64,27506700.0,540231588.0
2025-03-03,601689.SH,62.05,62.88,60.4,60.95,35624300.0,2190894450.0
2025-03-03,601688.SH,16.7,16.9,16.64,16.75,49053100.0,820413097.5000001
2025-03-04,601688.SH,16.67,17.09,16.63,16.88,48159200.0,807870579.9999999
2025-03-04,601689.SH,60.9,62.65,60.14,61.19,29891800.0,1824744931.0
2025-03-04,601698.SH,19.65,20.25,19.57,20.04,32084100.0,636708964.5
2025-03-05,601698.SH,20.0,21.9,20.0,21.24,88325600.0,1821273871.9999998
2025-03-05,601688.SH,16.88,17.03,16.78,16.92,36171900.0,611305110.0
2025-03-05,601689.SH,60.91,62.0,60.49,61.17,24927300.0,1521562392.0
2025-03-06,601688.SH,17.06,17.28,17.0,17.2,82349200.0,1410641796.0
2025-03-06,601698.SH,21.27,21.93,20.88,21.75,92532200.0,1990367621.9999998
2025-03-06,601689.SH,61.86,62.92,61.6,62.42,37391500.0,2323507810.0
2025-03-07,601689.SH,62.19,64.2,61.76,62.81,49044600.0,3065287500.0
2025-03-07,601698.SH,21.65,22.02,21.25,21.55,57448100.0,1240878960.0
2025-03-07,601688.SH,17.15,17.15,16.85,16.89,53951800.0,918259636.0
2025-03-10,601698.SH,21.55,21.73,21.25,21.39,31011600.0,665819052.0
2025-03-10,601688.SH,16.86,16.91,16.63,16.69,45267300.0,759358957.4999999
2025-03-10,601689.SH,63.57,64.02,61.45,61.99,31907200.0,2003134016.0
2025-03-11,601698.SH,21.04,21.73,20.9,21.41,36126900.0,766793452.5
2025-03-11,601689.SH,59.76,60.56,57.97,58.88,57886600.0,3433833112.0
2025-03-11,601688.SH,16.56,16.86,16.53,16.86,41616000.0,695403360.0
2025-03-12,601688.SH,16.85,17.09,16.75,16.84,50007800.0,842381391.0
2025-03-12,601698.SH,21.53,21.58,21.08,21.1,35613600.0,759103884.0
2025-03-12,601689.SH,59.3,59.38,58.06,58.54,29254400.0,1723669248.0
2025-03-13,601688.SH,16.8,16.94,16.69,16.82,38860500.0,653245005.0000001
2025-03-13,601689.SH,58.75,59.04,56.5,56.97,28606200.0,1655154732.0
2025-03-13,601698.SH,21.18,21.3,20.45,20.62,32902400.0,687660160.0
2025-03-14,601698.SH,20.4,20.85,20.29,20.79,30402300.0,626135368.5
2025-03-14,601688.SH,16.86,17.41,16.83,17.28,136896200.0,2336818134.0
2025-03-14,601689.SH,56.59,62.66,56.31,62.66,58184300.0,3469238887.5
2025-03-17,601688.SH,17.33,17.4,17.18,17.21,64935200.0,1121430904.0
2025-03-17,601689.SH,62.98,62.98,60.42,60.83,54138600.0,3351450033.0
2025-03-17,601698.SH,20.8,20.91,20.61,20.64,23659300.0,490220696.0
2025-03-18,601688.SH,17.28,17.45,17.28,17.35,62510000.0,1082360650.0
2025-03-18,601689.SH,60.96,61.06,59.34,59.74,36032400.0,2174555340.0
2025-03-18,601698.SH,20.73,20.77,20.41,20.5,22690000.0,467754350.00000006
2025-03-19,601688.SH,17.32,17.44,17.29,17.36,44755000.0,776051700.0
2025-03-19,601689.SH,59.34,60.16,58.23,58.92,32568600.0,1925781318.0
2025-03-19,601698.SH,20.5,20.61,20.24,20.33,21667400.0,442339971.0
2025-03-20,601698.SH,20.35,20.55,20.2,20.46,20676100.0,421895820.5
2025-03-20,601689.SH,59.18,61.93,58.27,60.26,57019000.0,3405174680.0
2025-03-20,601688.SH,17.34,17.37,17.02,17.11,50000700.0,861262057.5000001
2025-03-21,601688.SH,17.06,17.15,16.8,16.83,56423800.0,956101291.0
2025-03-21,601689.SH,59.45,60.39,57.13,57.48,43400800.0,2537427772.0
2025-03-21,601698.SH,20.35,20.78,20.26,20.28,34570300.0,702295644.5
2025-03-24,601688.SH,16.82,17.04,16.79,16.93,44986800.0,759152250.0
2025-03-24,601689.SH,57.49,58.8,56.79,58.11,30900200.0,1786031560.0
2025-03-24,601698.SH,20.34,20.4,19.4,19.74,34358000.0,688534320.0
2025-03-25,601698.SH,19.56,19.89,19.41,19.55,18965900.0,370878174.5
2025-03-25,601689.SH,59.27,59.61,56.57,56.92,33191400.0,1928254383.0
2025-03-25,601688.SH,16.93,17.06,16.83,17.04,42996100.0,730288758.5
2025-03-26,601698.SH,19.45,19.64,19.45,19.49,14901900.0,290139993.0
2025-03-26,601689.SH,56.53,58.95,56.52,57.65,27857600.0,1590390384.0
2025-03-26,601688.SH,16.99,17.06,16.9,16.91,26532400.0,449724180.0
2025-03-27,601688.SH,16.91,17.06,16.77,16.9,42188100.0,713189830.5
2025-03-27,601689.SH,56.99,59.72,56.59,58.55,40537200.0,2341834044.0
2025-03-27,601698.SH,19.46,19.61,19.05,19.33,17757400.0,344404773.0
2025-03-28,601689.SH,58.36,58.8,57.74,58.0,20828300.0,1211790494.0
2025-03-28,601688.SH,16.93,16.94,16.73,16.8,46309200.0,781004658.0000001
2025-03-28,601698.SH,19.32,19.4,19.03,19.04,15891400.0,304797052.0
2025-03-31,601688.SH,16.63,16.63,15.78,15.8,160993400.0,2610507981.0
2025-03-31,601689.SH,57.41,58.17,55.34,56.76,32494900.0,1854971366.4999998
2025-03-31,601698.SH,19.04,19.11,18.71,19.0,16041700.0,305113134.0
2025-04-01,601689.SH,57.06,57.54,56.25,56.38,17601700.0,998368424.0
2025-04-01,601688.SH,15.86,15.93,15.51,15.67,94029200.0,1482370338.0
2025-04-01,601698.SH,19.02,19.7,19.0,19.46,23682600.0,455653224.00000006
2025-04-02,601698.SH,19.48,19.48,19.18,19.39,16332500.0,317422137.50000006
2025-04-02,601689.SH,56.41,57.76,56.41,57.42,23951700.0,1363211005.5
2025-04-02,601688.SH,15.64,15.76,15.6,15.65,50487200.0,789872244.0
2025-04-03,601689.SH,56.59,58.15,55.51,55.62,26110600.0,1464935213.0
2025-04-03,601688.SH,15.53,15.65,15.43,15.54,67389600.0,1046897436.0
2025-04-03,601698.SH,19.2,19.89,19.11,19.73,27353600.0,532437824.0
2025-04-07,601688.SH,14.67,14.78,13.98,14.08,156983600.0,2256639250.0
2025-04-07,601698.SH,18.88,19.22,17.76,17.76,43502600.0,796967632.0
2025-04-07,601689.SH,50.11,51.11,50.06,50.06,12793500.0,640762447.5
2025-04-08,601689.SH,47.55,48.04,45.06,45.06,50877800.0,2355896529.0
2025-04-08,601688.SH,14.28,14.31,14.06,14.27,93345700.0,1332509867.4999998
2025-04-08,601698.SH,17.78,18.53,17.78,18.53,32611700.0,592065413.5
2025-04-09,601698.SH,18.25,19.45,18.17,19.4,41351300.0,778438222.5
2025-04-09,601689.SH,42.74,45.37,41.69,44.75,75127500.0,3286452487.5000005
2025-04-09,601688.SH,14.15,14.53,13.95,14.46,98322900.0,1406509084.5
2025-04-10,601689.SH,48.04,49.23,47.32,47.35,57547600.0,2744732782.0
2025-04-10,601688.SH,14.82,14.98,14.64,14.85,94186300.0,1397253760.5
2025-04-10,601698.SH,19.65,19.73,19.07,19.4,38618200.0,754020355.0
2025-04-11,601698.SH,19.4,20.62,19.3,20.02,47137600.0,929082096.0
2025-04-11,601689.SH,47.06,49.5,46.64,48.67,40530000.0,1939968450.0
2025-04-11,601688.SH,14.88,14.93,14.68,14.82,55750800.0,827899380.0000001
2025-04-14,601689.SH,49.83,49.85,48.0,48.21,29259500.0,1434300690.0
2025-04-14,601688.SH,14.92,14.95,14.81,14.84,45781800.0,681233184.0
2025-04-14,601698.SH,20.05,20.1,19.75,19.88,27929800.0,557618457.0
2025-04-15,601698.SH,19.88,20.07,19.56,19.71,17804900.0,352447995.50000006
2025-04-15,601689.SH,49.12,50.32,47.46,47.71,30870300.0,1494585574.5
2025-04-15,601688.SH,14.84,14.86,14.71,14.84,33883900.0,502837076.0
2025-04-16,601688.SH,14.79,14.81,14.58,14.79,47859100.0,707836089.0
2025-04-16,601689.SH,48.08,48.08,45.21,46.05,35037900.0,1649058763.5
2025-04-16,601698.SH,19.65,19.88,19.27,19.65,18909600.0,371573640.0
2025-04-17,601698.SH,19.46,19.74,19.39,19.51,15110900.0,294435886.5
2025-04-17,601688.SH,14.72,14.86,14.7,14.85,41886800.0,619296338.0
2025-04-17,601689.SH,45.94,46.95,45.83,46.1,18954100.0,872267681.9999999
2025-04-18,601689.SH,46.28,46.45,45.67,46.13,11748700.0,542848683.5
2025-04-18,601698.SH,19.45,19.72,19.14,19.54,17394000.0,339096029.99999994
2025-04-18,601688.SH,14.8,15.07,14.78,15.0,48013300.0,715398170.0
2025-04-21,601698.SH,19.63,19.86,19.51,19.79,17410800.0,343166868.0
2025-04-21,601689.SH,45.78,49.67,45.59,49.25,35741100.0,1698238366.5
2025-04-21,601688.SH,14.98,15.14,14.93,15.12,40989300.0,616888965.0
2025-04-22,601688.SH,15.08,15.23,15.08,15.11,34842900.0,525953575.49999994
2025-04-22,601689.SH,49.03,49.24,48.07,48.1,21563000.0,1047207095.0
2025-04-22,601698.SH,19.65,19.81,19.57,19.64,11614400.0,228164888.0
2025-04-23,601689.SH,50.11,51.2,49.47,50.88,49740800.0,2511661696.0
2025-04-23,601698.SH,19.65,19.86,19.61,19.8,17020800.0,335735280.0
2025-04-23,601688.SH,15.17,15.43,15.05,15.25,65550800.0,997027668.0
2025-04-24,601698.SH,19.73,19.93,19.31,19.57,18187800.0,357390270.0
2025-04-24,601688.SH,15.25,15.38,15.17,15.17,37165700.0,565290297.0
2025-04-24,601689.SH,50.89,51.16,49.87,50.07,28032900.0,1415100792.0
2025-04-25,601689.SH,50.3,51.29,49.62,50.41,27816800.0,1400714964.0
2025-04-25,601688.SH,15.21,15.4,15.17,15.34,42267900.0,645642172.5
2025-04-25,601698.SH,19.55,19.63,19.42,19.45,11556000.0,225342000.0
2025-04-28,601698.SH,19.33,19.41,19.02,19.05,13052700.0,250481312.99999997
2025-04-28,601688.SH,15.35,15.35,15.13,15.23,37847800.0,578692862.0
2025-04-28,601689.SH,50.41,51.19,49.63,49.73,22165800.0,1109841605.9999998
2025-04-29,601689.SH,49.77,50.99,49.45,50.49,21167700.0,1061136801.0
2025-04-29,601688.SH,15.22,15.25,15.13,15.14,40854100.0,620165238.0
2025-04-29,601698.SH,18.98,19.19,18.95,19.03,9153000.0,173952765.00000003
2025-04-30,601689.SH,48.85,51.62,48.63,51.34,48625100.0,2435874384.5
2025-04-30,601688.SH,15.2,15.47,15.17,15.34,46222000.0,705809940.0
2025-04-30,601698.SH,18.84,19.03,18.55,18.88,17755200.0,334863072.0
2025-05-06,601698.SH,18.99,19.59,18.97,19.58,24433500.0,471200047.49999994
2025-05-06,601689.SH,52.07,53.21,51.92,52.48,35591500.0,1860545662.5
2025-05-06,601688.SH,15.43,15.52,15.37,15.44,49028900.0,756761071.4999999
2025-05-07,601689.SH,54.04,54.58,50.94,51.53,32597700.0,1720669594.5
2025-05-07,601688.SH,15.81,15.95,15.55,15.65,75485300.0,1187383769.0
2025-05-07,601698.SH,19.93,20.05,19.58,19.9,33479500.0,666744242.5
2025-05-08,601689.SH,51.1,51.86,50.77,51.46,21619800.0,1108663344.0
2025-05-08,601688.SH,15.57,15.77,15.51,15.71,52226100.0,816816204.0
2025-05-08,601698.SH,19.75,20.17,19.63,20.16,29289100.0,584463990.5
2025-05-09,601698.SH,20.17,20.35,19.66,19.74,23106400.0,461088211.99999994
2025-05-09,601689.SH,51.48,51.55,49.62,49.99,23110900.0,1172531511.5
2025-05-09,601688.SH,15.7,15.83,15.63,15.63,38706400.0,606335756.0
2025-05-12,601698.SH,19.85,20.78,19.66,20.45,53274600.0,1073483189.9999999
2025-05-12,601689.SH,52.07,52.72,51.5,52.59,43607800.0,2281996174.0
2025-05-12,601688.SH,15.74,16.05,15.7,16.01,61870800.0,982198950.0
2025-05-13,601688.SH,16.13,16.13,15.87,15.9,40582100.0,649922331.5
2025-05-13,601698.SH,20.44,20.44,19.75,19.81,37817000.0,761067125.0
2025-05-13,601689.SH,53.64,54.03,52.18,52.35,37952100.0,2011271539.5000002
2025-05-14,601688.SH,15.92,16.86,15.87,16.66,141733400.0,2308837086.0
2025-05-14,601698.SH,19.74,19.88,19.47,19.59,22272700.0,437992645.5
2025-05-14,601689.SH,52.84,52.86,51.65,52.43,22962600.0,1208636451.0
2025-05-15,601689.SH,52.3,52.43,50.28,50.54,24115400.0,1240013868.0
2025-05-15,601698.SH,19.73,19.8,19.17,19.22,18759200.0,365335420.0
2025-05-15,601688.SH,16.43,16.53,16.33,16.42,62050300.0,1019176177.5
2025-05-16,601689.SH,50.12,52.9,50.11,51.7,35033800.0,1783570757.9999998
2025-05-16,601698.SH,19.18,19.38,19.17,19.22,11374300.0,218386560.0
2025-05-16,601688.SH,16.36,16.43,16.06,16.18,51213100.0,833237137.0
2025-05-19,601698.SH,19.28,19.54,19.14,19.38,12736400.0,246194611.99999997
2025-05-19,601688.SH,16.18,16.35,16.1,16.27,44220200.0,717472745.0000001
2025-05-19,601689.SH,51.58,51.68,49.82,50.22,23889300.0,1215965370.0
2025-05-20,601689.SH,50.21,51.06,49.03,50.63,20520900.0,1034663778.0
2025-05-20,601688.SH,16.27,16.38,16.23,16.28,32625600.0,530981639.99999994
2025-05-20,601698.SH,19.35,19.88,19.27,19.49,15357000.0,298232940.0
2025-05-21,601698.SH,19.56,19.56,19.25,19.43,12117200.0,236224813.99999997
2025-05-21,601689.SH,50.44,50.71,49.47,50.18,19171000.0,964493010.0
2025-05-21,601688.SH,16.3,16.34,16.18,16.19,25682600.0,417213837.0
2025-05-22,601698.SH,19.39,19.53,19.23,19.24,10675400.0,206195350.99999997
2025-05-22,601688.SH,16.19,16.19,16.08,16.13,25832400.0,417451584.0
2025-05-22,601689.SH,49.91,50.76,49.65,49.96,14976100.0,747831553.5
2025-05-23,601698.SH,19.23,19.26,18.88,18.93,14242000.0,271737360.0
2025-05-23,601688.SH,16.09,16.18,15.86,15.92,42625100.0,682214725.5
2025-05-23,601689.SH,49.86,52.26,49.72,50.43,37591800.0,1885040810.9999998
2025-05-26,601698.SH,18.97,19.14,18.94,19.05,8505700.0,161693356.99999997
2025-05-26,601689.SH,50.5,50.69,49.22,49.37,22107000.0,1103913045.0
2025-05-26,601688.SH,15.92,15.99,15.78,15.91,29652400.0,471917946.0
2025-05-27,601698.SH,19.0,19.71,18.87,19.43,25198900.0,484196863.5
2025-05-27,601688.SH,15.86,15.9,15.68,15.77,28983600.0,458375634.0
2025-05-27,601689.SH,49.17,49.35,48.15,48.22,17295000.0,842180025.0
2025-05-28,601698.SH,19.31,19.43,19.11,19.13,10552300.0,202815206.0
2025-05-28,601689.SH,48.61,48.83,48.02,48.08,13350800.0,645444426.0
2025-05-28,601688.SH,15.81,15.9,15.78,15.82,21567700.0,341093175.5
2025-05-29,601689.SH,48.54,50.38,48.36,49.71,25948500.0,1274720062.5
2025-05-29,601688.SH,15.82,16.05,15.79,16.04,35187500.0,560536875.0
2025-05-29,601698.SH,19.1,19.95,19.1,19.51,23458300.0,452862481.5
2025-05-30,601689.SH,49.51,49.53,48.41,48.44,15085000.0,738787874.9999999
2025-05-30,601688.SH,15.98,16.07,15.87,16.01,27595400.0,441388423.0
2025-05-30,601698.SH,19.35,19.61,19.2,19.52,17584500.0,341754757.50000006
2025-06-03,601688.SH,15.72,15.99,15.42,15.95,66372500.0,1051008537.5
2025-06-03,601698.SH,19.47,19.73,19.43,19.55,14491400.0,282727214.0
2025-06-03,601689.SH,48.45,48.62,47.51,47.61,20090200.0,964932306.0
2025-06-04,601689.SH,47.63,48.49,47.4,48.17,13297300.0,636940670.0000001
2025-06-04,601688.SH,15.96,16.27,15.91,16.15,45576300.0,731727496.5
2025-06-04,601698.SH,19.53,19.94,19.47,19.52,14692300.0,286867157.5
2025-06-05,601688.SH,16.12,16.3,16.11,16.23,51271300.0,829313277.5
2025-06-05,601698.SH,19.55,20.01,19.35,19.77,24345600.0,478634496.0
2025-06-05,601689.SH,48.29,49.28,47.69,49.12,19327400.0,941341017.0
2025-06-06,601688.SH,16.23,16.33,16.07,16.1,32452000.0,524586580.0
2025-06-06,601689.SH,47.95,47.95,44.7,47.31,36163400.0,1722462742.0
2025-06-06,601698.SH,19.85,20.0,19.51,19.57,17572800.0,346359888.0
2025-06-09,601688.SH,16.2,16.4,16.2,16.22,44414400.0,719957424.0
2025-06-09,601698.SH,19.57,19.75,19.45,19.6,13248800.0,259477748.0
2025-06-09,601689.SH,47.12,47.3,46.53,46.75,28280900.0,1327364041.5
2025-06-10,601689.SH,47.16,47.31,45.84,46.32,19194500.0,897150929.9999999
2025-06-10,601688.SH,16.23,16.31,15.96,16.06,42597700.0,687739866.5
2025-06-10,601698.SH,19.57,20.08,19.39,19.51,23115500.0,451676870.0
2025-06-11,601698.SH,19.45,19.53,19.36,19.36,13237200.0,256867866.00000003
2025-06-11,601688.SH,16.07,16.45,16.07,16.38,63174500.0,1025006262.5000001
2025-06-11,601689.SH,46.91,47.41,46.68,47.16,21293200.0,1001525661.9999999
2025-06-12,601689.SH,46.96,47.7,46.7,47.15,16458400.0,774450012.0
2025-06-12,601698.SH,19.3,19.34,19.18,19.25,10987700.0,211787917.49999997
2025-06-12,601688.SH,16.33,16.53,16.27,16.41,51399600.0,841411451.9999999
2025-06-13,601689.SH,46.78,47.23,45.91,46.09,24442700.0,1134996774.5
2025-06-13,601698.SH,19.25,19.71,19.24,19.59,28414200.0,551803764.0
2025-06-13,601688.SH,16.34,16.41,16.18,16.24,49064600.0,799262334.0
2025-06-16,601688.SH,16.24,16.46,16.17,16.43,41675500.0,680769292.5
2025-06-16,601689.SH,45.98,46.44,45.73,46.1,14761200.0,679605648.0
2025-06-16,601698.SH,19.69,19.7,19.48,19.6,10642200.0,209066019.00000003
2025-06-17,601698.SH,19.66,19.69,19.4,19.57,10172200.0,199527703.00000003
2025-06-17,601688.SH,16.42,16.49,16.39,16.48,33772100.0,555551045.0000001
2025-06-17,601689.SH,45.49,45.82,44.82,44.98,20471400.0,926023779.0
2025-06-18,601689.SH,44.8,46.68,44.22,46.0,27164000.0,1233245600.0
2025-06-18,601688.SH,16.47,16.49,16.21,16.38,40684100.0,668236342.4999999
2025-06-18,601698.SH,19.53,19.66,19.46,19.6,12225500.0,239191907.50000003
2025-06-19,601689.SH,46.1,47.82,45.89,46.5,34198800.0,1583404440.0
2025-06-19,601688.SH,16.35,16.37,15.96,15.99,49159500.0,794909115.0000001
2025-06-19,601698.SH,19.58,19.58,19.21,19.27,11742100.0,228090292.49999997
2025-06-20,601688.SH,16.04,16.15,16.0,16.05,28619500.0,459199877.50000006
2025-06-20,601689.SH,46.16,46.49,44.88,45.04,17180900.0,783449039.9999999
2025-06-20,601698.SH,19.27,19.32,19.07,19.08,8629100.0,165462992.49999997
2025-06-23,601689.SH,44.36,44.84,43.4,43.83,27256800.0,1201888596.0
2025-06-23,601688.SH,15.88,16.35,15.88,16.3,40889000.0,657904010.0
2025-06-23,601698.SH,19.06,19.45,19.05,19.41,11131800.0,214120173.0
2025-06-24,601698.SH,19.34,19.52,19.26,19.5,13438400.0,260973728.00000003
2025-06-24,601688.SH,16.29,16.7,16.29,16.63,67712100.0,1114541166.0
2025-06-24,601689.SH,44.68,46.87,44.68,46.78,38600700.0,1765210011.0000002
2025-06-25,601689.SH,46.81,47.57,46.26,47.54,23854900.0,1125354907.5
2025-06-25,601698.SH,19.51,19.89,19.45,19.83,27268200.0,536365494.00000006
2025-06-25,601688.SH,16.66,17.28,16.63,17.18,130250400.0,2203836768.0
2025-06-26,601689.SH,47.46,47.72,46.56,46.69,20925700.0,985077327.5
2025-06-26,601688.SH,17.26,17.34,17.1,17.12,87236400.0,1499593716.0
2025-06-26,601698.SH,19.75,20.28,19.71,19.88,32879400.0,651505310.9999999
2025-06-27,601689.SH,47.78,47.96,46.3,46.41,23394100.0,1101745139.5
2025-06-27,601688.SH,17.12,17.64,17.06,17.11,97086400.0,1661633736.0000002
2025-06-27,601698.SH,19.83,20.04,19.73,19.88,16313200.0,323898585.99999994
2025-06-30,601688.SH,17.15,17.2,16.94,17.02,53475300.0,913625500.5
2025-06-30,601698.SH,19.93,20.47,19.9,20.45,33427800.0,674907281.9999999
2025-06-30,601689.SH,46.52,47.38,46.27,46.93,18768100.0,876939472.5
2025-07-01,601689.SH,46.68,46.87,46.07,46.19,17201100.0,798733078.5
2025-07-01,601688.SH,17.05,17.1,16.89,17.0,36125800.0,615041745.0
2025-07-01,601698.SH,20.42,20.42,20.1,20.18,21640400.0,439300120.0
2025-07-02,601689.SH,45.69,45.84,44.75,45.01,23563100.0,1068586584.9999999
2025-07-02,601688.SH,17.06,17.14,16.95,17.0,36191000.0,616332730.0
2025-07-02,601698.SH,20.18,20.54,19.73,20.47,40304500.0,819188962.5
2025-07-03,601688.SH,16.97,17.18,16.97,17.07,34515000.0,587445300.0
2025-07-03,601689.SH,45.22,45.86,44.82,44.96,19171300.0,864433917.0000001
2025-07-03,601698.SH,20.88,22.52,20.87,21.11,107016500.0,2246811417.4999995
2025-07-04,601688.SH,17.08,17.44,16.95,17.19,69688400.0,1194110733.9999998
2025-07-04,601689.SH,45.04,45.26,44.43,44.59,16931400.0,758780691.0
2025-07-04,601698.SH,20.62,20.89,20.13,20.18,69986500.0,1427724600.0
2025-07-07,601698.SH,20.14,20.27,19.9,20.02,25324600.0,508517967.99999994
2025-07-07,601689.SH,44.28,44.3,43.27,43.51,22525800.0,988769990.9999999
2025-07-07,601688.SH,17.2,17.29,17.12,17.18,35852700.0,616307912.9999999
2025-07-08,601688.SH,17.2,17.47,17.17,17.39,63864200.0,1104531339.0
2025-07-08,601689.SH,43.35,44.13,43.15,44.02,16921500.0,739215727.5
2025-07-08,601698.SH,20.03,20.65,19.91,20.36,36826400.0,743709148.0
2025-07-09,601688.SH,17.44,17.52,17.19,17.22,54074800.0,937116283.9999999
2025-07-09,601689.SH,44.37,44.88,43.58,43.61,18538000.0,815486619.9999999
2025-07-09,601698.SH,20.28,20.48,19.98,20.0,25698700.0,517571818.0
2025-07-10,601688.SH,17.17,17.48,17.17,17.4,60947200.0,1053472352.0
2025-07-10,601689.SH,43.6,43.77,43.01,43.04,21578500.0,934780620.0
2025-07-10,601698.SH,20.0,20.08,19.83,19.98,23642100.0,472605579.00000006
2025-07-11,601698.SH,20.0,20.12,19.8,19.93,24595800.0,491055147.0
2025-07-11,601689.SH,43.22,44.51,43.16,43.86,30546900.0,1330012026.0
2025-07-11,601688.SH,17.43,17.87,17.4,17.61,128701200.0,2254845024.0
2025-07-14,601688.SH,17.62,17.69,17.48,17.49,58203400.0,1021760687.0
2025-07-14,601689.SH,44.1,44.46,43.7,44.31,23357900.0,1032535969.5
2025-07-14,601698.SH,19.78,19.89,19.7,19.72,22487900.0,444136025.0
2025-07-15,601688.SH,17.55,17.64,17.33,17.44,49731200.0,870047344.0
2025-07-15,601689.SH,44.46,46.86,44.31,46.4,51536000.0,2341280480.0
2025-07-15,601698.SH,19.75,19.86,19.45,19.48,26633900.0,522423948.50000006
2025-07-16,601688.SH,17.4,17.48,17.22,17.31,42868700.0,743986288.4999999
2025-07-16,601689.SH,46.48,49.46,46.44,48.02,63223800.0,2987324550.0
2025-07-16,601698.SH,19.51,19.73,19.47,19.6,17511900.0,342445204.5
2025-07-17,601698.SH,19.54,19.71,19.48,19.69,22243700.0,436310175.50000006
2025-07-17,601689.SH,47.83,48.92,47.71,48.79,40769900.0,1969593869.0
2025-07-17,601688.SH,17.34,17.49,17.28,17.46,38421200.0,668528880.0
2025-07-18,601689.SH,48.95,48.97,48.26,48.62,27671500.0,1349954127.5
2025-07-18,601688.SH,17.46,17.74,17.45,17.67,62846700.0,1103902285.5
2025-07-18,601698.SH,19.69,19.82,19.6,19.77,20878200.0,411926886.0
2025-07-21,601698.SH,19.78,19.83,19.7,19.83,16142200.0,319696271.0
2025-07-21,601689.SH,49.08,49.96,48.35,48.83,34262900.0,1677340269.5
2025-07-21,601688.SH,17.73,18.28,17.66,18.22,114611200.0,2060136320.0000002
2025-07-22,601688.SH,18.21,18.36,17.96,18.16,66355100.0,1206667493.5000002
2025-07-22,601689.SH,48.55,48.8,47.84,48.07,26961200.0,1302495572.0
2025-07-22,601698.SH,19.83,19.91,19.71,19.84,24187700.0,479763029.5
2025-07-23,601698.SH,19.78,19.98,19.63,19.69,25938300.0,511892350.5
2025-07-23,601689.SH,47.76,48.29,47.45,47.8,18888800.0,902506864.0
2025-07-23,601688.SH,18.19,18.95,18.19,18.64,160452900.0,2954740153.5
2025-07-24,601689.SH,47.58,49.15,47.48,48.57,27265300.0,1310779297.5
2025-07-24,601688.SH,18.61,19.38,18.57,19.25,159823200.0,3025453176.0
2025-07-24,601698.SH,19.64,19.82,19.63,19.79,22138700.0,436464470.5
2025-07-25,601698.SH,19.85,20.14,19.78,19.87,32863900.0,652677054.0
2025-07-25,601688.SH,19.35,19.35,18.94,19.0,89065400.0,1707829045.0
2025-07-25,601689.SH,48.08,48.11,46.48,46.84,42679900.0,2025588054.0
2025-07-28,601689.SH,47.26,48.58,47.18,47.34,29453700.0,1393160010.0
2025-07-28,601698.SH,19.88,20.04,19.81,19.95,26657600.0,530886104.0
2025-07-28,601688.SH,19.06,19.95,19.01,19.57,131814200.0,2545991272.9999995
2025-07-29,601688.SH,19.47,19.74,19.08,19.67,125326100.0,2452631777.0
2025-07-29,601689.SH,47.5,47.95,47.07,47.27,21306300.0,1009599025.5000001
2025-07-29,601698.SH,20.07,20.38,19.9,20.32,54247100.0,1095520184.5
2025-07-30,601698.SH,20.32,20.84,19.97,20.49,70536400.0,1439295242.0
2025-07-30,601688.SH,19.53,19.83,19.3,19.52,96745600.0,1888957839.9999998
2025-07-30,601689.SH,47.07,47.16,45.99,46.25,25125500.0,1172355830.0
2025-07-31,601689.SH,46.25,47.05,45.59,45.73,27373900.0,1258925660.9999998
2025-07-31,601698.SH,20.37,20.66,19.98,20.06,42060300.0,850248964.5
2025-07-31,601688.SH,19.32,19.71,18.99,19.16,117148800.0,2253942912.0
2025-08-01,601689.SH,45.73,46.55,45.0,45.39,20984000.0,956031040.0
2025-08-01,601698.SH,20.06,20.14,19.76,19.83,30249900.0,603334255.5
2025-08-01,601688.SH,19.11,19.34,18.91,18.96,81194400.0,1545535404.0
2025-08-04,601688.SH,18.85,19.0,18.78,18.89,65824200.0,1242102654.0
2025-08-04,601689.SH,45.09,47.01,44.9,47.0,29558400.0,1361016528.0
2025-08-04,601698.SH,19.74,20.58,19.72,20.29,41954000.0,839709310.0
2025-08-05,601698.SH,20.35,20.44,20.1,20.21,32812400.0,665435472.0
2025-08-05,601689.SH,47.18,47.25,46.25,46.74,21339500.0,1002102920.0
2025-08-05,601688.SH,18.96,19.09,18.78,19.01,75424900.0,1431941726.5
2025-08-06,601689.SH,46.79,48.33,46.48,47.7,40755800.0,1925507771.0000002
2025-08-06,601688.SH,19.01,19.49,18.94,19.47,100893600.0,1941192864.0000002
2025-08-06,601698.SH,20.23,20.57,20.16,20.56,52072000.0,1062008440.0
2025-08-07,601689.SH,47.88,48.22,46.86,47.48,27171500.0,1295537120.0
2025-08-07,601688.SH,19.49,19.64,19.21,19.36,54838100.0,1065230092.4999999
2025-08-07,601698.SH,20.48,20.86,20.3,20.61,44988300.0,924284623.5000001
2025-08-08,601689.SH,47.22,47.3,46.27,46.3,22666200.0,1059871512.0
2025-08-08,601688.SH,19.33,19.5,19.18,19.35,55695900.0,1077158706.0
2025-08-08,601698.SH,20.68,21.24,20.6,20.63,65045000.0,1343504475.0
2025-08-11,601688.SH,19.34,19.58,19.3,19.39,69778100.0,1351252906.5000002
2025-08-11,601698.SH,20.76,21.01,20.58,20.75,46283100.0,960605740.5000001
2025-08-11,601689.SH,46.33,46.84,46.29,46.37,22287500.0,1033025624.9999999
2025-08-12,601698.SH,20.81,21.17,20.21,20.45,52736900.0,1087962247.0
2025-08-12,601688.SH,19.46,19.64,19.36,19.56,67202500.0,1311120774.9999998
2025-08-12,601689.SH,46.72,47.78,46.72,46.99,30848500.0,1445406467.5000002
2025-08-13,601688.SH,19.56,20.88,19.56,20.18,191764800.0,3810366575.9999995
2025-08-13,601689.SH,47.03,47.79,46.56,47.63,35606500.0,1685255645.0
2025-08-13,601698.SH,20.41,20.77,20.41,20.56,44472400.0,911017114.0
2025-08-14,601689.SH,47.66,47.92,46.1,46.49,37675100.0,1773555332.5
2025-08-14,601688.SH,20.23,21.3,20.23,20.87,215979400.0,4438376670.0
2025-08-14,601698.SH,20.58,20.64,20.01,20.06,40471000.0,822370720.0
2025-08-15,601698.SH,20.04,20.37,19.93,20.3,32313000.0,651753210.0
2025-08-15,601689.SH,46.3,48.74,46.27,48.52,59233400.0,2808255494.0
2025-08-15,601688.SH,20.87,21.5,20.59,21.14,216303900.0,4543463419.500001
2025-08-18,601689.SH,48.77,50.01,48.07,49.47,56236000.0,2762312320.0000005
2025-08-18,601698.SH,20.43,20.83,20.28,20.62,45082000.0,925308049.9999999
2025-08-18,601688.SH,21.27,21.37,20.83,20.83,195587100.0,4117108454.9999995
2025-08-19,601688.SH,20.91,21.23,20.61,20.63,102568500.0,2130347745.0
2025-08-19,601698.SH,20.68,20.72,20.4,20.45,32853100.0,675624001.4999999
2025-08-19,601689.SH,49.54,54.42,48.94,54.42,110259200.0,5731273216.0
2025-08-20,601688.SH,20.59,20.99,20.47,20.96,85796800.0,1782428519.9999998
2025-08-20,601689.SH,53.85,54.53,53.33,54.53,75492300.0,4090927737.0
2025-08-20,601698.SH,20.74,20.92,20.51,20.79,52690500.0,1094118232.5
2025-08-21,601689.SH,54.63,57.65,53.36,55.57,79098600.0,4358332860.0
2025-08-21,601698.SH,20.78,21.53,20.67,21.11,82336600.0,1724540087.0
2025-08-21,601688.SH,21.09,21.19,20.63,20.71,70551100.0,1474517990.0
2025-08-22,601688.SH,20.66,21.57,20.62,21.53,131723800.0,2778713561.0
2025-08-22,601698.SH,21.09,22.08,20.84,21.91,111502300.0,2397299450.0
2025-08-22,601689.SH,55.62,58.88,55.62,58.4,65127500.0,3712918775.0
2025-08-25,601688.SH,21.82,22.05,21.39,21.7,141923600.0,3088257535.9999995
2025-08-25,601698.SH,21.86,23.39,21.34,22.98,174632900.0,3915269618.0000005
2025-08-25,601689.SH,58.8,60.79,57.61,58.19,61524900.0,3598899025.5
2025-08-26,601689.SH,57.61,59.82,57.41,58.86,43752800.0,2547944308.0
2025-08-26,601688.SH,21.66,21.92,21.44,21.54,74562600.0,1610552160.0
2025-08-26,601698.SH,23.01,24.1,22.68,22.98,168377800.0,3871847511.0
2025-08-27,601688.SH,21.56,21.69,20.8,20.81,128216200.0,2716260197.0
2025-08-27,601698.SH,22.68,23.08,21.98,21.98,121028800.0,2702573104.0
2025-08-27,601689.SH,58.89,61.53,57.61,57.62,55380500.0,3226191027.4999995
2025-08-28,601688.SH,20.76,21.31,20.69,21.3,104427400.0,2196108222.0
2025-08-28,601698.SH,22.87,24.07,22.37,23.23,149102500.0,3436812625.0
2025-08-28,601689.SH,57.41,58.85,56.37,58.29,55295000.0,3198815749.9999995
2025-08-29,601688.SH,21.33,21.68,21.01,21.07,117693400.0,2495100080.0
2025-08-29,601698.SH,23.28,25.55,23.08,25.27,227072900.0,5512194647.5
2025-08-29,601689.SH,59.54,64.13,58.29,62.19,85878200.0,5226976643.0
2025-09-01,601698.SH,24.78,24.78,23.64,23.84,153997500.0,3743679225.0000005
2025-09-01,601688.SH,21.33,21.35,20.7,20.75,110635400.0,2327768816.0
2025-09-01,601689.SH,62.87,64.07,60.7,61.1,49403400.0,3062269749.0
2025-09-02,601698.SH,23.79,23.98,22.78,23.03,91697200.0,2146631452.0
2025-09-02,601688.SH,20.77,20.87,20.32,20.49,98104300.0,2023891709.0
2025-09-02,601689.SH,61.66,67.2,60.41,67.2,88070200.0,5674362986.000001
2025-09-03,601698.SH,22.98,23.08,21.66,21.69,86113300.0,1923340555.5
2025-09-03,601688.SH,20.59,20.65,19.81,19.98,93621200.0,1899106042.0
2025-09-03,601689.SH,70.5,70.5,62.57,64.56,102447800.0,6918299934.0
2025-09-04,601689.SH,64.46,65.28,60.09,61.36,74397200.0,4680327852.0
2025-09-04,601698.SH,21.66,21.89,20.6,20.97,65289000.0,1391635034.9999998
2025-09-04,601688.SH,19.97,20.0,19.41,19.7,108513200.0,2152359322.0
2025-09-05,601689.SH,60.59,63.51,60.39,62.96,52114900.0,3219397947.5000005
2025-09-05,601698.SH,20.96,21.32,20.8,21.26,47189800.0,996176678.0
2025-09-05,601688.SH,19.69,19.91,19.56,19.85,74302700.0,1468964379.0000002
2025-09-08,601689.SH,65.54,69.26,65.46,67.73,86732400.0,5779413474.0
2025-09-08,601688.SH,19.86,19.96,19.52,19.66,80249100.0,1585722215.9999998
2025-09-08,601698.SH,21.75,23.13,21.36,22.85,115840500.0,2583243150.0
2025-09-09,601689.SH,65.56,71.96,65.03,69.18,88149000.0,5938598130.0
2025-09-09,601688.SH,19.72,20.6,19.67,20.07,121286700.0,2412998896.5
2025-09-09,601698.SH,22.83,23.12,22.0,22.03,85285300.0,1912949279.0
2025-09-10,601688.SH,20.16,20.17,19.83,19.89,56790900.0,1137237772.5
2025-09-10,601689.SH,69.53,72.88,68.31,68.67,99252700.0,6858361569.999999
2025-09-10,601698.SH,21.86,22.55,21.79,22.04,62633100.0,1374796545.0
2025-09-11,601688.SH,19.91,20.67,19.81,20.58,102224200.0,2069528928.9999998
2025-09-11,601698.SH,21.78,22.47,21.58,22.36,62828900.0,1386633823.0
2025-09-11,601689.SH,67.54,67.88,65.12,67.85,100645700.0,6813210661.499999
2025-09-12,601698.SH,22.28,22.66,22.02,22.08,59312200.0,1315544596.0
2025-09-12,601689.SH,69.31,70.73,66.13,66.7,76103000.0,5175384515.0
2025-09-12,601688.SH,20.59,20.7,20.11,20.2,85503500.0,1743843882.5
2025-09-15,601698.SH,21.98,22.03,21.48,21.52,52488000.0,1141614000.0
2025-09-15,601689.SH,67.05,73.37,66.35,71.2,118951300.0,8222508612.5
2025-09-15,601688.SH,20.17,20.25,19.85,19.98,80855700.0,1623178177.5000002
2025-09-16,601698.SH,21.4,21.78,21.26,21.53,38655000.0,829729575.0
2025-09-16,601688.SH,20.01,20.07,19.62,19.72,83034700.0,1649484315.5000002
2025-09-16,601689.SH,72.71,78.19,71.25,76.66,120212500.0,8978070562.5
2025-09-17,601698.SH,21.47,21.48,21.16,21.21,37259700.0,795121998.0
2025-09-17,601689.SH,76.07,81.11,75.59,78.47,100154500.0,7738938215.0
2025-09-17,601688.SH,19.76,19.86,19.59,19.7,89529700.0,1766420981.0
2025-09-18,601689.SH,81.15,86.29,77.72,81.0,120670700.0,9783377002.5
2025-09-18,601688.SH,19.75,19.75,18.92,19.09,156635600.0,3041863352.0000005
2025-09-18,601698.SH,21.16,21.4,20.71,20.96,52126700.0,1097788302.0
2025-09-19,601698.SH,20.86,21.25,20.78,20.92,32765400.0,684469206.0
2025-09-19,601689.SH,77.47,77.88,73.5,74.21,100211300.0,7600024992.0
2025-09-19,601688.SH,19.11,19.22,18.93,18.97,70617100.0,1344549584.0
2025-09-22,601698.SH,20.9,21.1,20.77,21.09,27173600.0,570509731.9999999
2025-09-22,601688.SH,19.03,19.37,18.95,19.33,67942500.0,1303137150.0
2025-09-22,601689.SH,74.63,76.86,74.44,75.82,57245600.0,4306300260.0
2025-09-23,601698.SH,21.17,21.18,20.12,20.54,39475300.0,823257381.5
2025-09-23,601689.SH,75.49,77.42,73.89,76.32,63129800.0,4791867469.0
2025-09-23,601688.SH,19.21,19.28,18.86,18.96,77170200.0,1472793267.0
2025-09-24,601688.SH,18.96,19.2,18.82,19.06,75937000.0,1443562369.9999998
2025-09-24,601689.SH,74.49,76.03,73.0,75.67,53523600.0,4018551888.0
2025-09-24,601698.SH,20.45,20.76,20.37,20.75,26765900.0,551377540.0
2025-09-25,601688.SH,19.1,19.44,19.01,19.15,69142100.0,1322342662.5
2025-09-25,601689.SH,77.28,78.07,74.49,77.34,56480100.0,4366476531.0
2025-09-25,601698.SH,20.67,21.07,20.66,20.92,30981800.0,644266531.0
2025-09-26,601698.SH,20.83,20.94,20.47,20.51,26585300.0,549518151.0
2025-09-26,601689.SH,75.48,77.59,73.97,74.18,48251100.0,3610629813.0000005
2025-09-26,601688.SH,19.13,19.48,19.08,19.23,61790700.0,1185145626.0
2025-09-29,601698.SH,20.5,20.99,20.31,20.86,30229600.0,625148128.0
2025-09-29,601688.SH,19.21,21.16,19.2,21.16,298625600.0,6027757736.000001
2025-09-29,601689.SH,74.99,81.08,74.89,79.98,76247300.0,5908022040.5
2025-09-30,601688.SH,21.12,21.43,20.66,21.16,267675100.0,5658651614.0
2025-09-30,601698.SH,20.89,21.41,20.89,21.29,45766500.0,965215485.0
2025-09-30,601689.SH,79.14,81.15,78.52,80.44,50934500.0,4064063754.9999995
2025-10-09,601688.SH,21.0,21.87,20.76,21.77,212491900.0,4544139281.5
2025-10-09,601698.SH,21.3,21.77,21.03,21.7,48437500.0,1041406250.0
2025-10-09,601689.SH,77.47,80.75,75.77,78.96,51800200.0,4051552643.0
2025-10-10,601688.SH,21.55,22.99,21.49,22.55,279244400.0,6157339020.0
2025-10-10,601698.SH,21.54,21.7,21.14,21.18,33632800.0,718396608.0
2025-10-10,601689.SH,78.17,79.44,71.74,72.31,62725600.0,4719474144.000001
2025-10-13,601698.SH,20.63,21.63,20.53,21.49,40722400.0,857613744.0
2025-10-13,601689.SH,67.54,69.46,66.65,68.71,58860000.0,4009837500.0
2025-10-13,601688.SH,21.88,22.5,21.5,21.84,187474100.0,4098183826.0
2025-10-14,601688.SH,21.86,22.54,21.56,21.58,171239300.0,3719317596.0
2025-10-14,601689.SH,70.03,70.42,64.02,64.5,48642000.0,3271904130.0
2025-10-14,601698.SH,21.74,22.11,21.47,21.61,56469200.0,1223969909.9999998
2025-10-15,601688.SH,21.61,22.02,20.86,21.37,232224600.0,4990506654.0
2025-10-15,601698.SH,21.78,21.83,21.18,21.69,35131000.0,763572285.0
2025-10-15,601689.SH,64.5,69.17,63.34,67.7,63254500.0,4181122449.9999995
2025-10-16,601688.SH,21.39,22.11,21.15,21.43,186103700.0,3984480217.0
2025-10-16,601698.SH,21.61,21.64,20.96,21.08,36117400.0,770925903.0
2025-10-16,601689.SH,65.28,68.73,65.16,67.78,43947900.0,2923853787.0
2025-10-17,601698.SH,21.06,21.41,20.57,20.61,33493400.0,697834989.0
2025-10-17,601689.SH,67.34,67.74,64.94,65.24,32240300.0,2137209486.9999998
2025-10-17,601688.SH,21.4,21.69,20.96,20.96,127417700.0,2698706886.0
2025-10-20,601698.SH,20.88,21.38,20.76,20.95,32677900.0,683458278.5
2025-10-20,601689.SH,66.92,68.73,65.73,67.61,39360700.0,2647597485.5
2025-10-20,601688.SH,21.27,21.33,20.86,21.0,82193000.0,1737149054.9999998
2025-10-21,601688.SH,21.01,21.53,21.01,21.26,111743600.0,2361700986.0
2025-10-21,601689.SH,67.74,70.92,66.41,69.55,48031300.0,3297108588.5
2025-10-21,601698.SH,21.0,21.25,20.92,20.98,24369900.0,511524201.00000006
2025-10-22,601689.SH,68.78,73.5,68.78,70.62,57811900.0,4029489430.0
2025-10-22,601688.SH,21.09,21.21,20.78,20.82,87115900.0,1825513684.4999998
2025-10-22,601698.SH,20.84,21.23,20.59,20.72,26722600.0,555295628.0
2025-10-23,601698.SH,20.57,20.64,20.14,20.41,25594600.0,524433354.00000006
2025-10-23,601688.SH,20.81,20.94,20.41,20.89,81718800.0,1703836980.0
2025-10-23,601689.SH,68.04,69.03,67.06,68.25,43202500.0,2944034362.5000005
2025-10-24,601689.SH,69.42,71.31,67.53,70.17,44962100.0,3138129769.5
2025-10-24,601688.SH,20.91,21.19,20.81,21.19,83713200.0,1762162860.0
2025-10-24,601698.SH,21.19,22.11,21.04,21.69,98023100.0,2101615264.0000002
2025-10-27,601689.SH,70.92,71.15,67.35,69.58,54942600.0,3859717650.0
2025-10-27,601698.SH,21.63,21.96,21.48,21.81,73947700.0,1606144044.0
2025-10-27,601688.SH,21.62,21.99,21.41,21.82,173425400.0,3766799688.0
2025-10-28,601689.SH,69.74,72.34,69.03,70.97,77835400.0,5476109566.999999
2025-10-28,601698.SH,21.64,22.26,21.58,21.85,52502000.0,1141655990.0
2025-10-28,601688.SH,21.67,21.82,21.46,21.56,95775300.0,2070183109.5000002
2025-10-29,601688.SH,21.52,22.36,21.49,22.32,165407500.0,3625732400.0000005
2025-10-29,601698.SH,21.79,22.78,21.79,22.29,69425100.0,1530129204.0
2025-10-29,601689.SH,69.73,74.49,69.68,73.26,61732200.0,4413543639.0
2025-10-30,601698.SH,22.29,22.7,22.0,22.2,76068900.0,1692152680.4999998
2025-10-30,601688.SH,22.18,22.62,22.06,22.11,130262900.0,2884671920.5
2025-10-30,601689.SH,73.5,73.79,69.62,69.79,52762100.0,3780140654.5000005
2025-10-31,601689.SH,68.54,75.37,68.33,73.28,86853600.0,6158788776.0
2025-10-31,601688.SH,22.01,22.01,21.11,21.11,160777500.0,3466362900.0000005
2025-10-31,601698.SH,22.28,22.29,21.58,21.67,49379200.0,1085107920.0
2025-11-03,601688.SH,20.99,21.07,20.59,20.93,86785900.0,1819032464.0
2025-11-03,601698.SH,21.64,22.16,21.38,21.97,46807000.0,1020626635.0
2025-11-03,601689.SH,74.49,75.27,72.22,73.55,55451400.0,4104512628.0
2025-11-04,601688.SH,20.83,21.0,20.76,20.83,65887200.0,1372430376.0
2025-11-04,601689.SH,73.5,74.0,68.03,68.68,62303600.0,4429162924.0
2025-11-04,601698.SH,22.01,22.35,21.64,21.77,38866900.0,850796441.0
2025-11-05,601689.SH,66.55,69.03,66.55,68.41,30316900.0,2045784411.9999998
2025-11-05,601688.SH,20.61,20.8,20.57,20.66,54318000.0,1120851930.0
2025-11-05,601698.SH,21.4,21.9,21.28,21.84,32241100.0,697052581.9999999
2025-11-06,601688.SH,20.79,21.97,20.71,21.83,173080100.0,3688336931.0
2025-11-06,601698.SH,21.71,21.84,21.44,21.58,30763100.0,665867299.5
2025-11-06,601689.SH,69.53,71.75,69.11,71.55,46540900.0,3282995085.9999995
2025-11-07,601689.SH,70.03,70.36,66.62,67.64,63795300.0,4391349475.500001
2025-11-07,601698.SH,21.59,22.46,21.36,22.31,74825900.0,1642428505.0
2025-11-07,601688.SH,21.73,21.91,21.48,21.63,76399400.0,1656338992.0
2025-11-10,601698.SH,22.64,22.87,22.2,22.33,69225300.0,1556530870.5
2025-11-10,601689.SH,67.05,67.05,62.56,63.15,62444800.0,4065156479.9999995
2025-11-10,601688.SH,21.56,22.34,21.36,22.05,103787600.0,2263088618.0
2025-11-11,601688.SH,22.05,22.22,21.67,21.82,68360300.0,1499483180.5000002
2025-11-11,601698.SH,22.2,22.86,21.89,22.13,52046900.0,1153619538.5
2025-11-11,601689.SH,63.38,63.91,61.6,63.0,38455800.0,2430022002.0
2025-11-12,601688.SH,21.81,22.0,21.56,21.67,52932000.0,1150741680.0
2025-11-12,601689.SH,63.15,63.58,61.38,61.71,29733700.0,1856274891.0
2025-11-12,601698.SH,22.02,22.68,21.28,22.43,64683700.0,1437595232.5
2025-11-13,601698.SH,22.18,22.75,21.98,22.22,67311100.0,1494306420.0
2025-11-13,601689.SH,61.41,62.75,61.24,61.86,25804000.0,1590429540.0
2025-11-13,601688.SH,21.65,22.28,21.59,22.2,89579200.0,1964023959.9999998
2025-11-14,601688.SH,21.92,21.96,21.53,21.55,80571500.0,1751221552.5
2025-11-14,601698.SH,22.05,22.2,21.68,21.68,35036400.0,766070886.0000001
2025-11-14,601689.SH,60.59,62.57,60.1,60.76,25561600.0,1550950080.0
2025-11-17,601688.SH,21.55,21.65,20.9,21.03,65228300.0,1388710507.0
2025-11-17,601698.SH,21.68,21.84,21.43,21.5,34315900.0,740880281.0
2025-11-17,601689.SH,60.25,61.58,59.71,60.8,20835600.0,1261074690.0
2025-11-18,601688.SH,21.03,22.03,20.95,21.55,127035200.0,2704579408.0
2025-11-18,601689.SH,60.65,61.24,60.19,60.53,18494200.0,1120563578.0
2025-11-18,601698.SH,21.34,21.36,20.79,20.88,38284000.0,808175240.0
2025-11-19,601689.SH,60.51,60.86,59.77,60.06,14917900.0,899325601.5
2025-11-19,601688.SH,21.48,21.97,21.34,21.54,60174300.0,1294349192.9999998
2025-11-19,601698.SH,20.88,20.97,20.69,20.79,21489100.0,447725398.5
2025-11-20,601698.SH,20.87,20.95,20.69,20.7,19404000.0,403312140.0
2025-11-20,601689.SH,60.39,60.69,59.28,59.42,16857000.0,1009818585.0
2025-11-20,601688.SH,22.06,22.23,20.92,20.98,102469400.0,2205141488.0
2025-11-21,601698.SH,20.49,20.81,20.05,20.16,31353300.0,637255822.5
2025-11-21,601689.SH,57.91,61.26,57.91,59.91,39148400.0,2306232244.0
2025-11-21,601688.SH,20.73,20.88,20.04,20.06,101929200.0,2078846034.0
2025-11-24,601689.SH,59.93,61.57,58.69,60.94,29073000.0,1757026755.0
2025-11-24,601688.SH,20.15,20.61,19.85,20.29,78873600.0,1594824192.0
2025-11-24,601698.SH,20.58,20.96,20.27,20.82,38062000.0,787883400.0
2025-11-25,601698.SH,20.8,21.23,20.65,20.84,35076300.0,730288566.0
2025-11-25,601688.SH,20.36,20.57,20.32,20.35,52858800.0,1075940874.0
2025-11-25,601689.SH,61.83,62.52,60.89,61.17,27918500.0,1716987750.0
2025-11-26,601688.SH,20.38,20.6,20.2,20.45,40686600.0,830616939.0
2025-11-26,601698.SH,20.98,21.12,20.45,20.47,28453900.0,589707077.5
2025-11-26,601689.SH,60.79,63.26,60.19,62.39,34207500.0,2106839925.0
2025-11-27,601689.SH,62.38,63.42,61.64,61.85,25576100.0,1588659451.5
2025-11-27,601698.SH,20.33,20.59,20.28,20.36,20443200.0,415916904.0
2025-11-27,601688.SH,20.35,20.68,20.35,20.41,37639700.0,767097086.0000001
2025-11-28,601689.SH,61.93,62.97,60.92,62.59,26552300.0,1653146198.0000002
2025-11-28,601698.SH,20.45,20.75,20.38,20.73,29436600.0,606099594.0
2025-11-28,601688.SH,20.42,20.64,20.35,20.51,42738000.0,874633170.0000001
2025-12-01,601689.SH,63.37,65.82,62.84,65.46,46279500.0,2981093992.4999995
2025-12-01,601698.SH,20.98,21.48,20.96,21.34,53498900.0,1132036724.0
2025-12-01,601688.SH,20.49,21.02,20.41,20.8,71077200.0,1467388794.0
2025-12-02,601688.SH,20.76,20.76,20.44,20.61,48402100.0,1001197438.5000001
2025-12-02,601698.SH,21.16,21.33,20.97,21.12,27127500.0,573475350.0
2025-12-02,601689.SH,65.16,65.46,63.29,63.85,26348200.0,1699590640.9999998
2025-12-03,601688.SH,20.68,20.75,20.3,20.34,42964500.0,881201894.9999999
2025-12-03,601698.SH,21.14,21.28,20.58,20.7,38666500.0,808903180.0000001
2025-12-03,601689.SH,64.26,65.22,63.81,64.1,20848600.0,1338063148.0000002
2025-12-04,601698.SH,20.5,21.74,20.49,21.52,78512400.0,1649545523.9999998
2025-12-04,601688.SH,20.34,20.95,20.33,20.61,53120000.0,1087632000.0
2025-12-04,601689.SH,67.53,68.04,65.33,66.25,57507500.0,3846676675.0
2025-12-05,601689.SH,66.42,67.54,65.67,67.54,30265500.0,2027183190.0000002
2025-12-05,601698.SH,21.28,22.08,21.13,21.94,79624500.0,1720685445.0
2025-12-05,601688.SH,20.56,21.48,20.5,21.19,96817500.0,2021065312.5
2025-12-08,601689.SH,67.3,68.52,66.4,68.24,35844400.0,2429174988.0
2025-12-08,601688.SH,21.71,22.44,21.71,22.02,158207400.0,3459204801.0000005
2025-12-08,601698.SH,22.28,22.98,22.16,22.24,129675800.0,2886583307.9999995
2025-12-09,601689.SH,66.55,67.89,66.13,67.03,27799200.0,1856708567.9999998
2025-12-09,601698.SH,21.95,22.43,21.78,22.06,66080900.0,1454110204.5
2025-12-09,601688.SH,21.98,22.09,21.68,21.76,76159800.0,1665614826.0
2025-12-10,601688.SH,21.65,21.87,21.41,21.66,54250300.0,1174790246.5
2025-12-10,601689.SH,67.07,68.42,66.6,68.0,26855300.0,1813672685.5
2025-12-10,601698.SH,21.89,24.27,21.71,23.01,153530900.0,3446768705.0000005
2025-12-11,601698.SH,23.21,23.98,22.78,23.24,129949700.0,3018081782.5
2025-12-11,601688.SH,21.75,21.91,21.35,21.39,53110300.0,1145589171.0
2025-12-11,601689.SH,68.0,70.35,67.82,69.12,44617200.0,3058955232.0
2025-12-12,601698.SH,23.17,23.53,22.69,22.95,97063000.0,2238272780.0
2025-12-12,601688.SH,21.52,21.89,21.2,21.69,123415200.0,2666385396.0
2025-12-12,601689.SH,68.55,69.49,67.54,68.63,43547000.0,2986888730.0
2025-12-15,601698.SH,22.75,23.56,22.75,23.17,86314900.0,1981790104.0
2025-12-15,601689.SH,67.89,68.87,67.44,67.82,22923800.0,1555494448.9999998
2025-12-15,601688.SH,21.54,22.68,21.5,22.24,126627500.0,2771875975.0
2025-12-16,601688.SH,22.12,22.37,21.8,21.84,63681400.0,1399717172.0
2025-12-16,601689.SH,68.25,69.04,66.55,66.55,23083800.0,1555848120.0000002
2025-12-16,601698.SH,22.78,25.24,22.3,24.36,185469700.0,4371520829.0
2025-12-17,601698.SH,23.88,25.12,23.6,24.15,151920200.0,3648363603.0
2025-12-17,601689.SH,66.95,70.01,66.85,68.68,31543000.0,2139088545.0
2025-12-17,601688.SH,21.92,24.01,21.8,23.17,197542500.0,4453595662.5
2025-12-18,601698.SH,23.92,25.66,23.61,24.74,205949900.0,5010761067.0
2025-12-18,601688.SH,22.75,22.77,22.34,22.46,130195600.0,2943071538.0
2025-12-18,601689.SH,67.68,70.5,66.72,67.99,27561400.0,1869627569.0000002
2025-12-19,601698.SH,24.48,25.85,24.37,24.53,162953400.0,3993173067.0000005
2025-12-19,601689.SH,68.54,70.62,68.54,68.8,31769100.0,2181584097.0
2025-12-19,601688.SH,22.41,22.86,22.32,22.44,88141700.0,1976577622.5
2025-12-22,601688.SH,22.36,22.79,22.3,22.63,74291300.0,1671182793.4999998
2025-12-22,601689.SH,69.53,70.52,68.2,69.88,37381100.0,2605649575.5
2025-12-22,601698.SH,24.95,26.32,24.54,25.89,199262600.0,5065255292.0
2025-12-23,601698.SH,25.77,25.77,23.31,23.49,232524400.0,5727075972.0
2025-12-23,601688.SH,22.46,23.08,22.42,22.7,93526400.0,2111826111.9999998
2025-12-23,601689.SH,69.79,69.79,68.57,68.97,19867500.0,1378407150.0
2025-12-24,601688.SH,22.59,23.34,22.51,23.12,83533100.0,1909149000.5
2025-12-24,601689.SH,68.93,69.02,67.74,68.71,17543800.0,1207364315.9999998
2025-12-24,601698.SH,23.19,24.78,23.18,24.54,166184500.0,3965993092.5000005
2025-12-25,601689.SH,68.75,71.96,68.75,71.35,36171100.0,2533785555.0
2025-12-25,601698.SH,24.52,25.94,24.35,25.71,173447200.0,4356126428.0
2025-12-25,601688.SH,23.09,23.32,22.97,23.17,79684700.0,1843107111.0000002
2025-12-26,601689.SH,71.01,71.73,70.08,70.81,25784200.0,1828357622.0
2025-12-26,601688.SH,23.11,23.58,23.1,23.38,91881000.0,2135773844.9999998
2025-12-26,601698.SH,25.72,28.28,25.26,28.28,301766500.0,8147695500.0
2025-12-29,601698.SH,28.28,30.56,27.24,29.97,299923500.0,8735271937.5
2025-12-29,601689.SH,70.84,73.0,70.33,71.47,31243300.0,2223117011.5
2025-12-29,601688.SH,23.34,23.51,23.05,23.11,73638900.0,1710263452.5
2025-12-30,601698.SH,28.97,32.97,28.55,32.45,375265700.0,11524409647.0
2025-12-30,601688.SH,22.97,23.33,22.95,23.07,51801100.0,1192461322.0
2025-12-30,601689.SH,71.02,78.25,70.64,77.36,53516500.0,3970389135.0
2025-12-31,601698.SH,32.21,35.69,31.77,35.69,273180300.0,9274471185.0
2025-12-31,601688.SH,23.06,23.53,22.9,23.09,79700100.0,1839079807.5
2025-12-31,601689.SH,77.37,80.26,75.5,76.66,48511400.0,3736105471.0
2026-01-05,601688.SH,23.14,23.84,23.12,23.83,106913900.0,2510872941.5
2026-01-05,601698.SH,36.62,39.26,36.46,39.26,297108500.0,11272296490.0
2026-01-05,601689.SH,76.13,78.27,75.31,76.49,39957700.0,3049172087.0
2026-01-06,601698.SH,39.94,43.19,39.42,43.19,248430700.0,10326022045.5
2026-01-06,601689.SH,77.15,77.49,74.81,75.89,39988900.0,3059950628.0000005
2026-01-06,601688.SH,23.78,25.2,23.68,25.01,164243200.0,4006712864.0000005
2026-01-07,601688.SH,25.02,25.11,24.4,24.68,105692500.0,2626458625.0
2026-01-07,601689.SH,74.97,76.04,73.33,74.3,39750400.0,2966771103.9999995
2026-01-07,601698.SH,44.46,45.02,39.85,43.83,327076900.0,14438809750.499998
2026-01-08,601689.SH,74.0,75.52,73.35,74.14,29574400.0,2190575808.0
2026-01-08,601688.SH,24.35,24.35,23.38,23.44,161359500.0,3855685252.5000005
2026-01-08,601698.SH,42.4,45.83,41.64,44.49,301390300.0,13093901583.5
2026-01-09,601688.SH,23.39,23.6,23.07,23.44,108647900.0,2543990578.5
2026-01-09,601689.SH,74.14,76.59,73.73,74.84,40386200.0,3008368038.0000005
2026-01-09,601698.SH,44.97,48.93,44.97,48.93,276551700.0,12984102315.0
2026-01-12,601698.SH,50.94,53.83,49.95,53.83,262946000.0,13774426210.0
2026-01-12,601689.SH,75.45,75.59,72.5,73.58,49992500.0,3725191137.5
2026-01-12,601688.SH,23.37,23.54,22.93,23.4,143342300.0,3352059685.4999995
2026-01-13,601698.SH,53.82,53.82,48.44,48.44,194884500.0,9964444485.0
2026-01-13,601689.SH,73.57,76.55,72.66,73.08,45812300.0,3359186897.4999995
2026-01-13,601688.SH,23.41,23.91,23.36,23.57,111770800.0,2625496092.0
2026-01-14,601698.SH,44.76,47.95,43.6,43.6,267114200.0,11801105356.0
2026-01-14,601689.SH,72.81,73.88,70.92,71.61,44968700.0,3247189827.0000005
2026-01-14,601688.SH,23.49,24.03,22.99,23.14,139760700.0,3258520720.4999995
2026-01-15,601688.SH,22.95,23.38,22.68,22.86,103426800.0,2368990854.0
2026-01-15,601689.SH,71.23,72.71,71.12,71.91,22333500.0,1598408594.9999998
2026-01-15,601698.SH,42.18,42.96,39.24,39.24,205313100.0,8358296301.0
2026-01-16,601698.SH,39.27,40.55,38.12,40.12,191435600.0,7599036142.0
2026-01-16,601689.SH,72.3,75.37,72.28,74.19,45607200.0,3340499364.0
2026-01-16,601688.SH,23.02,23.23,22.43,22.57,103266800.0,2353966706.0
2026-01-19,601698.SH,39.06,40.76,39.06,39.75,134608900.0,5304263704.5
2026-01-19,601689.SH,75.49,80.36,74.16,78.04,62649700.0,4809304220.5
2026-01-19,601688.SH,22.46,22.57,22.22,22.34,75455800.0,1690209920.0
2026-01-20,601688.SH,22.31,22.9,22.31,22.76,86000500.0,1938021267.5
2026-01-20,601689.SH,79.26,83.54,79.1,81.54,73100400.0,5877272160.0
2026-01-20,601698.SH,39.75,40.05,35.96,36.96,164918400.0,6325445232.000001
2026-01-21,601688.SH,22.69,22.76,22.38,22.44,75185900.0,1696569833.5
2026-01-21,601689.SH,81.09,84.92,80.85,82.86,58291700.0,4778462107.5
2026-01-21,601698.SH,35.97,37.24,35.79,35.81,99862800.0,3584075892.0
2026-01-22,601689.SH,82.49,83.06,80.68,81.39,37128000.0,3042268320.0
2026-01-22,601698.SH,35.87,38.89,35.56,38.71,174225300.0,6496861437.0
2026-01-22,601688.SH,22.5,22.7,22.32,22.39,61879100.0,1388876399.5
2026-01-23,601689.SH,81.84,84.02,79.47,82.57,43415500.0,3568971177.5
2026-01-23,601688.SH,22.39,22.5,22.12,22.25,89141700.0,1989642744.0
2026-01-23,601698.SH,38.97,42.46,38.96,42.44,222744900.0,9066831154.5
2026-01-26,601698.SH,39.96,40.96,38.19,38.19,175081900.0,6841325242.500001
2026-01-26,601689.SH,83.14,84.03,76.2,76.47,55030700.0,4391725013.5
2026-01-26,601688.SH,22.26,23.18,22.18,22.75,155043400.0,3489251717.0000005
2026-01-27,601689.SH,76.33,76.37,73.6,74.84,42668700.0,3225113689.5000005
2026-01-27,601698.SH,36.86,39.22,36.86,38.72,121605400.0,4595468066.0
2026-01-27,601688.SH,22.67,22.83,22.32,22.35,86608300.0,1949552833.0000002
2026-01-28,601688.SH,22.34,22.75,22.27,22.35,98123400.0,2192567373.0
2026-01-28,601698.SH,38.72,38.89,36.96,37.52,107677200.0,4104654864.0000005
2026-01-28,601689.SH,74.86,74.96,72.48,73.74,31649900.0,2351587570.0
2026-01-29,601698.SH,37.46,39.2,37.26,37.83,104627200.0,3938690943.9999995
2026-01-29,601688.SH,22.36,22.81,21.9,22.74,145323800.0,3277051689.9999995
2026-01-29,601689.SH,74.57,74.84,71.53,71.58,32024100.0,2340161107.4999995
2026-01-30,601689.SH,71.03,73.24,69.94,71.69,35149800.0,2508289728.0
2026-01-30,601698.SH,37.32,39.32,37.29,37.96,114414600.0,4306565544.0
2026-01-30,601688.SH,22.66,22.87,22.34,22.47,106504500.0,2403274042.4999995
2026-02-02,601689.SH,71.23,72.84,69.53,69.62,39304900.0,2768047582.5000005
2026-02-02,601698.SH,38.26,39.96,38.23,38.45,110191300.0,4226387311.5000005
2026-02-02,601688.SH,22.39,23.08,22.12,22.2,114514000.0,2553089630.0
2026-02-03,601688.SH,22.26,22.31,20.6,21.3,219199800.0,4774171644.0
2026-02-03,601689.SH,70.48,71.97,68.83,71.97,31206100.0,2222654472.5
2026-02-03,601698.SH,39.21,40.86,37.46,40.38,168619500.0,6710213002.5
2026-02-04,601689.SH,71.52,72.01,70.32,70.97,20656900.0,1471700840.5
2026-02-04,601698.SH,40.26,40.48,38.47,39.36,129202600.0,5143555506.0
2026-02-04,601688.SH,21.21,21.84,21.14,21.65,94025200.0,2014960036.0
2026-02-05,601689.SH,70.33,70.37,68.54,68.97,22049100.0,1535719815.0000002
2026-02-05,601688.SH,21.62,22.08,21.53,21.91,71508000.0,1556371620.0
2026-02-05,601698.SH,38.25,38.66,37.21,37.38,87762700.0,3318746500.5
2026-02-06,601689.SH,68.54,73.98,68.35,72.11,44295600.0,3115088070.0
2026-02-06,601688.SH,21.83,21.98,21.59,21.66,62186000.0,1352234569.9999998
2026-02-06,601698.SH,36.77,37.95,36.39,36.74,73228500.0,2691513517.5
2026-02-09,601688.SH,21.84,22.43,21.78,22.3,74289000.0,1639558230.0
2026-02-09,601689.SH,73.06,73.09,71.56,72.21,27215200.0,1976776051.9999998
2026-02-09,601698.SH,37.51,37.66,36.86,37.27,64324500.0,2405093055.0
2026-02-10,601688.SH,22.3,22.38,22.07,22.13,33237300.0,738366619.5
2026-02-10,601689.SH,72.22,73.05,70.87,72.05,34590200.0,2495164076.9999995
2026-02-10,601698.SH,37.27,37.27,36.03,36.49,57951300.0,2137243944.0000002
2026-02-11,601698.SH,36.45,36.86,35.77,35.84,60774700.0,2196701531.5
2026-02-11,601688.SH,22.17,22.28,22.0,22.15,35438300.0,785312728.0
2026-02-11,601689.SH,71.76,71.76,70.88,71.12,15855400.0,1132709776.0
2026-02-12,601688.SH,22.15,22.15,21.85,21.93,45068900.0,993318556.0
2026-02-12,601689.SH,70.47,72.99,69.71,72.03,23849100.0,1699248375.0
2026-02-12,601698.SH,35.66,36.11,35.37,35.73,49439200.0,1764732243.9999998
2026-02-13,601698.SH,35.57,35.87,35.28,35.34,40594900.0,1439292179.5
2026-02-13,601689.SH,71.37,72.74,71.02,71.52,21696800.0,1550127875.9999998
2026-02-13,601688.SH,21.92,22.09,21.7,21.71,50118600.0,1093337259.0
2026-02-24,601698.SH,35.56,36.3,35.21,35.69,53139500.0,1893094687.5
2026-02-24,601688.SH,21.81,21.84,21.46,21.49,51691500.0,1119120975.0
2026-02-24,601689.SH,72.8,72.89,69.53,69.91,27922800.0,1992431393.9999998
2026-02-25,601688.SH,21.51,21.74,21.1,21.28,99743100.0,2134003624.5000002
2026-02-25,601689.SH,69.84,70.41,68.86,69.52,22292200.0,1553320496.0000002
2026-02-25,601698.SH,35.69,37.36,35.3,36.89,86880500.0,3152893345.0
2026-02-26,601698.SH,36.84,37.56,36.41,37.13,73258700.0,2709473019.5
2026-02-26,601688.SH,21.25,21.38,20.96,21.03,68955400.0,1457717156.0
2026-02-26,601689.SH,69.53,69.65,68.4,68.8,23164900.0,1602200308.4999998
2026-02-27,601698.SH,36.96,37.93,36.64,37.28,73521600.0,2729121792.0000005
2026-02-27,601688.SH,21.04,21.14,20.89,20.92,54501000.0,1143430980.0
2026-02-27,601689.SH,68.54,68.73,66.99,67.36,27612000.0,1876235400.0
2026-03-02,601688.SH,20.75,20.83,20.28,20.73,94034700.0,1950279678.0000002
2026-03-02,601689.SH,65.56,66.91,65.41,66.24,28700200.0,1891343180.0000002
2026-03-02,601698.SH,37.84,40.83,37.6,39.61,164673200.0,6376969670.0
2026-03-03,601689.SH,66.18,67.12,63.36,63.56,29040400.0,1883850748.0000002
2026-03-03,601688.SH,20.73,20.9,20.35,20.47,87763000.0,1807917800.0000002
2026-03-03,601698.SH,39.61,39.61,35.96,35.98,112485800.0,4251400811.0
2026-03-04,601688.SH,20.37,20.47,19.77,19.91,98546300.0,1984722482.0
2026-03-04,601698.SH,35.03,37.29,35.0,36.7,61621500.0,2210055097.5
2026-03-04,601689.SH,62.8,63.98,62.58,63.24,19377700.0,1221182654.0
2026-03-05,601689.SH,64.36,64.52,63.45,63.8,16525100.0,1058928408.0
2026-03-05,601688.SH,20.14,20.23,19.84,19.91,47588400.0,952957709.9999999
2026-03-05,601698.SH,37.17,37.46,36.29,37.21,63963700.0,2378810003.0
2026-03-06,601688.SH,19.82,20.11,19.78,19.93,59668500.0,1185911437.5
2026-03-06,601689.SH,63.47,64.25,63.27,63.68,14033500.0,892179762.5
2026-03-06,601698.SH,37.02,37.95,36.69,37.26,59989000.0,2227991460.0
2026-03-09,601698.SH,36.46,38.34,36.2,38.16,79392000.0,2962115520.0
2026-03-09,601689.SH,62.42,63.15,61.11,62.78,22009000.0,1377763400.0
2026-03-09,601688.SH,19.6,19.61,19.17,19.26,92806600.0,1803232238.0
2026-03-10,601698.SH,38.16,38.79,37.86,38.25,71607900.0,2735779819.5
2026-03-10,601688.SH,19.45,19.61,19.33,19.43,59656800.0,1159728191.9999998
2026-03-10,601689.SH,63.67,65.05,63.67,64.72,25305500.0,1624486572.4999998
2026-03-11,601688.SH,19.39,19.57,19.33,19.51,54716200.0,1064230090.0000001
2026-03-11,601698.SH,38.4,38.41,37.66,37.73,50205700.0,1911079970.5
2026-03-11,601689.SH,64.74,65.41,64.04,64.41,20227000.0,1306158524.9999998
2026-03-12,601689.SH,64.16,65.09,63.5,63.98,16454500.0,1054239814.9999999
2026-03-12,601698.SH,37.66,37.66,36.46,36.52,45945000.0,1704100050.0000002
2026-03-12,601688.SH,19.5,19.54,19.25,19.4,51032400.0,992580180.0
2026-03-13,601698.SH,36.46,37.11,35.56,35.6,48502700.0,1747552281.0
2026-03-13,601688.SH,19.3,19.49,19.2,19.23,43878700.0,845323155.5
2026-03-13,601689.SH,63.37,63.76,62.58,62.69,14779200.0,931532976.0
2026-03-16,601689.SH,62.5,62.61,61.34,62.07,17092400.0,1064600134.0
2026-03-16,601698.SH,35.36,35.42,33.62,34.19,59452500.0,2067460687.5
2026-03-16,601688.SH,19.24,19.25,18.87,19.06,49719000.0,952118849.9999999
2026-03-17,601689.SH,62.77,62.94,60.89,61.09,16660600.0,1031790958.0000001
2026-03-17,601698.SH,34.77,34.88,32.93,32.94,44400000.0,1503162000.0000002
2026-03-17,601688.SH,19.14,19.93,19.12,19.33,117873100.0,2267289078.5
2026-03-18,601688.SH,19.21,19.42,19.15,19.31,51086000.0,983916359.9999999
2026-03-18,601698.SH,33.0,34.16,32.83,34.13,52743300.0,1770328864.4999998
2026-03-18,601689.SH,60.99,61.46,60.14,61.19,18644900.0,1139016941.0
2026-03-19,601698.SH,33.49,34.47,33.24,33.96,39629100.0,1336491397.5
2026-03-19,601689.SH,60.36,60.36,58.95,59.16,19895800.0,1188973008.0
2026-03-19,601688.SH,19.12,19.16,18.73,18.79,78349200.0,1485109085.9999998
2026-03-20,601698.SH,34.17,34.24,32.82,32.89,37255700.0,1249183621.0
2026-03-20,601689.SH,59.74,59.75,57.64,57.86,22594500.0,1328556600.0
2026-03-20,601688.SH,18.91,18.98,18.62,18.62,50630500.0,950081332.5
2026-03-23,601689.SH,56.77,58.65,55.62,56.67,28000400.0,1588182688.0
2026-03-23,601698.SH,31.97,32.59,31.07,31.26,53106500.0,1678961997.5
2026-03-23,601688.SH,18.38,18.44,17.75,17.87,93549700.0,1695588312.5
2026-03-24,601689.SH,57.61,57.73,54.93,56.69,26439300.0,1511005995.0
2026-03-24,601688.SH,18.06,18.25,17.83,18.05,81206600.0,1466185163.0
2026-03-24,601698.SH,31.83,32.01,30.7,31.53,37883300.0,1200142944.0
2026-03-25,601698.SH,31.92,32.36,31.8,31.93,32096100.0,1024667992.5
2026-03-25,601688.SH,18.1,18.69,18.1,18.54,67260700.0,1232216024.0
2026-03-25,601689.SH,56.7,57.99,56.38,57.41,34725500.0,1981263402.5
2026-03-26,601689.SH,57.6,59.56,57.56,57.77,36533000.0,2107406105.0
2026-03-26,601698.SH,32.46,32.56,31.67,32.04,42514700.0,1371099075.0
2026-03-26,601688.SH,18.47,18.54,17.93,18.03,75279600.0,1373852700.0
2026-03-27,601688.SH,17.91,18.18,17.87,18.1,42885400.0,772151627.0000001
2026-03-27,601698.SH,31.29,32.02,31.1,31.77,30766700.0,970074051.0
2026-03-27,601689.SH,56.74,57.91,56.52,57.4,20648800.0,1178427016.0
2026-03-30,601688.SH,17.86,18.08,17.71,17.82,69333700.0,1236913208.0
2026-03-30,601698.SH,31.36,32.8,31.33,32.75,47875600.0,1534652358.0
2026-03-30,601689.SH,56.33,57.28,56.03,57.01,17323400.0,981717078.0
2026-03-31,601688.SH,17.78,17.9,17.41,17.42,92808700.0,1633433120.0000002
2026-03-31,601689.SH,57.1,58.57,56.42,56.42,18523000.0,1051365480.0000001
2026-03-31,601698.SH,32.79,34.23,32.57,32.97,66974300.0,2202114983.9999995
2026-04-01,601688.SH,17.73,18.01,17.65,17.81,77422100.0,1375790717.0
2026-04-01,601689.SH,57.58,58.79,57.51,58.28,26916600.0,1559278638.0
2026-04-01,601698.SH,33.55,33.69,32.25,32.6,46829900.0,1548898942.5000002
2026-04-02,601689.SH,58.81,59.99,57.96,58.26,30526900.0,1786892091.5
2026-04-02,601698.SH,32.5,32.86,31.69,31.91,30441800.0,980378169.0
2026-04-02,601688.SH,17.75,17.75,17.23,17.34,71076100.0,1247030174.5000002
2026-04-03,601688.SH,17.48,17.52,17.26,17.29,36304400.0,631151993.9999999
2026-04-03,601689.SH,58.8,58.89,56.94,57.26,16257800.0,943440134.0
2026-04-03,601698.SH,32.36,32.57,31.48,31.53,29161300.0,931557728.5
2026-04-07,601698.SH,31.51,31.77,30.96,31.07,25693900.0,803962131.0
2026-04-07,601689.SH,57.19,57.26,55.57,55.89,20262900.0,1145664366.0
2026-04-07,601688.SH,17.29,17.36,17.17,17.21,38085500.0,656974875.0
2026-04-08,601698.SH,31.61,32.96,31.61,32.96,48883400.0,1578200568.9999998
2026-04-08,601689.SH,57.24,59.19,57.24,59.19,34555100.0,2011625146.5
2026-04-08,601688.SH,17.6,18.07,17.53,17.92,112359900.0,1995511824.0000002
2026-04-09,601688.SH,17.72,17.76,17.48,17.55,50511800.0,890775592.9999999
2026-04-09,601689.SH,58.34,58.45,57.37,57.94,21599800.0,1255812372.0
2026-04-09,601698.SH,32.47,32.9,31.99,32.52,33327100.0,1082964114.5000002
2026-04-10,601688.SH,17.88,18.82,17.88,18.32,172664800.0,3125232880.0000005
2026-04-10,601689.SH,58.69,61.08,58.4,59.99,35138900.0,2085142326.0000002
2026-04-10,601698.SH,32.75,33.21,32.57,32.58,31646100.0,1033719856.5
2026-04-13,601688.SH,18.21,18.73,18.12,18.54,86870000.0,1596236250.0
2026-04-13,601698.SH,32.42,33.05,32.19,32.68,31071500.0,1011377324.9999999
2026-04-13,601689.SH,59.13,59.87,58.76,59.09,21569400.0,1274967234.0
2026-04-14,601688.SH,18.6,18.77,18.3,18.53,85028900.0,1578561528.5
2026-04-14,601689.SH,59.81,60.31,58.82,59.64,27589900.0,1647806777.5
2026-04-14,601698.SH,32.87,33.87,32.6,33.87,58923500.0,1966277194.9999998
2026-04-15,601698.SH,34.09,35.22,33.7,33.94,79618100.0,2708209671.5
2026-04-15,601688.SH,18.6,18.73,18.41,18.47,71782200.0,1330483077.0
2026-04-15,601689.SH,60.26,60.35,58.34,58.72,26766000.0,1592309339.9999998
2026-04-16,601688.SH,18.59,18.82,18.52,18.6,99583300.0,1851751463.5
2026-04-16,601689.SH,60.59,61.26,59.96,60.75,43325100.0,2628533817.0
2026-04-16,601698.SH,33.68,34.22,33.52,33.87,45844700.0,1548404742.5
2026-04-17,601698.SH,33.87,34.0,33.46,33.95,35501100.0,1203842300.9999998
2026-04-17,601688.SH,18.57,18.77,18.47,18.66,71153000.0,1324513095.0000002
2026-04-17,601689.SH,59.69,60.66,59.2,60.56,27725000.0,1666965625.0
2026-04-20,601698.SH,33.96,37.34,33.87,37.34,126584100.0,4512723165.000001
2026-04-20,601688.SH,18.67,18.73,18.47,18.56,67962200.0,1265116353.0000002
2026-04-20,601689.SH,61.0,61.02,59.6,60.16,27712000.0,1678792960.0
2026-04-21,601698.SH,38.57,39.12,37.56,38.13,172535300.0,6616728755.0
2026-04-21,601689.SH,59.79,60.77,58.6,59.37,31533300.0,1878754014.0
2026-04-21,601688.SH,18.52,18.67,18.39,18.55,50173500.0,929965822.5
2026-04-22,601689.SH,58.77,59.59,58.61,59.27,25467300.0,1503080046.0
2026-04-22,601688.SH,18.5,19.32,18.45,18.97,142410300.0,2668056970.5
2026-04-22,601698.SH,36.96,38.31,36.95,37.67,103506200.0,3862333853.0
2026-04-23,601689.SH,59.1,59.1,56.9,57.58,38439300.0,2242548762.0
2026-04-23,601688.SH,18.89,19.04,18.6,18.67,72118700.0,1354389186.0
2026-04-23,601698.SH,37.66,39.46,37.27,38.16,143703100.0,5447784520.999999
2026-04-24,601688.SH,18.61,18.64,18.21,18.38,65206100.0,1205986819.4999998
2026-04-24,601689.SH,57.21,57.42,55.62,56.38,25875800.0,1469616061.0
2026-04-24,601698.SH,38.16,38.16,35.67,36.05,93282900.0,3461262004.4999995
2026-04-27,601688.SH,18.42,18.71,18.32,18.36,70275400.0,1292364606.0
2026-04-27,601689.SH,56.32,59.1,56.18,58.41,34147600.0,1958877073.9999998
2026-04-27,601698.SH,35.66,37.54,35.3,36.8,78697700.0,2851217670.9999995
2026-04-28,601698.SH,36.54,36.54,35.01,35.08,53761300.0,1925192153.0000002
2026-04-28,601688.SH,18.45,19.17,18.45,18.86,158817600.0,2962742328.0
2026-04-28,601689.SH,57.94,58.11,56.13,56.29,25558600.0,1459779438.9999998
2026-04-29,601698.SH,34.92,35.8,34.79,35.57,38351700.0,1351705666.5000002
2026-04-29,601688.SH,18.79,18.95,18.62,18.88,90833700.0,1710852739.5
2026-04-29,601689.SH,55.67,57.48,55.64,57.19,18484400.0,1043074692.0
2026-04-30,601689.SH,57.12,60.47,57.11,59.73,50097700.0,2926958122.5
2026-04-30,601688.SH,18.99,19.2,18.72,18.74,119316100.0,2250898226.5
2026-04-30,601698.SH,35.16,36.93,35.06,36.63,68198000.0,2447967209.9999995
2026-05-06,601698.SH,36.63,38.12,36.57,37.79,79235300.0,2948345513.0
2026-05-06,601689.SH,60.27,62.45,60.09,61.62,43690800.0,2662735806.0
2026-05-06,601688.SH,18.88,19.17,18.81,18.92,128599900.0,2430538110.0
2026-05-07,601689.SH,62.03,64.2,61.26,64.04,49604700.0,3126832264.5
2026-05-07,601688.SH,19.07,19.1,18.71,18.92,89059900.0,1691692800.5
2026-05-07,601698.SH,37.86,37.95,37.29,37.79,70949000.0,2683645925.0
2026-05-08,601698.SH,37.56,40.84,37.34,39.76,138843100.0,5367674246.0
2026-05-08,601688.SH,18.83,18.9,18.65,18.7,69927100.0,1312182031.5
2026-05-08,601689.SH,63.77,68.37,63.45,66.44,72103000.0,4694265815.0
2026-05-11,601698.SH,40.06,40.96,39.35,39.77,113213700.0,4518924835.500001
2026-05-11,601689.SH,67.14,67.47,65.55,66.51,48695900.0,3254103517.5
2026-05-11,601688.SH,18.66,19.23,18.61,18.96,185030000.0,3480414300.0000005
2026-05-12,601689.SH,67.05,67.9,65.77,66.6,38513100.0,2573637907.4999995
2026-05-12,601698.SH,39.56,39.66,38.07,38.22,81811300.0,3181641457.0
2026-05-12,601688.SH,18.93,19.49,18.87,19.3,208445300.0,3984431909.5000005
2026-05-13,601688.SH,19.2,19.34,18.84,19.06,140918900.0,2695778557.0
2026-05-13,601689.SH,65.88,66.84,64.9,66.64,36970000.0,2449632199.9999995
2026-05-13,601698.SH,38.2,38.6,37.72,38.35,58431200.0,2236454180.0000005
2026-05-14,601688.SH,19.16,19.3,18.69,18.69,138921900.0,2629096957.5
2026-05-14,601698.SH,38.36,38.41,35.66,35.66,80644400.0,2984649244.0
2026-05-14,601689.SH,67.09,67.34,64.59,64.64,36894900.0,2430082588.5000005
2026-05-15,601698.SH,35.64,36.02,34.48,35.06,64603400.0,2283730190.0
2026-05-15,601688.SH,18.69,18.76,18.06,18.12,133480200.0,2456703081.0
2026-05-15,601689.SH,64.64,71.11,64.26,69.46,94520300.0,6337586115.0
2026-05-18,601689.SH,69.53,72.39,69.02,70.94,77458100.0,5440269653.5
2026-05-18,601688.SH,17.93,18.2,17.85,17.98,71779800.0,1288806308.9999998
2026-05-18,601698.SH,34.97,36.24,34.8,35.43,44319800.0,1560056960.0000002
2026-05-19,601698.SH,34.97,34.97,33.62,34.29,60894500.0,2108776534.9999998
2026-05-19,601689.SH,71.13,71.63,69.54,70.73,45866000.0,3253275380.0000005
2026-05-19,601688.SH,17.96,18.47,17.73,18.3,95331100.0,1728352843.0000002
2026-05-20,601689.SH,69.79,70.9,68.22,69.73,43549200.0,3037992192.0
2026-05-20,601688.SH,18.19,18.31,17.98,18.17,74321100.0,1351157598.0
2026-05-20,601698.SH,33.85,34.3,33.67,33.95,35043100.0,1187961090.0000002
2026-05-21,601698.SH,34.17,34.58,32.97,33.08,45269500.0,1522186937.5
2026-05-21,601689.SH,70.32,74.18,69.44,72.12,81227800.0,5785043916.0
2026-05-21,601688.SH,18.25,19.02,18.22,18.26,164752000.0,3007547760.0000005
2026-05-22,601698.SH,33.12,33.47,32.77,33.34,27109400.0,900845362.0000001
2026-05-22,601689.SH,72.0,72.57,70.4,72.05,52146600.0,3755858865.0000005
2026-05-22,601688.SH,18.4,18.47,17.71,17.77,130374600.0,2357824641.0
2026-05-25,601698.SH,33.95,34.25,32.77,33.37,39763100.0,1338425945.9999998
2026-05-25,601688.SH,17.9,18.15,17.81,18.04,77451200.0,1391798064.0
2026-05-25,601689.SH,73.0,73.1,71.2,71.89,43360000.0,3141215199.9999995
2026-05-26,601689.SH,71.88,74.85,69.83,71.09,59069700.0,4222597504.5
2026-05-26,601698.SH,33.08,33.08,31.65,32.13,43313300.0,1412230146.5000002
2026-05-26,601688.SH,17.99,18.58,17.91,18.29,109930300.0,1994135642.0
2026-05-27,601688.SH,18.2,18.52,18.04,18.09,84579800.0,1534700471.0
2026-05-27,601698.SH,32.43,32.53,31.06,31.44,37468400.0,1196553354.0
2026-05-27,601689.SH,69.3,69.88,67.09,67.45,60949500.0,4167422062.5
2026-05-28,601698.SH,31.44,32.05,30.84,31.72,34855100.0,1100724058.0
2026-05-28,601689.SH,67.98,68.2,64.44,65.82,47212500.0,3158516250.0000005
2026-05-28,601688.SH,18.08,18.15,17.54,17.65,99163800.0,1771561286.9999998
2026-05-29,601698.SH,31.57,31.57,29.97,30.07,42616500.0,1313440530.0
2026-05-29,601689.SH,65.81,66.48,62.0,62.4,44725900.0,2867153819.5
2026-05-29,601688.SH,17.72,18.13,17.66,17.79,116522000.0,2068848110.0
2026-06-01,601689.SH,62.4,63.45,61.1,61.18,31673600.0,1957111744.0
2026-06-01,601688.SH,18.01,18.37,17.85,18.13,113541400.0,2051693098.0
2026-06-01,601698.SH,29.96,30.46,29.62,29.64,30911100.0,921150780.0
2026-06-02,601689.SH,62.5,64.19,61.6,62.96,40720800.0,2554415784.0
2026-06-02,601688.SH,18.13,18.31,17.86,18.21,97012500.0,1762717125.0000002
2026-06-02,601698.SH,29.93,29.95,28.2,29.7,39523800.0,1178402097.0
2026-06-03,601688.SH,18.19,18.97,17.95,18.71,156756300.0,2892153735.0000005
2026-06-03,601698.SH,29.55,31.63,29.44,30.4,55018800.0,1649188530.0
2026-06-03,601689.SH,62.96,65.11,62.0,62.63,40074900.0,2516503345.5
2026-06-04,601698.SH,29.99,30.8,29.79,30.06,35398100.0,1062827952.5
2026-06-04,601689.SH,62.0,68.74,61.9,67.6,69477800.0,4502161440.0
2026-06-04,601688.SH,18.59,19.11,18.43,18.7,102843600.0,1917518922.0
2026-06-05,601689.SH,67.02,70.37,64.41,68.0,75951600.0,5127492515.999999
2026-06-05,601698.SH,30.48,32.0,30.4,31.97,77495800.0,2419806355.0
2026-06-05,601688.SH,18.62,19.0,18.35,18.45,100903500.0,1870246372.5
2026-06-08,601698.SH,30.81,32.95,30.77,32.16,68938300.0,2170522375.5
2026-06-08,601689.SH,64.96,70.0,64.96,68.1,66711700.0,4438329401.0
2026-06-08,601688.SH,18.2,18.63,18.15,18.34,95840200.0,1751000454.0
2026-06-09,601688.SH,18.26,18.51,18.04,18.38,74865300.0,1371532296.0
2026-06-09,601689.SH,68.7,68.7,65.8,67.75,48804700.0,3329700657.4999995
2026-06-09,601698.SH,31.67,32.07,31.05,31.88,42109900.0,1338042072.5
2026-06-10,601698.SH,31.62,32.25,30.57,30.63,37192600.0,1157619675.0
2026-06-10,601688.SH,18.27,19.02,18.18,18.96,151660800.0,2823165792.0000005
2026-06-10,601689.SH,66.48,67.38,62.85,63.21,45907900.0,2976897775.5
2026-06-11,601688.SH,18.84,19.26,18.6,18.88,122130100.0,2303373686.0
2026-06-11,601689.SH,62.11,63.35,60.95,61.38,36675100.0,2264504049.5
2026-06-11,601698.SH,30.15,31.97,29.38,31.92,57164100.0,1774087843.5
2026-06-12,601688.SH,18.86,19.64,18.69,19.54,234206500.0,4496764800.0
2026-06-12,601698.SH,32.57,34.47,31.77,33.81,101041600.0,3353570704.0
2026-06-12,601689.SH,62.3,63.29,60.18,60.62,40293100.0,2476413925.9999995
2026-06-15,601698.SH,32.97,33.06,32.08,32.74,60919700.0,2001516743.5000002
2026-06-15,601688.SH,19.6,20.45,19.54,19.92,213921800.0,4227094768.0000005
2026-06-15,601689.SH,60.88,61.7,60.26,61.7,29486900.0,1807252101.0000002
2026-06-16,601689.SH,61.5,61.87,60.22,60.73,35642100.0,2178266941.5
2026-06-16,601688.SH,19.66,20.31,19.63,20.01,131420200.0,2606719667.0
2026-06-16,601698.SH,33.22,33.41,32.13,32.15,46685100.0,1525902493.5
2026-06-17,601698.SH,31.77,32.48,31.17,31.23,46855800.0,1475957700.0
2026-06-17,601688.SH,20.01,20.25,19.79,19.96,93750300.0,1873599745.5
2026-06-17,601689.SH,60.77,61.7,59.9,60.11,33472000.0,2023047680.0
2026-06-18,601698.SH,30.97,31.57,30.37,30.86,43014000.0,1329777810.0
2026-06-18,601688.SH,19.85,19.94,19.12,19.13,156052600.0,3041465174.0000005
2026-06-18,601689.SH,59.84,62.86,59.84,62.3,43898700.0,2680893609.0
2026-06-22,601688.SH,19.08,20.92,19.03,20.83,253566100.0,5059911525.5
2026-06-22,601689.SH,61.78,61.88,58.11,60.19,51023400.0,3111662049.0
2026-06-22,601698.SH,30.56,30.74,29.47,30.44,48988000.0,1494134000.0
2026-06-23,601689.SH,59.5,60.28,58.0,58.02,33409800.0,1963159848.0000002
2026-06-23,601698.SH,30.24,30.27,28.82,28.89,41296900.0,1220942848.5
2026-06-23,601688.SH,20.75,21.54,20.6,20.79,242678500.0,5040432445.0
2026-06-24,601688.SH,20.65,21.08,20.28,20.41,141428600.0,2903529158.0
2026-06-24,601689.SH,58.51,59.65,57.0,58.2,31275500.0,1825081802.5000002
2026-06-24,601698.SH,28.57,29.35,28.02,28.96,34141200.0,982071618.0
2026-06-25,601698.SH,28.74,29.3,27.77,27.98,40724100.0,1154935476.0
2026-06-25,601689.SH,57.8,59.28,56.0,56.31,48894900.0,2789698519.5
2026-06-25,601688.SH,20.36,21.09,20.06,20.94,176150100.0,3637499564.9999995
2026-06-26,601688.SH,20.87,21.04,19.95,19.97,148187800.0,3025994876.0000005
2026-06-26,601689.SH,56.1,56.1,52.72,52.75,43307900.0,2357032457.5
2026-06-26,601698.SH,28.0,30.41,27.02,29.35,88401800.0,2534921615.0
2026-06-29,601689.SH,52.45,53.27,51.16,52.35,38123100.0,1997650440.0000002
2026-06-29,601698.SH,29.06,29.5,28.19,29.15,48789500.0,1420018397.4999998
2026-06-29,601688.SH,20.04,20.66,19.95,20.41,125671900.0,2541714177.5
2026-06-30,601688.SH,20.3,20.46,19.99,20.18,100572700.0,2035591448.0000002
2026-06-30,601698.SH,29.5,30.52,29.4,30.25,56634100.0,1691943737.5
2026-06-30,601689.SH,53.08,57.1,52.35,56.42,65011400.0,3559374150.0
2026-07-01,601698.SH,30.04,31.35,29.85,30.8,58869000.0,1790794980.0
2026-07-01,601689.SH,56.42,57.88,55.88,56.98,48690200.0,2760734340.0
2026-07-01,601688.SH,20.16,21.43,19.92,21.18,196796700.0,4067787789.0000005
2026-07-02,601688.SH,20.97,21.22,20.5,20.58,123694200.0,2569747005.0
2026-07-02,601698.SH,30.5,31.1,29.66,29.69,43678200.0,1314495429.0
2026-07-02,601689.SH,57.7,59.8,56.66,56.75,63509400.0,3634325415.0
2026-07-03,601688.SH,20.72,20.93,20.47,20.74,103147700.0,2138251820.9999998
2026-07-03,601689.SH,56.3,62.43,56.3,62.43,86424300.0,5130578569.5
2026-07-03,601698.SH,29.62,31.5,29.61,31.25,61744900.0,1879206031.5000002
2026-07-06,601688.SH,21.1,21.38,20.72,20.85,98842100.0,2073213047.5000002
2026-07-06,601689.SH,62.92,63.97,60.1,60.57,81460000.0,5029747700.0
2026-07-06,601698.SH,31.45,32.0,29.88,29.98,51000700.0,1566486500.5
2026-07-07,601698.SH,29.93,30.84,28.97,29.17,38604600.0,1140765930.0
2026-07-07,601689.SH,60.76,63.98,59.66,60.52,61620300.0,3736654992.0
2026-07-07,601688.SH,20.79,20.83,20.12,20.2,80684200.0,1653622678.9999998
2026-07-08,601689.SH,60.0,60.23,54.72,54.73,59811900.0,3431109643.4999995
2026-07-08,601688.SH,20.16,20.28,19.57,19.6,83295600.0,1655916528.0000002
2026-07-08,601698.SH,29.18,29.68,28.4,28.41,27381100.0,788438774.5
2026-07-09,601688.SH,19.63,20.02,19.35,19.95,83902200.0,1660424538.0
2026-07-09,601689.SH,55.0,55.99,53.83,55.83,38945400.0,2158159341.0
2026-07-09,601698.SH,28.27,30.02,28.27,29.89,34164200.0,993494936.0
2026-07-10,601698.SH,29.82,32.88,28.91,32.88,65581800.0,2055989430.0
2026-07-10,601689.SH,56.0,59.15,55.78,57.36,53105400.0,3010014072.0
2026-07-10,601688.SH,19.87,20.06,19.43,19.75,70010600.0,1386909986.0000002
2026-07-13,601689.SH,56.02,56.27,53.71,53.95,36515500.0,2007804767.5
2026-07-13,601698.SH,34.0,34.88,29.88,31.56,135046100.0,4426811158.0
2026-07-13,601688.SH,19.75,19.82,19.35,19.38,72055900.0,1409773683.4999998
2026-07-14,601698.SH,30.6,30.97,28.4,28.91,77460800.0,2304846104.0
2026-07-14,601689.SH,53.95,54.4,52.35,54.36,27510800.0,1489847374.0
2026-07-14,601688.SH,19.26,19.66,19.13,19.65,68391900.0,1330564414.5
2026-07-15,601698.SH,28.09,29.3,27.83,27.83,47301200.0,1322541552.0
2026-07-15,601688.SH,19.69,20.41,19.67,20.19,96803100.0,1930253814.0000002
2026-07-15,601689.SH,54.5,55.59,52.57,54.5,30581600.0,1666697200.0
2026-07-16,601689.SH,53.55,55.72,53.22,54.47,28226000.0,1524486260.0
2026-07-16,601698.SH,27.14,28.12,26.87,27.42,31187400.0,850792272.0
2026-07-16,601688.SH,19.95,20.22,19.79,19.92,65709900.0,1309926856.5000002
2026-07-17,601689.SH,54.9,54.93,50.25,50.67,38670200.0,2041206506.9999998
2026-07-17,601698.SH,27.2,27.6,25.3,25.59,40789300.0,1076633573.5
2026-07-17,601688.SH,19.89,20.05,19.44,19.45,78664500.0,1547330715.0000002
2026-07-20,601689.SH,50.67,51.39,47.1,48.52,36956100.0,1832837779.5
2026-07-20,601698.SH,25.82,26.16,24.0,24.55,41100000.0,1035103500.0000001
2026-07-20,601688.SH,19.55,20.13,19.49,20.03,92486600.0,1830309814.0
2026-07-21,601698.SH,24.62,25.33,23.57,25.18,38160400.0,950193960.0
2026-07-21,601688.SH,20.4,20.41,19.85,20.19,80330700.0,1630311556.5000002
2026-07-21,601689.SH,48.83,50.36,47.98,50.36,31634600.0,1568917987.0
2026-07-22,601689.SH,49.66,50.15,48.65,49.49,25685400.0,1273353705.0
2026-07-22,601688.SH,19.98,20.32,19.92,20.19,55656700.0,1117864819.5
2026-07-22,601698.SH,24.9,25.9,24.7,24.72,30876000.0,766033560.0
2026-07-23,601689.SH,47.73,48.31,46.0,48.17,36209400.0,1736240730.0
2026-07-23,601698.SH,24.47,26.1,24.35,25.61,37547000.0,940176880.0
2026-07-23,601688.SH,20.19,20.45,19.98,20.4,54189900.0,1099784020.5
2026-07-24,601689.SH,45.9,46.93,45.37,45.62,26962900.0,1233822304.0
2026-07-24,601688.SH,20.33,20.36,19.82,19.96,59211600.0,1192817682.0
2026-07-24,601698.SH,25.29,25.6,25.02,25.03,22288600.0,560781176.0
2026-07-27,601688.SH,20.16,20.16,19.59,19.85,49081200.0,981869406.0000001
2026-07-27,601689.SH,45.6,46.94,45.28,46.38,26782700.0,1231736373.0
2026-07-27,601698.SH,24.9,25.54,24.72,25.33,18572200.0,466440803.0
2026-07-28,601688.SH,19.67,19.71,19.4,19.66,52607900.0,1034534353.5
2026-07-28,601689.SH,45.58,47.2,45.45,45.6,22763900.0,1037806201.0000001
2026-07-28,601698.SH,24.91,25.45,24.76,24.99,19350900.0,482804955.0
2026-07-29,601688.SH,19.67,19.91,19.45,19.73,65057800.0,1281638660.0000002
2026-07-29,601689.SH,45.55,46.18,44.42,45.58,26732900.0,1218084588.5
2026-07-29,601698.SH,25.09,25.25,24.58,25.17,18608500.0,467631605.00000006
2026-07-30,601698.SH,25.01,25.18,24.5,24.54,18619300.0,461293157.5
2026-07-30,601689.SH,45.08,45.68,44.0,44.1,25133300.0,1120693847.0
2026-07-30,601688.SH,19.54,19.81,19.09,19.28,125956700.0,2444819547.0
2026-07-31,601688.SH,19.27,19.39,19.14,19.2,91914100.0,1767967713.5
2026-07-31,601689.SH,45.45,47.62,45.31,46.65,41629200.0,1917024660.0
2026-07-31,601698.SH,24.97,25.48,24.97,25.22,25364000.0,636509580.0
2026-08-03,601698.SH,25.15,26.0,25.09,25.88,24840300.0,633800254.5
2026-08-03,601689.SH,46.65,48.48,46.3,48.22,32057900.0,1520666486.5
2026-08-03,601688.SH,19.08,19.2,19.0,19.18,47745300.0,913367589.0
2026-08-04,601688.SH,19.22,19.33,19.12,19.18,51490700.0,988621440.0
2026-08-04,601689.SH,48.5,50.49,47.6,49.75,45552300.0,2237756737.5
2026-08-04,601698.SH,25.98,26.65,25.89,26.6,27813900.0,731227431.0
2026-08-05,601688.SH,19.19,19.44,19.09,19.35,68101100.0,1312308197.0000002
2026-08-05,601689.SH,49.5,50.51,49.25,50.22,34916200.0,1740921732.0
2026-08-05,601698.SH,26.7,27.05,26.6,26.81,29545400.0,790487177.0
2026-08-06,601698.SH,26.53,27.35,26.46,26.99,32727400.0,875785223.9999999
2026-08-06,601689.SH,49.5,50.39,49.3,49.77,23823800.0,1182494313.0000002
2026-08-06,601688.SH,19.28,19.35,18.99,19.07,67599900.0,1296228082.5
2026-08-07,601688.SH,19.05,19.05,18.75,18.87,84708200.0,1606067472.0
2026-08-07,601689.SH,50.11,50.5,49.02,50.38,24678500.0,1239971232.5
2026-08-07,601698.SH,27.05,27.68,26.53,27.42,37488800.0,1021007468.0
2026-08-10,601688.SH,18.89,19.03,18.89,18.98,49168300.0,931001760.5000001
2026-08-10,601698.SH,27.59,27.72,26.71,27.56,33208200.0,915716115.0
2026-08-10,601689.SH,50.5,50.6,49.13,49.48,18957700.0,947695422.9999999
2026-08-11,601689.SH,49.2,51.73,48.9,50.93,35960900.0,1800382458.5
2026-08-11,601688.SH,18.99,19.07,18.79,18.82,50698500.0,958455142.5
2026-08-11,601698.SH,26.31,26.75,25.74,26.05,39818800.0,1042456184.0
2026-08-12,601689.SH,50.78,51.08,50.03,50.3,22965100.0,1160656154.0
2026-08-12,601698.SH,25.9,26.65,25.88,26.5,22762000.0,596364400.0
2026-08-12,601688.SH,18.79,19.04,18.7,18.98,60346700.0,1139647429.4999998
2026-08-13,601688.SH,18.98,19.29,18.95,19.14,75989600.0,1448361776.0000002
2026-08-13,601698.SH,26.75,26.97,26.26,26.27,21487300.0,569628323.0
2026-08-13,601689.SH,50.08,50.88,49.65,49.69,20645100.0,1029880813.5
2026-08-14,601689.SH,49.88,50.1,49.04,49.51,16446600.0,817313787.0
2026-08-14,601698.SH,26.45,26.57,26.02,26.49,16019100.0,424025577.0
2026-08-14,601688.SH,19.14,19.24,18.95,18.98,47334500.0,902195570.0000001
2026-08-17,601688.SH,18.98,19.04,18.77,18.96,72415600.0,1373723932.0
2026-08-17,601698.SH,26.49,26.98,26.46,26.96,18579300.0,496531792.5
2026-08-17,601689.SH,49.89,50.39,49.35,50.31,17972800.0,900437280.0
2026-08-18,601689.SH,50.2,51.11,49.54,51.1,28748500.0,1456111525.0000002
2026-08-18,601698.SH,26.9,27.12,26.62,27.06,20372200.0,549641955.9999999
2026-08-18,601688.SH,18.94,18.94,18.64,18.69,60176200.0,1132215203.0
2026-08-19,601698.SH,27.63,27.9,25.58,25.88,68098000.0,1821961990.0
2026-08-19,601688.SH,18.65,18.72,18.35,18.5,70046900.0,1301121167.5
2026-08-19,601689.SH,50.08,50.08,46.39,46.5,36367200.0,1756172088.0
2026-08-20,601689.SH,46.93,47.17,46.0,46.2,16891700.0,786562010.5
2026-08-20,601698.SH,25.5,25.62,24.33,24.36,41999000.0,1047035070.0
2026-08-20,601688.SH,18.43,18.5,18.25,18.34,57408800.0,1055460787.9999999
2026-08-21,601689.SH,46.0,46.92,45.75,46.92,11743900.0,545621594.0
2026-08-21,601688.SH,18.4,18.61,18.33,18.6,43624000.0,807044000.0
2026-08-21,601698.SH,24.18,24.65,24.1,24.43,17412900.0,423220534.5
2026-08-24,601689.SH,46.97,47.78,45.91,46.3,15361100.0,716364898.5
2026-08-24,601688.SH,18.57,18.76,18.47,18.64,45134800.0,839732954.0
2026-08-24,601698.SH,24.6,24.6,23.57,23.76,22817000.0,551715060.0
2026-08-25,601698.SH,23.51,23.91,23.21,23.79,16884400.0,399316060.0
2026-08-25,601688.SH,18.65,18.72,18.46,18.59,34631700.0,644842253.9999999
2026-08-25,601689.SH,45.8,47.18,45.48,46.8,13984000.0,647459200.0
2026-08-26,601698.SH,23.8,24.24,23.72,24.11,15355700.0,367845793.5
2026-08-26,601688.SH,18.53,19.18,18.52,19.14,91693900.0,1727054606.5
2026-08-26,601689.SH,46.8,47.4,46.51,46.6,10995000.0,513466500.00000006
2026-08-27,601698.SH,24.11,24.39,23.99,24.33,15665700.0,379423254.0
2026-08-27,601688.SH,19.05,19.34,19.0,19.3,63402500.0,1215742937.5
2026-08-27,601689.SH,46.5,47.5,46.35,47.43,17648600.0,828866499.0000001
2026-08-28,601698.SH,24.28,24.4,24.02,24.04,14523100.0,350878096.0
2026-08-28,601688.SH,19.26,19.52,19.17,19.41,57432300.0,1110453520.5
2026-08-28,601689.SH,47.0,47.7,46.6,47.09,25103200.0,1180980044.0
2026-08-31,601698.SH,23.77,24.47,23.7,24.4,18112900.0,436249196.5
2026-08-31,601688.SH,19.35,19.5,19.25,19.42,52771300.0,1022971650.5000001
2026-08-31,601689.SH,46.5,47.08,46.11,46.83,17900800.0,835340832.0
2026-09-01,601698.SH,24.38,24.45,24.17,24.3,13480000.0,328103200.0
2026-09-01,601688.SH,19.4,19.69,19.35,19.58,54693800.0,1065982161.9999999
2026-09-01,601689.SH,47.09,47.57,46.35,46.48,15354000.0,718336890.0
2026-09-02,601698.SH,24.04,24.4,24.03,24.14,14027400.0,337920066.0
2026-09-02,601688.SH,19.48,19.55,19.2,19.22,47390000.0,916996500.0000001
2026-09-02,601689.SH,46.0,46.7,45.43,46.52,17144900.0,793123074.0000001
2026-09-03,601698.SH,24.29,24.3,23.8,23.93,13264500.0,319807095.0
2026-09-03,601688.SH,19.25,19.64,19.25,19.5,51054400.0,989179000.0
2026-09-03,601689.SH,46.75,48.69,46.75,47.83,28830400.0,1363389616.0
2026-09-04,601698.SH,24.1,24.48,23.92,24.0,21073000.0,506805650.0
2026-09-04,601688.SH,19.54,19.76,19.51,19.56,55880400.0,1092461819.9999998
2026-09-04,601689.SH,48.45,48.82,45.7,45.82,29266200.0,1379462337.0000002
2026-09-07,601689.SH,45.93,47.75,45.9,47.06,23176800.0,1077605316.0
2026-09-07,601698.SH,24.0,24.1,23.7,23.98,14691900.0,352458681.0
2026-09-07,601688.SH,19.6,19.67,19.37,19.37,46016600.0,896633451.0
2026-09-08,601689.SH,46.83,46.88,46.02,46.25,16134900.0,750918246.0
2026-09-08,601688.SH,19.42,19.5,19.2,19.27,35554400.0,687799868.0
2026-09-08,601698.SH,23.98,24.42,23.96,24.24,16234800.0,391421028.0
