trade_date,wind_code,open,high,low,close,volume,amt
2015-12-01,600104.SH,12.43,12.90,12.40,12.77,17597327,342079485
2015-12-02,600104.SH,12.72,13.96,12.69,13.46,62461699,1299041608
2015-12-03,600104.SH,13.51,13.83,13.31,13.79,44623919,936652363
2015-12-04,600104.SH,13.67,13.68,13.26,13.47,22327116,459916839
2015-12-07,600104.SH,13.47,13.59,13.25,13.47,14306341,294739755
2015-12-08,600104.SH,13.44,13.45,13.07,13.10,11476479,232638164
2015-12-09,600104.SH,13.18,13.78,13.18,13.69,38607808,802886123
2015-12-10,600104.SH,13.64,13.68,13.44,13.47,19812107,411391172
2015-12-11,600104.SH,13.43,13.51,13.28,13.32,12296329,251868509
2015-12-14,600104.SH,13.28,13.57,13.23,13.54,15290274,314865966
2015-12-15,600104.SH,13.49,13.67,13.35,13.41,15841678,328140539
2015-12-16,600104.SH,13.42,13.51,13.28,13.33,14572209,298807068
2015-12-17,600104.SH,13.38,13.60,13.38,13.47,17664913,365233830
2015-12-18,600104.SH,13.41,13.56,13.37,13.51,12348471,254606468
2015-12-21,600104.SH,13.49,14.19,13.45,14.09,43059770,921847375
2015-12-22,600104.SH,14.00,14.28,13.85,14.06,23325747,501479512
2015-12-23,600104.SH,14.10,14.42,14.03,14.28,32621733,713857557
2015-12-24,600104.SH,14.22,14.33,13.93,14.21,15631168,338461740
2015-12-25,600104.SH,14.20,14.31,14.13,14.26,9337467,203384469
2015-12-28,600104.SH,14.30,14.35,13.77,13.84,16830054,362763777
2015-12-29,600104.SH,13.81,14.01,13.70,13.95,10888440,231253049
2015-12-30,600104.SH,13.92,14.12,13.73,13.91,10633957,226903745
2015-12-31,600104.SH,13.90,14.06,13.83,13.85,10205144,218200585
2016-01-04,600104.SH,13.77,13.83,12.83,12.87,12792460,263161387
2016-01-05,600104.SH,12.72,13.30,12.66,13.01,25288487,502835456
2016-01-06,600104.SH,13.01,13.19,12.94,13.17,16097065,321607483
2016-01-07,600104.SH,12.95,12.99,12.31,12.38,3739851,72595844
2016-01-08,600104.SH,12.66,12.92,12.50,12.73,19235716,376297795
2016-01-11,600104.SH,12.66,12.74,12.30,12.40,17502284,335475253
2016-01-12,600104.SH,12.48,12.55,12.27,12.38,21454302,407963737
2016-01-13,600104.SH,12.49,12.79,12.41,12.55,18051908,349274250
2016-01-14,600104.SH,12.40,12.96,12.34,12.95,23694320,464512946
2016-01-15,600104.SH,12.82,13.10,12.72,12.85,12818927,253857540
2016-01-18,600104.SH,12.73,13.04,12.69,12.72,14274216,280980677
2016-01-19,600104.SH,12.85,13.10,12.72,13.06,14621450,290673636
2016-01-20,600104.SH,12.98,13.05,12.22,12.55,27782646,533775866
2016-01-21,600104.SH,12.45,12.57,12.23,12.24,12819315,243028444
2016-01-22,600104.SH,12.46,12.49,12.25,12.33,12652600,239854765
2016-01-25,600104.SH,12.40,12.48,12.27,12.34,6418863,121790645
2016-01-26,600104.SH,12.33,12.42,11.72,11.74,13172965,243041178
2016-01-27,600104.SH,11.91,11.91,11.48,11.67,16005907,287020110
2016-01-28,600104.SH,11.71,11.97,11.53,11.62,13676024,247091710
2016-01-29,600104.SH,11.73,12.24,11.68,12.15,17831516,326718257
2016-02-01,600104.SH,12.17,12.36,12.02,12.13,13093796,244644846
2016-02-02,600104.SH,12.13,12.40,12.08,12.29,10404102,195549525
2016-02-03,600104.SH,12.20,12.20,11.89,12.00,10704168,196544249
2016-02-04,600104.SH,12.04,12.23,12.01,12.12,8760737,162694681
2016-02-05,600104.SH,12.14,12.18,11.97,12.00,7810585,143881065
2016-02-15,600104.SH,11.76,12.13,11.74,12.08,7053746,129508669
2016-02-16,600104.SH,12.12,12.34,12.08,12.30,12093410,227325560
2016-02-17,600104.SH,12.29,12.40,12.14,12.38,10402332,195461349
2016-02-18,600104.SH,12.38,12.42,12.18,12.23,11656182,219516557
2016-02-19,600104.SH,12.20,12.23,12.03,12.16,10388409,193187380
2016-02-22,600104.SH,12.27,12.38,12.24,12.33,15027109,283684819
2016-02-23,600104.SH,12.36,12.36,12.19,12.25,7351808,138212574
2016-02-24,600104.SH,12.22,12.31,12.05,12.28,7294014,136289835
2016-02-25,600104.SH,12.33,12.33,11.61,11.75,14955235,274393487
2016-02-26,600104.SH,11.88,11.89,11.69,11.79,13766159,249073038
2016-02-29,600104.SH,11.84,11.99,11.52,11.96,18465084,331905584
2016-03-01,600104.SH,11.95,12.07,11.81,12.01,7694335,140954080
2016-03-02,600104.SH,12.11,12.39,12.04,12.36,19668373,370103841
2016-03-03,600104.SH,12.36,12.58,12.21,12.38,17395328,330332279
2016-03-04,600104.SH,12.32,12.96,12.28,12.87,51279011,1001334800
2016-03-07,600104.SH,12.85,13.00,12.70,12.74,18672772,366411401
2016-03-08,600104.SH,12.73,12.91,12.27,12.88,16007904,307991149
2016-03-09,600104.SH,12.61,13.08,12.44,13.05,21941053,431828831
2016-03-10,600104.SH,12.92,12.95,12.70,12.71,7549139,148389236
2016-03-11,600104.SH,12.68,12.84,12.59,12.75,10061707,196275588
2016-03-14,600104.SH,12.80,13.02,12.58,12.66,20482223,401858178
2016-03-15,600104.SH,12.69,12.71,12.59,12.66,14919082,289292240
2016-03-16,600104.SH,12.63,13.14,12.62,13.12,41590704,827797824
2016-03-17,600104.SH,13.19,13.19,12.84,12.98,24643568,491806024
2016-03-18,600104.SH,12.98,13.15,12.92,12.94,26197903,521486490
2016-03-21,600104.SH,13.07,13.15,12.92,13.02,20630977,412225314
2016-03-22,600104.SH,13.06,13.11,12.93,12.96,14413406,287556319
2016-03-23,600104.SH,12.92,13.06,12.92,12.96,9933760,197588919
2016-03-24,600104.SH,12.93,13.02,12.81,12.83,11513884,227187202
2016-03-25,600104.SH,12.91,13.00,12.82,12.96,8247403,163436145
2016-03-28,600104.SH,13.00,13.02,12.63,12.76,11367830,223900584
2016-03-29,600104.SH,12.78,12.78,12.49,12.54,10962844,212196605
2016-03-30,600104.SH,12.64,12.95,12.59,12.89,13331456,261898231
2016-03-31,600104.SH,12.98,13.18,12.87,13.09,24733931,495415468
2016-04-01,600104.SH,13.08,13.30,12.93,13.29,22685083,456912360
2016-04-05,600104.SH,13.15,13.38,13.15,13.28,13149745,267897129
2016-04-06,600104.SH,13.23,13.38,13.23,13.28,13618826,277993962
2016-04-07,600104.SH,13.34,13.36,13.13,13.17,12720774,257895107
2016-04-08,600104.SH,13.11,13.18,13.00,13.17,10708484,215018976
2016-04-11,600104.SH,13.17,13.46,13.17,13.32,20427107,418173287
2016-04-12,600104.SH,13.32,13.32,13.18,13.30,5871846,119230982
2016-04-13,600104.SH,13.40,13.73,13.28,13.32,25896472,535508248
2016-04-14,600104.SH,13.48,13.49,13.34,13.43,7890723,162442806
2016-04-15,600104.SH,13.51,13.51,13.28,13.36,10545124,216167907
2016-04-18,600104.SH,13.26,13.32,13.14,13.17,7078867,143082768
2016-04-19,600104.SH,13.23,13.26,13.11,13.21,8607429,173757792
2016-04-20,600104.SH,13.23,13.25,12.70,13.19,21971797,438723243
2016-04-21,600104.SH,12.93,13.21,12.92,13.07,9961058,200024663
2016-04-22,600104.SH,13.15,13.33,13.11,13.23,18906474,383151384
2016-04-25,600104.SH,13.15,13.37,12.99,13.33,14837710,299516966
2016-04-26,600104.SH,13.32,13.45,13.22,13.36,9645375,197248260
2016-04-27,600104.SH,13.36,13.40,13.17,13.21,9637672,195918986
2016-04-28,600104.SH,13.21,13.27,13.12,13.18,6122822,123755114
2016-04-29,600104.SH,13.18,13.32,13.17,13.27,10107168,205443698
2016-05-03,600104.SH,13.25,13.47,13.18,13.41,18975916,389543696
2016-05-04,600104.SH,13.41,13.45,13.33,13.34,13908962,285204321
2016-05-05,600104.SH,13.32,13.32,13.14,13.15,18777591,379556387
2016-05-06,600104.SH,13.18,13.20,12.91,12.91,20080135,401032998
2016-05-09,600104.SH,12.94,12.94,12.76,12.86,11924388,234521475
2016-05-10,600104.SH,12.81,13.13,12.81,13.03,11277632,225029263
2016-05-11,600104.SH,13.04,13.25,12.99,13.09,15187766,305770321
2016-05-12,600104.SH,13.05,13.11,12.94,13.09,7004512,139955154
2016-05-13,600104.SH,13.11,13.11,12.85,12.92,14258825,282952513
2016-05-16,600104.SH,12.85,13.00,12.83,12.97,7650958,151697789
2016-05-17,600104.SH,12.99,13.07,12.93,12.98,6046340,120392426
2016-05-18,600104.SH,12.93,13.03,12.73,12.93,14538596,287490250
2016-05-19,600104.SH,12.89,13.08,12.89,12.93,8014475,159462441
2016-05-20,600104.SH,12.90,12.98,12.85,12.93,6542417,129532376
2016-05-23,600104.SH,12.92,12.98,12.83,12.90,9503918,188179653
2016-05-24,600104.SH,12.91,12.93,12.83,12.90,5996094,118311643
2016-05-25,600104.SH,12.92,12.95,12.86,12.91,4276140,84627199
2016-05-26,600104.SH,12.91,12.96,12.81,12.89,7617232,150211534
2016-05-27,600104.SH,12.85,12.91,12.83,12.89,5214006,102842381
2016-05-30,600104.SH,12.89,13.00,12.85,12.99,10163604,201360685
2016-05-31,600104.SH,12.95,13.31,12.95,13.24,24744385,501003562
2016-06-01,600104.SH,13.28,13.28,13.15,13.19,12535075,253539897
2016-06-02,600104.SH,13.18,13.23,13.15,13.19,6001866,121257095
2016-06-03,600104.SH,13.23,13.49,13.18,13.41,20006981,410016679
2016-06-06,600104.SH,13.38,13.49,13.23,13.30,10058736,205546359
2016-06-07,600104.SH,13.34,13.35,13.21,13.26,5355535,108839900
2016-06-08,600104.SH,13.27,13.36,13.15,13.26,10695431,217787620
2016-06-13,600104.SH,13.19,13.28,13.06,13.08,10076017,203724274
2016-06-14,600104.SH,13.07,13.21,13.07,13.17,5995861,120664776
2016-06-15,600104.SH,13.06,13.28,13.06,13.28,10342337,209675117
2016-06-16,600104.SH,13.19,13.26,13.07,13.13,9926778,200288753
2016-06-17,600104.SH,13.13,13.28,13.13,13.17,8982163,181791129
2016-06-20,600104.SH,13.17,13.25,13.15,13.24,5210599,105374894
2016-06-21,600104.SH,13.26,13.41,13.22,13.24,10767094,219661574
2016-06-22,600104.SH,13.23,13.31,13.19,13.30,5825872,118322147
2016-06-23,600104.SH,13.29,13.30,13.17,13.20,6139015,124274699
2016-06-24,600104.SH,13.20,13.26,12.97,13.08,11495601,230967409
2016-06-27,600104.SH,13.01,13.17,13.01,13.15,10989756,220509856
2016-06-28,600104.SH,13.08,13.13,13.04,13.10,8364917,167619687
2016-06-29,600104.SH,13.14,13.17,13.09,13.16,8794637,176919294
2016-06-30,600104.SH,13.17,13.28,13.17,13.24,8859004,179622130
2016-07-01,600104.SH,13.28,13.40,13.28,13.30,13277424,271547789
2016-07-04,600104.SH,13.40,13.83,13.40,13.81,28079275,586611818
2016-07-05,600104.SH,13.85,13.89,13.73,13.79,19981099,422937180
2016-07-06,600104.SH,13.73,13.83,13.71,13.79,19204688,405472985
2016-07-07,600104.SH,13.87,13.92,13.75,13.84,24561058,520631565
2016-07-08,600104.SH,13.89,13.90,13.66,13.80,23023772,455173367
2016-07-11,600104.SH,13.80,14.12,13.78,13.95,18305311,366493936
2016-07-12,600104.SH,13.99,15.34,13.94,15.14,42584727,893205456
2016-07-13,600104.SH,15.18,15.22,14.82,14.84,24476511,526731822
2016-07-14,600104.SH,14.89,14.91,14.64,14.72,15701689,332362077
2016-07-15,600104.SH,14.72,15.02,14.65,14.93,17574839,375344907
2016-07-18,600104.SH,14.93,15.58,14.93,15.41,32873206,725884214
2016-07-19,600104.SH,15.27,15.56,15.05,15.14,17751131,388822729
2016-07-20,600104.SH,15.00,15.33,15.00,15.19,9851988,214991913
2016-07-21,600104.SH,15.20,15.62,15.14,15.34,19695746,435017476
2016-07-22,600104.SH,15.41,15.59,14.96,15.00,18891201,411495035
2016-07-25,600104.SH,15.00,15.13,14.77,14.84,13050048,279302184
2016-07-26,600104.SH,14.84,15.85,14.78,15.83,48869765,1091428764
2016-07-27,600104.SH,15.76,16.09,15.62,16.03,56492103,1284682398
2016-07-28,600104.SH,15.83,16.98,15.76,16.36,63944756,1515427387
2016-07-29,600104.SH,16.38,16.91,16.16,16.20,35591749,843072763
2016-08-01,600104.SH,16.16,16.19,15.73,16.15,27086607,621910553
2016-08-02,600104.SH,15.98,16.19,15.75,16.17,19104805,436183756
2016-08-03,600104.SH,15.97,16.27,15.83,16.07,16711728,386606232
2016-08-04,600104.SH,15.99,16.34,15.90,16.04,15085137,347964309
2016-08-05,600104.SH,16.04,16.22,15.97,16.05,12302611,284431741
2016-08-08,600104.SH,16.07,16.45,16.01,16.40,18052515,421034629
2016-08-09,600104.SH,16.45,16.50,16.15,16.31,14627660,342893167
2016-08-10,600104.SH,16.31,16.34,15.81,15.91,25903035,595967594
2016-08-11,600104.SH,15.91,16.02,15.83,15.87,14297723,326580037
2016-08-12,600104.SH,15.85,16.33,15.81,16.31,25040807,576911462
2016-08-15,600104.SH,16.31,16.97,16.31,16.80,34056770,815983959
2016-08-16,600104.SH,16.91,16.98,16.42,16.44,32117339,765672063
2016-08-17,600104.SH,16.49,16.63,16.46,16.50,20130009,477866052
2016-08-18,600104.SH,16.59,16.67,16.10,16.26,25670237,602353866
2016-08-19,600104.SH,16.25,16.45,16.14,16.40,19195064,448423081
2016-08-22,600104.SH,16.38,16.55,16.25,16.36,10732177,252663583
2016-08-23,600104.SH,16.37,16.56,16.31,16.41,16508832,388950510
2016-08-24,600104.SH,16.39,16.55,16.31,16.50,9381075,221140099
2016-08-25,600104.SH,16.50,16.50,16.01,16.13,16162409,375010050
2016-08-26,600104.SH,16.14,16.16,15.68,15.69,25578692,581154300
2016-08-29,600104.SH,15.65,15.67,15.34,15.51,25213288,559546771
2016-08-30,600104.SH,15.52,15.69,15.48,15.62,10341016,231255749
2016-08-31,600104.SH,15.60,15.62,15.34,15.39,17195688,380378932
2016-09-01,600104.SH,15.41,15.50,15.28,15.29,16408256,362075324
2016-09-02,600104.SH,15.29,15.47,15.21,15.46,22054865,484436839
2016-09-05,600104.SH,15.47,15.48,15.25,15.30,18614999,409003872
2016-09-06,600104.SH,15.30,15.40,15.23,15.33,15993822,351635474
2016-09-07,600104.SH,15.35,15.46,15.30,15.38,16859139,371981576
2016-09-08,600104.SH,15.44,15.44,15.34,15.38,6240297,137562915
2016-09-09,600104.SH,15.38,15.39,15.06,15.09,22980672,501312283
2016-09-12,600104.SH,14.94,15.05,14.59,15.04,32578659,691055057
2016-09-13,600104.SH,14.92,15.01,14.78,14.92,10107860,215856630
2016-09-14,600104.SH,14.80,14.88,14.65,14.75,10928389,231484539
2016-09-19,600104.SH,14.78,14.96,14.73,14.90,14661517,312292494
2016-09-20,600104.SH,14.93,15.03,14.90,14.95,11805148,253317744
2016-09-21,600104.SH,14.94,15.03,14.82,14.87,14232260,304800142
2016-09-22,600104.SH,14.92,15.12,14.89,15.10,15621870,337326793
2016-09-23,600104.SH,15.11,15.14,14.97,15.05,10111569,218390881
2016-09-26,600104.SH,15.05,15.05,14.77,14.79,12284874,263147153
2016-09-27,600104.SH,14.78,14.94,14.77,14.91,5377639,114507927
2016-09-28,600104.SH,14.97,15.14,14.88,15.11,11092900,239815554
2016-09-29,600104.SH,15.15,15.24,15.15,15.19,11204557,244463023
2016-09-30,600104.SH,15.12,15.32,15.12,15.23,6801038,148888936
2016-10-10,600104.SH,15.32,15.71,15.31,15.67,18210592,405768596
2016-10-11,600104.SH,15.71,15.71,15.49,15.61,15734229,351921558
2016-10-12,600104.SH,15.55,15.55,15.38,15.44,12344612,273382560
2016-10-13,600104.SH,15.44,15.60,15.37,15.57,12053018,268025509
2016-10-14,600104.SH,15.50,15.66,15.50,15.60,7903509,176843377
2016-10-17,600104.SH,15.60,15.61,15.35,15.47,8682876,193157234
2016-10-18,600104.SH,15.44,15.79,15.44,15.74,14834460,334417277
2016-10-19,600104.SH,15.71,16.12,15.67,16.01,25795803,591712431
2016-10-20,600104.SH,16.00,16.41,15.92,16.24,18021959,420274765
2016-10-21,600104.SH,16.16,16.51,16.16,16.44,17741000,416574970
2016-10-24,600104.SH,16.32,16.54,16.26,16.31,18719091,440647898
2016-10-25,600104.SH,16.35,16.41,16.04,16.13,18034357,419216135
2016-10-26,600104.SH,16.17,16.25,16.01,16.06,14764910,340872083
2016-10-27,600104.SH,16.06,16.20,15.97,16.13,10182518,234977493
2016-10-28,600104.SH,16.06,16.38,16.06,16.30,10708672,249508811
2016-10-31,600104.SH,16.26,16.71,16.26,16.51,18904794,448458307
2016-11-01,600104.SH,16.56,16.68,16.28,16.40,13484390,318009629
2016-11-02,600104.SH,16.32,16.61,16.21,16.22,15533229,365486867
2016-11-03,600104.SH,16.20,16.40,16.15,16.27,8095966,188984022
2016-11-04,600104.SH,16.34,16.34,16.15,16.17,10822813,251993305
2016-11-07,600104.SH,16.19,16.24,16.06,16.17,11414062,264399287
2016-11-08,600104.SH,16.38,16.67,16.35,16.45,26126660,617878172
2016-11-09,600104.SH,16.49,16.61,16.15,16.35,18426173,433094849
2016-11-10,600104.SH,16.50,16.75,16.44,16.70,26551459,633939356
2016-11-11,600104.SH,16.67,16.84,16.61,16.72,20688708,497492768
2016-11-14,600104.SH,17.01,17.19,16.34,16.47,40596304,969841994
2016-11-15,600104.SH,16.59,16.59,16.13,16.28,23287349,544484818
2016-11-16,600104.SH,16.28,16.54,16.28,16.37,12222982,287212073
2016-11-17,600104.SH,16.38,16.45,16.25,16.40,8102836,190265273
2016-11-18,600104.SH,16.36,16.63,16.36,16.51,18010353,427175143
2016-11-21,600104.SH,16.39,16.86,16.29,16.47,34260559,812011944
2016-11-22,600104.SH,16.45,16.52,16.31,16.36,21455658,503894534
2016-11-23,600104.SH,16.39,16.71,16.29,16.49,45161864,1067379316
2016-11-24,600104.SH,16.46,17.50,16.43,17.07,96650730,2362516340
2016-11-25,600104.SH,17.22,17.66,17.05,17.39,54860041,1370519936
2016-11-28,600104.SH,17.41,17.50,16.43,16.83,78757766,1924766046
2016-11-29,600104.SH,16.83,18.51,16.75,17.71,140389516,3561581647
2016-11-30,600104.SH,17.64,17.67,17.35,17.60,43887892,1100766748
2016-12-01,600104.SH,17.74,18.25,17.40,17.94,86167525,2210355260
2016-12-02,600104.SH,17.90,17.90,17.28,17.49,43775044,1099197320
2016-12-05,600104.SH,17.10,17.30,16.73,17.22,50277097,1231070039
2016-12-06,600104.SH,17.12,17.50,16.96,17.07,28507787,705734999
2016-12-07,600104.SH,17.14,17.14,16.91,17.06,25118276,613548051
2016-12-08,600104.SH,17.09,17.41,17.08,17.29,39096744,967149738
2016-12-09,600104.SH,17.29,17.48,17.19,17.28,35532352,882512875
2016-12-12,600104.SH,17.29,17.37,16.73,16.97,53282089,1295595078
2016-12-13,600104.SH,16.87,17.15,16.78,17.05,23773186,578350931
2016-12-14,600104.SH,17.03,17.12,16.70,16.71,18429004,446556194
2016-12-15,600104.SH,16.59,16.59,15.73,15.92,74571894,1722794652
2016-12-16,600104.SH,15.88,16.26,15.79,16.13,27529225,634979435
2016-12-19,600104.SH,16.04,16.24,15.90,16.01,21228772,489610700
2016-12-20,600104.SH,16.01,16.10,15.85,16.01,23984522,550059104
2016-12-21,600104.SH,16.05,16.17,15.97,16.06,22437624,517732660
2016-12-22,600104.SH,16.05,16.41,15.99,16.36,22628569,525942144
2016-12-23,600104.SH,16.38,16.38,16.02,16.15,15810439,365176705
2016-12-26,600104.SH,16.04,16.15,15.78,16.10,20965014,478974482
2016-12-27,600104.SH,16.04,16.16,15.97,16.00,13792754,318160763
2016-12-28,600104.SH,16.01,16.17,16.00,16.11,22231177,513071699
2016-12-29,600104.SH,16.06,16.08,15.94,15.97,20622626,473341977
2016-12-30,600104.SH,15.98,16.39,15.98,16.35,27259721,635274404
2017-01-03,600104.SH,16.43,16.94,16.43,16.66,36855607,882589992
2017-01-04,600104.SH,16.71,17.08,16.66,16.93,33531996,814803312
2017-01-05,600104.SH,17.00,17.00,16.70,16.77,20859375,502227857
2017-01-06,600104.SH,16.76,16.84,16.58,16.67,22979601,551372417
2017-01-09,600104.SH,16.68,16.89,16.68,16.84,25868370,623068715
2017-01-10,600104.SH,16.84,16.87,16.71,16.74,17337268,417192336
2017-01-11,600104.SH,16.77,16.78,16.57,16.63,18335784,439116835
2017-01-12,600104.SH,16.66,16.81,16.64,16.70,23842007,573233587
2017-01-13,600104.SH,16.67,16.89,16.55,16.84,24084587,577658242
2017-01-16,600104.SH,16.90,17.47,16.75,17.19,57485656,1416288406
2017-01-17,600104.SH,17.12,17.36,16.98,17.25,16844204,415434781
2017-01-18,600104.SH,17.16,17.44,17.15,17.43,21394536,533580735
2017-01-19,600104.SH,17.35,17.58,17.35,17.56,20554184,516490777
2017-01-20,600104.SH,17.58,17.96,17.55,17.56,26887283,683888744
2017-01-23,600104.SH,17.64,17.92,17.30,17.39,37632317,949166115
2017-01-24,600104.SH,17.37,17.53,17.26,17.43,22801705,569107473
2017-01-25,600104.SH,17.37,17.71,17.30,17.69,18025552,454099487
2017-01-26,600104.SH,17.69,17.78,17.60,17.68,13305904,337728620
2017-02-03,600104.SH,17.64,17.71,17.43,17.51,8836986,222280195
2017-02-06,600104.SH,17.60,17.93,17.57,17.70,24671529,629369766
2017-02-07,600104.SH,17.72,17.94,17.69,17.75,14026243,358254150
2017-02-08,600104.SH,17.69,17.72,17.41,17.55,20552873,516701078
2017-02-09,600104.SH,17.58,17.64,17.36,17.49,25608179,642376310
2017-02-10,600104.SH,17.37,17.57,17.28,17.55,31244724,779318917
2017-02-13,600104.SH,17.46,17.57,17.30,17.32,50337811,1256612784
2017-02-14,600104.SH,17.34,17.39,17.23,17.32,20997047,520841033
2017-02-15,600104.SH,17.32,17.49,17.24,17.34,24303493,605581833
2017-02-16,600104.SH,17.38,17.38,17.10,17.22,25646092,632495506
2017-02-17,600104.SH,17.23,17.46,17.19,17.36,23701573,590830857
2017-02-20,600104.SH,17.37,17.81,17.36,17.74,51920779,1318092645
2017-02-21,600104.SH,17.72,17.88,17.64,17.74,30941115,788080753
2017-02-22,600104.SH,17.71,18.36,17.68,18.20,54384282,1411065114
2017-02-23,600104.SH,18.15,18.24,18.00,18.14,26288375,683586954
2017-02-24,600104.SH,18.09,18.11,17.87,17.97,21110352,543625035
2017-02-27,600104.SH,18.01,18.02,17.69,17.76,20540599,526246257
2017-02-28,600104.SH,17.95,18.02,17.77,17.97,13781873,354459276
2017-03-01,600104.SH,17.99,18.16,17.88,17.99,19860067,511990668
2017-03-02,600104.SH,17.99,18.06,17.86,17.94,14716022,378775134
2017-03-03,600104.SH,17.92,17.95,17.69,17.94,16228376,414882069
2017-03-06,600104.SH,17.92,17.92,17.67,17.72,26654623,679693614
2017-03-07,600104.SH,17.72,17.81,17.57,17.64,27257870,689572547
2017-03-08,600104.SH,17.64,17.67,17.49,17.57,13028377,328621906
2017-03-09,600104.SH,17.44,17.53,17.19,17.29,28490090,708705533
2017-03-10,600104.SH,17.32,17.55,17.28,17.53,16652960,415757140
2017-03-13,600104.SH,17.51,17.62,17.27,17.32,35152505,877177967
2017-03-14,600104.SH,17.32,17.49,17.23,17.48,23605961,587220498
2017-03-15,600104.SH,17.42,17.62,17.31,17.47,23838358,597707515
2017-03-16,600104.SH,17.50,17.60,17.39,17.43,24174047,605098503
2017-03-17,600104.SH,17.43,17.45,16.90,16.99,67193202,1649477808
2017-03-20,600104.SH,17.07,17.18,16.79,16.93,35019226,849989587
2017-03-21,600104.SH,16.95,17.21,16.76,17.20,39348294,960839612
2017-03-22,600104.SH,17.08,17.19,16.96,17.04,20085568,491687368
2017-03-23,600104.SH,17.06,17.42,17.06,17.41,44446185,1104127079
2017-03-24,600104.SH,17.41,17.66,17.31,17.60,37994164,954632897
2017-03-27,600104.SH,17.60,17.74,17.37,17.48,30186406,758330401
2017-03-28,600104.SH,17.45,17.50,17.12,17.21,29542843,729969923
2017-03-29,600104.SH,17.20,17.27,16.96,17.19,20836481,511655461
2017-03-30,600104.SH,17.23,17.32,17.05,17.24,22215957,548062838
2017-03-31,600104.SH,17.27,17.74,17.27,17.69,44758963,1128939469
2017-04-05,600104.SH,17.69,17.84,17.55,17.69,54144148,1374047465
2017-04-06,600104.SH,17.85,18.08,17.72,17.97,70880775,1820566072
2017-04-07,600104.SH,17.92,18.01,17.72,17.90,31901720,817921692
2017-04-10,600104.SH,17.95,17.95,17.67,17.71,37146751,947174559
2017-04-11,600104.SH,17.69,17.83,17.54,17.79,38318306,972339259
2017-04-12,600104.SH,17.71,17.96,17.65,17.86,33021990,846372028
2017-04-13,600104.SH,17.85,17.88,17.72,17.74,19888338,507590930
2017-04-14,600104.SH,17.74,17.77,17.62,17.72,23326701,592104835
2017-04-17,600104.SH,17.69,17.88,17.64,17.83,21857501,556114230
2017-04-18,600104.SH,17.80,18.28,17.79,18.13,73251218,1905036926
2017-04-19,600104.SH,18.13,18.31,17.99,18.20,48990262,1277497829
2017-04-20,600104.SH,18.20,19.12,18.19,18.93,97285842,2623844846
2017-04-21,600104.SH,18.89,19.04,18.74,18.96,54466260,1475509818
2017-04-24,600104.SH,19.00,19.05,18.57,18.98,59388371,1601007702
2017-04-25,600104.SH,18.89,19.12,18.87,19.02,42332496,1154493244
2017-04-26,600104.SH,19.14,19.63,19.11,19.33,47365696,1318014380
2017-04-27,600104.SH,19.24,19.57,18.94,19.56,40959825,1132924622
2017-04-28,600104.SH,19.58,19.58,18.80,19.00,46909638,1275414410
2017-05-02,600104.SH,18.82,19.05,18.61,18.98,23286137,630789456
2017-05-03,600104.SH,19.03,19.56,18.88,19.40,33643739,934619264
2017-05-04,600104.SH,19.37,19.53,19.14,19.43,21552414,598507766
2017-05-05,600104.SH,19.30,19.51,19.21,19.51,27457396,763643921
2017-05-08,600104.SH,19.38,19.82,19.24,19.58,38493871,1083313198
2017-05-09,600104.SH,19.49,19.49,18.88,18.96,37384783,1021912623
2017-05-10,600104.SH,18.96,19.06,18.68,18.96,35617822,963474896
2017-05-11,600104.SH,18.82,19.26,18.75,19.21,33789563,923935220
2017-05-12,600104.SH,19.21,19.63,19.12,19.53,22788682,635451275
2017-05-15,600104.SH,19.63,19.64,19.31,19.50,22651865,632672701
2017-05-16,600104.SH,19.48,19.73,19.28,19.72,27200521,760228544
2017-05-17,600104.SH,19.74,20.19,19.40,19.64,32627857,929147267
2017-05-18,600104.SH,19.64,19.64,19.44,19.57,15596597,436968010
2017-05-19,600104.SH,19.45,19.90,19.41,19.86,15900660,450293683
2017-05-22,600104.SH,19.79,20.09,19.67,20.07,24245188,692119228
2017-05-23,600104.SH,19.96,20.42,19.91,20.38,33066658,960635201
2017-05-24,600104.SH,20.37,20.59,20.10,20.50,29617706,865555383
2017-05-25,600104.SH,20.46,20.59,20.31,20.46,22318909,654912168
2017-05-26,600104.SH,20.46,20.88,20.40,20.65,21100587,624684217
2017-05-31,600104.SH,20.62,21.00,20.26,20.96,41365862,1223909518
2017-06-01,600104.SH,20.87,21.29,20.71,21.28,56131042,1693799191
2017-06-02,600104.SH,21.16,21.42,21.02,21.12,29205471,887268424
2017-06-05,600104.SH,21.12,21.12,20.27,20.38,50684688,1496639131
2017-06-06,600104.SH,20.32,21.09,20.27,21.05,32398659,960977646
2017-06-07,600104.SH,21.05,21.15,20.81,20.96,38419799,1155467754
2017-06-08,600104.SH,20.98,21.73,20.88,21.53,41564800,1273930919
2017-06-09,600104.SH,21.58,21.87,21.51,21.57,33842129,1050784987
2017-06-12,600104.SH,21.82,22.14,21.69,21.79,37440071,1176799056
2017-06-13,600104.SH,21.91,22.85,21.78,22.79,52265656,1675147254
2017-06-14,600104.SH,22.73,22.90,22.02,22.34,43289374,1392947215
2017-06-15,600104.SH,22.31,22.50,21.68,22.18,47117490,1482672325
2017-06-16,600104.SH,22.07,22.12,21.26,21.43,54613129,1605334957
2017-06-19,600104.SH,21.43,21.89,21.34,21.60,31758873,934687036
2017-06-20,600104.SH,21.84,22.23,21.10,21.36,50971916,1502709070
2017-06-21,600104.SH,21.51,22.10,21.26,22.04,48012384,1415117826
2017-06-22,600104.SH,22.05,22.27,21.82,22.14,46327634,1388393163
2017-06-23,600104.SH,22.02,22.33,21.74,22.27,37973727,1137030093
2017-06-26,600104.SH,22.32,23.02,22.32,22.89,50768289,1571322757
2017-06-27,600104.SH,22.87,23.06,22.65,23.01,28899832,898803131
2017-06-28,600104.SH,22.99,23.02,22.50,22.63,29811946,922796496
2017-06-29,600104.SH,22.61,22.68,22.24,22.60,23826337,727299635
2017-06-30,600104.SH,22.50,22.88,22.43,22.83,20422074,630365173
2017-07-03,600104.SH,22.74,22.78,22.19,22.63,33972209,1039190025
2017-07-04,600104.SH,22.63,22.74,22.29,22.63,39536809,1211086799
2017-07-05,600104.SH,22.65,23.27,22.57,23.07,33691211,1048652408
2017-07-06,600104.SH,23.20,23.86,23.20,23.76,42558561,1367968550
2017-07-07,600104.SH,23.82,24.02,23.53,23.57,27652596,893632527
2017-07-10,600104.SH,23.53,23.53,23.13,23.15,24312572,770197848
2017-07-11,600104.SH,23.16,23.74,23.07,23.49,23011779,733138888
2017-07-12,600104.SH,23.48,23.68,22.85,23.28,25427686,801955855
2017-07-13,600104.SH,23.18,23.42,22.82,22.94,25654042,806161123
2017-07-14,600104.SH,22.98,23.44,22.81,23.40,20635829,649762712
2017-07-17,600104.SH,23.39,23.64,22.94,23.63,32269663,1027776819
2017-07-18,600104.SH,23.57,23.58,23.07,23.18,29328111,928425061
2017-07-19,600104.SH,23.13,23.31,22.95,23.04,26318207,826080032
2017-07-20,600104.SH,23.09,23.34,22.82,23.29,32039959,1005669700
2017-07-21,600104.SH,23.21,23.22,22.96,23.04,23138469,727423129
2017-07-24,600104.SH,23.00,23.51,22.96,23.27,25865531,818977633
2017-07-25,600104.SH,23.27,23.35,23.06,23.21,16420182,518915352
2017-07-26,600104.SH,23.25,23.31,22.03,22.42,56666329,1732186316
2017-07-27,600104.SH,22.28,22.43,21.90,22.39,32212788,971186980
2017-07-28,600104.SH,22.23,22.50,22.21,22.32,15154896,460876444
2017-07-31,600104.SH,22.30,22.46,22.07,22.16,20459086,617942704
2017-08-01,600104.SH,22.16,22.25,22.02,22.17,24411790,733976326
2017-08-02,600104.SH,22.16,22.24,22.04,22.12,23226196,697940264
2017-08-03,600104.SH,22.01,22.14,21.34,21.38,43596838,1288273864
2017-08-04,600104.SH,21.33,21.65,20.90,21.56,30975363,895580575
2017-08-07,600104.SH,21.38,21.90,21.36,21.74,17605889,518889131
2017-08-08,600104.SH,21.77,21.79,21.20,21.32,20830975,607259831
2017-08-09,600104.SH,21.32,21.89,21.19,21.57,28267463,829620159
2017-08-10,600104.SH,21.58,21.83,21.43,21.77,25060386,739064467
2017-08-11,600104.SH,21.52,21.91,21.52,21.85,27392745,811130067
2017-08-14,600104.SH,21.85,21.95,21.71,21.76,17951452,532978502
2017-08-15,600104.SH,21.83,21.90,21.69,21.82,12426679,368368323
2017-08-16,600104.SH,21.84,21.88,21.29,21.69,25418780,743147170
2017-08-17,600104.SH,21.62,21.69,21.43,21.61,13475978,395413877
2017-08-18,600104.SH,21.47,21.65,21.42,21.51,18365197,537440296
2017-08-21,600104.SH,21.43,21.67,21.42,21.51,17584068,515618166
2017-08-22,600104.SH,21.61,22.05,21.43,21.96,24868407,732685112
2017-08-23,600104.SH,21.90,22.22,21.89,22.04,21136105,635466798
2017-08-24,600104.SH,22.09,22.32,21.93,22.31,19303012,582075523
2017-08-25,600104.SH,22.31,22.46,22.10,22.40,18754248,569629226
2017-08-28,600104.SH,22.35,22.83,22.21,22.60,34276732,1049863648
2017-08-29,600104.SH,22.50,22.51,22.15,22.21,20978321,635873775
2017-08-30,600104.SH,22.32,22.39,21.91,21.95,27191299,816376197
2017-08-31,600104.SH,21.96,22.04,21.65,21.86,16124179,479199000
2017-09-01,600104.SH,21.89,22.07,21.71,21.73,15567892,463307252
2017-09-04,600104.SH,21.75,21.81,21.57,21.77,15995873,471158175
2017-09-05,600104.SH,21.64,21.84,21.64,21.71,13683529,404843856
2017-09-06,600104.SH,21.68,21.77,21.46,21.50,21406268,627128269
2017-09-07,600104.SH,21.58,21.62,21.42,21.52,12809180,374679185
2017-09-08,600104.SH,21.57,21.63,21.38,21.49,13128912,384232650
2017-09-11,600104.SH,21.47,21.81,21.40,21.63,18396528,542529116
2017-09-12,600104.SH,21.76,22.12,21.68,21.96,28665886,855024514
2017-09-13,600104.SH,21.93,21.93,21.60,21.65,15650764,461683777
2017-09-14,600104.SH,21.69,21.69,21.32,21.36,26340919,767921746
2017-09-15,600104.SH,21.32,21.44,21.15,21.37,16679745,484028871
2017-09-18,600104.SH,21.42,21.90,21.40,21.77,31479948,931005085
2017-09-19,600104.SH,21.73,21.85,21.47,21.53,18071188,530180845
2017-09-20,600104.SH,21.47,21.74,21.43,21.49,24983598,732480466
2017-09-21,600104.SH,21.62,21.79,21.52,21.71,16582010,488282624
2017-09-22,600104.SH,21.65,22.32,21.60,22.29,42668218,1281298980
2017-09-25,600104.SH,22.29,22.56,22.28,22.43,31416788,958181515
2017-09-26,600104.SH,22.39,22.62,22.26,22.40,16909961,514687924
2017-09-27,600104.SH,22.49,22.68,22.34,22.38,21198396,649044458
2017-09-28,600104.SH,22.43,22.45,22.02,22.37,16316828,492430076
2017-09-29,600104.SH,22.37,22.56,22.08,22.20,15762140,477919982
2017-10-09,600104.SH,22.72,23.23,22.65,22.99,47537371,1481015025
2017-10-10,600104.SH,23.02,23.13,22.02,22.42,56690541,1729344021
2017-10-11,600104.SH,22.57,23.41,22.54,23.34,54791475,1723003744
2017-10-12,600104.SH,23.46,23.74,23.19,23.61,25675147,820439238
2017-10-13,600104.SH,23.60,23.97,23.43,23.51,20502953,661285964
2017-10-16,600104.SH,23.65,23.79,23.13,23.54,21573489,686571641
2017-10-17,600104.SH,23.49,23.61,23.15,23.17,16976473,537543560
2017-10-18,600104.SH,23.15,24.10,23.15,24.02,34921568,1123200458
2017-10-19,600104.SH,24.04,24.37,23.89,24.25,28178280,926512932
2017-10-20,600104.SH,24.12,24.27,23.81,23.95,13789828,449738540
2017-10-23,600104.SH,24.15,24.26,23.75,23.82,13481485,438588173
2017-10-24,600104.SH,23.82,24.24,23.77,24.12,21557082,705209958
2017-10-25,600104.SH,24.15,24.26,23.91,24.16,14309728,468721092
2017-10-26,600104.SH,24.10,24.74,23.68,23.74,34016241,1119842556
2017-10-27,600104.SH,23.71,23.99,23.43,23.85,21699476,700039683
2017-10-30,600104.SH,23.93,24.19,23.63,24.15,22571174,736932053
2017-10-31,600104.SH,24.15,24.16,23.14,23.15,41880229,1331292122
2017-11-01,600104.SH,23.19,23.27,22.46,22.60,51038823,1578363100
2017-11-02,600104.SH,22.65,22.75,22.54,22.62,21705396,668146584
2017-11-03,600104.SH,22.65,22.74,22.32,22.71,26076417,798749856
2017-11-06,600104.SH,22.66,22.91,22.47,22.74,29698268,915653403
2017-11-07,600104.SH,22.76,23.66,22.75,23.06,55042209,1733622229
2017-11-08,600104.SH,23.14,23.34,22.81,23.07,32362353,1014524118
2017-11-09,600104.SH,23.18,23.29,22.84,23.12,25417045,796455232
2017-11-10,600104.SH,23.27,24.02,23.16,23.86,51516464,1656242887
2017-11-13,600104.SH,23.90,24.25,23.68,23.90,35672651,1159756199
2017-11-14,600104.SH,24.03,24.46,23.80,24.05,31861449,1045447281
2017-11-15,600104.SH,24.01,24.03,23.44,23.90,30743952,994365043
2017-11-16,600104.SH,23.77,23.79,23.49,23.69,21386046,686296038
2017-11-17,600104.SH,23.85,24.45,23.50,24.43,47964011,1570632104
2017-11-20,600104.SH,24.27,24.45,23.82,24.34,34974219,1147797160
2017-11-21,600104.SH,24.20,24.78,24.07,24.37,47354075,1575465641
2017-11-22,600104.SH,24.54,25.17,24.45,25.13,46703404,1575151842
2017-11-23,600104.SH,25.00,25.05,23.54,23.77,47162590,1562557665
2017-11-24,600104.SH,23.65,23.67,23.05,23.46,34386266,1092010956
2017-11-27,600104.SH,23.32,23.40,22.68,23.35,39481587,1242401210
2017-11-28,600104.SH,23.24,23.48,23.04,23.24,13313113,420608779
2017-11-29,600104.SH,23.29,23.31,22.75,22.81,24487343,763108565
2017-11-30,600104.SH,22.79,22.88,22.43,22.71,25164849,774815521
2017-12-01,600104.SH,22.78,22.82,22.59,22.74,14781429,456741666
2017-12-04,600104.SH,22.61,22.79,22.46,22.78,21636605,665270078
2017-12-05,600104.SH,22.70,23.51,22.66,23.43,48700139,1533576278
2017-12-06,600104.SH,23.17,23.37,23.02,23.14,20856807,657566338
2017-12-07,600104.SH,23.11,23.25,22.77,23.08,14803028,462493904
2017-12-08,600104.SH,23.07,23.10,22.81,22.97,14986912,467611816
2017-12-11,600104.SH,22.95,23.60,22.94,23.54,25228830,801844662
2017-12-12,600104.SH,23.54,23.57,23.05,23.08,14588240,462037739
2017-12-13,600104.SH,23.12,23.43,22.99,23.32,16543601,521952395
2017-12-14,600104.SH,23.32,23.38,22.77,22.88,24405175,762360331
2017-12-15,600104.SH,22.79,22.96,22.74,22.88,15197024,472101367
2017-12-18,600104.SH,22.88,23.01,22.70,22.94,14326117,445562277
2017-12-19,600104.SH,22.88,23.18,22.87,23.06,13723449,430542118
2017-12-20,600104.SH,23.15,23.35,23.06,23.17,15993894,504803443
2017-12-21,600104.SH,23.12,23.49,22.90,23.24,18762315,594033962
2017-12-22,600104.SH,23.22,23.45,23.14,23.23,15440779,489356705
2017-12-25,600104.SH,23.22,23.64,23.21,23.45,20556145,656762169
2017-12-26,600104.SH,23.45,23.63,23.23,23.32,17445457,555713358
2017-12-27,600104.SH,23.38,23.38,22.87,22.91,20495613,642593305
2017-12-28,600104.SH,22.89,23.20,22.88,22.94,16789450,525915725
2017-12-29,600104.SH,23.02,23.91,22.74,23.56,28975390,910249271
2018-01-02,600104.SH,23.32,23.46,23.18,23.36,22611507,717180764
2018-01-03,600104.SH,23.36,23.56,23.10,23.18,31379496,996715083
2018-01-04,600104.SH,23.16,23.49,23.04,23.26,23760307,752664479
2018-01-05,600104.SH,23.27,23.49,23.18,23.47,22295069,709304662
2018-01-08,600104.SH,23.51,24.08,23.49,23.83,36955802,1195178509
2018-01-09,600104.SH,23.80,24.02,23.65,23.85,23462424,761216168
2018-01-10,600104.SH,24.04,25.17,23.97,24.90,50775976,1705459608
2018-01-11,600104.SH,24.71,24.96,24.51,24.88,24350222,819446175
2018-01-12,600104.SH,24.75,25.22,24.64,24.93,20135520,683985949
2018-01-15,600104.SH,24.88,24.88,24.35,24.63,33266259,1112007221
2018-01-16,600104.SH,24.57,24.60,23.70,23.77,57753000,1896932462
2018-01-17,600104.SH,24.01,24.25,23.71,23.92,40761824,1328407367
2018-01-18,600104.SH,24.09,24.32,23.84,23.92,38965441,1273534559
2018-01-19,600104.SH,24.04,24.62,23.79,24.14,34755515,1142485013
2018-01-22,600104.SH,24.23,24.89,24.18,24.82,36298497,1211486979
2018-01-23,600104.SH,24.89,25.35,24.79,24.98,36177391,1232726232
2018-01-24,600104.SH,25.18,25.27,24.73,24.97,27904676,946290353
2018-01-25,600104.SH,25.02,25.71,24.67,25.65,48431447,1669107622
2018-01-26,600104.SH,25.70,25.93,25.43,25.72,31335290,1093843494
2018-01-29,600104.SH,25.74,26.38,25.33,25.34,36726660,1292682355
2018-01-30,600104.SH,25.24,25.59,24.97,25.31,18245659,626801995
2018-01-31,600104.SH,25.15,25.62,25.05,25.29,22141216,762592534
2018-02-01,600104.SH,25.43,25.66,25.03,25.64,45888177,1581189087
2018-02-02,600104.SH,25.48,25.60,25.15,25.52,21182451,731244545
2018-02-05,600104.SH,25.33,25.38,24.91,25.11,25966741,885268803
2018-02-06,600104.SH,24.63,25.13,24.35,25.11,55088153,1851844892
2018-02-07,600104.SH,25.24,25.40,24.68,25.02,33524715,1140774928
2018-02-08,600104.SH,24.90,24.99,23.90,24.14,36368162,1199416257
2018-02-09,600104.SH,23.63,23.73,22.55,23.54,36480771,1149205333
2018-02-12,600104.SH,23.46,24.19,23.46,23.77,17004407,551583728
2018-02-13,600104.SH,23.85,24.33,23.85,24.21,16208267,532770792
2018-02-14,600104.SH,24.21,24.49,24.21,24.42,12151610,403036785
2018-02-22,600104.SH,24.63,25.10,24.47,25.02,19571070,660923899
2018-02-23,600104.SH,25.02,25.12,24.71,25.05,17593164,597139835
2018-02-26,600104.SH,25.12,25.69,25.12,25.35,20149581,695976368
2018-02-27,600104.SH,25.59,25.59,24.90,25.29,22662787,776204627
2018-02-28,600104.SH,25.03,25.11,24.65,24.74,15111716,511531959
2018-03-01,600104.SH,24.65,25.06,24.54,24.95,14637724,494880175
2018-03-02,600104.SH,24.93,25.79,24.75,25.75,29535399,1020887481
2018-03-05,600104.SH,25.79,26.22,25.33,25.88,26241478,919354807
2018-03-06,600104.SH,25.96,26.14,25.66,25.79,18891531,665485639
2018-03-07,600104.SH,25.82,26.71,25.82,26.44,32321196,1163333368
2018-03-08,600104.SH,26.33,26.90,26.24,26.35,26191008,946742822
2018-03-09,600104.SH,26.24,26.94,26.24,26.67,20817041,754905724
2018-03-12,600104.SH,26.76,27.65,26.74,27.31,24473917,911601574
2018-03-13,600104.SH,27.32,27.69,27.08,27.15,22266356,827900497
2018-03-14,600104.SH,27.06,27.57,26.93,27.11,16774339,620348922
2018-03-15,600104.SH,27.00,27.27,26.91,27.04,11195586,412052359
2018-03-16,600104.SH,27.04,27.41,26.88,27.08,18263467,674722888
2018-03-19,600104.SH,26.95,27.48,26.55,27.44,16778395,617043241
2018-03-20,600104.SH,27.21,27.63,27.12,27.15,12532208,465918870
2018-03-21,600104.SH,27.18,27.34,26.33,26.60,22292451,810764585
2018-03-22,600104.SH,26.80,26.80,26.07,26.43,22186816,795191044
2018-03-23,600104.SH,25.75,26.16,25.50,26.14,39290527,1377979994
2018-03-26,600104.SH,25.88,25.88,24.84,25.07,38960337,1330803114
2018-03-27,600104.SH,25.33,25.51,24.41,24.67,34305099,1163288596
2018-03-28,600104.SH,24.45,24.55,23.67,23.93,33580561,1099034980
2018-03-29,600104.SH,23.97,24.41,23.53,24.22,30796309,1007490619
2018-03-30,600104.SH,24.41,25.11,24.38,25.01,24994566,844566829
2018-04-02,600104.SH,25.02,25.28,24.60,24.99,19447831,661042029
2018-04-03,600104.SH,24.67,24.84,24.27,24.35,21986252,731223432
2018-04-04,600104.SH,24.60,25.10,24.46,24.93,22198307,751153844
2018-04-09,600104.SH,24.99,25.21,24.78,25.04,14772713,503343987
2018-04-10,600104.SH,25.04,25.13,24.45,24.98,30058431,1009011066
2018-04-11,600104.SH,24.93,24.93,24.23,24.30,34416567,1142415140
2018-04-12,600104.SH,24.33,24.45,23.90,24.23,22881824,750287387
2018-04-13,600104.SH,24.26,24.38,24.12,24.24,12247269,404043660
2018-04-16,600104.SH,24.27,24.30,23.68,23.88,15156741,492475540
2018-04-17,600104.SH,23.88,23.96,23.03,23.07,17320857,552506170
2018-04-18,600104.SH,23.34,23.37,22.07,23.05,35511539,1093077807
2018-04-19,600104.SH,22.86,23.53,22.84,23.49,19975030,632673309
2018-04-20,600104.SH,23.38,23.57,22.93,23.45,17089401,540926607
2018-04-23,600104.SH,23.14,23.50,22.83,23.11,14547999,457335245
2018-04-24,600104.SH,22.99,23.68,22.99,23.50,19605891,626935929
2018-04-25,600104.SH,23.29,23.65,23.29,23.46,9787939,312626389
2018-04-26,600104.SH,23.70,23.71,22.96,23.21,14195879,448464454
2018-04-27,600104.SH,23.31,23.57,22.82,23.48,19144742,604540671
2018-05-02,600104.SH,23.59,24.21,23.53,24.08,17525048,571717843
2018-05-03,600104.SH,24.18,24.50,23.95,24.35,16179566,533240914
2018-05-04,600104.SH,24.34,24.34,24.02,24.02,9531672,312707123
2018-05-07,600104.SH,24.20,24.49,24.02,24.34,10393444,343038107
2018-05-08,600104.SH,24.52,25.11,24.52,25.04,22740743,771023111
2018-05-09,600104.SH,25.00,25.45,25.00,25.29,16432679,565058542
2018-05-10,600104.SH,25.44,25.61,25.17,25.59,11161792,386460695
2018-05-11,600104.SH,25.62,25.66,25.33,25.45,11196617,387511341
2018-05-14,600104.SH,25.48,26.10,25.48,25.88,12010766,423455562
2018-05-15,600104.SH,25.99,26.14,25.59,25.74,17802986,623364395
2018-05-16,600104.SH,25.68,25.87,25.27,25.35,14787120,511022378
2018-05-17,600104.SH,25.40,25.57,25.29,25.36,12078767,417273640
2018-05-18,600104.SH,25.39,25.71,25.07,25.70,13232038,457231348
2018-05-21,600104.SH,25.74,26.18,25.31,25.37,14391866,503612843
2018-05-22,600104.SH,25.52,25.69,25.43,25.57,9952379,346407778
2018-05-23,600104.SH,25.01,25.99,25.01,25.63,17848852,623473069
2018-05-24,600104.SH,25.58,25.67,25.00,25.09,12241626,419815502
2018-05-25,600104.SH,25.24,25.71,25.08,25.46,13772042,477404458
2018-05-28,600104.SH,25.46,25.99,25.46,25.97,13912042,488030868
2018-05-29,600104.SH,25.97,26.49,25.72,26.23,18792268,669232694
2018-05-30,600104.SH,25.99,26.44,25.74,25.92,15622824,552637749
2018-05-31,600104.SH,26.14,26.97,26.09,26.65,26264518,953518606
2018-06-01,600104.SH,26.66,26.76,25.93,26.23,14686204,524342471
2018-06-04,600104.SH,26.36,26.69,26.30,26.62,11766457,424673878
2018-06-05,600104.SH,26.54,26.69,26.11,26.65,11014706,395948781
2018-06-06,600104.SH,26.59,26.65,26.29,26.46,9032612,325034496
2018-06-07,600104.SH,26.44,26.47,26.10,26.17,11200344,399918243
2018-06-08,600104.SH,26.40,26.75,26.26,26.50,17750422,640459927
2018-06-11,600104.SH,26.34,26.77,26.27,26.76,12999233,470051132
2018-06-12,600104.SH,26.80,27.19,26.52,27.00,15662045,572643016
2018-06-13,600104.SH,26.99,27.05,26.74,26.95,9760519,356861039
2018-06-14,600104.SH,26.80,27.04,26.52,27.00,15253904,555300663
2018-06-15,600104.SH,27.04,27.04,26.30,26.86,20709766,750603687
2018-06-19,600104.SH,26.51,27.16,26.16,27.06,47024392,1715184087
2018-06-20,600104.SH,26.82,26.96,26.03,26.42,18636793,670614296
2018-06-21,600104.SH,26.33,26.51,26.21,26.34,16918258,606313586
2018-06-22,600104.SH,26.27,26.36,25.85,25.93,11018442,390467964
2018-06-25,600104.SH,25.93,26.07,25.55,25.85,16714270,587627239
2018-06-26,600104.SH,25.92,26.04,25.44,25.85,17146210,600276408
2018-06-27,600104.SH,25.92,26.34,25.72,25.91,19288572,682799366
2018-06-28,600104.SH,25.65,25.88,24.90,24.96,19544219,675661182
2018-06-29,600104.SH,25.18,25.74,24.88,25.73,16910195,582076177
2018-07-02,600104.SH,25.74,25.76,23.80,24.59,19717128,663888196
2018-07-03,600104.SH,24.23,24.65,23.70,24.14,18846789,619284484
2018-07-04,600104.SH,24.08,24.43,24.00,24.14,13146700,433313564
2018-07-05,600104.SH,24.30,24.68,23.93,24.51,19018944,629468411
2018-07-06,600104.SH,24.56,24.97,24.31,24.79,13080150,439111858
2018-07-09,600104.SH,24.80,25.42,24.80,25.35,15486176,532782747
2018-07-10,600104.SH,25.48,25.80,25.25,25.47,13041860,453049479
2018-07-11,600104.SH,25.18,25.55,25.10,25.50,8881376,306477874
2018-07-12,600104.SH,25.53,26.05,25.27,25.29,25813058,897506916
2018-07-13,600104.SH,25.42,25.80,25.39,25.76,14055034,489905636
2018-07-16,600104.SH,25.83,26.20,25.54,25.77,16570117,580534352
2018-07-17,600104.SH,25.60,25.67,25.28,25.35,15509095,508569587
2018-07-18,600104.SH,25.29,25.52,25.11,25.30,10594482,345718606
2018-07-19,600104.SH,25.39,25.41,24.48,24.67,12880445,413473323
2018-07-20,600104.SH,24.76,25.22,24.52,25.14,11553895,371239590
2018-07-23,600104.SH,25.25,25.48,25.17,25.29,13601813,443826188
2018-07-24,600104.SH,25.37,25.59,25.13,25.27,20270764,660785110
2018-07-25,600104.SH,25.37,25.49,25.17,25.40,10837927,354121936
2018-07-26,600104.SH,25.40,25.45,24.80,24.93,13148623,424647971
2018-07-27,600104.SH,24.82,24.90,24.15,24.19,21231465,667660957
2018-07-30,600104.SH,24.21,24.59,24.14,24.58,11304171,355843400
2018-07-31,600104.SH,24.52,24.80,24.10,24.73,13117499,414195294
2018-08-01,600104.SH,24.85,24.97,24.31,24.34,12967662,411865161
2018-08-02,600104.SH,24.35,24.44,23.21,23.55,18270933,558210302
2018-08-03,600104.SH,23.40,23.53,22.51,22.55,21325046,628568285
2018-08-06,600104.SH,22.72,22.98,22.52,22.77,14042203,411493249
2018-08-07,600104.SH,22.93,23.38,22.70,23.29,13775274,407442452
2018-08-08,600104.SH,23.19,23.34,22.41,22.53,15278868,447967772
2018-08-09,600104.SH,22.39,23.31,22.37,23.27,14852314,441645637
2018-08-10,600104.SH,23.31,23.41,23.08,23.27,7696306,230311470
2018-08-13,600104.SH,23.10,23.10,22.55,22.98,11005164,323566722
2018-08-14,600104.SH,22.93,23.20,22.82,23.19,8654013,257072196
2018-08-15,600104.SH,23.05,23.12,22.38,22.63,14778471,430779219
2018-08-16,600104.SH,22.41,22.61,21.91,21.99,15502137,442570337
2018-08-17,600104.SH,22.15,22.26,21.73,21.75,8190750,232557190
2018-08-20,600104.SH,21.95,21.96,21.33,21.80,12788542,356364807
2018-08-21,600104.SH,21.79,22.23,21.79,22.07,9119016,259235128
2018-08-22,600104.SH,22.08,22.16,21.84,22.15,7015064,198956293
2018-08-23,600104.SH,22.10,22.29,21.82,21.93,9620877,272798157
2018-08-24,600104.SH,21.93,22.12,21.80,22.01,7161239,202801313
2018-08-27,600104.SH,22.11,22.72,22.03,22.61,14374013,415346251
2018-08-28,600104.SH,22.61,22.82,22.33,22.40,11284955,327537291
2018-08-29,600104.SH,22.30,22.45,22.04,22.11,9717639,278218927
2018-08-30,600104.SH,22.11,22.36,22.11,22.20,9019383,258293030
2018-08-31,600104.SH,22.34,22.75,22.23,22.61,20415934,594764603
2018-09-03,600104.SH,22.50,22.72,22.33,22.55,10569921,306319595
2018-09-04,600104.SH,22.44,22.65,22.23,22.54,8948749,259057000
2018-09-05,600104.SH,22.34,22.52,21.77,21.78,10454766,297786222
2018-09-06,600104.SH,21.79,22.11,21.78,21.94,10969469,311193578
2018-09-07,600104.SH,22.06,22.38,21.91,22.04,7786537,222294890
2018-09-10,600104.SH,22.00,22.27,21.92,22.07,7598352,215954049
2018-09-11,600104.SH,22.06,22.07,21.67,21.94,9038905,254617903
2018-09-12,600104.SH,21.76,22.10,21.70,21.90,6030155,170097125
2018-09-13,600104.SH,22.10,22.34,21.90,22.34,10042133,287061336
2018-09-14,600104.SH,22.19,22.89,22.19,22.77,16881168,494162651
2018-09-17,600104.SH,22.75,22.90,22.46,22.75,6570839,192302543
2018-09-18,600104.SH,22.56,22.97,22.56,22.94,9866299,289607966
2018-09-19,600104.SH,22.99,23.44,22.79,23.16,17671141,525765100
2018-09-20,600104.SH,23.16,23.27,22.80,23.02,8849710,262479373
2018-09-21,600104.SH,23.02,24.48,23.02,24.27,26150354,807539686
2018-09-25,600104.SH,24.10,24.54,24.03,24.38,15056238,472518098
2018-09-26,600104.SH,24.35,25.05,24.35,24.59,29248173,933458696
2018-09-27,600104.SH,24.63,24.63,24.09,24.29,19997312,626429143
2018-09-28,600104.SH,24.58,25.82,24.31,25.82,34568546,1114762976
2018-10-08,600104.SH,25.06,25.06,23.24,23.28,45886927,1397769981
2018-10-09,600104.SH,23.23,23.48,23.20,23.31,15029294,452206558
2018-10-10,600104.SH,23.24,23.27,22.30,22.77,23738884,693104395
2018-10-11,600104.SH,22.03,22.17,21.72,22.08,21335377,602864578
2018-10-12,600104.SH,22.13,22.74,21.75,22.03,34786928,991549605
2018-10-15,600104.SH,21.98,21.98,20.77,20.95,33686693,916925659
2018-10-16,600104.SH,20.85,21.09,20.60,21.06,17907723,482232336
2018-10-17,600104.SH,21.24,21.55,21.06,21.51,18848564,516907129
2018-10-18,600104.SH,21.50,21.75,21.14,21.34,15094550,418008323
2018-10-19,600104.SH,21.40,22.10,21.03,21.85,26178823,729907747
2018-10-22,600104.SH,21.85,22.65,21.85,22.39,24514089,706501528
2018-10-23,600104.SH,22.50,22.56,21.49,21.55,14758850,418341546
2018-10-24,600104.SH,21.80,21.98,21.37,21.44,16595974,462701620
2018-10-25,600104.SH,21.33,21.59,20.88,21.28,15384278,420979788
2018-10-26,600104.SH,21.35,21.80,21.33,21.35,13250045,368199656
2018-10-29,600104.SH,21.57,21.63,20.57,21.02,17736280,480188368
2018-10-30,600104.SH,21.63,22.03,21.16,21.27,27094543,749429309
2018-10-31,600104.SH,21.20,21.41,20.86,21.03,23378741,633490375
2018-11-01,600104.SH,21.16,21.84,21.05,21.28,25248960,696426056
2018-11-02,600104.SH,21.78,21.85,21.51,21.80,25092219,701125555
2018-11-05,600104.SH,21.72,21.87,21.38,21.49,19874160,553021485
2018-11-06,600104.SH,21.63,21.63,21.12,21.37,11110217,305032403
2018-11-07,600104.SH,21.38,21.44,20.88,20.96,20366731,552588839
2018-11-08,600104.SH,21.10,21.22,20.92,21.10,14303221,388462745
2018-11-09,600104.SH,20.95,21.26,20.90,21.12,10265121,279257675
2018-11-12,600104.SH,20.95,21.27,20.92,21.22,11774437,321315979
2018-11-13,600104.SH,20.98,21.44,20.95,21.31,11202100,306559177
2018-11-14,600104.SH,21.31,21.33,20.92,20.94,13444876,364930106
2018-11-15,600104.SH,20.99,21.02,20.61,20.71,27184218,725277895
2018-11-16,600104.SH,20.72,20.72,20.22,20.25,34593988,908778415
2018-11-19,600104.SH,20.35,20.37,19.79,19.98,29013969,748695794
2018-11-20,600104.SH,19.98,20.11,19.80,19.92,19336572,496474786
2018-11-21,600104.SH,19.78,19.88,19.58,19.72,14470182,367732983
2018-11-22,600104.SH,19.78,20.02,19.57,19.99,18168056,462772683
2018-11-23,600104.SH,19.90,19.90,19.44,19.49,15879344,401250344
2018-11-26,600104.SH,19.56,19.57,19.17,19.20,12722399,316583777
2018-11-27,600104.SH,19.24,19.31,19.05,19.07,11722860,289412368
2018-11-28,600104.SH,19.14,19.36,18.98,19.34,14011054,347354949
2018-11-29,600104.SH,19.39,19.45,19.20,19.34,10540241,262402601
2018-11-30,600104.SH,19.25,19.32,19.12,19.28,12592793,311783756
2018-12-03,600104.SH,19.59,19.86,19.51,19.69,31556434,800921467
2018-12-04,600104.SH,19.71,19.71,19.29,19.47,14868660,373896344
2018-12-05,600104.SH,19.19,19.43,19.17,19.39,14784759,368194559
2018-12-06,600104.SH,19.02,19.28,19.02,19.16,16340435,403070508
2018-12-07,600104.SH,19.15,19.22,19.05,19.18,7407969,182903516
2018-12-10,600104.SH,19.02,19.12,18.72,18.85,15204181,369732151
2018-12-11,600104.SH,18.77,18.98,18.77,18.98,6824494,166271755
2018-12-12,600104.SH,19.15,19.29,19.04,19.19,11480949,284266977
2018-12-13,600104.SH,19.26,19.40,19.17,19.24,20415751,508073137
2018-12-14,600104.SH,19.16,19.28,19.09,19.19,19864124,491824977
2018-12-17,600104.SH,19.19,19.62,19.09,19.48,28584355,717065869
2018-12-18,600104.SH,19.31,19.63,19.29,19.40,18673452,468968106
2018-12-19,600104.SH,19.43,20.02,19.43,19.78,36207450,924618479
2018-12-20,600104.SH,19.71,20.00,19.29,19.69,27344514,688176048
2018-12-21,600104.SH,19.74,19.90,19.46,19.86,20414071,517889000
2018-12-24,600104.SH,19.78,20.08,19.56,20.06,21503530,550107141
2018-12-25,600104.SH,20.09,20.37,19.78,20.36,25630294,663072654
2018-12-26,600104.SH,20.38,20.88,20.14,20.75,42561333,1126629973
2018-12-27,600104.SH,20.88,21.63,20.15,21.07,50459600,1345797374
2018-12-28,600104.SH,20.71,20.91,20.21,20.69,38522795,1025008079
2019-01-02,600104.SH,20.47,20.47,19.36,19.58,22221705,566426335
2019-01-03,600104.SH,19.59,19.78,19.21,19.22,20223236,506290542
2019-01-04,600104.SH,19.02,19.34,18.86,19.20,28807659,709513544
2019-01-07,600104.SH,19.24,19.43,19.09,19.09,28867598,715197833
2019-01-08,600104.SH,19.08,19.08,18.80,18.85,20863659,507409977
2019-01-09,600104.SH,19.39,20.23,19.38,19.55,76675481,1958685686
2019-01-10,600104.SH,19.59,19.62,19.22,19.27,34105652,850315076
2019-01-11,600104.SH,19.31,19.71,19.31,19.53,22629157,569895349
2019-01-14,600104.SH,19.47,19.70,19.24,19.29,25249337,635309492
2019-01-15,600104.SH,19.40,19.66,19.23,19.50,33136007,830693589
2019-01-16,600104.SH,19.54,19.85,19.48,19.74,27824828,705913841
2019-01-17,600104.SH,19.80,19.83,19.41,19.42,25092618,633125723
2019-01-18,600104.SH,19.61,19.74,19.40,19.70,40046958,1011621057
2019-01-21,600104.SH,19.74,20.40,19.74,20.27,45695485,1189404597
2019-01-22,600104.SH,20.34,20.34,19.63,19.71,22561123,577981635
2019-01-23,600104.SH,19.67,19.85,19.54,19.63,23864204,605195165
2019-01-24,600104.SH,19.71,20.08,19.35,19.94,28342296,723762605
2019-01-25,600104.SH,19.95,20.51,19.85,20.35,48878294,1275009698
2019-01-28,600104.SH,20.33,20.91,20.16,20.24,39526804,1048293414
2019-01-29,600104.SH,20.55,20.56,19.96,20.31,24999549,652271926
2019-01-30,600104.SH,20.26,20.36,20.11,20.18,16189625,422415580
2019-01-31,600104.SH,20.32,20.78,20.25,20.64,28616721,759414759
2019-02-01,600104.SH,20.86,20.86,20.37,20.68,19343613,513190299
2019-02-11,600104.SH,20.39,20.95,20.39,20.94,26407750,706080928
2019-02-12,600104.SH,20.99,21.09,20.61,20.79,32978808,884412423
2019-02-13,600104.SH,20.75,21.71,20.74,21.54,47182792,1290365470
2019-02-14,600104.SH,21.40,21.67,21.30,21.41,23739722,655567861
2019-02-15,600104.SH,20.87,20.87,20.22,20.35,54232592,1431735225
2019-02-18,600104.SH,20.48,21.33,20.41,21.18,39303306,1058441331
2019-02-19,600104.SH,21.19,21.73,21.06,21.43,32105009,887989700
2019-02-20,600104.SH,21.65,22.09,21.49,21.89,34845956,979948127
2019-02-21,600104.SH,21.99,22.47,21.77,22.21,31263103,892787595
2019-02-22,600104.SH,22.18,22.18,21.78,22.04,20688723,584591745
2019-02-25,600104.SH,21.79,22.81,21.79,22.74,48783553,1397975045
2019-02-26,600104.SH,22.58,22.67,22.02,22.07,32902180,946505441
2019-02-27,600104.SH,21.96,22.17,21.78,21.95,28448984,804309164
2019-02-28,600104.SH,21.97,22.13,21.81,21.97,20852933,590878918
2019-03-01,600104.SH,22.11,22.29,21.87,22.25,25531723,727462391
2019-03-04,600104.SH,22.20,22.69,22.11,22.14,49070184,1414312821
2019-03-05,600104.SH,22.34,22.34,21.53,21.82,55071784,1545699053
2019-03-06,600104.SH,21.78,21.81,21.35,21.54,49674990,1376878033
2019-03-07,600104.SH,21.54,21.55,20.86,20.95,53328671,1451041420
2019-03-08,600104.SH,20.79,20.79,20.47,20.55,36305342,965142861
2019-03-11,600104.SH,20.54,20.82,20.49,20.70,44564622,1185491352
2019-03-12,600104.SH,20.63,20.88,20.51,20.75,54402189,1450709577
2019-03-13,600104.SH,20.62,20.62,19.78,19.83,78748215,2032305021
2019-03-14,600104.SH,19.81,20.13,19.70,19.98,49307913,1264496725
2019-03-15,600104.SH,20.00,20.23,19.87,20.00,44261250,1142077146
2019-03-18,600104.SH,20.13,20.50,19.92,20.44,51330625,1339408814
2019-03-19,600104.SH,20.52,20.71,20.37,20.64,48452267,1285333053
2019-03-20,600104.SH,20.63,20.68,20.37,20.47,28775159,760557197
2019-03-21,600104.SH,20.47,20.54,20.28,20.30,34161078,897195782
2019-03-22,600104.SH,20.29,20.49,20.09,20.36,39885527,1044484397
2019-03-25,600104.SH,20.09,20.17,19.84,19.85,35816753,923459915
2019-03-26,600104.SH,19.93,20.02,19.80,19.95,25034611,642685432
2019-03-27,600104.SH,19.96,20.05,19.61,19.70,37418932,954099527
2019-03-28,600104.SH,19.63,19.71,19.40,19.67,29474978,743294361
2019-03-29,600104.SH,19.67,20.24,19.59,20.23,45274689,1167595972
2019-04-01,600104.SH,20.36,20.82,20.36,20.63,59345175,1576929178
2019-04-02,600104.SH,20.56,20.64,20.30,20.50,67534989,1779959820
2019-04-03,600104.SH,20.44,21.08,20.37,21.08,85796553,2296062116
2019-04-04,600104.SH,21.22,22.46,21.22,22.20,118377956,3348103419
2019-04-08,600104.SH,22.20,22.39,21.58,21.78,62105086,1759074732
2019-04-09,600104.SH,21.73,22.41,21.73,22.17,59818347,1710982769
2019-04-10,600104.SH,21.96,23.27,21.72,22.68,82913222,2425143433
2019-04-11,600104.SH,22.87,23.48,22.34,22.48,59609716,1762334125
2019-04-12,600104.SH,22.48,22.86,21.73,21.96,41374237,1177616891
2019-04-15,600104.SH,22.30,22.83,21.74,21.77,45826554,1312243536
2019-04-16,600104.SH,21.82,22.18,21.37,22.13,33378832,938871278
2019-04-17,600104.SH,22.25,23.51,22.23,23.45,99050839,2942472447
2019-04-18,600104.SH,23.45,23.51,22.79,22.92,36400904,1082075973
2019-04-19,600104.SH,22.91,23.35,22.63,22.99,28105596,833789247
2019-04-22,600104.SH,22.86,22.89,21.90,22.05,37187357,1067960662
2019-04-23,600104.SH,22.16,22.40,21.94,22.04,34053648,971941023
2019-04-24,600104.SH,22.20,22.30,21.74,22.05,24223542,688610929
2019-04-25,600104.SH,21.88,21.99,21.16,21.25,38455621,1062175774
2019-04-26,600104.SH,21.11,21.23,20.57,20.62,38586937,1031588876
2019-04-29,600104.SH,20.64,20.96,20.53,20.73,35308198,944612258
2019-04-30,600104.SH,20.73,21.26,20.66,21.24,28021134,761307607
2019-05-06,600104.SH,20.67,20.95,19.99,20.26,44933852,1178996315
2019-05-07,600104.SH,20.38,20.64,20.08,20.30,31063430,814339648
2019-05-08,600104.SH,19.87,20.51,19.86,20.12,22337933,579658483
2019-05-09,600104.SH,20.00,20.24,19.69,19.82,28596807,731943567
2019-05-10,600104.SH,19.91,20.43,19.56,20.43,34717606,897844802
2019-05-13,600104.SH,19.96,20.08,19.67,19.80,22402970,572347473
2019-05-14,600104.SH,19.53,19.92,19.53,19.60,22134335,561039318
2019-05-15,600104.SH,19.64,20.04,19.64,19.95,23655585,605525502
2019-05-16,600104.SH,20.02,20.33,19.95,20.19,20451170,531266855
2019-05-17,600104.SH,20.19,20.19,19.69,19.77,16216510,414335413
2019-05-20,600104.SH,19.76,20.02,19.15,19.30,25343026,635609791
2019-05-21,600104.SH,19.37,19.57,19.22,19.36,18646447,465821778
2019-05-22,600104.SH,19.37,19.37,18.94,19.00,23259674,572329400
2019-05-23,600104.SH,18.99,18.99,18.01,18.11,43860617,1032433127
2019-05-24,600104.SH,18.12,18.57,17.77,18.21,43281973,1009204009
2019-05-27,600104.SH,18.08,18.43,17.60,18.40,34913873,810088932
2019-05-28,600104.SH,18.24,19.22,18.20,19.22,52780280,1290004203
2019-05-29,600104.SH,19.01,19.08,18.77,18.84,22046050,536890179
2019-05-30,600104.SH,18.85,18.91,18.41,18.66,18681472,447538639
2019-05-31,600104.SH,18.62,18.89,18.42,18.58,14520218,349844271
2019-06-03,600104.SH,18.97,19.12,18.65,18.93,22249247,543361730
2019-06-04,600104.SH,19.01,19.22,18.77,19.14,19077651,467216566
2019-06-05,600104.SH,19.22,19.32,18.98,19.02,15686103,387852622
2019-06-06,600104.SH,19.10,19.19,18.90,19.05,16436957,403082064
2019-06-10,600104.SH,19.31,19.61,18.74,18.84,28978913,712147084
2019-06-11,600104.SH,18.68,19.16,18.54,19.05,22917038,558773238
2019-06-12,600104.SH,18.95,19.20,18.74,19.19,16749829,410882104
2019-06-13,600104.SH,19.18,19.22,18.83,19.07,15052782,369164742
2019-06-14,600104.SH,19.05,19.20,18.77,18.85,15306618,373211917
2019-06-17,600104.SH,18.93,19.05,18.85,18.90,12735181,311332040
2019-06-18,600104.SH,18.93,19.05,18.67,18.70,14726043,357142348
2019-06-19,600104.SH,19.01,19.12,18.91,18.95,19337012,473790923
2019-06-20,600104.SH,19.00,19.46,18.87,19.39,30605174,759154391
2019-06-21,600104.SH,19.40,19.62,19.40,19.60,21194232,533671307
2019-06-24,600104.SH,19.54,19.74,19.43,19.71,13179441,333056856
2019-06-25,600104.SH,19.76,19.85,19.54,19.61,18267587,463428387
2019-06-26,600104.SH,19.55,19.99,19.54,19.86,18584832,475908421
2019-06-27,600104.SH,19.94,20.22,19.69,19.81,18644391,479850720
2019-06-28,600104.SH,19.84,20.08,19.64,19.78,15371981,392898848
2019-07-01,600104.SH,20.00,20.36,20.00,20.21,26499496,690092651
2019-07-02,600104.SH,20.17,21.02,20.03,20.78,37020490,988551691
2019-07-03,600104.SH,20.80,20.92,20.64,20.79,25985266,696184470
2019-07-04,600104.SH,20.83,21.32,20.79,20.83,26854638,728179001
2019-07-05,600104.SH,20.83,21.05,20.53,20.92,22252421,597511383
2019-07-08,600104.SH,20.93,20.99,20.21,20.32,23925695,631029252
2019-07-09,600104.SH,20.40,20.81,20.25,20.35,29464164,776347118
2019-07-10,600104.SH,20.49,20.50,19.85,19.93,22717564,586006460
2019-07-11,600104.SH,20.07,20.23,19.69,19.81,24017417,617201439
2019-07-12,600104.SH,19.99,19.99,19.30,19.50,34693145,832623618
2019-07-15,600104.SH,19.46,19.94,18.80,19.74,33000151,787385872
2019-07-16,600104.SH,19.77,19.87,19.49,19.55,15247356,366968537
2019-07-17,600104.SH,19.49,19.85,19.24,19.66,18111954,436045266
2019-07-18,600104.SH,19.56,19.57,19.28,19.31,12432641,295449333
2019-07-19,600104.SH,19.36,19.63,19.18,19.35,15447357,367807655
2019-07-22,600104.SH,19.34,19.45,19.05,19.09,13625051,320113328
2019-07-23,600104.SH,19.12,19.68,19.04,19.50,20151156,478576357
2019-07-24,600104.SH,19.59,20.24,19.59,20.15,24818629,609561469
2019-07-25,600104.SH,20.16,20.28,19.81,19.87,17322926,424407767
2019-07-26,600104.SH,19.75,19.94,19.69,19.87,11635497,283046415
2019-07-29,600104.SH,19.85,20.17,19.64,20.13,14932828,365919494
2019-07-30,600104.SH,20.08,20.61,20.01,20.32,29399965,733705993
2019-07-31,600104.SH,20.40,20.47,20.23,20.27,16793187,418742776
2019-08-01,600104.SH,20.32,20.43,20.01,20.07,15482460,383223512
2019-08-02,600104.SH,19.50,19.90,19.26,19.73,20946446,505627948
2019-08-05,600104.SH,19.67,19.77,19.27,19.27,18084743,431554007
2019-08-06,600104.SH,19.06,19.64,18.91,19.44,27406453,646998739
2019-08-07,600104.SH,19.51,19.77,19.22,19.28,19652784,469550268
2019-08-08,600104.SH,19.57,19.97,19.38,19.90,18977367,459862137
2019-08-09,600104.SH,19.97,20.39,19.67,19.90,19196750,472019654
2019-08-12,600104.SH,19.90,20.09,19.78,19.84,13557463,330470991
2019-08-13,600104.SH,19.76,20.00,19.44,19.53,18440569,443905191
2019-08-14,600104.SH,19.76,20.08,19.67,19.91,21251857,518075735
2019-08-15,600104.SH,19.71,20.37,19.56,20.12,33781811,834056323
2019-08-16,600104.SH,20.16,20.34,19.99,20.03,20457850,505515949
2019-08-19,600104.SH,20.24,20.40,19.77,19.99,36365821,892567858
2019-08-20,600104.SH,19.99,19.99,19.64,19.80,23021681,558244027
2019-08-21,600104.SH,19.73,19.78,19.54,19.66,20192716,485353141
2019-08-22,600104.SH,19.72,19.93,19.63,19.81,15485481,375188455
2019-08-23,600104.SH,19.81,20.17,19.75,20.08,24184383,593584507
2019-08-26,600104.SH,19.80,19.90,19.55,19.61,30067809,725160157
2019-08-27,600104.SH,19.71,20.57,19.71,20.37,62969856,1560810656
2019-08-28,600104.SH,20.70,21.37,20.16,20.47,40854293,1034817320
2019-08-29,600104.SH,20.47,20.63,20.06,20.17,19558688,485588278
2019-08-30,600104.SH,20.28,20.73,20.09,20.47,33759926,846781768
2019-09-02,600104.SH,20.38,20.89,20.33,20.35,29723171,749269126
2019-09-03,600104.SH,20.43,20.43,19.91,20.08,29790921,733241146
2019-09-04,600104.SH,20.08,20.12,19.85,20.10,20312432,497291624
2019-09-05,600104.SH,20.21,20.73,20.21,20.61,40426202,1018119961
2019-09-06,600104.SH,20.81,21.37,20.80,21.17,30303049,784562021
2019-09-09,600104.SH,21.30,21.48,21.06,21.28,32350440,842148980
2019-09-10,600104.SH,21.29,21.36,20.75,20.81,22914311,585410116
2019-09-11,600104.SH,20.81,20.83,20.55,20.68,17330336,439034171
2019-09-12,600104.SH,20.76,20.77,20.40,20.52,25810393,648109510
2019-09-16,600104.SH,20.76,20.76,20.38,20.41,29416905,738574644
2019-09-17,600104.SH,20.40,20.42,20.07,20.16,20055608,497952167
2019-09-18,600104.SH,20.26,20.39,20.14,20.21,19002477,471492316
2019-09-19,600104.SH,20.30,20.35,20.08,20.22,15809526,391396587
2019-09-20,600104.SH,20.25,20.27,20.04,20.12,32357230,797517031
2019-09-23,600104.SH,19.99,20.02,19.55,19.81,35248808,853506526
2019-09-24,600104.SH,19.81,19.91,19.68,19.75,29799599,721627593
2019-09-25,600104.SH,19.66,19.71,19.24,19.32,32122767,765781994
2019-09-26,600104.SH,19.39,19.53,19.31,19.42,23917337,568665553
2019-09-27,600104.SH,19.41,19.42,19.24,19.34,15443574,365841096
2019-09-30,600104.SH,19.30,19.67,19.26,19.41,15976610,381771546
2019-10-08,600104.SH,19.41,19.47,19.30,19.34,13259535,314732959
2019-10-09,600104.SH,19.27,19.33,19.05,19.13,16448625,385359560
2019-10-10,600104.SH,19.14,19.55,19.11,19.51,17296690,410713824
2019-10-11,600104.SH,19.58,19.58,19.38,19.53,11329468,270258155
2019-10-14,600104.SH,19.59,19.98,19.56,19.90,22697294,550265205
2019-10-15,600104.SH,20.08,20.08,19.50,19.53,23327169,561654350
2019-10-16,600104.SH,19.71,19.75,19.51,19.71,11570732,278345128
2019-10-17,600104.SH,19.71,19.76,18.89,19.41,15005781,358432316
2019-10-18,600104.SH,19.52,19.53,19.10,19.14,16524335,390275368
2019-10-21,600104.SH,19.15,19.22,18.84,18.90,14548906,337762500
2019-10-22,600104.SH,19.06,19.06,18.88,18.98,11564391,268424235
2019-10-23,600104.SH,18.98,19.01,18.87,18.93,8475665,196644608
2019-10-24,600104.SH,19.00,19.06,18.88,18.93,9182123,213154346
2019-10-25,600104.SH,18.94,18.97,18.69,18.83,20815190,478194859
2019-10-28,600104.SH,18.83,19.38,18.79,19.33,19618620,460325474
2019-10-29,600104.SH,19.36,19.36,19.19,19.19,9914666,234068707
2019-10-30,600104.SH,19.28,19.28,18.90,19.01,12065531,281059597
2019-10-31,600104.SH,19.03,19.18,18.85,19.18,11313590,264108587
2019-11-01,600104.SH,19.21,19.56,19.07,19.46,18864831,448622703
2019-11-04,600104.SH,19.55,19.64,19.33,19.47,16689563,397891974
2019-11-05,600104.SH,19.53,19.64,19.34,19.41,19215491,459022208
2019-11-06,600104.SH,19.41,19.47,19.22,19.36,10949463,259080337
2019-11-07,600104.SH,19.34,19.67,19.34,19.67,22072142,528264801
2019-11-08,600104.SH,19.68,19.68,19.35,19.38,19386897,464077141
2019-11-11,600104.SH,19.26,19.28,19.04,19.10,11877079,279029196
2019-11-12,600104.SH,19.18,19.22,18.94,19.00,11445829,266889224
2019-11-13,600104.SH,18.97,19.05,18.79,18.83,12093736,280115601
2019-11-14,600104.SH,18.83,18.91,18.75,18.75,13293424,306393520
2019-11-15,600104.SH,18.79,19.17,18.62,18.91,30395571,701134887
2019-11-18,600104.SH,18.79,18.80,18.47,18.62,20252369,461167584
2019-11-19,600104.SH,18.62,18.66,18.53,18.62,16889398,384549016
2019-11-20,600104.SH,18.62,18.75,18.57,18.58,11868605,271113163
2019-11-21,600104.SH,18.58,18.61,18.37,18.41,15739075,355239587
2019-11-22,600104.SH,18.44,18.60,18.35,18.36,14904148,336821867
2019-11-25,600104.SH,18.37,18.93,18.36,18.85,26168568,599417873
2019-11-26,600104.SH,18.93,19.14,18.93,19.12,29891531,698437958
2019-11-27,600104.SH,19.11,19.15,18.94,19.06,16159685,377319403
2019-11-28,600104.SH,19.03,19.12,18.70,18.80,11792561,271980003
2019-11-29,600104.SH,18.81,19.19,18.80,18.97,18284703,426389917
2019-12-02,600104.SH,18.99,19.09,18.85,18.92,10964699,254270055
2019-12-03,600104.SH,18.97,18.98,18.78,18.94,11602310,268980969
2019-12-04,600104.SH,18.82,18.93,18.50,18.57,18013004,411012161
2019-12-05,600104.SH,18.66,18.67,18.51,18.61,14039412,319839227
2019-12-06,600104.SH,18.63,18.80,18.50,18.57,19222477,438038417
2019-12-09,600104.SH,18.57,18.61,18.42,18.51,17225132,390190992
2019-12-10,600104.SH,18.47,18.92,18.44,18.90,23230227,532286957
2019-12-11,600104.SH,18.93,19.22,18.75,19.11,27326990,636955035
2019-12-12,600104.SH,19.18,19.26,19.03,19.19,20018252,470783938
2019-12-13,600104.SH,19.36,19.43,19.26,19.34,29581803,701424640
2019-12-16,600104.SH,19.35,19.45,19.29,19.44,18470905,438808994
2019-12-17,600104.SH,19.49,19.55,19.34,19.50,22785442,543898433
2019-12-18,600104.SH,19.46,19.57,19.37,19.49,21427091,511263384
2019-12-19,600104.SH,19.41,19.62,19.41,19.48,17517631,418529372
2019-12-20,600104.SH,19.48,19.81,19.46,19.57,21018412,505722564
2019-12-23,600104.SH,19.67,19.76,19.33,19.34,22673089,541663467
2019-12-24,600104.SH,19.34,19.50,19.15,19.28,12068287,285274589
2019-12-25,600104.SH,19.41,19.44,19.17,19.28,12197648,287846416
2019-12-26,600104.SH,19.21,19.35,19.21,19.31,11201729,264451163
2019-12-27,600104.SH,19.23,19.66,19.23,19.49,17970947,429882664
2019-12-30,600104.SH,19.52,19.63,19.36,19.46,26651020,635817969
2019-12-31,600104.SH,19.41,19.57,19.36,19.46,20938183,499288055
2020-01-02,600104.SH,19.59,20.00,19.56,19.72,37373749,908138836
2020-01-03,600104.SH,19.77,19.87,19.64,19.67,20009024,483696935
2020-01-06,600104.SH,19.63,19.63,19.02,19.06,52456394,1235861323
2020-01-07,600104.SH,19.12,19.20,19.05,19.20,18661078,437713475
2020-01-08,600104.SH,19.17,19.59,19.01,19.50,30614378,723425993
2020-01-09,600104.SH,19.59,20.48,19.50,20.36,54666732,1346215615
2020-01-10,600104.SH,20.35,20.52,20.22,20.44,25641817,640551457
2020-01-13,600104.SH,20.57,20.72,20.26,20.65,24056031,606341080
2020-01-14,600104.SH,20.44,20.70,20.12,20.38,34787257,868770351
2020-01-15,600104.SH,20.22,20.35,19.95,20.04,19075745,469505055
2020-01-16,600104.SH,20.24,20.54,20.08,20.24,18671233,464838456
2020-01-17,600104.SH,20.43,20.54,20.11,20.19,16842878,418796517
2020-01-20,600104.SH,20.12,20.19,19.62,19.71,28635719,694920052
2020-01-21,600104.SH,19.64,19.64,18.81,18.85,42029629,983474682
2020-01-22,600104.SH,18.79,19.05,18.73,18.94,22739918,527259383
2020-01-23,600104.SH,18.85,18.85,18.36,18.45,24893614,566075416
2020-02-03,600104.SH,16.65,17.51,16.61,16.73,51347241,1061826611
2020-02-04,600104.SH,16.88,17.14,16.59,16.65,47281024,972245457
2020-02-05,600104.SH,16.74,17.11,16.66,17.05,40502814,839131322
2020-02-06,600104.SH,17.10,17.28,16.81,17.15,29328782,612449565
2020-02-07,600104.SH,17.15,17.38,16.92,17.34,27022328,565735375
2020-02-10,600104.SH,17.14,17.61,17.11,17.46,26828873,572839502
2020-02-11,600104.SH,17.63,17.68,17.37,17.41,22062525,473508715
2020-02-12,600104.SH,17.41,17.67,17.28,17.67,19535422,419442714
2020-02-13,600104.SH,17.59,17.87,17.51,17.59,19297073,417275768
2020-02-14,600104.SH,17.59,17.77,17.39,17.54,16721894,359807269
2020-02-17,600104.SH,17.58,18.80,17.56,18.56,47188318,1062163456
2020-02-18,600104.SH,18.52,18.52,18.27,18.43,24709417,556644944
2020-02-19,600104.SH,18.38,18.91,18.37,18.57,31059043,712715950
2020-02-20,600104.SH,18.69,18.85,18.51,18.77,21201672,486957804
2020-02-21,600104.SH,18.95,19.49,18.93,19.46,34526170,818442696
2020-02-24,600104.SH,19.26,19.85,19.26,19.34,27932206,670025680
2020-02-25,600104.SH,19.18,19.49,18.79,19.33,25137632,589682445
2020-02-26,600104.SH,19.12,19.43,18.81,19.19,25750072,604446204
2020-02-27,600104.SH,19.20,19.56,18.92,19.06,24048411,565715636
2020-02-28,600104.SH,18.77,18.93,18.13,18.13,29787871,672529339
2020-03-02,600104.SH,18.22,19.28,18.18,18.93,33383434,774542553
2020-03-03,600104.SH,19.19,19.44,18.88,19.18,21515229,504034182
2020-03-04,600104.SH,18.95,19.42,18.95,19.33,22876409,540312082
2020-03-05,600104.SH,19.46,19.59,19.09,19.27,22538961,531717326
2020-03-06,600104.SH,19.10,19.15,18.65,18.70,18895274,435432877
2020-03-09,600104.SH,18.38,18.40,18.10,18.17,29670412,661871697
2020-03-10,600104.SH,17.99,19.14,17.99,19.01,28637687,656636228
2020-03-11,600104.SH,19.11,19.36,18.66,18.69,29577826,688581241
2020-03-12,600104.SH,18.59,18.63,18.20,18.50,18803329,422872696
2020-03-13,600104.SH,17.99,18.35,17.51,18.08,23182172,506760468
2020-03-16,600104.SH,18.15,18.16,16.83,17.02,37560583,799857105
2020-03-17,600104.SH,17.10,17.32,16.57,16.90,21076425,436396105
2020-03-18,600104.SH,16.91,17.11,16.32,16.40,31785276,649474098
2020-03-19,600104.SH,16.26,16.40,15.18,15.52,46588962,890853999
2020-03-20,600104.SH,15.60,15.71,15.32,15.55,33720886,640157025
2020-03-23,600104.SH,14.77,15.02,14.25,14.44,51899054,921772561
2020-03-24,600104.SH,14.64,15.60,14.55,15.51,37730583,696108763
2020-03-25,600104.SH,16.08,17.02,16.08,16.75,54205173,1106018091
2020-03-26,600104.SH,16.47,16.69,16.22,16.40,24049734,483681452
2020-03-27,600104.SH,16.57,17.03,16.57,16.75,28020115,577361259
2020-03-30,600104.SH,16.56,17.31,16.49,17.20,31665038,659180279
2020-03-31,600104.SH,17.24,17.42,16.68,16.73,20349562,422813750
2020-04-01,600104.SH,16.77,17.15,16.00,16.09,35385050,713335085
2020-04-02,600104.SH,16.00,16.05,15.64,15.87,23897291,462102450
2020-04-03,600104.SH,15.91,15.96,15.61,15.78,18167083,350183536
2020-04-07,600104.SH,16.22,16.24,15.70,15.85,27926631,542908907
2020-04-08,600104.SH,15.75,15.78,15.61,15.74,21429772,411964386
2020-04-09,600104.SH,15.77,15.94,15.66,15.89,20033028,387661394
2020-04-10,600104.SH,15.95,15.96,15.34,15.44,27812763,531360358
2020-04-13,600104.SH,15.20,15.41,15.06,15.24,17480660,325626467
2020-04-14,600104.SH,15.42,15.47,15.15,15.46,23939378,449928462
2020-04-15,600104.SH,15.47,15.50,15.11,15.17,22063014,412971486
2020-04-16,600104.SH,15.11,15.48,15.02,15.48,23402497,439316732
2020-04-17,600104.SH,15.57,15.72,15.42,15.51,23875891,454958161
2020-04-20,600104.SH,15.51,15.53,15.24,15.34,20386435,382663623
2020-04-21,600104.SH,15.42,15.42,15.09,15.19,21200551,394154761
2020-04-22,600104.SH,15.10,15.15,15.00,15.14,16058585,296565200
2020-04-23,600104.SH,15.22,15.22,14.99,14.99,16195126,299215657
2020-04-24,600104.SH,15.04,15.12,14.86,14.90,19015755,348148685
2020-04-27,600104.SH,14.90,14.97,14.67,14.68,18391868,333099401
2020-04-28,600104.SH,14.73,14.73,14.36,14.58,17100708,305105381
2020-04-29,600104.SH,14.55,14.77,14.44,14.76,15775632,282933741
2020-04-30,600104.SH,15.05,15.46,15.02,15.42,32174798,603562972
2020-05-06,600104.SH,15.27,16.13,15.26,16.01,40244421,786245691
2020-05-07,600104.SH,16.04,16.08,15.82,16.04,21187351,414026832
2020-05-08,600104.SH,16.04,16.65,16.04,16.56,29853632,600786011
2020-05-11,600104.SH,16.63,17.03,16.24,16.40,31340811,637999978
2020-05-12,600104.SH,16.49,16.50,16.04,16.15,19530993,387118132
2020-05-13,600104.SH,16.14,16.15,15.85,15.93,15489582,302877767
2020-05-14,600104.SH,15.90,15.90,15.42,15.46,24411908,464768363
2020-05-15,600104.SH,15.57,15.64,15.11,15.18,28214813,527888231
2020-05-18,600104.SH,15.19,15.32,14.94,15.08,24312994,450448495
2020-05-19,600104.SH,15.26,15.36,15.10,15.27,20522170,382977231
2020-05-20,600104.SH,15.26,15.40,15.04,15.19,25417150,472962433
2020-05-21,600104.SH,15.30,15.30,15.06,15.11,17527132,325485711
2020-05-22,600104.SH,15.04,15.11,14.77,14.98,20926364,383186924
2020-05-25,600104.SH,15.10,15.38,14.90,15.30,21750624,405722688
2020-05-26,600104.SH,15.33,15.43,15.18,15.33,18225210,341351043
2020-05-27,600104.SH,15.27,15.31,14.85,14.88,30590646,560146895
2020-05-28,600104.SH,14.87,15.01,14.70,14.84,21992801,399957332
2020-05-29,600104.SH,14.78,14.83,14.58,14.62,28133576,505374313
2020-06-01,600104.SH,14.68,15.04,14.62,14.93,48262661,874742676
2020-06-02,600104.SH,14.87,14.98,14.79,14.88,37108741,676229908
2020-06-03,600104.SH,15.03,15.46,14.94,15.46,57218336,1070126087
2020-06-04,600104.SH,15.64,15.67,14.82,14.88,85921758,1581566344
2020-06-05,600104.SH,14.81,14.89,14.77,14.88,27024959,490722023
2020-06-08,600104.SH,14.98,15.01,14.83,14.93,37090716,677690211
2020-06-09,600104.SH,14.90,15.04,14.86,14.93,35576308,651301160
2020-06-10,600104.SH,14.93,14.93,14.73,14.78,35437984,643145966
2020-06-11,600104.SH,14.74,14.95,14.69,14.73,37781923,685137778
2020-06-12,600104.SH,14.54,14.68,14.48,14.68,58093793,1035663455
2020-06-15,600104.SH,14.54,14.61,14.45,14.46,28333961,504052660
2020-06-16,600104.SH,14.59,14.61,14.45,14.53,26979196,479603543
2020-06-17,600104.SH,14.53,14.62,14.43,14.58,25572777,455161296
2020-06-18,600104.SH,14.55,14.61,14.49,14.56,27336719,487017134
2020-06-19,600104.SH,14.64,14.89,14.62,14.89,49714763,898684963
2020-06-22,600104.SH,14.81,14.87,14.71,14.79,28442628,514611354
2020-06-23,600104.SH,14.75,14.77,14.61,14.67,26327334,472962540
2020-06-24,600104.SH,14.68,14.91,14.67,14.84,32072884,581923891
2020-06-29,600104.SH,14.81,14.81,14.63,14.67,29901238,538879455
2020-06-30,600104.SH,14.72,14.74,14.53,14.58,39464217,671640289
2020-07-01,600104.SH,14.57,14.82,14.50,14.80,33048421,563966850
2020-07-02,600104.SH,14.79,15.40,14.72,15.33,74917108,1322048110
2020-07-03,600104.SH,15.57,16.06,15.46,16.00,87026473,1597440535
2020-07-06,600104.SH,16.68,17.03,16.21,16.96,104323128,2024976364
2020-07-07,600104.SH,17.20,17.54,16.46,16.48,107258337,2114653535
2020-07-08,600104.SH,16.47,16.60,16.17,16.46,70962910,1353069016
2020-07-09,600104.SH,16.50,16.85,16.44,16.58,68125007,1317919300
2020-07-10,600104.SH,16.48,16.57,16.20,16.24,58784806,1119997674
2020-07-13,600104.SH,16.23,16.65,16.20,16.51,58787382,1125818136
2020-07-14,600104.SH,16.51,18.16,16.04,17.30,108042657,2130109660
2020-07-15,600104.SH,16.93,17.15,16.46,16.48,70828895,1387411145
2020-07-16,600104.SH,16.48,16.78,15.85,15.87,56625969,1075287494
2020-07-17,600104.SH,15.79,16.09,15.72,15.93,34114755,630857662
2020-07-20,600104.SH,15.94,16.44,15.81,16.37,41951407,792518149
2020-07-21,600104.SH,16.44,16.54,16.20,16.24,30022368,570275463
2020-07-22,600104.SH,16.39,16.54,16.22,16.25,36780096,701675467
2020-07-23,600104.SH,16.24,16.42,15.75,15.95,51507383,960344050
2020-07-24,600104.SH,15.95,16.08,15.37,15.41,62155376,1135835034
2020-07-27,600104.SH,15.51,15.66,15.28,15.51,30021937,541413060
2020-07-28,600104.SH,15.58,15.72,15.43,15.45,24842822,449843738
2020-07-29,600104.SH,15.43,15.78,15.26,15.75,36328088,660306111
2020-07-30,600104.SH,15.75,16.06,15.53,15.55,44076409,809655980
2020-07-31,600104.SH,15.51,15.78,15.45,15.60,36154843,657636411
2020-08-03,600104.SH,15.67,15.87,15.67,15.77,45982046,843208927
2020-08-04,600104.SH,15.81,15.87,15.66,15.79,36599668,672126748
2020-08-05,600104.SH,15.79,15.79,15.53,15.61,36242004,659901254
2020-08-06,600104.SH,15.67,15.75,15.46,15.68,38068957,693499036
2020-08-07,600104.SH,15.62,15.77,15.46,15.53,32962352,598095817
2020-08-10,600104.SH,15.54,15.75,15.45,15.70,34509390,629083218
2020-08-11,600104.SH,15.72,16.05,15.69,15.74,53960330,998536448
2020-08-12,600104.SH,15.73,15.88,15.47,15.72,42439281,774043210
2020-08-13,600104.SH,15.73,15.86,15.67,15.77,27787859,510562937
2020-08-14,600104.SH,15.81,15.84,15.64,15.83,22855124,419798549
2020-08-17,600104.SH,15.85,16.30,15.81,16.19,58031778,1090635474
2020-08-18,600104.SH,16.21,16.30,15.99,16.11,35777857,672219036
2020-08-19,600104.SH,16.10,16.10,15.79,15.80,31031590,575605979
2020-08-20,600104.SH,15.75,15.75,15.56,15.58,29985365,545548289
2020-08-21,600104.SH,15.66,15.77,15.60,15.68,23556374,429983629
2020-08-24,600104.SH,15.77,16.17,15.74,15.99,46283862,863407694
2020-08-25,600104.SH,16.03,16.20,15.91,16.04,33559818,627624522
2020-08-26,600104.SH,15.96,15.96,15.62,15.70,34820716,638725899
2020-08-27,600104.SH,15.87,16.48,15.87,16.48,109019405,2071375761
2020-08-28,600104.SH,16.69,16.80,15.99,16.25,99448399,1880933277
2020-08-31,600104.SH,16.22,16.47,16.01,16.01,56361981,1061442929
2020-09-01,600104.SH,15.95,16.33,15.89,16.32,56948499,1073707831
2020-09-02,600104.SH,16.32,16.41,16.14,16.23,39140566,741441730
2020-09-03,600104.SH,16.30,16.78,16.24,16.48,65571165,1263648003
2020-09-04,600104.SH,16.22,16.65,16.05,16.53,57038587,1084969135
2020-09-07,600104.SH,16.54,16.95,16.53,16.65,76290626,1490823358
2020-09-08,600104.SH,16.77,17.26,16.60,17.20,78101798,1553384324
2020-09-09,600104.SH,16.99,17.14,16.41,16.48,80284167,1564852964
2020-09-10,600104.SH,16.62,16.70,16.30,16.42,52361170,1006295840
2020-09-11,600104.SH,16.44,16.51,16.13,16.30,41623346,790128540
2020-09-14,600104.SH,16.39,16.68,16.30,16.67,36839291,706765310
2020-09-15,600104.SH,16.67,16.99,16.53,16.88,47704603,935869379
2020-09-16,600104.SH,16.82,17.35,16.72,17.07,62534154,1246202292
2020-09-17,600104.SH,17.24,17.65,17.02,17.44,82518754,1673371013
2020-09-18,600104.SH,17.29,17.46,17.05,17.38,54102223,1087752832
2020-09-21,600104.SH,17.42,17.68,17.21,17.27,42239111,857916607
2020-09-22,600104.SH,17.13,17.29,16.88,16.94,40103311,797960717
2020-09-23,600104.SH,17.00,17.21,16.90,17.02,22005879,437077004
2020-09-24,600104.SH,16.90,16.90,16.46,16.56,39223431,760322580
2020-09-25,600104.SH,16.60,16.70,16.40,16.48,19502981,375587486
2020-09-28,600104.SH,16.53,16.68,16.45,16.55,20654492,398393932
2020-09-29,600104.SH,16.62,16.66,16.37,16.42,20744346,398441792
2020-09-30,600104.SH,16.49,16.59,16.31,16.42,30375686,581877292
2020-10-09,600104.SH,16.64,17.18,16.60,16.99,52270910,1033801581
2020-10-12,600104.SH,17.08,17.33,17.07,17.25,41573490,833837080
2020-10-13,600104.SH,17.25,17.89,17.08,17.74,55202488,1120837233
2020-10-14,600104.SH,17.62,17.66,17.32,17.59,49653088,1011900307
2020-10-15,600104.SH,17.70,17.98,17.55,17.56,42179393,873821224
2020-10-16,600104.SH,17.67,17.73,17.36,17.67,36416763,744726242
2020-10-19,600104.SH,17.69,17.87,17.34,17.58,29955577,613457247
2020-10-20,600104.SH,17.44,18.17,17.42,18.11,60550531,1264911904
2020-10-21,600104.SH,18.00,18.53,17.89,18.47,60974391,1296884950
2020-10-22,600104.SH,18.28,18.41,17.89,18.14,43123395,910477611
2020-10-23,600104.SH,18.17,18.62,18.04,18.23,38695100,826442118
2020-10-26,600104.SH,18.23,18.46,17.93,18.16,33046876,701440055
2020-10-27,600104.SH,18.07,18.43,18.03,18.10,30177073,639792223
2020-10-28,600104.SH,18.17,18.81,18.12,18.64,52120993,1123142463
2020-10-29,600104.SH,18.38,19.92,18.33,19.48,95710172,2155969904
2020-10-30,600104.SH,19.61,20.61,19.48,19.86,106692127,2490603747
2020-11-02,600104.SH,20.15,21.18,19.78,20.68,109628001,2643793513
2020-11-03,600104.SH,20.94,21.01,19.91,20.43,80940743,1922604911
2020-11-04,600104.SH,20.59,21.86,20.43,21.80,90260331,2250283675
2020-11-05,600104.SH,22.12,23.63,21.97,23.60,119057338,3177330630
2020-11-06,600104.SH,23.61,24.71,22.58,23.79,136629999,3766867964
2020-11-09,600104.SH,23.43,24.60,22.75,24.37,117535030,3237233668
2020-11-10,600104.SH,24.03,24.03,22.54,22.95,107555072,2897972783
2020-11-11,600104.SH,22.88,23.25,22.33,22.52,90072682,2383943615
2020-11-12,600104.SH,22.71,23.01,22.40,22.67,67391615,1779782344
2020-11-13,600104.SH,23.04,23.11,22.13,22.47,64990714,1708373665
2020-11-16,600104.SH,22.39,22.44,21.72,22.22,72314702,1864478211
2020-11-17,600104.SH,22.38,23.06,22.16,22.36,94372223,2483826071
2020-11-18,600104.SH,22.01,22.25,21.68,22.01,72301505,1851937256
2020-11-19,600104.SH,22.40,22.61,21.88,22.32,51802861,1342575413
2020-11-20,600104.SH,22.44,23.44,22.40,23.27,105720352,2843834555
2020-11-23,600104.SH,23.27,23.31,22.68,23.04,71543989,1915817780
2020-11-24,600104.SH,23.43,23.56,22.33,22.35,71467680,1902996098
2020-11-25,600104.SH,22.47,23.34,22.36,22.46,73589756,1957130353
2020-11-26,600104.SH,22.24,22.24,21.22,21.41,83828321,2099689705
2020-11-27,600104.SH,22.31,23.55,22.16,23.24,185211861,5006461504
2020-11-30,600104.SH,23.17,23.40,22.68,22.75,118956864,3197548515
2020-12-01,600104.SH,22.39,22.99,21.81,22.74,90242896,2354968518
2020-12-02,600104.SH,22.57,22.58,21.95,22.06,70123983,1809640303
2020-12-03,600104.SH,22.27,22.34,21.84,21.98,44347986,1141550179
2020-12-04,600104.SH,21.84,22.02,21.47,21.66,48426951,1223062790
2020-12-07,600104.SH,21.22,21.23,20.51,20.89,73205670,1778533562
2020-12-08,600104.SH,21.01,21.24,20.74,20.90,51545014,1261323191
2020-12-09,600104.SH,20.90,21.19,20.30,20.32,61652667,1489451344
2020-12-10,600104.SH,20.31,20.47,19.96,20.39,44004806,1038855564
2020-12-11,600104.SH,20.53,20.73,19.90,20.42,58260702,1377967621
2020-12-14,600104.SH,20.39,21.16,19.92,20.91,82228606,1981100217
2020-12-15,600104.SH,21.01,21.24,20.65,20.85,59615168,1451161109
2020-12-16,600104.SH,21.01,21.01,20.44,20.45,43408523,1042546159
2020-12-17,600104.SH,20.46,20.95,20.31,20.90,45915961,1110755562
2020-12-18,600104.SH,20.88,21.49,20.77,21.17,67186611,1663141432
2020-12-21,600104.SH,21.19,21.37,20.48,21.25,91757156,2235554363
2020-12-22,600104.SH,20.92,20.92,19.91,19.93,101207985,2409101614
2020-12-23,600104.SH,19.93,21.15,19.82,20.89,100738755,2415073234
2020-12-24,600104.SH,21.04,21.06,20.43,20.53,38619692,927855549
2020-12-25,600104.SH,20.44,20.66,20.02,20.08,47526612,1124362356
2020-12-28,600104.SH,20.19,22.09,20.07,22.09,142811960,3586060740
2020-12-29,600104.SH,22.34,22.52,20.42,20.44,152302220,3794832213
2020-12-30,600104.SH,20.47,21.39,20.29,20.95,93730875,2285920779
2020-12-31,600104.SH,21.05,21.35,20.68,20.97,81460429,1988926526
2021-01-04,600104.SH,20.59,20.59,20.07,20.21,118844998,2808084237
2021-01-05,600104.SH,20.31,20.40,19.31,19.49,113611935,2596909491
2021-01-06,600104.SH,19.61,19.98,19.45,19.71,64718817,1482836750
2021-01-07,600104.SH,19.78,19.97,19.49,19.93,67740364,1561964390
2021-01-08,600104.SH,20.31,21.92,20.17,21.92,184646960,4578791891
2021-01-11,600104.SH,22.31,23.31,21.97,22.68,162986345,4308240566
2021-01-12,600104.SH,22.05,22.65,21.56,22.45,111877009,2879289793
2021-01-13,600104.SH,22.91,23.44,21.40,21.50,141103246,3666763491
2021-01-14,600104.SH,21.50,22.52,21.25,21.56,114149692,2904780919
2021-01-15,600104.SH,21.71,22.28,21.02,22.05,115162890,2911954553
2021-01-18,600104.SH,21.84,21.84,21.19,21.25,98930465,2460139844
2021-01-19,600104.SH,21.07,21.13,20.02,20.33,117022660,2784578162
2021-01-20,600104.SH,20.35,20.59,19.99,20.12,71431407,1687406334
2021-01-21,600104.SH,20.14,20.45,19.85,20.36,84090660,1974813165
2021-01-22,600104.SH,20.17,20.39,19.86,20.23,62527441,1464317825
2021-01-25,600104.SH,20.02,20.06,19.42,19.78,76424354,1753461977
2021-01-26,600104.SH,19.75,19.88,19.44,19.48,41914225,957188001
2021-01-27,600104.SH,19.68,20.15,19.51,20.05,60575521,1400943581
2021-01-28,600104.SH,19.74,19.92,19.39,19.48,54539191,1246948350
2021-01-29,600104.SH,19.57,19.68,18.62,18.83,62787718,1396407868
2021-02-01,600104.SH,18.65,18.74,18.32,18.60,50382448,1086784770
2021-02-02,600104.SH,18.81,19.44,18.77,19.44,59769281,1339224704
2021-02-03,600104.SH,19.23,19.28,18.79,19.01,48225915,1068885843
2021-02-04,600104.SH,18.88,18.90,18.39,18.59,44729181,969620784
2021-02-05,600104.SH,18.59,18.86,18.45,18.51,28602053,620548379
2021-02-08,600104.SH,18.71,18.83,18.38,18.64,32285817,699131133
2021-02-09,600104.SH,18.28,18.47,17.75,18.25,77472752,1631682421
2021-02-10,600104.SH,18.33,19.03,18.25,18.82,59655916,1295602021
2021-02-18,600104.SH,19.05,19.08,18.71,18.87,53307896,1173313077
2021-02-19,600104.SH,18.86,19.18,18.65,19.14,45167288,998336316
2021-02-22,600104.SH,19.19,19.71,18.73,19.14,75593333,1688565343
2021-02-23,600104.SH,18.94,19.05,18.60,18.77,45230431,992780016
2021-02-24,600104.SH,18.77,18.96,18.20,18.29,52491218,1135045688
2021-02-25,600104.SH,18.52,18.58,18.20,18.58,39634125,850202112
2021-02-26,600104.SH,18.26,18.54,18.19,18.23,40686739,869165836
2021-03-01,600104.SH,18.27,18.35,18.06,18.21,29325396,621621967
2021-03-02,600104.SH,18.23,18.28,17.83,17.93,43026435,901774329
2021-03-03,600104.SH,17.82,18.26,17.81,18.17,36946716,779626341
2021-03-04,600104.SH,18.02,18.09,17.77,17.78,36025855,750203683
2021-03-05,600104.SH,17.66,18.02,17.52,17.88,39333541,817610894
2021-03-08,600104.SH,18.01,18.13,17.52,17.55,38201115,792907644
2021-03-09,600104.SH,17.58,17.92,16.93,17.56,45293756,923086068
2021-03-10,600104.SH,17.68,17.83,17.14,17.14,38152779,772660723
2021-03-11,600104.SH,17.08,17.32,16.93,17.22,34637155,691723111
2021-03-12,600104.SH,17.28,17.48,16.98,17.45,39595639,794100379
2021-03-15,600104.SH,17.35,17.44,17.13,17.23,23362219,469979801
2021-03-16,600104.SH,17.18,17.54,17.16,17.43,30928143,627756975
2021-03-17,600104.SH,17.44,17.75,17.35,17.61,26388026,541011222
2021-03-18,600104.SH,17.75,17.92,17.49,17.52,27372124,562673514
2021-03-19,600104.SH,17.43,17.43,17.17,17.20,24983313,502371492
2021-03-22,600104.SH,17.20,17.64,17.14,17.60,23223817,470929638
2021-03-23,600104.SH,17.67,17.67,17.29,17.46,21257859,431992133
2021-03-24,600104.SH,17.35,17.59,17.31,17.32,18643560,377976793
2021-03-25,600104.SH,17.32,17.33,17.07,17.12,26909550,537524347
2021-03-26,600104.SH,17.14,17.41,17.08,17.25,32063819,644876921
2021-03-29,600104.SH,17.18,17.21,16.93,17.06,28138345,558569950
2021-03-30,600104.SH,17.07,17.09,16.93,16.98,22053988,436460423
2021-03-31,600104.SH,17.02,17.08,16.84,16.88,25442362,501899618
2021-04-01,600104.SH,16.90,17.05,16.90,16.99,17954268,355230065
2021-04-02,600104.SH,17.03,17.13,16.96,17.08,22768416,452522923
2021-04-06,600104.SH,17.16,17.25,17.08,17.22,20664356,413490212
2021-04-07,600104.SH,17.16,17.26,17.02,17.26,24944492,498050775
2021-04-08,600104.SH,17.24,17.57,17.10,17.44,34428278,698421288
2021-04-09,600104.SH,17.42,17.42,17.17,17.19,26753208,536833988
2021-04-12,600104.SH,17.29,17.36,17.13,17.19,21507915,432085284
2021-04-13,600104.SH,17.20,17.26,16.99,17.02,18303021,363743324
2021-04-14,600104.SH,17.02,17.20,17.02,17.12,14735154,293992725
2021-04-15,600104.SH,17.08,17.15,16.84,16.97,19017098,375062927
2021-04-16,600104.SH,16.97,17.64,16.95,17.57,55891050,1134089202
2021-04-19,600104.SH,17.83,18.43,17.49,18.32,85089445,1793332907
2021-04-20,600104.SH,18.23,18.23,17.63,17.64,54580472,1132286430
2021-04-21,600104.SH,17.45,17.47,17.20,17.23,38473265,774216772
2021-04-22,600104.SH,17.23,17.30,17.13,17.25,21573197,432656279
2021-04-23,600104.SH,17.16,17.25,17.04,17.11,24279204,484730240
2021-04-26,600104.SH,17.11,17.15,16.95,17.02,25226302,500289896
2021-04-27,600104.SH,16.96,17.01,16.80,16.81,22098760,434204762
2021-04-28,600104.SH,16.82,16.84,16.60,16.67,25278986,490724138
2021-04-29,600104.SH,16.69,16.99,16.62,16.95,22225171,436641291
2021-04-30,600104.SH,17.20,17.53,17.12,17.21,41025740,826650599
2021-05-06,600104.SH,17.21,17.60,17.16,17.39,38502287,782063930
2021-05-07,600104.SH,17.42,17.48,17.09,17.11,25103759,503622510
2021-05-10,600104.SH,17.15,17.57,17.06,17.40,32519300,657156854
2021-05-11,600104.SH,17.26,17.45,17.01,17.25,29979851,601917631
2021-05-12,600104.SH,17.16,17.81,17.12,17.71,53520138,1098964142
2021-05-13,600104.SH,17.51,17.58,17.21,17.27,34458861,696074323
2021-05-14,600104.SH,17.27,17.53,17.14,17.48,34867957,705541999
2021-05-17,600104.SH,17.48,17.82,17.32,17.66,41186736,846376544
2021-05-18,600104.SH,17.62,17.78,17.39,17.51,27407346,559358438
2021-05-19,600104.SH,17.45,17.95,17.33,17.74,49998288,1032049885
2021-05-20,600104.SH,17.65,17.73,17.42,17.54,35444314,724395121
2021-05-21,600104.SH,17.59,17.66,17.28,17.32,33732368,683829986
2021-05-24,600104.SH,17.32,17.32,17.12,17.14,27508384,549874808
2021-05-25,600104.SH,17.16,17.38,17.07,17.36,33981016,683247149
2021-05-26,600104.SH,17.35,17.72,17.32,17.44,32585078,665685179
2021-05-27,600104.SH,17.36,17.59,17.31,17.42,27811156,565529691
2021-05-28,600104.SH,17.53,17.71,17.42,17.49,35564762,727629059
2021-05-31,600104.SH,17.50,17.52,17.23,17.40,27657098,558882896
2021-06-01,600104.SH,17.39,17.47,17.22,17.45,28449003,575346487
2021-06-02,600104.SH,17.46,17.61,17.35,17.51,35523841,723668918
2021-06-03,600104.SH,17.44,17.60,17.28,17.36,34944594,709280285
2021-06-04,600104.SH,17.32,17.44,17.21,17.27,27308343,550122680
2021-06-07,600104.SH,17.25,17.29,17.14,17.21,21845851,437450291
2021-06-08,600104.SH,17.18,17.36,17.14,17.26,21294306,427981708
2021-06-09,600104.SH,17.25,17.34,17.16,17.18,20697719,415453239
2021-06-10,600104.SH,17.16,17.29,17.12,17.12,32886834,659012187
2021-06-11,600104.SH,17.12,17.15,16.84,17.08,39595021,783194066
2021-06-15,600104.SH,17.25,18.29,17.25,18.11,136187587,2826843550
2021-06-16,600104.SH,17.87,17.95,17.52,17.57,66662730,1373399410
2021-06-17,600104.SH,17.52,17.74,17.24,17.39,47220200,959138617
2021-06-18,600104.SH,17.35,18.88,17.27,18.62,139310697,2998689500
2021-06-21,600104.SH,18.53,18.53,18.05,18.24,76695657,1631179581
2021-06-22,600104.SH,18.31,19.35,18.11,18.96,109057328,2405637190
2021-06-23,600104.SH,18.97,19.34,18.73,18.92,81505616,1809949763
2021-06-24,600104.SH,19.02,19.35,18.66,18.87,61206621,1353754582
2021-06-25,600104.SH,18.92,19.69,18.84,19.37,85730832,1934602005
2021-06-28,600104.SH,19.38,19.88,19.05,19.23,71167568,1604340796
2021-06-29,600104.SH,19.31,19.38,18.53,18.66,62682762,1370039092
2021-06-30,600104.SH,18.68,18.95,18.41,18.85,39418439,858837003
2021-07-01,600104.SH,18.90,18.90,18.35,18.50,40178998,869465869
2021-07-02,600104.SH,18.20,18.45,18.05,18.05,47232229,1000783608
2021-07-05,600104.SH,17.92,18.23,17.81,18.09,35674105,748713954
2021-07-06,600104.SH,17.98,18.11,17.73,18.06,36414543,761172048
2021-07-07,600104.SH,17.93,18.62,17.82,18.41,54662293,1169476336
2021-07-08,600104.SH,18.42,18.53,18.23,18.27,33978045,726134524
2021-07-09,600104.SH,18.17,18.97,18.04,18.82,66814713,1449739596
2021-07-12,600104.SH,18.91,19.09,18.56,18.71,64659652,1417541430
2021-07-13,600104.SH,18.65,18.97,18.54,18.60,41130942,895725286
2021-07-14,600104.SH,18.59,18.59,17.81,17.85,59640571,1249823404
2021-07-15,600104.SH,17.81,17.83,17.34,17.61,39887806,816690262
2021-07-16,600104.SH,17.72,17.88,17.62,17.84,29153621,603567088
2021-07-19,600104.SH,17.59,17.80,17.32,17.72,33430693,683461048
2021-07-20,600104.SH,17.57,17.77,17.38,17.51,25538058,521718984
2021-07-21,600104.SH,17.51,17.85,17.51,17.57,36415547,748932609
2021-07-22,600104.SH,17.61,17.74,17.46,17.49,33539746,686273572
2021-07-23,600104.SH,17.57,17.99,17.51,17.76,42952853,888692874
2021-07-26,600104.SH,17.76,17.76,17.06,17.09,58405043,1172123471
2021-07-27,600104.SH,17.11,17.32,17.00,17.02,33368001,667542198
2021-07-28,600104.SH,16.97,17.16,16.17,16.34,63080432,1213204089
2021-07-29,600104.SH,16.46,16.49,16.22,16.38,44205521,840841054
2021-07-30,600104.SH,16.36,16.56,15.98,16.26,39334185,719220471
2021-08-02,600104.SH,16.26,16.97,16.26,16.76,52942044,993472924
2021-08-03,600104.SH,16.68,16.71,16.40,16.62,42341637,790825088
2021-08-04,600104.SH,16.60,17.08,16.52,16.82,41729143,794102580
2021-08-05,600104.SH,16.82,16.98,16.52,16.89,33571369,636363576
2021-08-06,600104.SH,16.90,17.24,16.75,16.98,36950713,707340163
2021-08-09,600104.SH,16.80,16.97,16.65,16.92,33033248,626305088
2021-08-10,600104.SH,16.95,17.00,16.78,16.95,30289094,577289079
2021-08-11,600104.SH,16.95,17.12,16.87,16.94,29554768,565047842
2021-08-12,600104.SH,16.85,17.72,16.82,17.46,81488050,1594367479
2021-08-13,600104.SH,17.29,17.30,16.95,17.08,41475002,800515101
2021-08-16,600104.SH,16.93,17.19,16.92,16.99,27548853,530086576
2021-08-17,600104.SH,16.98,17.17,16.56,16.58,40895396,776525385
2021-08-18,600104.SH,16.53,16.72,16.43,16.68,28919346,540364998
2021-08-19,600104.SH,16.56,16.84,16.51,16.62,44479112,836865914
2021-08-20,600104.SH,16.52,16.52,16.12,16.29,52673130,965341779
2021-08-23,600104.SH,16.29,16.43,16.20,16.32,26923845,495620722
2021-08-24,600104.SH,16.39,16.59,16.36,16.48,30321070,563901038
2021-08-25,600104.SH,16.54,16.54,16.32,16.45,24611840,456206218
2021-08-26,600104.SH,16.45,16.46,16.27,16.28,26257337,483439691
2021-08-27,600104.SH,16.54,16.99,16.53,16.74,73283227,1388636895
2021-08-30,600104.SH,16.84,17.36,16.54,17.18,78822618,1508905847
2021-08-31,600104.SH,17.11,17.36,16.87,17.13,47849636,919628000
2021-09-01,600104.SH,17.00,17.51,17.00,17.43,65952581,1287928273
2021-09-02,600104.SH,17.43,17.68,17.25,17.61,54257725,1068359046
2021-09-03,600104.SH,17.51,17.68,17.21,17.23,50760930,996333148
2021-09-06,600104.SH,17.29,17.86,17.29,17.68,66139121,1315958098
2021-09-07,600104.SH,18.13,18.97,18.04,18.56,115409660,2413848230
2021-09-08,600104.SH,18.37,18.70,18.30,18.48,59633876,1242453236
2021-09-09,600104.SH,18.56,19.03,18.30,18.58,58023034,1218013394
2021-09-10,600104.SH,19.15,19.32,18.59,18.61,74348496,1582415269
2021-09-13,600104.SH,18.48,18.56,18.08,18.32,57702463,1190561839
2021-09-14,600104.SH,18.42,18.69,18.05,18.11,53754304,1112486674
2021-09-15,600104.SH,18.07,18.15,17.84,17.91,35709925,723303239
2021-09-16,600104.SH,17.94,18.06,17.74,17.74,38957420,785058663
2021-09-17,600104.SH,17.82,17.92,17.66,17.83,28265073,566673285
2021-09-22,600104.SH,17.62,17.77,17.46,17.68,25915205,514731219
2021-09-23,600104.SH,17.68,17.97,17.68,17.75,30195752,605701230
2021-09-24,600104.SH,17.75,17.82,17.42,17.44,30864315,613744502
2021-09-27,600104.SH,17.52,17.68,17.20,17.49,35815683,703753454
2021-09-28,600104.SH,17.46,17.50,17.25,17.31,24064305,471209044
2021-09-29,600104.SH,17.20,17.21,16.87,17.02,36153149,693032904
2021-09-30,600104.SH,17.02,17.17,16.87,16.91,26037162,498332957
2021-10-08,600104.SH,17.02,17.38,17.02,17.33,29928655,581280878
2021-10-11,600104.SH,17.29,17.64,17.21,17.52,27787631,548302461
2021-10-12,600104.SH,17.51,17.68,17.21,17.33,28588159,562877991
2021-10-13,600104.SH,17.30,17.95,17.23,17.95,56374722,1125166676
2021-10-14,600104.SH,17.99,18.24,17.84,18.22,51403591,1049073277
2021-10-15,600104.SH,18.13,18.53,18.09,18.46,50987826,1056252574
2021-10-18,600104.SH,18.37,18.78,18.23,18.62,53739439,1129099371
2021-10-19,600104.SH,18.53,18.87,18.49,18.58,46253589,973135007
2021-10-20,600104.SH,18.55,18.85,18.50,18.60,44440990,935892777
2021-10-21,600104.SH,18.59,18.77,18.44,18.60,41805237,876639892
2021-10-22,600104.SH,18.68,18.79,18.50,18.58,34754978,730010039
2021-10-25,600104.SH,18.49,18.74,18.17,18.59,42446432,886364454
2021-10-26,600104.SH,18.85,18.91,18.25,18.38,45700159,954780618
2021-10-27,600104.SH,18.30,18.49,17.95,18.07,41806407,854383465
2021-10-28,600104.SH,18.01,18.07,17.52,17.59,47337836,944933148
2021-10-29,600104.SH,17.70,18.05,17.64,17.98,40930671,825133084
2021-11-01,600104.SH,18.07,18.11,17.61,17.70,39246991,787307229
2021-11-02,600104.SH,17.74,18.38,17.73,17.92,57593099,1171568205
2021-11-03,600104.SH,17.93,18.09,17.75,17.90,28000275,565361808
2021-11-04,600104.SH,18.04,18.44,17.99,18.31,39299825,809522497
2021-11-05,600104.SH,18.38,20.15,18.36,20.15,170185428,3816097945
2021-11-08,600104.SH,20.15,20.79,20.01,20.40,171533545,3943954922
2021-11-09,600104.SH,20.39,20.48,19.60,19.64,93392707,2100255464
2021-11-10,600104.SH,19.50,19.63,18.77,18.99,87072494,1871365858
2021-11-11,600104.SH,18.89,19.19,18.81,18.90,71644051,1534272206
2021-11-12,600104.SH,18.96,19.10,18.71,18.95,62363338,1331309443
2021-11-15,600104.SH,19.02,19.17,18.41,18.74,62184578,1312382810
2021-11-16,600104.SH,18.61,18.76,18.24,18.28,51011319,1064463797
2021-11-17,600104.SH,18.43,18.66,18.31,18.40,55125234,1149514406
2021-11-18,600104.SH,18.30,18.53,18.10,18.30,42309519,873334614
2021-11-19,600104.SH,18.22,18.46,17.99,18.33,51402328,1058161397
2021-11-22,600104.SH,18.35,18.57,18.21,18.51,60975811,1268237558
2021-11-23,600104.SH,18.42,18.69,18.29,18.65,61000818,1273215472
2021-11-24,600104.SH,18.61,18.61,18.17,18.26,54204619,1119457765
2021-11-25,600104.SH,18.17,18.30,18.02,18.22,35102523,718582741
2021-11-26,600104.SH,18.39,18.44,17.87,17.87,48412240,987158715
2021-11-29,600104.SH,17.63,17.84,17.53,17.81,33193327,663159723
2021-11-30,600104.SH,17.96,18.07,17.65,17.68,36874251,741498850
2021-12-01,600104.SH,17.79,17.90,17.68,17.90,27041971,543404267
2021-12-02,600104.SH,17.91,18.29,17.80,18.25,49397552,1009618712
2021-12-03,600104.SH,18.26,18.27,17.83,18.19,43173558,878559998
2021-12-06,600104.SH,18.03,18.20,17.90,17.95,34394427,699059163
2021-12-07,600104.SH,18.02,18.58,17.95,18.49,65949501,1365040096
2021-12-08,600104.SH,18.64,18.69,18.21,18.55,55347706,1149778381
2021-12-09,600104.SH,18.49,19.63,18.41,19.31,109707696,2366151853
2021-12-10,600104.SH,19.10,19.37,19.05,19.35,61872277,1344190157
2021-12-13,600104.SH,19.47,19.55,19.18,19.26,45219707,986725024
2021-12-14,600104.SH,19.08,19.16,18.76,18.85,48662992,1037992648
2021-12-15,600104.SH,18.77,18.92,18.69,18.73,25945167,550204145
2021-12-16,600104.SH,18.79,19.00,18.72,18.89,31420717,668823753
2021-12-17,600104.SH,18.84,18.97,18.56,18.57,32708400,689403178
2021-12-20,600104.SH,18.48,18.66,18.21,18.25,34782913,720623885
2021-12-21,600104.SH,18.23,18.61,18.22,18.50,28285625,589713228
2021-12-22,600104.SH,18.60,18.73,18.22,18.30,34885000,724359848
2021-12-23,600104.SH,18.38,18.49,18.27,18.46,23285311,483537491
2021-12-24,600104.SH,18.46,18.48,18.22,18.25,21158095,436607130
2021-12-27,600104.SH,18.26,18.46,18.24,18.45,19154963,397692117
2021-12-28,600104.SH,18.47,18.62,18.32,18.47,26570963,552626350
2021-12-29,600104.SH,18.46,18.47,18.10,18.25,27501358,565047437
2021-12-30,600104.SH,18.22,18.38,18.16,18.20,21760816,448240033
2021-12-31,600104.SH,18.22,18.35,18.21,18.29,16818578,346762490
2022-01-04,600104.SH,18.42,18.46,18.09,18.34,34116690,701830448
2022-01-05,600104.SH,18.25,18.67,18.23,18.57,50837766,1061879992
2022-01-06,600104.SH,18.44,18.51,18.19,18.27,38639239,796658661
2022-01-07,600104.SH,18.31,18.51,18.27,18.31,34040953,705943636
2022-01-10,600104.SH,18.47,18.48,18.26,18.39,28113453,581957476
2022-01-11,600104.SH,18.35,18.37,17.98,18.00,47246591,968072316
2022-01-12,600104.SH,18.08,18.15,17.81,18.06,47645026,965854229
2022-01-13,600104.SH,18.00,18.19,17.79,17.83,37716077,765815995
2022-01-14,600104.SH,17.75,17.77,17.50,17.57,46785095,929956993
2022-01-17,600104.SH,17.60,17.79,17.58,17.72,31192117,622607900
2022-01-18,600104.SH,17.72,17.92,17.65,17.84,29836236,599538671
2022-01-19,600104.SH,17.81,17.90,17.60,17.76,36670716,733457469
2022-01-20,600104.SH,17.71,17.91,17.66,17.79,31656121,635180448
2022-01-21,600104.SH,17.77,17.79,17.47,17.51,35979256,712210155
2022-01-24,600104.SH,17.37,17.44,17.22,17.30,27195232,531291149
2022-01-25,600104.SH,17.24,17.33,16.87,16.90,36233232,698431615
2022-01-26,600104.SH,16.91,17.09,16.90,16.97,21255318,407258986
2022-01-27,600104.SH,16.90,16.96,16.67,16.69,31912784,604966343
2022-01-28,600104.SH,16.74,16.83,16.49,16.54,30901876,580291432
2022-02-07,600104.SH,16.80,16.94,16.65,16.78,29912157,566712594
2022-02-08,600104.SH,16.84,16.93,16.74,16.93,25018117,475229975
2022-02-09,600104.SH,16.94,17.07,16.90,17.02,31405540,602097707
2022-02-10,600104.SH,17.00,17.01,16.82,16.95,36036152,687539836
2022-02-11,600104.SH,16.93,17.01,16.85,16.91,33766649,645492620
2022-02-14,600104.SH,16.95,16.95,16.57,16.66,35116734,661025809
2022-02-15,600104.SH,16.66,16.71,16.55,16.66,26644614,500161011
2022-02-16,600104.SH,16.73,17.05,16.71,16.82,30424805,578936221
2022-02-17,600104.SH,16.89,16.89,16.63,16.73,24646864,464365542
2022-02-18,600104.SH,16.62,16.79,16.56,16.75,28717502,539456306
2022-02-21,600104.SH,16.66,16.71,16.60,16.69,25402594,477223232
2022-02-22,600104.SH,16.58,16.58,16.28,16.36,47246946,875620513
2022-02-23,600104.SH,16.42,16.63,16.38,16.61,39423797,733973827
2022-02-24,600104.SH,16.53,16.63,16.13,16.25,43263297,798540177
2022-02-25,600104.SH,16.31,16.40,16.23,16.28,34338117,631801544
2022-02-28,600104.SH,16.21,16.22,15.96,16.05,33321418,603075816
2022-03-01,600104.SH,16.14,16.49,16.13,16.31,33401634,613624972
2022-03-02,600104.SH,16.18,16.39,16.10,16.31,22828301,419269150
2022-03-03,600104.SH,16.34,16.50,16.27,16.41,29910226,552757193
2022-03-04,600104.SH,16.27,16.63,16.04,16.53,51030429,940804557
2022-03-07,600104.SH,16.35,16.46,16.20,16.24,35666521,656991233
2022-03-08,600104.SH,16.19,16.31,15.60,15.76,51355458,923285995
2022-03-09,600104.SH,15.76,15.87,14.98,15.77,50259898,881441107
2022-03-10,600104.SH,15.97,16.19,15.69,16.05,42578539,765794479
2022-03-11,600104.SH,15.83,15.97,15.58,15.91,33675954,599558284
2022-03-14,600104.SH,15.72,15.99,15.67,15.78,22555621,402675469
2022-03-15,600104.SH,15.60,15.63,15.05,15.05,40260740,694824622
2022-03-16,600104.SH,15.12,15.37,14.63,15.30,47643012,809511046
2022-03-17,600104.SH,15.49,15.67,15.32,15.41,36214123,633567943
2022-03-18,600104.SH,15.36,15.63,15.29,15.49,32113563,562013427
2022-03-21,600104.SH,15.60,15.65,15.17,15.24,31040486,537949614
2022-03-22,600104.SH,15.20,15.40,15.15,15.34,19542360,337159345
2022-03-23,600104.SH,15.34,15.43,15.18,15.26,20834748,359196758
2022-03-24,600104.SH,15.17,15.26,15.12,15.18,15245113,261063683
2022-03-25,600104.SH,15.19,15.26,14.99,15.05,21972116,374741481
2022-03-28,600104.SH,14.81,15.10,14.63,15.04,31543182,528484826
2022-03-29,600104.SH,15.05,15.08,14.81,14.85,15176162,255479114
2022-03-30,600104.SH,14.90,15.02,14.82,15.02,28128475,473932735
2022-03-31,600104.SH,14.94,15.11,14.90,15.07,24082560,408006070
2022-04-01,600104.SH,14.98,15.13,14.84,15.11,27080484,458674517
2022-04-06,600104.SH,14.90,15.11,14.90,15.11,26907006,455243042
2022-04-07,600104.SH,15.06,15.23,14.99,15.00,25811401,439747637
2022-04-08,600104.SH,15.00,15.04,14.73,15.02,27874263,468434979
2022-04-11,600104.SH,14.94,14.94,14.45,14.52,41013396,678133422
2022-04-12,600104.SH,14.50,14.69,14.34,14.65,24071778,394701958
2022-04-13,600104.SH,14.59,14.65,14.46,14.46,18067894,296876858
2022-04-14,600104.SH,14.59,14.80,14.59,14.63,22634597,375871077
2022-04-15,600104.SH,14.54,15.12,14.53,14.94,39493354,661052173
2022-04-18,600104.SH,14.98,15.27,14.84,15.02,32905821,558793905
2022-04-19,600104.SH,14.94,15.16,14.74,14.83,28138130,472694149
2022-04-20,600104.SH,14.81,14.92,14.63,14.63,20841238,347037849
2022-04-21,600104.SH,14.55,14.67,14.32,14.36,26345506,430053575
2022-04-22,600104.SH,14.31,14.49,14.22,14.37,19042359,308172351
2022-04-25,600104.SH,14.22,14.30,13.72,13.75,34611177,548599206
2022-04-26,600104.SH,13.74,13.83,13.33,13.35,28247359,433226949
2022-04-27,600104.SH,13.19,13.46,12.97,13.42,32330369,482653377
2022-04-28,600104.SH,13.39,13.70,13.31,13.68,30271788,460352445
2022-04-29,600104.SH,13.68,14.30,13.67,14.14,37079571,587164706
2022-05-05,600104.SH,14.34,14.71,14.26,14.71,61895344,1009287671
2022-05-06,600104.SH,14.45,14.54,14.32,14.48,34602480,562988432
2022-05-09,600104.SH,14.33,14.33,14.01,14.15,24283310,388116806
2022-05-10,600104.SH,13.91,14.15,13.57,14.08,39076119,610938566
2022-05-11,600104.SH,13.96,14.60,13.93,14.17,41818133,672924591
2022-05-12,600104.SH,13.92,14.07,13.83,14.01,28879071,454588613
2022-05-13,600104.SH,14.04,14.74,14.03,14.71,66259148,1080592233
2022-05-16,600104.SH,14.77,14.78,14.20,14.34,55194473,893740857
2022-05-17,600104.SH,14.32,14.84,14.26,14.63,59468912,980276687
2022-05-18,600104.SH,14.67,14.86,14.40,14.61,52100746,860618072
2022-05-19,600104.SH,14.34,14.67,14.25,14.65,38459762,629805811
2022-05-20,600104.SH,14.65,14.99,14.59,14.89,46125831,772625912
2022-05-23,600104.SH,14.98,15.23,14.76,15.19,48911392,829943872
2022-05-24,600104.SH,15.67,15.96,15.26,15.26,98972522,1748376708
2022-05-25,600104.SH,15.24,15.58,15.07,15.37,44047781,760678698
2022-05-26,600104.SH,15.41,15.44,15.07,15.26,30344902,521367956
2022-05-27,600104.SH,15.33,15.49,15.08,15.18,28633073,493392709
2022-05-30,600104.SH,15.38,15.51,15.24,15.33,32375552,561208289
2022-05-31,600104.SH,15.34,15.48,15.22,15.24,28460621,491047966
2022-06-01,600104.SH,15.49,15.89,15.49,15.65,63524597,1126678802
2022-06-02,600104.SH,15.57,15.93,15.56,15.73,48013603,854944180
2022-06-06,600104.SH,15.63,15.77,15.35,15.65,47003484,824279510
2022-06-07,600104.SH,15.56,15.57,15.14,15.27,47389556,818650791
2022-06-08,600104.SH,15.47,15.55,15.26,15.45,34636168,602614040
2022-06-09,600104.SH,15.33,15.53,15.10,15.17,32538171,560644914
2022-06-10,600104.SH,15.11,15.58,15.10,15.56,41498487,722334347
2022-06-13,600104.SH,15.41,15.73,15.38,15.63,44047197,776174204
2022-06-14,600104.SH,15.47,16.27,15.33,16.20,70199235,1255026827
2022-06-15,600104.SH,16.19,16.71,16.12,16.18,80651463,1494282802
2022-06-16,600104.SH,16.18,16.35,15.83,15.84,43071901,778403491
2022-06-17,600104.SH,15.76,16.00,15.59,15.86,39364155,702510437
2022-06-20,600104.SH,15.96,16.09,15.73,15.89,26147168,468683485
2022-06-21,600104.SH,15.85,15.94,15.65,15.78,24755596,439878369
2022-06-22,600104.SH,15.82,16.05,15.55,15.57,33322240,593859906
2022-06-23,600104.SH,15.64,16.29,15.64,16.27,73537120,1335176939
2022-06-24,600104.SH,16.34,16.35,16.00,16.12,42599891,775222929
2022-06-27,600104.SH,16.26,16.56,16.09,16.32,49682595,913685434
2022-06-28,600104.SH,16.26,16.85,16.12,16.61,63005369,1172892356
2022-06-29,600104.SH,16.51,16.56,15.87,15.88,66610517,1210562194
2022-06-30,600104.SH,15.85,16.00,15.78,15.79,31511133,564140164
2022-07-01,600104.SH,15.78,15.78,15.26,15.48,45814762,798738693
2022-07-04,600104.SH,15.49,15.49,15.10,15.26,44995722,772755201
2022-07-05,600104.SH,15.27,15.48,15.10,15.34,44560089,768066135
2022-07-06,600104.SH,15.25,15.33,15.14,15.20,27221740,467166316
2022-07-07,600104.SH,15.21,15.62,15.18,15.57,51826611,903651637
2022-07-08,600104.SH,15.78,17.10,15.65,16.45,150165991,2795438470
2022-07-11,600104.SH,16.37,16.37,15.42,15.45,102799792,1820318049
2022-07-12,600104.SH,15.44,15.57,15.24,15.29,42431732,735954953
2022-07-13,600104.SH,15.29,15.36,15.13,15.29,33805065,581870532
2022-07-14,600104.SH,15.27,15.27,15.07,15.12,40687828,694628430
2022-07-15,600104.SH,15.23,15.47,14.85,14.88,45908119,757786633
2022-07-18,600104.SH,14.98,15.62,14.93,15.47,38979084,647309845
2022-07-19,600104.SH,15.48,15.62,15.24,15.37,28366281,473821979
2022-07-20,600104.SH,15.45,15.49,15.09,15.17,35967518,591831671
2022-07-21,600104.SH,15.09,15.10,14.93,14.95,26542439,431445437
2022-07-22,600104.SH,14.96,15.16,14.96,15.06,21420209,349801770
2022-07-25,600104.SH,14.99,15.04,14.69,14.76,26568092,426474260
2022-07-26,600104.SH,14.77,14.92,14.77,14.83,19167110,308317109
2022-07-27,600104.SH,14.77,14.87,14.73,14.76,17068896,273562386
2022-07-28,600104.SH,14.81,15.00,14.77,14.84,22658915,365477575
2022-07-29,600104.SH,14.84,15.04,14.83,14.94,26833658,434172435
2022-08-01,600104.SH,14.93,15.20,14.82,15.11,30953121,504087855
2022-08-02,600104.SH,14.90,14.95,14.36,14.64,42038774,666317657
2022-08-03,600104.SH,14.58,15.09,14.58,14.66,35774040,575046574
2022-08-04,600104.SH,14.82,14.85,14.53,14.69,21479042,340597366
2022-08-05,600104.SH,14.75,14.85,14.61,14.84,20220962,322855854
2022-08-08,600104.SH,15.02,15.14,14.84,14.95,23170619,375598248
2022-08-09,600104.SH,14.92,15.04,14.86,14.91,14990329,242808361
2022-08-10,600104.SH,14.87,15.08,14.80,14.91,19507200,315561152
2022-08-11,600104.SH,14.94,15.12,14.82,15.09,29146245,474444729
2022-08-12,600104.SH,15.10,15.16,15.07,15.12,15739993,257886640
2022-08-15,600104.SH,15.11,15.26,15.03,15.08,16749690,274785264
2022-08-16,600104.SH,15.07,15.30,15.05,15.11,19692426,323990762
2022-08-17,600104.SH,15.15,15.33,15.00,15.28,25223092,415450069
2022-08-18,600104.SH,15.22,15.33,15.07,15.09,17169915,282110577
2022-08-19,600104.SH,15.07,15.18,15.00,15.01,15723885,256823954
2022-08-22,600104.SH,15.00,15.31,14.95,15.20,27478475,452211494
2022-08-23,600104.SH,15.13,15.20,14.95,15.03,20999095,342111928
2022-08-24,600104.SH,15.04,15.10,14.73,14.73,22711054,366699875
2022-08-25,600104.SH,14.81,14.95,14.61,14.93,16426978,263628434
2022-08-26,600104.SH,14.66,14.74,14.27,14.65,49815100,780587727
2022-08-29,600104.SH,14.39,14.49,14.24,14.30,33675592,522686609
2022-08-30,600104.SH,14.30,14.39,14.17,14.28,20894358,322864091
2022-08-31,600104.SH,14.19,14.30,14.03,14.27,27916189,428812968
2022-09-01,600104.SH,14.25,14.26,14.05,14.12,18675889,286250408
2022-09-02,600104.SH,14.12,14.18,14.03,14.08,13682156,209145397
2022-09-05,600104.SH,14.01,14.07,13.91,14.03,15736320,238231180
2022-09-06,600104.SH,14.13,14.26,14.11,14.23,20930633,322447209
2022-09-07,600104.SH,14.19,14.25,14.13,14.21,15345997,235745748
2022-09-08,600104.SH,14.22,14.27,14.15,14.16,11702803,180244247
2022-09-09,600104.SH,14.22,14.36,14.14,14.28,17835294,276151966
2022-09-13,600104.SH,14.30,14.50,14.30,14.44,18117863,283145648
2022-09-14,600104.SH,14.28,14.34,14.14,14.25,18702043,288597066
2022-09-15,600104.SH,14.23,14.30,14.12,14.15,16272575,250433126
2022-09-16,600104.SH,14.12,14.18,13.86,13.86,23014031,349412315
2022-09-19,600104.SH,13.85,14.02,13.84,13.85,13846396,208787903
2022-09-20,600104.SH,13.91,14.00,13.70,13.74,18517976,277591175
2022-09-21,600104.SH,13.68,13.86,13.54,13.77,15072576,223765289
2022-09-22,600104.SH,13.67,13.73,13.60,13.66,8861726,131218408
2022-09-23,600104.SH,13.68,13.75,13.55,13.63,11899234,175860601
2022-09-26,600104.SH,13.62,13.68,13.41,13.42,13712969,201464052
2022-09-27,600104.SH,13.47,13.58,13.40,13.52,11825635,172766942
2022-09-28,600104.SH,13.46,13.49,13.32,13.37,11950643,173477076
2022-09-29,600104.SH,13.47,13.49,13.15,13.17,13668282,197270962
2022-09-30,600104.SH,13.19,13.36,13.18,13.19,12980346,186434174
2022-10-10,600104.SH,13.26,13.30,13.05,13.10,12135161,173273160
2022-10-11,600104.SH,13.10,13.18,13.04,13.06,10430301,148040267
2022-10-12,600104.SH,13.07,13.27,12.87,13.24,18443360,260419259
2022-10-13,600104.SH,13.15,13.24,13.00,13.09,19479784,276637949
2022-10-14,600104.SH,13.13,13.52,13.13,13.43,26146088,378905099
2022-10-17,600104.SH,13.39,13.60,13.32,13.57,16553031,242126178
2022-10-18,600104.SH,13.64,13.78,13.49,13.54,15813466,233325920
2022-10-19,600104.SH,13.52,13.61,13.28,13.28,15550182,226060420
2022-10-20,600104.SH,13.23,13.33,13.17,13.24,14810268,212618287
2022-10-21,600104.SH,13.25,13.34,13.11,13.11,11925145,170924579
2022-10-24,600104.SH,13.16,13.32,12.82,12.83,22046795,310867692
2022-10-25,600104.SH,13.03,13.23,12.84,13.09,19739308,278760492
2022-10-26,600104.SH,13.08,13.24,13.01,13.06,15253518,216989967
2022-10-27,600104.SH,13.16,13.30,13.11,13.22,15774992,226063389
2022-10-28,600104.SH,13.25,13.26,12.89,12.95,18852292,266890409
2022-10-31,600104.SH,12.72,12.91,12.66,12.69,20048684,277050874
2022-11-01,600104.SH,12.74,13.04,12.70,13.02,18527350,258732704
2022-11-02,600104.SH,12.94,13.24,12.88,13.22,27968508,397051359
2022-11-03,600104.SH,13.14,13.22,13.00,13.07,14820289,210469894
2022-11-04,600104.SH,13.02,13.42,13.02,13.38,26251651,378568686
2022-11-07,600104.SH,13.28,13.42,13.24,13.39,18266339,264018245
2022-11-08,600104.SH,13.29,13.34,13.16,13.28,17276091,247721184
2022-11-09,600104.SH,13.29,13.32,13.18,13.18,12817219,183862548
2022-11-10,600104.SH,13.14,13.19,13.04,13.15,14594138,207311070
2022-11-11,600104.SH,13.37,13.47,13.27,13.39,27641998,400537032
2022-11-14,600104.SH,13.51,13.52,13.26,13.28,27649465,400783174
2022-11-15,600104.SH,13.25,13.47,13.24,13.45,24477096,355368355
2022-11-16,600104.SH,13.42,13.49,13.38,13.42,16305404,237309360
2022-11-17,600104.SH,13.37,13.42,13.30,13.39,15402046,222777998
2022-11-18,600104.SH,13.43,13.53,13.30,13.30,16448089,238371721
2022-11-21,600104.SH,13.20,13.26,13.08,13.25,17393128,248054659
2022-11-22,600104.SH,13.26,13.42,13.21,13.31,18864500,272205876
2022-11-23,600104.SH,13.30,13.53,13.28,13.42,23613629,343829783
2022-11-24,600104.SH,13.44,13.52,13.37,13.40,12117680,176253626
2022-11-25,600104.SH,13.38,13.52,13.35,13.52,18173547,265264566
2022-11-28,600104.SH,13.37,13.37,13.11,13.25,23289590,333660797
2022-11-29,600104.SH,13.29,13.65,13.27,13.63,35325833,517274344
2022-11-30,600104.SH,13.58,14.21,13.57,14.01,62628248,950125455
2022-12-01,600104.SH,14.25,14.25,13.90,13.90,37415348,568370537
2022-12-02,600104.SH,13.90,13.95,13.78,13.90,18105297,271905219
2022-12-05,600104.SH,14.01,14.11,13.92,14.08,25035388,381055679
2022-12-06,600104.SH,14.04,14.33,13.98,14.11,24782576,379430533
2022-12-07,600104.SH,14.10,14.20,14.02,14.05,20689495,315936735
2022-12-08,600104.SH,14.04,14.12,14.01,14.06,14862066,226617847
2022-12-09,600104.SH,14.04,14.10,13.90,14.06,20482882,311059390
2022-12-12,600104.SH,14.04,14.06,13.85,13.88,15542401,234936784
2022-12-13,600104.SH,13.92,14.01,13.79,13.94,13638168,206122104
2022-12-14,600104.SH,13.93,14.00,13.81,13.97,11757742,177289653
2022-12-15,600104.SH,13.93,14.05,13.83,13.96,16135979,243541603
2022-12-16,600104.SH,13.88,14.08,13.85,14.07,18632714,282881846
2022-12-19,600104.SH,14.16,14.25,13.81,13.87,24280967,368240098
2022-12-20,600104.SH,13.79,13.87,13.42,13.58,21113361,311789944
2022-12-21,600104.SH,13.56,13.65,13.50,13.55,10560425,155216128
2022-12-22,600104.SH,13.66,13.80,13.57,13.63,12401354,183875579
2022-12-23,600104.SH,13.58,13.67,13.49,13.54,11575523,170273434
2022-12-26,600104.SH,13.54,13.62,13.50,13.57,7889814,116092604
2022-12-27,600104.SH,13.66,13.68,13.52,13.62,8882286,130923419
2022-12-28,600104.SH,13.57,13.60,13.43,13.50,12270548,179472449
2022-12-29,600104.SH,13.43,13.47,13.22,13.22,16359907,235719731
2022-12-30,600104.SH,13.30,13.40,13.27,13.30,12051968,173895810
2023-01-03,600104.SH,13.21,13.33,13.09,13.30,17267385,247694052
2023-01-04,600104.SH,13.28,13.32,13.23,13.30,12575631,181073408
2023-01-05,600104.SH,13.38,13.42,13.31,13.35,19455298,281745474
2023-01-06,600104.SH,13.33,13.43,13.30,13.35,16946444,245603860
2023-01-09,600104.SH,13.39,13.46,13.35,13.36,15812715,229558672
2023-01-10,600104.SH,13.36,13.45,13.20,13.37,25310857,365580688
2023-01-11,600104.SH,13.36,13.40,13.30,13.31,15195789,219844930
2023-01-12,600104.SH,13.37,13.40,13.23,13.27,16092572,232154715
2023-01-13,600104.SH,13.29,13.40,13.27,13.40,16146082,233287631
2023-01-16,600104.SH,13.38,13.65,13.34,13.56,25178933,368527018
2023-01-17,600104.SH,13.55,13.60,13.49,13.59,13514470,198431740
2023-01-18,600104.SH,13.61,13.69,13.55,13.58,12265979,180942033
2023-01-19,600104.SH,13.58,13.62,13.48,13.61,13651401,200510888
2023-01-20,600104.SH,13.63,13.70,13.61,13.69,14846037,219782441
2023-01-30,600104.SH,13.95,14.02,13.80,13.86,31335018,472665795
2023-01-31,600104.SH,13.83,14.01,13.82,13.86,18961231,286175906
2023-02-01,600104.SH,13.90,14.02,13.89,14.02,21103696,319491663
2023-02-02,600104.SH,14.03,14.05,13.74,13.80,40541417,609198614
2023-02-03,600104.SH,13.77,13.77,13.62,13.69,19733218,292681494
2023-02-06,600104.SH,13.66,13.73,13.60,13.70,15767243,233238055
2023-02-07,600104.SH,13.75,13.78,13.67,13.75,13210949,196430109
2023-02-08,600104.SH,13.75,13.77,13.67,13.70,10479554,155656547
2023-02-09,600104.SH,13.66,13.77,13.65,13.75,12185644,181435437
2023-02-10,600104.SH,13.71,13.75,13.64,13.68,11659764,173005893
2023-02-13,600104.SH,13.67,13.77,13.60,13.73,17319466,257289704
2023-02-14,600104.SH,13.74,13.77,13.70,13.77,10628340,158203280
2023-02-15,600104.SH,13.78,13.86,13.75,13.79,15544467,232339866
2023-02-16,600104.SH,13.80,13.98,13.58,13.66,28945715,434081478
2023-02-17,600104.SH,13.66,13.77,13.56,13.56,16333407,241960603
2023-02-20,600104.SH,13.57,13.84,13.55,13.84,23222638,344693718
2023-02-21,600104.SH,13.83,14.04,13.78,14.03,29834005,451246100
2023-02-22,600104.SH,13.93,14.03,13.89,13.96,15818799,239192608
2023-02-23,600104.SH,13.96,14.01,13.90,13.97,13859482,209500408
2023-02-24,600104.SH,13.96,13.96,13.78,13.80,13153960,197357452
2023-02-27,600104.SH,13.76,13.85,13.72,13.74,11388810,170095282
2023-02-28,600104.SH,13.78,13.87,13.72,13.87,17016444,254452151
2023-03-01,600104.SH,13.85,14.02,13.83,14.02,23813419,360801155
2023-03-02,600104.SH,14.02,14.10,13.99,14.03,15838251,241017401
2023-03-03,600104.SH,14.05,14.11,14.01,14.10,14793443,225519234
2023-03-06,600104.SH,14.12,14.13,13.96,14.02,16617687,252927905
2023-03-07,600104.SH,14.02,14.23,13.91,13.97,32114694,491232337
2023-03-08,600104.SH,13.89,13.95,13.85,13.92,12912741,194526721
2023-03-09,600104.SH,13.92,13.92,13.72,13.78,19014705,284938015
2023-03-10,600104.SH,13.62,13.65,13.15,13.16,58286621,840419759
2023-03-13,600104.SH,13.06,13.16,12.88,13.02,31349196,441731308
2023-03-14,600104.SH,12.99,13.05,12.78,12.96,25840314,361695747
2023-03-15,600104.SH,13.01,13.08,12.96,13.02,15341282,216740396
2023-03-16,600104.SH,12.97,13.11,12.93,13.07,19209563,271714765
2023-03-17,600104.SH,13.12,13.29,13.07,13.11,21373046,305255782
2023-03-20,600104.SH,13.11,13.24,13.05,13.08,13573476,193219757
2023-03-21,600104.SH,13.09,13.14,13.01,13.10,16428106,232937900
2023-03-22,600104.SH,13.11,13.18,13.07,13.18,14927500,212630756
2023-03-23,600104.SH,13.14,13.23,13.09,13.20,11124702,158821839
2023-03-24,600104.SH,13.19,13.28,13.15,13.16,13556665,194039027
2023-03-27,600104.SH,13.18,13.18,13.06,13.13,15433454,219750028
2023-03-28,600104.SH,13.17,13.21,13.12,13.17,13949875,199059942
2023-03-29,600104.SH,13.26,13.26,13.13,13.15,10543000,150676260
2023-03-30,600104.SH,13.15,13.26,13.07,13.24,14395438,205580015
2023-03-31,600104.SH,13.23,13.30,13.20,13.25,13075067,187749630
2023-04-03,600104.SH,13.22,13.32,13.14,13.26,16927869,242842873
2023-04-04,600104.SH,13.26,13.37,13.22,13.36,18819208,271446357
2023-04-06,600104.SH,13.36,13.36,13.18,13.20,11479384,164762291
2023-04-07,600104.SH,13.20,13.27,13.16,13.21,11614903,166310295
2023-04-10,600104.SH,13.21,13.21,13.11,13.13,13481978,192206913
2023-04-11,600104.SH,13.11,13.16,13.06,13.09,15087860,214300299
2023-04-12,600104.SH,13.10,13.13,13.05,13.07,14975142,212319499
2023-04-13,600104.SH,13.06,13.13,12.92,13.10,16535998,233683021
2023-04-14,600104.SH,13.10,13.24,13.10,13.16,16362674,233584939
2023-04-17,600104.SH,13.21,13.35,13.17,13.35,20812468,299377022
2023-04-18,600104.SH,13.33,13.43,13.30,13.42,20133992,291854857
2023-04-19,600104.SH,13.42,13.43,13.25,13.25,13788010,198795624
2023-04-20,600104.SH,13.28,13.29,13.10,13.14,13812200,197032913
2023-04-21,600104.SH,13.13,13.16,12.82,12.85,27690720,389176582
2023-04-24,600104.SH,12.89,12.95,12.78,12.79,17602559,245040571
2023-04-25,600104.SH,12.82,12.83,12.66,12.72,19048928,262497860
2023-04-26,600104.SH,12.69,12.87,12.67,12.74,15334101,212464805
2023-04-27,600104.SH,12.74,12.90,12.70,12.89,16520400,229365807
2023-04-28,600104.SH,12.90,13.08,12.89,13.03,18938396,267063265
2023-05-04,600104.SH,12.89,12.94,12.79,12.87,22594431,315124627
2023-05-05,600104.SH,12.88,12.96,12.75,12.78,24739340,343767505
2023-05-08,600104.SH,12.86,13.04,12.84,12.94,28223230,395811852
2023-05-09,600104.SH,12.97,13.13,12.89,12.95,32680156,460918869
2023-05-10,600104.SH,12.95,13.18,12.93,13.16,35347046,500024995
2023-05-11,600104.SH,13.13,13.23,13.02,13.04,26082846,369950942
2023-05-12,600104.SH,13.02,13.06,12.92,12.93,15664145,220242971
2023-05-15,600104.SH,12.92,13.00,12.84,12.98,18474023,258590109
2023-05-16,600104.SH,13.00,13.00,12.85,12.89,12947737,181267807
2023-05-17,600104.SH,12.87,12.97,12.83,12.86,15892139,222052003
2023-05-18,600104.SH,12.86,12.91,12.70,12.74,19272816,267316702
2023-05-19,600104.SH,12.71,12.75,12.61,12.62,23203473,318103398
2023-05-22,600104.SH,12.61,12.75,12.59,12.68,16440041,225824335
2023-05-23,600104.SH,12.69,12.74,12.60,12.60,13663391,187723203
2023-05-24,600104.SH,12.58,12.58,12.35,12.36,22071248,298502617
2023-05-25,600104.SH,12.35,12.38,12.13,12.20,22349891,296412330
2023-05-26,600104.SH,12.16,12.29,12.08,12.18,16391425,216243158
2023-05-29,600104.SH,12.22,12.46,12.17,12.44,24440322,326870148
2023-05-30,600104.SH,12.44,12.55,12.34,12.47,16929250,228636955
2023-05-31,600104.SH,12.46,12.49,12.35,12.38,12098263,162787985
2023-06-01,600104.SH,12.36,12.53,12.35,12.45,14956401,202182580
2023-06-02,600104.SH,12.50,12.60,12.46,12.58,19220288,261653381
2023-06-05,600104.SH,12.58,12.69,12.52,12.56,14142007,193111027
2023-06-06,600104.SH,12.52,12.62,12.42,12.43,14579937,198068083
2023-06-07,600104.SH,12.51,12.53,12.37,12.40,12914421,174222351
2023-06-08,600104.SH,12.41,12.58,12.39,12.56,13232793,178944313
2023-06-09,600104.SH,12.63,12.79,12.62,12.73,24776277,342030675
2023-06-12,600104.SH,12.73,12.85,12.70,12.80,19228687,266785099
2023-06-13,600104.SH,12.75,12.89,12.75,12.85,14901050,207369795
2023-06-14,600104.SH,13.08,13.26,12.93,12.95,37957358,537733063
2023-06-15,600104.SH,12.96,13.14,12.90,13.05,26453348,373272252
2023-06-16,600104.SH,13.08,13.14,12.97,12.98,51788743,730384139
2023-06-19,600104.SH,12.95,13.07,12.94,13.06,19506176,275537602
2023-06-20,600104.SH,13.09,13.12,13.01,13.03,12231809,173157555
2023-06-21,600104.SH,13.08,13.12,12.99,13.00,16773523,237408387
2023-06-26,600104.SH,12.94,13.12,12.89,12.95,20701777,291412610
2023-06-27,600104.SH,12.91,13.03,12.76,12.99,17601350,246582802
2023-06-28,600104.SH,12.99,13.07,12.93,13.04,14250066,200772009
2023-06-29,600104.SH,13.04,13.10,13.01,13.06,13679479,193695365
2023-06-30,600104.SH,13.03,13.14,13.03,13.07,13213957,187474469
2023-07-03,600104.SH,13.08,13.22,13.07,13.18,17864736,255136872
2023-07-04,600104.SH,13.18,13.37,13.12,13.33,25240775,363646936
2023-07-05,600104.SH,13.33,13.36,13.25,13.26,15076137,217304412
2023-07-06,600104.SH,13.27,13.42,13.21,13.32,15959900,230632819
2023-07-07,600104.SH,13.28,13.40,13.21,13.30,12262200,177117632
2023-07-10,600104.SH,13.28,13.36,13.13,13.21,17005144,243409387
2023-07-11,600104.SH,13.22,13.47,13.21,13.42,21191369,307071154
2023-07-12,600104.SH,13.43,13.56,13.30,13.32,17171139,250050426
2023-07-13,600104.SH,13.37,13.42,13.27,13.33,15186194,219478260
2023-07-14,600104.SH,13.33,13.38,13.25,13.30,12740283,183919005
2023-07-17,600104.SH,13.30,13.33,13.18,13.25,10293979,147658411
2023-07-18,600104.SH,13.25,13.48,13.18,13.36,17275709,249756301
2023-07-19,600104.SH,13.43,13.50,13.37,13.48,17783415,253457773
2023-07-20,600104.SH,13.49,13.60,13.27,13.28,14098762,200258130
2023-07-21,600104.SH,13.33,13.41,13.26,13.38,13321468,188283543
2023-07-24,600104.SH,13.36,13.46,13.29,13.44,12820845,181919125
2023-07-25,600104.SH,13.50,13.71,13.44,13.64,29033148,418039143
2023-07-26,600104.SH,13.59,13.71,13.54,13.60,15168873,218595627
2023-07-27,600104.SH,13.83,14.14,13.78,13.80,39347268,579231506
2023-07-28,600104.SH,13.82,14.35,13.67,14.32,62972104,944183260
2023-07-31,600104.SH,14.35,14.78,14.34,14.63,57298614,887799773
2023-08-01,600104.SH,14.56,14.73,14.44,14.49,29647052,456985281
2023-08-02,600104.SH,14.48,14.62,14.38,14.47,22355147,342410958
2023-08-03,600104.SH,14.43,14.47,14.26,14.42,23813290,362413001
2023-08-04,600104.SH,14.47,14.68,14.42,14.45,19047199,292685249
2023-08-07,600104.SH,14.43,14.47,14.27,14.46,19776640,301767709
2023-08-08,600104.SH,14.47,14.54,14.38,14.47,16414694,251323012
2023-08-09,600104.SH,14.43,14.53,14.33,14.45,15567380,238351828
2023-08-10,600104.SH,14.43,14.54,14.35,14.38,12084355,184471390
2023-08-11,600104.SH,14.41,14.42,13.97,13.97,27231049,406682827
2023-08-14,600104.SH,13.88,13.90,13.56,13.66,22291237,323095651
2023-08-15,600104.SH,13.67,13.77,13.51,13.61,17862772,257254455
2023-08-16,600104.SH,13.55,13.66,13.54,13.55,11709362,168488260
2023-08-17,600104.SH,13.51,13.61,13.43,13.59,14796094,211748130
2023-08-18,600104.SH,13.57,13.63,13.42,13.42,12721320,181981081
2023-08-21,600104.SH,13.41,13.49,13.19,13.19,14368274,202839011
2023-08-22,600104.SH,13.24,13.36,13.13,13.26,19123281,268161627
2023-08-23,600104.SH,13.26,13.39,13.15,13.19,14817268,208185746
2023-08-24,600104.SH,13.19,13.32,13.11,13.17,15436654,215901880
2023-08-25,600104.SH,13.14,13.43,13.07,13.26,18367868,257940451
2023-08-28,600104.SH,13.75,13.83,13.39,13.44,30777445,444666121
2023-08-29,600104.SH,13.48,13.65,13.42,13.50,26237489,375944420
2023-08-30,600104.SH,13.51,13.59,13.35,13.35,18757280,267409870
2023-08-31,600104.SH,13.59,13.79,13.46,13.56,36441061,525804994
2023-09-01,600104.SH,13.55,13.77,13.54,13.73,20008288,289955349
2023-09-04,600104.SH,13.78,13.96,13.72,13.92,21415480,314797426
2023-09-05,600104.SH,13.92,13.97,13.82,13.89,19976304,293875691
2023-09-06,600104.SH,13.83,13.98,13.82,13.97,15652635,230900700
2023-09-07,600104.SH,13.93,13.99,13.87,13.91,15012538,221392759
2023-09-08,600104.SH,13.85,13.86,13.69,13.78,14249998,207930653
2023-09-11,600104.SH,13.80,14.10,13.78,14.06,21079985,312739116
2023-09-12,600104.SH,14.10,14.14,14.02,14.12,16908341,252466829
2023-09-13,600104.SH,14.07,14.15,13.96,14.05,15936474,236990933
2023-09-14,600104.SH,13.88,14.05,13.57,14.00,32437227,476920236
2023-09-15,600104.SH,14.05,14.07,13.85,13.92,19405823,286794125
2023-09-18,600104.SH,13.88,14.07,13.80,14.01,16151415,239454436
2023-09-19,600104.SH,13.98,14.12,13.97,14.11,16290822,242597680
2023-09-20,600104.SH,14.12,14.23,14.05,14.14,17292939,259546294
2023-09-21,600104.SH,14.16,14.22,14.04,14.08,16021819,239441092
2023-09-22,600104.SH,14.09,14.24,14.02,14.22,17236150,258343627
2023-09-25,600104.SH,14.22,14.24,14.11,14.13,14869099,223064505
2023-09-26,600104.SH,14.14,14.22,14.00,14.03,14484309,216106476
2023-09-27,600104.SH,14.10,14.12,13.97,14.01,11688599,173747543
2023-09-28,600104.SH,14.06,14.16,13.96,13.97,11938741,177433433
2023-10-09,600104.SH,13.97,14.18,13.91,14.13,17181447,256460765
2023-10-10,600104.SH,14.12,14.17,14.02,14.09,16340181,243840791
2023-10-11,600104.SH,14.15,14.16,13.98,13.99,13261925,197671197
2023-10-12,600104.SH,13.98,14.36,13.98,14.32,23042731,347929009
2023-10-13,600104.SH,14.40,14.42,14.23,14.28,16976291,257485409
2023-10-16,600104.SH,14.45,14.45,14.24,14.28,13578177,205815514
2023-10-17,600104.SH,14.33,14.33,14.19,14.23,11614063,175246341
2023-10-18,600104.SH,14.21,14.43,14.20,14.33,18701873,284105185
2023-10-19,600104.SH,14.19,14.26,13.92,13.92,24157316,359457644
2023-10-20,600104.SH,13.88,13.97,13.77,13.78,18025429,264494595
2023-10-23,600104.SH,13.85,14.16,13.63,13.74,21313900,313728144
2023-10-24,600104.SH,13.70,13.80,13.55,13.69,18663857,270795952
2023-10-25,600104.SH,13.77,14.07,13.72,13.99,17042713,251474676
2023-10-26,600104.SH,13.88,14.20,13.88,14.16,19645681,293512756
2023-10-27,600104.SH,14.08,14.46,14.08,14.32,23961447,363914690
2023-10-30,600104.SH,14.27,14.30,13.96,13.97,23970586,356758823
2023-10-31,600104.SH,13.92,14.00,13.60,13.71,33861959,491546221
2023-11-01,600104.SH,13.71,13.79,13.52,13.71,24349331,352708772
2023-11-02,600104.SH,13.69,14.06,13.69,13.95,25487572,376212097
2023-11-03,600104.SH,13.94,14.04,13.88,14.00,15831971,234409489
2023-11-06,600104.SH,14.05,14.24,13.99,14.17,23631819,353302927
2023-11-07,600104.SH,14.12,14.38,14.07,14.09,22587477,339992866
2023-11-08,600104.SH,14.07,14.15,13.87,14.08,23822897,352859757
2023-11-09,600104.SH,14.04,14.14,13.92,14.04,14921332,221974963
2023-11-10,600104.SH,14.01,14.10,13.77,13.78,15920240,233566206
2023-11-13,600104.SH,13.78,13.83,13.59,13.63,19938400,288379958
2023-11-14,600104.SH,13.68,13.71,13.58,13.60,19464600,280945010
2023-11-15,600104.SH,13.65,13.68,13.59,13.67,15809390,228194362
2023-11-16,600104.SH,13.63,13.65,13.52,13.52,17440880,250495087
2023-11-17,600104.SH,13.51,13.69,13.46,13.67,20405791,293395495
2023-11-20,600104.SH,13.63,13.73,13.61,13.63,16639830,240629952
2023-11-21,600104.SH,13.64,13.78,13.61,13.62,19706913,285879512
2023-11-22,600104.SH,13.61,13.67,13.52,13.57,13997865,201686320
2023-11-23,600104.SH,13.58,13.90,13.56,13.87,28675432,417797516
2023-11-24,600104.SH,13.87,13.95,13.75,13.77,20115746,294902940
2023-11-27,600104.SH,14.12,14.75,13.93,14.63,94795391,1442679870
2023-11-28,600104.SH,14.46,14.59,14.08,14.51,62497031,950860690
2023-11-29,600104.SH,14.50,14.51,14.12,14.21,37337878,562588844
2023-11-30,600104.SH,14.16,14.24,13.97,14.05,24312755,362470514
2023-12-01,600104.SH,14.02,14.06,13.83,14.03,26717481,395574640
2023-12-04,600104.SH,14.03,14.12,13.87,13.89,18803877,278008310
2023-12-05,600104.SH,13.88,13.91,13.61,13.63,19334241,281636387
2023-12-06,600104.SH,13.62,13.66,13.29,13.30,39039828,553757365
2023-12-07,600104.SH,13.30,13.30,12.97,13.26,30771157,428211200
2023-12-08,600104.SH,13.20,13.40,13.17,13.33,32166015,453921257
2023-12-11,600104.SH,13.27,13.28,13.03,13.21,32235415,448171719
2023-12-12,600104.SH,13.14,13.27,13.06,13.22,17072025,238271602
2023-12-13,600104.SH,13.16,13.25,12.99,13.00,17967732,249176448
2023-12-14,600104.SH,13.05,13.11,12.83,12.85,16898939,231609666
2023-12-15,600104.SH,12.87,12.90,12.71,12.74,18136731,245555268
2023-12-18,600104.SH,12.68,12.77,12.56,12.72,14633147,196671631
2023-12-19,600104.SH,12.71,12.77,12.60,12.70,14732702,197757488
2023-12-20,600104.SH,12.68,12.75,12.54,12.54,15801914,211537929
2023-12-21,600104.SH,12.51,12.62,12.46,12.60,17150144,228101168
2023-12-22,600104.SH,12.60,12.74,12.51,12.65,15542354,207758173
2023-12-25,600104.SH,12.61,12.73,12.57,12.63,12411972,165955942
2023-12-26,600104.SH,12.63,12.63,12.52,12.55,10887341,144900646
2023-12-27,600104.SH,12.57,12.64,12.42,12.56,14995706,198526964
2023-12-28,600104.SH,12.47,12.77,12.46,12.77,19838701,266158472
2023-12-29,600104.SH,12.74,12.87,12.68,12.77,28187108,381200995
2024-01-02,600104.SH,12.80,12.98,12.66,12.67,18821008,255226320
2024-01-03,600104.SH,12.65,12.77,12.62,12.75,12174675,163927160
2024-01-04,600104.SH,12.76,12.80,12.57,12.67,16882051,226007226
2024-01-05,600104.SH,12.67,12.77,12.53,12.60,17574801,236069405
2024-01-08,600104.SH,12.56,12.63,12.35,12.39,21877681,288580859
2024-01-09,600104.SH,12.40,12.49,12.36,12.48,18259482,240191333
2024-01-10,600104.SH,12.45,12.53,12.42,12.48,12375447,163670114
2024-01-11,600104.SH,12.48,12.65,12.43,12.63,13831578,183974325
2024-01-12,600104.SH,12.60,12.67,12.56,12.58,9496027,126871692
2024-01-15,600104.SH,12.56,12.70,12.51,12.58,10485185,139954306
2024-01-16,600104.SH,12.57,12.73,12.56,12.71,17749141,237895454
2024-01-17,600104.SH,12.73,12.75,12.51,12.51,16634695,222901679
2024-01-18,600104.SH,12.51,12.71,12.20,12.62,35340902,465786112
2024-01-19,600104.SH,12.61,12.76,12.51,12.66,22390884,300083634
2024-01-22,600104.SH,12.68,12.73,12.38,12.50,31746593,423714417
2024-01-23,600104.SH,12.48,12.56,12.38,12.46,17480310,230805260
2024-01-24,600104.SH,12.52,12.80,12.48,12.76,22954111,307296655
2024-01-25,600104.SH,12.80,13.02,12.76,12.99,29315920,401056648
2024-01-26,600104.SH,12.87,13.18,12.86,13.11,26781312,370363212
2024-01-29,600104.SH,13.15,13.30,13.07,13.13,22208721,309365937
2024-01-30,600104.SH,13.08,13.18,12.94,12.94,18267196,252730848
2024-01-31,600104.SH,12.95,13.03,12.78,12.91,25793412,352768849
2024-02-01,600104.SH,12.88,13.11,12.86,12.94,23748167,326828597
2024-02-02,600104.SH,12.97,13.11,12.44,12.98,36711380,499348628
2024-02-05,600104.SH,13.02,13.11,12.62,13.01,35155601,481046374
2024-02-06,600104.SH,13.01,13.41,12.94,13.36,34883086,488130571
2024-02-07,600104.SH,13.40,13.61,13.18,13.61,38572940,549438422
2024-02-08,600104.SH,13.61,13.78,13.51,13.77,34774454,501860441
2024-02-19,600104.SH,13.78,13.87,13.66,13.74,25238358,368444539
2024-02-20,600104.SH,13.74,13.85,13.62,13.81,20869101,304330364
2024-02-21,600104.SH,13.77,14.08,13.74,13.91,21458102,317140039
2024-02-22,600104.SH,13.91,14.05,13.88,14.02,14900255,220870518
2024-02-23,600104.SH,14.03,14.11,13.96,14.07,14218577,211405487
2024-02-26,600104.SH,14.10,14.15,13.94,13.95,22312587,332210868
2024-02-27,600104.SH,13.95,14.12,13.92,14.06,14628244,217758266
2024-02-28,600104.SH,14.07,14.10,13.90,13.94,22965065,340607419
2024-02-29,600104.SH,13.88,14.12,13.87,14.12,22712765,338652312
2024-03-01,600104.SH,14.15,14.21,14.07,14.14,16063057,240672110
2024-03-04,600104.SH,14.17,14.28,14.04,14.13,18193527,272566253
2024-03-05,600104.SH,14.08,14.38,14.04,14.33,29287938,441656209
2024-03-06,600104.SH,14.33,14.35,14.17,14.17,16124021,243725081
2024-03-07,600104.SH,14.21,14.30,14.13,14.16,16196605,243836104
2024-03-08,600104.SH,14.18,14.26,14.10,14.16,12980461,195083752
2024-03-11,600104.SH,14.11,14.20,14.08,14.14,15174531,227283796
2024-03-12,600104.SH,14.14,14.17,14.02,14.08,18250065,272427617
2024-03-13,600104.SH,14.08,14.19,13.98,14.00,16628090,247328990
2024-03-14,600104.SH,14.02,14.06,13.80,13.85,15372695,226456441
2024-03-15,600104.SH,13.79,13.87,13.73,13.81,22180917,324464338
2024-03-18,600104.SH,13.84,14.11,13.84,14.01,20335381,301893466
2024-03-19,600104.SH,14.02,14.07,13.89,13.92,12594050,186223357
2024-03-20,600104.SH,13.95,14.09,13.95,14.07,13536141,201360891
2024-03-21,600104.SH,14.05,14.17,14.00,14.07,14966500,223576370
2024-03-22,600104.SH,14.14,14.14,13.90,14.02,14872381,220786531
2024-03-25,600104.SH,14.01,14.09,13.91,13.91,14130090,209540923
2024-03-26,600104.SH,13.90,14.20,13.89,14.17,21626072,322453439
2024-03-27,600104.SH,14.18,14.26,14.10,14.13,20979021,315470368
2024-03-28,600104.SH,14.13,14.31,14.09,14.12,28793695,432766408
2024-03-29,600104.SH,14.12,14.27,14.10,14.23,15578999,234165480
2024-04-01,600104.SH,14.24,14.50,14.17,14.42,25363548,386254706
2024-04-02,600104.SH,14.49,14.55,14.39,14.44,20488008,313307085
2024-04-03,600104.SH,14.52,14.53,14.38,14.49,20677525,317098321
2024-04-08,600104.SH,14.56,14.89,14.42,14.46,28601027,442251050
2024-04-09,600104.SH,14.49,14.52,14.33,14.45,25806834,394196354
2024-04-10,600104.SH,14.46,14.61,14.31,14.43,20563738,315216921
2024-04-11,600104.SH,14.39,14.51,14.19,14.42,21065266,320551663
2024-04-12,600104.SH,14.42,14.45,14.17,14.18,17958580,271445688
2024-04-15,600104.SH,14.16,14.43,14.11,14.36,24380335,369433831
2024-04-16,600104.SH,14.35,14.46,14.23,14.38,26810757,408204571
2024-04-17,600104.SH,14.32,14.38,14.18,14.34,25181918,380440878
2024-04-18,600104.SH,14.29,14.55,14.26,14.50,24492346,375584536
2024-04-19,600104.SH,14.45,14.54,14.33,14.38,16190877,247011685
2024-04-22,600104.SH,14.35,14.48,14.22,14.25,17463678,264277995
2024-04-23,600104.SH,14.21,14.30,14.14,14.17,16571455,249109769
2024-04-24,600104.SH,14.17,14.23,14.00,14.11,14470390,215550989
2024-04-25,600104.SH,14.11,14.34,14.02,14.29,20036044,301635965
2024-04-26,600104.SH,14.30,14.44,14.24,14.35,19890608,301968341
2024-04-29,600104.SH,14.43,14.48,14.22,14.43,25750119,392490434
2024-04-30,600104.SH,14.38,14.43,14.02,14.03,35089018,525009121
2024-05-06,600104.SH,14.11,14.34,13.95,13.97,37863959,565744967
2024-05-07,600104.SH,13.97,13.97,13.72,13.75,27720797,404604862
2024-05-08,600104.SH,13.70,13.78,13.64,13.74,18876702,274481139
2024-05-09,600104.SH,13.76,13.79,13.71,13.76,17479548,254509057
2024-05-10,600104.SH,13.77,13.80,13.64,13.79,18415667,267712942
2024-05-13,600104.SH,13.76,13.80,13.60,13.78,18190586,264302266
2024-05-14,600104.SH,13.80,13.90,13.74,13.78,18653766,272869198
2024-05-15,600104.SH,13.78,13.78,13.61,13.65,13691715,198153995
2024-05-16,600104.SH,13.67,13.71,13.56,13.60,20142252,290284507
2024-05-17,600104.SH,13.60,13.71,13.57,13.71,19506034,281472444
2024-05-20,600104.SH,13.69,13.73,13.61,13.61,18615109,269055316
2024-05-21,600104.SH,13.62,13.68,13.54,13.66,14662111,211394850
2024-05-22,600104.SH,13.64,13.66,13.61,13.62,13275917,191656081
2024-05-23,600104.SH,13.64,13.64,13.29,13.39,27601041,391949752
2024-05-24,600104.SH,13.37,13.45,13.34,13.40,15336166,217809990
2024-05-27,600104.SH,13.49,13.66,13.45,13.58,20435966,293809289
2024-05-28,600104.SH,13.54,13.57,13.29,13.30,18863489,267088775
2024-05-29,600104.SH,13.28,13.38,13.28,13.34,11990881,169346792
2024-05-30,600104.SH,13.38,13.55,13.37,13.44,16339594,232830694
2024-05-31,600104.SH,13.44,13.53,13.28,13.28,20154358,285595230
2024-06-03,600104.SH,13.37,13.63,13.36,13.60,35992308,516409261
2024-06-04,600104.SH,13.52,13.59,13.40,13.46,20738906,295965938
2024-06-05,600104.SH,13.48,13.56,13.36,13.38,16067302,229005576
2024-06-06,600104.SH,13.38,13.42,13.27,13.35,14557795,205871659
2024-06-07,600104.SH,13.38,13.41,13.28,13.32,13137740,185567370
2024-06-11,600104.SH,13.31,13.37,13.10,13.31,24193313,338968399
2024-06-12,600104.SH,13.31,13.43,13.27,13.40,17072103,241568904
2024-06-13,600104.SH,13.27,13.28,12.98,13.19,25774253,358394869
2024-06-14,600104.SH,13.12,13.56,13.09,13.50,28177548,400091413
2024-06-17,600104.SH,13.45,13.78,13.42,13.52,26423734,380771249
2024-06-18,600104.SH,13.55,13.63,13.45,13.56,18886488,270987648
2024-06-19,600104.SH,13.54,13.57,13.37,13.37,12680261,180329042
2024-06-20,600104.SH,13.37,13.40,13.19,13.24,11632229,163668172
2024-06-21,600104.SH,13.21,13.35,13.20,13.27,13625690,191535898
2024-06-24,600104.SH,13.31,13.32,13.13,13.22,15276850,214096087
2024-06-25,600104.SH,13.27,13.37,13.12,13.18,15171884,213045886
2024-06-26,600104.SH,13.18,13.21,13.05,13.16,12385978,172101472
2024-06-27,600104.SH,13.12,13.12,12.97,13.02,12789901,176594220
2024-06-28,600104.SH,13.04,13.20,13.02,13.09,12504201,173837368
2024-07-01,600104.SH,13.06,13.14,12.96,13.09,10623130,146872007
2024-07-02,600104.SH,13.08,13.14,12.96,12.98,11938041,164893362
2024-07-03,600104.SH,12.98,13.06,12.97,13.00,9111590,125541833
2024-07-04,600104.SH,13.01,13.11,12.88,12.94,11689817,160691760
2024-07-05,600104.SH,12.91,12.94,12.82,12.86,13008354,177205689
2024-07-08,600104.SH,12.81,12.84,12.61,12.63,15543202,208893600
2024-07-09,600104.SH,12.62,12.75,12.46,12.75,13699669,182889362
2024-07-10,600104.SH,12.65,13.07,12.65,13.05,17456235,239495176
2024-07-11,600104.SH,13.10,13.28,13.10,13.24,15784191,220808065
2024-07-12,600104.SH,13.24,13.44,13.21,13.41,16048743,226980433
2024-07-15,600104.SH,13.39,13.56,13.37,13.44,16168528,230821088
2024-07-16,600104.SH,13.50,13.75,13.39,13.71,24047117,347045551
2024-07-17,600104.SH,14.06,14.12,13.57,13.98,51953001,762529103
2024-07-18,600104.SH,13.93,14.01,13.81,13.95,32215188,474631894
2024-07-19,600104.SH,13.97,14.12,13.88,14.04,30877907,458819734
2024-07-22,600104.SH,14.00,14.11,13.91,14.08,26502356,393079117
2024-07-23,600104.SH,14.02,14.14,13.87,13.87,24571469,364992605
2024-07-24,600104.SH,13.81,13.88,13.64,13.68,19035516,277169253
2024-07-25,600104.SH,13.69,13.77,13.63,13.69,14174583,205650330
2024-07-26,600104.SH,13.76,13.81,13.57,13.62,16843363,243545777
2024-07-29,600104.SH,13.68,13.93,13.63,13.78,15159963,221969664
2024-07-30,600104.SH,13.88,13.88,13.55,13.64,17682002,255342305
2024-07-31,600104.SH,13.64,13.93,13.58,13.86,19729903,288955579
2024-08-01,600104.SH,13.86,13.97,13.79,13.91,14706888,216503250
2024-08-02,600104.SH,13.83,13.90,13.69,13.74,12945335,188860409
2024-08-05,600104.SH,13.78,13.92,13.70,13.71,17649960,257841399
2024-08-06,600104.SH,13.74,13.84,13.37,13.45,20007392,286206252
2024-08-07,600104.SH,13.54,13.54,13.39,13.39,10472790,149259012
2024-08-08,600104.SH,13.36,13.44,13.29,13.29,10613500,150146860
2024-08-09,600104.SH,13.33,13.42,13.09,13.09,13641071,190777018
2024-08-12,600104.SH,13.08,13.11,12.86,12.97,10781384,148010412
2024-08-13,600104.SH,12.96,13.01,12.79,12.89,12577887,171435831
2024-08-14,600104.SH,12.86,12.87,12.59,12.59,19171032,257551720
2024-08-15,600104.SH,12.59,12.77,12.54,12.71,19279301,258742447
2024-08-16,600104.SH,12.80,12.91,12.67,12.70,20630845,271214014
2024-08-19,600104.SH,12.76,12.98,12.70,12.71,22586229,297759459
2024-08-20,600104.SH,12.73,12.76,12.48,12.50,19572867,252731949
2024-08-21,600104.SH,12.46,12.51,12.38,12.47,14286023,183169053
2024-08-22,600104.SH,12.43,12.46,12.29,12.30,17397828,221081118
2024-08-23,600104.SH,12.31,12.66,12.30,12.62,16639102,214669262
2024-08-26,600104.SH,12.64,12.71,12.44,12.50,14843500,191870843
2024-08-27,600104.SH,12.48,12.55,12.34,12.39,10292850,131500571
2024-08-28,600104.SH,12.42,12.45,12.14,12.18,15112790,190254240
2024-08-29,600104.SH,12.22,12.27,12.17,12.18,13347641,167829627
2024-08-30,600104.SH,12.13,12.41,11.84,12.19,29042115,364107841
2024-09-02,600104.SH,12.12,12.17,11.82,11.82,24264236,298041087
2024-09-03,600104.SH,11.78,11.87,11.72,11.87,17434531,211956580
2024-09-04,600104.SH,11.77,11.87,11.73,11.74,13992450,169551009
2024-09-05,600104.SH,11.74,11.85,11.73,11.80,15653677,189891121
2024-09-06,600104.SH,11.81,12.14,11.81,11.92,20286281,250686373
2024-09-09,600104.SH,11.91,11.98,11.74,11.79,14838900,180609862
2024-09-10,600104.SH,11.80,11.81,11.41,11.45,22961502,272515245
2024-09-11,600104.SH,11.46,11.60,11.36,11.48,17006758,201000478
2024-09-12,600104.SH,11.48,11.49,11.32,11.33,16280074,190897010
2024-09-13,600104.SH,11.33,11.37,11.16,11.21,17780015,205999814
2024-09-18,600104.SH,11.21,11.50,11.18,11.44,16165619,188861369
2024-09-19,600104.SH,11.46,11.55,11.33,11.49,15827496,186886813
2024-09-20,600104.SH,11.49,11.59,11.34,11.51,22415368,265240061
2024-09-23,600104.SH,11.46,11.60,11.43,11.54,10120612,120232914
2024-09-24,600104.SH,11.62,11.89,11.49,11.87,27100584,326557108
2024-09-25,600104.SH,12.09,12.49,12.05,12.19,35291760,446779551
2024-09-26,600104.SH,12.18,12.84,12.16,12.83,36219119,467513969
2024-09-27,600104.SH,12.98,13.19,12.87,13.17,24306730,326658888
2024-09-30,600104.SH,13.49,14.26,13.49,14.20,78191866,1121581313
2024-10-08,600104.SH,15.53,15.60,14.14,14.48,101611980,1543913528
2024-10-09,600104.SH,14.27,14.27,13.19,13.19,69300393,977140945
2024-10-10,600104.SH,13.22,13.76,13.13,13.51,54663906,760665616
2024-10-11,600104.SH,13.50,13.68,13.10,13.27,29933464,412297732
2024-10-14,600104.SH,13.27,13.38,13.11,13.23,34868201,475061699
2024-10-15,600104.SH,13.18,13.18,12.81,12.82,30858755,413021786
2024-10-16,600104.SH,12.70,12.83,12.59,12.69,27607313,360968714
2024-10-17,600104.SH,12.70,12.82,12.42,12.43,26755392,346834159
2024-10-18,600104.SH,12.43,12.91,12.29,12.73,41972962,543832018
2024-10-21,600104.SH,12.80,12.82,12.48,12.56,42688582,552786805
2024-10-22,600104.SH,12.52,12.86,12.52,12.74,37643225,493866932
2024-10-23,600104.SH,12.82,13.09,12.72,13.06,39536178,527874951
2024-10-24,600104.SH,13.06,13.06,12.76,12.80,28770632,380662604
2024-10-25,600104.SH,12.81,12.99,12.79,12.96,25856767,343838526
2024-10-28,600104.SH,12.96,13.08,12.89,13.06,29340939,393112920
2024-10-29,600104.SH,13.10,13.12,12.87,12.91,28092946,375623529
2024-10-30,600104.SH,12.80,12.94,12.72,12.80,22218782,293320924
2024-10-31,600104.SH,12.63,12.70,12.36,12.49,44980575,578958970
2024-11-01,600104.SH,12.48,12.61,12.40,12.51,30198765,388700619
2024-11-04,600104.SH,12.49,12.79,12.49,12.79,35886462,466632877
2024-11-05,600104.SH,12.72,12.90,12.58,12.88,42644052,562856066
2024-11-06,600104.SH,12.88,13.04,12.83,12.89,40659434,541364117
2024-11-07,600104.SH,12.77,13.17,12.77,13.16,41589826,557546034
2024-11-08,600104.SH,13.28,13.35,12.97,13.04,49075769,664013945
2024-11-11,600104.SH,12.93,13.44,12.91,13.43,58658899,796287124
2024-11-12,600104.SH,13.78,14.77,13.74,14.77,202762763,3024438339
2024-11-13,600104.SH,15.38,16.24,15.35,16.24,142180481,2347295916
2024-11-14,600104.SH,16.49,17.09,14.85,16.23,345733624,5592655756
2024-11-15,600104.SH,15.73,17.47,15.39,16.77,285097372,4773901138
2024-11-18,600104.SH,18.45,18.45,17.48,17.82,287884695,5429579525
2024-11-19,600104.SH,16.62,16.90,16.04,16.04,267626764,4502089382
2024-11-20,600104.SH,15.82,16.82,15.82,16.65,233213040,3912620288
2024-11-21,600104.SH,16.39,18.31,16.38,17.75,212750856,3859044606
2024-11-22,600104.SH,17.52,18.58,17.16,17.46,240354284,4455456490
2024-11-25,600104.SH,18.35,19.20,17.77,18.93,307510875,5893120781
2024-11-26,600104.SH,18.21,18.58,17.78,17.83,173697315,3244546741
2024-11-27,600104.SH,17.64,18.09,16.60,17.41,219235969,3903123029
2024-11-28,600104.SH,17.26,17.38,16.45,16.92,142629306,2484762760
2024-11-29,600104.SH,16.72,17.51,16.70,17.07,112892474,1997437435
2024-12-02,600104.SH,16.46,18.78,16.44,18.45,223583714,4091618353
2024-12-03,600104.SH,18.36,18.83,17.99,18.38,158561320,3007290682
2024-12-04,600104.SH,18.15,18.80,17.23,17.33,142225194,2618701317
2024-12-05,600104.SH,17.19,17.91,17.07,17.75,101182023,1822057135
2024-12-06,600104.SH,17.67,17.86,17.19,17.24,79746690,1429053863
2024-12-09,600104.SH,17.31,18.21,17.31,17.54,93570895,1717997490
2024-12-10,600104.SH,17.91,18.35,17.40,17.45,103571222,1906041822
2024-12-11,600104.SH,17.44,18.25,17.02,17.20,126049564,2280166824
2024-12-12,600104.SH,17.30,17.33,16.68,16.91,112793312,1952617683
2024-12-13,600104.SH,16.80,18.60,16.68,18.19,310795206,5716047137
2024-12-16,600104.SH,17.83,18.29,17.62,17.70,154266767,2839803056
2024-12-17,600104.SH,17.76,18.30,17.65,17.74,124822939,2313105400
2024-12-18,600104.SH,18.10,18.86,17.82,18.43,154321097,2905702147
2024-12-19,600104.SH,18.13,18.43,17.30,17.80,125708149,2306397255
2024-12-20,600104.SH,17.67,18.01,17.48,17.66,75367400,1375913420
2024-12-23,600104.SH,17.63,18.08,17.36,17.60,80651920,1471971784
2024-12-24,600104.SH,17.60,18.25,17.41,18.08,84834334,1564780078
2024-12-25,600104.SH,18.07,18.83,18.00,18.30,119824831,2283769232
2024-12-26,600104.SH,18.33,18.72,18.15,18.29,95376058,1809529481
2024-12-27,600104.SH,18.21,19.63,17.84,19.23,172346869,3342922928
2024-12-30,600104.SH,19.23,20.68,18.84,20.43,182909044,3725861723
2024-12-31,600104.SH,20.15,20.68,19.90,20.15,121839805,2542318942
2025-01-02,600104.SH,19.90,19.97,18.26,18.48,142480698,2794923975
2025-01-03,600104.SH,18.31,18.50,17.48,17.49,108053446,1991768794
2025-01-06,600104.SH,17.38,18.07,17.22,17.35,78238658,1419052070
2025-01-07,600104.SH,17.43,18.07,17.29,18.05,62482898,1142427803
2025-01-08,600104.SH,17.77,17.84,16.49,17.37,139189412,2439827665
2025-01-09,600104.SH,17.28,17.47,16.42,16.90,134117397,2326278296
2025-01-10,600104.SH,16.87,17.65,16.87,17.12,117028650,2086103490
2025-01-13,600104.SH,16.60,16.85,15.71,15.80,135152468,2246990679
2025-01-14,600104.SH,15.81,16.87,15.73,16.55,118605907,1986203256
2025-01-15,600104.SH,16.31,16.36,15.72,15.82,90167765,1476843053
2025-01-16,600104.SH,15.82,16.62,15.82,16.39,109677651,1833632947
2025-01-17,600104.SH,16.28,16.42,16.04,16.31,61248364,1023887191
2025-01-20,600104.SH,16.39,16.95,16.39,16.59,73257149,1263511704
2025-01-21,600104.SH,16.70,16.82,16.33,16.42,49628869,840807274
2025-01-22,600104.SH,16.18,16.23,15.66,15.80,73363413,1196990015
2025-01-23,600104.SH,15.97,16.24,15.79,15.80,61237693,1007430588
2025-01-24,600104.SH,15.79,16.57,15.73,16.45,91187249,1529590448
2025-01-27,600104.SH,16.81,17.37,16.61,16.66,74809161,1300160793
2025-02-05,600104.SH,16.80,16.80,16.44,16.55,61927966,1058622017
2025-02-06,600104.SH,16.50,16.52,16.05,16.49,73223197,1228558689
2025-02-07,600104.SH,16.60,17.90,16.55,17.52,157098464,2810974587
2025-02-10,600104.SH,17.96,18.69,17.55,17.65,110357788,2033510695
2025-02-11,600104.SH,17.67,19.21,17.12,18.46,171853575,3191712841
2025-02-12,600104.SH,18.06,18.21,17.48,17.86,134717992,2468807611
2025-02-13,600104.SH,17.86,18.40,17.68,17.99,103002866,1912087058
2025-02-14,600104.SH,17.86,18.15,17.55,17.80,76201740,1398105274
2025-02-17,600104.SH,17.88,18.39,17.48,17.91,86317455,1585605925
2025-02-18,600104.SH,17.85,17.85,16.99,17.07,86410556,1551117876
2025-02-19,600104.SH,17.07,17.21,16.93,17.15,54714160,962589556
2025-02-20,600104.SH,17.15,17.61,17.08,17.17,52547189,933543315
2025-02-21,600104.SH,17.17,17.18,16.41,16.80,108126174,1855381180
2025-02-24,600104.SH,17.08,17.48,16.83,16.87,127685265,2243359477
2025-02-25,600104.SH,16.70,16.73,16.46,16.52,78352708,1336941528
2025-02-26,600104.SH,16.59,16.59,16.21,16.39,72560374,1219721788
2025-02-27,600104.SH,16.40,16.57,16.25,16.49,57230605,968304806
2025-02-28,600104.SH,16.33,16.49,15.93,15.97,59707813,992947072
2025-03-03,600104.SH,16.15,16.23,15.95,16.11,43572431,721954973
2025-03-04,600104.SH,16.02,16.10,15.82,16.08,34971041,574857457
2025-03-05,600104.SH,16.08,16.08,15.80,15.94,36562268,598844785
2025-03-06,600104.SH,15.95,16.21,15.87,16.16,58926960,976751812
2025-03-07,600104.SH,16.10,16.10,15.83,15.92,47831624,784919728
2025-03-10,600104.SH,15.91,15.91,15.71,15.77,39952756,648386528
2025-03-11,600104.SH,15.57,15.57,15.03,15.27,101863805,1594527639
2025-03-12,600104.SH,15.29,15.40,15.19,15.19,53063557,834815486
2025-03-13,600104.SH,15.15,15.19,14.84,14.87,57744815,890440632
2025-03-14,600104.SH,14.87,15.22,14.85,15.15,51705817,802712680
2025-03-17,600104.SH,15.16,15.24,15.03,15.12,35326158,550131360
2025-03-18,600104.SH,15.15,15.34,15.05,15.24,42614119,667148743
2025-03-19,600104.SH,15.24,15.38,15.13,15.16,40895809,642394660
2025-03-20,600104.SH,15.16,15.23,15.10,15.14,28762103,449054381
2025-03-21,600104.SH,15.10,15.16,14.86,14.87,37616499,580088801
2025-03-24,600104.SH,14.82,15.10,14.65,14.84,56938725,867014180
2025-03-25,600104.SH,14.86,14.93,14.77,14.81,31838022,486913952
2025-03-26,600104.SH,14.78,14.97,14.73,14.95,31331727,480153792
2025-03-27,600104.SH,14.85,15.09,14.82,15.04,33444262,516797371
2025-03-28,600104.SH,15.04,15.11,14.88,14.99,29287630,452080968
2025-03-31,600104.SH,15.05,15.60,15.05,15.33,91903763,1453040883
2025-04-01,600104.SH,15.31,15.44,15.09,15.26,40341840,635170518
2025-04-02,600104.SH,15.29,15.33,15.06,15.20,30502634,477401433
2025-04-03,600104.SH,15.05,15.22,14.92,15.02,32234912,500002398
2025-04-07,600104.SH,14.17,14.32,13.51,13.51,90024367,1273515628
2025-04-08,600104.SH,13.59,14.25,13.59,14.19,94815810,1364778328
2025-04-09,600104.SH,14.07,14.76,13.79,14.76,72163992,1057589805
2025-04-10,600104.SH,15.05,15.05,14.49,14.61,63735664,962477108
2025-04-11,600104.SH,14.63,14.85,14.52,14.72,47590612,722417980
2025-04-14,600104.SH,15.04,15.22,14.87,15.05,49716056,772051744
2025-04-15,600104.SH,15.06,15.11,14.88,14.97,29201296,450503140
2025-04-16,600104.SH,15.33,15.34,14.85,15.29,63620053,992821343
2025-04-17,600104.SH,15.28,15.39,14.94,15.06,45284014,704424840
2025-04-18,600104.SH,14.95,14.99,14.77,14.90,25308209,387394421
2025-04-21,600104.SH,14.90,14.93,14.79,14.91,17581459,269348933
2025-04-22,600104.SH,14.90,14.95,14.82,14.83,20872048,319785903
2025-04-23,600104.SH,14.90,15.18,14.88,14.96,35990738,556814883
2025-04-24,600104.SH,14.98,15.13,14.85,15.08,30094818,464930915
2025-04-25,600104.SH,15.07,15.44,15.01,15.26,43121113,677825910
2025-04-28,600104.SH,15.18,15.21,15.01,15.04,25486171,395736436
2025-04-29,600104.SH,14.98,15.19,14.95,15.14,20849806,324391489
2025-04-30,600104.SH,15.16,15.82,15.15,15.77,74694706,1202133365
2025-05-06,600104.SH,15.81,15.91,15.70,15.90,54950122,894394571
2025-05-07,600104.SH,16.19,16.19,15.86,15.99,48576878,800875168
2025-05-08,600104.SH,15.85,16.19,15.82,16.06,28797503,476779249
2025-05-09,600104.SH,16.07,16.13,15.80,16.07,31443083,517810562
2025-05-12,600104.SH,16.12,16.20,15.89,15.97,33859400,559025450
2025-05-13,600104.SH,16.13,16.37,15.98,16.15,39567062,659220064
2025-05-14,600104.SH,16.11,16.21,16.01,16.19,29346901,487784140
2025-05-15,600104.SH,16.19,16.33,16.09,16.23,32144892,536983936
2025-05-16,600104.SH,16.21,16.41,16.02,16.40,34881436,584568674
2025-05-19,600104.SH,16.33,16.37,16.16,16.19,21667404,362127728
2025-05-20,600104.SH,16.17,16.36,16.12,16.32,25608913,428532621
2025-05-21,600104.SH,16.32,16.51,16.27,16.37,31663894,535747918
2025-05-22,600104.SH,16.39,16.76,16.31,16.64,46398611,792423406
2025-05-23,600104.SH,16.60,16.82,16.38,16.38,52504213,898340825
2025-05-26,600104.SH,16.26,16.34,15.87,15.97,40889694,676467366
2025-05-27,600104.SH,15.97,16.07,15.73,15.82,28824560,470650640
2025-05-28,600104.SH,15.91,15.98,15.63,15.71,21767973,353584138
2025-05-29,600104.SH,15.69,15.90,15.69,15.76,28725174,467274742
2025-05-30,600104.SH,15.70,15.83,15.63,15.74,22570709,365307693
2025-06-03,600104.SH,15.35,15.36,14.52,14.82,100226083,1530994517
2025-06-04,600104.SH,14.95,15.04,14.86,14.94,38611963,594613626
2025-06-05,600104.SH,14.99,15.09,14.90,14.97,29467259,454171769
2025-06-06,600104.SH,14.95,14.97,14.68,14.88,38934495,593674922
2025-06-09,600104.SH,14.84,15.27,14.84,15.23,47857900,745904221
2025-06-10,600104.SH,15.26,15.46,15.06,15.14,34985080,549985715
2025-06-11,600104.SH,15.16,15.72,15.16,15.57,53361578,852596452
2025-06-12,600104.SH,15.54,15.71,15.45,15.68,29074025,467482110
2025-06-13,600104.SH,15.60,15.69,15.45,15.65,40238740,645226130
2025-06-16,600104.SH,15.52,15.66,15.38,15.50,27198988,434237858
2025-06-17,600104.SH,15.50,15.67,15.42,15.50,16927322,270971983
2025-06-18,600104.SH,15.49,15.51,15.28,15.31,20581301,325850682
2025-06-19,600104.SH,15.24,15.30,15.10,15.14,17789981,278183859
2025-06-20,600104.SH,15.10,15.20,15.02,15.08,21566563,336016214
2025-06-23,600104.SH,15.07,15.20,15.05,15.13,14132552,220170492
2025-06-24,600104.SH,15.22,15.61,15.21,15.61,30756077,489717749
2025-06-25,600104.SH,15.61,15.77,15.49,15.73,26470488,426757925
2025-06-26,600104.SH,15.63,15.77,15.54,15.58,25205496,405605781
2025-06-27,600104.SH,15.57,15.68,15.51,15.57,19075734,306247193
2025-06-30,600104.SH,15.53,15.63,15.45,15.58,18810064,301094661
2025-07-01,600104.SH,15.54,15.64,15.49,15.49,16942679,271096212
2025-07-02,600104.SH,15.53,15.67,15.37,15.63,27244920,435952284
2025-07-03,600104.SH,15.53,15.82,15.53,15.81,24143036,391285806
2025-07-04,600104.SH,15.82,16.70,15.81,16.56,87181714,1479961434
2025-07-07,600104.SH,16.56,16.99,16.48,16.83,58921999,1023192168
2025-07-08,600104.SH,16.78,17.03,16.66,16.96,43385123,756261832
2025-07-09,600104.SH,16.93,17.08,16.71,16.73,35121264,609478600
2025-07-10,600104.SH,16.73,16.88,16.49,16.61,42793007,733862897
2025-07-11,600104.SH,16.70,16.97,16.53,16.53,51860355,894709148
2025-07-14,600104.SH,16.61,17.65,16.61,17.23,91967530,1629541016
2025-07-15,600104.SH,17.33,17.96,17.28,17.68,84386718,1539555866
2025-07-16,600104.SH,17.68,17.72,17.36,17.42,49771869,896326919
2025-07-17,600104.SH,17.53,17.62,17.36,17.40,46995903,844673115
2025-07-18,600104.SH,17.49,17.57,17.20,17.34,39531127,707795590
2025-07-21,600104.SH,17.34,17.40,17.02,17.16,57188323,1010403983
2025-07-22,600104.SH,17.14,17.26,17.05,17.05,53503021,944617015
2025-07-23,600104.SH,17.00,17.48,16.95,17.28,81758244,1454726963
2025-07-24,600104.SH,17.26,17.47,17.02,17.09,62058801,1100161330
2025-07-25,600104.SH,17.14,17.18,16.92,16.96,50757094,889330729
2025-07-28,600104.SH,17.14,17.35,17.06,17.08,56415215,999197619
2025-07-29,600104.SH,17.09,17.31,16.91,17.16,65882089,1158449351
2025-07-30,600104.SH,17.16,17.47,16.97,17.04,64380921,1137616508
2025-07-31,600104.SH,17.08,17.15,16.70,16.77,42188471,729533379
2025-08-01,600104.SH,16.78,16.94,16.70,16.81,39541127,681154536
2025-08-04,600104.SH,16.80,17.03,16.71,16.95,53006229,916106438
2025-08-05,600104.SH,16.96,17.93,16.90,17.50,112490671,2013254270
2025-08-06,600104.SH,17.53,17.54,17.10,17.11,70857087,1251078368
2025-08-07,600104.SH,17.18,17.33,16.82,16.99,56887030,990409295
2025-08-08,600104.SH,16.93,17.09,16.85,16.96,31233586,543634671
2025-08-11,600104.SH,16.97,17.44,16.96,17.18,56067806,988011856
2025-08-12,600104.SH,17.23,17.81,17.18,17.58,85876613,1544095016
2025-08-13,600104.SH,17.62,17.81,17.44,17.56,73356028,1325081989
2025-08-14,600104.SH,17.61,17.78,17.47,17.62,66114952,1194902416
2025-08-15,600104.SH,17.73,18.33,17.73,17.96,97763451,1817051822
2025-08-18,600104.SH,18.22,18.30,17.81,17.81,85363734,1574577536
2025-08-19,600104.SH,17.89,17.90,17.47,17.57,68151417,1229606244
2025-08-20,600104.SH,17.59,19.32,17.55,19.32,206880097,3965074121
2025-08-21,600104.SH,19.66,19.66,19.13,19.32,141430990,2805687559
2025-08-22,600104.SH,19.41,19.78,19.26,19.72,98461011,1975755067
2025-08-25,600104.SH,20.00,20.13,19.47,20.03,138164169,2800016576
2025-08-26,600104.SH,20.01,20.01,18.80,19.18,166656608,3285106392
2025-08-27,600104.SH,19.13,19.40,18.44,18.45,123045380,2380909488
2025-08-28,600104.SH,18.26,18.59,17.99,18.47,89731826,1684483663
2025-08-29,600104.SH,18.63,18.89,18.30,18.34,115968342,2212218042
2025-09-01,600104.SH,18.34,19.07,18.34,18.58,124719363,2395244250
2025-09-02,600104.SH,18.70,18.91,18.35,18.49,73937746,1406806550
2025-09-03,600104.SH,18.60,18.79,18.31,18.59,79634206,1515869409
2025-09-04,600104.SH,18.55,18.71,18.02,18.25,92072736,1730352341
2025-09-05,600104.SH,18.27,18.59,18.06,18.56,59374346,1117633211
2025-09-08,600104.SH,18.57,18.86,18.46,18.49,62817305,1195205613
2025-09-09,600104.SH,18.50,18.66,18.37,18.53,59140957,1121592489
2025-09-10,600104.SH,18.47,18.56,18.27,18.39,40083209,755302957
2025-09-11,600104.SH,18.44,18.51,18.19,18.51,48355836,908306726
2025-09-12,600104.SH,18.45,18.55,18.05,18.10,63028104,1181234375
2025-09-15,600104.SH,18.02,18.44,18.00,18.31,60009052,1123956106
2025-09-16,600104.SH,18.35,18.80,18.11,18.23,74604514,1404687932
2025-09-17,600104.SH,18.23,18.76,18.11,18.44,75309291,1419843806
2025-09-18,600104.SH,18.44,18.79,18.16,18.36,77042096,1461034180
2025-09-19,600104.SH,18.35,18.82,18.10,18.79,96133546,1823066227
2025-09-22,600104.SH,18.79,18.87,18.36,18.60,72752756,1384460832
2025-09-23,600104.SH,18.56,18.58,18.03,18.25,67595512,1264384765
2025-09-24,600104.SH,17.81,17.81,16.84,17.23,163292653,2865139565
2025-09-25,600104.SH,17.04,17.15,16.69,16.75,112657025,1949912586
2025-09-26,600104.SH,16.68,17.08,16.59,16.63,79478944,1365816754
2025-09-29,600104.SH,16.63,16.66,16.28,16.49,82775483,1393669492
2025-09-30,600104.SH,16.52,16.71,16.46,16.71,51663364,877638949
2025-10-09,600104.SH,16.96,17.15,16.75,17.10,86503759,1505300159
2025-10-10,600104.SH,17.03,17.07,16.70,16.72,54402528,941108416
2025-10-13,600104.SH,16.28,16.43,16.09,16.38,56754282,947796768
2025-10-14,600104.SH,16.44,16.55,16.10,16.12,56902084,950335623
2025-10-15,600104.SH,16.15,16.42,16.12,16.41,46774718,781486823
2025-10-16,600104.SH,16.38,16.64,16.31,16.38,39135748,658919591
2025-10-17,600104.SH,16.32,16.43,15.96,15.96,48226690,796841306
2025-10-20,600104.SH,16.10,16.18,15.96,16.04,27864408,458286387
2025-10-21,600104.SH,16.05,16.14,16.02,16.11,30576608,504247351
2025-10-22,600104.SH,16.08,16.13,16.03,16.06,21658885,356821701
2025-10-23,600104.SH,16.07,16.14,15.93,16.13,25989008,426802335
2025-10-24,600104.SH,16.17,16.37,16.10,16.28,32431474,538947066
2025-10-27,600104.SH,16.37,16.37,16.22,16.28,34644568,578412975
2025-10-28,600104.SH,16.29,16.30,16.07,16.16,31038944,513446452
2025-10-29,600104.SH,16.17,16.31,16.08,16.29,29916218,496503111
2025-10-30,600104.SH,16.25,16.49,16.21,16.35,41617161,698093303
2025-10-31,600104.SH,16.57,16.64,16.23,16.23,70753121,1191475070
2025-11-03,600104.SH,16.23,16.29,15.68,15.83,88008015,1428926751
2025-11-04,600104.SH,15.81,15.87,15.56,15.58,55662750,893520383
2025-11-05,600104.SH,15.52,15.57,15.35,15.52,54162372,858304034
2025-11-06,600104.SH,15.49,15.58,15.49,15.50,41201176,655385822
2025-11-07,600104.SH,15.47,15.67,15.41,15.58,37721261,602002358
2025-11-10,600104.SH,15.58,15.78,15.53,15.69,42371754,680394905
2025-11-11,600104.SH,15.69,15.70,15.50,15.52,38736317,618089837
2025-11-12,600104.SH,15.53,15.53,15.22,15.28,57178188,899326364
2025-11-13,600104.SH,15.29,15.58,15.28,15.54,43210706,685333231
2025-11-14,600104.SH,15.49,15.58,15.43,15.43,27116817,430827774
2025-11-17,600104.SH,15.39,15.45,15.27,15.28,29945932,470276981
2025-11-18,600104.SH,15.25,15.30,14.98,15.01,61525387,951088208
2025-11-19,600104.SH,15.01,15.08,14.83,14.93,44737877,685013325
2025-11-20,600104.SH,14.94,15.01,14.65,14.66,58276352,881447862
2025-11-21,600104.SH,14.54,14.62,14.35,14.35,55714434,824826194
2025-11-24,600104.SH,14.54,14.55,14.37,14.43,41258481,611761898
2025-11-25,600104.SH,14.51,14.64,14.42,14.56,41040199,612130583
2025-11-26,600104.SH,14.57,14.65,14.46,14.50,31400688,468398627
2025-11-27,600104.SH,14.51,14.66,14.44,14.50,29798826,444528834
2025-11-28,600104.SH,14.50,14.64,14.45,14.61,45610471,680259556
2025-12-01,600104.SH,15.05,15.37,14.91,15.10,178346904,2766260508
2025-12-02,600104.SH,15.09,15.49,15.03,15.15,100434831,1566278598
2025-12-03,600104.SH,15.07,15.20,14.94,15.01,50823440,782375655
2025-12-04,600104.SH,15.03,15.16,14.74,14.98,64618437,991724164
2025-12-05,600104.SH,15.01,15.11,14.96,15.08,49506430,762247806
2025-12-08,600104.SH,15.14,15.15,14.85,14.87,76618193,1174135412
2025-12-09,600104.SH,14.84,15.02,14.76,14.78,53008970,809054121
2025-12-10,600104.SH,14.75,14.99,14.65,14.98,48447140,737738126
2025-12-11,600104.SH,14.91,15.16,14.86,15.11,72656445,1123179758
2025-12-12,600104.SH,15.07,15.44,14.85,15.34,151190710,2352512390
2025-12-15,600104.SH,15.22,15.49,15.09,15.42,100237987,1573286580
2025-12-16,600104.SH,15.43,15.54,15.23,15.28,70830500,1116292738
2025-12-17,600104.SH,15.23,15.34,15.16,15.27,45657021,712943256
2025-12-18,600104.SH,15.23,15.23,15.10,15.11,39258113,609643619
2025-12-19,600104.SH,15.11,15.36,15.09,15.33,47179680,738087056
2025-12-22,600104.SH,15.34,15.46,15.20,15.21,50996244,799208135
2025-12-23,600104.SH,15.20,15.21,15.08,15.12,32821285,508494035
2025-12-24,600104.SH,15.09,15.12,14.98,15.07,34909265,537959181
2025-12-25,600104.SH,15.06,15.14,15.00,15.07,26091430,403111720
2025-12-26,600104.SH,15.04,15.26,15.03,15.12,39319571,611192669
2025-12-29,600104.SH,15.13,15.15,14.98,15.00,37078878,571992100
2025-12-30,600104.SH,14.97,15.02,14.87,14.98,31057867,475621661
2025-12-31,600104.SH,14.99,15.12,14.85,14.85,34461763,527406618
2026-01-05,600104.SH,14.88,14.92,14.78,14.89,51579730,784597717
2026-01-06,600104.SH,14.86,15.17,14.84,15.16,68291641,1053591347
2026-01-07,600104.SH,15.14,15.14,14.91,14.93,57651778,885263986
2026-01-08,600104.SH,15.03,15.10,14.97,15.00,45346975,698074506
2026-01-09,600104.SH,15.04,15.28,14.97,15.03,71233616,1101693825
2026-01-12,600104.SH,15.03,15.08,14.95,15.05,61720364,949286097
2026-01-13,600104.SH,15.21,15.58,15.07,15.12,105797368,1657583963
2026-01-14,600104.SH,15.12,15.19,14.66,14.72,128576416,1970581106
2026-01-15,600104.SH,14.66,14.77,14.48,14.51,85184400,1273333511
2026-01-16,600104.SH,14.93,15.09,14.39,14.63,200679227,3033415889
2026-01-19,600104.SH,14.68,14.97,14.65,14.88,110304483,1678467600
2026-01-20,600104.SH,14.91,15.03,14.85,14.91,78491576,1200119603
2026-01-21,600104.SH,14.87,14.88,14.74,14.75,75391386,1142664576
2026-01-22,600104.SH,14.75,14.80,14.57,14.60,103293522,1550387681
2026-01-23,600104.SH,14.60,14.75,14.42,14.46,185296105,2757793989
2026-01-26,600104.SH,14.50,14.52,14.21,14.26,111643009,1635348597
2026-01-27,600104.SH,14.23,14.27,13.99,14.03,82714529,1193303207
2026-01-28,600104.SH,14.04,14.07,13.84,13.86,95182533,1354819045
2026-01-29,600104.SH,13.81,14.02,13.68,14.02,121377404,1719388540
2026-01-30,600104.SH,14.00,14.00,13.72,13.80,71864539,1020737062
2026-02-02,600104.SH,13.79,13.93,13.70,13.71,66099985,936240784
2026-02-03,600104.SH,13.81,13.94,13.76,13.92,55251011,784352985
2026-02-04,600104.SH,13.87,14.09,13.85,14.08,65650910,941455665
2026-02-05,600104.SH,14.08,14.18,14.03,14.13,55067108,797086407
2026-02-06,600104.SH,14.07,14.18,13.98,14.10,40258565,581821044
2026-02-09,600104.SH,14.18,14.19,14.10,14.15,40931649,593103440
2026-02-10,600104.SH,14.16,14.23,14.10,14.13,40433390,585893823
2026-02-11,600104.SH,14.12,14.20,14.11,14.16,33577489,487279677
2026-02-12,600104.SH,14.14,14.17,14.03,14.05,36430853,525219890
2026-02-13,600104.SH,14.03,14.09,13.96,13.97,39131161,562565728
2026-02-24,600104.SH,14.05,14.08,13.96,14.07,35460892,510050439
2026-02-25,600104.SH,14.07,14.25,14.03,14.06,74177250,1073973349
2026-02-26,600104.SH,14.07,14.08,13.92,13.95,46873277,670902941
2026-02-27,600104.SH,13.92,14.01,13.92,13.98,39716757,568668794
2026-03-02,600104.SH,13.85,14.00,13.77,13.94,60589668,862551186
2026-03-03,600104.SH,13.92,14.04,13.74,13.74,62359877,885768524
2026-03-04,600104.SH,13.65,13.65,13.41,13.41,74812883,1035201159
2026-03-05,600104.SH,13.54,13.88,13.54,13.80,66568602,935906319
2026-03-06,600104.SH,13.76,13.83,13.71,13.82,35586150,501912106
2026-03-09,600104.SH,13.66,13.68,13.54,13.61,59699435,832246908
2026-03-10,600104.SH,13.66,13.72,13.61,13.71,44144226,618406540
2026-03-11,600104.SH,13.71,13.97,13.70,13.95,63234324,899619429
2026-03-12,600104.SH,13.93,14.07,13.89,14.05,54155282,776610011
2026-03-13,600104.SH,14.01,14.35,13.96,14.28,109303656,1595607499
2026-03-16,600104.SH,14.27,14.46,14.18,14.29,69484171,1020672762
2026-03-17,600104.SH,14.27,14.44,14.26,14.28,52852542,778139125
2026-03-18,600104.SH,14.33,14.35,13.98,14.05,62710615,904855316
2026-03-19,600104.SH,13.95,14.14,13.90,13.94,45176083,648316780
2026-03-20,600104.SH,13.94,14.10,13.86,13.94,55876501,800936065
2026-03-23,600104.SH,13.83,13.98,13.54,13.59,63087719,887062576
2026-03-24,600104.SH,13.71,13.77,13.40,13.74,56418909,785863724
2026-03-25,600104.SH,13.75,14.19,13.68,14.15,64741288,930535466
2026-03-26,600104.SH,14.12,14.27,13.98,14.00,47370929,685887960
2026-03-27,600104.SH,13.94,14.11,13.92,14.05,40385239,580836998
2026-03-30,600104.SH,13.92,14.08,13.76,14.03,43446398,620537250
2026-03-31,600104.SH,14.03,14.43,14.02,14.24,65880334,965828934
2026-04-01,600104.SH,14.40,14.48,14.27,14.46,71431154,1054221740
2026-04-02,600104.SH,14.47,14.47,13.92,13.96,107388373,1544171800
2026-04-03,600104.SH,13.97,13.98,13.72,13.74,43957144,622049105
2026-04-07,600104.SH,13.73,13.77,13.55,13.60,44219243,617677215
2026-04-08,600104.SH,13.76,13.90,13.69,13.89,55953552,791907675
2026-04-09,600104.SH,13.79,13.81,13.61,13.68,44195565,620348154
2026-04-10,600104.SH,13.75,13.87,13.70,13.81,43345147,613864734
2026-04-13,600104.SH,13.72,13.84,13.67,13.81,31486447,444357111
2026-04-14,600104.SH,13.80,13.85,13.68,13.77,43974782,619022955
2026-04-15,600104.SH,13.80,13.82,13.69,13.70,36945493,520288523
2026-04-16,600104.SH,13.70,13.78,13.68,13.71,42962516,603621699
2026-04-17,600104.SH,13.71,13.71,13.56,13.58,52516991,731829169
2026-04-20,600104.SH,13.60,13.61,13.53,13.56,38658127,537445854
2026-04-21,600104.SH,13.57,13.57,13.45,13.51,37850524,523109549
2026-04-22,600104.SH,13.52,13.52,13.42,13.50,35403083,488463635
2026-04-23,600104.SH,13.52,13.65,13.50,13.55,41175749,572547535
2026-04-24,600104.SH,13.53,13.54,13.34,13.38,40294006,552621378
2026-04-27,600104.SH,13.35,13.42,13.27,13.37,31009192,424304384
2026-04-28,600104.SH,13.36,13.36,13.24,13.27,35322556,480732042
2026-04-29,600104.SH,13.24,13.37,13.22,13.36,34019553,464735450
2026-04-30,600104.SH,13.60,13.63,13.42,13.45,40555913,560171844
2026-05-06,600104.SH,13.44,13.45,13.28,13.34,50499313,690695850
2026-05-07,600104.SH,13.35,13.37,13.24,13.26,36237026,493082950
2026-05-08,600104.SH,13.24,13.38,13.18,13.31,41332073,562341867
2026-05-11,600104.SH,13.29,13.29,13.20,13.23,37990091,514815967
2026-05-12,600104.SH,13.21,13.22,13.07,13.08,41251920,555119303
2026-05-13,600104.SH,13.08,13.12,12.96,12.98,39272222,523274278
2026-05-14,600104.SH,12.97,12.99,12.72,12.75,46805196,614099811
2026-05-15,600104.SH,12.76,12.81,12.61,12.63,41253117,536616882
2026-05-18,600104.SH,12.61,12.61,12.31,12.34,49356567,626602663
2026-05-19,600104.SH,12.36,12.48,12.27,12.33,33005693,417967358
2026-05-20,600104.SH,12.33,12.33,12.05,12.09,39838686,494708327
2026-05-21,600104.SH,12.11,12.33,12.08,12.10,43728113,546738796
2026-05-22,600104.SH,12.11,12.20,11.92,12.18,37408252,463724850
2026-05-25,600104.SH,12.19,12.29,11.99,12.03,32973926,408624248
2026-05-26,600104.SH,12.00,12.13,11.89,11.96,35933085,440921144
2026-05-27,600104.SH,11.96,12.03,11.78,11.83,37100801,450658168
2026-05-28,600104.SH,11.82,11.86,11.68,11.75,35535427,428009740
2026-05-29,600104.SH,11.76,12.02,11.70,12.02,51141131,623048950
2026-06-01,600104.SH,11.81,11.98,11.72,11.92,41123037,499901518
2026-06-02,600104.SH,11.93,12.05,11.85,11.98,38952402,477520671
2026-06-03,600104.SH,11.96,11.97,11.78,11.79,35195739,426522066
2026-06-04,600104.SH,11.78,11.84,11.49,11.53,45312108,539074212
2026-06-05,600104.SH,11.50,11.62,11.47,11.49,33694757,398630729
2026-06-08,600104.SH,11.39,11.49,11.13,11.19,51850986,598220065
2026-06-09,600104.SH,11.23,11.25,10.97,11.05,45367927,514097720
2026-06-10,600104.SH,10.98,11.03,10.73,10.82,65232302,724056456
2026-06-11,600104.SH,10.76,10.81,10.45,10.61,95445492,1034658720
2026-06-12,600104.SH,10.60,10.76,10.55,10.66,145131937,1583827981
2026-06-15,600104.SH,10.71,10.85,10.46,10.53,107081922,1166585130
2026-06-16,600104.SH,10.53,10.56,10.37,10.39,68464440,732199876
2026-06-17,600104.SH,10.34,10.37,10.20,10.31,77414209,815333244
2026-06-18,600104.SH,10.31,10.36,10.08,10.21,88227107,924831965
2026-06-22,600104.SH,10.21,10.30,9.93,10.25,76147831,788344239
2026-06-23,600104.SH,10.20,10.47,10.03,10.06,74222710,777794571
2026-06-24,600104.SH,10.13,10.15,9.83,9.84,60545440,616129694
2026-06-25,600104.SH,9.81,9.95,9.73,9.82,68760591,692509546
2026-06-26,600104.SH,9.81,9.83,9.50,9.50,65802094,648126133
2026-06-29,600104.SH,9.43,9.64,9.21,9.58,77127895,748338762
2026-06-30,600104.SH,9.52,9.61,9.39,9.52,54858740,533012905
2026-07-01,600104.SH,9.51,9.65,9.42,9.54,57537726,562317663
2026-07-02,600104.SH,9.60,9.84,9.56,9.64,79819884,790073991
2026-07-03,600104.SH,9.66,9.92,9.64,9.87,76465056,769503381
2026-07-06,600104.SH,9.89,10.02,9.79,10.01,63094061,643999326
2026-07-07,600104.SH,10.01,10.07,9.81,9.89,52817820,535699368
2026-07-08,600104.SH,9.84,9.91,9.71,9.78,36374801,365375014
2026-07-09,600104.SH,9.77,9.77,9.62,9.67,43014472,426458272
2026-07-10,600104.SH,9.68,10.00,9.58,9.88,71374913,720398487
2026-07-13,600104.SH,9.77,9.82,9.65,9.70,52027000,517355428
2026-07-14,600104.SH,9.66,9.83,9.62,9.81,48330253,482845702
2026-07-15,600104.SH,9.78,10.13,9.76,10.09,65128597,669597410
2026-07-16,600104.SH,10.05,10.34,9.99,10.27,64223255,672702106
2026-07-17,600104.SH,10.26,10.40,10.06,10.14,60204863,629954180
2026-07-20,600104.SH,10.05,10.35,10.05,10.34,73224760,767837051
2026-07-21,600104.SH,10.34,10.55,10.18,10.21,87625462,929561250
2026-07-22,600104.SH,10.19,10.29,10.04,10.28,56768095,591795423
2026-07-23,600104.SH,10.24,10.36,10.17,10.35,37830061,399246423
2026-07-24,600104.SH,10.22,10.38,10.13,10.13,40401810,423163934
2026-07-27,600104.SH,10.13,10.28,10.12,10.19,37169910,388843844
2026-07-28,600104.SH,10.15,10.32,10.13,10.32,44852266,471445115
2026-07-29,600104.SH,10.33,10.59,10.31,10.51,58928423,634577275
2026-07-30,600104.SH,10.52,10.89,10.47,10.88,84867447,936096754
2026-07-31,600104.SH,10.73,11.06,10.69,11.05,88726008,988189978
2026-08-03,600104.SH,10.91,11.10,10.90,10.98,62380473,702189396
2026-08-04,600104.SH,10.95,11.00,10.70,10.71,67874192,749421267
2026-08-05,600104.SH,10.73,10.76,10.57,10.60,55986862,610101003
2026-08-06,600104.SH,10.64,10.67,10.40,10.51,58247812,627418879
2026-08-07,600104.SH,10.54,10.56,10.40,10.45,46042952,481251540
2026-08-10,600104.SH,10.48,10.61,10.43,10.48,50553665,531846192
2026-08-11,600104.SH,10.50,10.52,10.29,10.30,51820736,537516168
2026-08-12,600104.SH,10.29,10.39,10.23,10.37,34215351,352859267
2026-08-13,600104.SH,10.37,10.37,10.16,10.17,39641519,405863495
2026-08-14,600104.SH,10.15,10.19,10.10,10.10,28286286,286399681
2026-08-17,600104.SH,10.07,10.10,9.98,10.07,31662791,318043743
2026-08-18,600104.SH,10.04,10.07,9.93,10.01,37314544,373098222
2026-08-19,600104.SH,10.00,10.06,9.96,9.99,35380587,353879030
2026-08-20,600104.SH,9.99,10.19,9.98,10.18,42915494,433985207
2026-08-21,600104.SH,10.15,10.15,10.03,10.14,28209212,284756473
2026-08-24,600104.SH,10.16,10.27,10.11,10.19,31358275,320205445
2026-08-25,600104.SH,10.23,10.32,10.19,10.31,35041436,359628424
2026-08-26,600104.SH,10.30,10.45,10.27,10.39,32798900,341026321
2026-08-27,600104.SH,10.40,10.40,10.21,10.24,35304284,362315428
2026-08-28,600104.SH,10.22,10.36,10.18,10.34,31326092,322015102
2026-08-31,600104.SH,10.37,10.42,10.31,10.40,45270443,468918907
2026-09-01,600104.SH,10.35,10.54,10.34,10.49,45125515,473338077
2026-09-02,600104.SH,10.46,10.50,10.30,10.36,31884100,330281411
2026-09-03,600104.SH,10.32,10.41,10.32,10.34,25004800,259306103
2026-09-04,600104.SH,10.37,10.54,10.36,10.47,41686963,437275595
2026-09-07,600104.SH,10.47,10.60,10.44,10.58,41165893,432857721
2026-09-08,600104.SH,10.60,10.72,10.56,10.71,43638038,464933872
2015-12-01,600111.SH,13.32,13.59,13.14,13.42,38550320,538179981
2015-12-02,600111.SH,13.43,13.79,13.21,13.76,45194707,634450993
2015-12-03,600111.SH,13.67,13.92,13.56,13.82,39116559,560761065
2015-12-04,600111.SH,13.72,13.80,13.35,13.46,38298564,541345475
2015-12-07,600111.SH,13.52,13.70,13.35,13.55,34452329,485209199
2015-12-08,600111.SH,13.45,13.53,13.00,13.15,40001026,552777232
2015-12-09,600111.SH,13.24,13.36,12.91,12.98,34512646,470605186
2015-12-10,600111.SH,12.99,13.08,12.83,13.04,28281757,382354934
2015-12-11,600111.SH,12.99,13.41,12.87,13.22,41876641,573919679
2015-12-14,600111.SH,12.96,13.79,12.91,13.72,60515356,852212483
2015-12-15,600111.SH,13.65,13.75,13.53,13.55,33657426,476778635
2015-12-16,600111.SH,13.59,13.87,13.52,13.64,37244937,530906382
2015-12-17,600111.SH,13.71,14.03,13.67,13.80,47303079,679912582
2015-12-18,600111.SH,13.75,13.80,13.45,13.58,40209292,569382771
2015-12-21,600111.SH,13.60,14.02,13.56,13.97,55416109,798119868
2015-12-22,600111.SH,14.06,14.73,14.00,14.46,101560010,1512920580
2015-12-23,600111.SH,14.31,14.35,13.97,14.01,51349486,757561129
2015-12-24,600111.SH,14.03,14.33,13.86,14.23,49541557,730544884
2015-12-25,600111.SH,14.25,14.35,13.99,14.08,29104698,427224102
2015-12-28,600111.SH,14.12,14.19,13.45,13.46,44834709,642176345
2015-12-29,600111.SH,13.45,13.60,13.35,13.56,27445648,384965211
2015-12-30,600111.SH,13.61,13.71,13.42,13.60,29944669,422901003
2015-12-31,600111.SH,13.59,13.68,13.43,13.47,24676926,348655930
2016-01-04,600111.SH,13.52,13.55,12.13,12.16,33810031,455642979
2016-01-05,600111.SH,11.73,12.54,11.60,12.33,46693828,591201241
2016-01-06,600111.SH,12.34,13.26,12.21,13.05,52595229,701363469
2016-01-07,600111.SH,12.85,12.87,11.81,11.86,14610372,187748849
2016-01-08,600111.SH,12.27,12.73,11.43,12.39,51803195,665222996
2016-01-11,600111.SH,12.11,12.77,12.01,12.20,53155821,687643466
2016-01-12,600111.SH,12.34,12.44,11.92,12.09,38059459,481142426
2016-01-13,600111.SH,12.12,12.36,11.89,11.97,37210613,469188498
2016-01-14,600111.SH,11.54,12.36,11.54,12.34,38337245,480965078
2016-01-15,600111.SH,12.18,12.37,11.62,11.75,32127982,401094932
2016-01-18,600111.SH,11.53,11.94,11.43,11.76,22745447,277608897
2016-01-19,600111.SH,11.78,12.08,11.69,12.06,32004746,397752522
2016-01-20,600111.SH,11.99,12.46,11.89,12.01,42016192,530820305
2016-01-21,600111.SH,11.78,12.04,11.53,11.54,31253918,383302895
2016-01-22,600111.SH,11.68,11.78,11.41,11.68,20808538,251744265
2016-01-25,600111.SH,11.73,12.05,11.68,11.95,22248952,274921514
2016-01-26,600111.SH,11.85,12.24,11.05,11.24,50381433,621307524
2016-01-27,600111.SH,11.38,11.80,11.05,11.63,51163755,611379999
2016-01-28,600111.SH,11.52,11.52,10.67,10.70,39224486,452001728
2016-01-29,600111.SH,10.66,11.17,10.58,11.01,33707270,382757046
2016-02-01,600111.SH,11.03,11.22,10.58,10.72,25928635,294576226
2016-02-02,600111.SH,10.61,11.07,10.61,10.98,23909567,271982299
2016-02-03,600111.SH,10.81,10.93,10.68,10.86,19538725,219455175
2016-02-04,600111.SH,10.98,11.46,10.98,11.21,39196731,458683810
2016-02-05,600111.SH,11.24,11.35,10.85,10.94,24644290,285388044
2016-02-15,600111.SH,10.61,11.38,10.57,11.25,30842637,354855401
2016-02-16,600111.SH,11.23,11.65,11.18,11.51,39624736,472426718
2016-02-17,600111.SH,11.48,11.59,11.28,11.52,38178115,454442752
2016-02-18,600111.SH,11.61,11.76,11.43,11.45,45497779,548778959
2016-02-19,600111.SH,11.48,11.49,11.26,11.35,24509809,289811638
2016-02-22,600111.SH,11.53,12.25,11.53,12.04,81100681,1010684564
2016-02-23,600111.SH,11.91,12.28,11.85,11.97,59074129,740714057
2016-02-24,600111.SH,11.91,11.98,11.73,11.97,36387763,449389999
2016-02-25,600111.SH,11.96,11.99,10.77,10.85,57694348,681071182
2016-02-26,600111.SH,10.87,11.33,10.81,11.14,44226740,509088705
2016-02-29,600111.SH,11.05,11.09,10.39,10.69,38712448,428465874
2016-03-01,600111.SH,10.74,11.07,10.68,11.01,33692148,382845365
2016-03-02,600111.SH,11.03,12.11,10.92,12.11,90271168,1096384967
2016-03-03,600111.SH,12.19,12.62,11.89,11.94,105530358,1345301969
2016-03-04,600111.SH,12.09,12.56,11.74,12.22,93448980,1189210261
2016-03-07,600111.SH,12.66,13.11,12.30,12.97,119973487,1578115634
2016-03-08,600111.SH,12.87,12.92,12.34,12.59,101194362,1324037767
2016-03-09,600111.SH,12.01,12.16,11.70,11.75,66203906,821706642
2016-03-10,600111.SH,11.85,12.03,11.53,11.58,41657466,510898373
2016-03-11,600111.SH,11.43,11.66,11.32,11.45,30992017,370168114
2016-03-14,600111.SH,11.59,11.94,11.54,11.77,37835430,464066247
2016-03-15,600111.SH,11.68,12.23,11.39,12.17,71547993,879173827
2016-03-16,600111.SH,11.96,12.43,11.86,11.87,49702399,626875739
2016-03-17,600111.SH,11.99,12.27,11.77,12.11,40707431,511463521
2016-03-18,600111.SH,12.25,12.77,12.08,12.32,112305876,1448959904
2016-03-21,600111.SH,12.28,12.75,12.23,12.62,96494162,1255167113
2016-03-22,600111.SH,12.48,12.54,12.30,12.36,52056577,672555213
2016-03-23,600111.SH,12.29,12.85,12.29,12.69,91542117,1206364026
2016-03-24,600111.SH,12.49,12.49,12.12,12.14,66019473,845056055
2016-03-25,600111.SH,12.10,12.26,11.98,12.16,32620887,410788367
2016-03-28,600111.SH,12.19,12.34,12.03,12.09,40076357,510136401
2016-03-29,600111.SH,12.08,12.34,11.86,11.96,42335350,533687422
2016-03-30,600111.SH,12.09,12.27,11.99,12.25,38337141,485386605
2016-03-31,600111.SH,12.23,12.30,12.12,12.18,33997381,431511143
2016-04-01,600111.SH,12.16,12.56,12.11,12.47,71690044,923216773
2016-04-05,600111.SH,12.47,12.71,12.24,12.59,68663358,893574515
2016-04-06,600111.SH,12.50,12.59,12.31,12.44,39642575,513960109
2016-04-07,600111.SH,12.46,12.53,12.20,12.21,34926027,447050753
2016-04-08,600111.SH,12.09,12.19,11.86,12.03,28938662,362344844
2016-04-11,600111.SH,12.11,12.59,12.11,12.45,59983377,778028956
2016-04-12,600111.SH,12.43,12.58,12.27,12.39,43755624,565272802
2016-04-13,600111.SH,12.58,13.59,12.58,12.94,156400811,2129327865
2016-04-14,600111.SH,12.96,13.06,12.67,12.87,77212579,1033547733
2016-04-15,600111.SH,12.87,13.25,12.76,13.06,84711185,1152676885
2016-04-18,600111.SH,12.95,12.95,12.57,12.65,52744802,697571601
2016-04-19,600111.SH,12.92,13.55,12.89,13.10,99480707,1369932965
2016-04-20,600111.SH,13.22,13.93,12.98,13.75,243425817,3427036579
2016-04-21,600111.SH,13.45,14.70,13.33,14.00,278489190,4066395526
2016-04-22,600111.SH,13.51,13.67,13.13,13.35,118373038,1645795380
2016-04-25,600111.SH,13.16,13.42,12.96,13.20,72700106,997902348
2016-04-26,600111.SH,13.08,13.27,12.80,13.19,76885057,1041740522
2016-04-27,600111.SH,13.25,13.26,12.78,12.84,64371913,871772277
2016-04-28,600111.SH,12.87,13.04,12.61,12.75,53641984,714452412
2016-04-29,600111.SH,12.75,13.04,12.73,12.90,49374145,662852061
2016-05-03,600111.SH,12.89,13.43,12.77,13.32,73401329,1006626952
2016-05-04,600111.SH,13.18,13.33,13.05,13.15,53627299,734804670
2016-05-05,600111.SH,13.18,13.35,13.10,13.32,52915826,730059227
2016-05-06,600111.SH,13.38,13.71,12.81,12.85,90973420,1260841125
2016-05-09,600111.SH,12.68,12.69,11.61,11.78,88264045,1109277565
2016-05-10,600111.SH,11.68,11.74,11.26,11.59,49626714,595216336
2016-05-11,600111.SH,11.70,11.88,11.60,11.65,46788146,572254403
2016-05-12,600111.SH,11.63,12.15,11.37,12.10,62847946,776282745
2016-05-13,600111.SH,11.98,12.20,11.77,11.87,48503069,603535843
2016-05-16,600111.SH,11.79,12.56,11.71,12.36,76566319,973449471
2016-05-17,600111.SH,12.29,13.21,12.26,12.68,143090183,1912472612
2016-05-18,600111.SH,12.37,12.51,11.95,12.23,71199803,909127790
2016-05-19,600111.SH,12.19,13.14,12.15,13.11,127287708,1691428941
2016-05-20,600111.SH,12.82,13.43,12.80,13.06,115943477,1581857400
2016-05-23,600111.SH,12.92,13.19,12.75,13.08,76496784,1030318788
2016-05-24,600111.SH,12.94,13.09,12.51,12.73,61371203,818972794
2016-05-25,600111.SH,12.87,13.01,12.17,12.33,68013632,891255887
2016-05-26,600111.SH,12.20,13.08,11.96,13.02,95338846,1245560365
2016-05-27,600111.SH,12.97,13.25,12.77,12.84,81735599,1104958188
2016-05-30,600111.SH,12.68,13.49,12.44,13.13,106938273,1453968145
2016-05-31,600111.SH,13.15,14.45,13.14,14.45,225658284,3253647137
2016-06-01,600111.SH,14.53,14.88,14.27,14.33,235144260,3560057139
2016-06-02,600111.SH,14.19,14.55,14.10,14.47,122515675,1829489703
2016-06-03,600111.SH,14.46,14.59,14.20,14.33,108849786,1628499998
2016-06-06,600111.SH,14.33,14.43,13.98,14.21,74285355,1099210714
2016-06-07,600111.SH,14.21,14.41,14.01,14.12,90210229,1332983251
2016-06-08,600111.SH,13.93,13.97,13.39,13.50,114000112,1614391561
2016-06-13,600111.SH,13.25,13.55,12.97,12.99,82589801,1143919509
2016-06-14,600111.SH,13.00,13.24,12.93,13.16,56295772,767934401
2016-06-15,600111.SH,12.97,13.73,12.92,13.56,86918757,1219734949
2016-06-16,600111.SH,13.49,13.79,13.25,13.36,83608450,1176722758
2016-06-17,600111.SH,13.34,13.80,13.30,13.46,83429778,1175019285
2016-06-20,600111.SH,13.43,13.48,13.06,13.24,50864755,699827206
2016-06-21,600111.SH,13.31,13.45,12.91,13.20,63940375,879041549
2016-06-22,600111.SH,13.09,13.44,13.02,13.38,48831951,673230310
2016-06-23,600111.SH,13.28,13.35,12.83,12.93,64389938,870760185
2016-06-24,600111.SH,12.90,13.02,12.25,12.61,56762073,747417838
2016-06-27,600111.SH,12.61,12.85,12.54,12.83,39078362,517387039
2016-06-28,600111.SH,12.75,12.90,12.66,12.89,46050961,610397914
2016-06-29,600111.SH,12.80,13.24,12.76,13.06,80090649,1081873702
2016-06-30,600111.SH,12.99,13.04,12.73,12.81,45812654,611606060
2016-07-01,600111.SH,12.85,12.91,12.76,12.80,33096617,441254989
2016-07-04,600111.SH,12.75,13.38,12.73,13.21,82260669,1126787378
2016-07-05,600111.SH,13.18,13.32,13.05,13.31,67772590,929863063
2016-07-06,600111.SH,13.24,13.64,13.20,13.42,81110470,1130852842
2016-07-07,600111.SH,13.38,14.25,13.34,13.72,138268386,1986943311
2016-07-08,600111.SH,13.62,13.81,13.50,13.76,72957927,1036147513
2016-07-11,600111.SH,14.10,15.14,13.84,14.56,257638588,3934852250
2016-07-12,600111.SH,14.44,14.84,14.37,14.67,176870186,2683104626
2016-07-13,600111.SH,14.77,14.80,14.23,14.39,134236843,2006498612
2016-07-14,600111.SH,14.25,14.31,13.93,14.13,83253179,1217685570
2016-07-15,600111.SH,14.13,14.31,13.99,14.18,65849704,968380846
2016-07-18,600111.SH,14.27,14.41,14.08,14.18,80093904,1186297444
2016-07-19,600111.SH,14.08,14.10,13.85,14.03,58383543,847294209
2016-07-20,600111.SH,14.02,14.29,13.91,14.07,55397788,813059408
2016-07-21,600111.SH,14.05,14.13,13.87,14.01,46901727,681691907
2016-07-22,600111.SH,14.01,14.26,13.94,14.16,67162869,985074409
2016-07-25,600111.SH,14.06,14.17,13.88,13.95,46735409,679977577
2016-07-26,600111.SH,13.96,14.10,13.92,14.07,36885666,536835662
2016-07-27,600111.SH,14.10,14.10,12.99,13.11,103593027,1448278253
2016-07-28,600111.SH,13.14,13.35,12.99,13.23,46305567,634433979
2016-07-29,600111.SH,13.23,13.25,13.02,13.03,27505984,374073094
2016-08-01,600111.SH,12.85,12.85,12.44,12.67,49287496,645660244
2016-08-02,600111.SH,12.65,12.74,12.61,12.73,20820375,274392127
2016-08-03,600111.SH,12.73,12.90,12.61,12.69,33890116,448429889
2016-08-04,600111.SH,12.70,12.83,12.55,12.78,33162982,438106243
2016-08-05,600111.SH,12.75,12.77,12.62,12.67,28583946,376890264
2016-08-08,600111.SH,12.65,12.85,12.51,12.84,37141821,490925090
2016-08-09,600111.SH,13.12,13.32,12.98,13.06,69084403,942794994
2016-08-10,600111.SH,12.95,13.42,12.92,13.15,62920826,862364123
2016-08-11,600111.SH,13.05,13.09,12.86,12.87,39101730,526469001
2016-08-12,600111.SH,12.87,12.99,12.77,12.97,29691406,397646715
2016-08-15,600111.SH,12.99,13.25,12.91,13.19,56450813,770157486
2016-08-16,600111.SH,13.22,13.39,13.16,13.32,45678098,629447584
2016-08-17,600111.SH,13.28,13.31,13.11,13.23,31893994,437260633
2016-08-18,600111.SH,13.23,13.25,13.04,13.19,37864134,516770726
2016-08-19,600111.SH,13.15,13.42,13.11,13.29,56510797,780245772
2016-08-22,600111.SH,13.27,13.27,12.88,12.90,41635257,563778280
2016-08-23,600111.SH,12.87,12.98,12.82,12.90,20497078,274771813
2016-08-24,600111.SH,12.92,12.95,12.85,12.87,16697006,223547222
2016-08-25,600111.SH,12.77,12.77,12.57,12.68,29286576,385119396
2016-08-26,600111.SH,12.70,12.94,12.70,12.77,26029651,346517004
2016-08-29,600111.SH,12.73,12.80,12.67,12.79,17792829,235594695
2016-08-30,600111.SH,12.78,12.93,12.74,12.77,20971960,279438676
2016-08-31,600111.SH,12.77,12.94,12.64,12.86,22533232,299675681
2016-09-01,600111.SH,12.85,12.86,12.66,12.73,18623487,246968487
2016-09-02,600111.SH,12.71,12.84,12.63,12.70,20966252,277188536
2016-09-05,600111.SH,12.74,12.95,12.71,12.79,26916719,358892169
2016-09-06,600111.SH,12.83,12.95,12.73,12.95,29309913,392147749
2016-09-07,600111.SH,12.98,13.12,12.90,12.99,39568332,534455248
2016-09-08,600111.SH,12.99,13.07,12.86,12.91,24989211,336305474
2016-09-09,600111.SH,12.89,12.93,12.69,12.70,27758926,368744959
2016-09-12,600111.SH,12.47,12.47,12.03,12.09,50334973,640393791
2016-09-13,600111.SH,12.18,12.22,12.03,12.13,18685064,235263685
2016-09-14,600111.SH,12.04,12.31,11.99,12.20,20253705,255919933
2016-09-19,600111.SH,12.31,12.48,12.28,12.35,22104166,284398018
2016-09-20,600111.SH,12.35,12.35,12.23,12.30,10513939,134115815
2016-09-21,600111.SH,12.30,12.39,12.28,12.32,11159124,142787074
2016-09-22,600111.SH,12.41,12.42,12.28,12.29,14946043,191581245
2016-09-23,600111.SH,12.32,12.34,12.12,12.13,16211548,205514508
2016-09-26,600111.SH,12.13,12.13,11.80,11.83,19292315,239873458
2016-09-27,600111.SH,11.76,11.90,11.70,11.85,17011063,208617642
2016-09-28,600111.SH,11.88,11.88,11.75,11.76,10204631,124903207
2016-09-29,600111.SH,11.80,11.92,11.77,11.80,13601859,167210946
2016-09-30,600111.SH,11.80,11.93,11.77,11.90,14417593,177700944
2016-10-10,600111.SH,11.92,12.07,11.91,12.06,15581644,194200898
2016-10-11,600111.SH,12.11,12.11,11.99,12.06,16017307,200402184
2016-10-12,600111.SH,12.04,12.04,11.96,12.00,13455243,167562483
2016-10-13,600111.SH,12.02,12.03,11.98,12.02,12551433,156563099
2016-10-14,600111.SH,12.01,12.01,11.90,11.96,12083614,149965566
2016-10-17,600111.SH,11.98,12.06,11.90,11.91,15739407,196095061
2016-10-18,600111.SH,11.89,12.27,11.86,12.20,25359223,317544749
2016-10-19,600111.SH,12.27,12.39,12.16,12.21,43026190,550191116
2016-10-20,600111.SH,12.24,12.26,12.14,12.17,15757376,199544767
2016-10-21,600111.SH,12.20,12.24,12.01,12.13,19776309,249127147
2016-10-24,600111.SH,12.11,12.37,12.08,12.29,30978713,394761451
2016-10-25,600111.SH,12.29,12.45,12.22,12.43,27650555,354330814
2016-10-26,600111.SH,12.40,12.40,12.21,12.24,21371921,272741204
2016-10-27,600111.SH,12.21,12.29,12.20,12.22,13369926,170039921
2016-10-28,600111.SH,12.24,12.27,12.03,12.05,19234625,242418790
2016-10-31,600111.SH,12.04,12.13,11.98,12.09,11201467,140435689
2016-11-01,600111.SH,12.03,12.24,12.03,12.20,16119114,204027345
2016-11-02,600111.SH,12.15,12.27,12.13,12.20,20943474,265613224
2016-11-03,600111.SH,12.14,12.27,12.03,12.19,23953575,303419514
2016-11-04,600111.SH,12.21,12.65,12.18,12.41,67264055,868604275
2016-11-07,600111.SH,12.32,12.62,12.24,12.51,42854913,554173245
2016-11-08,600111.SH,12.51,12.76,12.39,12.61,47483570,620065340
2016-11-09,600111.SH,12.68,12.73,12.33,12.60,58632418,765806306
2016-11-10,600111.SH,12.74,12.97,12.69,12.70,64491818,858107111
2016-11-11,600111.SH,12.72,13.33,12.65,13.19,121207400,1644489686
2016-11-14,600111.SH,12.98,13.16,12.85,13.11,78983893,1067243551
2016-11-15,600111.SH,13.14,13.40,12.93,13.00,50443956,687576744
2016-11-16,600111.SH,12.96,13.07,12.80,12.99,45819168,614572966
2016-11-17,600111.SH,12.90,13.17,12.80,13.03,40462409,546263673
2016-11-18,600111.SH,12.98,12.99,12.70,12.74,34593210,461318280
2016-11-21,600111.SH,12.69,12.86,12.63,12.71,28055808,371345501
2016-11-22,600111.SH,12.73,12.93,12.72,12.86,30290471,403846696
2016-11-23,600111.SH,12.88,12.94,12.67,12.71,27271323,362203787
2016-11-24,600111.SH,12.78,13.02,12.75,12.82,42278885,566559677
2016-11-25,600111.SH,12.79,12.82,12.52,12.76,29604303,389899118
2016-11-28,600111.SH,12.83,13.02,12.73,12.99,49709945,667137296
2016-11-29,600111.SH,12.93,12.95,12.77,12.77,37699509,502742528
2016-11-30,600111.SH,12.71,12.73,12.42,12.50,38202026,498309231
2016-12-01,600111.SH,12.50,12.65,12.50,12.58,18173366,237559754
2016-12-02,600111.SH,12.59,12.59,12.27,12.28,24532438,316055442
2016-12-05,600111.SH,12.19,12.36,12.14,12.22,15526431,197494890
2016-12-06,600111.SH,12.26,12.51,12.22,12.45,17719383,227467970
2016-12-07,600111.SH,12.49,12.56,12.41,12.52,19916251,258639176
2016-12-08,600111.SH,12.53,12.66,12.44,12.47,17877554,232697289
2016-12-09,600111.SH,12.41,12.61,12.38,12.49,16687624,216784125
2016-12-12,600111.SH,12.75,12.82,12.07,12.18,45448539,589170225
2016-12-13,600111.SH,12.08,12.58,11.95,12.37,32298348,411419564
2016-12-14,600111.SH,12.23,12.33,11.91,12.08,27901518,351355893
2016-12-15,600111.SH,12.02,12.27,11.99,12.15,14251010,179537459
2016-12-16,600111.SH,12.17,12.17,12.00,12.06,16128234,201974479
2016-12-19,600111.SH,12.15,12.40,12.06,12.27,25866415,329830901
2016-12-20,600111.SH,12.27,12.33,12.07,12.21,16163979,204891480
2016-12-21,600111.SH,12.23,12.37,12.21,12.29,15952332,203413560
2016-12-22,600111.SH,12.29,12.29,12.10,12.20,12931273,163658487
2016-12-23,600111.SH,12.20,12.21,12.00,12.06,14021441,175799962
2016-12-26,600111.SH,12.03,12.06,11.89,12.05,13005990,161596319
2016-12-27,600111.SH,12.02,12.13,12.00,12.04,9273999,116313510
2016-12-28,600111.SH,12.02,12.10,11.93,11.94,10072883,125556764
2016-12-29,600111.SH,11.95,12.00,11.79,11.82,12646367,156526581
2016-12-30,600111.SH,11.84,11.90,11.72,11.81,11385313,139757117
2017-01-03,600111.SH,11.89,11.99,11.87,11.96,12895901,160200554
2017-01-04,600111.SH,11.96,12.09,11.93,12.07,13007630,162560270
2017-01-05,600111.SH,12.10,12.10,11.99,12.04,12527447,156586432
2017-01-06,600111.SH,12.07,12.07,11.93,11.97,12254499,152521370
2017-01-09,600111.SH,11.97,12.02,11.92,11.99,9798895,121804238
2017-01-10,600111.SH,11.98,12.10,11.94,12.03,16257491,202987898
2017-01-11,600111.SH,12.03,12.10,11.94,11.98,14557642,181676746
2017-01-12,600111.SH,11.96,11.99,11.70,11.75,16253589,199985177
2017-01-13,600111.SH,11.75,11.79,11.56,11.62,15890801,192765102
2017-01-16,600111.SH,11.55,11.82,11.21,11.72,39201340,467375559
2017-01-17,600111.SH,11.67,11.67,11.44,11.62,9585140,115224008
2017-01-18,600111.SH,11.62,11.66,11.54,11.55,7306800,87915590
2017-01-19,600111.SH,11.55,11.59,11.46,11.48,7910625,94593957
2017-01-20,600111.SH,11.48,11.58,11.46,11.57,8162681,97948432
2017-01-23,600111.SH,11.61,11.79,11.59,11.68,12567741,152563776
2017-01-24,600111.SH,11.69,11.70,11.58,11.63,7480534,90396891
2017-01-25,600111.SH,11.62,11.71,11.60,11.69,8195582,99441439
2017-01-26,600111.SH,11.70,12.10,11.68,12.03,30598709,379864492
2017-02-03,600111.SH,11.99,12.11,11.92,11.96,15364976,191461414
2017-02-06,600111.SH,11.96,11.99,11.84,11.94,12406319,153514810
2017-02-07,600111.SH,11.96,12.05,11.91,11.99,13263043,165053361
2017-02-08,600111.SH,11.99,12.01,11.88,11.99,11281511,140052176
2017-02-09,600111.SH,12.00,12.06,11.96,12.05,21627273,269909601
2017-02-10,600111.SH,12.04,12.17,11.99,12.09,24664486,309481739
2017-02-13,600111.SH,12.13,12.37,12.11,12.16,38053047,483600778
2017-02-14,600111.SH,12.15,12.17,12.03,12.17,21169992,266283255
2017-02-15,600111.SH,12.14,12.21,11.96,11.97,24232659,304143660
2017-02-16,600111.SH,12.07,12.69,12.07,12.49,84608466,1092926173
2017-02-17,600111.SH,12.40,12.41,12.24,12.28,37871074,484204084
2017-02-20,600111.SH,12.26,12.40,12.22,12.35,22476154,287451083
2017-02-21,600111.SH,12.35,12.51,12.28,12.42,32504640,418473605
2017-02-22,600111.SH,12.44,12.53,12.37,12.42,22989302,297012820
2017-02-23,600111.SH,12.42,12.57,12.31,12.42,29953381,387084033
2017-02-24,600111.SH,12.36,12.37,12.23,12.34,20765590,265040987
2017-02-27,600111.SH,12.34,12.41,12.23,12.30,15537838,198599518
2017-02-28,600111.SH,12.30,12.49,12.26,12.40,21568908,277761617
2017-03-01,600111.SH,12.40,12.56,12.33,12.44,32274620,418147532
2017-03-02,600111.SH,12.46,12.77,12.43,12.48,50403455,660356307
2017-03-03,600111.SH,12.33,12.43,12.28,12.41,23454583,301118850
2017-03-06,600111.SH,12.47,12.57,12.41,12.47,20418770,264599023
2017-03-07,600111.SH,12.46,12.48,12.29,12.35,21350031,273982147
2017-03-08,600111.SH,12.35,12.36,12.21,12.23,16401209,208778087
2017-03-09,600111.SH,12.21,12.23,12.13,12.16,13909357,175827315
2017-03-10,600111.SH,12.14,12.22,12.12,12.18,10104403,127828525
2017-03-13,600111.SH,12.16,12.35,12.11,12.34,19457833,247881161
2017-03-14,600111.SH,12.43,12.46,12.32,12.34,19396036,249249528
2017-03-15,600111.SH,12.30,12.39,12.22,12.26,14640278,186915638
2017-03-16,600111.SH,12.31,12.45,12.27,12.42,24618287,316506511
2017-03-17,600111.SH,12.44,12.55,12.32,12.33,30563475,395271037
2017-03-20,600111.SH,12.37,12.45,12.24,12.33,20462275,262454857
2017-03-21,600111.SH,12.34,12.34,12.20,12.22,16009542,203607370
2017-03-22,600111.SH,12.18,12.26,12.09,12.19,12585338,159151894
2017-03-23,600111.SH,12.16,12.23,12.03,12.06,17265543,217077827
2017-03-24,600111.SH,12.10,12.11,11.87,11.98,22073469,274694187
2017-03-27,600111.SH,11.94,12.03,11.84,11.91,13226507,163708699
2017-03-28,600111.SH,11.89,11.97,11.87,11.96,8741040,108436102
2017-03-29,600111.SH,11.96,12.01,11.90,11.91,10793966,134012339
2017-03-30,600111.SH,11.91,11.92,11.58,11.62,21885531,265613510
2017-03-31,600111.SH,11.65,11.71,11.60,11.66,11512511,139470286
2017-04-05,600111.SH,11.66,12.00,11.64,11.90,20130370,248659969
2017-04-06,600111.SH,11.91,11.96,11.85,11.89,9194920,113613786
2017-04-07,600111.SH,11.95,12.06,11.89,11.92,17068271,212230073
2017-04-10,600111.SH,11.94,11.94,11.72,11.75,13758885,168318207
2017-04-11,600111.SH,11.76,11.84,11.64,11.84,16115720,196181458
2017-04-12,600111.SH,11.82,12.16,11.73,12.01,32326017,402103502
2017-04-13,600111.SH,12.03,12.09,11.92,12.06,21604785,269353602
2017-04-14,600111.SH,12.12,12.40,12.03,12.16,48653942,619225292
2017-04-17,600111.SH,12.13,12.27,11.94,12.25,29599892,371488134
2017-04-18,600111.SH,12.24,12.24,11.99,12.01,19624537,246589706
2017-04-19,600111.SH,11.92,11.92,11.62,11.69,23368736,284948930
2017-04-20,600111.SH,11.70,11.79,11.67,11.69,13021013,158490935
2017-04-21,600111.SH,11.70,11.75,11.53,11.54,15249509,183976203
2017-04-24,600111.SH,11.55,11.58,10.59,10.87,27789078,315710365
2017-04-25,600111.SH,10.85,10.96,10.78,10.81,12153199,137074234
2017-04-26,600111.SH,10.86,10.91,10.77,10.83,7234514,81422404
2017-04-27,600111.SH,10.85,10.90,10.50,10.89,15474782,172116239
2017-04-28,600111.SH,10.90,11.02,10.87,10.96,11656356,132626435
2017-05-02,600111.SH,11.03,11.04,10.91,11.00,9427171,107424213
2017-05-03,600111.SH,10.98,11.19,10.95,11.01,11980938,137705495
2017-05-04,600111.SH,10.95,10.99,10.78,10.97,10642244,120451537
2017-05-05,600111.SH,11.02,11.12,10.91,11.02,15179293,173521789
2017-05-08,600111.SH,10.95,11.09,10.88,11.07,14242429,162628199
2017-05-09,600111.SH,11.08,11.26,11.03,11.17,19970915,231422568
2017-05-10,600111.SH,11.21,11.23,10.67,10.67,19349951,220443288
2017-05-11,600111.SH,10.67,10.70,10.31,10.61,20263449,221856043
2017-05-12,600111.SH,10.60,10.66,10.41,10.52,11978110,130978739
2017-05-15,600111.SH,10.54,10.64,10.44,10.47,7721621,84489458
2017-05-16,600111.SH,10.47,10.66,10.31,10.65,12191109,132816355
2017-05-17,600111.SH,10.64,10.73,10.57,10.61,10988427,121568132
2017-05-18,600111.SH,10.52,10.59,10.46,10.50,8890741,97200464
2017-05-19,600111.SH,10.48,10.73,10.47,10.67,11855708,130904366
2017-05-22,600111.SH,10.68,10.85,10.49,10.56,15431541,171481056
2017-05-23,600111.SH,10.45,10.53,10.20,10.52,20562056,221451576
2017-05-24,600111.SH,10.41,10.58,10.34,10.57,11117299,121003563
2017-05-25,600111.SH,10.59,10.73,10.48,10.68,13556423,149692758
2017-05-26,600111.SH,10.68,10.71,10.54,10.56,11379866,125314840
2017-05-31,600111.SH,10.57,10.69,10.54,10.55,8994991,99284225
2017-06-01,600111.SH,10.53,10.58,10.34,10.43,12262983,132825432
2017-06-02,600111.SH,10.37,10.42,10.17,10.36,10932591,116915568
2017-06-05,600111.SH,10.36,10.45,10.36,10.41,6449712,69678628
2017-06-06,600111.SH,10.50,10.50,10.35,10.40,5303495,57219133
2017-06-07,600111.SH,10.41,10.63,10.40,10.62,13156707,143909314
2017-06-08,600111.SH,10.64,10.66,10.55,10.57,8793844,96674404
2017-06-09,600111.SH,10.57,10.67,10.52,10.66,10773090,118372406
2017-06-12,600111.SH,10.57,10.60,10.37,10.38,9818912,106661254
2017-06-13,600111.SH,10.38,10.64,10.38,10.56,11883074,130048523
2017-06-14,600111.SH,10.60,10.87,10.57,10.69,21516000,239558730
2017-06-15,600111.SH,10.71,10.77,10.61,10.77,16674716,185200553
2017-06-16,600111.SH,10.78,10.89,10.70,10.81,17397414,195134593
2017-06-19,600111.SH,10.79,10.87,10.73,10.80,12349748,138191581
2017-06-20,600111.SH,10.80,10.96,10.77,10.83,16927813,191037648
2017-06-21,600111.SH,10.94,10.94,10.69,10.77,12563562,140560080
2017-06-22,600111.SH,10.79,10.86,10.73,10.78,17938347,201086292
2017-06-23,600111.SH,10.84,10.91,10.65,10.82,17852695,199875047
2017-06-26,600111.SH,10.78,11.02,10.77,11.01,26394771,299818025
2017-06-27,600111.SH,11.06,11.11,10.91,10.99,17867431,204102932
2017-06-28,600111.SH,10.96,11.12,10.93,10.98,21337316,244493522
2017-06-29,600111.SH,10.97,11.07,10.95,11.00,14287660,163341845
2017-06-30,600111.SH,10.98,10.99,10.80,10.92,12059612,136410304
2017-07-03,600111.SH,10.91,11.09,10.91,11.08,17143555,196220389
2017-07-04,600111.SH,11.16,11.23,11.02,11.05,21784313,251354949
2017-07-05,600111.SH,11.04,11.31,10.96,11.26,28695503,332705343
2017-07-06,600111.SH,11.25,11.80,11.18,11.70,68485477,818557349
2017-07-07,600111.SH,11.67,12.86,11.56,12.86,176990206,2276088188
2017-07-10,600111.SH,12.89,13.12,12.53,12.63,152608579,2032851622
2017-07-11,600111.SH,12.52,12.60,12.10,12.21,85543872,1094899944
2017-07-12,600111.SH,12.26,12.79,12.21,12.64,89071060,1155812612
2017-07-13,600111.SH,12.91,13.90,12.65,13.67,320418177,4532573788
2017-07-14,600111.SH,13.30,13.46,13.07,13.26,160077522,2202788663
2017-07-17,600111.SH,13.22,13.50,12.62,13.00,159655936,2174404583
2017-07-18,600111.SH,13.01,13.72,12.92,13.49,186758579,2589670936
2017-07-19,600111.SH,13.58,13.98,13.40,13.84,215185129,3071863310
2017-07-20,600111.SH,13.58,14.34,13.42,13.91,243302661,3494982462
2017-07-21,600111.SH,13.78,14.01,13.49,13.61,117694054,1673994327
2017-07-24,600111.SH,13.52,13.78,13.32,13.61,89067977,1251290148
2017-07-25,600111.SH,13.62,13.95,13.30,13.42,134488606,1905115634
2017-07-26,600111.SH,13.86,14.76,13.52,14.59,294237925,4344950973
2017-07-27,600111.SH,14.43,15.81,14.41,15.17,308025786,4855764647
2017-07-28,600111.SH,14.98,16.67,14.84,16.30,263066750,4275536455
2017-07-31,600111.SH,16.48,17.93,16.43,17.93,313060583,5624833379
2017-08-01,600111.SH,17.82,17.82,17.06,17.45,260127620,4688714589
2017-08-02,600111.SH,17.34,18.68,17.11,17.29,330458029,6086858574
2017-08-03,600111.SH,16.98,17.75,16.79,17.69,227742250,4112195553
2017-08-04,600111.SH,17.64,18.40,16.75,16.77,259641925,4748338470
2017-08-07,600111.SH,16.86,18.45,16.86,18.45,369014134,6848688749
2017-08-08,600111.SH,18.59,19.64,18.32,18.85,379977818,7435077175
2017-08-09,600111.SH,18.55,19.45,18.19,19.12,244485656,4747832703
2017-08-10,600111.SH,18.88,19.93,18.45,19.29,295447518,5905767135
2017-08-11,600111.SH,18.72,18.85,17.51,17.68,266314677,5026559809
2017-08-14,600111.SH,17.73,19.37,17.24,19.27,273761733,5221427861
2017-08-15,600111.SH,19.08,19.64,18.91,19.35,230885769,4609594112
2017-08-16,600111.SH,18.98,18.98,17.59,17.93,252666695,4751885660
2017-08-17,600111.SH,18.20,18.43,17.26,18.18,200457558,3734583005
2017-08-18,600111.SH,17.53,18.03,17.44,17.70,136680870,2505953375
2017-08-21,600111.SH,17.63,18.07,17.34,17.78,157769462,2905456899
2017-08-22,600111.SH,17.52,17.96,17.10,17.47,196085482,3559460918
2017-08-23,600111.SH,17.20,17.21,16.49,16.57,179465480,3130008510
2017-08-24,600111.SH,16.73,16.93,16.30,16.61,115054123,1985983369
2017-08-25,600111.SH,16.72,17.34,16.48,17.01,157580109,2778630219
2017-08-28,600111.SH,16.84,17.60,16.70,17.34,189589902,3378442588
2017-08-29,600111.SH,17.32,17.67,17.01,17.05,136604856,2454558288
2017-08-30,600111.SH,16.96,17.68,16.89,17.54,174169734,3141755010
2017-08-31,600111.SH,17.53,17.62,17.16,17.43,128797882,2325575991
2017-09-01,600111.SH,17.52,18.55,17.51,18.09,236552464,4434872385
2017-09-04,600111.SH,18.01,18.73,17.82,18.64,217364138,4121614063
2017-09-05,600111.SH,18.55,18.55,17.98,18.23,131507411,2487625976
2017-09-06,600111.SH,17.92,18.78,17.85,18.09,181556978,3462266164
2017-09-07,600111.SH,17.94,18.09,17.39,17.50,145042794,2662278439
2017-09-08,600111.SH,17.46,17.79,17.35,17.48,98717477,1799417429
2017-09-11,600111.SH,17.40,18.11,17.24,17.97,157830888,2913601468
2017-09-12,600111.SH,17.89,19.56,17.86,18.55,329284653,6401660379
2017-09-13,600111.SH,18.50,19.05,18.19,18.87,198897444,3845614231
2017-09-14,600111.SH,18.87,18.93,17.97,18.12,174838106,3328271349
2017-09-15,600111.SH,18.00,18.00,16.77,16.98,179209349,3213872847
2017-09-18,600111.SH,16.94,17.38,16.87,17.01,95875787,1701811753
2017-09-19,600111.SH,17.07,17.19,16.62,16.90,77868170,1360733548
2017-09-20,600111.SH,16.88,17.30,16.72,17.20,111539713,1978779416
2017-09-21,600111.SH,17.05,17.11,16.35,16.51,114769995,1986656966
2017-09-22,600111.SH,16.49,17.00,16.31,16.63,85194230,1474969475
2017-09-25,600111.SH,16.57,16.57,15.16,15.34,140100619,2308772741
2017-09-26,600111.SH,15.36,15.62,15.21,15.53,59788254,959865593
2017-09-27,600111.SH,15.52,15.82,15.39,15.66,63540215,1032532386
2017-09-28,600111.SH,15.57,15.72,15.31,15.35,57505131,924886238
2017-09-29,600111.SH,15.46,15.68,15.29,15.54,54604459,877869971
2017-10-09,600111.SH,15.85,15.85,15.38,15.48,60515289,978509376
2017-10-10,600111.SH,15.48,15.48,14.68,14.98,120147853,1862589142
2017-10-11,600111.SH,14.95,15.16,14.72,14.93,80038769,1242427525
2017-10-12,600111.SH,14.79,14.81,14.40,14.72,95534313,1445778620
2017-10-13,600111.SH,14.72,14.86,14.64,14.73,52921590,808756668
2017-10-16,600111.SH,14.73,14.97,14.47,14.82,81924528,1254030742
2017-10-17,600111.SH,14.64,14.64,14.26,14.43,67914860,1019373266
2017-10-18,600111.SH,14.42,14.57,14.05,14.11,65927576,979948679
2017-10-19,600111.SH,13.99,14.31,13.95,14.16,63090646,925211534
2017-10-20,600111.SH,14.13,14.64,14.08,14.59,97372949,1459585662
2017-10-23,600111.SH,14.45,14.62,14.33,14.50,49786010,747225556
2017-10-24,600111.SH,14.49,14.71,14.39,14.62,54365131,821344847
2017-10-25,600111.SH,14.64,14.64,14.37,14.55,49255690,741551803
2017-10-26,600111.SH,14.50,14.87,14.36,14.76,90155085,1371033458
2017-10-27,600111.SH,14.64,14.69,14.30,14.34,70029352,1052343797
2017-10-30,600111.SH,14.26,14.44,13.68,13.70,75973393,1100505079
2017-10-31,600111.SH,13.70,14.03,13.62,13.99,52577818,757982876
2017-11-01,600111.SH,13.97,14.12,13.87,13.97,48770229,708828996
2017-11-02,600111.SH,14.04,14.11,13.77,13.80,50519052,730789629
2017-11-03,600111.SH,13.70,13.75,13.16,13.30,74125186,1032194871
2017-11-06,600111.SH,13.37,13.63,13.31,13.62,55075590,771356507
2017-11-07,600111.SH,13.62,13.95,13.44,13.79,74397649,1059888965
2017-11-08,600111.SH,13.68,14.11,13.63,13.86,73047547,1052534773
2017-11-09,600111.SH,13.83,14.06,13.75,13.86,43532371,626993949
2017-11-10,600111.SH,13.84,13.91,13.62,13.79,46222572,658629603
2017-11-13,600111.SH,13.79,14.32,13.71,14.29,107703935,1577479051
2017-11-14,600111.SH,14.29,14.52,14.14,14.38,115262128,1715024150
2017-11-15,600111.SH,14.26,14.26,13.58,13.59,98192922,1410292328
2017-11-16,600111.SH,13.39,13.72,13.36,13.45,46208160,648551950
2017-11-17,600111.SH,13.42,13.57,12.56,12.66,81461676,1099885796
2017-11-20,600111.SH,12.70,12.83,12.33,12.80,48539465,634966969
2017-11-21,600111.SH,12.80,12.83,12.56,12.68,40228885,529138789
2017-11-22,600111.SH,12.81,13.07,12.72,13.00,62756701,840916105
2017-11-23,600111.SH,12.97,13.37,12.67,12.74,79509893,1081458546
2017-11-24,600111.SH,12.62,13.72,12.54,13.48,103595319,1417261080
2017-11-27,600111.SH,13.30,13.73,13.14,13.27,84127924,1175056828
2017-11-28,600111.SH,13.15,13.68,13.08,13.65,76567110,1067338482
2017-11-29,600111.SH,13.58,14.20,13.49,13.96,125761313,1806601107
2017-11-30,600111.SH,13.86,14.00,13.59,13.67,74681282,1066689592
2017-12-01,600111.SH,13.63,13.75,13.49,13.63,49731081,702303149
2017-12-04,600111.SH,13.53,13.97,13.53,13.58,60929572,869875521
2017-12-05,600111.SH,13.49,13.55,12.62,12.81,92150178,1240203557
2017-12-06,600111.SH,12.69,12.91,12.52,12.90,51606821,681501632
2017-12-07,600111.SH,12.83,13.04,12.73,12.74,43780359,586400066
2017-12-08,600111.SH,12.76,13.00,12.70,12.92,38084717,509256325
2017-12-11,600111.SH,12.95,13.08,12.77,13.06,46755085,628731726
2017-12-12,600111.SH,13.05,13.24,12.88,12.91,58546491,793845034
2017-12-13,600111.SH,12.83,13.00,12.78,12.98,35160221,470062709
2017-12-14,600111.SH,12.98,13.05,12.64,12.74,45744718,606210421
2017-12-15,600111.SH,12.74,12.76,12.48,12.71,42577164,557321536
2017-12-18,600111.SH,12.72,12.92,12.61,12.90,45211275,599400520
2017-12-19,600111.SH,12.92,12.93,12.78,12.90,30703540,409573568
2017-12-20,600111.SH,12.86,12.95,12.53,12.56,42696338,561232713
2017-12-21,600111.SH,12.55,12.79,12.48,12.70,38689767,509000841
2017-12-22,600111.SH,12.69,13.20,12.67,12.95,75795814,1022794919
2017-12-25,600111.SH,13.01,13.15,12.82,13.00,66045405,892189980
2017-12-26,600111.SH,12.94,13.23,12.76,13.21,64270474,869724889
2017-12-27,600111.SH,13.19,13.69,13.12,13.38,126345243,1767844468
2017-12-28,600111.SH,13.31,14.35,13.28,14.27,191042562,2765772177
2017-12-29,600111.SH,14.17,14.23,13.88,14.06,111037358,1618873714
2018-01-02,600111.SH,14.07,14.44,13.87,14.27,101723978,1499858104
2018-01-03,600111.SH,14.17,14.53,14.10,14.23,93802789,1388632634
2018-01-04,600111.SH,14.11,14.44,13.86,14.40,107477907,1578238573
2018-01-05,600111.SH,14.32,14.32,14.05,14.10,79663942,1170824695
2018-01-08,600111.SH,14.05,14.63,14.00,14.54,138963060,2076593196
2018-01-09,600111.SH,14.58,15.13,14.31,14.74,151693576,2310020846
2018-01-10,600111.SH,15.17,15.31,14.46,14.64,170515837,2632289349
2018-01-11,600111.SH,14.52,14.78,14.28,14.55,105653590,1589946259
2018-01-12,600111.SH,14.37,14.54,14.18,14.29,70627460,1050094975
2018-01-15,600111.SH,14.30,14.33,13.30,13.50,108843836,1551326958
2018-01-16,600111.SH,13.49,13.67,13.40,13.61,58928392,827742583
2018-01-17,600111.SH,13.53,13.55,13.04,13.38,65834166,906324860
2018-01-18,600111.SH,13.49,13.84,13.43,13.66,63157582,894901551
2018-01-19,600111.SH,13.74,13.84,13.46,13.71,49231549,697384668
2018-01-22,600111.SH,13.54,13.94,13.51,13.92,63643384,910664359
2018-01-23,600111.SH,13.92,14.25,13.78,14.15,103180776,1506180164
2018-01-24,600111.SH,14.14,14.14,13.78,13.97,69815207,1008738775
2018-01-25,600111.SH,14.06,14.29,13.97,13.99,75101424,1100300045
2018-01-26,600111.SH,13.89,13.90,13.61,13.70,59001781,841327736
2018-01-29,600111.SH,13.66,13.89,13.58,13.70,49349053,703163254
2018-01-30,600111.SH,13.66,13.83,13.53,13.62,40445888,573251303
2018-01-31,600111.SH,13.49,13.50,12.84,12.95,73235319,993662480
2018-02-01,600111.SH,12.95,13.09,12.36,12.45,59184649,779539769
2018-02-02,600111.SH,12.43,12.92,12.05,12.79,57086079,741503210
2018-02-05,600111.SH,12.43,12.86,12.38,12.69,33737646,442954067
2018-02-06,600111.SH,12.38,12.65,11.57,11.70,64374259,813866267
2018-02-07,600111.SH,12.00,12.12,11.56,11.73,47642223,588286203
2018-02-08,600111.SH,11.74,12.19,11.72,12.06,39419882,489872669
2018-02-09,600111.SH,11.64,11.82,11.18,11.38,55180006,660264510
2018-02-12,600111.SH,11.39,11.79,11.39,11.70,33610054,405913319
2018-02-13,600111.SH,11.78,11.88,11.67,11.70,30090278,368220812
2018-02-14,600111.SH,11.82,11.82,11.66,11.73,17579217,214193053
2018-02-22,600111.SH,11.88,12.65,11.81,12.37,64762496,828654529
2018-02-23,600111.SH,12.27,12.37,12.12,12.36,39236759,499341371
2018-02-26,600111.SH,12.39,12.69,12.27,12.52,61165137,793391459
2018-02-27,600111.SH,12.52,12.52,12.22,12.28,45637985,584769107
2018-02-28,600111.SH,12.14,12.79,12.01,12.61,82669171,1071487002
2018-03-01,600111.SH,12.44,12.67,12.38,12.58,52276011,679875899
2018-03-02,600111.SH,12.42,13.16,12.39,12.82,93054344,1243718465
2018-03-05,600111.SH,12.82,13.05,12.73,12.84,52028251,695961435
2018-03-06,600111.SH,12.97,13.24,12.85,13.15,92081928,1248519177
2018-03-07,600111.SH,13.09,13.27,12.87,12.88,57947688,783553938
2018-03-08,600111.SH,13.01,13.23,12.93,13.03,53941816,731092601
2018-03-09,600111.SH,13.04,13.05,12.75,13.01,55633887,744513967
2018-03-12,600111.SH,12.98,13.29,12.96,13.21,79459352,1084584681
2018-03-13,600111.SH,13.12,13.16,12.88,12.89,56780318,765579721
2018-03-14,600111.SH,12.98,13.67,12.98,13.30,142462379,1976500492
2018-03-15,600111.SH,13.30,13.40,13.10,13.37,74596856,1026443505
2018-03-16,600111.SH,13.30,13.32,13.01,13.02,57868578,787917435
2018-03-19,600111.SH,12.86,12.95,12.73,12.83,43474066,578383615
2018-03-20,600111.SH,12.73,12.77,12.52,12.71,45791373,601158779
2018-03-21,600111.SH,12.72,12.87,12.40,12.43,46403577,609680606
2018-03-22,600111.SH,12.47,12.62,12.41,12.48,32505728,421533595
2018-03-23,600111.SH,12.03,12.22,11.25,11.63,81008741,991841173
2018-03-26,600111.SH,11.42,12.52,11.32,12.32,89144617,1126845338
2018-03-27,600111.SH,12.35,12.60,12.24,12.49,68426806,882024288
2018-03-28,600111.SH,12.30,12.35,12.21,12.26,37781995,481144978
2018-03-29,600111.SH,12.30,12.60,12.26,12.49,54775879,709126665
2018-03-30,600111.SH,12.46,12.56,12.39,12.53,39453505,510332766
2018-04-02,600111.SH,12.53,12.71,12.40,12.59,61955568,808089365
2018-04-03,600111.SH,12.36,12.43,12.19,12.26,38983449,497678867
2018-04-04,600111.SH,12.32,12.53,12.25,12.27,36840429,473410579
2018-04-09,600111.SH,12.28,13.27,12.28,12.99,120572619,1613305497
2018-04-10,600111.SH,12.87,12.98,12.72,12.97,63943439,853706288
2018-04-11,600111.SH,12.98,13.24,12.88,13.13,73840517,1000670955
2018-04-12,600111.SH,13.01,13.03,12.77,12.79,52824617,707397297
2018-04-13,600111.SH,12.84,12.91,12.57,12.59,37140117,491281755
2018-04-16,600111.SH,12.59,12.81,12.32,12.47,41578895,541687506
2018-04-17,600111.SH,12.54,12.80,12.40,12.41,46990773,613711427
2018-04-18,600111.SH,12.45,12.57,11.99,12.56,55208396,704668390
2018-04-19,600111.SH,12.55,13.13,12.49,12.96,103873551,1387566401
2018-04-20,600111.SH,12.82,12.85,12.43,12.47,63136766,828422405
2018-04-23,600111.SH,12.42,12.43,12.07,12.28,41926584,532415297
2018-04-24,600111.SH,12.28,12.50,12.24,12.46,30555790,393679340
2018-04-25,600111.SH,12.39,12.63,12.36,12.41,26743809,345975325
2018-04-26,600111.SH,12.35,12.46,11.97,12.00,35475305,448674572
2018-04-27,600111.SH,12.09,12.19,11.97,12.09,24655247,309247861
2018-05-02,600111.SH,12.12,12.18,11.99,12.11,21830778,273649476
2018-05-03,600111.SH,12.13,12.14,11.79,12.10,25592306,318293293
2018-05-04,600111.SH,12.20,12.44,12.14,12.20,35306669,450604058
2018-05-07,600111.SH,12.22,12.44,12.15,12.40,39645420,507666909
2018-05-08,600111.SH,12.41,12.55,12.30,12.47,37139708,479814253
2018-05-09,600111.SH,12.43,12.47,12.32,12.38,21194569,272148589
2018-05-10,600111.SH,12.41,12.48,12.25,12.33,22054922,282929010
2018-05-11,600111.SH,12.35,12.58,12.30,12.48,47753408,619053897
2018-05-14,600111.SH,12.46,12.64,12.37,12.54,36764123,477448276
2018-05-15,600111.SH,12.63,12.64,12.38,12.52,28125811,364181005
2018-05-16,600111.SH,12.44,12.45,12.22,12.23,37540740,479151093
2018-05-17,600111.SH,12.23,12.30,12.15,12.20,18488617,234061067
2018-05-18,600111.SH,12.16,12.28,12.10,12.26,18442768,233678025
2018-05-21,600111.SH,12.38,12.43,12.28,12.33,23707310,303704305
2018-05-22,600111.SH,12.35,12.36,12.15,12.27,23908458,303224062
2018-05-23,600111.SH,12.23,12.24,11.96,11.97,34659749,433506529
2018-05-24,600111.SH,11.97,12.07,11.92,11.94,17288276,215200391
2018-05-25,600111.SH,11.89,12.00,11.66,11.71,26609787,325660628
2018-05-28,600111.SH,11.71,11.75,11.54,11.61,21785683,263290079
2018-05-29,600111.SH,11.64,11.72,11.50,11.54,18596001,223809335
2018-05-30,600111.SH,11.42,11.82,11.32,11.44,34584496,415601478
2018-05-31,600111.SH,11.53,11.70,11.48,11.65,24707792,297450549
2018-06-01,600111.SH,11.57,11.77,11.54,11.63,22124982,267720775
2018-06-04,600111.SH,11.64,11.71,11.47,11.51,17689883,212066448
2018-06-05,600111.SH,11.47,11.60,11.35,11.58,24577189,292719527
2018-06-06,600111.SH,11.54,11.68,11.51,11.57,20553474,247512050
2018-06-07,600111.SH,11.64,11.69,11.48,11.51,16983584,203944765
2018-06-08,600111.SH,11.49,11.50,11.20,11.28,26710396,313511933
2018-06-11,600111.SH,11.25,11.36,11.21,11.32,14299969,167709047
2018-06-12,600111.SH,11.28,11.60,11.21,11.47,23443311,277643048
2018-06-13,600111.SH,11.47,11.59,11.39,11.47,22976259,273964035
2018-06-14,600111.SH,11.63,12.01,11.61,11.81,67151048,824104751
2018-06-15,600111.SH,11.71,11.85,11.62,11.73,42357734,515906300
2018-06-19,600111.SH,11.56,11.73,10.60,11.05,58499042,682360042
2018-06-20,600111.SH,10.81,11.15,10.81,10.95,27941459,318598546
2018-06-21,600111.SH,10.99,11.34,10.93,10.95,35610952,410325044
2018-06-22,600111.SH,10.87,11.04,10.48,11.01,26212514,293784888
2018-06-25,600111.SH,11.10,11.21,10.81,10.83,25170954,287022649
2018-06-26,600111.SH,10.60,11.04,10.55,10.93,22830310,256625094
2018-06-27,600111.SH,10.92,11.15,10.84,11.02,31900436,363032182
2018-06-28,600111.SH,10.94,11.03,10.72,10.83,25445521,286842884
2018-06-29,600111.SH,10.87,11.01,10.78,10.99,26027359,294707001
2018-07-02,600111.SH,10.95,11.05,10.70,10.79,28303544,319485174
2018-07-03,600111.SH,10.74,10.80,10.43,10.79,33524815,369365916
2018-07-04,600111.SH,10.73,10.95,10.67,10.79,23841341,266984594
2018-07-05,600111.SH,10.72,10.79,10.31,10.39,33816072,368758041
2018-07-06,600111.SH,10.40,10.47,9.93,10.32,34687855,368393607
2018-07-09,600111.SH,10.24,10.47,10.24,10.43,22297316,240208933
2018-07-10,600111.SH,10.43,10.65,10.38,10.58,27476892,299221394
2018-07-11,600111.SH,10.42,10.43,10.16,10.29,23548969,250964057
2018-07-12,600111.SH,10.34,10.59,10.34,10.53,29623140,321704422
2018-07-13,600111.SH,10.53,10.66,10.45,10.60,29887706,326789523
2018-07-16,600111.SH,10.61,10.65,10.42,10.51,17890645,194434172
2018-07-17,600111.SH,10.43,10.53,10.40,10.51,14610603,158264302
2018-07-18,600111.SH,10.51,10.59,10.41,10.43,16961115,184512675
2018-07-19,600111.SH,10.43,10.47,10.24,10.37,18871647,202080737
2018-07-20,600111.SH,10.37,10.57,10.20,10.45,22736217,244715407
2018-07-23,600111.SH,10.40,10.68,10.34,10.65,35990044,392246057
2018-07-24,600111.SH,10.59,11.04,10.59,11.00,67031656,756183173
2018-07-25,600111.SH,10.94,10.97,10.83,10.87,34884614,393321029
2018-07-26,600111.SH,10.91,10.96,10.82,10.89,22511610,253282673
2018-07-27,600111.SH,10.91,10.92,10.68,10.78,19551506,218228573
2018-07-30,600111.SH,10.76,10.95,10.73,10.80,21015121,235730567
2018-07-31,600111.SH,10.78,10.82,10.66,10.73,15592487,173197593
2018-08-01,600111.SH,10.76,10.81,10.45,10.46,22856455,251868373
2018-08-02,600111.SH,10.48,10.52,10.00,10.22,27693486,294002567
2018-08-03,600111.SH,10.23,10.37,10.14,10.15,15364871,163001787
2018-08-06,600111.SH,10.21,10.21,9.88,9.94,17655662,183113524
2018-08-07,600111.SH,9.99,10.28,9.89,10.24,21947784,229764919
2018-08-08,600111.SH,10.18,10.25,10.07,10.09,16276175,170946065
2018-08-09,600111.SH,10.06,10.31,10.03,10.25,22077580,233920847
2018-08-10,600111.SH,10.24,10.28,10.14,10.22,14307654,151039461
2018-08-13,600111.SH,10.09,10.17,9.98,10.14,16472372,171532216
2018-08-14,600111.SH,10.11,10.41,10.08,10.27,22544612,239431707
2018-08-15,600111.SH,10.19,10.27,10.06,10.08,14653541,154102406
2018-08-16,600111.SH,9.94,10.09,9.90,9.96,12314854,127344800
2018-08-17,600111.SH,10.06,10.08,9.81,9.83,13496796,138612123
2018-08-20,600111.SH,9.83,9.93,9.68,9.87,13492172,136994936
2018-08-21,600111.SH,9.85,9.96,9.77,9.91,13561379,138894700
2018-08-22,600111.SH,9.91,9.91,9.74,9.76,11544947,117059719
2018-08-23,600111.SH,9.76,9.82,9.72,9.76,12105408,122333079
2018-08-24,600111.SH,9.80,9.87,9.77,9.81,15437440,156882677
2018-08-27,600111.SH,9.84,9.99,9.81,9.96,18865503,193725658
2018-08-28,600111.SH,9.98,10.12,9.95,10.05,28275156,293969858
2018-08-29,600111.SH,10.01,10.05,9.88,9.91,15297669,157539404
2018-08-30,600111.SH,9.89,9.96,9.80,9.81,12868885,131146133
2018-08-31,600111.SH,9.80,9.90,9.75,9.89,11466539,116422453
2018-09-03,600111.SH,9.84,9.87,9.74,9.81,8404941,85164703
2018-09-04,600111.SH,9.82,9.93,9.80,9.87,13475818,137586847
2018-09-05,600111.SH,9.89,9.92,9.74,9.74,12868747,130851339
2018-09-06,600111.SH,9.71,9.81,9.69,9.71,10311606,103974400
2018-09-07,600111.SH,9.72,9.81,9.58,9.64,12593092,126365873
2018-09-10,600111.SH,9.64,9.67,8.97,9.09,34369937,330453313
2018-09-11,600111.SH,9.13,9.15,8.95,9.01,16423068,153503255
2018-09-12,600111.SH,8.99,9.10,8.99,9.03,10223773,95834972
2018-09-13,600111.SH,9.13,9.17,9.03,9.10,10003462,94034802
2018-09-14,600111.SH,9.11,9.52,9.08,9.29,30915798,299507842
2018-09-17,600111.SH,9.14,9.22,9.05,9.06,12140071,114368654
2018-09-18,600111.SH,9.06,9.20,9.01,9.18,12930628,122072961
2018-09-19,600111.SH,9.19,9.41,9.18,9.28,24010625,231922353
2018-09-20,600111.SH,9.56,9.81,9.48,9.49,53194224,530589000
2018-09-21,600111.SH,9.50,9.59,9.35,9.54,31725256,311194827
2018-09-25,600111.SH,9.54,9.68,9.48,9.56,20726827,205843278
2018-09-26,600111.SH,9.56,9.79,9.51,9.62,28628173,285528448
2018-09-27,600111.SH,9.63,9.70,9.49,9.50,17330922,171433302
2018-09-28,600111.SH,9.49,9.91,9.45,9.88,54927456,556212342
2018-10-08,600111.SH,9.66,10.15,9.65,9.81,59774396,616177402
2018-10-09,600111.SH,9.81,9.98,9.78,9.92,28949373,296221835
2018-10-10,600111.SH,9.92,10.09,9.79,9.85,26933457,276733655
2018-10-11,600111.SH,9.56,9.64,8.95,9.25,48987969,472236498
2018-10-12,600111.SH,9.22,9.40,8.97,9.36,28783442,275283671
2018-10-15,600111.SH,9.37,9.43,9.22,9.22,17967115,173392721
2018-10-16,600111.SH,9.27,9.35,8.99,9.16,21018789,198967119
2018-10-17,600111.SH,9.28,9.35,8.96,9.24,16633119,157841593
2018-10-18,600111.SH,9.19,9.21,8.90,8.95,17643636,164688715
2018-10-19,600111.SH,8.69,9.04,8.61,9.03,26402134,241009676
2018-10-22,600111.SH,9.04,9.51,9.04,9.38,38377994,369818264
2018-10-23,600111.SH,9.33,9.40,9.08,9.11,29630674,282438891
2018-10-24,600111.SH,9.03,9.21,8.98,9.07,18689296,176033119
2018-10-25,600111.SH,8.78,9.23,8.71,9.17,27193851,250934355
2018-10-26,600111.SH,9.38,9.47,9.13,9.18,32409442,311796725
2018-10-29,600111.SH,9.13,9.21,8.98,9.07,16346904,153732884
2018-10-30,600111.SH,9.06,9.40,9.03,9.25,30830028,294571798
2018-10-31,600111.SH,9.43,10.18,9.43,10.14,119166396,1221907391
2018-11-01,600111.SH,10.00,10.30,9.93,10.01,86489954,901966921
2018-11-02,600111.SH,10.10,10.14,9.89,10.07,66875593,694159301
2018-11-05,600111.SH,10.04,10.23,9.93,10.09,45710037,475620960
2018-11-06,600111.SH,10.03,10.17,9.93,10.12,38866403,405115591
2018-11-07,600111.SH,10.10,10.34,9.94,9.94,56604234,594007712
2018-11-08,600111.SH,10.02,10.09,9.81,9.84,35586310,366222028
2018-11-09,600111.SH,9.85,9.99,9.71,9.72,25174921,255816180
2018-11-12,600111.SH,9.71,9.96,9.69,9.95,28619451,291007307
2018-11-13,600111.SH,9.83,10.00,9.75,9.94,41183261,420813914
2018-11-14,600111.SH,9.91,10.11,9.82,9.84,33866796,348944689
2018-11-15,600111.SH,9.82,10.01,9.80,10.01,31789781,326696214
2018-11-16,600111.SH,10.04,10.09,9.88,9.95,37731615,389447498
2018-11-19,600111.SH,9.99,10.29,9.86,10.27,63116768,661016641
2018-11-20,600111.SH,10.16,10.20,9.98,10.04,40816223,426313494
2018-11-21,600111.SH,9.99,9.99,9.81,9.92,29366476,301034976
2018-11-22,600111.SH,9.97,9.97,9.86,9.91,17556900,180159272
2018-11-23,600111.SH,9.88,9.91,9.30,9.34,53138681,524448751
2018-11-26,600111.SH,9.37,9.39,9.18,9.21,20403171,196117045
2018-11-27,600111.SH,9.27,9.36,9.24,9.28,13601303,130948635
2018-11-28,600111.SH,9.29,9.46,9.21,9.46,20117658,194826092
2018-11-29,600111.SH,9.56,9.66,9.35,9.35,27918836,275513998
2018-11-30,600111.SH,9.36,9.50,9.24,9.40,17804945,172863810
2018-12-03,600111.SH,9.56,9.75,9.52,9.68,34561962,344399924
2018-12-04,600111.SH,9.56,9.68,9.55,9.62,19670669,195649376
2018-12-05,600111.SH,9.49,9.70,9.43,9.55,28149575,279114527
2018-12-06,600111.SH,9.51,9.59,9.42,9.45,16890947,165996586
2018-12-07,600111.SH,9.46,9.53,9.40,9.43,9903729,96937003
2018-12-10,600111.SH,9.40,9.40,9.18,9.24,15886642,152519198
2018-12-11,600111.SH,9.27,9.35,9.25,9.31,9317816,89713004
2018-12-12,600111.SH,9.35,9.38,9.28,9.32,12447834,120203742
2018-12-13,600111.SH,9.34,9.35,9.10,9.27,34824031,333438158
2018-12-14,600111.SH,9.21,9.23,8.90,9.01,51507746,481625454
2018-12-17,600111.SH,8.99,9.05,8.89,9.00,13716467,127505527
2018-12-18,600111.SH,8.98,9.04,8.90,8.95,10913001,101181482
2018-12-19,600111.SH,8.95,9.01,8.87,8.88,9862774,91171029
2018-12-20,600111.SH,8.85,8.95,8.85,8.89,9984973,91797084
2018-12-21,600111.SH,8.88,8.89,8.76,8.80,11985094,109151885
2018-12-24,600111.SH,8.81,8.85,8.76,8.81,12000071,109350587
2018-12-25,600111.SH,8.74,8.74,8.44,8.56,25625179,226716167
2018-12-26,600111.SH,8.50,8.63,8.50,8.54,10351322,91712655
2018-12-27,600111.SH,8.69,8.69,8.45,8.46,13787235,122171874
2018-12-28,600111.SH,8.47,8.54,8.44,8.47,11223189,98587109
2019-01-02,600111.SH,8.49,8.50,8.37,8.39,9241109,80535092
2019-01-03,600111.SH,8.40,8.55,8.37,8.52,12515368,109832412
2019-01-04,600111.SH,8.43,8.87,8.39,8.87,32427875,291657923
2019-01-07,600111.SH,8.87,9.01,8.81,8.96,33198703,306471398
2019-01-08,600111.SH,8.89,8.98,8.81,8.85,17874194,164300567
2019-01-09,600111.SH,8.89,8.94,8.79,8.79,21979960,201929379
2019-01-10,600111.SH,8.80,8.81,8.64,8.66,18355664,165697639
2019-01-11,600111.SH,8.71,8.80,8.69,8.75,18902615,171153586
2019-01-14,600111.SH,8.77,8.83,8.68,8.69,15208107,137812242
2019-01-15,600111.SH,8.59,8.75,8.59,8.73,15675154,140995431
2019-01-16,600111.SH,8.73,8.76,8.57,8.61,18124557,162313203
2019-01-17,600111.SH,8.63,8.78,8.57,8.61,32245315,289266383
2019-01-18,600111.SH,8.59,8.78,8.56,8.75,35697690,321823508
2019-01-21,600111.SH,8.77,8.80,8.67,8.74,22845299,206640014
2019-01-22,600111.SH,8.73,8.74,8.57,8.61,17577736,157361292
2019-01-23,600111.SH,8.58,8.67,8.57,8.60,11655255,103927444
2019-01-24,600111.SH,8.60,8.63,8.53,8.58,16731456,148554587
2019-01-25,600111.SH,8.58,8.64,8.55,8.56,15135079,134564747
2019-01-28,600111.SH,8.60,8.64,8.52,8.54,13404390,119031772
2019-01-29,600111.SH,8.50,8.53,8.23,8.39,22345716,193880230
2019-01-30,600111.SH,8.40,8.44,8.32,8.35,9835205,85314726
2019-01-31,600111.SH,8.44,8.44,8.22,8.26,15608218,134492138
2019-02-01,600111.SH,8.31,8.40,8.29,8.40,13634251,117997085
2019-02-11,600111.SH,8.48,8.67,8.43,8.66,22142611,196493414
2019-02-12,600111.SH,8.69,8.73,8.61,8.67,23612296,211842793
2019-02-13,600111.SH,8.67,8.96,8.66,8.88,52023584,475658128
2019-02-14,600111.SH,8.85,8.91,8.80,8.85,23842124,218209307
2019-02-15,600111.SH,8.86,8.92,8.77,8.78,24125289,220871644
2019-02-18,600111.SH,8.84,9.03,8.82,9.00,45536533,421322042
2019-02-19,600111.SH,9.02,9.05,8.88,8.95,38625297,358482694
2019-02-20,600111.SH,8.95,9.22,8.93,9.03,49646969,467007821
2019-02-21,600111.SH,8.98,9.12,8.94,8.96,39676830,370445292
2019-02-22,600111.SH,8.95,9.07,8.85,9.06,37165124,344436139
2019-02-25,600111.SH,9.18,9.97,9.11,9.97,146278206,1475168464
2019-02-26,600111.SH,10.38,10.96,10.09,10.90,277759876,3033685441
2019-02-27,600111.SH,10.58,10.90,10.38,10.59,140994556,1552540888
2019-02-28,600111.SH,10.60,10.67,10.27,10.30,83204199,897802358
2019-03-01,600111.SH,10.40,10.41,10.12,10.41,80833209,859173687
2019-03-04,600111.SH,10.57,10.82,10.41,10.54,129388865,1420546395
2019-03-05,600111.SH,10.43,10.75,10.37,10.75,91945945,1008747858
2019-03-06,600111.SH,10.91,11.43,10.79,11.00,150304981,1721632774
2019-03-07,600111.SH,10.87,11.88,10.75,11.40,165198997,1945863810
2019-03-08,600111.SH,11.01,11.21,10.43,10.48,122597394,1381390093
2019-03-11,600111.SH,10.40,10.87,10.40,10.81,68293033,757489080
2019-03-12,600111.SH,10.87,11.13,10.69,10.92,93246147,1056501986
2019-03-13,600111.SH,11.00,11.39,10.80,11.09,114456700,1309318502
2019-03-14,600111.SH,10.95,11.49,10.76,10.91,130032894,1507329414
2019-03-15,600111.SH,10.96,11.29,10.78,11.29,106703463,1218936479
2019-03-18,600111.SH,11.79,12.05,11.37,11.47,148650075,1790837754
2019-03-19,600111.SH,11.40,11.60,11.23,11.49,84817366,1002450437
2019-03-20,600111.SH,11.40,11.43,10.94,11.15,87373201,1007792959
2019-03-21,600111.SH,11.15,11.37,11.03,11.17,73199524,850011479
2019-03-22,600111.SH,11.09,11.29,10.98,11.17,55069088,635470396
2019-03-25,600111.SH,10.92,11.01,10.72,10.72,66788625,751975694
2019-03-26,600111.SH,10.77,10.88,10.42,10.53,55493214,610054755
2019-03-27,600111.SH,10.62,10.66,10.39,10.53,35297795,383756786
2019-03-28,600111.SH,10.44,10.56,10.35,10.41,34362182,372222892
2019-03-29,600111.SH,10.43,10.77,10.39,10.77,54006501,594338652
2019-04-01,600111.SH,10.81,11.25,10.81,11.11,83903500,962635386
2019-04-02,600111.SH,11.16,11.56,11.00,11.40,117563381,1367737129
2019-04-03,600111.SH,11.21,11.36,11.13,11.24,69514839,808135101
2019-04-04,600111.SH,11.26,11.46,11.13,11.38,90411830,1059362003
2019-04-08,600111.SH,11.48,11.72,11.22,11.40,110438486,1314067578
2019-04-09,600111.SH,11.29,11.29,11.05,11.13,59802549,690165062
2019-04-10,600111.SH,11.14,11.20,10.92,11.10,47629727,543695794
2019-04-11,600111.SH,11.08,11.22,10.90,10.91,44123067,505655228
2019-04-12,600111.SH,10.87,10.96,10.73,10.84,30629662,343846302
2019-04-15,600111.SH,11.01,11.09,10.70,10.71,35622154,403808550
2019-04-16,600111.SH,10.65,11.11,10.62,11.09,48989652,555746595
2019-04-17,600111.SH,11.11,11.23,11.00,11.08,41212838,473454851
2019-04-18,600111.SH,11.01,11.13,10.86,10.88,35598303,404542983
2019-04-19,600111.SH,10.88,10.99,10.70,10.98,35059980,394013817
2019-04-22,600111.SH,11.06,11.18,10.82,10.82,33961599,386077822
2019-04-23,600111.SH,10.84,11.37,10.67,11.13,71828439,822050181
2019-04-24,600111.SH,11.06,11.16,10.92,11.15,44621573,510608948
2019-04-25,600111.SH,11.13,11.66,11.00,11.25,142715876,1687325675
2019-04-26,600111.SH,11.20,11.20,10.41,10.60,84462770,939468850
2019-04-29,600111.SH,10.37,10.52,9.72,9.82,71025473,742595393
2019-04-30,600111.SH,9.87,10.06,9.85,9.92,25041251,258137849
2019-05-06,600111.SH,9.64,9.74,9.08,9.21,50245329,490226241
2019-05-07,600111.SH,9.31,9.45,9.14,9.36,27538765,265748516
2019-05-08,600111.SH,9.17,9.53,9.13,9.40,27663609,267951530
2019-05-09,600111.SH,9.29,9.64,9.24,9.51,31946299,313148804
2019-05-10,600111.SH,9.59,9.89,9.44,9.85,53298606,535480378
2019-05-13,600111.SH,9.71,9.81,9.63,9.68,30100598,302866034
2019-05-14,600111.SH,9.90,10.13,9.77,9.79,46396447,476430400
2019-05-15,600111.SH,9.86,9.93,9.68,9.84,40299019,409843759
2019-05-16,600111.SH,9.95,10.83,9.95,10.83,86684975,945672084
2019-05-17,600111.SH,11.49,11.49,10.62,10.62,180806381,2069947601
2019-05-20,600111.SH,10.37,11.34,10.03,11.21,158934641,1778100716
2019-05-21,600111.SH,11.25,12.33,10.90,12.33,226152797,2746574654
2019-05-22,600111.SH,13.04,13.04,12.23,12.30,342566030,4489115532
2019-05-23,600111.SH,12.38,12.80,12.12,12.57,215611231,2792366464
2019-05-24,600111.SH,12.16,12.75,11.54,11.64,196881873,2466668533
2019-05-27,600111.SH,11.74,12.22,11.67,12.03,142575285,1762485024
2019-05-28,600111.SH,11.88,12.33,11.71,12.02,146358674,1817434591
2019-05-29,600111.SH,12.56,13.14,12.38,13.06,300161630,3978435000
2019-05-30,600111.SH,12.81,12.89,12.02,12.52,209890914,2719794384
2019-05-31,600111.SH,12.36,13.26,12.25,12.68,214229252,2847164403
2019-06-03,600111.SH,12.68,13.00,12.21,12.39,151146918,1969889651
2019-06-04,600111.SH,12.36,12.58,11.77,11.97,122085745,1525253775
2019-06-05,600111.SH,12.42,12.51,12.01,12.04,103169574,1309595382
2019-06-06,600111.SH,12.07,12.64,11.95,12.38,135425328,1736444640
2019-06-10,600111.SH,12.61,12.63,11.91,12.30,114628156,1459534715
2019-06-11,600111.SH,12.31,13.46,12.26,13.24,228430388,3064532552
2019-06-12,600111.SH,13.33,14.57,13.22,13.83,393586267,5735350722
2019-06-13,600111.SH,13.52,13.79,13.10,13.51,216266821,3009013913
2019-06-14,600111.SH,13.52,13.57,13.10,13.16,134414424,1842174453
2019-06-17,600111.SH,13.26,13.68,13.15,13.33,126492829,1757156975
2019-06-18,600111.SH,13.15,13.23,12.61,12.88,104462048,1393512453
2019-06-19,600111.SH,12.84,13.04,12.63,12.73,123614967,1632540256
2019-06-20,600111.SH,12.74,12.77,12.25,12.55,126235999,1621611635
2019-06-21,600111.SH,12.55,12.76,12.44,12.58,111290654,1448738586
2019-06-24,600111.SH,12.58,12.98,12.50,12.80,106325647,1402689817
2019-06-25,600111.SH,12.70,12.70,12.05,12.27,110207823,1397356513
2019-06-26,600111.SH,12.14,12.34,12.06,12.12,45621726,573428152
2019-06-27,600111.SH,12.22,12.25,12.00,12.17,47524542,595418246
2019-06-28,600111.SH,12.17,12.56,12.08,12.45,87834230,1117422168
2019-07-01,600111.SH,12.10,12.26,11.66,12.21,104147969,1288916428
2019-07-02,600111.SH,12.10,12.27,12.02,12.11,53455942,669691158
2019-07-03,600111.SH,12.07,12.17,11.77,11.82,64973899,799066789
2019-07-04,600111.SH,11.82,12.11,11.67,11.85,55916443,682240158
2019-07-05,600111.SH,11.85,11.97,11.70,11.83,36420412,443610925
2019-07-08,600111.SH,11.78,11.79,11.15,11.26,67726452,796138969
2019-07-09,600111.SH,11.25,11.49,11.11,11.31,42936977,500562263
2019-07-10,600111.SH,11.25,11.34,10.98,11.04,38621946,443885864
2019-07-11,600111.SH,11.14,11.27,10.90,10.99,37054519,423857146
2019-07-12,600111.SH,11.05,11.07,10.91,10.95,24049843,272318971
2019-07-15,600111.SH,11.05,11.31,10.98,11.24,52642410,607160537
2019-07-16,600111.SH,11.29,11.49,11.23,11.36,44723095,524766311
2019-07-17,600111.SH,11.30,11.50,11.20,11.35,42069641,492213232
2019-07-18,600111.SH,11.46,11.85,11.45,11.58,77634178,932809090
2019-07-19,600111.SH,11.54,11.68,11.45,11.49,39759049,473090477
2019-07-22,600111.SH,11.43,11.44,10.67,10.70,75029540,840109134
2019-07-23,600111.SH,10.72,10.84,10.69,10.77,23738772,263716947
2019-07-24,600111.SH,10.78,10.94,10.78,10.85,26413359,296087159
2019-07-25,600111.SH,10.85,10.97,10.76,10.90,30640565,343566280
2019-07-26,600111.SH,10.90,10.91,10.79,10.85,20812078,232677183
2019-07-29,600111.SH,10.87,10.97,10.84,10.89,18919244,212400574
2019-07-30,600111.SH,10.85,10.98,10.84,10.85,31538984,354352602
2019-07-31,600111.SH,10.82,10.94,10.68,10.90,30501130,340106176
2019-08-01,600111.SH,10.84,10.88,10.72,10.73,24355811,270800314
2019-08-02,600111.SH,11.25,11.78,11.06,11.70,158085515,1861259492
2019-08-05,600111.SH,11.71,12.20,11.53,11.80,136142493,1670849201
2019-08-06,600111.SH,11.61,12.06,11.33,11.58,113170977,1364439878
2019-08-07,600111.SH,11.51,12.10,11.46,11.93,127375520,1548870119
2019-08-08,600111.SH,11.79,11.84,11.47,11.60,76733877,922377482
2019-08-09,600111.SH,11.62,11.73,11.39,11.42,58598549,700656239
2019-08-12,600111.SH,11.47,11.50,10.80,11.05,77079700,875249159
2019-08-13,600111.SH,10.96,11.21,10.91,11.05,46081401,526471082
2019-08-14,600111.SH,10.72,10.94,10.67,10.90,49005208,547527483
2019-08-15,600111.SH,10.74,10.92,10.70,10.81,39036384,434171275
2019-08-16,600111.SH,11.00,11.20,10.97,11.10,71977895,824798963
2019-08-19,600111.SH,10.93,11.26,10.89,11.23,62425963,712647339
2019-08-20,600111.SH,11.16,11.39,11.10,11.27,59351096,688897433
2019-08-21,600111.SH,11.25,11.25,11.01,11.03,40744647,466093260
2019-08-22,600111.SH,11.03,11.10,10.95,11.04,28810378,327659110
2019-08-23,600111.SH,11.05,11.37,11.04,11.22,70402186,816395510
2019-08-26,600111.SH,11.55,11.69,11.26,11.29,82497571,973782305
2019-08-27,600111.SH,11.21,11.35,11.03,11.34,61323656,708251401
2019-08-28,600111.SH,11.25,11.25,11.06,11.10,44347025,509666272
2019-08-29,600111.SH,11.07,11.13,10.98,11.04,31306024,356711354
2019-08-30,600111.SH,11.04,11.48,10.94,11.27,71376065,823350421
2019-09-02,600111.SH,11.24,11.29,11.09,11.29,45302552,523453398
2019-09-03,600111.SH,11.32,11.47,11.24,11.29,41115731,479786453
2019-09-04,600111.SH,11.28,11.38,11.17,11.32,42421449,493880872
2019-09-05,600111.SH,11.33,11.63,11.28,11.46,86191804,1017888071
2019-09-06,600111.SH,11.48,11.50,11.24,11.31,52035230,609108771
2019-09-09,600111.SH,11.38,11.54,11.29,11.54,61682693,727031831
2019-09-10,600111.SH,11.54,11.75,11.49,11.57,78394222,939982752
2019-09-11,600111.SH,11.61,11.73,11.44,11.58,59251591,707942261
2019-09-12,600111.SH,11.57,11.61,11.39,11.48,36964159,437414948
2019-09-16,600111.SH,11.45,11.51,11.38,11.43,32562974,383649730
2019-09-17,600111.SH,11.43,11.58,11.16,11.18,53739206,631786968
2019-09-18,600111.SH,11.15,11.24,11.10,11.12,30164630,346815680
2019-09-19,600111.SH,11.12,11.25,11.09,11.21,23287395,267958268
2019-09-20,600111.SH,11.19,11.38,11.15,11.32,30859884,358405829
2019-09-23,600111.SH,11.24,11.24,10.98,11.02,34821851,397490433
2019-09-24,600111.SH,11.02,11.07,10.90,10.95,24585201,278187631
2019-09-25,600111.SH,10.94,10.94,10.80,10.81,25434546,284463648
2019-09-26,600111.SH,10.79,10.87,10.34,10.40,46228757,503586123
2019-09-27,600111.SH,10.39,10.52,10.34,10.42,15085753,162604027
2019-09-30,600111.SH,10.43,10.59,10.42,10.54,17845105,193369321
2019-10-08,600111.SH,10.54,10.62,10.41,10.60,20326667,220572406
2019-10-09,600111.SH,10.54,10.77,10.48,10.69,31228195,343524795
2019-10-10,600111.SH,10.65,10.69,10.53,10.63,19044345,208181544
2019-10-11,600111.SH,10.55,10.63,10.54,10.59,14227829,155215205
2019-10-14,600111.SH,10.56,10.68,10.53,10.60,24004185,262524755
2019-10-15,600111.SH,10.61,10.63,10.37,10.37,21719999,234481567
2019-10-16,600111.SH,10.37,10.46,10.08,10.12,26539433,281339164
2019-10-17,600111.SH,10.16,10.22,10.08,10.10,15849896,165954114
2019-10-18,600111.SH,10.13,10.17,9.79,9.86,24372058,250021997
2019-10-21,600111.SH,9.82,9.91,9.63,9.91,20681013,208687355
2019-10-22,600111.SH,9.89,9.99,9.86,9.93,12796993,131069305
2019-10-23,600111.SH,9.90,9.96,9.73,9.80,13535613,137449110
2019-10-24,600111.SH,9.74,9.85,9.74,9.76,11918297,120231476
2019-10-25,600111.SH,9.75,9.83,9.70,9.79,11947508,120290278
2019-10-28,600111.SH,9.81,10.03,9.81,10.00,24722774,253059780
2019-10-29,600111.SH,10.01,10.03,9.85,9.85,15887442,162370620
2019-10-30,600111.SH,9.84,9.84,9.64,9.66,21541514,215385825
2019-10-31,600111.SH,9.66,9.74,9.65,9.74,13247610,132768220
2019-11-01,600111.SH,9.70,10.02,9.65,9.98,36562734,374529166
2019-11-04,600111.SH,9.98,9.98,9.86,9.86,18543510,189550444
2019-11-05,600111.SH,9.88,9.98,9.80,9.93,17696389,180795366
2019-11-06,600111.SH,9.88,10.06,9.84,9.96,22690874,233444388
2019-11-07,600111.SH,9.91,9.95,9.81,9.84,15314160,155600808
2019-11-08,600111.SH,9.85,9.89,9.73,9.74,19041195,192332802
2019-11-11,600111.SH,9.71,9.88,9.56,9.60,24853576,249064193
2019-11-12,600111.SH,9.55,9.63,9.15,9.37,27143296,261551794
2019-11-13,600111.SH,9.37,9.37,9.19,9.21,19397656,185011867
2019-11-14,600111.SH,9.20,9.28,9.16,9.26,16021785,152392636
2019-11-15,600111.SH,9.27,9.73,9.24,9.43,34961151,343590197
2019-11-18,600111.SH,9.43,9.50,9.26,9.42,16043279,155158813
2019-11-19,600111.SH,9.42,9.59,9.35,9.59,18897062,185301436
2019-11-20,600111.SH,9.55,9.98,9.48,9.87,52643093,528928363
2019-11-21,600111.SH,9.77,9.86,9.66,9.68,27749215,278248443
2019-11-22,600111.SH,9.69,9.79,9.52,9.57,24388754,243077168
2019-11-25,600111.SH,9.55,9.72,9.50,9.65,21632588,215340637
2019-11-26,600111.SH,9.65,9.75,9.57,9.74,22526137,224794326
2019-11-27,600111.SH,9.70,9.86,9.67,9.73,21693589,218399613
2019-11-28,600111.SH,9.89,9.94,9.73,9.76,29001071,293972039
2019-11-29,600111.SH,9.75,9.78,9.60,9.64,16717388,166298467
2019-12-02,600111.SH,9.60,9.64,9.42,9.44,21674149,212962355
2019-12-03,600111.SH,9.47,9.64,9.47,9.60,18530785,183231590
2019-12-04,600111.SH,9.61,10.01,9.60,9.93,71165676,723187972
2019-12-05,600111.SH,9.84,9.91,9.79,9.87,34579080,351054904
2019-12-06,600111.SH,9.84,10.02,9.81,9.90,35709654,365303544
2019-12-09,600111.SH,9.90,10.02,9.83,9.92,29007136,296574020
2019-12-10,600111.SH,9.87,9.98,9.79,9.89,27289255,278119636
2019-12-11,600111.SH,9.88,9.89,9.77,9.79,20443680,206997150
2019-12-12,600111.SH,9.83,10.03,9.83,9.96,42931553,440139596
2019-12-13,600111.SH,9.89,10.01,9.86,9.99,40531080,415597267
2019-12-16,600111.SH,9.94,10.12,9.89,10.12,45097852,465269598
2019-12-17,600111.SH,10.16,10.48,10.12,10.36,81104112,862650413
2019-12-18,600111.SH,10.37,10.50,10.26,10.29,57294901,611873179
2019-12-19,600111.SH,10.33,10.33,10.20,10.25,29272271,309308271
2019-12-20,600111.SH,10.28,10.29,10.07,10.07,31837067,333554881
2019-12-23,600111.SH,10.06,10.19,9.94,9.97,28501133,296092165
2019-12-24,600111.SH,9.98,10.33,9.98,10.25,41586862,436088601
2019-12-25,600111.SH,10.25,10.28,10.13,10.16,26255837,276020652
2019-12-26,600111.SH,10.17,10.26,10.08,10.21,21241838,223071819
2019-12-27,600111.SH,10.22,10.84,10.22,10.51,108871029,1184150401
2019-12-30,600111.SH,10.48,10.61,10.29,10.58,55589235,601390352
2019-12-31,600111.SH,10.56,10.65,10.43,10.51,35095236,380717840
2020-01-02,600111.SH,10.55,10.78,10.52,10.73,57561327,632313184
2020-01-03,600111.SH,10.75,10.89,10.66,10.72,58416609,648384741
2020-01-06,600111.SH,10.67,11.00,10.62,10.93,83079419,931187551
2020-01-07,600111.SH,10.89,10.98,10.70,10.84,57361175,639459889
2020-01-08,600111.SH,10.83,10.89,10.56,10.57,50315990,555180964
2020-01-09,600111.SH,10.65,10.71,10.55,10.63,31310515,343039250
2020-01-10,600111.SH,10.65,10.69,10.58,10.62,24412307,267785941
2020-01-13,600111.SH,10.62,10.72,10.47,10.71,28912617,316311329
2020-01-14,600111.SH,10.71,10.90,10.70,10.74,39167467,436835959
2020-01-15,600111.SH,10.73,10.73,10.51,10.52,27540271,300158391
2020-01-16,600111.SH,10.55,10.69,10.41,10.46,22898167,248781424
2020-01-17,600111.SH,10.47,10.53,10.34,10.37,21844087,234464368
2020-01-20,600111.SH,10.39,10.62,10.34,10.55,24975894,270670288
2020-01-21,600111.SH,10.53,10.54,10.23,10.25,27121346,289181814
2020-01-22,600111.SH,10.23,10.32,10.02,10.24,23896086,250614657
2020-01-23,600111.SH,10.18,10.22,9.74,9.83,33882052,347705776
2020-02-03,600111.SH,8.85,8.85,8.85,8.85,13364600,122018798
2020-02-04,600111.SH,8.03,8.77,8.03,8.63,60274915,530583814
2020-02-05,600111.SH,8.69,9.13,8.69,9.00,47885557,443409238
2020-02-06,600111.SH,9.10,9.13,8.93,9.07,33456915,311763071
2020-02-07,600111.SH,9.00,9.20,8.92,9.11,33206540,310330033
2020-02-10,600111.SH,9.08,9.32,9.02,9.29,32876305,312238201
2020-02-11,600111.SH,9.39,9.39,9.23,9.26,26205402,251605776
2020-02-12,600111.SH,9.26,9.56,9.22,9.53,42494025,413534241
2020-02-13,600111.SH,9.53,9.73,9.37,9.49,43457870,427355428
2020-02-14,600111.SH,9.45,9.67,9.39,9.51,35723824,351273628
2020-02-17,600111.SH,9.58,9.74,9.54,9.70,64451089,641002560
2020-02-18,600111.SH,9.87,10.15,9.73,9.96,87417404,898024776
2020-02-19,600111.SH,9.89,9.89,9.67,9.70,65076744,653481799
2020-02-20,600111.SH,9.73,9.82,9.53,9.80,52461168,524127828
2020-02-21,600111.SH,9.76,9.97,9.70,9.89,63597155,647177517
2020-02-24,600111.SH,9.83,9.83,9.63,9.73,66142288,662383404
2020-02-25,600111.SH,9.51,9.63,9.21,9.49,76989779,748927593
2020-02-26,600111.SH,9.37,9.62,9.26,9.39,52985615,516655655
2020-02-27,600111.SH,9.42,9.48,9.32,9.38,29053808,281382301
2020-02-28,600111.SH,9.15,9.21,8.78,8.82,64378364,596621525
2020-03-02,600111.SH,8.80,9.15,8.80,9.11,36121796,337604739
2020-03-03,600111.SH,9.23,9.37,9.11,9.19,37473841,357951390
2020-03-04,600111.SH,9.17,9.34,9.16,9.31,29832084,285026622
2020-03-05,600111.SH,9.39,9.53,9.30,9.52,53815417,523465379
2020-03-06,600111.SH,9.40,9.46,9.31,9.37,36469450,352740005
2020-03-09,600111.SH,9.22,9.23,8.97,9.01,42472555,397056738
2020-03-10,600111.SH,8.86,9.11,8.79,9.08,37813124,349762201
2020-03-11,600111.SH,9.10,9.15,8.99,8.99,25966690,242990061
2020-03-12,600111.SH,8.86,8.90,8.81,8.85,25638608,233853658
2020-03-13,600111.SH,8.53,8.80,8.43,8.75,35907410,318960225
2020-03-16,600111.SH,8.82,8.89,8.53,8.53,29808761,268013284
2020-03-17,600111.SH,8.54,8.68,8.24,8.43,27831107,241778794
2020-03-18,600111.SH,8.48,8.61,8.34,8.34,23641524,207276474
2020-03-19,600111.SH,8.30,8.40,8.16,8.34,23131245,197126838
2020-03-20,600111.SH,8.42,8.51,8.31,8.46,19322316,167584911
2020-03-23,600111.SH,8.25,8.32,8.11,8.17,24146151,204525753
2020-03-24,600111.SH,8.34,8.38,8.19,8.38,24285537,208209925
2020-03-25,600111.SH,8.53,8.58,8.46,8.53,25830491,227185072
2020-03-26,600111.SH,8.50,8.73,8.43,8.59,32063146,284610388
2020-03-27,600111.SH,8.64,8.65,8.44,8.45,20865644,183479359
2020-03-30,600111.SH,8.38,8.38,8.20,8.25,17413343,148347685
2020-03-31,600111.SH,8.34,8.81,8.27,8.72,52427194,466167153
2020-04-01,600111.SH,8.73,8.96,8.62,8.75,50687334,459224097
2020-04-02,600111.SH,8.75,8.75,8.60,8.74,24407396,218233027
2020-04-03,600111.SH,8.78,8.90,8.68,8.76,36280622,329334657
2020-04-07,600111.SH,8.82,8.95,8.77,8.88,34439998,314931541
2020-04-08,600111.SH,8.97,9.04,8.85,8.89,36863130,339564937
2020-04-09,600111.SH,8.92,8.93,8.78,8.80,26688630,242908484
2020-04-10,600111.SH,8.81,9.03,8.76,8.83,37918636,347657132
2020-04-13,600111.SH,8.79,8.99,8.75,8.88,30782343,282452006
2020-04-14,600111.SH,8.88,9.02,8.80,8.98,38635732,356158378
2020-04-15,600111.SH,9.01,9.01,8.82,8.85,25877962,237467776
2020-04-16,600111.SH,8.81,8.82,8.71,8.76,22835648,206213623
2020-04-17,600111.SH,8.76,8.90,8.76,8.80,25236217,229375236
2020-04-20,600111.SH,8.80,8.83,8.73,8.76,16359387,147789523
2020-04-21,600111.SH,8.74,8.75,8.51,8.58,25223347,223562325
2020-04-22,600111.SH,8.60,8.94,8.53,8.85,40336067,365980182
2020-04-23,600111.SH,8.84,8.85,8.74,8.76,24313944,220471470
2020-04-24,600111.SH,8.78,8.81,8.61,8.62,19138118,171305463
2020-04-27,600111.SH,8.61,8.68,8.50,8.55,15566482,137575940
2020-04-28,600111.SH,8.56,8.58,8.21,8.37,24254438,209352705
2020-04-29,600111.SH,8.36,8.45,8.34,8.38,12936223,112181956
2020-04-30,600111.SH,8.45,8.81,8.45,8.75,36307181,325245958
2020-05-06,600111.SH,8.75,9.50,8.75,9.28,91456039,865127280
2020-05-07,600111.SH,9.08,9.20,8.97,9.00,60550968,566141678
2020-05-08,600111.SH,9.07,9.10,8.95,9.05,38353160,357250085
2020-05-11,600111.SH,9.05,9.10,8.92,8.97,33272703,309070428
2020-05-12,600111.SH,8.96,9.04,8.80,8.89,26889771,246217911
2020-05-13,600111.SH,8.91,8.97,8.86,8.92,22739388,208867356
2020-05-14,600111.SH,9.02,9.25,9.01,9.09,70351747,663875587
2020-05-15,600111.SH,9.06,9.18,9.00,9.10,36846406,345392788
2020-05-18,600111.SH,9.36,9.89,9.21,9.58,132715406,1312840620
2020-05-19,600111.SH,9.58,9.70,9.37,9.51,83170838,815664311
2020-05-20,600111.SH,9.49,9.63,9.33,9.35,61207191,595573319
2020-05-21,600111.SH,9.39,9.73,9.38,9.55,89495856,883796740
2020-05-22,600111.SH,9.42,9.95,9.24,9.71,119267665,1181624356
2020-05-25,600111.SH,9.78,9.91,9.47,9.54,72805034,725141347
2020-05-26,600111.SH,9.50,9.64,9.42,9.60,53681118,528143809
2020-05-27,600111.SH,9.54,9.78,9.50,9.73,82302448,821844768
2020-05-28,600111.SH,9.69,10.02,9.57,9.77,119723950,1212534998
2020-05-29,600111.SH,9.75,9.86,9.63,9.84,78563345,790103942
2020-06-01,600111.SH,9.68,9.82,9.55,9.79,76343862,763104520
2020-06-02,600111.SH,9.75,9.80,9.65,9.77,58261489,584507332
2020-06-03,600111.SH,9.74,9.75,9.50,9.50,71393297,705734717
2020-06-04,600111.SH,9.52,9.59,9.43,9.47,38594262,378571234
2020-06-05,600111.SH,9.47,9.52,9.28,9.39,40518282,392186540
2020-06-08,600111.SH,9.39,9.49,9.33,9.43,28437296,276254673
2020-06-09,600111.SH,9.44,9.47,9.29,9.31,31878559,307568481
2020-06-10,600111.SH,9.31,9.39,9.31,9.38,21387372,206075846
2020-06-11,600111.SH,9.40,9.59,9.38,9.59,61619579,602937256
2020-06-12,600111.SH,9.45,9.46,9.33,9.39,36318745,352292989
2020-06-15,600111.SH,9.33,9.34,9.07,9.10,49015689,463701048
2020-06-16,600111.SH,9.16,9.30,9.13,9.22,28359262,269306210
2020-06-17,600111.SH,9.25,9.31,9.13,9.17,24758406,234940338
2020-06-18,600111.SH,9.16,9.30,9.08,9.19,24360772,231420457
2020-06-19,600111.SH,9.21,9.26,9.16,9.26,21877333,208095753
2020-06-22,600111.SH,9.26,9.39,9.24,9.30,30796614,295908475
2020-06-23,600111.SH,9.29,9.41,9.28,9.31,31561214,304288478
2020-06-24,600111.SH,9.28,9.30,9.11,9.12,29600820,279368105
2020-06-29,600111.SH,9.10,9.10,8.92,8.94,27881337,258676542
2020-06-30,600111.SH,8.98,9.07,8.98,9.04,19850348,184825558
2020-07-01,600111.SH,9.04,9.18,9.02,9.18,30830490,289772927
2020-07-02,600111.SH,9.17,9.35,9.11,9.35,47297274,451008353
2020-07-03,600111.SH,9.39,9.69,9.34,9.56,73887110,725969493
2020-07-06,600111.SH,9.61,10.28,9.59,10.25,151989424,1563867913
2020-07-07,600111.SH,10.36,10.45,10.08,10.13,139239479,1473702383
2020-07-08,600111.SH,10.13,11.15,10.09,11.15,148441435,1641929628
2020-07-09,600111.SH,11.63,12.14,11.45,11.93,308294865,3747386181
2020-07-10,600111.SH,11.86,12.88,11.62,12.25,276219463,3497754595
2020-07-13,600111.SH,12.28,12.80,11.98,12.60,237877939,3061260407
2020-07-14,600111.SH,12.52,13.01,12.27,12.63,174554873,2264299039
2020-07-15,600111.SH,12.98,13.09,11.73,11.76,194379116,2445414408
2020-07-16,600111.SH,12.14,12.39,11.43,11.59,174545280,2161416270
2020-07-17,600111.SH,11.59,11.70,11.01,11.36,112597536,1319046127
2020-07-20,600111.SH,11.47,12.50,11.43,12.50,191865271,2400304351
2020-07-21,600111.SH,12.46,12.46,12.07,12.25,131147146,1652120780
2020-07-22,600111.SH,12.40,12.58,12.17,12.56,155551514,1987696922
2020-07-23,600111.SH,12.87,13.46,12.42,12.63,282349605,3748193179
2020-07-24,600111.SH,12.41,12.94,11.91,11.96,212356346,2713215781
2020-07-27,600111.SH,11.95,12.26,11.50,12.08,116575058,1429770971
2020-07-28,600111.SH,12.21,12.57,11.95,12.02,132549768,1676400962
2020-07-29,600111.SH,11.95,12.41,11.73,12.35,124052798,1550843524
2020-07-30,600111.SH,12.34,12.49,12.08,12.14,96535439,1222322420
2020-07-31,600111.SH,12.01,12.30,11.84,12.03,109264822,1353668031
2020-08-03,600111.SH,12.03,12.70,11.97,12.70,170271810,2177087168
2020-08-04,600111.SH,12.69,12.69,12.33,12.51,118359663,1521394658
2020-08-05,600111.SH,12.56,13.76,12.45,13.76,361761293,4964974993
2020-08-06,600111.SH,13.55,14.11,13.41,13.65,314971310,4468519165
2020-08-07,600111.SH,13.57,14.43,13.43,14.16,259564399,3709614951
2020-08-10,600111.SH,13.91,13.94,13.24,13.30,201289635,2817953699
2020-08-11,600111.SH,13.33,13.84,13.27,13.45,168499348,2356718622
2020-08-12,600111.SH,13.14,13.15,12.67,12.86,137520429,1823377191
2020-08-13,600111.SH,12.96,13.15,12.73,12.99,88865887,1186400033
2020-08-14,600111.SH,13.00,13.16,12.83,13.06,77270891,1036362184
2020-08-17,600111.SH,13.07,13.52,12.92,13.51,115334624,1574586234
2020-08-18,600111.SH,13.61,13.82,13.30,13.38,112761903,1572126086
2020-08-19,600111.SH,13.77,14.05,13.36,13.44,158930985,2249150615
2020-08-20,600111.SH,13.13,13.14,12.67,12.80,113662473,1517062584
2020-08-21,600111.SH,12.84,12.91,12.31,12.54,101252011,1313376829
2020-08-24,600111.SH,12.56,12.73,12.18,12.70,67423211,865686648
2020-08-25,600111.SH,12.75,12.79,12.19,12.26,96787450,1241631231
2020-08-26,600111.SH,12.18,12.34,11.71,11.80,89972436,1110189438
2020-08-27,600111.SH,11.87,11.97,11.73,11.93,62174001,760270085
2020-08-28,600111.SH,11.83,12.16,11.63,12.09,64704048,799314932
2020-08-31,600111.SH,12.11,12.38,11.97,11.97,67591969,847756218
2020-09-01,600111.SH,11.91,12.21,11.87,12.14,48614467,605314752
2020-09-02,600111.SH,12.06,12.09,11.75,11.86,62993277,771665811
2020-09-03,600111.SH,11.82,11.93,11.64,11.71,48095960,583113228
2020-09-04,600111.SH,11.52,11.62,11.45,11.59,43233486,514388483
2020-09-07,600111.SH,11.56,11.81,11.30,11.33,51786531,617815460
2020-09-08,600111.SH,11.35,11.51,11.27,11.43,44163708,519114652
2020-09-09,600111.SH,11.23,11.33,10.98,11.01,55960224,641812049
2020-09-10,600111.SH,11.11,11.18,10.81,10.98,57009536,648472993
2020-09-11,600111.SH,10.96,11.11,10.87,11.08,38761911,440208256
2020-09-14,600111.SH,11.09,11.36,11.06,11.26,51626693,597616387
2020-09-15,600111.SH,11.25,11.25,11.01,11.15,30338656,347722625
2020-09-16,600111.SH,11.12,11.12,10.94,11.01,27327993,310287641
2020-09-17,600111.SH,10.98,11.12,10.89,11.04,28464624,323057034
2020-09-18,600111.SH,10.98,11.41,10.98,11.33,53018731,612659021
2020-09-21,600111.SH,11.31,11.42,11.20,11.23,40392089,470969573
2020-09-22,600111.SH,11.05,11.09,10.86,10.90,36409140,412339461
2020-09-23,600111.SH,10.99,11.18,10.96,11.00,34115949,389112643
2020-09-24,600111.SH,10.85,10.88,10.63,10.67,39832068,440920617
2020-09-25,600111.SH,10.66,10.76,10.43,10.48,33325642,362226029
2020-09-28,600111.SH,10.50,10.54,10.38,10.41,20881796,225122185
2020-09-29,600111.SH,10.47,10.56,10.45,10.47,19624091,212595333
2020-09-30,600111.SH,10.50,10.52,10.35,10.41,21007870,225906571
2020-10-09,600111.SH,10.54,10.79,10.52,10.74,34385708,379306769
2020-10-12,600111.SH,10.81,11.14,10.78,11.11,47654840,541244656
2020-10-13,600111.SH,11.11,11.18,10.96,11.13,32199314,367107343
2020-10-14,600111.SH,11.13,11.13,10.85,10.91,27387046,309125942
2020-10-15,600111.SH,10.88,11.09,10.85,10.90,23520911,266155093
2020-10-16,600111.SH,10.88,10.95,10.73,10.79,21132898,235691799
2020-10-19,600111.SH,10.80,11.02,10.77,10.82,21149960,237476673
2020-10-20,600111.SH,10.82,10.82,10.65,10.79,20605374,227526279
2020-10-21,600111.SH,10.78,10.91,10.62,10.66,22087630,244724481
2020-10-22,600111.SH,10.58,10.58,10.36,10.52,23593290,255297811
2020-10-23,600111.SH,10.52,10.62,10.42,10.45,18350307,198823810
2020-10-26,600111.SH,10.37,10.44,10.30,10.43,16104621,172331718
2020-10-27,600111.SH,10.45,10.61,10.17,10.41,26106199,281206208
2020-10-28,600111.SH,10.34,10.46,10.17,10.46,36866774,392779516
2020-10-29,600111.SH,10.29,10.37,10.22,10.25,37143187,393393352
2020-10-30,600111.SH,10.27,10.29,9.75,9.76,47949268,493920274
2020-11-02,600111.SH,9.75,9.82,9.64,9.73,26445017,265350485
2020-11-03,600111.SH,9.77,10.70,9.77,10.70,116319473,1256604076
2020-11-04,600111.SH,10.66,10.82,10.45,10.78,89387211,981805381
2020-11-05,600111.SH,10.77,10.99,10.63,10.92,76883727,857957169
2020-11-06,600111.SH,10.92,11.08,10.73,10.87,61639253,692034317
2020-11-09,600111.SH,10.98,11.27,10.81,11.12,90282920,1026804034
2020-11-10,600111.SH,11.17,11.29,11.03,11.16,77820012,896112517
2020-11-11,600111.SH,11.05,11.49,10.94,11.26,91298928,1057202070
2020-11-12,600111.SH,11.12,11.38,11.02,11.07,58502179,673252056
2020-11-13,600111.SH,11.05,11.71,11.02,11.37,104813590,1232963261
2020-11-16,600111.SH,11.29,11.93,11.23,11.88,124887427,1510744036
2020-11-17,600111.SH,11.83,11.90,11.47,11.56,91591660,1103290116
2020-11-18,600111.SH,11.60,12.09,11.55,12.01,115157607,1406367406
2020-11-19,600111.SH,12.01,12.15,11.68,11.90,87482466,1073030097
2020-11-20,600111.SH,11.90,12.18,11.61,12.03,108580833,1331368107
2020-11-23,600111.SH,12.04,12.60,11.88,12.33,159280171,2020527354
2020-11-24,600111.SH,12.29,13.56,12.19,13.26,296605714,3987357193
2020-11-25,600111.SH,13.42,14.13,13.33,13.55,349134324,4925961957
2020-11-26,600111.SH,13.91,14.06,13.22,13.86,284805394,4013253457
2020-11-27,600111.SH,13.65,13.65,13.00,13.33,204377535,2807087105
2020-11-30,600111.SH,13.24,13.75,13.13,13.13,198731444,2753457408
2020-12-01,600111.SH,13.16,13.52,12.91,13.45,165551952,2266240927
2020-12-02,600111.SH,13.31,13.44,13.04,13.12,120256437,1634190693
2020-12-03,600111.SH,13.09,13.11,12.48,12.72,135282197,1771624845
2020-12-04,600111.SH,12.73,13.11,12.62,12.92,123625149,1642891762
2020-12-07,600111.SH,12.85,13.19,12.80,12.93,93237669,1248818385
2020-12-08,600111.SH,12.99,13.07,12.57,12.64,79262466,1041039295
2020-12-09,600111.SH,12.63,12.82,12.17,12.25,104269985,1338898154
2020-12-10,600111.SH,12.28,12.30,11.95,12.07,82526816,1029320456
2020-12-11,600111.SH,12.29,12.43,11.35,11.54,143693649,1750502211
2020-12-14,600111.SH,11.54,11.63,11.26,11.63,75361551,888977967
2020-12-15,600111.SH,11.48,11.61,11.35,11.50,51076376,603773179
2020-12-16,600111.SH,11.50,11.68,11.31,11.39,65403606,774778652
2020-12-17,600111.SH,11.32,12.07,11.18,11.98,122848817,1485411286
2020-12-18,600111.SH,11.92,12.39,11.84,12.06,115021739,1431906937
2020-12-21,600111.SH,12.01,12.34,11.91,12.22,87285698,1091650505
2020-12-22,600111.SH,12.10,12.14,11.40,11.46,108438494,1316714203
2020-12-23,600111.SH,11.47,12.52,11.44,12.24,130831371,1622577671
2020-12-24,600111.SH,12.19,12.57,12.12,12.26,94650184,1202787081
2020-12-25,600111.SH,12.20,12.98,11.93,12.86,144061731,1865894716
2020-12-28,600111.SH,12.77,12.90,12.43,12.65,102584357,1335533486
2020-12-29,600111.SH,12.68,12.68,11.91,11.93,106445915,1332408275
2020-12-30,600111.SH,11.94,12.44,11.91,12.20,88759882,1115120095
2020-12-31,600111.SH,12.34,12.80,12.29,12.69,114763169,1493815756
2021-01-04,600111.SH,12.61,13.21,12.60,13.04,145668544,1947594249
2021-01-05,600111.SH,12.89,13.37,12.73,13.15,131889151,1772620893
2021-01-06,600111.SH,13.20,13.33,12.81,13.10,112072474,1509347142
2021-01-07,600111.SH,12.94,13.57,12.89,13.52,187454874,2583172965
2021-01-08,600111.SH,13.72,13.81,12.91,13.39,123702135,1688418233
2021-01-11,600111.SH,13.43,14.66,13.35,13.85,255336386,3700568371
2021-01-12,600111.SH,13.76,14.11,13.31,14.11,161915804,2294612550
2021-01-13,600111.SH,14.16,15.27,14.16,14.86,251586577,3862499417
2021-01-14,600111.SH,14.89,15.17,14.35,14.83,158616622,2403845914
2021-01-15,600111.SH,14.74,15.09,13.35,13.42,250361392,3634098179
2021-01-18,600111.SH,14.54,14.76,14.09,14.76,235950535,3562736014
2021-01-19,600111.SH,14.74,14.85,13.80,14.02,214881071,3184637373
2021-01-20,600111.SH,14.07,15.43,13.86,15.43,248450559,3822385468
2021-01-21,600111.SH,16.09,16.97,16.05,16.97,165821709,2846385942
2021-01-22,600111.SH,17.93,18.61,17.57,17.74,461237716,8567861977
2021-01-25,600111.SH,18.03,18.94,17.43,17.46,392386245,7366451343
2021-01-26,600111.SH,16.99,18.77,16.98,18.31,350605546,6491500685
2021-01-27,600111.SH,17.83,17.83,16.48,17.45,285718176,5019358893
2021-01-28,600111.SH,16.89,18.00,16.89,17.09,226438050,4081659921
2021-01-29,600111.SH,17.84,17.98,16.81,17.26,221329060,3984075486
2021-02-01,600111.SH,16.72,17.11,15.80,16.49,174683773,2967326903
2021-02-02,600111.SH,16.97,17.93,16.01,17.64,228583586,3987346310
2021-02-03,600111.SH,17.26,19.34,17.10,18.75,292575941,5621895147
2021-02-04,600111.SH,18.42,18.63,17.12,17.51,229505444,4235930169
2021-02-05,600111.SH,17.40,17.50,15.75,15.82,212408236,3613851694
2021-02-08,600111.SH,15.82,16.58,15.19,16.25,151950391,2502008113
2021-02-09,600111.SH,16.28,17.82,16.20,17.55,183043396,3258684416
2021-02-10,600111.SH,17.63,18.61,17.22,18.20,210002156,3895591975
2021-02-18,600111.SH,19.57,19.86,18.78,19.54,242680566,4843324101
2021-02-19,600111.SH,18.93,19.61,18.30,19.09,207896508,4069721383
2021-02-22,600111.SH,19.76,21.00,19.75,21.00,211587816,4544738796
2021-02-23,600111.SH,20.80,21.80,20.03,20.73,356280008,7673121637
2021-02-24,600111.SH,20.17,20.29,19.16,19.44,242506179,4920441120
2021-02-25,600111.SH,20.15,20.22,18.83,19.39,186175176,3751403307
2021-02-26,600111.SH,18.52,20.91,18.39,20.06,242365902,4971819923
2021-03-01,600111.SH,20.17,22.07,19.53,22.07,350346409,7679912277
2021-03-02,600111.SH,22.30,23.83,21.14,21.57,401109609,9197731921
2021-03-03,600111.SH,21.22,23.27,21.06,23.09,311364792,7185574235
2021-03-04,600111.SH,22.40,24.01,22.20,22.54,342404109,8099957705
2021-03-05,600111.SH,21.33,21.91,20.54,20.93,230221173,5054037199
2021-03-08,600111.SH,22.02,22.67,21.21,21.66,282503384,6413197381
2021-03-09,600111.SH,20.51,20.70,19.50,19.50,272493650,5632095382
2021-03-10,600111.SH,19.50,20.32,18.69,19.80,207561995,4181354864
2021-03-11,600111.SH,20.21,21.56,19.93,21.56,240822095,5172472795
2021-03-12,600111.SH,21.48,22.49,21.13,21.70,233629612,5231997423
2021-03-15,600111.SH,21.07,22.23,20.94,21.53,154330704,3457763488
2021-03-16,600111.SH,21.81,21.87,19.88,20.50,205181480,4385498711
2021-03-17,600111.SH,19.99,20.71,19.68,20.39,116827183,2443029518
2021-03-18,600111.SH,20.49,20.66,19.37,19.42,170065192,3478601519
2021-03-19,600111.SH,18.91,19.84,18.79,19.26,151523244,3039736855
2021-03-22,600111.SH,19.34,19.74,18.82,19.12,123879917,2461325432
2021-03-23,600111.SH,19.17,19.27,17.63,17.90,189377484,3557780535
2021-03-24,600111.SH,17.88,18.10,16.85,16.92,163932285,2929956523
2021-03-25,600111.SH,17.18,17.79,17.08,17.34,143592567,2584674711
2021-03-26,600111.SH,17.46,18.41,17.16,18.15,164909531,3018776485
2021-03-29,600111.SH,18.13,18.61,17.66,18.01,124363883,2325148280
2021-03-30,600111.SH,17.97,19.75,17.85,19.25,196585492,3836842289
2021-03-31,600111.SH,18.89,19.06,18.25,18.54,116076744,2230993395
2021-04-01,600111.SH,18.47,19.15,18.32,18.65,88688081,1716176771
2021-04-02,600111.SH,18.61,18.85,18.15,18.41,80063605,1520393533
2021-04-06,600111.SH,18.41,18.86,18.32,18.58,66276148,1274772417
2021-04-07,600111.SH,18.52,19.63,18.07,19.34,156718003,3084947617
2021-04-08,600111.SH,19.24,19.74,18.87,19.34,133560588,2672146869
2021-04-09,600111.SH,19.35,20.05,19.10,19.70,146004145,2960815250
2021-04-12,600111.SH,19.52,20.17,18.91,18.93,123259557,2468890898
2021-04-13,600111.SH,18.84,19.05,17.93,18.14,117867395,2216518563
2021-04-14,600111.SH,18.06,18.46,18.06,18.36,66654013,1257163662
2021-04-15,600111.SH,18.04,18.86,17.65,18.70,101805517,1930416558
2021-04-16,600111.SH,18.74,18.82,18.13,18.47,76349927,1454747120
2021-04-19,600111.SH,18.37,19.53,18.08,19.34,131427826,2584006646
2021-04-20,600111.SH,19.34,20.75,19.30,19.97,186374505,3844144600
2021-04-21,600111.SH,19.78,20.75,19.73,20.24,144980170,3036447031
2021-04-22,600111.SH,20.10,20.35,19.61,20.07,106289255,2190562215
2021-04-23,600111.SH,20.09,20.41,19.52,20.06,116484078,2401094626
2021-04-26,600111.SH,20.05,20.70,19.60,19.71,113043008,2349498577
2021-04-27,600111.SH,19.71,20.24,19.40,19.97,90406529,1851774105
2021-04-28,600111.SH,19.98,20.71,19.68,20.70,147613116,3106183263
2021-04-29,600111.SH,20.15,20.25,19.71,19.87,152525340,3134680932
2021-04-30,600111.SH,19.88,20.14,19.42,19.73,96479156,1975063022
2021-05-06,600111.SH,19.68,19.93,19.08,19.88,138108125,2781323680
2021-05-07,600111.SH,19.84,21.48,19.68,20.96,236113406,5068565046
2021-05-10,600111.SH,21.08,21.80,20.66,21.59,198808308,4363839999
2021-05-11,600111.SH,21.01,21.09,20.24,20.56,127762994,2722340266
2021-05-12,600111.SH,20.44,21.04,20.38,20.74,82125060,1756626397
2021-05-13,600111.SH,20.17,20.44,19.41,19.54,116316459,2382593097
2021-05-14,600111.SH,19.53,19.77,18.92,19.54,93994812,1872190214
2021-05-17,600111.SH,19.48,19.95,19.29,19.95,85847538,1743712107
2021-05-18,600111.SH,20.00,20.40,19.82,19.98,87982947,1823675601
2021-05-19,600111.SH,19.72,20.44,19.27,20.36,113840537,2344702929
2021-05-20,600111.SH,19.88,20.02,19.50,19.55,96174872,1951546640
2021-05-21,600111.SH,19.54,19.74,19.25,19.29,81679980,1635786608
2021-05-24,600111.SH,19.17,19.17,18.28,18.51,118092772,2265463975
2021-05-25,600111.SH,18.47,18.86,18.38,18.79,70308070,1353859087
2021-05-26,600111.SH,18.79,19.92,18.60,19.67,143329045,2867346251
2021-05-27,600111.SH,19.42,19.89,19.39,19.68,94327506,1911493753
2021-05-28,600111.SH,19.97,20.30,19.67,19.82,112774336,2322080353
2021-05-31,600111.SH,20.07,21.52,20.05,21.30,216701638,4717817915
2021-06-01,600111.SH,21.05,21.43,20.70,21.35,145283779,3169899074
2021-06-02,600111.SH,21.27,21.82,21.01,21.21,151043689,3333639331
2021-06-03,600111.SH,21.21,22.72,21.14,22.00,206963131,4708016077
2021-06-04,600111.SH,21.55,22.20,21.48,21.81,112266161,2526088283
2021-06-07,600111.SH,21.75,22.10,21.23,21.74,88180151,1971185373
2021-06-08,600111.SH,21.56,22.05,20.78,20.92,101574769,2224649413
2021-06-09,600111.SH,20.88,21.17,20.60,20.71,62098584,1335282297
2021-06-10,600111.SH,20.67,21.13,20.55,20.78,72916186,1565171244
2021-06-11,600111.SH,20.78,20.84,19.68,20.21,94812182,1972090060
2021-06-15,600111.SH,20.27,20.49,19.33,19.37,96490721,1956766326
2021-06-16,600111.SH,19.32,19.68,18.45,18.59,118469512,2320567652
2021-06-17,600111.SH,18.61,18.84,18.40,18.64,76113373,1462866824
2021-06-18,600111.SH,18.42,19.14,17.98,18.92,108180415,2077781869
2021-06-21,600111.SH,18.70,19.25,18.55,19.07,79505644,1555949090
2021-06-22,600111.SH,19.13,20.34,18.87,19.86,144543757,2936048295
2021-06-23,600111.SH,19.58,19.76,19.30,19.57,91941342,1850739583
2021-06-24,600111.SH,19.57,20.26,19.35,19.81,106887238,2183519312
2021-06-25,600111.SH,19.82,19.91,19.48,19.79,73827786,1494889669
2021-06-28,600111.SH,19.66,19.82,19.30,19.41,69442426,1390679502
2021-06-29,600111.SH,19.40,20.05,19.38,19.59,102559876,2086808359
2021-06-30,600111.SH,19.56,20.31,19.47,20.14,106017920,2189637395
2021-07-01,600111.SH,20.33,20.39,19.41,19.50,80419309,1640654605
2021-07-02,600111.SH,19.51,20.88,19.28,20.06,165102431,3439896311
2021-07-05,600111.SH,20.24,22.07,20.23,22.07,318908190,7072183525
2021-07-06,600111.SH,22.02,23.01,21.62,22.71,322354323,7409099645
2021-07-07,600111.SH,22.28,24.90,21.98,24.45,305407682,7451339218
2021-07-08,600111.SH,25.28,26.89,25.24,26.27,415909387,11376414665
2021-07-09,600111.SH,26.46,28.90,26.12,28.90,299214252,8491630912
2021-07-12,600111.SH,30.94,31.78,30.13,31.78,355202981,11482762110
2021-07-13,600111.SH,31.91,32.75,30.94,32.17,304747815,9993808501
2021-07-14,600111.SH,31.62,33.57,31.02,31.42,251590129,8283497338
2021-07-15,600111.SH,31.50,34.57,29.68,34.57,324648766,10683203590
2021-07-16,600111.SH,33.57,35.22,32.74,32.98,326030709,11305416998
2021-07-19,600111.SH,32.59,35.61,32.40,33.76,273461741,9631130116
2021-07-20,600111.SH,33.08,35.67,33.01,35.01,193802871,6893387646
2021-07-21,600111.SH,35.06,38.52,34.37,38.52,254207125,9634507992
2021-07-22,600111.SH,39.28,40.56,37.65,39.49,248513539,9973532445
2021-07-23,600111.SH,38.83,40.33,37.49,38.33,199849320,7994555032
2021-07-26,600111.SH,38.01,40.08,36.19,39.89,213621985,8422216260
2021-07-27,600111.SH,39.79,43.78,37.14,39.27,275924010,11633166136
2021-07-28,600111.SH,38.42,40.79,36.66,38.35,204643753,8143129355
2021-07-29,600111.SH,39.80,42.18,39.49,42.18,194915484,8269432084
2021-07-30,600111.SH,43.16,46.41,42.48,46.41,226176661,10239288953
2021-08-02,600111.SH,48.76,50.07,43.96,47.48,318253056,15409787024
2021-08-03,600111.SH,46.14,47.64,42.73,43.64,259887271,11866417601
2021-08-04,600111.SH,43.60,47.96,42.37,47.34,264858579,12427438353
2021-08-05,600111.SH,45.82,49.88,44.09,46.29,257427820,12306082033
2021-08-06,600111.SH,46.70,48.38,45.35,46.67,212781517,10248103452
2021-08-09,600111.SH,45.24,45.31,42.74,44.40,229841194,10393359681
2021-08-10,600111.SH,43.10,45.97,41.93,43.66,236494394,10663267408
2021-08-11,600111.SH,43.66,46.32,42.62,44.94,245740435,11249537798
2021-08-12,600111.SH,43.96,45.34,42.81,43.49,171070039,7704864066
2021-08-13,600111.SH,42.90,45.60,42.42,43.95,223411462,10188160463
2021-08-16,600111.SH,41.25,41.25,39.55,39.55,282326239,11605031573
2021-08-17,600111.SH,39.89,40.26,37.18,38.42,278099611,11069524211
2021-08-18,600111.SH,38.42,40.04,37.87,39.09,213385372,8544676299
2021-08-19,600111.SH,38.33,41.15,37.97,40.16,222524165,9153814046
2021-08-20,600111.SH,39.80,42.76,39.59,41.74,231753589,9758360619
2021-08-23,600111.SH,41.92,45.91,40.46,45.72,287011247,12827468910
2021-08-24,600111.SH,45.12,48.76,44.80,46.15,237020504,11479071561
2021-08-25,600111.SH,45.62,47.13,44.58,46.14,169790898,8015945899
2021-08-26,600111.SH,45.18,48.01,44.58,46.74,186209712,8860889492
2021-08-27,600111.SH,48.42,50.01,47.04,47.74,259971050,13037023145
2021-08-30,600111.SH,47.56,52.16,47.35,51.32,215091406,11093414834
2021-08-31,600111.SH,51.31,56.46,50.69,56.46,224793127,12384639044
2021-09-01,600111.SH,57.89,59.82,51.05,52.13,311348508,17661625871
2021-09-02,600111.SH,51.56,55.30,50.79,53.88,187532806,10208298567
2021-09-03,600111.SH,52.24,54.48,48.49,50.04,237078904,12322856439
2021-09-06,600111.SH,49.42,52.34,46.80,51.32,207799704,10508401031
2021-09-07,600111.SH,50.79,56.23,50.01,55.77,217335683,11884077930
2021-09-08,600111.SH,55.31,57.02,54.09,54.59,167883739,9595041328
2021-09-09,600111.SH,54.53,58.22,54.48,57.95,167636437,9731172878
2021-09-10,600111.SH,57.95,59.74,56.86,59.36,163846317,9838532074
2021-09-13,600111.SH,58.83,60.42,54.97,57.03,160584942,9523573452
2021-09-14,600111.SH,56.22,57.88,54.39,55.91,123333072,7136506845
2021-09-15,600111.SH,55.94,57.09,53.51,54.00,125518214,7082716904
2021-09-16,600111.SH,54.48,55.05,51.71,51.71,147376662,8041724769
2021-09-17,600111.SH,52.02,52.53,46.54,48.44,219870360,11065609268
2021-09-22,600111.SH,48.40,50.35,47.98,48.79,113461085,5719112311
2021-09-23,600111.SH,49.05,51.43,48.12,49.57,162083843,8286466910
2021-09-24,600111.SH,50.85,52.54,47.08,47.78,214664447,10970102934
2021-09-27,600111.SH,46.60,46.65,43.00,43.00,211263160,9559981011
2021-09-28,600111.SH,42.80,43.46,41.64,43.07,137317130,6000512600
2021-09-29,600111.SH,42.32,43.37,39.81,40.33,147612985,6283256084
2021-09-30,600111.SH,41.51,43.44,40.78,43.07,122445679,5332105966
2021-10-08,600111.SH,44.78,45.14,42.71,43.03,111602457,5012639678
2021-10-11,600111.SH,43.05,44.16,40.47,43.49,98134744,4287874074
2021-10-12,600111.SH,43.10,43.45,40.04,41.20,110071375,4687271438
2021-10-13,600111.SH,42.18,44.68,41.26,43.79,114114751,5022759605
2021-10-14,600111.SH,43.18,44.17,42.63,42.88,82399851,3670426151
2021-10-15,600111.SH,43.22,44.23,42.27,43.95,93864762,4194206187
2021-10-18,600111.SH,44.27,44.51,42.41,44.05,108986057,4873234969
2021-10-19,600111.SH,43.56,43.56,41.64,42.74,126226537,5528934952
2021-10-20,600111.SH,41.83,45.43,41.35,44.66,172368564,7820391685
2021-10-21,600111.SH,45.24,48.61,44.32,48.06,242430187,11688820820
2021-10-22,600111.SH,48.06,49.13,46.35,46.62,170493997,8366532820
2021-10-25,600111.SH,47.24,51.08,45.93,50.65,187758589,9378505880
2021-10-26,600111.SH,50.69,53.46,49.81,52.49,198247843,10566127298
2021-10-27,600111.SH,51.91,53.51,51.56,52.79,139431482,7527291313
2021-10-28,600111.SH,52.60,53.41,48.63,49.47,194986294,10126495964
2021-10-29,600111.SH,49.56,50.69,48.39,49.23,135742458,6916846595
2021-11-01,600111.SH,48.97,49.21,44.50,44.70,247937693,11701187184
2021-11-02,600111.SH,44.73,45.17,42.82,43.68,161481645,7310171547
2021-11-03,600111.SH,43.68,45.20,42.36,44.39,162815095,7312060832
2021-11-04,600111.SH,44.44,45.91,43.68,45.73,135671397,6248379570
2021-11-05,600111.SH,45.72,46.89,45.10,45.23,141220406,6662921727
2021-11-08,600111.SH,45.24,49.61,44.66,49.36,188806496,9301408207
2021-11-09,600111.SH,49.35,49.76,48.45,48.88,110042439,5546836586
2021-11-10,600111.SH,48.60,49.66,46.18,47.65,142134319,6975420126
2021-11-11,600111.SH,46.99,47.46,45.32,46.89,118140087,5647145087
2021-11-12,600111.SH,46.80,49.00,46.79,47.28,121427570,5977002889
2021-11-15,600111.SH,46.70,46.80,44.04,44.76,132220361,6102535249
2021-11-16,600111.SH,44.22,45.19,43.76,44.03,87429397,3988842655
2021-11-17,600111.SH,44.10,46.63,44.10,46.32,124135040,5833982936
2021-11-18,600111.SH,45.77,48.43,44.98,46.94,140561714,6763016393
2021-11-19,600111.SH,46.62,47.17,45.75,46.20,99056836,4714609639
2021-11-22,600111.SH,45.73,49.59,45.73,48.99,178566559,8854609906
2021-11-23,600111.SH,51.44,52.21,49.10,49.21,216760011,11290053119
2021-11-24,600111.SH,49.52,52.84,49.23,52.73,240792045,12803158520
2021-11-25,600111.SH,52.72,54.63,51.61,52.68,187056275,10199533148
2021-11-26,600111.SH,51.97,55.79,51.89,54.93,170624517,9588926071
2021-11-29,600111.SH,53.80,54.87,52.56,54.52,134523355,7466764442
2021-11-30,600111.SH,54.77,54.96,52.20,52.36,137715358,7508235625
2021-12-01,600111.SH,51.95,52.95,50.88,51.38,99315885,5281936700
2021-12-02,600111.SH,51.56,54.92,50.87,54.14,163560381,8888366672
2021-12-03,600111.SH,53.20,53.39,51.66,52.50,109217374,5903003141
2021-12-06,600111.SH,51.70,52.92,50.59,50.65,114260721,6071430696
2021-12-07,600111.SH,50.98,51.75,48.46,50.45,113079964,5817847936
2021-12-08,600111.SH,50.09,51.22,49.78,51.05,75313220,3923337778
2021-12-09,600111.SH,51.01,52.04,50.35,50.88,73451162,3863565451
2021-12-10,600111.SH,50.36,51.66,50.20,50.83,74353061,3894149223
2021-12-13,600111.SH,50.88,52.04,49.35,52.03,113963475,5927154748
2021-12-14,600111.SH,51.58,51.91,49.15,49.54,117638571,6071590442
2021-12-15,600111.SH,48.84,50.04,47.00,47.79,146719701,7283295088
2021-12-16,600111.SH,47.72,48.84,46.82,48.80,93052915,4594506585
2021-12-17,600111.SH,48.36,48.74,46.85,46.94,88961801,4352751378
2021-12-20,600111.SH,47.65,49.06,46.89,47.38,103347680,5090918336
2021-12-21,600111.SH,47.24,47.24,45.73,45.99,92919308,4413713679
2021-12-22,600111.SH,46.24,46.56,45.09,45.54,87225025,4088362673
2021-12-23,600111.SH,46.21,46.67,45.59,45.74,84263568,3983724054
2021-12-24,600111.SH,45.74,45.74,42.52,43.00,135091794,6072855775
2021-12-27,600111.SH,42.97,43.55,41.52,42.62,90330038,3953797116
2021-12-28,600111.SH,42.81,45.03,42.44,44.97,127188434,5744484151
2021-12-29,600111.SH,44.75,45.43,44.36,44.42,79707334,3672049004
2021-12-30,600111.SH,44.74,45.68,44.41,44.54,71824684,3326453139
2021-12-31,600111.SH,44.44,45.09,44.02,44.56,58344293,2678424865
2022-01-04,600111.SH,45.13,45.32,42.90,43.12,74009048,3314069826
2022-01-05,600111.SH,43.25,43.29,41.25,41.54,78984856,3413795225
2022-01-06,600111.SH,41.74,42.73,41.51,42.19,63339259,2742832126
2022-01-07,600111.SH,41.93,42.18,39.89,40.86,94932681,3993997181
2022-01-10,600111.SH,40.86,42.02,40.18,40.81,80444923,3400658509
2022-01-11,600111.SH,40.84,41.23,40.02,40.88,60469671,2530315256
2022-01-12,600111.SH,41.58,41.91,40.88,41.88,72689576,3099133356
2022-01-13,600111.SH,41.89,41.90,39.90,39.92,92652252,3849284136
2022-01-14,600111.SH,40.03,43.49,39.93,42.72,160153293,6914418982
2022-01-17,600111.SH,42.39,42.42,41.06,41.26,94903883,4051091584
2022-01-18,600111.SH,41.06,41.62,40.44,41.18,49757837,2098458532
2022-01-19,600111.SH,40.86,40.86,39.93,40.16,57788897,2391468556
2022-01-20,600111.SH,39.94,40.67,38.32,38.41,84367938,3389595965
2022-01-21,600111.SH,38.34,39.19,37.62,38.77,54440438,2166135751
2022-01-24,600111.SH,38.33,40.47,38.01,39.97,71440840,2908862824
2022-01-25,600111.SH,39.84,40.60,39.19,39.22,53765575,2206078054
2022-01-26,600111.SH,39.88,39.95,38.53,39.37,41280036,1667280310
2022-01-27,600111.SH,39.66,39.88,37.71,37.78,54206417,2151533564
2022-01-28,600111.SH,38.04,38.14,36.07,36.17,81303419,3087785757
2022-02-07,600111.SH,37.50,39.79,37.15,39.79,139851505,5659168404
2022-02-08,600111.SH,39.99,40.24,38.46,39.89,108545937,4408195894
2022-02-09,600111.SH,39.82,42.03,39.27,41.45,133479194,5611420921
2022-02-10,600111.SH,41.83,42.69,41.07,41.82,107410748,4619985634
2022-02-11,600111.SH,41.45,42.87,41.16,41.61,100758045,4362068671
2022-02-14,600111.SH,41.61,43.24,41.61,42.80,96668164,4226539025
2022-02-15,600111.SH,43.61,43.79,42.42,43.48,91090465,4046237748
2022-02-16,600111.SH,43.78,46.02,43.40,44.90,136410068,6309575022
2022-02-17,600111.SH,44.76,46.81,44.56,46.79,161286169,7632456809
2022-02-18,600111.SH,46.22,46.49,45.45,46.22,100231814,4733559337
2022-02-21,600111.SH,46.21,46.78,44.10,45.80,114444079,5336103652
2022-02-22,600111.SH,44.98,46.20,44.97,45.84,89534252,4201564007
2022-02-23,600111.SH,45.65,46.99,45.19,46.53,95730648,4558627877
2022-02-24,600111.SH,46.03,47.27,44.36,45.18,122518808,5771076443
2022-02-25,600111.SH,45.94,47.68,45.80,46.62,138569408,6684254531
2022-02-28,600111.SH,46.77,47.96,46.21,47.88,115597955,5610842160
2022-03-01,600111.SH,47.88,47.90,45.71,45.86,126767228,6054393567
2022-03-02,600111.SH,45.34,46.54,45.05,45.68,69338943,3269894605
2022-03-03,600111.SH,45.82,46.02,44.40,44.67,84762312,3914726623
2022-03-04,600111.SH,44.35,45.17,43.32,43.78,78079624,3553047212
2022-03-07,600111.SH,41.58,42.69,41.46,42.03,108508752,4689932097
2022-03-08,600111.SH,42.16,42.90,40.33,40.46,99719953,4256877678
2022-03-09,600111.SH,40.96,41.07,37.90,40.10,86335071,3521297381
2022-03-10,600111.SH,41.06,41.82,40.19,40.97,83603892,3519566616
2022-03-11,600111.SH,40.08,40.84,39.16,40.67,65012339,2673839758
2022-03-14,600111.SH,40.02,40.58,39.10,39.14,51202566,2100171106
2022-03-15,600111.SH,38.91,40.23,38.19,38.23,76879994,3091303124
2022-03-16,600111.SH,39.01,39.99,36.87,39.85,99396733,3956076763
2022-03-17,600111.SH,40.86,42.02,40.38,40.56,111953412,4752310105
2022-03-18,600111.SH,40.00,40.56,39.40,40.17,58582854,2409415522
2022-03-21,600111.SH,40.08,41.60,39.75,41.01,68728432,2890794408
2022-03-22,600111.SH,40.91,41.21,40.39,40.64,42612107,1782312432
2022-03-23,600111.SH,40.86,40.99,39.93,40.17,39077629,1618935601
2022-03-24,600111.SH,39.94,40.31,38.70,40.29,62163309,2520164473
2022-03-25,600111.SH,40.28,40.53,39.13,39.13,46103326,1882793609
2022-03-28,600111.SH,38.74,38.90,37.84,38.41,40940265,1613079375
2022-03-29,600111.SH,38.41,38.58,36.97,37.25,77510253,2989316799
2022-03-30,600111.SH,37.75,38.77,37.55,38.77,72686602,2864725870
2022-03-31,600111.SH,38.63,38.63,37.51,37.68,50695721,1975811053
2022-04-01,600111.SH,37.27,38.23,37.17,37.57,43986231,1705215628
2022-04-06,600111.SH,37.54,37.54,36.83,37.16,42048022,1600692062
2022-04-07,600111.SH,36.96,38.11,36.87,37.16,52948687,2033337889
2022-04-08,600111.SH,37.16,37.29,36.10,36.99,45876659,1734895597
2022-04-11,600111.SH,36.72,36.75,33.64,34.05,90405118,3224568551
2022-04-12,600111.SH,34.04,35.00,33.76,34.92,57301582,2026901398
2022-04-13,600111.SH,34.66,35.60,34.47,34.78,50042850,1803456850
2022-04-14,600111.SH,35.13,35.23,34.39,34.46,53563881,1908436969
2022-04-15,600111.SH,34.64,34.91,33.53,33.78,46472771,1624369136
2022-04-18,600111.SH,33.57,33.84,32.42,33.74,48246067,1644838479
2022-04-19,600111.SH,33.93,35.17,33.81,34.29,73212822,2597060043
2022-04-20,600111.SH,34.73,34.83,32.97,32.98,58274542,2015267310
2022-04-21,600111.SH,32.98,33.39,31.25,31.43,71015992,2348725747
2022-04-22,600111.SH,31.42,31.54,30.51,30.63,60812627,1936840217
2022-04-25,600111.SH,29.67,30.16,27.72,27.74,103041052,3061197098
2022-04-26,600111.SH,28.00,28.26,27.13,27.21,82751465,2356800567
2022-04-27,600111.SH,26.87,29.94,26.75,29.92,134347882,3947034657
2022-04-28,600111.SH,29.19,30.13,28.62,28.98,109332080,3273327813
2022-04-29,600111.SH,29.36,31.19,28.71,30.82,124210805,3823458736
2022-05-05,600111.SH,30.35,31.61,30.22,30.80,89146697,2833005148
2022-05-06,600111.SH,29.87,30.01,29.19,29.28,70939687,2154693136
2022-05-09,600111.SH,29.09,31.54,28.99,31.14,100040908,3178060208
2022-05-10,600111.SH,30.49,31.93,30.35,31.17,93119923,2992552188
2022-05-11,600111.SH,31.28,34.15,31.02,32.73,164022525,5500995601
2022-05-12,600111.SH,32.40,33.10,32.12,32.44,79227415,2650905033
2022-05-13,600111.SH,32.67,32.82,31.86,32.41,55683486,1850432476
2022-05-16,600111.SH,32.63,33.06,31.90,32.04,51126211,1700644853
2022-05-17,600111.SH,32.12,33.52,31.99,33.16,93687232,3176677350
2022-05-18,600111.SH,33.19,33.38,32.76,32.78,56940189,1930358325
2022-05-19,600111.SH,32.21,32.94,31.58,32.94,81964166,2721589892
2022-05-20,600111.SH,33.37,33.81,32.59,33.68,99174875,3400132923
2022-05-23,600111.SH,33.74,35.46,33.35,35.27,132771655,4716399502
2022-05-24,600111.SH,34.99,35.20,33.20,33.21,114825448,4051226578
2022-05-25,600111.SH,33.18,33.49,32.45,33.25,64063068,2174620033
2022-05-26,600111.SH,33.08,33.64,32.26,33.17,58144426,1972877260
2022-05-27,600111.SH,33.58,34.27,32.90,33.14,64334859,2225222663
2022-05-30,600111.SH,33.33,33.92,32.88,33.25,54977356,1884241433
2022-05-31,600111.SH,33.08,34.00,32.59,33.89,70870176,2433319630
2022-06-01,600111.SH,33.69,33.86,33.14,33.32,50082148,1719074254
2022-06-02,600111.SH,33.21,35.49,33.10,34.89,136783951,4871046183
2022-06-06,600111.SH,34.75,37.07,34.70,36.83,148570410,5522727566
2022-06-07,600111.SH,36.83,37.15,35.94,36.26,88637614,3326495168
2022-06-08,600111.SH,36.06,38.77,36.04,38.25,153771756,5928727851
2022-06-09,600111.SH,37.95,38.35,37.08,37.51,84539279,3277163682
2022-06-10,600111.SH,36.97,38.91,36.83,38.52,122479123,4818622436
2022-06-13,600111.SH,37.94,41.14,37.80,40.38,144471357,5921045986
2022-06-14,600111.SH,39.77,41.05,39.50,40.44,117766684,4871129675
2022-06-15,600111.SH,40.18,40.63,39.22,39.22,92921730,3794573885
2022-06-16,600111.SH,39.14,40.53,38.94,39.14,71698350,2921693376
2022-06-17,600111.SH,38.88,40.38,38.63,39.82,85573024,3500262780
2022-06-20,600111.SH,39.79,40.57,39.17,39.46,79089454,3223235504
2022-06-21,600111.SH,39.47,39.50,35.87,36.20,210026386,8003682552
2022-06-22,600111.SH,36.01,36.27,34.51,34.66,201421896,7266464770
2022-06-23,600111.SH,33.08,33.94,32.40,33.90,230952919,7865594649
2022-06-24,600111.SH,33.39,34.62,33.12,34.26,133109065,4655927686
2022-06-27,600111.SH,34.52,35.65,33.49,34.94,144272504,5149034818
2022-06-28,600111.SH,34.96,35.36,34.28,34.77,104963626,3699540215
2022-06-29,600111.SH,34.74,34.99,33.62,33.68,95776060,3331474939
2022-06-30,600111.SH,33.98,35.12,33.98,34.63,94619311,3312156648
2022-07-01,600111.SH,34.62,35.02,33.99,34.47,73199477,2563191856
2022-07-04,600111.SH,34.30,34.83,33.79,34.49,76405971,2658267137
2022-07-05,600111.SH,33.98,34.27,32.83,33.50,133568243,4533159784
2022-07-06,600111.SH,33.47,33.47,32.07,32.59,87530943,2914392687
2022-07-07,600111.SH,32.26,32.92,32.22,32.60,66606453,2207662805
2022-07-08,600111.SH,32.60,34.71,32.60,33.51,138788336,4771219323
2022-07-11,600111.SH,33.64,33.80,32.21,32.56,73814764,2446498595
2022-07-12,600111.SH,32.10,32.13,30.82,30.90,104333916,3311591402
2022-07-13,600111.SH,31.12,31.67,30.64,31.43,53363297,1693749592
2022-07-14,600111.SH,31.22,31.69,31.06,31.49,45238541,1444159758
2022-07-15,600111.SH,31.22,31.98,30.78,30.80,55878789,1782697996
2022-07-18,600111.SH,31.40,32.77,31.40,31.96,96484478,3136628434
2022-07-19,600111.SH,31.95,32.46,31.38,32.00,59662938,1937290668
2022-07-20,600111.SH,32.14,32.18,31.62,31.78,42333500,1365911047
2022-07-21,600111.SH,31.62,32.24,31.25,31.97,53609521,1733651534
2022-07-22,600111.SH,32.28,32.28,31.22,31.48,47757450,1533904385
2022-07-25,600111.SH,31.32,31.37,30.61,30.69,44608945,1398052132
2022-07-26,600111.SH,30.69,31.18,30.25,30.96,41700487,1306716310
2022-07-27,600111.SH,30.92,30.95,30.44,30.73,33919832,1055774220
2022-07-28,600111.SH,30.99,31.81,30.79,31.56,68029389,2166136105
2022-07-29,600111.SH,31.61,31.62,30.90,30.91,46758509,1476965161
2022-08-01,600111.SH,30.56,30.71,30.24,30.66,39543107,1223020453
2022-08-02,600111.SH,30.31,30.32,29.06,29.20,68610257,2050841870
2022-08-03,600111.SH,29.20,31.78,29.20,31.02,115412956,3591889245
2022-08-04,600111.SH,31.23,31.76,30.53,31.16,62823493,1981840269
2022-08-05,600111.SH,31.17,32.65,30.85,32.49,115120994,3742609529
2022-08-08,600111.SH,32.37,32.85,32.01,32.49,64399648,2121968225
2022-08-09,600111.SH,32.50,32.79,32.13,32.36,45674070,1500481027
2022-08-10,600111.SH,32.41,32.61,31.76,31.95,57312672,1873282456
2022-08-11,600111.SH,32.07,32.70,31.67,32.56,70556022,2310434283
2022-08-12,600111.SH,32.57,33.29,32.37,32.50,60839523,2026363689
2022-08-15,600111.SH,32.21,33.34,32.11,33.09,73403428,2463073759
2022-08-16,600111.SH,33.02,33.06,31.96,32.09,87563248,2873865697
2022-08-17,600111.SH,32.20,32.29,31.33,31.79,49464808,1590498576
2022-08-18,600111.SH,31.54,32.12,31.52,31.81,36061462,1165401795
2022-08-19,600111.SH,31.86,31.87,30.85,30.86,52131713,1653076729
2022-08-22,600111.SH,30.66,31.32,30.37,31.12,37295218,1171957252
2022-08-23,600111.SH,31.03,31.27,30.68,30.87,30938182,968676605
2022-08-24,600111.SH,30.96,31.21,29.93,29.95,49239475,1518866999
2022-08-25,600111.SH,29.96,30.17,29.35,30.14,45508288,1377136095
2022-08-26,600111.SH,30.14,30.88,30.03,30.38,43184641,1336534491
2022-08-29,600111.SH,29.84,30.48,29.72,30.13,29482259,901074819
2022-08-30,600111.SH,30.13,30.35,29.76,29.91,25075435,762483629
2022-08-31,600111.SH,29.81,30.08,29.41,29.69,33911287,1020953002
2022-09-01,600111.SH,29.70,29.96,29.56,29.64,23963044,723952863
2022-09-02,600111.SH,29.67,29.81,29.46,29.71,22043677,663129705
2022-09-05,600111.SH,29.81,29.99,29.45,29.63,25291782,761136075
2022-09-06,600111.SH,29.68,30.48,29.65,30.39,45433029,1391040140
2022-09-07,600111.SH,30.27,30.63,30.17,30.33,36711690,1133742290
2022-09-08,600111.SH,30.39,30.50,29.81,29.83,31040926,947255323
2022-09-09,600111.SH,29.89,30.30,29.83,30.22,32824065,1004335977
2022-09-13,600111.SH,30.27,31.13,30.27,31.00,64497205,2019188455
2022-09-14,600111.SH,30.52,30.78,30.09,30.24,45722643,1410287874
2022-09-15,600111.SH,30.21,30.48,29.22,29.56,52858139,1594310843
2022-09-16,600111.SH,29.50,29.51,28.37,28.37,52368518,1522404494
2022-09-19,600111.SH,28.37,28.64,27.81,27.91,33093419,948130044
2022-09-20,600111.SH,28.02,29.16,28.02,28.57,39057581,1134296490
2022-09-21,600111.SH,28.76,30.53,28.73,30.02,96500557,2897336884
2022-09-22,600111.SH,29.45,29.78,28.92,28.95,54953589,1637349597
2022-09-23,600111.SH,28.96,29.06,28.08,28.30,40406843,1167285008
2022-09-26,600111.SH,28.17,28.21,27.59,27.68,38143057,1080562007
2022-09-27,600111.SH,27.63,27.87,26.92,27.87,48631447,1352341073
2022-09-28,600111.SH,27.58,27.58,26.60,26.60,40112421,1101202652
2022-09-29,600111.SH,26.90,27.23,26.34,26.56,32908680,895040969
2022-09-30,600111.SH,26.59,26.82,26.14,26.16,27054490,726635532
2022-10-10,600111.SH,26.16,26.40,25.02,25.18,35800758,933160189
2022-10-11,600111.SH,25.25,25.57,25.12,25.38,30946819,797039769
2022-10-12,600111.SH,25.31,25.58,23.98,25.57,59212549,1493227199
2022-10-13,600111.SH,25.31,27.04,25.22,26.45,81285293,2188730968
2022-10-14,600111.SH,26.59,26.99,26.34,26.68,54275843,1469565203
2022-10-17,600111.SH,26.59,26.84,26.32,26.79,32876921,890098168
2022-10-18,600111.SH,26.98,27.02,26.60,26.66,27250481,739049132
2022-10-19,600111.SH,26.53,26.90,26.20,26.25,30113315,809820276
2022-10-20,600111.SH,26.10,26.54,25.67,26.28,32105626,852077544
2022-10-21,600111.SH,26.48,26.74,25.81,25.81,31328668,833850355
2022-10-24,600111.SH,26.10,26.46,24.92,25.12,45432300,1185425897
2022-10-25,600111.SH,25.12,25.51,24.39,25.20,33431661,848383600
2022-10-26,600111.SH,25.07,25.79,24.92,25.38,51609869,1328615176
2022-10-27,600111.SH,25.51,26.15,25.39,25.76,60858738,1596102005
2022-10-28,600111.SH,25.51,25.52,24.33,24.40,51724002,1305973070
2022-10-31,600111.SH,24.02,24.21,23.27,23.84,46751424,1130593890
2022-11-01,600111.SH,23.92,26.22,23.92,26.22,125830185,3269862570
2022-11-02,600111.SH,26.30,28.39,26.11,27.39,162406499,4486804717
2022-11-03,600111.SH,27.02,27.66,26.84,27.08,83647652,2313455944
2022-11-04,600111.SH,27.08,28.07,26.89,27.86,87374597,2457583236
2022-11-07,600111.SH,27.89,29.16,27.83,28.26,120479303,3491472350
2022-11-08,600111.SH,28.23,28.47,27.76,27.99,63622763,1810387391
2022-11-09,600111.SH,28.22,28.42,27.52,27.59,47993379,1353884369
2022-11-10,600111.SH,26.84,27.14,26.33,26.40,105455836,2855936871
2022-11-11,600111.SH,26.94,27.15,26.08,26.45,106166120,2855276031
2022-11-14,600111.SH,26.38,26.72,25.88,25.93,59049206,1574897420
2022-11-15,600111.SH,25.94,26.85,25.84,26.84,72100194,1937385900
2022-11-16,600111.SH,26.88,26.93,26.27,26.34,50580675,1359971595
2022-11-17,600111.SH,26.13,26.24,25.66,26.03,53595518,1409194504
2022-11-18,600111.SH,26.03,26.20,25.56,25.59,46924937,1230046157
2022-11-21,600111.SH,25.39,25.50,25.07,25.33,40231918,1032494713
2022-11-22,600111.SH,25.35,25.68,25.12,25.20,47688144,1227334350
2022-11-23,600111.SH,25.17,25.38,24.99,25.31,36315433,930196583
2022-11-24,600111.SH,25.38,25.59,25.22,25.23,36795287,947574859
2022-11-25,600111.SH,25.14,25.26,24.86,25.03,28115326,714944334
2022-11-28,600111.SH,24.80,24.87,24.36,24.87,34418756,861052956
2022-11-29,600111.SH,24.87,25.60,24.84,25.55,49012428,1258483893
2022-11-30,600111.SH,25.55,26.01,25.43,25.78,55010135,1437205015
2022-12-01,600111.SH,25.96,26.42,25.81,25.90,58775364,1553791789
2022-12-02,600111.SH,25.89,25.94,25.43,25.51,41544632,1081081810
2022-12-05,600111.SH,25.61,26.59,25.47,26.38,82551727,2192794222
2022-12-06,600111.SH,26.15,26.36,25.94,26.25,43627273,1157620576
2022-12-07,600111.SH,26.16,26.55,26.11,26.22,42161807,1127229033
2022-12-08,600111.SH,26.18,26.49,25.90,26.00,36469675,968696473
2022-12-09,600111.SH,25.88,26.53,25.82,26.42,48993127,1306626662
2022-12-12,600111.SH,26.40,26.40,25.61,25.63,50021917,1314379570
2022-12-13,600111.SH,25.63,27.41,25.58,26.88,132938711,3615778902
2022-12-14,600111.SH,26.88,26.88,26.43,26.60,55072407,1487168270
2022-12-15,600111.SH,26.61,26.65,25.96,26.42,45830532,1220260882
2022-12-16,600111.SH,26.15,26.26,25.74,25.88,40679659,1071677405
2022-12-19,600111.SH,25.73,26.16,25.07,25.21,46561311,1211368711
2022-12-20,600111.SH,25.17,25.45,24.93,25.31,24874060,637380420
2022-12-21,600111.SH,25.23,25.41,24.73,24.93,25997295,660392791
2022-12-22,600111.SH,25.13,25.22,24.47,24.48,29177449,734592776
2022-12-23,600111.SH,24.29,24.72,24.08,24.67,22948844,571341422
2022-12-26,600111.SH,24.55,25.11,24.53,25.05,21457847,542877530
2022-12-27,600111.SH,25.18,25.37,24.92,25.31,29165777,745471183
2022-12-28,600111.SH,25.12,25.26,24.76,24.91,21813094,553390254
2022-12-29,600111.SH,24.69,25.20,24.68,24.93,21231344,537517404
2022-12-30,600111.SH,25.00,25.10,24.66,24.67,24151416,608027236
2023-01-03,600111.SH,24.73,25.59,24.73,25.38,43595181,1119470629
2023-01-04,600111.SH,25.37,25.43,24.97,25.12,26395342,674226693
2023-01-05,600111.SH,25.23,25.58,25.10,25.44,35625368,918259935
2023-01-06,600111.SH,25.45,26.24,25.35,25.98,62479335,1645678829
2023-01-09,600111.SH,26.17,26.49,25.99,26.25,49134474,1310939724
2023-01-10,600111.SH,26.25,26.27,25.87,26.11,35620481,941618648
2023-01-11,600111.SH,26.30,26.71,26.11,26.13,49068873,1314752431
2023-01-12,600111.SH,26.13,26.48,25.90,26.12,35106216,932228587
2023-01-13,600111.SH,26.24,26.52,25.96,26.28,31922274,850158838
2023-01-16,600111.SH,26.29,26.77,26.29,26.60,58323718,1574088678
2023-01-17,600111.SH,26.68,27.08,26.47,26.76,48813383,1324239864
2023-01-18,600111.SH,26.76,26.89,26.61,26.70,29166396,791926348
2023-01-19,600111.SH,26.67,27.02,26.47,26.99,41556032,1130896716
2023-01-20,600111.SH,27.10,28.70,27.00,28.28,125954681,3592950158
2023-01-30,600111.SH,28.79,29.28,28.49,28.69,110230521,3228583235
2023-01-31,600111.SH,28.50,28.91,28.45,28.59,61519598,1792247514
2023-02-01,600111.SH,28.75,30.82,28.75,30.34,161280006,4904386918
2023-02-02,600111.SH,30.19,30.36,29.87,29.93,82592332,2522114542
2023-02-03,600111.SH,29.73,29.74,28.69,29.11,94950508,2803826951
2023-02-06,600111.SH,28.71,29.01,28.48,28.94,46065459,1346707803
2023-02-07,600111.SH,29.03,29.10,28.37,28.68,57541227,1670941960
2023-02-08,600111.SH,28.74,28.77,28.16,28.22,45121498,1301375228
2023-02-09,600111.SH,28.07,28.61,27.98,28.55,40730317,1175515698
2023-02-10,600111.SH,28.45,28.45,27.90,28.13,40408256,1155924151
2023-02-13,600111.SH,28.12,28.51,28.07,28.37,36925808,1062099435
2023-02-14,600111.SH,28.59,28.90,28.37,28.78,59153429,1722939831
2023-02-15,600111.SH,28.76,28.76,28.24,28.28,41651618,1201738336
2023-02-16,600111.SH,28.17,28.45,27.19,27.49,62690780,1775440412
2023-02-17,600111.SH,27.49,28.21,27.48,27.62,49597303,1402607142
2023-02-20,600111.SH,27.84,28.16,27.29,28.10,41881681,1183597386
2023-02-21,600111.SH,27.99,29.48,27.99,29.34,118810007,3495356837
2023-02-22,600111.SH,29.08,29.30,28.86,28.99,53095975,1564249451
2023-02-23,600111.SH,29.01,29.20,28.76,29.12,44566792,1311100250
2023-02-24,600111.SH,29.14,29.16,28.49,28.89,47437238,1387024223
2023-02-27,600111.SH,28.71,28.71,28.28,28.38,33475552,967495428
2023-02-28,600111.SH,28.38,28.67,28.18,28.61,27855132,805181518
2023-03-01,600111.SH,28.54,28.91,28.45,28.91,36684516,1072119618
2023-03-02,600111.SH,27.70,28.09,27.58,27.67,107135519,3017117040
2023-03-03,600111.SH,27.67,27.81,27.33,27.65,52088019,1457169096
2023-03-06,600111.SH,27.64,27.64,26.69,27.10,61875435,1699753038
2023-03-07,600111.SH,27.05,27.19,26.50,26.53,45448896,1238404407
2023-03-08,600111.SH,26.42,26.77,26.17,26.74,31472492,845828326
2023-03-09,600111.SH,26.84,26.90,26.53,26.64,21931659,595130865
2023-03-10,600111.SH,26.59,26.59,26.13,26.17,27047102,721932323
2023-03-13,600111.SH,26.10,26.51,26.05,26.31,22284646,594246250
2023-03-14,600111.SH,26.25,26.28,25.34,25.73,40358713,1054722375
2023-03-15,600111.SH,25.90,26.07,25.72,25.74,22598520,593732608
2023-03-16,600111.SH,25.52,25.60,25.12,25.15,29945709,770524840
2023-03-17,600111.SH,25.51,25.73,25.36,25.51,32688198,847371237
2023-03-20,600111.SH,25.51,25.83,25.38,25.69,26538153,690614246
2023-03-21,600111.SH,25.77,26.10,25.68,26.10,30100078,792779405
2023-03-22,600111.SH,26.26,26.30,25.90,26.05,24857407,658399293
2023-03-23,600111.SH,26.00,26.04,25.82,26.02,22691511,597314733
2023-03-24,600111.SH,26.03,26.05,25.73,25.75,23770094,622375027
2023-03-27,600111.SH,25.88,26.28,25.78,25.98,35872399,946939693
2023-03-28,600111.SH,25.91,25.98,25.46,25.51,30258193,787742654
2023-03-29,600111.SH,25.51,25.70,25.41,25.45,18817694,487555244
2023-03-30,600111.SH,25.41,25.53,25.13,25.51,24270399,623384016
2023-03-31,600111.SH,25.51,25.83,25.47,25.70,20598889,537384269
2023-04-03,600111.SH,25.60,26.18,25.53,26.13,38705394,1021403253
2023-04-04,600111.SH,26.12,26.21,25.84,25.95,32795764,864762233
2023-04-06,600111.SH,25.99,26.68,25.71,26.59,56515891,1508054821
2023-04-07,600111.SH,26.50,26.56,26.30,26.39,29570373,792637853
2023-04-10,600111.SH,26.40,26.52,26.08,26.10,26675971,710195617
2023-04-11,600111.SH,26.10,26.54,25.93,26.54,36735715,982398755
2023-04-12,600111.SH,26.47,26.76,26.35,26.53,38106144,1028000190
2023-04-13,600111.SH,26.42,27.09,26.36,26.44,49754478,1351421321
2023-04-14,600111.SH,26.39,26.78,26.35,26.54,33574594,906141977
2023-04-17,600111.SH,26.54,27.04,26.20,26.94,54312690,1471525728
2023-04-18,600111.SH,26.92,27.09,26.40,26.68,45622659,1239569146
2023-04-19,600111.SH,26.55,26.58,26.10,26.10,40864581,1088108925
2023-04-20,600111.SH,26.03,26.03,25.44,25.73,34673698,903237411
2023-04-21,600111.SH,25.72,25.73,25.07,25.10,36026022,927203198
2023-04-24,600111.SH,25.09,25.22,24.72,24.81,27889286,705654363
2023-04-25,600111.SH,24.81,25.00,24.27,24.47,29558698,735900795
2023-04-26,600111.SH,24.47,24.87,24.43,24.70,23318243,585151421
2023-04-27,600111.SH,24.74,24.81,24.43,24.57,19050565,475050919
2023-04-28,600111.SH,24.60,24.89,24.60,24.78,21100352,529867361
2023-05-04,600111.SH,24.48,24.62,24.16,24.38,27584834,682508665
2023-05-05,600111.SH,24.37,24.38,23.72,23.76,34120806,828245960
2023-05-08,600111.SH,23.76,24.06,23.73,23.96,26778026,649915227
2023-05-09,600111.SH,23.92,25.10,23.49,24.61,65770679,1628984113
2023-05-10,600111.SH,24.43,24.67,24.22,24.45,25264504,627946995
2023-05-11,600111.SH,24.48,24.76,24.48,24.50,17422358,434602891
2023-05-12,600111.SH,24.52,24.53,23.98,24.05,17475185,429201254
2023-05-15,600111.SH,23.92,24.70,23.92,24.65,26383940,655566038
2023-05-16,600111.SH,24.74,24.79,24.46,24.56,14331845,357618311
2023-05-17,600111.SH,24.48,24.71,24.46,24.57,13764206,343538423
2023-05-18,600111.SH,24.57,24.66,24.09,24.35,19929688,492423806
2023-05-19,600111.SH,24.24,24.35,24.01,24.06,14542749,355958373
2023-05-22,600111.SH,24.05,24.23,23.93,24.11,13292356,324834238
2023-05-23,600111.SH,24.13,24.29,24.03,24.05,13897080,340667985
2023-05-24,600111.SH,23.93,24.15,23.78,23.84,14651579,355770271
2023-05-25,600111.SH,23.71,23.90,23.54,23.75,18350204,441297762
2023-05-26,600111.SH,23.75,23.81,23.26,23.54,18451175,439446275
2023-05-29,600111.SH,23.79,23.80,23.30,23.32,15093622,358725657
2023-05-30,600111.SH,23.23,23.45,22.79,23.26,22554483,529486056
2023-05-31,600111.SH,23.22,23.56,23.02,23.50,20218265,478805583
2023-06-01,600111.SH,23.52,23.84,23.44,23.61,19351846,465345234
2023-06-02,600111.SH,23.62,23.96,23.61,23.92,20627367,499930707
2023-06-05,600111.SH,23.97,23.97,23.57,23.72,14855027,357365230
2023-06-06,600111.SH,23.70,23.70,23.15,23.15,19113917,453920363
2023-06-07,600111.SH,23.16,23.27,22.91,23.07,16650193,389977229
2023-06-08,600111.SH,22.99,23.20,22.91,23.02,13866235,324691322
2023-06-09,600111.SH,23.04,23.54,23.03,23.54,23378641,551948464
2023-06-12,600111.SH,23.32,23.66,23.27,23.47,15289886,365021799
2023-06-13,600111.SH,23.41,23.56,23.31,23.39,12067939,286628116
2023-06-14,600111.SH,23.43,23.62,23.35,23.45,14939014,356232420
2023-06-15,600111.SH,23.53,23.93,23.34,23.89,32768357,788928583
2023-06-16,600111.SH,23.89,23.92,23.72,23.91,20988232,507619800
2023-06-19,600111.SH,23.91,24.01,23.64,23.66,19751643,477210833
2023-06-20,600111.SH,23.66,23.81,23.40,23.61,18908447,452465617
2023-06-21,600111.SH,23.49,23.73,23.20,23.21,17173262,408715339
2023-06-26,600111.SH,23.12,23.44,23.04,23.19,15344625,361600149
2023-06-27,600111.SH,23.26,23.51,23.19,23.41,13460643,319331282
2023-06-28,600111.SH,23.44,23.51,22.95,23.32,16721401,393238493
2023-06-29,600111.SH,23.20,23.88,23.18,23.71,25330748,607863949
2023-06-30,600111.SH,23.79,23.86,23.60,23.79,18428788,441796614
2023-07-03,600111.SH,23.78,24.07,23.76,23.95,24360600,588402245
2023-07-04,600111.SH,24.46,24.88,24.10,24.12,46666342,1150439028
2023-07-05,600111.SH,23.96,26.47,23.91,26.28,174318804,4481892749
2023-07-06,600111.SH,25.79,25.79,25.02,25.06,104410348,2661625745
2023-07-07,600111.SH,24.91,25.28,24.58,25.00,57580182,1448967649
2023-07-10,600111.SH,25.15,25.29,24.72,24.75,34325697,861424233
2023-07-11,600111.SH,24.71,24.95,24.51,24.88,35028753,872509806
2023-07-12,600111.SH,24.80,25.05,24.58,24.75,35938605,897379952
2023-07-13,600111.SH,24.78,24.97,24.75,24.86,26813169,671980440
2023-07-14,600111.SH,24.81,24.98,24.56,24.57,24547139,611003281
2023-07-17,600111.SH,24.15,24.16,23.68,23.68,38359459,919353896
2023-07-18,600111.SH,23.71,23.90,23.61,23.83,16836625,403304959
2023-07-19,600111.SH,23.81,23.87,23.61,23.80,14520918,347224224
2023-07-20,600111.SH,23.81,24.00,23.71,23.73,17693517,425110417
2023-07-21,600111.SH,23.66,23.81,23.55,23.62,12956515,308999157
2023-07-24,600111.SH,23.57,23.70,23.42,23.45,14075294,333916278
2023-07-25,600111.SH,23.57,23.96,23.57,23.93,24606849,591071543
2023-07-26,600111.SH,23.93,23.96,23.78,23.90,14309046,343939430
2023-07-27,600111.SH,23.91,23.99,23.70,23.73,15502905,372840799
2023-07-28,600111.SH,23.62,24.18,23.58,24.06,29529816,713986227
2023-07-31,600111.SH,24.15,24.68,24.13,24.48,34548284,851815957
2023-08-01,600111.SH,24.45,24.61,24.31,24.55,24972388,616355462
2023-08-02,600111.SH,24.55,24.68,24.36,24.41,18519465,456991760
2023-08-03,600111.SH,24.32,24.48,24.24,24.46,13111488,322319699
2023-08-04,600111.SH,24.50,24.70,24.33,24.45,25546639,631289189
2023-08-07,600111.SH,24.40,25.30,24.30,24.80,51891664,1301677905
2023-08-08,600111.SH,24.70,25.00,24.40,24.72,27972568,695757496
2023-08-09,600111.SH,24.62,25.13,24.56,24.72,26040602,652848786
2023-08-10,600111.SH,24.72,24.85,24.50,24.60,14962940,371630798
2023-08-11,600111.SH,24.61,24.73,24.07,24.07,19480211,477134219
2023-08-14,600111.SH,23.90,24.01,23.66,23.88,16265408,390594931
2023-08-15,600111.SH,23.88,24.00,23.51,23.71,15474322,369916075
2023-08-16,600111.SH,23.62,23.77,23.33,23.33,20646847,489244517
2023-08-17,600111.SH,23.33,23.61,23.11,23.54,14384019,339399765
2023-08-18,600111.SH,23.58,23.59,23.19,23.20,15072531,355257266
2023-08-21,600111.SH,23.11,23.29,22.86,22.86,16042494,373110075
2023-08-22,600111.SH,22.87,23.05,22.04,22.56,29012823,657664114
2023-08-23,600111.SH,22.54,22.54,21.74,21.79,22886960,509717438
2023-08-24,600111.SH,21.82,22.19,21.67,21.86,17646034,390125581
2023-08-25,600111.SH,21.82,21.96,21.24,21.36,22702881,493696062
2023-08-28,600111.SH,22.68,22.77,21.69,21.84,34107022,762854447
2023-08-29,600111.SH,21.83,22.39,21.78,22.25,22794426,509728762
2023-08-30,600111.SH,22.26,22.46,22.08,22.15,17157982,385090227
2023-08-31,600111.SH,22.14,22.17,21.77,21.90,14321071,316526656
2023-09-01,600111.SH,21.92,22.27,21.88,22.18,14705814,327793944
2023-09-04,600111.SH,22.22,22.95,22.22,22.80,43906402,1003840532
2023-09-05,600111.SH,22.73,22.94,22.53,22.79,26881224,616920561
2023-09-06,600111.SH,22.62,22.70,22.54,22.69,15509287,353602305
2023-09-07,600111.SH,22.70,22.75,22.27,22.27,15461764,349475172
2023-09-08,600111.SH,22.25,22.36,21.92,21.99,15107433,336162028
2023-09-11,600111.SH,22.04,22.37,21.99,22.23,14597957,326538501
2023-09-12,600111.SH,22.30,22.47,22.14,22.20,13043210,293056304
2023-09-13,600111.SH,22.20,22.32,21.86,22.05,13127651,291733630
2023-09-14,600111.SH,22.05,22.15,21.89,21.99,11647801,258445196
2023-09-15,600111.SH,22.04,22.26,21.86,21.94,15488280,343915472
2023-09-18,600111.SH,21.94,22.47,21.83,22.28,23981746,538157215
2023-09-19,600111.SH,22.27,22.28,21.95,21.99,12964076,288074157
2023-09-20,600111.SH,21.97,21.97,21.63,21.66,14181908,311182697
2023-09-21,600111.SH,21.58,21.76,21.43,21.44,13164850,286021660
2023-09-22,600111.SH,21.43,21.90,21.29,21.88,19518349,425479780
2023-09-25,600111.SH,21.88,21.89,21.58,21.60,12799291,279694244
2023-09-26,600111.SH,21.62,21.67,21.41,21.47,11207237,242690646
2023-09-27,600111.SH,21.48,21.74,21.40,21.62,13358669,290726306
2023-09-28,600111.SH,21.63,21.76,21.58,21.62,11787985,257237193
2023-10-09,600111.SH,21.62,21.67,21.40,21.44,13405338,290062047
2023-10-10,600111.SH,21.48,21.78,21.48,21.56,13293852,289896921
2023-10-11,600111.SH,21.64,21.74,21.48,21.63,14214270,310010640
2023-10-12,600111.SH,21.72,22.06,21.64,22.00,23827538,525580340
2023-10-13,600111.SH,21.82,21.87,21.65,21.82,15039347,329821864
2023-10-16,600111.SH,21.83,21.87,21.38,21.49,17530137,380479902
2023-10-17,600111.SH,21.65,21.69,21.45,21.52,10428811,226582886
2023-10-18,600111.SH,21.49,21.50,20.98,20.98,17931920,381680394
2023-10-19,600111.SH,20.91,21.18,20.72,20.74,16802959,353777366
2023-10-20,600111.SH,20.65,20.93,20.58,20.68,16448379,343552365
2023-10-23,600111.SH,20.55,20.57,19.61,19.84,27251344,548772607
2023-10-24,600111.SH,19.72,21.38,19.16,20.47,59088932,1198423573
2023-10-25,600111.SH,20.02,20.34,19.92,20.16,24544084,498537524
2023-10-26,600111.SH,20.13,20.45,19.79,20.36,25698795,522498083
2023-10-27,600111.SH,20.32,20.69,20.14,20.59,25749176,532235398
2023-10-30,600111.SH,20.51,20.87,20.49,20.74,20779714,433913343
2023-10-31,600111.SH,20.74,20.87,20.55,20.73,20275972,423421911
2023-11-01,600111.SH,20.81,20.81,20.54,20.63,14434601,300864006
2023-11-02,600111.SH,20.62,20.82,20.51,20.51,14459698,301179578
2023-11-03,600111.SH,20.55,21.05,20.55,20.91,24699434,519114826
2023-11-06,600111.SH,21.36,21.57,20.98,21.39,41002328,880516232
2023-11-07,600111.SH,21.31,21.53,21.19,21.42,24214663,521574811
2023-11-08,600111.SH,21.35,21.39,21.08,21.21,17485511,374643110
2023-11-09,600111.SH,21.18,21.32,21.08,21.10,13751627,293643253
2023-11-10,600111.SH,21.06,21.21,20.94,21.02,12779221,271247135
2023-11-13,600111.SH,21.02,21.13,20.94,21.07,10723042,227299248
2023-11-14,600111.SH,21.08,21.28,20.96,21.04,14070280,299373861
2023-11-15,600111.SH,21.21,21.33,21.18,21.30,20998014,450195104
2023-11-16,600111.SH,21.23,21.27,20.90,20.90,15285849,324120236
2023-11-17,600111.SH,20.88,20.97,20.78,20.95,11521523,242617395
2023-11-20,600111.SH,20.95,21.15,20.73,21.12,16712437,352837290
2023-11-21,600111.SH,21.16,21.32,20.91,20.93,17856272,380189627
2023-11-22,600111.SH,20.94,20.97,20.53,20.53,16911527,352788411
2023-11-23,600111.SH,20.52,20.59,20.39,20.57,13630611,281717661
2023-11-24,600111.SH,20.53,20.57,20.23,20.24,13287727,272412106
2023-11-27,600111.SH,20.21,20.30,19.91,19.93,18264912,368267798
2023-11-28,600111.SH,19.93,20.03,19.76,20.02,11745511,235916799
2023-11-29,600111.SH,20.02,20.10,19.81,19.92,12694465,255334158
2023-11-30,600111.SH,19.90,19.94,19.56,19.68,17296618,343484900
2023-12-01,600111.SH,19.68,19.80,19.43,19.72,17294523,342291238
2023-12-04,600111.SH,19.71,19.97,19.69,19.87,15502338,310586736
2023-12-05,600111.SH,19.84,19.85,19.44,19.44,15248199,301789468
2023-12-06,600111.SH,19.39,19.98,19.34,19.73,25540595,509787352
2023-12-07,600111.SH,19.65,19.71,19.30,19.54,18664473,365973645
2023-12-08,600111.SH,19.50,19.63,19.42,19.46,14863538,292180398
2023-12-11,600111.SH,19.42,19.54,19.06,19.50,19363038,375825822
2023-12-12,600111.SH,19.42,19.47,19.30,19.43,10196641,199262412
2023-12-13,600111.SH,19.40,19.41,19.08,19.08,13586476,262977528
2023-12-14,600111.SH,19.22,19.28,18.76,18.76,17229288,329366376
2023-12-15,600111.SH,18.78,19.05,18.70,18.73,19223842,364470292
2023-12-18,600111.SH,18.65,18.72,18.10,18.14,25152946,464592755
2023-12-19,600111.SH,18.13,18.14,17.58,17.75,30880224,554543108
2023-12-20,600111.SH,17.75,17.93,17.54,17.56,18232303,325684349
2023-12-21,600111.SH,17.49,17.96,17.42,17.89,22906374,409838519
2023-12-22,600111.SH,17.92,18.65,17.77,18.44,35665396,658286930
2023-12-25,600111.SH,18.37,18.95,18.35,18.86,29543914,559378680
2023-12-26,600111.SH,18.82,18.83,18.51,18.63,16880615,317142549
2023-12-27,600111.SH,18.56,18.74,18.36,18.66,14502752,271529828
2023-12-28,600111.SH,18.63,19.35,18.59,19.25,33124311,638909865
2023-12-29,600111.SH,19.25,19.33,19.16,19.18,19720985,382190735
2024-01-02,600111.SH,19.29,19.38,19.03,19.10,15591815,300883819
2024-01-03,600111.SH,19.01,19.15,18.84,19.03,17774325,339697641
2024-01-04,600111.SH,18.96,19.00,18.43,18.61,21550914,404186286
2024-01-05,600111.SH,18.61,18.83,18.23,18.32,19713608,367906985
2024-01-08,600111.SH,18.35,18.46,17.92,17.94,16180249,295547742
2024-01-09,600111.SH,17.94,18.25,17.84,18.12,14726807,267931303
2024-01-10,600111.SH,18.06,18.58,17.93,18.17,19223774,353994003
2024-01-11,600111.SH,18.12,18.58,18.03,18.40,19140488,353238760
2024-01-12,600111.SH,18.37,18.51,18.18,18.18,13910288,256876155
2024-01-15,600111.SH,18.23,18.25,17.91,17.91,13954186,253298143
2024-01-16,600111.SH,17.91,17.96,17.54,17.85,19736390,352871184
2024-01-17,600111.SH,17.74,17.80,17.36,17.36,18323159,324115270
2024-01-18,600111.SH,17.28,17.52,16.76,17.45,35304292,607671689
2024-01-19,600111.SH,17.31,17.71,17.26,17.47,19907465,351554298
2024-01-22,600111.SH,17.43,17.44,16.77,16.90,24350758,421034254
2024-01-23,600111.SH,16.89,17.24,16.69,17.09,20372428,350206185
2024-01-24,600111.SH,17.13,17.44,16.74,17.42,20614472,355772760
2024-01-25,600111.SH,17.41,17.92,17.35,17.84,26084258,465617448
2024-01-26,600111.SH,17.74,18.02,17.71,17.76,21272797,382607754
2024-01-29,600111.SH,17.84,17.95,17.62,17.64,17456792,312526136
2024-01-30,600111.SH,17.54,17.69,17.08,17.10,17213759,301478741
2024-01-31,600111.SH,16.97,17.25,16.72,16.74,21215907,362037601
2024-02-01,600111.SH,16.68,17.00,16.32,16.67,20369304,342841035
2024-02-02,600111.SH,16.69,16.84,15.47,16.13,30451407,497572463
2024-02-05,600111.SH,16.07,16.16,14.96,15.68,38505001,604859289
2024-02-06,600111.SH,15.62,17.25,15.57,17.25,54745119,929474747
2024-02-07,600111.SH,17.46,18.97,17.25,18.77,95789371,1780114494
2024-02-08,600111.SH,19.08,19.61,18.39,18.55,80531637,1530161052
2024-02-19,600111.SH,18.19,18.61,18.03,18.38,48036832,889206821
2024-02-20,600111.SH,18.35,18.35,18.00,18.19,32664126,596945983
2024-02-21,600111.SH,18.02,18.60,17.95,18.25,40289800,744539192
2024-02-22,600111.SH,18.13,18.50,18.08,18.50,34798841,643383926
2024-02-23,600111.SH,18.52,18.52,18.25,18.43,28846121,534919996
2024-02-26,600111.SH,18.43,18.65,18.34,18.38,28817878,537265754
2024-02-27,600111.SH,18.32,18.54,18.16,18.54,28572142,528740946
2024-02-28,600111.SH,18.59,19.29,18.28,18.30,59524166,1132382350
2024-02-29,600111.SH,18.19,18.70,18.13,18.70,36167274,674078627
2024-03-01,600111.SH,18.75,19.08,18.70,18.92,36542632,696258786
2024-03-04,600111.SH,18.95,19.18,18.71,18.77,30816866,588059386
2024-03-05,600111.SH,18.68,19.56,18.54,18.99,60207282,1159777181
2024-03-06,600111.SH,18.98,18.98,18.60,18.75,31022241,586654002
2024-03-07,600111.SH,18.84,20.14,18.76,19.43,108454289,2136277045
2024-03-08,600111.SH,19.34,19.48,19.10,19.35,48550857,943546083
2024-03-11,600111.SH,19.36,19.82,19.35,19.65,47990176,947113093
2024-03-12,600111.SH,19.66,19.69,19.30,19.52,38627275,757980564
2024-03-13,600111.SH,19.54,19.74,19.35,19.42,34895482,687551644
2024-03-14,600111.SH,19.49,19.80,19.16,19.32,34681864,682633271
2024-03-15,600111.SH,19.16,19.80,18.98,19.74,52639930,1032690619
2024-03-18,600111.SH,19.72,20.04,19.55,19.93,44035832,879215276
2024-03-19,600111.SH,19.83,20.98,19.75,20.35,79834595,1647393079
2024-03-20,600111.SH,19.99,20.29,19.96,20.23,38846488,787383803
2024-03-21,600111.SH,20.36,20.45,20.04,20.10,28541235,579967883
2024-03-22,600111.SH,20.04,20.08,19.39,19.51,39722665,785909088
2024-03-25,600111.SH,19.35,19.79,19.34,19.36,28453947,560360953
2024-03-26,600111.SH,19.30,19.44,18.76,19.06,33663217,645570003
2024-03-27,600111.SH,19.08,19.15,18.55,18.58,21454120,406565663
2024-03-28,600111.SH,18.57,19.11,18.54,18.94,25117185,478281567
2024-03-29,600111.SH,18.94,19.41,18.94,19.21,23590048,456302258
2024-04-01,600111.SH,19.32,19.91,19.31,19.77,36741120,730662479
2024-04-02,600111.SH,19.75,20.12,19.67,19.99,37762910,759711461
2024-04-03,600111.SH,20.09,21.33,19.92,20.62,99913208,2081520849
2024-04-08,600111.SH,20.64,21.33,20.52,20.54,90014451,1900452516
2024-04-09,600111.SH,20.35,21.63,20.29,21.43,112714161,2399270441
2024-04-10,600111.SH,21.23,21.23,20.32,20.53,79139979,1648239083
2024-04-11,600111.SH,20.47,20.71,20.00,20.25,45968489,941182134
2024-04-12,600111.SH,20.25,20.41,19.96,20.01,34492927,699659374
2024-04-15,600111.SH,19.89,20.32,19.34,20.13,46116410,924769455
2024-04-16,600111.SH,19.94,20.55,19.69,19.72,50160629,1019938602
2024-04-17,600111.SH,19.72,20.27,19.70,20.24,37135446,748668886
2024-04-18,600111.SH,20.15,20.34,19.89,20.10,30928577,627968378
2024-04-19,600111.SH,19.89,20.32,19.71,19.83,35856146,721846430
2024-04-22,600111.SH,19.74,20.28,19.67,19.75,28677096,575968905
2024-04-23,600111.SH,19.58,19.58,18.86,18.90,43769355,841993731
2024-04-24,600111.SH,18.90,19.52,18.70,19.38,33495359,644825676
2024-04-25,600111.SH,19.26,19.68,19.11,19.47,26343343,516347917
2024-04-26,600111.SH,19.36,19.77,19.34,19.72,31377837,619574706
2024-04-29,600111.SH,19.54,19.92,19.34,19.72,38761512,769597681
2024-04-30,600111.SH,19.59,19.72,19.10,19.15,38424604,746610270
2024-05-06,600111.SH,19.31,19.69,19.25,19.51,32243975,633658393
2024-05-07,600111.SH,20.00,20.39,19.90,20.13,53712459,1090028789
2024-05-08,600111.SH,20.02,20.34,19.75,20.07,43634807,882711242
2024-05-09,600111.SH,20.04,20.56,20.03,20.47,52636366,1082054300
2024-05-10,600111.SH,20.47,20.65,20.10,20.31,33555193,685387911
2024-05-13,600111.SH,20.25,20.25,19.85,20.02,26607135,537307468
2024-05-14,600111.SH,19.94,20.19,19.84,20.00,23197103,468030019
2024-05-15,600111.SH,20.01,20.13,19.63,19.64,26547814,530426250
2024-05-16,600111.SH,19.80,19.92,19.53,19.59,24547004,488061597
2024-05-17,600111.SH,19.64,19.83,19.49,19.83,23014013,455987752
2024-05-20,600111.SH,19.92,20.24,19.89,20.23,43981578,891965861
2024-05-21,600111.SH,20.23,20.28,19.72,19.80,29919460,599902251
2024-05-22,600111.SH,19.78,20.03,19.72,19.81,22721949,454808485
2024-05-23,600111.SH,19.66,19.67,19.10,19.14,31799929,616875994
2024-05-24,600111.SH,19.10,19.23,18.98,19.00,18108955,348631417
2024-05-27,600111.SH,19.01,19.08,18.72,18.98,22552874,428299324
2024-05-28,600111.SH,18.99,19.19,18.87,18.91,18381373,352711578
2024-05-29,600111.SH,18.92,19.42,18.85,19.23,30459375,590488844
2024-05-30,600111.SH,19.22,19.23,18.82,18.90,23617944,452186038
2024-05-31,600111.SH,18.92,19.00,18.73,18.75,16103276,305526501
2024-06-03,600111.SH,18.71,18.74,18.15,18.25,27462636,506973120
2024-06-04,600111.SH,18.25,18.50,18.13,18.28,18310310,337883598
2024-06-05,600111.SH,18.24,18.44,17.96,18.19,17034136,313640017
2024-06-06,600111.SH,18.24,18.38,17.92,17.97,19361629,353365042
2024-06-07,600111.SH,18.09,18.18,17.86,18.04,17828866,323865373
2024-06-11,600111.SH,17.93,18.03,17.74,18.01,15262380,275935006
2024-06-12,600111.SH,18.01,18.20,17.97,18.05,16500070,301022394
2024-06-13,600111.SH,18.13,18.13,17.74,17.86,22121958,398489600
2024-06-14,600111.SH,17.77,17.92,17.60,17.83,39490992,707634080
2024-06-17,600111.SH,17.74,18.00,17.70,17.73,23181332,417316295
2024-06-18,600111.SH,17.74,18.27,17.71,17.95,28612647,518820382
2024-06-19,600111.SH,17.95,18.19,17.69,17.70,24444766,438841692
2024-06-20,600111.SH,17.70,17.70,17.14,17.16,28889727,504185016
2024-06-21,600111.SH,17.19,17.29,17.03,17.10,16554171,284632782
2024-06-24,600111.SH,17.07,17.07,16.68,16.84,22770133,385208070
2024-06-25,600111.SH,16.88,17.02,16.68,16.81,16165824,273289277
2024-06-26,600111.SH,16.73,17.21,16.59,17.16,19431992,329729895
2024-06-27,600111.SH,17.10,17.19,16.89,16.90,14555594,248669050
2024-06-28,600111.SH,16.88,17.22,16.87,17.13,22217181,380980778
2024-07-01,600111.SH,17.99,18.23,17.73,17.96,66060209,1193624367
2024-07-02,600111.SH,17.82,17.83,17.43,17.48,33475390,591112415
2024-07-03,600111.SH,17.42,17.52,17.20,17.32,18707716,325143827
2024-07-04,600111.SH,17.37,17.48,16.87,16.91,19471649,334449573
2024-07-05,600111.SH,16.85,17.22,16.68,17.18,19895392,339852916
2024-07-08,600111.SH,17.18,17.33,16.79,16.89,18611225,317240201
2024-07-09,600111.SH,16.82,17.11,16.62,17.05,19192140,325393650
2024-07-10,600111.SH,17.00,17.30,16.94,16.95,18301940,314801756
2024-07-11,600111.SH,17.12,17.49,17.12,17.43,27060760,471503986
2024-07-12,600111.SH,17.29,17.32,16.81,16.88,39979687,679340281
2024-07-15,600111.SH,16.79,16.94,16.63,16.86,17138959,289210503
2024-07-16,600111.SH,16.73,17.01,16.73,17.01,17176491,291544808
2024-07-17,600111.SH,16.94,17.06,16.84,16.95,14829938,252183205
2024-07-18,600111.SH,16.93,17.08,16.71,17.05,17796055,302456020
2024-07-19,600111.SH,17.02,17.43,16.83,17.35,32417761,561081652
2024-07-22,600111.SH,17.23,17.72,17.23,17.55,27772052,488253990
2024-07-23,600111.SH,17.47,17.55,16.99,17.00,18786837,325271871
2024-07-24,600111.SH,16.99,17.08,16.80,16.87,15351270,260932374
2024-07-25,600111.SH,16.85,17.07,16.76,16.91,13835009,235566699
2024-07-26,600111.SH,16.90,17.22,16.89,17.17,13919333,239055913
2024-07-29,600111.SH,17.17,17.19,17.01,17.02,9996205,171320618
2024-07-30,600111.SH,16.98,17.10,16.85,17.08,10555490,180050032
2024-07-31,600111.SH,17.07,17.46,17.07,17.41,25755253,448693282
2024-08-01,600111.SH,17.44,17.58,17.26,17.36,20422604,356638960
2024-08-02,600111.SH,17.25,17.51,17.19,17.40,18497745,323097331
2024-08-05,600111.SH,17.33,17.66,17.07,17.11,23568300,410562324
2024-08-06,600111.SH,17.18,17.40,17.10,17.25,14707366,254267881
2024-08-07,600111.SH,17.26,17.28,17.12,17.14,10890330,187714354
2024-08-08,600111.SH,17.08,17.08,16.79,16.97,16624356,282332149
2024-08-09,600111.SH,16.98,17.08,16.85,16.86,10178732,173097285
2024-08-12,600111.SH,16.84,16.89,16.74,16.75,9216397,155407015
2024-08-13,600111.SH,16.78,16.88,16.70,16.85,9807703,165328130
2024-08-14,600111.SH,16.84,16.88,16.73,16.78,7091244,119561438
2024-08-15,600111.SH,16.75,17.01,16.65,16.90,12710880,215565194
2024-08-16,600111.SH,16.92,17.01,16.83,16.87,8589448,145612740
2024-08-19,600111.SH,16.88,17.04,16.85,16.88,9095266,154686730
2024-08-20,600111.SH,16.92,17.03,16.75,16.86,10939168,185281887
2024-08-21,600111.SH,16.86,16.98,16.73,16.89,9651909,163773898
2024-08-22,600111.SH,16.88,16.93,16.65,16.71,11049007,185775645
2024-08-23,600111.SH,16.68,16.68,16.20,16.21,18413155,302394186
2024-08-26,600111.SH,16.22,16.63,16.22,16.55,15426704,255694304
2024-08-27,600111.SH,16.45,16.53,16.10,16.17,14613221,238185266
2024-08-28,600111.SH,16.12,16.31,16.11,16.21,8690233,141508374
2024-08-29,600111.SH,16.20,16.80,16.14,16.60,20753443,344988759
2024-08-30,600111.SH,16.53,16.89,16.52,16.75,19532221,328687035
2024-09-02,600111.SH,16.69,16.85,16.54,16.65,13517076,226649891
2024-09-03,600111.SH,16.67,17.09,16.67,16.87,18586253,315684353
2024-09-04,600111.SH,16.86,16.94,16.66,16.76,11599730,195662320
2024-09-05,600111.SH,16.83,17.05,16.79,16.87,10235092,173717390
2024-09-06,600111.SH,16.87,16.96,16.68,16.68,7731161,130288220
2024-09-09,600111.SH,16.63,16.81,16.47,16.52,12149100,202589733
2024-09-10,600111.SH,16.51,16.72,16.20,16.37,17672664,291466073
2024-09-11,600111.SH,16.26,16.67,16.23,16.57,16344130,271343628
2024-09-12,600111.SH,16.54,16.65,16.32,16.38,11554143,190900857
2024-09-13,600111.SH,16.37,16.48,16.10,16.10,11910193,193908433
2024-09-18,600111.SH,16.12,16.20,15.91,16.02,11472530,184605257
2024-09-19,600111.SH,16.10,16.57,15.92,16.53,22461620,368880846
2024-09-20,600111.SH,16.53,16.58,16.37,16.57,13662601,226265089
2024-09-23,600111.SH,16.50,16.70,16.47,16.47,8571249,142502274
2024-09-24,600111.SH,16.57,16.96,16.48,16.95,26740016,450991212
2024-09-25,600111.SH,17.11,17.47,17.02,17.05,35787999,620670488
2024-09-26,600111.SH,17.05,17.63,16.99,17.63,36455202,635696223
2024-09-27,600111.SH,17.93,18.69,17.93,18.68,51727479,955649664
2024-09-30,600111.SH,19.71,20.55,19.71,20.55,131227549,2675038804
2024-10-08,600111.SH,22.60,22.60,21.25,22.28,181006056,4029321859
2024-10-09,600111.SH,22.21,22.21,20.16,20.17,119556825,2509377951
2024-10-10,600111.SH,20.07,21.18,19.83,20.51,76454720,1575405600
2024-10-11,600111.SH,20.46,20.54,19.65,19.82,46005069,923438636
2024-10-14,600111.SH,19.82,20.08,19.48,19.89,46251305,919731124
2024-10-15,600111.SH,19.80,19.89,19.26,19.28,40841554,802351738
2024-10-16,600111.SH,19.10,19.31,18.85,19.01,37767391,722991446
2024-10-17,600111.SH,19.05,19.30,18.69,18.69,36279007,689883366
2024-10-18,600111.SH,18.69,19.59,18.53,19.22,57908256,1106883519
2024-10-21,600111.SH,19.21,20.15,19.21,19.82,71409769,1412898780
2024-10-22,600111.SH,19.96,20.33,19.80,19.92,59086768,1187152517
2024-10-23,600111.SH,19.92,20.62,19.77,20.30,67916778,1381994243
2024-10-24,600111.SH,20.18,20.43,19.90,19.94,34947892,703357021
2024-10-25,600111.SH,19.92,21.54,19.88,21.08,119734444,2508385673
2024-10-28,600111.SH,20.89,21.51,20.79,21.24,69962255,1489773609
2024-10-29,600111.SH,21.27,21.38,20.76,20.85,63374087,1336715988
2024-10-30,600111.SH,21.04,21.46,20.82,21.04,63515746,1344678581
2024-10-31,600111.SH,20.85,21.76,20.74,21.37,96280062,2063692892
2024-11-01,600111.SH,21.52,23.52,21.52,23.52,126024403,2930806698
2024-11-04,600111.SH,24.78,25.16,23.08,23.75,301919577,7304768796
2024-11-05,600111.SH,23.09,26.10,22.92,25.49,269028827,6642875679
2024-11-06,600111.SH,25.29,27.43,24.50,26.54,309642891,8011034934
2024-11-07,600111.SH,26.64,27.74,25.76,26.50,239959380,6431536601
2024-11-08,600111.SH,26.50,27.04,25.70,25.73,205043935,5422917654
2024-11-11,600111.SH,25.31,26.00,25.18,25.73,128002988,3286594885
2024-11-12,600111.SH,25.74,26.07,24.86,25.06,126290965,3218875659
2024-11-13,600111.SH,25.03,26.29,24.97,25.45,123152364,3178078785
2024-11-14,600111.SH,25.08,25.22,24.00,24.03,114562153,2821662076
2024-11-15,600111.SH,23.99,24.14,23.22,23.23,81232752,1927464066
2024-11-18,600111.SH,23.21,23.46,22.51,22.72,70306302,1617691083
2024-11-19,600111.SH,22.84,23.26,22.43,23.12,66597990,1529881456
2024-11-20,600111.SH,23.13,23.49,23.01,23.33,61055326,1428097825
2024-11-21,600111.SH,23.32,23.47,22.96,23.17,48746178,1135699996
2024-11-22,600111.SH,23.26,24.48,22.62,23.54,140958672,3338671182
2024-11-25,600111.SH,23.31,23.70,22.69,22.94,80640920,1873418831
2024-11-26,600111.SH,22.88,23.66,22.69,22.70,49606938,1146593805
2024-11-27,600111.SH,22.52,22.86,21.86,22.85,65262405,1460539240
2024-11-28,600111.SH,22.77,22.84,22.41,22.44,38929869,884654446
2024-11-29,600111.SH,22.41,22.98,22.25,22.76,52019746,1182689615
2024-12-02,600111.SH,22.61,23.29,22.59,23.26,61800629,1429491250
2024-12-03,600111.SH,23.29,23.75,23.17,23.37,72499347,1706114573
2024-12-04,600111.SH,23.88,24.05,23.28,23.42,69222407,1638714434
2024-12-05,600111.SH,23.16,23.19,22.87,22.99,47922830,1105952586
2024-12-06,600111.SH,22.98,23.15,22.75,23.08,39808774,918815792
2024-12-09,600111.SH,23.08,23.27,22.64,22.79,37710963,867208048
2024-12-10,600111.SH,23.27,23.38,22.86,22.87,54707776,1271899715
2024-12-11,600111.SH,22.79,23.04,22.71,22.93,28148649,646590795
2024-12-12,600111.SH,22.93,23.01,22.61,22.87,33999842,777230198
2024-12-13,600111.SH,22.71,22.78,22.24,22.29,40462760,911979981
2024-12-16,600111.SH,22.28,22.28,21.91,21.98,28040699,620402079
2024-12-17,600111.SH,21.99,22.24,21.93,21.94,27764151,614805891
2024-12-18,600111.SH,21.95,22.11,21.91,22.00,20580023,455082216
2024-12-19,600111.SH,21.88,22.13,21.59,22.11,26698799,587681058
2024-12-20,600111.SH,22.11,22.26,21.95,21.96,31762038,704562157
2024-12-23,600111.SH,22.03,22.06,21.61,21.71,27201156,595748098
2024-12-24,600111.SH,21.71,21.90,21.66,21.83,18059799,394984815
2024-12-25,600111.SH,21.84,21.84,21.33,21.46,22983105,496609894
2024-12-26,600111.SH,21.41,21.78,21.41,21.58,17456258,379012343
2024-12-27,600111.SH,21.57,21.82,21.50,21.55,21810424,474353619
2024-12-30,600111.SH,21.57,21.76,21.56,21.69,19440912,422682562
2024-12-31,600111.SH,21.68,21.71,21.14,21.14,27385676,588309765
2025-01-02,600111.SH,21.15,21.20,20.18,20.41,41625570,862467796
2025-01-03,600111.SH,20.48,20.95,20.17,20.25,36219999,747913529
2025-01-06,600111.SH,20.19,21.17,20.18,20.74,48394110,1009227462
2025-01-07,600111.SH,20.91,22.11,20.74,21.38,71226050,1536995802
2025-01-08,600111.SH,21.15,21.26,20.45,20.96,42595706,892301859
2025-01-09,600111.SH,20.87,21.35,20.87,21.08,33778083,716950263
2025-01-10,600111.SH,21.21,21.59,20.84,21.06,45910118,976855704
2025-01-13,600111.SH,20.85,21.44,20.72,21.22,39264469,835211681
2025-01-14,600111.SH,21.28,22.01,20.99,21.99,63156919,1377239794
2025-01-15,600111.SH,21.99,22.09,21.52,21.80,44070969,963458772
2025-01-16,600111.SH,21.81,22.06,21.57,21.80,38443683,842603123
2025-01-17,600111.SH,21.76,22.00,21.49,21.88,37625527,821661857
2025-01-20,600111.SH,21.91,21.91,21.26,21.31,47882563,1030704737
2025-01-21,600111.SH,21.35,21.41,20.72,21.08,36362984,765396343
2025-01-22,600111.SH,20.93,21.19,20.87,20.98,20150090,425385916
2025-01-23,600111.SH,21.12,21.81,21.12,21.20,46283375,998792937
2025-01-24,600111.SH,21.15,21.49,21.11,21.44,28130952,603119148
2025-01-27,600111.SH,21.44,21.53,20.97,20.97,25094300,533553216
2025-02-05,600111.SH,21.37,21.74,21.19,21.54,45746955,987592513
2025-02-06,600111.SH,21.56,23.69,21.46,23.33,134148838,3057969038
2025-02-07,600111.SH,23.11,23.34,22.81,23.02,89330666,2069534848
2025-02-10,600111.SH,23.03,23.21,22.74,23.17,57247280,1322187011
2025-02-11,600111.SH,23.10,23.27,22.86,23.01,44503540,1027214813
2025-02-12,600111.SH,22.96,22.96,22.61,22.93,45649060,1044051084
2025-02-13,600111.SH,22.84,23.09,22.53,22.59,39960799,911936798
2025-02-14,600111.SH,22.53,22.91,22.51,22.66,31577021,718899890
2025-02-17,600111.SH,22.56,22.82,22.33,22.80,37508396,853143020
2025-02-18,600111.SH,22.79,22.85,22.36,22.42,38055303,862559715
2025-02-19,600111.SH,22.41,23.00,22.38,22.89,47695118,1088970798
2025-02-20,600111.SH,23.32,23.75,23.04,23.24,106919689,2518743895
2025-02-21,600111.SH,23.11,23.31,22.95,23.05,51159479,1184166251
2025-02-24,600111.SH,23.07,23.27,22.86,22.97,41120282,951772677
2025-02-25,600111.SH,22.81,22.96,22.66,22.71,34793656,795567700
2025-02-26,600111.SH,22.67,22.82,22.57,22.72,35234601,802008546
2025-02-27,600111.SH,22.72,22.93,22.16,22.49,41739682,941804882
2025-02-28,600111.SH,22.41,22.63,22.15,22.28,37929180,853013817
2025-03-03,600111.SH,22.77,23.29,22.73,22.91,70695192,1631122789
2025-03-04,600111.SH,22.92,23.21,22.74,23.00,52887755,1221168045
2025-03-05,600111.SH,23.00,23.00,22.41,22.66,41588703,942378484
2025-03-06,600111.SH,22.66,22.97,22.56,22.85,45359518,1036395546
2025-03-07,600111.SH,22.77,23.46,22.72,23.07,70272444,1633174232
2025-03-10,600111.SH,23.19,23.29,22.85,23.03,37936996,876027150
2025-03-11,600111.SH,22.83,23.97,22.71,23.95,127911961,3025563244
2025-03-12,600111.SH,23.79,23.80,23.31,23.37,76361591,1802255869
2025-03-13,600111.SH,23.29,23.45,23.02,23.18,40373696,938371144
2025-03-14,600111.SH,23.40,23.56,23.15,23.42,53724737,1261189127
2025-03-17,600111.SH,23.50,23.52,23.19,23.41,32742965,765782581
2025-03-18,600111.SH,23.42,23.77,23.37,23.50,45648085,1080802381
2025-03-19,600111.SH,23.49,23.63,23.12,23.48,37927457,888828263
2025-03-20,600111.SH,23.37,23.54,23.14,23.16,28862648,676434638
2025-03-21,600111.SH,23.13,23.14,22.36,22.45,44384244,1011580463
2025-03-24,600111.SH,22.31,22.66,22.26,22.58,26458007,596909069
2025-03-25,600111.SH,22.61,22.90,22.50,22.78,25834646,590318759
2025-03-26,600111.SH,22.80,23.35,22.76,23.25,47981505,1115753145
2025-03-27,600111.SH,23.15,23.43,23.01,23.21,30009983,698722690
2025-03-28,600111.SH,23.21,23.35,22.71,23.09,37650542,867477397
2025-03-31,600111.SH,23.11,23.11,22.43,22.57,29946589,681807165
2025-04-01,600111.SH,22.51,22.77,22.50,22.73,17191356,391012222
2025-04-02,600111.SH,22.69,22.87,22.59,22.63,16345454,372729856
2025-04-03,600111.SH,22.81,23.04,22.62,22.80,31069460,711855222
2025-04-07,600111.SH,22.86,24.90,21.12,22.68,172711378,4035518671
2025-04-08,600111.SH,22.30,23.92,21.18,23.84,172273964,3976951826
2025-04-09,600111.SH,24.09,25.66,23.37,25.20,218420903,5392619160
2025-04-10,600111.SH,25.09,25.58,24.27,24.85,181979815,4565412355
2025-04-11,600111.SH,25.25,25.30,24.18,24.62,121043394,2990920816
2025-04-14,600111.SH,24.30,24.72,24.03,24.28,89414528,2183975578
2025-04-15,600111.SH,24.31,24.39,23.76,23.94,60313987,1450787992
2025-04-16,600111.SH,24.02,24.30,23.85,24.22,58916225,1428165235
2025-04-17,600111.SH,24.23,24.26,23.76,23.92,53404457,1282030850
2025-04-18,600111.SH,23.71,23.74,23.17,23.46,53395477,1253535609
2025-04-21,600111.SH,23.31,23.51,23.23,23.48,33345419,784622421
2025-04-22,600111.SH,23.50,23.51,23.06,23.07,42184988,980349573
2025-04-23,600111.SH,23.07,23.64,23.07,23.41,48967030,1148336018
2025-04-24,600111.SH,23.51,23.60,22.91,22.91,40608623,942744906
2025-04-25,600111.SH,22.91,23.25,22.83,23.05,28750466,664402056
2025-04-28,600111.SH,23.21,23.51,23.15,23.33,41242169,967684111
2025-04-29,600111.SH,23.36,23.36,23.04,23.15,22850964,531007748
2025-04-30,600111.SH,23.36,23.46,23.16,23.20,30329775,708486575
2025-05-06,600111.SH,23.64,24.73,23.63,24.47,118681373,2902931214
2025-05-07,600111.SH,24.60,24.64,23.97,24.12,70784382,1718711677
2025-05-08,600111.SH,24.12,24.23,23.92,24.15,38356626,928694801
2025-05-09,600111.SH,24.16,24.40,23.97,24.28,49242907,1197107963
2025-05-12,600111.SH,24.41,24.65,24.05,24.46,65823311,1611820722
2025-05-13,600111.SH,24.72,24.77,24.05,24.05,57599601,1402676210
2025-05-14,600111.SH,24.00,24.85,23.94,24.33,91017454,2239946642
2025-05-15,600111.SH,24.41,25.15,24.36,24.56,123341453,3065243905
2025-05-16,600111.SH,24.41,24.66,24.06,24.13,69510587,1693023308
2025-05-19,600111.SH,24.08,24.10,23.58,23.67,51618154,1228494088
2025-05-20,600111.SH,23.66,23.92,23.51,23.70,55334127,1317093614
2025-05-21,600111.SH,23.61,23.67,23.52,23.63,29361794,695504359
2025-05-22,600111.SH,23.63,23.64,23.23,23.26,36630965,861073818
2025-05-23,600111.SH,23.31,23.49,23.09,23.12,33198596,776459692
2025-05-26,600111.SH,23.12,23.42,23.03,23.32,25247862,589949192
2025-05-27,600111.SH,23.31,23.31,23.05,23.15,19502171,453268565
2025-05-28,600111.SH,23.15,23.17,22.92,22.94,22964475,530427658
2025-05-29,600111.SH,23.01,23.31,22.96,23.24,25763850,599423267
2025-05-30,600111.SH,23.15,23.21,23.03,23.18,18764390,435863173
2025-06-03,600111.SH,23.18,23.70,23.18,23.56,50003990,1181463425
2025-06-04,600111.SH,23.51,24.18,23.42,24.00,67819404,1629355339
2025-06-05,600111.SH,23.98,24.27,23.79,23.91,57678385,1390862584
2025-06-06,600111.SH,24.06,24.17,23.88,23.96,34199069,824012879
2025-06-09,600111.SH,24.26,24.86,24.11,24.67,116148165,2863688319
2025-06-10,600111.SH,24.77,25.14,24.25,24.60,108892584,2697554006
2025-06-11,600111.SH,24.52,25.78,24.51,25.45,176068367,4471109289
2025-06-12,600111.SH,25.48,25.50,24.92,25.27,98452387,2483227390
2025-06-13,600111.SH,25.27,25.27,24.66,25.00,96635915,2419993915
2025-06-16,600111.SH,24.98,25.63,24.78,25.37,97938511,2487123152
2025-06-17,600111.SH,25.34,25.64,25.01,25.08,60744023,1536846041
2025-06-18,600111.SH,24.91,25.00,24.50,24.65,63615812,1574775828
2025-06-19,600111.SH,24.64,24.68,24.04,24.10,48455057,1180427290
2025-06-20,600111.SH,24.22,24.32,23.83,23.90,34661410,835922670
2025-06-23,600111.SH,23.78,24.10,23.73,24.01,33414550,804110760
2025-06-24,600111.SH,24.03,24.35,23.88,24.28,41627446,1011828439
2025-06-25,600111.SH,24.31,24.58,24.19,24.57,54337187,1332354086
2025-06-26,600111.SH,24.56,24.56,24.20,24.21,45437977,1108892619
2025-06-27,600111.SH,24.26,24.63,24.24,24.33,47312110,1158307632
2025-06-30,600111.SH,24.47,24.99,24.34,24.83,74540939,1848887461
2025-07-01,600111.SH,24.83,24.84,24.56,24.79,42351603,1048153349
2025-07-02,600111.SH,24.73,24.73,24.48,24.51,36195741,892070679
2025-07-03,600111.SH,24.51,24.60,24.32,24.56,34035114,834990680
2025-07-04,600111.SH,24.50,24.56,24.23,24.35,35213855,859928557
2025-07-07,600111.SH,24.38,24.51,24.26,24.35,24347074,594617343
2025-07-08,600111.SH,24.36,24.98,24.36,24.82,63423689,1576214130
2025-07-09,600111.SH,24.83,24.88,24.43,24.48,41613066,1027281094
2025-07-10,600111.SH,26.43,26.94,25.63,26.94,296952215,7843432262
2025-07-11,600111.SH,28.52,29.63,27.92,29.63,342638635,10049066044
2025-07-14,600111.SH,30.90,31.81,29.63,29.80,473502648,14471094718
2025-07-15,600111.SH,29.93,30.60,28.77,28.92,310770768,9199760565
2025-07-16,600111.SH,29.07,29.70,28.73,28.96,195171014,5687801732
2025-07-17,600111.SH,28.72,30.41,28.15,29.92,249892367,7347899454
2025-07-18,600111.SH,29.92,32.91,29.75,32.87,458797395,14703656587
2025-07-21,600111.SH,32.91,35.65,31.94,34.95,429150327,14664140397
2025-07-22,600111.SH,34.42,35.54,33.94,34.28,308247672,10650063639
2025-07-23,600111.SH,34.03,35.99,33.49,34.89,327937485,11540094504
2025-07-24,600111.SH,34.59,38.38,34.54,38.03,421611145,15638209496
2025-07-25,600111.SH,38.09,39.54,36.89,38.14,411660335,15605924617
2025-07-28,600111.SH,38.05,40.31,37.91,39.95,334171085,13148038244
2025-07-29,600111.SH,39.19,39.85,38.78,39.32,241114298,9488163063
2025-07-30,600111.SH,39.54,39.84,37.79,39.48,351820085,13724147377
2025-07-31,600111.SH,38.33,38.60,37.05,37.40,279067004,10529949961
2025-08-01,600111.SH,37.20,37.30,35.79,35.90,258980813,9427932555
2025-08-04,600111.SH,35.60,36.25,35.60,36.20,157435542,5677354057
2025-08-05,600111.SH,36.34,36.57,35.85,36.35,133587975,4848497952
2025-08-06,600111.SH,36.35,36.88,35.98,36.51,158507420,5788926432
2025-08-07,600111.SH,36.51,39.28,35.43,38.70,395660481,14849263679
2025-08-08,600111.SH,37.90,39.65,37.76,38.58,278875613,10811443905
2025-08-11,600111.SH,38.57,39.09,37.78,38.54,208115410,7998001788
2025-08-12,600111.SH,37.99,38.19,36.92,37.37,192921401,7251906854
2025-08-13,600111.SH,37.37,37.70,37.23,37.49,150445661,5643577169
2025-08-14,600111.SH,37.45,39.17,37.11,38.24,286792643,10997406954
2025-08-15,600111.SH,37.90,39.11,37.81,38.89,237122892,9220773528
2025-08-18,600111.SH,39.59,42.78,38.44,42.78,286118437,11749317545
2025-08-19,600111.SH,44.05,46.87,43.78,44.33,476720792,21530767178
2025-08-20,600111.SH,43.88,46.41,43.88,45.30,358560628,16263427144
2025-08-21,600111.SH,44.83,47.29,44.21,44.48,321037785,14624628783
2025-08-22,600111.SH,44.46,48.30,44.45,47.82,393736913,18594150613
2025-08-25,600111.SH,48.86,52.60,48.62,52.54,442979043,22778383405
2025-08-26,600111.SH,51.86,51.86,48.57,48.97,407281388,20301734056
2025-08-27,600111.SH,49.86,53.87,48.97,53.31,531808425,27779954615
2025-08-28,600111.SH,52.55,56.83,52.06,55.99,472149519,26038945349
2025-08-29,600111.SH,56.00,58.67,54.00,56.65,376590691,21548899816
2025-09-01,600111.SH,56.67,57.85,54.18,56.39,274841380,15488821287
2025-09-02,600111.SH,55.80,55.94,53.44,53.51,297157119,16216667052
2025-09-03,600111.SH,53.51,55.84,52.55,53.55,277790591,15071901410
2025-09-04,600111.SH,52.85,54.25,48.20,49.35,354819454,18092968283
2025-09-05,600111.SH,49.26,51.06,48.34,50.47,228045061,11360696310
2025-09-08,600111.SH,50.47,51.04,49.13,49.69,163036567,8147080331
2025-09-09,600111.SH,49.56,51.36,48.57,49.38,234458539,11794448746
2025-09-10,600111.SH,48.77,50.78,48.60,49.22,180579004,8996601585
2025-09-11,600111.SH,48.86,50.86,48.55,50.42,233458942,11732637601
2025-09-12,600111.SH,50.51,53.45,50.21,53.44,339785942,17713027899
2025-09-15,600111.SH,53.84,53.84,51.88,52.12,229559352,12054837818
2025-09-16,600111.SH,51.60,51.78,49.06,50.02,239692700,12009953084
2025-09-17,600111.SH,49.26,50.36,48.97,50.20,141384959,7036657182
2025-09-18,600111.SH,49.86,49.87,47.12,47.97,206300430,10079983775
2025-09-19,600111.SH,47.67,48.69,46.92,46.92,141408613,6791337379
2025-09-22,600111.SH,46.67,48.56,46.53,47.93,151082071,7200868463
2025-09-23,600111.SH,47.55,48.13,44.93,45.90,182223243,8448263917
2025-09-24,600111.SH,45.82,46.87,45.70,46.41,120438531,5593249116
2025-09-25,600111.SH,46.52,47.72,46.18,47.15,148375065,7024621410
2025-09-26,600111.SH,47.84,48.22,46.11,46.26,131557333,6223293428
2025-09-29,600111.SH,46.26,46.79,45.65,46.52,108571572,5034880117
2025-09-30,600111.SH,46.69,48.67,46.69,48.17,187830944,9044197701
2025-10-09,600111.SH,49.71,52.98,48.44,52.98,340231985,17490655035
2025-10-10,600111.SH,54.55,54.55,51.56,52.34,321618503,17093658890
2025-10-13,600111.SH,54.35,57.57,53.75,57.57,380262585,21455755884
2025-10-14,600111.SH,57.84,61.52,55.95,56.64,427770081,25114276847
2025-10-15,600111.SH,56.82,57.50,52.85,54.35,303116177,16616574094
2025-10-16,600111.SH,53.22,54.73,52.75,53.00,164274987,8804763695
2025-10-17,600111.SH,53.01,54.75,52.48,52.85,174906871,9380893003
2025-10-20,600111.SH,51.88,53.24,50.88,52.08,152607298,7974298994
2025-10-21,600111.SH,52.09,52.44,51.21,52.21,138748960,7222619868
2025-10-22,600111.SH,51.26,51.27,49.73,50.65,144378111,7315098729
2025-10-23,600111.SH,50.22,50.63,48.77,49.61,112799830,5582383956
2025-10-24,600111.SH,49.67,51.24,49.67,51.05,129127990,6575582269
2025-10-27,600111.SH,51.16,54.04,50.92,53.16,219664664,11672639009
2025-10-28,600111.SH,53.18,53.24,50.76,50.93,199449532,10298512165
2025-10-29,600111.SH,50.26,51.69,50.06,51.68,133710651,6843369549
2025-10-30,600111.SH,51.69,55.35,50.57,52.85,265725659,14140354024
2025-10-31,600111.SH,51.89,52.36,50.39,50.67,150996789,7716464496
2025-11-03,600111.SH,50.64,50.65,47.83,48.77,138857749,6787558876
2025-11-04,600111.SH,48.70,49.81,48.27,48.96,81323593,3997303914
2025-11-05,600111.SH,48.07,48.34,46.87,47.64,106895589,5089307829
2025-11-06,600111.SH,47.58,48.06,47.42,47.86,81685429,3909234879
2025-11-07,600111.SH,47.87,49.26,47.08,48.14,109869510,5317051796
2025-11-10,600111.SH,48.84,49.06,47.40,47.67,77565832,3733903562
2025-11-11,600111.SH,47.66,47.95,46.33,46.47,90055964,4227372136
2025-11-12,600111.SH,46.47,46.47,44.92,45.45,83670613,3821659680
2025-11-13,600111.SH,45.37,47.10,45.28,46.63,103523109,4819936705
2025-11-14,600111.SH,46.15,47.43,45.58,46.63,80921772,3776976866
2025-11-17,600111.SH,46.87,47.61,46.67,47.12,72796354,3435460324
2025-11-18,600111.SH,47.07,47.11,45.42,45.77,70208931,3241397608
2025-11-19,600111.SH,45.69,47.10,45.47,46.44,77841241,3605781616
2025-11-20,600111.SH,45.90,47.62,45.88,46.72,91094069,4296435184
2025-11-21,600111.SH,45.87,45.87,43.97,43.98,101006214,4519135083
2025-11-24,600111.SH,44.28,45.09,43.38,44.72,85264452,3780392177
2025-11-25,600111.SH,44.74,45.57,44.44,44.93,64450777,2909920776
2025-11-26,600111.SH,44.78,44.98,44.24,44.43,50808043,2270306058
2025-11-27,600111.SH,44.58,45.31,44.22,44.31,62849038,2825468348
2025-11-28,600111.SH,44.32,44.95,43.92,44.88,56021718,2501704082
2025-12-01,600111.SH,45.77,47.46,45.77,47.44,168507470,7939151557
2025-12-02,600111.SH,47.37,47.37,45.91,46.27,85524622,3978219201
2025-12-03,600111.SH,46.50,48.53,46.33,47.09,144056489,6853043648
2025-12-04,600111.SH,46.68,46.79,45.88,46.53,76137269,3532742055
2025-12-05,600111.SH,46.80,47.72,46.15,47.20,89610789,4216919494
2025-12-08,600111.SH,47.20,47.40,46.45,47.05,82795825,3894501556
2025-12-09,600111.SH,46.87,47.32,46.36,46.73,63176244,2959314020
2025-12-10,600111.SH,46.75,46.75,45.68,46.27,60190081,2780431861
2025-12-11,600111.SH,46.28,46.54,45.53,45.67,58174361,2682929963
2025-12-12,600111.SH,45.77,46.46,44.97,46.46,74952716,3421469591
2025-12-15,600111.SH,45.62,45.95,45.07,45.11,54448449,2481073781
2025-12-16,600111.SH,44.80,44.80,43.40,44.26,72828636,3207950443
2025-12-17,600111.SH,43.97,44.82,43.63,44.63,53449153,2369968998
2025-12-18,600111.SH,44.26,45.29,43.99,43.99,48070195,2147019386
2025-12-19,600111.SH,44.01,45.37,44.01,45.37,81182972,3651891745
2025-12-22,600111.SH,45.13,45.60,44.93,45.42,57473526,2615541843
2025-12-23,600111.SH,45.67,45.86,44.99,45.33,54147328,2467206269
2025-12-24,600111.SH,45.45,45.60,45.14,45.49,41832060,1904528965
2025-12-25,600111.SH,45.37,46.05,45.03,45.90,65419931,2990039877
2025-12-26,600111.SH,45.87,46.29,45.50,45.98,64855511,2990839651
2025-12-29,600111.SH,46.13,46.77,45.45,45.64,66016964,3041686027
2025-12-30,600111.SH,45.05,46.43,44.76,45.84,63641851,2926406038
2025-12-31,600111.SH,45.82,46.72,45.57,45.99,71091548,3290453519
2026-01-05,600111.SH,45.99,46.87,45.99,46.72,82405872,3856487349
2026-01-06,600111.SH,46.88,48.75,46.68,48.02,142382557,6845548443
2026-01-07,600111.SH,49.16,51.01,48.13,50.36,271331496,13535983090
2026-01-08,600111.SH,49.63,49.63,48.19,48.58,160920038,7870736862
2026-01-09,600111.SH,48.37,50.03,48.20,49.27,143999645,7136097571
2026-01-12,600111.SH,49.97,52.72,49.77,52.34,230241432,11808396477
2026-01-13,600111.SH,52.35,52.54,50.46,50.67,151810925,7794081525
2026-01-14,600111.SH,50.36,52.35,48.92,49.69,177966952,9009464001
2026-01-15,600111.SH,49.68,51.34,49.62,50.29,111914491,5666205369
2026-01-16,600111.SH,50.31,52.06,50.07,50.86,150746541,7759254161
2026-01-19,600111.SH,50.86,52.15,50.15,50.93,121633176,6257550923
2026-01-20,600111.SH,50.96,51.42,48.63,49.48,120592415,5981674735
2026-01-21,600111.SH,49.02,50.66,48.88,49.81,87329219,4369648262
2026-01-22,600111.SH,49.80,50.86,49.55,49.96,93568649,4703990854
2026-01-23,600111.SH,50.37,50.73,49.56,50.32,97149778,4879588868
2026-01-26,600111.SH,50.54,51.84,50.47,51.58,183939010,9455786478
2026-01-27,600111.SH,51.66,52.53,50.00,50.61,147167928,7556111926
2026-01-28,600111.SH,50.36,52.85,49.56,52.74,255397139,13238609203
2026-01-29,600111.SH,53.84,57.99,52.62,55.96,389626532,21625053140
2026-01-30,600111.SH,53.85,54.65,50.44,51.45,228031866,11901251511
2026-02-02,600111.SH,48.88,49.89,47.47,47.53,157806568,7697893988
2026-02-03,600111.SH,48.68,50.68,47.67,50.67,153819062,7592945910
2026-02-04,600111.SH,50.85,52.01,50.06,50.93,101119869,5162378639
2026-02-05,600111.SH,50.11,50.30,47.78,48.18,98844916,4819013554
2026-02-06,600111.SH,46.87,50.64,46.56,49.97,114529939,5621205414
2026-02-09,600111.SH,51.46,53.53,51.36,52.74,171500462,9059152160
2026-02-10,600111.SH,52.72,53.83,52.21,53.47,122505478,6528950894
2026-02-11,600111.SH,53.24,58.20,53.08,56.15,223290650,12569566827
2026-02-12,600111.SH,56.15,57.84,55.73,57.24,149215934,8531966009
2026-02-13,600111.SH,56.84,56.94,54.53,54.59,121536816,6733936948
2026-02-24,600111.SH,55.85,56.23,54.25,54.79,100592588,5540511475
2026-02-25,600111.SH,54.99,60.26,54.95,60.26,279197296,16548383074
2026-02-26,600111.SH,60.19,60.19,58.67,58.94,186504181,11075844499
2026-02-27,600111.SH,58.97,62.62,58.97,62.23,217651040,13376106324
2026-03-02,600111.SH,63.38,63.39,59.50,61.57,205244679,12602433496
2026-03-03,600111.SH,61.21,61.33,55.42,55.47,220131218,12640787204
2026-03-04,600111.SH,53.64,57.77,53.51,55.85,142253018,8016206436
2026-03-05,600111.SH,56.53,56.72,54.45,55.23,99340440,5523243741
2026-03-06,600111.SH,54.45,55.43,53.65,54.15,89120597,4852757587
2026-03-09,600111.SH,52.95,54.17,51.53,53.73,102485185,5439987120
2026-03-10,600111.SH,54.35,54.98,53.55,53.82,87871621,4759620226
2026-03-11,600111.SH,53.23,53.64,52.06,52.24,94835786,4999068559
2026-03-12,600111.SH,52.06,52.47,50.88,51.55,83631663,4326291541
2026-03-13,600111.SH,50.98,52.01,50.44,50.68,71404343,3661121322
2026-03-16,600111.SH,50.66,51.00,48.67,49.46,90023467,4466739443
2026-03-17,600111.SH,49.75,50.25,48.79,48.86,71189879,3534627794
2026-03-18,600111.SH,49.18,49.19,47.57,48.87,82976828,4020176085
2026-03-19,600111.SH,47.97,48.07,46.23,46.49,95919828,4525251810
2026-03-20,600111.SH,46.87,47.12,45.77,45.87,68196846,3172332208
2026-03-23,600111.SH,44.98,46.37,44.08,45.10,101080952,4602094081
2026-03-24,600111.SH,45.87,46.07,43.90,45.41,83774133,3765458113
2026-03-25,600111.SH,45.97,47.69,45.96,47.69,115189422,5436562647
2026-03-26,600111.SH,47.22,47.22,46.01,46.08,69408115,3236783277
2026-03-27,600111.SH,45.14,47.57,45.10,47.14,77614742,3656209294
2026-03-30,600111.SH,46.47,47.07,46.02,46.98,53779824,2510459075
2026-03-31,600111.SH,46.98,47.95,46.89,47.55,72261826,3441647561
2026-04-01,600111.SH,48.36,48.65,47.66,48.35,67018940,3236903653
2026-04-02,600111.SH,47.87,48.35,47.12,47.45,44700619,2132383396
2026-04-03,600111.SH,47.45,48.23,47.22,47.48,42284825,2022545101
2026-04-07,600111.SH,47.49,49.84,47.24,49.75,93579665,4592702521
2026-04-08,600111.SH,50.67,51.67,50.38,51.56,104585609,5359890935
2026-04-09,600111.SH,50.86,52.90,50.76,51.66,95256189,4967081807
2026-04-10,600111.SH,52.64,52.65,51.46,51.61,82679648,4303471754
2026-04-13,600111.SH,52.90,53.20,51.75,52.20,104865938,5506576971
2026-04-14,600111.SH,52.20,52.20,49.48,50.40,138627672,6982306497
2026-04-15,600111.SH,50.43,51.24,49.12,49.26,105461792,5304499956
2026-04-16,600111.SH,49.45,49.84,48.98,49.25,120072485,5946342640
2026-04-17,600111.SH,48.86,50.06,48.77,49.08,104893048,5188887323
2026-04-20,600111.SH,49.16,50.76,48.60,50.75,133964925,6728754565
2026-04-21,600111.SH,50.85,51.41,50.23,50.46,95176302,4834920415
2026-04-22,600111.SH,50.06,50.12,49.35,50.01,77893139,3887294972
2026-04-23,600111.SH,49.46,49.56,46.88,47.03,161487397,7734218126
2026-04-24,600111.SH,46.87,47.33,46.29,47.11,68970629,3234124818
2026-04-27,600111.SH,46.88,46.98,46.37,46.70,44819673,2099171200
2026-04-28,600111.SH,46.77,47.07,46.15,46.19,48149607,2242487298
2026-04-29,600111.SH,47.37,50.81,47.36,50.81,187193783,9352752885
2026-04-30,600111.SH,51.74,53.20,51.22,52.89,271321021,14301953714
2026-05-06,600111.SH,52.97,55.40,52.37,55.37,238914749,13019310209
2026-05-07,600111.SH,55.38,56.32,54.43,55.16,180098574,9953160580
2026-05-08,600111.SH,54.65,55.20,53.74,54.60,141480485,7708741272
2026-05-11,600111.SH,54.76,57.80,54.61,57.69,233361432,13267923822
2026-05-12,600111.SH,57.74,57.79,53.88,54.29,228869662,12644459780
2026-05-13,600111.SH,53.85,56.16,53.84,56.01,167677039,9310823532
2026-05-14,600111.SH,56.01,56.02,53.11,53.12,150563668,8166609077
2026-05-15,600111.SH,53.15,55.73,52.28,53.63,161201944,8712078133
2026-05-18,600111.SH,52.45,52.73,51.10,51.56,122734968,6385955564
2026-05-19,600111.SH,51.06,51.44,49.36,50.11,110315017,5522968536
2026-05-20,600111.SH,49.86,52.54,49.13,51.75,146597783,7475752010
2026-05-21,600111.SH,51.75,53.10,50.56,50.58,132724810,6902613412
2026-05-22,600111.SH,50.57,51.35,50.29,50.95,82646313,4214574030
2026-05-25,600111.SH,51.51,51.51,49.95,50.97,102692065,5206265204
2026-05-26,600111.SH,50.36,50.81,49.36,50.65,94197233,4731702652
2026-05-27,600111.SH,50.54,50.81,48.27,48.41,113299961,5585090519
2026-05-28,600111.SH,48.17,50.97,47.87,50.84,137771320,6883633226
2026-05-29,600111.SH,50.20,50.37,48.17,48.49,109266332,5368840439
2026-06-01,600111.SH,47.87,48.82,47.64,47.73,68812072,3315973183
2026-06-02,600111.SH,47.74,48.65,46.68,48.44,77765797,3726592817
2026-06-03,600111.SH,48.02,50.36,47.75,49.68,121680284,6060803742
2026-06-04,600111.SH,48.86,50.84,48.24,49.52,103975320,5142715991
2026-06-05,600111.SH,49.22,50.71,48.94,49.52,102653376,5145339798
2026-06-08,600111.SH,47.82,48.72,46.44,46.85,100464059,4781059129
2026-06-09,600111.SH,47.05,48.54,46.38,48.41,97070846,4640587085
2026-06-10,600111.SH,47.67,49.06,46.88,46.98,80910794,3869651443
2026-06-11,600111.SH,46.68,47.94,46.26,47.52,70656309,3340800702
2026-06-12,600111.SH,48.20,51.17,47.98,49.43,152440926,7537641200
2026-06-15,600111.SH,50.45,50.50,49.32,50.47,139556728,6968584427
2026-06-16,600111.SH,50.00,53.18,49.80,51.98,192881577,10036808223
2026-06-17,600111.SH,51.20,51.20,50.01,50.32,129196146,6520927839
2026-06-18,600111.SH,50.00,53.28,49.80,51.40,180719051,9366614587
2026-06-22,600111.SH,52.00,54.15,51.39,54.15,246385960,13073459531
2026-06-23,600111.SH,53.61,53.61,49.08,49.95,227358433,11629944973
2026-06-24,600111.SH,49.07,50.12,48.03,49.23,125811642,6162476719
2026-06-25,600111.SH,49.30,50.28,48.18,49.20,112109948,5546521478
2026-06-26,600111.SH,48.89,48.89,47.08,47.26,104873956,5013472995
2026-06-29,600111.SH,47.00,47.70,46.75,47.62,79788109,3767167589
2026-06-30,600111.SH,47.39,48.10,46.70,48.05,81304302,3858950543
2026-07-01,600111.SH,48.01,48.04,47.06,47.46,73766098,3503369549
2026-07-02,600111.SH,47.07,48.84,46.80,48.20,96540547,4636665646
2026-07-03,600111.SH,48.40,49.08,47.70,48.57,87923768,4265055134
2026-07-06,600111.SH,48.66,48.77,47.10,47.31,73027652,3483263056
2026-07-07,600111.SH,47.00,47.68,46.80,47.45,49237551,2321217459
2026-07-08,600111.SH,47.25,47.27,46.00,46.02,53939659,2514740472
2026-07-09,600111.SH,45.50,45.98,41.42,42.98,162379078,6975361852
2026-07-10,600111.SH,42.17,43.30,40.51,42.51,97668995,4130830851
2026-07-13,600111.SH,42.00,42.01,38.93,38.98,103753741,4142766793
2026-07-14,600111.SH,38.26,39.85,38.10,39.83,80993880,3175290308
2026-07-15,600111.SH,40.40,40.66,39.54,39.56,57168681,2285845855
2026-07-16,600111.SH,39.10,39.58,38.66,38.87,45575989,1780379517
2026-07-17,600111.SH,38.70,38.79,37.17,37.45,66534242,2523762543
2026-07-20,600111.SH,37.85,38.18,36.69,37.58,67594193,2537501896
2026-07-21,600111.SH,38.20,39.46,37.65,39.36,89458950,3452370871
2026-07-22,600111.SH,38.98,39.60,38.70,39.12,64876379,2538451814
2026-07-23,600111.SH,39.12,40.48,38.80,40.27,72829719,2902933739
2026-07-24,600111.SH,39.70,39.70,38.93,39.03,51139340,2006828874
2026-07-27,600111.SH,39.76,39.76,39.01,39.48,38063504,1497351627
2026-07-28,600111.SH,39.00,39.26,38.50,38.99,39348637,1526363520
2026-07-29,600111.SH,39.16,39.59,38.11,39.35,45769605,1784015528
2026-07-30,600111.SH,39.13,39.49,38.60,39.15,37192230,1451088549
2026-07-31,600111.SH,39.45,40.22,39.45,39.70,56371899,2246445863
2026-08-03,600111.SH,39.71,40.20,39.27,40.03,42919338,1712774213
2026-08-04,600111.SH,40.11,40.59,39.90,40.47,47247949,1903231896
2026-08-05,600111.SH,41.60,42.00,41.20,41.77,95234270,3969966991
2026-08-06,600111.SH,42.14,43.20,41.50,41.91,105686996,4468914700
2026-08-07,600111.SH,41.20,45.10,41.18,44.06,140225515,6131439617
2026-08-10,600111.SH,44.08,44.19,42.89,43.67,92311914,4022755435
2026-08-11,600111.SH,43.18,43.18,41.81,41.85,89011188,3779346579
2026-08-12,600111.SH,41.70,42.33,41.55,42.03,48721329,2047228274
2026-08-13,600111.SH,42.01,42.12,41.02,41.02,56711643,2356113227
2026-08-14,600111.SH,41.02,42.98,41.02,42.66,105942112,4480326412
2026-08-17,600111.SH,42.66,42.81,41.66,42.78,64083883,2710236804
2026-08-18,600111.SH,42.40,42.70,41.82,42.06,47987945,2022648693
2026-08-19,600111.SH,41.50,41.51,40.65,41.07,51884537,2128189816
2026-08-20,600111.SH,41.40,41.68,39.65,39.78,62377657,2528186366
2026-08-21,600111.SH,39.28,40.28,39.11,40.17,41837992,1665709129
2026-08-24,600111.SH,40.73,41.38,40.15,40.42,53327522,2173748710
2026-08-25,600111.SH,40.00,40.84,39.51,39.85,38330422,1531977636
2026-08-26,600111.SH,39.90,40.48,39.61,40.07,37360231,1500311234
2026-08-27,600111.SH,39.93,41.02,39.87,40.91,56173258,2281942393
2026-08-28,600111.SH,40.91,40.96,40.39,40.62,40250315,1634576703
2026-08-31,600111.SH,40.00,40.65,39.74,40.62,39186980,1574278192
2026-09-01,600111.SH,40.45,40.96,40.10,40.17,30291645,1221733155
2026-09-02,600111.SH,39.84,39.84,38.87,39.09,38379258,1503379577
2026-09-03,600111.SH,39.40,39.50,38.88,39.02,23242827,908827801
2026-09-04,600111.SH,39.20,39.49,38.53,38.67,34847112,1358559919
2026-09-07,600111.SH,38.51,38.90,38.41,38.80,22549861,873247698
2026-09-08,600111.SH,38.80,39.23,38.70,39.04,27873501,1084199924
2015-12-01,600115.SH,7.00,7.16,6.96,7.14,62502343,458430286
2015-12-02,600115.SH,7.16,7.32,7.01,7.31,81041112,602752332
2015-12-03,600115.SH,7.48,7.49,7.31,7.37,78055657,597366504
2015-12-04,600115.SH,7.27,7.28,7.06,7.13,72546203,537530028
2015-12-07,600115.SH,7.14,7.20,7.09,7.14,46305821,342067340
2015-12-08,600115.SH,7.27,7.68,7.26,7.30,163489546,1258778475
2015-12-09,600115.SH,7.17,7.25,7.06,7.10,65484016,484066512
2015-12-10,600115.SH,7.15,7.23,7.03,7.05,56051857,413145277
2015-12-11,600115.SH,7.03,7.04,6.89,6.98,42806295,307985214
2015-12-14,600115.SH,6.95,7.17,6.91,7.16,50503319,369418063
2015-12-15,600115.SH,7.17,7.20,7.03,7.11,54912256,404056372
2015-12-16,600115.SH,7.07,7.10,7.03,7.04,38794201,283647082
2015-12-17,600115.SH,7.10,7.32,7.10,7.25,126987977,948773259
2015-12-18,600115.SH,7.32,7.92,7.32,7.58,258559181,2046510598
2015-12-21,600115.SH,7.52,8.01,7.52,7.77,171871663,1387200223
2015-12-22,600115.SH,7.81,7.84,7.58,7.72,93278395,741408898
2015-12-23,600115.SH,7.72,7.76,7.55,7.56,82821362,655180263
2015-12-24,600115.SH,7.52,7.53,7.29,7.39,60088807,459699521
2015-12-25,600115.SH,7.41,7.53,7.36,7.45,39432537,303856702
2015-12-28,600115.SH,7.46,7.66,7.32,7.34,70215281,543938715
2015-12-29,600115.SH,7.36,7.57,7.34,7.49,52066416,401543708
2015-12-30,600115.SH,7.46,7.50,7.35,7.41,37186987,285083293
2015-12-31,600115.SH,7.41,7.46,7.33,7.35,32653473,249098124
2016-01-04,600115.SH,7.29,7.31,6.72,6.74,59770604,434775919
2016-01-05,600115.SH,6.56,6.88,6.42,6.65,70807959,488030161
2016-01-06,600115.SH,6.74,6.97,6.66,6.89,80294184,570642722
2016-01-07,600115.SH,6.84,7.12,6.57,6.63,34414150,244979945
2016-01-08,600115.SH,6.96,7.23,6.55,7.00,108003296,774635520
2016-01-11,600115.SH,6.86,7.69,6.81,7.26,221804025,1686865848
2016-01-12,600115.SH,7.55,7.63,6.98,7.25,161587256,1235014526
2016-01-13,600115.SH,7.34,7.52,6.98,7.01,98069093,733639083
2016-01-14,600115.SH,6.71,7.04,6.55,6.97,111422370,779729787
2016-01-15,600115.SH,6.87,6.87,6.41,6.48,99150552,676050531
2016-01-18,600115.SH,6.38,6.74,6.31,6.62,63845591,434208127
2016-01-19,600115.SH,6.60,6.93,6.48,6.82,77127138,537827493
2016-01-20,600115.SH,6.84,7.41,6.78,7.12,133336750,982983296
2016-01-21,600115.SH,6.96,7.24,6.80,6.86,82960385,601689543
2016-01-22,600115.SH,6.85,6.98,6.52,6.76,65841165,457920899
2016-01-25,600115.SH,6.75,6.81,6.66,6.73,38609277,268288685
2016-01-26,600115.SH,6.70,6.85,6.42,6.45,61696936,423596224
2016-01-27,600115.SH,6.46,6.51,5.83,6.11,85558677,537084865
2016-01-28,600115.SH,5.99,6.00,5.70,5.72,52774435,319928919
2016-01-29,600115.SH,5.70,5.92,5.59,5.85,59023713,353326686
2016-02-01,600115.SH,5.81,5.82,5.60,5.71,50326832,297855976
2016-02-02,600115.SH,5.73,5.98,5.73,5.88,50695569,308603517
2016-02-03,600115.SH,5.84,5.98,5.82,5.92,36261732,221974993
2016-02-04,600115.SH,5.85,6.09,5.83,6.00,52263495,324160405
2016-02-05,600115.SH,6.04,6.31,6.02,6.10,64867473,415733434
2016-02-15,600115.SH,5.90,6.41,5.90,6.28,55079797,353731091
2016-02-16,600115.SH,6.30,6.41,6.21,6.38,60810588,398365377
2016-02-17,600115.SH,6.38,6.43,6.28,6.37,43497892,285706477
2016-02-18,600115.SH,6.35,6.38,6.17,6.22,65526155,423358241
2016-02-19,600115.SH,6.21,6.22,6.13,6.17,32548803,207850797
2016-02-22,600115.SH,6.24,6.38,6.20,6.32,53595710,349262568
2016-02-23,600115.SH,6.29,6.29,5.99,6.13,70929015,449844559
2016-02-24,600115.SH,6.13,6.20,6.03,6.19,40822775,258572502
2016-02-25,600115.SH,6.19,6.20,5.58,5.68,70436901,428228440
2016-02-26,600115.SH,5.75,5.78,5.57,5.71,38169947,224510206
2016-02-29,600115.SH,5.68,5.68,5.23,5.37,51224946,283890194
2016-03-01,600115.SH,5.41,5.45,5.22,5.43,37095691,206262411
2016-03-02,600115.SH,5.41,5.68,5.37,5.67,60927218,350661981
2016-03-03,600115.SH,5.65,5.76,5.58,5.68,67167640,394158039
2016-03-04,600115.SH,5.62,5.77,5.54,5.70,78437948,460230846
2016-03-07,600115.SH,5.70,5.84,5.66,5.74,36444645,216590906
2016-03-08,600115.SH,5.70,5.70,5.42,5.69,38692629,222860322
2016-03-09,600115.SH,5.58,5.69,5.51,5.67,34032384,197286488
2016-03-10,600115.SH,5.59,5.64,5.48,5.49,20754195,119384170
2016-03-11,600115.SH,5.45,5.52,5.39,5.45,21604234,121785836
2016-03-14,600115.SH,5.54,5.68,5.50,5.61,38952598,226278911
2016-03-15,600115.SH,5.61,5.65,5.52,5.64,27761773,160210709
2016-03-16,600115.SH,5.63,5.79,5.63,5.71,65907494,391209920
2016-03-17,600115.SH,5.69,5.83,5.68,5.78,50856198,302789425
2016-03-18,600115.SH,5.80,5.93,5.77,5.83,102020550,616710119
2016-03-21,600115.SH,5.87,6.05,5.84,5.99,94416691,584059295
2016-03-22,600115.SH,5.96,6.02,5.88,5.91,51053034,314060178
2016-03-23,600115.SH,5.86,5.93,5.84,5.90,45049322,274058845
2016-03-24,600115.SH,5.94,6.08,5.81,5.83,87085873,535592606
2016-03-25,600115.SH,5.80,5.92,5.76,5.90,60461511,363704490
2016-03-28,600115.SH,6.00,6.09,5.86,5.90,84759759,525065522
2016-03-29,600115.SH,5.81,5.87,5.75,5.77,55094756,329936192
2016-03-30,600115.SH,5.82,5.90,5.81,5.90,55486153,337102088
2016-03-31,600115.SH,5.92,5.94,5.84,5.87,58847542,358187902
2016-04-01,600115.SH,5.84,6.09,5.84,5.93,84147480,520630634
2016-04-05,600115.SH,5.95,6.07,5.90,6.02,83545411,519339890
2016-04-06,600115.SH,5.98,6.00,5.91,5.94,50145530,308593175
2016-04-07,600115.SH,5.94,5.99,5.87,5.89,47188688,288809277
2016-04-08,600115.SH,5.85,5.88,5.80,5.84,37350686,225422237
2016-04-11,600115.SH,5.87,5.91,5.84,5.87,44188127,268886118
2016-04-12,600115.SH,5.88,5.88,5.78,5.81,30346990,182658659
2016-04-13,600115.SH,5.81,5.93,5.81,5.88,60784227,370185223
2016-04-14,600115.SH,6.06,6.16,5.97,6.01,117459759,736531040
2016-04-15,600115.SH,6.01,6.08,5.91,6.00,69663435,431538752
2016-04-18,600115.SH,6.05,6.11,5.97,6.01,65522824,409975161
2016-04-19,600115.SH,5.96,6.28,5.95,6.17,148280264,944190185
2016-04-20,600115.SH,6.15,6.43,6.08,6.40,239112756,1551286832
2016-04-21,600115.SH,6.40,6.40,6.40,6.40,,
2016-04-22,600115.SH,6.23,6.23,5.94,6.06,112967699,709209587
2016-04-25,600115.SH,6.04,6.04,5.84,5.91,49680991,304401497
2016-04-26,600115.SH,5.96,6.01,5.89,5.95,41350127,254357136
2016-04-27,600115.SH,5.93,5.97,5.88,5.90,34073168,208948032
2016-04-28,600115.SH,5.91,5.98,5.81,5.94,40288168,245966908
2016-04-29,600115.SH,5.94,5.94,5.86,5.88,33040028,201420435
2016-05-03,600115.SH,5.89,6.01,5.87,6.01,68041934,419603137
2016-05-04,600115.SH,5.99,6.59,5.97,6.52,198390860,1304679623
2016-05-05,600115.SH,6.57,6.86,6.44,6.73,213387606,1481395255
2016-05-06,600115.SH,6.69,7.07,6.63,6.71,160519832,1134865319
2016-05-09,600115.SH,6.57,6.87,6.41,6.69,142965043,985524857
2016-05-10,600115.SH,6.74,6.94,6.47,6.62,101970821,713256839
2016-05-11,600115.SH,6.64,7.24,6.51,7.05,150974113,1084422559
2016-05-12,600115.SH,6.95,7.26,6.85,7.05,106354972,778144345
2016-05-13,600115.SH,6.96,7.08,6.77,6.86,73052803,520810143
2016-05-16,600115.SH,6.82,6.91,6.64,6.90,65154555,458599177
2016-05-17,600115.SH,6.88,6.91,6.67,6.68,55482375,386685790
2016-05-18,600115.SH,6.69,6.76,6.44,6.60,60977926,415572484
2016-05-19,600115.SH,6.57,6.70,6.52,6.59,55393306,379615194
2016-05-20,600115.SH,6.46,6.68,6.45,6.60,42421819,288006774
2016-05-23,600115.SH,6.61,6.86,6.61,6.83,68588160,480432075
2016-05-24,600115.SH,6.78,6.83,6.66,6.77,40722711,283322166
2016-05-25,600115.SH,6.84,6.88,6.45,6.54,64757254,443374019
2016-05-26,600115.SH,6.48,6.51,6.28,6.39,54356137,357957012
2016-05-27,600115.SH,6.41,6.55,6.31,6.42,40812937,272538865
2016-05-30,600115.SH,6.38,6.38,6.21,6.27,38210568,248932179
2016-05-31,600115.SH,6.23,6.52,6.23,6.50,59697506,399049041
2016-06-01,600115.SH,6.57,6.59,6.40,6.47,62295093,417044034
2016-06-02,600115.SH,6.43,6.64,6.41,6.63,71898551,489493417
2016-06-03,600115.SH,6.62,6.62,6.48,6.56,51343900,347206820
2016-06-06,600115.SH,6.70,7.07,6.69,6.74,88474835,626662606
2016-06-07,600115.SH,6.70,6.76,6.63,6.72,35749767,247584031
2016-06-08,600115.SH,6.67,6.71,6.55,6.66,38501754,263557585
2016-06-13,600115.SH,6.59,6.78,6.50,6.52,56732322,392419605
2016-06-14,600115.SH,6.50,6.64,6.47,6.63,39771014,270203941
2016-06-15,600115.SH,6.57,6.83,6.53,6.80,54994368,384359093
2016-06-16,600115.SH,6.80,6.96,6.66,6.68,69117880,486162090
2016-06-17,600115.SH,6.76,6.95,6.72,6.79,68442688,484755402
2016-06-20,600115.SH,6.74,6.80,6.64,6.73,36866476,256521153
2016-06-21,600115.SH,6.77,6.85,6.62,6.67,35296036,245964745
2016-06-22,600115.SH,6.65,6.65,6.50,6.64,44449114,301966318
2016-06-23,600115.SH,6.62,6.63,6.49,6.53,36005195,243902770
2016-06-24,600115.SH,6.54,6.58,6.23,6.42,47172214,313452136
2016-06-27,600115.SH,6.41,6.50,6.38,6.49,35551559,237419508
2016-06-28,600115.SH,6.43,6.47,6.29,6.43,57251936,377675296
2016-06-29,600115.SH,6.44,6.46,6.37,6.43,47516283,314983822
2016-06-30,600115.SH,6.43,6.45,6.35,6.39,35458115,234271669
2016-07-01,600115.SH,6.40,6.42,6.33,6.36,26876745,177266154
2016-07-04,600115.SH,6.33,6.43,6.30,6.43,79333040,523066270
2016-07-05,600115.SH,6.46,6.82,6.43,6.67,141030338,970714257
2016-07-06,600115.SH,6.71,6.72,6.52,6.59,78922841,538222258
2016-07-07,600115.SH,6.51,6.69,6.47,6.59,58867809,401926672
2016-07-08,600115.SH,6.65,6.70,6.48,6.53,74146540,503861802
2016-07-11,600115.SH,6.52,6.63,6.39,6.50,76843625,516979066
2016-07-12,600115.SH,6.48,7.15,6.44,7.15,270150315,1919267667
2016-07-13,600115.SH,7.06,7.16,6.90,6.93,157812592,1144069745
2016-07-14,600115.SH,6.94,6.98,6.79,6.86,78420935,555612360
2016-07-15,600115.SH,6.88,6.96,6.79,6.90,62861531,447309330
2016-07-18,600115.SH,6.85,6.95,6.80,6.86,66258459,471410123
2016-07-19,600115.SH,6.82,6.84,6.63,6.71,80419141,558187777
2016-07-20,600115.SH,6.70,6.79,6.68,6.71,35970375,250779439
2016-07-21,600115.SH,6.73,6.80,6.70,6.71,37565284,262391759
2016-07-22,600115.SH,6.73,6.75,6.57,6.62,53036697,364462873
2016-07-25,600115.SH,6.60,6.64,6.55,6.61,23596452,161177689
2016-07-26,600115.SH,6.62,6.77,6.61,6.74,61219349,425306701
2016-07-27,600115.SH,6.75,6.82,6.44,6.66,88319807,606450839
2016-07-28,600115.SH,6.58,7.00,6.55,6.77,109382163,768999918
2016-07-29,600115.SH,6.76,6.86,6.69,6.73,56907187,399124561
2016-08-01,600115.SH,6.72,6.79,6.53,6.62,43703337,298740047
2016-08-02,600115.SH,6.65,6.69,6.58,6.65,35172699,241005445
2016-08-03,600115.SH,6.68,6.81,6.63,6.81,74069547,517210408
2016-08-04,600115.SH,6.76,6.79,6.65,6.71,47316867,328360303
2016-08-05,600115.SH,6.70,6.70,6.60,6.65,43891360,301394723
2016-08-08,600115.SH,6.64,6.64,6.53,6.63,46397746,315402905
2016-08-09,600115.SH,6.61,6.66,6.56,6.63,40809733,279405191
2016-08-10,600115.SH,6.62,6.65,6.58,6.59,28191795,192524503
2016-08-11,600115.SH,6.60,6.62,6.52,6.53,33655328,228773501
2016-08-12,600115.SH,6.50,6.58,6.48,6.58,33568534,227016597
2016-08-15,600115.SH,6.58,6.78,6.55,6.71,94141475,652306610
2016-08-16,600115.SH,6.73,6.78,6.68,6.70,61884285,430403942
2016-08-17,600115.SH,6.70,6.70,6.58,6.66,54489225,374513302
2016-08-18,600115.SH,6.64,6.71,6.60,6.64,42720327,293125039
2016-08-19,600115.SH,6.60,6.63,6.53,6.58,44031334,299208098
2016-08-22,600115.SH,6.58,6.58,6.53,6.54,23256394,157586304
2016-08-23,600115.SH,6.54,6.58,6.50,6.54,23649846,160218124
2016-08-24,600115.SH,6.54,6.56,6.49,6.51,20664430,139544972
2016-08-25,600115.SH,6.50,6.51,6.43,6.47,26477055,176939630
2016-08-26,600115.SH,6.46,6.50,6.43,6.46,32763232,219427189
2016-08-29,600115.SH,6.46,6.48,6.43,6.45,20252374,135321337
2016-08-30,600115.SH,6.46,6.46,6.32,6.35,61156784,403470104
2016-08-31,600115.SH,6.34,6.35,6.24,6.29,43222658,280987986
2016-09-01,600115.SH,6.29,6.35,6.29,6.30,23897668,156188125
2016-09-02,600115.SH,6.32,6.40,6.28,6.40,33102412,216864299
2016-09-05,600115.SH,6.40,6.41,6.27,6.31,44073808,287997536
2016-09-06,600115.SH,6.30,6.30,6.20,6.29,39271302,253970331
2016-09-07,600115.SH,6.30,6.30,6.26,6.29,33831600,219875216
2016-09-08,600115.SH,6.28,6.34,6.25,6.30,27755190,180844984
2016-09-09,600115.SH,6.28,6.29,6.21,6.22,36349371,234858796
2016-09-12,600115.SH,6.17,6.17,6.00,6.14,59228234,372580564
2016-09-13,600115.SH,6.13,6.13,6.06,6.11,19325975,121782665
2016-09-14,600115.SH,6.10,6.12,6.03,6.11,20164511,126926384
2016-09-19,600115.SH,6.12,6.13,6.08,6.11,20225436,127811846
2016-09-20,600115.SH,6.11,6.12,6.03,6.05,20765415,130162846
2016-09-21,600115.SH,6.05,6.06,6.02,6.04,18189578,113732958
2016-09-22,600115.SH,6.08,6.11,6.05,6.09,31293495,196748148
2016-09-23,600115.SH,6.08,6.08,6.02,6.03,19039152,119090084
2016-09-26,600115.SH,6.03,6.03,5.91,5.92,27772069,172004029
2016-09-27,600115.SH,5.90,5.94,5.82,5.88,31353953,190642863
2016-09-28,600115.SH,5.91,5.96,5.85,5.92,25462873,156034270
2016-09-29,600115.SH,5.88,5.93,5.85,5.92,34009298,206983381
2016-09-30,600115.SH,5.88,6.02,5.87,6.00,46263177,286020683
2016-10-10,600115.SH,6.02,6.04,5.95,5.98,49460515,305634127
2016-10-11,600115.SH,5.96,6.02,5.95,5.99,37057872,229859778
2016-10-12,600115.SH,5.97,5.98,5.90,5.95,36831615,226001958
2016-10-13,600115.SH,5.93,5.98,5.91,5.94,21235841,130448807
2016-10-14,600115.SH,5.94,6.20,5.92,6.16,73793035,462923438
2016-10-17,600115.SH,6.17,6.17,6.02,6.05,67863250,426486790
2016-10-18,600115.SH,6.04,6.21,6.02,6.17,77715256,493769663
2016-10-19,600115.SH,6.19,6.51,6.15,6.35,167201929,1100767511
2016-10-20,600115.SH,6.28,6.55,6.25,6.51,160707664,1070837493
2016-10-21,600115.SH,6.47,6.51,6.32,6.38,94532817,627497492
2016-10-24,600115.SH,6.38,6.47,6.28,6.41,76705448,506592809
2016-10-25,600115.SH,6.38,6.39,6.22,6.30,64346667,418167833
2016-10-26,600115.SH,6.28,6.29,6.17,6.23,49145030,316494269
2016-10-27,600115.SH,6.21,6.22,6.13,6.13,47242359,301009683
2016-10-28,600115.SH,6.19,6.20,6.09,6.09,40105221,254854215
2016-10-31,600115.SH,6.10,6.13,6.04,6.11,26218042,165264436
2016-11-01,600115.SH,6.13,6.15,6.11,6.14,24758305,156977833
2016-11-02,600115.SH,6.15,6.17,6.07,6.09,31879568,202151397
2016-11-03,600115.SH,6.08,6.25,6.05,6.19,53633578,342340907
2016-11-04,600115.SH,6.17,6.21,6.13,6.14,32204953,205669641
2016-11-07,600115.SH,6.13,6.15,6.11,6.12,21278288,134999817
2016-11-08,600115.SH,6.13,6.15,6.09,6.12,19466702,123234048
2016-11-09,600115.SH,6.12,6.13,5.98,6.04,38841615,242729886
2016-11-10,600115.SH,6.04,6.17,6.04,6.13,47872463,302334196
2016-11-11,600115.SH,6.10,6.21,6.07,6.16,51223908,325138987
2016-11-14,600115.SH,6.22,6.42,6.17,6.37,132055189,860427881
2016-11-15,600115.SH,6.37,6.51,6.28,6.32,116132639,765852960
2016-11-16,600115.SH,6.30,6.40,6.20,6.33,72032510,467664736
2016-11-17,600115.SH,6.31,6.42,6.24,6.39,90497126,594570356
2016-11-18,600115.SH,6.35,6.35,6.22,6.24,54136016,351451126
2016-11-21,600115.SH,6.20,6.30,6.17,6.24,38617949,249585876
2016-11-22,600115.SH,6.27,6.35,6.20,6.32,79619357,518621429
2016-11-23,600115.SH,6.32,6.34,6.25,6.27,44537552,290191439
2016-11-24,600115.SH,6.27,6.32,6.22,6.28,41262211,267631109
2016-11-25,600115.SH,6.26,6.32,6.18,6.28,71462954,460487586
2016-11-28,600115.SH,6.28,6.36,6.24,6.36,94218587,615470948
2016-11-29,600115.SH,6.31,6.52,6.31,6.41,155666949,1034417564
2016-11-30,600115.SH,6.40,6.45,6.32,6.40,82688579,545361317
2016-12-01,600115.SH,6.33,6.64,6.29,6.54,181168747,1215048558
2016-12-02,600115.SH,6.62,6.82,6.50,6.51,239062662,1652020521
2016-12-05,600115.SH,6.45,6.83,6.41,6.67,212026106,1463079413
2016-12-06,600115.SH,6.65,6.67,6.42,6.46,107601833,725810941
2016-12-07,600115.SH,6.46,6.50,6.36,6.43,75884231,499107345
2016-12-08,600115.SH,6.42,6.63,6.39,6.49,112750231,755648934
2016-12-09,600115.SH,6.42,6.49,6.33,6.43,99115646,650741324
2016-12-12,600115.SH,6.41,6.41,6.15,6.29,103943396,670653578
2016-12-13,600115.SH,6.22,6.38,6.09,6.28,67831301,434814107
2016-12-14,600115.SH,6.23,6.27,6.11,6.12,54584793,346933117
2016-12-15,600115.SH,6.06,6.19,6.03,6.06,64236131,402151916
2016-12-16,600115.SH,6.06,6.11,5.98,6.02,53617879,332453138
2016-12-19,600115.SH,6.02,6.24,6.02,6.15,86224863,544701036
2016-12-20,600115.SH,6.11,6.14,6.02,6.10,56005005,348159243
2016-12-21,600115.SH,6.22,6.72,6.17,6.72,309133404,2088498355
2016-12-22,600115.SH,6.82,7.13,6.82,7.01,453325961,3252177448
2016-12-23,600115.SH,6.99,7.39,6.93,7.29,426899923,3135715423
2016-12-26,600115.SH,7.14,7.36,7.11,7.27,253870714,1881353528
2016-12-27,600115.SH,7.22,7.25,7.05,7.13,221416591,1622148112
2016-12-28,600115.SH,7.11,7.16,6.97,7.10,210748506,1527866413
2016-12-29,600115.SH,7.02,7.13,7.00,7.02,139883428,1013927244
2016-12-30,600115.SH,7.08,7.14,6.83,6.88,201355472,1445873770
2017-01-03,600115.SH,6.89,7.00,6.84,6.95,149539837,1066808850
2017-01-04,600115.SH,6.95,7.10,6.92,7.01,161564765,1164113590
2017-01-05,600115.SH,7.04,7.16,6.96,7.15,228293541,1657939510
2017-01-06,600115.SH,7.12,7.19,7.02,7.04,163356876,1191696063
2017-01-09,600115.SH,7.00,7.32,6.91,7.22,206865310,1510240395
2017-01-10,600115.SH,7.15,7.54,7.12,7.21,325731305,2448252366
2017-01-11,600115.SH,7.09,7.12,6.83,6.89,203712659,1462158956
2017-01-12,600115.SH,6.88,6.92,6.73,6.74,122867695,858774822
2017-01-13,600115.SH,6.72,6.81,6.69,6.74,84629664,586408478
2017-01-16,600115.SH,6.70,6.80,6.49,6.75,134313671,917837215
2017-01-17,600115.SH,6.68,6.73,6.62,6.70,69067050,473486816
2017-01-18,600115.SH,6.70,6.82,6.70,6.71,86679637,601109993
2017-01-19,600115.SH,6.73,6.73,6.58,6.60,64011506,437099358
2017-01-20,600115.SH,6.58,6.68,6.57,6.65,48383142,330528562
2017-01-23,600115.SH,6.65,6.76,6.64,6.71,65535452,451211992
2017-01-24,600115.SH,6.70,6.75,6.64,6.69,45593527,313203633
2017-01-25,600115.SH,6.67,6.80,6.66,6.80,82183288,570206377
2017-01-26,600115.SH,6.80,6.80,6.69,6.71,82763714,573120198
2017-02-03,600115.SH,6.72,6.76,6.68,6.70,42458647,292887117
2017-02-06,600115.SH,6.68,6.72,6.61,6.68,68938803,470908608
2017-02-07,600115.SH,6.67,6.74,6.65,6.73,62870750,432296453
2017-02-08,600115.SH,6.73,6.85,6.70,6.81,133810774,932415876
2017-02-09,600115.SH,6.79,6.87,6.76,6.83,93858569,657087495
2017-02-10,600115.SH,6.80,6.92,6.79,6.90,121029449,853802254
2017-02-13,600115.SH,6.88,6.95,6.85,6.89,90360322,639520609
2017-02-14,600115.SH,6.90,6.96,6.84,6.86,73593243,520324107
2017-02-15,600115.SH,6.86,7.05,6.82,6.84,160461202,1140667864
2017-02-16,600115.SH,6.81,6.92,6.78,6.87,102018100,717622955
2017-02-17,600115.SH,6.86,6.91,6.69,6.71,101712436,710189538
2017-02-20,600115.SH,6.71,6.87,6.69,6.85,111948864,783713064
2017-02-21,600115.SH,6.85,6.93,6.80,6.85,89627972,631384368
2017-02-22,600115.SH,6.85,6.91,6.82,6.87,73341057,517274089
2017-02-23,600115.SH,6.88,6.91,6.76,6.79,69834146,490131362
2017-02-24,600115.SH,6.78,7.41,6.76,7.19,319425497,2317454474
2017-02-27,600115.SH,6.97,7.03,6.93,6.93,177604232,1272592615
2017-02-28,600115.SH,6.91,6.95,6.87,6.92,87887931,623787888
2017-03-01,600115.SH,6.92,7.06,6.89,6.95,141327681,1014904911
2017-03-02,600115.SH,6.94,6.98,6.85,6.86,79442209,564146762
2017-03-03,600115.SH,6.84,6.86,6.79,6.85,64954838,455098665
2017-03-06,600115.SH,6.86,6.96,6.82,6.94,76227413,539283632
2017-03-07,600115.SH,6.95,7.00,6.84,6.87,85788764,609287486
2017-03-08,600115.SH,6.86,7.06,6.81,6.96,149039601,1063578176
2017-03-09,600115.SH,6.94,7.06,6.91,6.98,148027956,1061900019
2017-03-10,600115.SH,7.02,7.17,6.98,6.99,161145443,1170197827
2017-03-13,600115.SH,6.96,7.12,6.84,7.07,160897614,1154189436
2017-03-14,600115.SH,7.05,7.13,7.02,7.08,111133854,807903960
2017-03-15,600115.SH,7.07,7.18,7.04,7.09,128678387,940254452
2017-03-16,600115.SH,7.14,7.22,7.09,7.13,121657964,891089585
2017-03-17,600115.SH,7.13,7.13,6.93,6.98,114816480,829933669
2017-03-20,600115.SH,6.97,7.00,6.89,6.97,65756299,469190715
2017-03-21,600115.SH,6.97,6.97,6.90,6.93,61385123,436897457
2017-03-22,600115.SH,6.89,6.92,6.81,6.90,131233725,926671993
2017-03-23,600115.SH,6.99,7.11,6.93,7.03,175966112,1270439029
2017-03-24,600115.SH,7.02,7.13,6.95,7.10,139836442,1012021682
2017-03-27,600115.SH,7.12,7.19,7.05,7.11,119289974,872303577
2017-03-28,600115.SH,7.13,7.16,6.91,6.96,113831269,820111873
2017-03-29,600115.SH,6.97,7.10,6.92,7.00,112214572,809444858
2017-03-30,600115.SH,6.99,6.99,6.76,6.85,160710683,1133669553
2017-03-31,600115.SH,6.77,6.81,6.67,6.69,122567739,846583778
2017-04-05,600115.SH,6.71,6.85,6.65,6.83,113643972,788335223
2017-04-06,600115.SH,6.86,6.96,6.83,6.91,116750337,828061510
2017-04-07,600115.SH,6.87,7.15,6.86,6.99,200321259,1448735674
2017-04-10,600115.SH,6.96,7.14,6.89,7.07,154858751,1119072491
2017-04-11,600115.SH,7.02,7.11,6.94,7.10,117997422,851160717
2017-04-12,600115.SH,7.05,7.06,6.92,6.97,89924232,644978306
2017-04-13,600115.SH,6.96,7.08,6.92,7.05,88883967,641717346
2017-04-14,600115.SH,7.06,7.08,6.91,6.96,93422104,670344805
2017-04-17,600115.SH,6.93,6.96,6.86,6.90,47793651,338759785
2017-04-18,600115.SH,6.91,6.94,6.76,6.80,55425918,390417407
2017-04-19,600115.SH,6.76,6.80,6.63,6.75,70810787,488560087
2017-04-20,600115.SH,6.72,6.76,6.66,6.76,42276429,291442743
2017-04-21,600115.SH,6.76,6.79,6.69,6.78,52368419,362768398
2017-04-24,600115.SH,6.76,6.77,6.48,6.61,75388772,509563066
2017-04-25,600115.SH,6.58,6.59,6.50,6.52,34209012,229788541
2017-04-26,600115.SH,6.52,6.55,6.33,6.34,71610133,471256504
2017-04-27,600115.SH,6.32,6.42,6.28,6.41,61126154,400063048
2017-04-28,600115.SH,6.39,6.41,6.31,6.40,52951262,345571021
2017-05-02,600115.SH,6.41,6.46,6.38,6.40,40490118,267139063
2017-05-03,600115.SH,6.41,6.49,6.39,6.41,39398435,260525912
2017-05-04,600115.SH,6.41,6.41,6.32,6.40,38510150,251840914
2017-05-05,600115.SH,6.46,6.49,6.39,6.41,53752799,355775406
2017-05-08,600115.SH,6.37,6.50,6.31,6.48,61380006,404881111
2017-05-09,600115.SH,6.43,6.57,6.41,6.49,46369628,309643318
2017-05-10,600115.SH,6.49,6.52,6.37,6.41,30493696,201713189
2017-05-11,600115.SH,6.35,6.51,6.29,6.48,56512543,372812949
2017-05-12,600115.SH,6.45,6.54,6.43,6.50,31716242,211811653
2017-05-15,600115.SH,6.52,6.55,6.44,6.49,29220161,195040234
2017-05-16,600115.SH,6.46,6.51,6.33,6.50,32872602,217026229
2017-05-17,600115.SH,6.50,6.50,6.45,6.45,23003352,153122223
2017-05-18,600115.SH,6.42,6.43,6.34,6.40,29765884,195210875
2017-05-19,600115.SH,6.40,6.40,6.32,6.37,27843186,181609884
2017-05-22,600115.SH,6.37,6.39,6.25,6.37,33748426,219076308
2017-05-23,600115.SH,6.32,6.40,6.26,6.40,42688047,278616119
2017-05-24,600115.SH,6.35,6.40,6.30,6.40,19809799,129358679
2017-05-25,600115.SH,6.38,6.52,6.35,6.48,41172304,273092808
2017-05-26,600115.SH,6.52,6.73,6.51,6.55,72780262,495368803
2017-05-31,600115.SH,6.59,6.70,6.52,6.63,49498034,336500941
2017-06-01,600115.SH,6.66,6.75,6.62,6.71,92508960,636238738
2017-06-02,600115.SH,6.67,6.68,6.57,6.62,41144101,280105230
2017-06-05,600115.SH,6.62,6.70,6.60,6.65,26680303,182468808
2017-06-06,600115.SH,6.65,6.66,6.58,6.65,23279832,158201971
2017-06-07,600115.SH,6.63,6.69,6.61,6.67,35969793,245901603
2017-06-08,600115.SH,6.72,6.78,6.68,6.70,63859779,441733812
2017-06-09,600115.SH,6.68,6.72,6.62,6.68,44434453,304012706
2017-06-12,600115.SH,6.65,6.70,6.58,6.61,43559763,296695783
2017-06-13,600115.SH,6.57,6.61,6.56,6.59,22736401,153760930
2017-06-14,600115.SH,6.58,6.62,6.54,6.57,27174384,183563091
2017-06-15,600115.SH,6.58,6.61,6.54,6.60,23584055,159410634
2017-06-16,600115.SH,6.60,6.63,6.56,6.59,22818658,154619211
2017-06-19,600115.SH,6.56,6.69,6.55,6.67,50111752,342157418
2017-06-20,600115.SH,6.65,6.66,6.61,6.63,29402717,200270013
2017-06-21,600115.SH,6.69,6.73,6.63,6.71,51934023,356796368
2017-06-22,600115.SH,6.73,6.76,6.68,6.73,74058001,511504001
2017-06-23,600115.SH,6.68,6.73,6.58,6.69,48795082,334226131
2017-06-26,600115.SH,6.70,6.79,6.69,6.74,76025442,527112515
2017-06-27,600115.SH,6.73,6.73,6.64,6.67,38720158,265352110
2017-06-28,600115.SH,6.65,6.67,6.59,6.59,34339938,233495808
2017-06-29,600115.SH,6.58,6.61,6.57,6.59,23255294,157376270
2017-06-30,600115.SH,6.57,6.64,6.56,6.62,32022621,217472716
2017-07-03,600115.SH,6.62,6.63,6.56,6.62,35150191,238718151
2017-07-04,600115.SH,6.61,6.66,6.59,6.66,27365732,186576284
2017-07-05,600115.SH,6.65,6.66,6.59,6.66,26100222,177690166
2017-07-06,600115.SH,6.65,6.69,6.61,6.65,41273938,281950429
2017-07-07,600115.SH,6.65,6.67,6.59,6.65,26575334,181142676
2017-07-10,600115.SH,6.66,6.66,6.54,6.55,44223261,299643109
2017-07-11,600115.SH,6.54,6.55,6.45,6.46,57657938,384197215
2017-07-12,600115.SH,6.43,6.47,6.40,6.46,29530925,195272425
2017-07-13,600115.SH,6.46,6.53,6.43,6.51,31275242,208936644
2017-07-14,600115.SH,6.50,6.58,6.49,6.55,27422156,184308827
2017-07-17,600115.SH,6.56,6.59,6.33,6.48,41256953,273718471
2017-07-18,600115.SH,6.44,6.55,6.42,6.55,25454715,169919265
2017-07-19,600115.SH,6.54,6.74,6.49,6.70,88281165,603693485
2017-07-20,600115.SH,6.68,6.70,6.64,6.68,53004375,362505998
2017-07-21,600115.SH,6.66,6.78,6.63,6.76,95051267,656918424
2017-07-24,600115.SH,6.74,6.83,6.73,6.76,80907705,563828310
2017-07-25,600115.SH,6.75,6.76,6.62,6.68,57753141,395777790
2017-07-26,600115.SH,6.67,6.68,6.54,6.60,66524643,450263766
2017-07-27,600115.SH,6.57,6.65,6.54,6.63,33944256,230402098
2017-07-28,600115.SH,6.63,6.63,6.53,6.53,33177031,223908452
2017-07-31,600115.SH,6.54,6.59,6.52,6.59,28126495,189627133
2017-08-01,600115.SH,6.58,6.75,6.56,6.69,61209605,419525050
2017-08-02,600115.SH,6.68,6.71,6.63,6.68,41465956,284014775
2017-08-03,600115.SH,6.66,6.72,6.55,6.58,46739647,317944508
2017-08-04,600115.SH,6.57,6.59,6.52,6.56,39283483,264457890
2017-08-07,600115.SH,6.53,6.59,6.52,6.56,22885356,153975676
2017-08-08,600115.SH,6.54,6.57,6.49,6.56,36231827,242864313
2017-08-09,600115.SH,6.55,6.55,6.51,6.52,20687153,138668338
2017-08-10,600115.SH,6.61,6.77,6.61,6.65,94724568,645873462
2017-08-11,600115.SH,6.66,6.70,6.57,6.65,65169279,441068870
2017-08-14,600115.SH,6.66,6.66,6.57,6.64,30870726,208172247
2017-08-15,600115.SH,6.64,6.67,6.58,6.62,28479771,192155975
2017-08-16,600115.SH,6.60,6.65,6.52,6.62,44333443,296991138
2017-08-17,600115.SH,6.75,7.00,6.71,6.90,241228631,1686194204
2017-08-18,600115.SH,6.82,7.05,6.80,7.02,202691469,1433119994
2017-08-21,600115.SH,7.13,7.18,6.87,6.91,176840518,1253736726
2017-08-22,600115.SH,6.89,6.94,6.78,6.81,112378234,785327274
2017-08-23,600115.SH,6.80,6.85,6.74,6.78,66382401,459682706
2017-08-24,600115.SH,6.77,6.80,6.68,6.72,57650511,395561093
2017-08-25,600115.SH,6.73,6.82,6.71,6.81,58874705,406055142
2017-08-28,600115.SH,6.80,6.88,6.77,6.85,73677492,512901122
2017-08-29,600115.SH,6.96,7.00,6.83,6.85,93100823,654175576
2017-08-30,600115.SH,6.92,7.18,6.89,6.93,234048722,1673416329
2017-08-31,600115.SH,6.92,6.94,6.82,6.85,98147107,686746863
2017-09-01,600115.SH,6.83,6.84,6.77,6.81,80350074,557303108
2017-09-04,600115.SH,6.80,6.94,6.79,6.89,90868180,637750462
2017-09-05,600115.SH,7.00,7.03,6.87,6.89,87898800,621243858
2017-09-06,600115.SH,6.83,6.85,6.79,6.84,65188703,453223391
2017-09-07,600115.SH,6.84,6.89,6.79,6.80,51626851,359880042
2017-09-08,600115.SH,6.85,6.98,6.85,6.94,141359897,997266168
2017-09-11,600115.SH,6.91,6.98,6.86,6.87,93706753,660204279
2017-09-12,600115.SH,6.87,6.88,6.75,6.81,99034476,686534890
2017-09-13,600115.SH,6.77,6.80,6.75,6.79,33178724,229070162
2017-09-14,600115.SH,6.78,6.79,6.73,6.76,38877807,267561178
2017-09-15,600115.SH,6.73,6.75,6.70,6.74,40096075,274611198
2017-09-18,600115.SH,6.73,6.77,6.71,6.76,27989969,192258692
2017-09-19,600115.SH,6.78,6.80,6.68,6.71,37467491,256662077
2017-09-20,600115.SH,6.71,6.73,6.67,6.72,26159956,178730739
2017-09-21,600115.SH,6.72,6.73,6.65,6.65,33868694,230751449
2017-09-22,600115.SH,6.65,6.70,6.57,6.68,43596496,294650809
2017-09-25,600115.SH,6.66,6.73,6.59,6.71,43246961,294206927
2017-09-26,600115.SH,6.69,6.71,6.64,6.69,18228920,123993893
2017-09-27,600115.SH,6.71,6.74,6.65,6.66,21235994,144937937
2017-09-28,600115.SH,6.67,6.68,6.60,6.63,23481950,158680792
2017-09-29,600115.SH,6.63,6.66,6.60,6.63,19001765,128399072
2017-10-09,600115.SH,6.67,6.70,6.63,6.67,28787476,195448627
2017-10-10,600115.SH,6.67,6.67,6.63,6.67,19340438,131071326
2017-10-11,600115.SH,6.67,6.71,6.65,6.68,24967860,170024835
2017-10-12,600115.SH,6.67,6.69,6.58,6.62,27953703,188926600
2017-10-13,600115.SH,6.62,6.63,6.59,6.62,18351981,123665041
2017-10-16,600115.SH,6.62,6.62,6.50,6.51,35477078,237818963
2017-10-17,600115.SH,6.52,6.54,6.49,6.52,20147998,133940843
2017-10-18,600115.SH,6.52,6.60,6.49,6.58,26586623,177640084
2017-10-19,600115.SH,6.56,6.62,6.52,6.62,32780170,219576404
2017-10-20,600115.SH,6.57,6.66,6.57,6.64,25900459,175120503
2017-10-23,600115.SH,6.63,6.64,6.55,6.58,20975671,140741446
2017-10-24,600115.SH,6.55,6.64,6.52,6.63,34032552,228923124
2017-10-25,600115.SH,6.61,6.64,6.59,6.62,15885079,107087776
2017-10-26,600115.SH,6.62,6.65,6.58,6.63,22080765,149143894
2017-10-27,600115.SH,6.63,6.76,6.62,6.70,68409018,467298860
2017-10-30,600115.SH,6.69,6.73,6.56,6.70,57070460,387014575
2017-10-31,600115.SH,6.68,6.79,6.64,6.76,72549168,497777198
2017-11-01,600115.SH,6.76,6.95,6.74,6.86,156572668,1093260194
2017-11-02,600115.SH,6.85,6.93,6.69,6.75,116221547,806806393
2017-11-03,600115.SH,6.71,6.74,6.57,6.69,67000616,454333001
2017-11-06,600115.SH,6.63,6.64,6.56,6.63,32708930,220251017
2017-11-07,600115.SH,6.58,6.65,6.58,6.64,31390157,211667592
2017-11-08,600115.SH,6.63,6.69,6.61,6.64,34447361,233012450
2017-11-09,600115.SH,6.62,6.63,6.56,6.57,40751423,273326392
2017-11-10,600115.SH,6.57,6.62,6.54,6.60,41520700,278568317
2017-11-13,600115.SH,6.59,6.63,6.55,6.60,35813784,240429890
2017-11-14,600115.SH,6.57,6.72,6.53,6.65,82511237,559173462
2017-11-15,600115.SH,6.64,6.82,6.62,6.69,96179036,660198480
2017-11-16,600115.SH,6.70,6.81,6.56,6.71,95009488,646027732
2017-11-17,600115.SH,6.70,7.02,6.68,6.87,232332692,1625029586
2017-11-20,600115.SH,6.86,6.99,6.77,6.90,131866875,924722232
2017-11-21,600115.SH,6.86,7.00,6.80,6.93,108524550,763448778
2017-11-22,600115.SH,6.90,7.30,6.89,7.26,254149752,1849512718
2017-11-23,600115.SH,7.20,7.39,7.03,7.09,205031752,1512569696
2017-11-24,600115.SH,7.07,7.59,7.03,7.44,195768317,1462612881
2017-11-27,600115.SH,7.34,7.47,6.98,7.11,158481017,1168613013
2017-11-28,600115.SH,7.09,7.23,7.03,7.21,87567029,637251439
2017-11-29,600115.SH,7.14,7.42,7.08,7.40,109624962,816699294
2017-11-30,600115.SH,7.34,7.55,7.16,7.26,110130559,826861118
2017-12-01,600115.SH,7.21,7.23,7.03,7.17,80582807,583606486
2017-12-04,600115.SH,7.11,7.38,7.06,7.31,95847514,711175316
2017-12-05,600115.SH,7.27,7.48,7.23,7.38,134294787,1010478513
2017-12-06,600115.SH,7.34,7.35,7.12,7.31,61266071,452109621
2017-12-07,600115.SH,7.27,7.61,7.25,7.40,109132280,833094092
2017-12-08,600115.SH,7.37,7.48,7.26,7.35,63873373,478513416
2017-12-11,600115.SH,7.30,7.47,7.27,7.36,75083344,564394165
2017-12-12,600115.SH,7.36,7.36,6.93,6.97,120790009,876161999
2017-12-13,600115.SH,6.94,7.35,6.91,7.27,113088233,824209734
2017-12-14,600115.SH,7.26,7.46,7.24,7.36,85019153,637118482
2017-12-15,600115.SH,7.36,7.39,7.20,7.32,56126994,417107751
2017-12-18,600115.SH,7.34,7.36,7.07,7.18,58168306,424703030
2017-12-19,600115.SH,7.16,7.45,7.14,7.41,83338221,624234906
2017-12-20,600115.SH,7.38,8.01,7.36,7.72,168757414,1327613171
2017-12-21,600115.SH,7.75,7.96,7.66,7.80,96118716,763837997
2017-12-22,600115.SH,7.87,8.08,7.74,7.80,81815510,657606479
2017-12-25,600115.SH,7.84,8.06,7.72,7.83,102888181,828533959
2017-12-26,600115.SH,7.77,8.21,7.77,8.16,140687690,1157652642
2017-12-27,600115.SH,8.05,8.11,7.87,7.93,88852468,721927830
2017-12-28,600115.SH,7.93,7.98,7.81,7.89,71051704,571527025
2017-12-29,600115.SH,7.89,8.07,7.86,8.05,80239216,655073156
2018-01-02,600115.SH,8.02,8.09,7.73,7.88,116362518,931576025
2018-01-03,600115.SH,7.89,8.52,7.81,8.33,208412237,1741850882
2018-01-04,600115.SH,8.21,8.27,8.08,8.17,140082973,1165270486
2018-01-05,600115.SH,8.16,8.48,8.03,8.09,138692272,1162963431
2018-01-08,600115.SH,8.59,8.68,8.13,8.26,217945254,1867383975
2018-01-09,600115.SH,8.23,8.55,8.15,8.35,143742787,1228467017
2018-01-10,600115.SH,8.16,8.16,7.97,8.03,138215306,1137064831
2018-01-11,600115.SH,8.05,8.12,7.87,8.10,93733735,763060713
2018-01-12,600115.SH,8.06,8.22,7.96,8.02,86970917,717042083
2018-01-15,600115.SH,8.04,8.26,7.97,8.09,115921299,959296035
2018-01-16,600115.SH,8.02,8.03,7.76,7.89,131625739,1052738921
2018-01-17,600115.SH,7.86,7.97,7.60,7.69,114695517,907796353
2018-01-18,600115.SH,7.78,7.85,7.56,7.65,116582918,914845541
2018-01-19,600115.SH,7.71,7.82,7.63,7.71,102423190,808150175
2018-01-22,600115.SH,7.82,7.94,7.77,7.87,105210978,844462579
2018-01-23,600115.SH,7.93,7.99,7.75,7.82,88492651,708214003
2018-01-24,600115.SH,7.83,7.91,7.65,7.86,104260903,825638327
2018-01-25,600115.SH,7.79,8.25,7.75,8.13,198796773,1630026018
2018-01-26,600115.SH,8.16,8.43,8.04,8.14,278567541,2346366415
2018-01-29,600115.SH,8.20,8.38,8.12,8.21,160313296,1348237240
2018-01-30,600115.SH,8.21,8.48,8.14,8.31,118060794,1001990701
2018-01-31,600115.SH,8.22,8.30,8.04,8.19,83771469,697131336
2018-02-01,600115.SH,8.24,8.47,8.20,8.32,163326602,1388571597
2018-02-02,600115.SH,8.14,8.19,7.87,8.06,126485362,1033023149
2018-02-05,600115.SH,7.93,8.51,7.85,8.42,169594143,1431790519
2018-02-06,600115.SH,8.24,8.59,8.23,8.39,208821757,1793522667
2018-02-07,600115.SH,8.53,8.58,7.66,8.09,168005412,1417324678
2018-02-08,600115.SH,7.97,8.12,7.62,7.87,122064903,977116859
2018-02-09,600115.SH,7.49,7.60,7.09,7.27,132287043,978605480
2018-02-12,600115.SH,7.33,7.63,7.29,7.39,95718827,728046474
2018-02-13,600115.SH,7.50,7.57,7.35,7.41,70627140,536853064
2018-02-14,600115.SH,7.39,7.39,7.21,7.30,48797168,362607441
2018-02-22,600115.SH,7.45,8.01,7.45,7.87,124604603,976132642
2018-02-23,600115.SH,7.86,7.86,7.68,7.77,62275451,491419874
2018-02-26,600115.SH,7.82,7.99,7.70,7.93,82852974,663526446
2018-02-27,600115.SH,7.94,7.96,7.74,7.84,61360953,490363816
2018-02-28,600115.SH,7.70,7.71,7.57,7.65,52871574,411785824
2018-03-01,600115.SH,7.58,7.65,7.44,7.52,49422785,380251894
2018-03-02,600115.SH,7.50,7.50,7.31,7.36,62890754,472315490
2018-03-05,600115.SH,7.43,7.51,7.36,7.40,51376920,389474510
2018-03-06,600115.SH,7.42,7.53,7.40,7.51,60108784,458694891
2018-03-07,600115.SH,7.50,7.51,7.30,7.39,57181511,431599075
2018-03-08,600115.SH,7.38,7.41,7.26,7.40,45671807,341791205
2018-03-09,600115.SH,7.39,7.44,7.36,7.42,47004983,354949939
2018-03-12,600115.SH,7.48,7.61,7.30,7.54,112663858,860859117
2018-03-13,600115.SH,7.48,7.61,7.42,7.45,58593135,447498161
2018-03-14,600115.SH,7.41,7.42,7.29,7.33,56020300,419058368
2018-03-15,600115.SH,7.31,7.36,7.19,7.25,54195140,400885416
2018-03-16,600115.SH,7.25,7.36,7.23,7.24,44293669,329009294
2018-03-19,600115.SH,7.26,7.26,7.02,7.08,61378841,445007511
2018-03-20,600115.SH,7.02,7.16,6.96,7.10,46868742,336924094
2018-03-21,600115.SH,7.07,7.15,7.04,7.10,33010562,239026483
2018-03-22,600115.SH,7.09,7.13,6.97,7.10,42561114,306110488
2018-03-23,600115.SH,6.86,7.11,6.74,7.09,103655152,726976820
2018-03-26,600115.SH,6.93,7.01,6.75,6.84,61576902,430015151
2018-03-27,600115.SH,6.98,7.01,6.85,6.95,54349360,383409947
2018-03-28,600115.SH,6.85,6.91,6.73,6.81,50240657,348417159
2018-03-29,600115.SH,6.82,7.13,6.75,7.00,74869701,530918209
2018-03-30,600115.SH,6.99,7.13,6.96,7.07,60690336,437863787
2018-04-02,600115.SH,7.04,7.17,7.02,7.05,37905674,273802284
2018-04-03,600115.SH,6.93,7.04,6.91,6.94,30244813,214797286
2018-04-04,600115.SH,6.97,6.99,6.78,6.80,36775906,257885412
2018-04-09,600115.SH,6.79,6.83,6.59,6.64,38497759,262298878
2018-04-10,600115.SH,6.67,6.91,6.67,6.90,58567382,406817529
2018-04-11,600115.SH,6.89,6.98,6.86,6.92,47729534,337548105
2018-04-12,600115.SH,6.95,6.95,6.77,6.79,34413674,240010522
2018-04-13,600115.SH,6.81,6.87,6.74,6.78,33209749,230152965
2018-04-16,600115.SH,6.75,6.75,6.60,6.69,38528021,261653854
2018-04-17,600115.SH,6.69,6.71,6.58,6.59,24734800,167406454
2018-04-18,600115.SH,6.68,6.68,6.51,6.60,31501778,211567507
2018-04-19,600115.SH,6.57,6.58,6.49,6.51,44864693,298305334
2018-04-20,600115.SH,6.48,6.50,6.21,6.40,72602326,469152866
2018-04-23,600115.SH,6.34,6.42,6.27,6.39,25564835,165770965
2018-04-24,600115.SH,6.37,6.62,6.35,6.61,56352337,375582125
2018-04-25,600115.SH,6.67,6.85,6.62,6.75,76039449,524944414
2018-04-26,600115.SH,6.72,6.91,6.71,6.77,59467923,413975041
2018-04-27,600115.SH,6.82,7.06,6.82,6.94,76099052,539414711
2018-05-02,600115.SH,7.06,7.19,7.05,7.09,76250808,554627745
2018-05-03,600115.SH,7.13,7.41,7.11,7.40,94621587,701345546
2018-05-04,600115.SH,7.36,7.59,7.32,7.46,58534169,448575653
2018-05-07,600115.SH,7.44,7.46,7.23,7.44,62703318,470910015
2018-05-08,600115.SH,7.32,7.65,7.25,7.47,53650419,407138986
2018-05-09,600115.SH,7.41,7.61,7.32,7.59,42908529,327939521
2018-05-10,600115.SH,7.51,7.53,7.36,7.43,30143496,228671874
2018-05-11,600115.SH,7.41,7.54,7.39,7.48,28996296,221139078
2018-05-14,600115.SH,7.48,7.77,7.42,7.71,58685711,460140212
2018-05-15,600115.SH,7.79,7.80,7.53,7.68,36567687,285282059
2018-05-16,600115.SH,7.60,7.73,7.59,7.64,28800933,225405191
2018-05-17,600115.SH,7.60,7.64,7.27,7.30,53420739,401732888
2018-05-18,600115.SH,7.30,7.34,7.07,7.19,63502112,463194321
2018-05-21,600115.SH,7.24,7.50,7.20,7.36,52507399,394238797
2018-05-22,600115.SH,7.33,7.42,7.20,7.31,37836526,281685363
2018-05-23,600115.SH,7.32,7.44,7.25,7.39,42000547,315546125
2018-05-24,600115.SH,7.39,7.39,7.14,7.19,35758543,263908081
2018-05-25,600115.SH,7.17,7.29,7.13,7.25,29010721,213598444
2018-05-28,600115.SH,7.44,7.47,7.32,7.35,44050470,331551280
2018-05-29,600115.SH,7.30,7.41,7.19,7.38,29738506,221618965
2018-05-30,600115.SH,7.21,7.26,7.01,7.06,29004543,212009066
2018-05-31,600115.SH,7.11,7.23,6.95,7.22,32148401,232980520
2018-06-01,600115.SH,7.19,7.54,7.16,7.38,46744613,352927536
2018-06-04,600115.SH,7.50,7.63,7.41,7.54,34253557,263615998
2018-06-05,600115.SH,7.78,7.87,7.50,7.65,51313264,401206210
2018-06-06,600115.SH,7.61,7.94,7.54,7.89,74574629,595401199
2018-06-07,600115.SH,7.87,7.92,7.76,7.87,40290516,322142709
2018-06-08,600115.SH,7.80,7.86,7.62,7.79,36605754,288196511
2018-06-11,600115.SH,7.71,7.84,7.63,7.79,24936104,196881443
2018-06-12,600115.SH,7.85,8.13,7.85,7.96,58097147,474854446
2018-06-13,600115.SH,7.98,8.09,7.86,7.97,32140700,261684125
2018-06-14,600115.SH,7.91,8.07,7.81,7.93,29633221,240052411
2018-06-15,600115.SH,8.04,8.17,7.87,8.01,56771916,464015023
2018-06-19,600115.SH,7.85,8.13,7.82,8.02,121973901,995928399
2018-06-20,600115.SH,7.93,7.94,7.60,7.74,68080963,537184069
2018-06-21,600115.SH,7.76,7.88,7.45,7.52,52322214,411827371
2018-06-22,600115.SH,7.39,7.53,7.24,7.44,48389675,364416544
2018-06-25,600115.SH,7.44,7.44,6.70,6.70,110681704,782205984
2018-06-26,600115.SH,6.50,6.72,6.30,6.64,54639856,363466698
2018-06-27,600115.SH,6.59,6.62,6.29,6.60,73413816,478252315
2018-06-28,600115.SH,6.44,6.50,6.34,6.39,39263581,256847421
2018-06-29,600115.SH,6.35,6.54,6.30,6.49,38175471,250759601
2018-07-02,600115.SH,6.50,6.67,6.39,6.44,41000335,272797643
2018-07-03,600115.SH,6.38,6.38,5.80,6.02,117337098,707593717
2018-07-04,600115.SH,6.01,6.16,5.97,6.07,60637773,375049268
2018-07-05,600115.SH,6.02,6.18,5.84,6.16,87838072,540292915
2018-07-06,600115.SH,6.08,6.17,5.90,6.06,37731331,232560171
2018-07-09,600115.SH,6.03,6.21,6.02,6.21,28509352,178990602
2018-07-10,600115.SH,6.25,6.47,6.23,6.39,43705581,283672724
2018-07-11,600115.SH,6.17,6.17,5.77,6.03,74980484,456335533
2018-07-12,600115.SH,6.01,6.26,6.01,6.18,76271566,478244994
2018-07-13,600115.SH,6.18,6.23,6.03,6.06,49054619,303905153
2018-07-16,600115.SH,6.06,6.06,5.79,5.90,71990561,430757671
2018-07-17,600115.SH,5.98,5.99,5.87,5.94,32856081,198612145
2018-07-18,600115.SH,5.91,6.01,5.88,5.88,30098263,181867949
2018-07-19,600115.SH,5.85,5.88,5.46,5.59,102144071,586513791
2018-07-20,600115.SH,5.53,5.72,5.38,5.65,72622732,413968437
2018-07-23,600115.SH,5.61,5.93,5.56,5.87,81558343,484329864
2018-07-24,600115.SH,5.81,5.98,5.81,5.90,58708306,350496750
2018-07-25,600115.SH,5.90,6.00,5.90,5.95,40422486,243262741
2018-07-26,600115.SH,6.05,6.18,5.85,5.91,70334545,428507570
2018-07-27,600115.SH,5.83,5.92,5.79,5.85,40262628,237968996
2018-07-30,600115.SH,5.83,5.84,5.72,5.76,33210373,193474242
2018-07-31,600115.SH,5.74,5.82,5.74,5.81,21800772,127540755
2018-08-01,600115.SH,5.86,5.90,5.72,5.73,33201275,195861101
2018-08-02,600115.SH,5.70,5.73,5.48,5.57,42580719,239590850
2018-08-03,600115.SH,5.52,5.57,5.25,5.28,71296360,386015291
2018-08-06,600115.SH,5.36,5.38,5.16,5.22,42065035,224649161
2018-08-07,600115.SH,5.20,5.41,5.07,5.40,57006018,302107129
2018-08-08,600115.SH,5.37,5.53,5.32,5.35,47283864,259054291
2018-08-09,600115.SH,5.35,5.54,5.33,5.51,58593656,323978402
2018-08-10,600115.SH,5.51,5.54,5.42,5.46,39352052,217572754
2018-08-13,600115.SH,5.37,5.41,5.29,5.39,35967337,194372102
2018-08-14,600115.SH,5.38,5.39,5.29,5.33,33947384,183190388
2018-08-15,600115.SH,5.33,5.34,5.13,5.17,36034907,189717985
2018-08-16,600115.SH,5.09,5.35,5.02,5.25,43218918,228736089
2018-08-17,600115.SH,5.34,5.39,5.12,5.16,39063757,207487096
2018-08-20,600115.SH,5.16,5.28,5.09,5.27,39853503,209676846
2018-08-21,600115.SH,5.32,5.53,5.28,5.49,79220568,436102477
2018-08-22,600115.SH,5.47,5.48,5.37,5.39,27030340,148003903
2018-08-23,600115.SH,5.33,5.39,5.27,5.33,25784221,139014930
2018-08-24,600115.SH,5.28,5.34,5.23,5.30,27108128,144629705
2018-08-27,600115.SH,5.52,5.59,5.42,5.50,81385349,453872866
2018-08-28,600115.SH,5.52,5.73,5.50,5.63,65902627,375780463
2018-08-29,600115.SH,5.62,5.68,5.54,5.63,40108117,227990063
2018-08-30,600115.SH,5.62,5.68,5.52,5.54,24518664,138515301
2018-08-31,600115.SH,5.48,5.81,5.44,5.72,59130706,338373272
2018-09-03,600115.SH,5.68,5.68,5.45,5.58,49009577,274046440
2018-09-04,600115.SH,5.47,5.60,5.47,5.53,27803649,155415757
2018-09-05,600115.SH,5.53,5.59,5.45,5.46,22931845,127588377
2018-09-06,600115.SH,5.47,5.58,5.30,5.34,35826656,196115305
2018-09-07,600115.SH,5.37,5.50,5.36,5.49,35526472,195839643
2018-09-10,600115.SH,5.48,5.50,5.24,5.29,31179482,168288342
2018-09-11,600115.SH,5.29,5.32,5.14,5.21,24785648,130483211
2018-09-12,600115.SH,5.17,5.18,5.07,5.09,36248939,187551624
2018-09-13,600115.SH,5.18,5.23,5.10,5.17,36890347,192362805
2018-09-14,600115.SH,5.20,5.25,5.14,5.18,20714681,108626786
2018-09-17,600115.SH,5.13,5.16,5.08,5.13,15577413,80658758
2018-09-18,600115.SH,5.11,5.25,5.04,5.22,35093596,181855923
2018-09-19,600115.SH,5.17,5.36,5.13,5.31,44935460,239871795
2018-09-20,600115.SH,5.29,5.34,5.25,5.33,25040122,134377592
2018-09-21,600115.SH,5.38,5.86,5.33,5.79,96313961,547944305
2018-09-25,600115.SH,5.57,5.69,5.50,5.57,52851368,297677831
2018-09-26,600115.SH,5.57,5.64,5.49,5.59,41207471,232362492
2018-09-27,600115.SH,5.56,5.57,5.48,5.51,27605612,153791902
2018-09-28,600115.SH,5.52,5.56,5.49,5.54,28503571,158943663
2018-10-08,600115.SH,5.29,5.29,5.14,5.20,54895019,288215142
2018-10-09,600115.SH,5.17,5.20,5.06,5.11,45070692,233698371
2018-10-10,600115.SH,5.13,5.16,5.09,5.12,26379611,136558633
2018-10-11,600115.SH,4.97,4.99,4.70,4.78,55894929,276017315
2018-10-12,600115.SH,4.84,4.91,4.76,4.87,45280677,221894894
2018-10-15,600115.SH,4.83,4.86,4.74,4.76,21680577,105386897
2018-10-16,600115.SH,4.76,4.82,4.66,4.71,16791898,80405412
2018-10-17,600115.SH,4.78,4.80,4.59,4.73,22643677,107612042
2018-10-18,600115.SH,4.71,4.71,4.49,4.52,29893357,137889003
2018-10-19,600115.SH,4.46,4.61,4.35,4.60,44166420,200861061
2018-10-22,600115.SH,4.61,4.90,4.61,4.86,51074234,248063469
2018-10-23,600115.SH,4.86,4.86,4.72,4.74,27262734,131452109
2018-10-24,600115.SH,4.81,4.92,4.78,4.82,30259357,148051304
2018-10-25,600115.SH,4.64,4.80,4.55,4.79,19886086,94646422
2018-10-26,600115.SH,4.80,4.85,4.70,4.78,31440821,151295479
2018-10-29,600115.SH,4.75,4.91,4.72,4.83,46619756,227937308
2018-10-30,600115.SH,4.80,4.85,4.71,4.83,23308846,112853033
2018-10-31,600115.SH,4.84,4.95,4.79,4.94,45124205,223213462
2018-11-01,600115.SH,4.98,5.04,4.90,5.03,51454112,258925588
2018-11-02,600115.SH,5.48,5.53,5.32,5.45,147878097,811221476
2018-11-05,600115.SH,5.43,5.48,5.28,5.36,45147921,246111803
2018-11-06,600115.SH,5.37,5.39,5.21,5.30,38328170,204047849
2018-11-07,600115.SH,5.31,5.42,5.28,5.33,37554509,203167998
2018-11-08,600115.SH,5.39,5.41,5.22,5.25,29742599,159240978
2018-11-09,600115.SH,5.23,5.24,5.13,5.18,32925784,172051339
2018-11-12,600115.SH,5.17,5.26,5.17,5.23,23681349,124776814
2018-11-13,600115.SH,5.16,5.36,5.13,5.33,56459851,301684883
2018-11-14,600115.SH,5.62,5.76,5.35,5.40,121919837,681258749
2018-11-15,600115.SH,5.37,5.48,5.32,5.48,40733153,223314722
2018-11-16,600115.SH,5.48,5.50,5.39,5.44,40352839,222084059
2018-11-19,600115.SH,5.47,5.49,5.35,5.44,50111638,273540513
2018-11-20,600115.SH,5.36,5.38,5.20,5.22,50940011,272095447
2018-11-21,600115.SH,5.31,5.37,5.25,5.28,52908615,284146970
2018-11-22,600115.SH,5.26,5.44,5.22,5.38,57862431,313260454
2018-11-23,600115.SH,5.33,5.39,5.20,5.21,43026862,229559811
2018-11-26,600115.SH,5.36,5.48,5.24,5.26,51126551,275360956
2018-11-27,600115.SH,5.24,5.25,5.11,5.16,40002382,209221273
2018-11-28,600115.SH,5.13,5.16,5.04,5.15,31577011,162997728
2018-11-29,600115.SH,5.23,5.25,5.14,5.14,33351540,175164708
2018-11-30,600115.SH,5.09,5.20,5.05,5.19,26460883,137382237
2018-12-03,600115.SH,5.44,5.45,5.30,5.40,74927732,406742714
2018-12-04,600115.SH,5.39,5.51,5.34,5.51,71639938,392725136
2018-12-05,600115.SH,5.41,5.51,5.38,5.44,45353278,249549472
2018-12-06,600115.SH,5.30,5.35,5.20,5.22,52708340,279851044
2018-12-07,600115.SH,5.24,5.26,5.20,5.23,13459973,71193724
2018-12-10,600115.SH,5.18,5.18,5.09,5.10,29358438,152045587
2018-12-11,600115.SH,5.10,5.16,5.09,5.13,20480573,105958541
2018-12-12,600115.SH,5.15,5.17,5.09,5.13,19295922,100072440
2018-12-13,600115.SH,5.15,5.24,5.12,5.23,31093456,163545500
2018-12-14,600115.SH,5.18,5.20,5.09,5.11,24990349,129834859
2018-12-17,600115.SH,5.10,5.11,5.02,5.05,29484357,150505982
2018-12-18,600115.SH,5.05,5.09,4.97,5.03,25639662,130557533
2018-12-19,600115.SH,5.12,5.15,5.00,5.04,46740349,240159110
2018-12-20,600115.SH,4.99,5.02,4.94,4.98,22359734,112496603
2018-12-21,600115.SH,4.98,5.01,4.88,4.92,31505808,157351322
2018-12-24,600115.SH,4.87,4.90,4.84,4.89,22461997,110478304
2018-12-25,600115.SH,4.88,4.99,4.80,4.93,46136310,228315385
2018-12-26,600115.SH,4.91,4.94,4.81,4.84,33961880,166805138
2018-12-27,600115.SH,4.87,4.89,4.73,4.73,35452377,171956192
2018-12-28,600115.SH,4.77,4.79,4.68,4.70,22597284,108037656
2019-01-02,600115.SH,4.71,4.74,4.65,4.68,21762520,102922413
2019-01-03,600115.SH,4.66,4.76,4.65,4.69,24785309,117762236
2019-01-04,600115.SH,4.64,4.78,4.57,4.78,31253682,148627009
2019-01-07,600115.SH,4.81,4.89,4.75,4.86,43860111,213386278
2019-01-08,600115.SH,4.86,4.86,4.79,4.81,25182215,122506576
2019-01-09,600115.SH,4.82,4.91,4.80,4.84,29241977,143767866
2019-01-10,600115.SH,4.86,4.92,4.82,4.88,32150695,158546461
2019-01-11,600115.SH,4.92,5.06,4.89,5.02,63379351,319700994
2019-01-14,600115.SH,5.04,5.05,4.94,4.95,26012351,130951382
2019-01-15,600115.SH,4.96,5.00,4.93,4.98,26262265,132099972
2019-01-16,600115.SH,4.96,4.99,4.92,4.96,20666252,103517744
2019-01-17,600115.SH,4.97,4.99,4.93,4.97,26149150,131230563
2019-01-18,600115.SH,4.97,5.04,4.96,5.03,40465142,205463269
2019-01-21,600115.SH,5.03,5.06,4.97,5.00,24464795,124105606
2019-01-22,600115.SH,5.00,5.00,4.92,4.93,18075394,90591568
2019-01-23,600115.SH,4.92,4.96,4.91,4.94,15428426,77033586
2019-01-24,600115.SH,4.95,4.97,4.91,4.92,17097585,85390519
2019-01-25,600115.SH,4.92,4.96,4.91,4.96,18977211,94863342
2019-01-28,600115.SH,5.00,5.07,4.97,5.01,36226754,184105701
2019-01-29,600115.SH,4.98,5.02,4.85,5.00,29342958,147136372
2019-01-30,600115.SH,4.97,5.07,4.95,5.03,34508846,175826113
2019-01-31,600115.SH,4.97,5.03,4.96,4.97,29950131,151161042
2019-02-01,600115.SH,4.98,5.00,4.92,4.99,28784190,144593810
2019-02-11,600115.SH,4.96,5.03,4.94,5.03,33084278,167038732
2019-02-12,600115.SH,5.01,5.15,4.98,5.13,70501871,361384015
2019-02-13,600115.SH,5.10,5.20,5.04,5.16,70464318,364666411
2019-02-14,600115.SH,5.12,5.19,5.10,5.15,42166447,219652734
2019-02-15,600115.SH,5.14,5.14,5.01,5.04,46120825,236118822
2019-02-18,600115.SH,5.04,5.15,5.02,5.15,54865004,283143633
2019-02-19,600115.SH,5.15,5.17,5.04,5.09,51563048,266594485
2019-02-20,600115.SH,5.10,5.32,5.09,5.30,122692669,647344936
2019-02-21,600115.SH,5.36,5.53,5.19,5.36,131072415,709133262
2019-02-22,600115.SH,5.32,5.59,5.26,5.53,96314226,529000275
2019-02-25,600115.SH,5.68,6.08,5.68,5.97,153161163,912833867
2019-02-26,600115.SH,6.09,6.10,5.85,5.88,96188602,581806370
2019-02-27,600115.SH,5.85,6.04,5.81,5.95,86020382,514930173
2019-02-28,600115.SH,5.92,5.92,5.75,5.78,45806004,269203872
2019-03-01,600115.SH,5.78,5.81,5.65,5.79,49163095,284926711
2019-03-04,600115.SH,5.81,5.96,5.79,5.83,60811381,361130333
2019-03-05,600115.SH,5.82,5.90,5.76,5.89,47733125,281242250
2019-03-06,600115.SH,5.86,6.01,5.81,6.00,75246654,449517612
2019-03-07,600115.SH,5.96,5.99,5.85,5.91,82889107,495679490
2019-03-08,600115.SH,5.76,5.81,5.60,5.60,67218446,388326564
2019-03-11,600115.SH,5.56,5.76,5.54,5.73,50557357,289485171
2019-03-12,600115.SH,5.73,5.81,5.67,5.73,52956542,307354618
2019-03-13,600115.SH,5.72,5.91,5.69,5.76,79696978,469321432
2019-03-14,600115.SH,5.79,6.28,5.79,6.14,171882270,1057231343
2019-03-15,600115.SH,6.11,6.26,5.98,6.16,93649400,579979651
2019-03-18,600115.SH,6.16,6.29,6.02,6.28,119363644,741658345
2019-03-19,600115.SH,6.48,6.53,6.22,6.28,108749922,700630283
2019-03-20,600115.SH,6.22,6.30,6.03,6.22,68254999,424820484
2019-03-21,600115.SH,6.29,6.48,6.25,6.29,87126410,560825440
2019-03-22,600115.SH,6.23,6.36,6.13,6.32,55250346,349138138
2019-03-25,600115.SH,6.18,6.35,6.16,6.21,40027431,253068480
2019-03-26,600115.SH,6.23,6.27,5.97,5.97,44106582,270818611
2019-03-27,600115.SH,6.02,6.45,6.00,6.42,85334695,537201142
2019-03-28,600115.SH,6.34,6.53,6.24,6.24,55639637,358274033
2019-03-29,600115.SH,6.32,6.86,6.30,6.86,199374617,1368120779
2019-04-01,600115.SH,6.94,7.44,6.87,7.17,170050511,1231961909
2019-04-02,600115.SH,7.12,7.37,7.02,7.13,71156786,517045641
2019-04-03,600115.SH,7.15,7.49,7.10,7.41,98777905,734112806
2019-04-04,600115.SH,8.15,8.15,8.04,8.15,254044662,2091382807
2019-04-08,600115.SH,8.07,8.07,7.62,7.67,179602779,1419258465
2019-04-09,600115.SH,7.60,7.97,7.55,7.72,109700762,861520918
2019-04-10,600115.SH,7.56,7.69,7.47,7.60,60368250,462456171
2019-04-11,600115.SH,7.61,7.73,7.30,7.39,63635988,482377512
2019-04-12,600115.SH,7.39,7.47,7.22,7.34,52239960,387742582
2019-04-15,600115.SH,7.57,7.61,7.31,7.33,63459769,479754409
2019-04-16,600115.SH,7.25,7.48,7.12,7.44,50868404,378990620
2019-04-17,600115.SH,7.42,7.63,7.36,7.54,49719708,377983548
2019-04-18,600115.SH,7.61,7.77,7.55,7.66,69475912,539681915
2019-04-19,600115.SH,7.58,7.72,7.43,7.66,48193153,369525973
2019-04-22,600115.SH,7.61,7.61,7.06,7.20,93676458,686992770
2019-04-23,600115.SH,7.17,7.17,6.93,6.96,70821407,501099667
2019-04-24,600115.SH,7.00,7.03,6.90,7.00,41073314,289495169
2019-04-25,600115.SH,6.99,6.99,6.67,6.72,68142900,470460845
2019-04-26,600115.SH,6.65,6.71,6.51,6.53,63813749,424879384
2019-04-29,600115.SH,6.64,6.74,6.49,6.58,58678452,392847267
2019-04-30,600115.SH,6.58,6.85,6.40,6.76,70435296,472179021
2019-05-06,600115.SH,6.29,6.41,6.09,6.14,108560339,680183087
2019-05-07,600115.SH,6.18,6.29,6.05,6.27,59105403,368333935
2019-05-08,600115.SH,6.12,6.30,6.07,6.15,32352684,202527200
2019-05-09,600115.SH,6.05,6.15,6.00,6.04,36229094,221907588
2019-05-10,600115.SH,6.09,6.27,6.01,6.23,51322850,320698534
2019-05-13,600115.SH,6.10,6.14,5.98,6.01,61860772,377871587
2019-05-14,600115.SH,5.89,6.06,5.85,6.00,39276800,237481918
2019-05-15,600115.SH,6.03,6.13,6.01,6.12,43942417,270384558
2019-05-16,600115.SH,6.14,6.18,6.08,6.16,32364778,200804414
2019-05-17,600115.SH,6.15,6.16,5.84,5.88,47910399,289525111
2019-05-20,600115.SH,5.93,5.93,5.70,5.81,44794110,261071471
2019-05-21,600115.SH,5.82,5.92,5.74,5.85,37272540,220332838
2019-05-22,600115.SH,5.86,6.00,5.79,5.94,45772066,274261234
2019-05-23,600115.SH,5.91,5.98,5.81,5.85,31820299,189248277
2019-05-24,600115.SH,6.03,6.08,5.87,5.93,46415732,280172133
2019-05-27,600115.SH,5.93,6.07,5.85,6.03,41692283,251532730
2019-05-28,600115.SH,5.99,6.07,5.96,6.07,47589884,289880513
2019-05-29,600115.SH,6.02,6.05,5.98,6.01,26061367,158459078
2019-05-30,600115.SH,5.98,5.98,5.86,5.92,32713915,195127940
2019-05-31,600115.SH,6.01,6.02,5.90,5.92,22561648,135854287
2019-06-03,600115.SH,5.99,6.03,5.94,6.02,50663543,307077758
2019-06-04,600115.SH,6.00,6.01,5.87,5.92,36286401,217427371
2019-06-05,600115.SH,5.96,5.97,5.90,5.91,24407398,146550157
2019-06-06,600115.SH,5.95,5.96,5.78,5.80,28860227,170700028
2019-06-10,600115.SH,5.80,5.81,5.60,5.71,44925122,258333097
2019-06-11,600115.SH,5.70,5.95,5.70,5.93,50116713,296535599
2019-06-12,600115.SH,5.93,5.98,5.86,5.90,28242696,168837848
2019-06-13,600115.SH,5.92,5.94,5.83,5.88,24777716,147273457
2019-06-14,600115.SH,5.88,5.91,5.79,5.79,28073936,166026151
2019-06-17,600115.SH,5.80,5.85,5.75,5.78,20933084,122444327
2019-06-18,600115.SH,5.79,5.79,5.70,5.76,20308856,117642975
2019-06-19,600115.SH,5.93,6.08,5.90,6.05,87679570,531867270
2019-06-20,600115.SH,5.99,6.28,5.98,6.26,68432245,426727804
2019-06-21,600115.SH,6.26,6.37,6.16,6.22,59461917,375858100
2019-06-24,600115.SH,6.19,6.21,6.13,6.16,27798998,173249273
2019-06-25,600115.SH,6.14,6.16,6.01,6.08,43380616,266697152
2019-06-26,600115.SH,6.06,6.13,6.02,6.10,24255668,149305406
2019-06-27,600115.SH,6.12,6.23,6.10,6.22,36685392,229807594
2019-06-28,600115.SH,6.21,6.23,6.11,6.20,22414252,139645639
2019-07-01,600115.SH,6.38,6.43,6.29,6.35,51246840,329448577
2019-07-02,600115.SH,6.35,6.38,6.28,6.37,32106413,206289375
2019-07-03,600115.SH,6.34,6.37,6.19,6.27,30616333,194768835
2019-07-04,600115.SH,6.24,6.33,6.23,6.33,23521817,149465465
2019-07-05,600115.SH,6.32,6.32,6.24,6.26,15075910,95457992
2019-07-08,600115.SH,6.23,6.23,6.00,6.06,30204884,185997931
2019-07-09,600115.SH,6.07,6.08,5.96,6.03,22434545,136397238
2019-07-10,600115.SH,6.07,6.07,5.92,5.94,20302390,122549008
2019-07-11,600115.SH,5.98,6.07,5.96,5.97,21268924,129211514
2019-07-12,600115.SH,5.97,6.03,5.94,5.96,17678945,107037708
2019-07-15,600115.SH,5.94,6.01,5.84,5.98,24339939,146177796
2019-07-16,600115.SH,5.97,6.02,5.95,5.98,22512496,136043833
2019-07-17,600115.SH,5.97,6.01,5.94,5.97,16083322,97263338
2019-07-18,600115.SH,5.93,5.93,5.86,5.86,23656570,141010436
2019-07-19,600115.SH,5.90,5.97,5.88,5.94,18239141,109513794
2019-07-22,600115.SH,5.95,5.97,5.86,5.90,20012805,119659844
2019-07-23,600115.SH,5.90,5.93,5.86,5.89,19969236,118950256
2019-07-24,600115.SH,5.89,5.96,5.89,5.91,18056956,108088808
2019-07-25,600115.SH,5.91,5.91,5.86,5.88,20288798,120672981
2019-07-26,600115.SH,5.86,5.91,5.85,5.89,19227678,114359562
2019-07-29,600115.SH,5.88,5.92,5.87,5.88,16604928,98983788
2019-07-30,600115.SH,5.90,5.93,5.88,5.90,16305081,97368209
2019-07-31,600115.SH,5.88,5.88,5.82,5.82,19538249,115489991
2019-08-01,600115.SH,5.80,5.81,5.62,5.66,49428126,284967945
2019-08-02,600115.SH,5.56,5.58,5.46,5.52,40664079,226612108
2019-08-05,600115.SH,5.44,5.47,5.26,5.27,51896467,280740300
2019-08-06,600115.SH,5.15,5.19,5.03,5.17,54250978,280850383
2019-08-07,600115.SH,5.20,5.22,5.06,5.06,35560011,183856620
2019-08-08,600115.SH,5.09,5.13,5.06,5.08,27570790,142174260
2019-08-09,600115.SH,5.10,5.11,4.97,5.01,28515486,145458897
2019-08-12,600115.SH,5.01,5.04,4.94,5.03,42516344,214352212
2019-08-13,600115.SH,4.97,5.15,4.92,5.09,54074957,276403125
2019-08-14,600115.SH,5.23,5.29,5.11,5.11,41603173,218012122
2019-08-15,600115.SH,4.96,5.11,4.95,5.11,34928081,177880426
2019-08-16,600115.SH,5.10,5.14,5.06,5.08,33415134,172231360
2019-08-19,600115.SH,5.11,5.22,5.06,5.19,55193656,287472374
2019-08-20,600115.SH,5.16,5.20,5.14,5.16,35230356,184095521
2019-08-21,600115.SH,5.13,5.20,5.12,5.14,24429252,127406808
2019-08-22,600115.SH,5.17,5.17,5.09,5.12,24110116,124757162
2019-08-23,600115.SH,5.11,5.14,5.04,5.10,27046346,139225268
2019-08-26,600115.SH,4.96,5.07,4.95,5.03,28423008,144476770
2019-08-27,600115.SH,5.09,5.14,5.05,5.09,37264812,192639553
2019-08-28,600115.SH,5.11,5.12,5.04,5.06,24255429,124513013
2019-08-29,600115.SH,5.07,5.10,5.02,5.05,24196672,123746345
2019-08-30,600115.SH,5.09,5.11,5.00,5.01,27875921,142476370
2019-09-02,600115.SH,5.01,5.12,4.99,5.09,32654696,167470601
2019-09-03,600115.SH,5.08,5.13,5.06,5.11,33806549,174190769
2019-09-04,600115.SH,5.11,5.20,5.09,5.20,51568669,269213165
2019-09-05,600115.SH,5.22,5.49,5.19,5.42,106906678,578436255
2019-09-06,600115.SH,5.39,5.44,5.35,5.41,48452638,264177282
2019-09-09,600115.SH,5.49,5.52,5.39,5.43,52661122,289318078
2019-09-10,600115.SH,5.43,5.43,5.32,5.38,34956474,189580394
2019-09-11,600115.SH,5.39,5.42,5.34,5.36,28880330,156805627
2019-09-12,600115.SH,5.42,5.53,5.39,5.46,57448589,316263886
2019-09-16,600115.SH,5.38,5.43,5.32,5.40,56488888,306642842
2019-09-17,600115.SH,5.35,5.35,5.23,5.26,42408857,226546480
2019-09-18,600115.SH,5.31,5.37,5.31,5.32,30782631,166266526
2019-09-19,600115.SH,5.37,5.38,5.32,5.37,22594642,122242506
2019-09-20,600115.SH,5.39,5.39,5.33,5.37,25277522,136808348
2019-09-23,600115.SH,5.34,5.35,5.26,5.30,17871158,95606629
2019-09-24,600115.SH,5.31,5.32,5.27,5.31,16380387,87824679
2019-09-25,600115.SH,5.30,5.32,5.24,5.26,17691587,94254957
2019-09-26,600115.SH,5.27,5.30,5.20,5.20,21127451,112158423
2019-09-27,600115.SH,5.20,5.20,5.13,5.16,18133102,94698195
2019-09-30,600115.SH,5.17,5.17,5.10,5.12,15899760,82540359
2019-10-08,600115.SH,5.13,5.15,5.07,5.08,13989612,72378218
2019-10-09,600115.SH,5.03,5.09,5.00,5.08,16050132,81920461
2019-10-10,600115.SH,5.08,5.30,5.07,5.26,44211443,233808975
2019-10-11,600115.SH,5.26,5.34,5.22,5.31,37332148,199954897
2019-10-14,600115.SH,5.36,5.42,5.33,5.37,40853773,222195908
2019-10-15,600115.SH,5.37,5.40,5.34,5.38,25458523,138325494
2019-10-16,600115.SH,5.37,5.46,5.35,5.38,30339095,165904268
2019-10-17,600115.SH,5.39,5.45,5.39,5.42,26167167,143561701
2019-10-18,600115.SH,5.47,5.49,5.24,5.24,24912145,134334417
2019-10-21,600115.SH,5.27,5.27,5.17,5.21,15120416,79652651
2019-10-22,600115.SH,5.23,5.24,5.13,5.19,17480933,91377964
2019-10-23,600115.SH,5.17,5.19,5.12,5.14,15012593,78108992
2019-10-24,600115.SH,5.13,5.16,5.09,5.12,16801211,87053862
2019-10-25,600115.SH,5.12,5.12,5.04,5.10,43638453,223617232
2019-10-28,600115.SH,5.10,5.22,5.08,5.20,34393360,179838994
2019-10-29,600115.SH,5.21,5.21,5.12,5.13,21533983,112136483
2019-10-30,600115.SH,5.16,5.17,5.11,5.13,16004500,83108608
2019-10-31,600115.SH,5.18,5.19,5.10,5.12,15965724,82846224
2019-11-01,600115.SH,5.10,5.24,5.04,5.23,34034246,178622873
2019-11-04,600115.SH,5.24,5.50,5.22,5.48,92529971,506628766
2019-11-05,600115.SH,5.46,5.48,5.35,5.47,53268981,292001919
2019-11-06,600115.SH,5.51,5.58,5.35,5.38,48389610,267017860
2019-11-07,600115.SH,5.40,5.42,5.31,5.38,29537596,160726735
2019-11-08,600115.SH,5.50,5.53,5.33,5.34,39957977,218751988
2019-11-11,600115.SH,5.27,5.31,5.15,5.17,33884171,179172969
2019-11-12,600115.SH,5.17,5.19,5.11,5.14,26459690,137659371
2019-11-13,600115.SH,5.11,5.14,5.08,5.12,26814724,138438973
2019-11-14,600115.SH,5.12,5.14,5.09,5.13,16664503,86205813
2019-11-15,600115.SH,5.15,5.17,5.08,5.08,19261810,99477617
2019-11-18,600115.SH,5.06,5.13,5.04,5.11,15479918,79670609
2019-11-19,600115.SH,5.10,5.13,5.06,5.13,29078188,149971076
2019-11-20,600115.SH,5.11,5.11,5.05,5.07,24907656,127870720
2019-11-21,600115.SH,5.04,5.07,5.02,5.06,20192270,102992471
2019-11-22,600115.SH,5.06,5.10,5.00,5.03,32598928,166151169
2019-11-25,600115.SH,5.03,5.18,5.01,5.15,44010625,227512097
2019-11-26,600115.SH,5.14,5.14,5.10,5.12,27676680,143282576
2019-11-27,600115.SH,5.12,5.12,5.05,5.07,24236707,124574440
2019-11-28,600115.SH,5.07,5.09,5.03,5.06,22742760,116228727
2019-11-29,600115.SH,5.06,5.09,5.02,5.06,13640775,69750379
2019-12-02,600115.SH,5.07,5.11,5.05,5.08,15517391,79804388
2019-12-03,600115.SH,5.06,5.07,5.01,5.05,13051455,66642113
2019-12-04,600115.SH,5.02,5.03,4.98,5.00,38418822,194275247
2019-12-05,600115.SH,5.02,5.04,4.99,5.02,27505869,139623188
2019-12-06,600115.SH,5.02,5.06,5.00,5.05,21755197,110768411
2019-12-09,600115.SH,5.05,5.08,5.02,5.06,18999154,97126756
2019-12-10,600115.SH,5.05,5.05,5.02,5.04,17899403,91198182
2019-12-11,600115.SH,5.05,5.31,5.03,5.21,106003987,558317745
2019-12-12,600115.SH,5.22,5.23,5.15,5.19,24276712,127238922
2019-12-13,600115.SH,5.40,5.44,5.27,5.39,110317562,599011757
2019-12-16,600115.SH,5.34,5.39,5.31,5.36,38606661,208478547
2019-12-17,600115.SH,5.34,5.49,5.32,5.42,55819736,305827171
2019-12-18,600115.SH,5.45,5.45,5.36,5.38,38345493,209798251
2019-12-19,600115.SH,5.42,5.53,5.40,5.44,32200898,177823409
2019-12-20,600115.SH,5.45,5.47,5.38,5.39,22141415,121227664
2019-12-23,600115.SH,5.39,5.41,5.28,5.28,27387682,147992753
2019-12-24,600115.SH,5.31,5.33,5.22,5.30,23087573,123227822
2019-12-25,600115.SH,5.31,5.40,5.29,5.40,24984617,135368463
2019-12-26,600115.SH,5.37,5.42,5.37,5.42,16260457,88707606
2019-12-27,600115.SH,5.40,5.60,5.39,5.53,64562706,361214187
2019-12-30,600115.SH,5.52,5.86,5.49,5.76,81930915,472917280
2019-12-31,600115.SH,5.74,5.82,5.65,5.75,55559992,321615952
2020-01-02,600115.SH,5.77,5.83,5.75,5.80,41940370,245255370
2020-01-03,600115.SH,5.80,5.83,5.58,5.62,88411097,506493637
2020-01-06,600115.SH,5.52,5.52,5.38,5.46,96445700,530660424
2020-01-07,600115.SH,5.48,5.57,5.47,5.56,59049177,329082910
2020-01-08,600115.SH,5.43,5.50,5.40,5.43,45533359,250513720
2020-01-09,600115.SH,5.56,5.64,5.51,5.64,69750362,393725955
2020-01-10,600115.SH,5.65,5.69,5.55,5.60,35862231,203405625
2020-01-13,600115.SH,5.60,5.67,5.53,5.62,35029427,198361966
2020-01-14,600115.SH,5.74,5.78,5.66,5.67,71249851,412060810
2020-01-15,600115.SH,5.60,5.64,5.52,5.60,38251050,215488119
2020-01-16,600115.SH,5.63,5.63,5.50,5.51,30656903,171703282
2020-01-17,600115.SH,5.52,5.54,5.45,5.49,21432817,118951580
2020-01-20,600115.SH,5.42,5.42,5.21,5.32,86445238,462600343
2020-01-21,600115.SH,5.25,5.27,5.14,5.16,85826922,451085607
2020-01-22,600115.SH,5.11,5.23,5.09,5.22,47768540,249591680
2020-01-23,600115.SH,5.10,5.14,4.99,5.04,74164645,380764748
2020-02-03,600115.SH,4.54,4.54,4.54,4.54,19355200,88840368
2020-02-04,600115.SH,4.18,4.51,4.18,4.38,113092564,498330933
2020-02-05,600115.SH,4.41,4.55,4.41,4.51,91101749,413542528
2020-02-06,600115.SH,4.57,4.68,4.46,4.65,91623487,422512939
2020-02-07,600115.SH,4.60,4.68,4.55,4.67,54213429,252026666
2020-02-10,600115.SH,4.59,4.66,4.56,4.65,50974991,237825002
2020-02-11,600115.SH,4.65,4.81,4.65,4.76,57843762,277805564
2020-02-12,600115.SH,4.76,4.79,4.68,4.79,43349100,207783273
2020-02-13,600115.SH,4.75,4.84,4.72,4.73,50098725,241683534
2020-02-14,600115.SH,4.73,4.79,4.70,4.79,25658349,123276081
2020-02-17,600115.SH,4.79,4.87,4.77,4.87,46017093,224150313
2020-02-18,600115.SH,4.87,4.90,4.81,4.86,31243634,153109036
2020-02-19,600115.SH,4.85,5.02,4.83,4.90,63494098,316500984
2020-02-20,600115.SH,4.97,5.04,4.92,5.01,76372685,384259976
2020-02-21,600115.SH,4.97,4.97,4.92,4.96,63176287,315965588
2020-02-24,600115.SH,4.93,4.93,4.75,4.80,98460741,478066781
2020-02-25,600115.SH,4.68,4.72,4.56,4.71,94020861,441206917
2020-02-26,600115.SH,4.60,4.75,4.59,4.68,72677440,344145079
2020-02-27,600115.SH,4.71,4.73,4.66,4.68,34653217,164141872
2020-02-28,600115.SH,4.58,4.61,4.46,4.49,82248475,375359745
2020-03-02,600115.SH,4.48,4.60,4.48,4.59,44197590,203756558
2020-03-03,600115.SH,4.64,4.70,4.59,4.61,51331990,240915480
2020-03-04,600115.SH,4.61,4.69,4.58,4.68,48850808,229398073
2020-03-05,600115.SH,4.73,4.79,4.68,4.77,73816671,353792658
2020-03-06,600115.SH,4.70,4.71,4.64,4.67,51164707,241657574
2020-03-09,600115.SH,4.77,4.84,4.65,4.74,143287909,687521518
2020-03-10,600115.SH,4.68,4.78,4.60,4.77,94161628,446650295
2020-03-11,600115.SH,4.79,4.92,4.73,4.82,114199711,557260483
2020-03-12,600115.SH,4.74,4.74,4.62,4.65,71667875,338445709
2020-03-13,600115.SH,4.44,4.62,4.36,4.57,64506884,292977246
2020-03-16,600115.SH,4.60,4.63,4.41,4.43,52959681,242133939
2020-03-17,600115.SH,4.40,4.49,4.23,4.33,61670439,270575075
2020-03-18,600115.SH,4.33,4.39,4.20,4.21,51338211,223548679
2020-03-19,600115.SH,4.17,4.20,4.02,4.05,75609064,311809661
2020-03-20,600115.SH,4.09,4.16,4.04,4.12,53407443,221705134
2020-03-23,600115.SH,4.00,4.05,3.97,3.99,52755149,213214840
2020-03-24,600115.SH,4.05,4.07,3.99,4.04,31822009,129769578
2020-03-25,600115.SH,4.18,4.30,4.15,4.25,77119302,329806924
2020-03-26,600115.SH,4.23,4.26,4.18,4.22,36736105,156764837
2020-03-27,600115.SH,4.30,4.30,4.15,4.16,49592058,210441050
2020-03-30,600115.SH,4.09,4.12,4.02,4.09,32167196,132276396
2020-03-31,600115.SH,4.14,4.15,4.05,4.08,24722702,102240225
2020-04-01,600115.SH,4.07,4.13,4.05,4.08,25586866,106217420
2020-04-02,600115.SH,4.06,4.12,4.04,4.12,24083690,99536482
2020-04-03,600115.SH,4.11,4.11,4.06,4.08,20807304,85925711
2020-04-07,600115.SH,4.11,4.15,4.08,4.15,48975054,204219056
2020-04-08,600115.SH,4.14,4.24,4.12,4.22,53543717,227372766
2020-04-09,600115.SH,4.25,4.27,4.22,4.23,35392959,151797812
2020-04-10,600115.SH,4.24,4.24,4.19,4.21,25555654,109015133
2020-04-13,600115.SH,4.20,4.20,4.13,4.13,25190820,105780989
2020-04-14,600115.SH,4.15,4.17,4.11,4.16,29165303,122039978
2020-04-15,600115.SH,4.16,4.24,4.13,4.20,42668852,181249130
2020-04-16,600115.SH,4.16,4.19,4.15,4.17,20035110,84439658
2020-04-17,600115.SH,4.21,4.26,4.18,4.21,51960200,222258316
2020-04-20,600115.SH,4.20,4.23,4.17,4.18,31008793,131508250
2020-04-21,600115.SH,4.16,4.18,4.06,4.10,37977153,157797575
2020-04-22,600115.SH,4.08,4.18,4.06,4.18,32776939,136774302
2020-04-23,600115.SH,4.17,4.19,4.13,4.16,23434792,98600281
2020-04-24,600115.SH,4.16,4.16,4.07,4.08,25796234,106904472
2020-04-27,600115.SH,4.08,4.10,4.05,4.05,19543800,80572536
2020-04-28,600115.SH,4.06,4.08,3.99,4.06,24312184,99551086
2020-04-29,600115.SH,4.05,4.15,4.04,4.11,23890241,99350609
2020-04-30,600115.SH,4.29,4.37,4.25,4.33,93814421,408714827
2020-05-06,600115.SH,4.17,4.25,4.15,4.23,53018872,224769690
2020-05-07,600115.SH,4.22,4.22,4.15,4.16,31935996,134871015
2020-05-08,600115.SH,4.17,4.20,4.17,4.19,21322497,90309109
2020-05-11,600115.SH,4.21,4.25,4.19,4.22,23719424,101304534
2020-05-12,600115.SH,4.19,4.20,4.15,4.17,19053823,80466678
2020-05-13,600115.SH,4.14,4.15,4.13,4.15,20764313,86942039
2020-05-14,600115.SH,4.12,4.14,4.07,4.09,20132910,83643527
2020-05-15,600115.SH,4.10,4.11,4.06,4.07,16299766,67303862
2020-05-18,600115.SH,4.08,4.10,4.02,4.07,22504206,92472588
2020-05-19,600115.SH,4.16,4.22,4.14,4.16,40302038,170127769
2020-05-20,600115.SH,4.13,4.15,4.05,4.06,36265811,150535472
2020-05-21,600115.SH,4.09,4.09,4.04,4.06,18364300,75526964
2020-05-22,600115.SH,4.07,4.07,4.02,4.04,18979668,77690196
2020-05-25,600115.SH,4.06,4.07,4.02,4.03,17449063,71284083
2020-05-26,600115.SH,4.04,4.05,4.02,4.05,16296397,66606664
2020-05-27,600115.SH,4.09,4.14,4.09,4.11,35336753,147202385
2020-05-28,600115.SH,4.10,4.15,4.07,4.09,20336700,84368779
2020-05-29,600115.SH,4.09,4.11,4.05,4.11,20927116,86374975
2020-06-01,600115.SH,4.11,4.18,4.09,4.16,35496361,148599117
2020-06-02,600115.SH,4.17,4.19,4.14,4.17,27224906,114877402
2020-06-03,600115.SH,4.20,4.26,4.17,4.19,41993634,179200025
2020-06-04,600115.SH,4.16,4.21,4.14,4.18,33351309,140840196
2020-06-05,600115.SH,4.25,4.52,4.23,4.45,145101187,648899916
2020-06-08,600115.SH,4.52,4.62,4.41,4.50,84004463,384738568
2020-06-09,600115.SH,4.55,4.66,4.54,4.60,60698075,281971730
2020-06-10,600115.SH,4.54,4.54,4.43,4.44,55203079,248919567
2020-06-11,600115.SH,4.39,4.40,4.30,4.32,45946424,202362993
2020-06-12,600115.SH,4.20,4.27,4.19,4.25,68675516,294034931
2020-06-15,600115.SH,4.32,4.32,4.16,4.17,59767568,254410468
2020-06-16,600115.SH,4.21,4.29,4.21,4.24,47064727,202450420
2020-06-17,600115.SH,4.23,4.28,4.20,4.22,28799164,123299170
2020-06-18,600115.SH,4.20,4.25,4.18,4.24,21500611,91846444
2020-06-19,600115.SH,4.28,4.33,4.24,4.26,32522576,140485457
2020-06-22,600115.SH,4.28,4.28,4.19,4.21,47184456,201471680
2020-06-23,600115.SH,4.21,4.21,4.17,4.19,19408983,82299053
2020-06-24,600115.SH,4.20,4.22,4.19,4.20,17443491,74136084
2020-06-29,600115.SH,4.17,4.17,4.13,4.14,22568787,94737294
2020-06-30,600115.SH,4.19,4.20,4.15,4.17,24196323,102293403
2020-07-01,600115.SH,4.17,4.20,4.15,4.20,24105358,101837233
2020-07-02,600115.SH,4.20,4.42,4.19,4.37,81085562,354720050
2020-07-03,600115.SH,4.40,4.48,4.33,4.39,68261050,303192785
2020-07-06,600115.SH,4.39,4.65,4.38,4.65,136016401,626202729
2020-07-07,600115.SH,4.74,4.83,4.56,4.56,139252303,657000472
2020-07-08,600115.SH,4.53,4.75,4.46,4.69,110750379,514382377
2020-07-09,600115.SH,4.69,4.74,4.61,4.71,83811087,395695346
2020-07-10,600115.SH,4.65,4.69,4.56,4.58,69711541,325733467
2020-07-13,600115.SH,4.58,4.67,4.51,4.63,82653557,383577866
2020-07-14,600115.SH,4.62,4.65,4.50,4.55,61921298,286014282
2020-07-15,600115.SH,4.64,4.73,4.55,4.58,109073688,513559851
2020-07-16,600115.SH,4.62,4.64,4.41,4.43,82628886,378076903
2020-07-17,600115.SH,4.43,4.46,4.33,4.36,59689925,264779672
2020-07-20,600115.SH,4.37,4.55,4.36,4.53,65453387,293791698
2020-07-21,600115.SH,4.54,4.63,4.49,4.53,45487312,208893099
2020-07-22,600115.SH,4.51,4.67,4.50,4.59,77131326,359297731
2020-07-23,600115.SH,4.55,4.59,4.43,4.54,51368334,234511172
2020-07-24,600115.SH,4.52,4.52,4.36,4.37,56487038,252544789
2020-07-27,600115.SH,4.39,4.41,4.28,4.32,38007592,166114607
2020-07-28,600115.SH,4.34,4.35,4.30,4.32,31468780,137686278
2020-07-29,600115.SH,4.32,4.38,4.28,4.37,28756928,126299610
2020-07-30,600115.SH,4.38,4.39,4.33,4.34,24581631,108317119
2020-07-31,600115.SH,4.34,4.39,4.32,4.36,27056869,119158059
2020-08-03,600115.SH,4.38,4.48,4.37,4.48,46146923,207443383
2020-08-04,600115.SH,4.50,4.57,4.41,4.51,50260414,228465570
2020-08-05,600115.SH,4.50,4.51,4.44,4.47,36998942,167203585
2020-08-06,600115.SH,4.51,4.56,4.46,4.53,45112479,203617462
2020-08-07,600115.SH,4.56,4.78,4.52,4.61,81765497,378826819
2020-08-10,600115.SH,4.61,4.65,4.49,4.60,58052451,265113620
2020-08-11,600115.SH,4.66,4.74,4.57,4.58,83681904,390749545
2020-08-12,600115.SH,4.63,5.00,4.62,4.92,255140537,1245681981
2020-08-13,600115.SH,4.90,4.95,4.77,4.92,125519892,609882631
2020-08-14,600115.SH,4.86,4.89,4.80,4.88,69123423,334689442
2020-08-17,600115.SH,4.91,4.98,4.85,4.92,92523487,454874724
2020-08-18,600115.SH,4.95,4.95,4.80,4.85,66860792,324805816
2020-08-19,600115.SH,4.82,4.95,4.67,4.89,98709373,479324599
2020-08-20,600115.SH,4.88,5.15,4.85,4.96,139832274,702452387
2020-08-21,600115.SH,4.95,5.30,4.87,5.15,138953424,711732502
2020-08-24,600115.SH,5.19,5.28,5.04,5.06,99308845,508455983
2020-08-25,600115.SH,5.14,5.29,5.07,5.13,94967580,489655499
2020-08-26,600115.SH,5.12,5.22,4.96,5.00,88668818,448466791
2020-08-27,600115.SH,5.01,5.03,4.85,4.92,66194060,324559868
2020-08-28,600115.SH,4.91,5.01,4.85,4.99,73583321,362836876
2020-08-31,600115.SH,4.98,5.09,4.95,5.05,80802599,405441301
2020-09-01,600115.SH,5.01,5.04,4.95,4.99,46965296,234459634
2020-09-02,600115.SH,4.99,5.01,4.86,4.90,59369455,291328874
2020-09-03,600115.SH,4.91,5.02,4.85,4.90,62607192,309102777
2020-09-04,600115.SH,4.80,5.01,4.76,5.00,62441716,307519256
2020-09-07,600115.SH,5.00,5.18,4.97,5.09,121047572,619591019
2020-09-08,600115.SH,5.14,5.24,5.10,5.17,81300277,420324582
2020-09-09,600115.SH,5.23,5.38,5.20,5.27,146967072,781342014
2020-09-10,600115.SH,5.30,5.36,5.10,5.15,105487411,552550701
2020-09-11,600115.SH,5.10,5.19,5.06,5.15,46881746,240140076
2020-09-14,600115.SH,5.17,5.21,5.10,5.15,48163246,248412784
2020-09-15,600115.SH,5.17,5.39,5.17,5.35,97646666,519554721
2020-09-16,600115.SH,5.31,5.70,5.31,5.55,138065888,767668477
2020-09-17,600115.SH,5.50,5.60,5.45,5.53,68554152,377899933
2020-09-18,600115.SH,5.54,5.55,5.45,5.51,54449877,299044876
2020-09-21,600115.SH,5.51,5.53,5.35,5.41,55136315,298521653
2020-09-22,600115.SH,5.29,5.29,5.10,5.10,104995936,541177797
2020-09-23,600115.SH,5.11,5.15,5.01,5.05,51035503,257588421
2020-09-24,600115.SH,5.00,5.00,4.90,4.90,47753457,235893936
2020-09-25,600115.SH,4.93,4.96,4.86,4.88,33703411,164660815
2020-09-28,600115.SH,4.90,5.02,4.83,4.97,46491746,228939555
2020-09-29,600115.SH,4.99,5.02,4.91,4.94,31675177,157029560
2020-09-30,600115.SH,4.94,4.95,4.86,4.94,27688537,135583417
2020-10-09,600115.SH,5.02,5.03,4.96,4.98,31545638,157468803
2020-10-12,600115.SH,4.98,5.14,4.95,5.09,58090741,292355303
2020-10-13,600115.SH,5.18,5.18,5.01,5.05,61985768,314004493
2020-10-14,600115.SH,5.05,5.05,4.95,4.97,38252837,190340625
2020-10-15,600115.SH,4.93,4.98,4.91,4.94,26039628,128565866
2020-10-16,600115.SH,4.94,4.94,4.85,4.92,28947642,141597833
2020-10-19,600115.SH,4.91,4.97,4.88,4.90,23331415,114656572
2020-10-20,600115.SH,4.92,4.92,4.87,4.90,16446178,80523437
2020-10-21,600115.SH,4.92,5.02,4.89,5.01,44876149,223298548
2020-10-22,600115.SH,4.99,5.01,4.93,4.97,24446170,121344881
2020-10-23,600115.SH,4.99,5.03,4.95,4.97,25656927,128048859
2020-10-26,600115.SH,4.94,4.94,4.84,4.88,26376315,128686542
2020-10-27,600115.SH,4.85,4.85,4.67,4.77,46879244,223624189
2020-10-28,600115.SH,4.76,4.82,4.67,4.79,29275178,138658221
2020-10-29,600115.SH,4.70,4.74,4.63,4.73,29766433,139677967
2020-10-30,600115.SH,4.70,4.76,4.56,4.59,40153973,186407002
2020-11-02,600115.SH,4.57,4.58,4.44,4.46,46805878,209883797
2020-11-03,600115.SH,4.45,4.55,4.45,4.51,36347292,163796165
2020-11-04,600115.SH,4.50,4.56,4.47,4.53,27510205,124238726
2020-11-05,600115.SH,4.60,4.61,4.53,4.59,30954050,141510102
2020-11-06,600115.SH,4.58,4.66,4.55,4.62,38145532,176118695
2020-11-09,600115.SH,4.63,4.86,4.63,4.78,62939638,300633283
2020-11-10,600115.SH,5.15,5.17,4.90,4.93,138303500,697945587
2020-11-11,600115.SH,4.86,4.93,4.80,4.89,50820623,247131189
2020-11-12,600115.SH,4.85,4.95,4.81,4.86,24905975,121762654
2020-11-13,600115.SH,4.83,4.85,4.76,4.82,23778387,114372953
2020-11-16,600115.SH,4.85,4.97,4.85,4.95,46187125,227607561
2020-11-17,600115.SH,5.05,5.07,4.97,4.98,63019640,316148413
2020-11-18,600115.SH,5.01,5.04,4.92,5.01,50086888,250465547
2020-11-19,600115.SH,5.00,5.02,4.95,4.99,23889838,119103726
2020-11-20,600115.SH,4.96,5.05,4.94,5.01,32288259,161737888
2020-11-23,600115.SH,4.94,4.99,4.84,4.94,47072405,231022129
2020-11-24,600115.SH,4.99,5.03,4.94,4.99,34190315,170603491
2020-11-25,600115.SH,5.05,5.08,4.93,4.94,39348150,196654076
2020-11-26,600115.SH,4.92,4.98,4.91,4.94,24482009,121027056
2020-11-27,600115.SH,4.96,5.01,4.92,4.99,27486525,136453533
2020-11-30,600115.SH,5.01,5.10,4.98,4.98,66450747,335185674
2020-12-01,600115.SH,4.97,5.16,4.97,5.13,91280313,464703982
2020-12-02,600115.SH,5.12,5.17,5.07,5.14,43466366,222640571
2020-12-03,600115.SH,5.14,5.17,5.10,5.16,33815614,173687770
2020-12-04,600115.SH,5.21,5.23,5.04,5.06,47443340,241565035
2020-12-07,600115.SH,5.07,5.08,4.95,4.96,35299003,176336800
2020-12-08,600115.SH,4.97,4.99,4.91,4.93,22189688,109612118
2020-12-09,600115.SH,4.95,4.95,4.87,4.89,33149658,162512935
2020-12-10,600115.SH,4.86,4.90,4.80,4.83,29515940,142983641
2020-12-11,600115.SH,4.84,4.85,4.77,4.82,30835486,148153780
2020-12-14,600115.SH,4.82,4.83,4.72,4.74,31550069,149951426
2020-12-15,600115.SH,4.74,4.74,4.65,4.68,30710934,143509068
2020-12-16,600115.SH,4.68,4.78,4.60,4.71,40604342,190278741
2020-12-17,600115.SH,4.69,4.78,4.65,4.77,30464806,143966139
2020-12-18,600115.SH,4.77,4.80,4.74,4.77,24358617,116230238
2020-12-21,600115.SH,4.74,4.75,4.62,4.68,38175236,178570875
2020-12-22,600115.SH,4.63,4.66,4.52,4.54,63250898,290024767
2020-12-23,600115.SH,4.52,4.56,4.51,4.52,40218685,182207624
2020-12-24,600115.SH,4.53,4.58,4.52,4.56,20571208,93635112
2020-12-25,600115.SH,4.56,4.59,4.53,4.58,19413619,88576939
2020-12-28,600115.SH,4.54,4.54,4.45,4.47,41201788,184716778
2020-12-29,600115.SH,4.47,4.55,4.47,4.52,19516036,88223484
2020-12-30,600115.SH,4.51,4.54,4.48,4.53,19344809,87373415
2020-12-31,600115.SH,4.54,4.71,4.52,4.68,49768728,230088843
2021-01-04,600115.SH,4.64,4.65,4.57,4.62,41549709,191096217
2021-01-05,600115.SH,4.58,4.61,4.50,4.61,40063442,182343305
2021-01-06,600115.SH,4.59,4.64,4.56,4.61,30978193,142319511
2021-01-07,600115.SH,4.58,4.62,4.50,4.53,37038530,168356171
2021-01-08,600115.SH,4.52,4.60,4.51,4.59,24882312,113641898
2021-01-11,600115.SH,4.55,4.59,4.47,4.49,37556785,169705620
2021-01-12,600115.SH,4.48,4.55,4.46,4.55,26980206,121589103
2021-01-13,600115.SH,4.54,4.61,4.50,4.60,34339929,156707822
2021-01-14,600115.SH,4.58,4.65,4.56,4.61,30927244,142546052
2021-01-15,600115.SH,4.60,4.64,4.56,4.58,28500606,131011425
2021-01-18,600115.SH,4.56,4.59,4.52,4.58,26106130,119077497
2021-01-19,600115.SH,4.57,4.70,4.54,4.65,36097409,167658579
2021-01-20,600115.SH,4.64,4.68,4.57,4.61,29778378,137535685
2021-01-21,600115.SH,4.56,4.60,4.55,4.58,25164958,115145958
2021-01-22,600115.SH,4.56,4.57,4.48,4.51,29834073,134647749
2021-01-25,600115.SH,4.48,4.49,4.43,4.46,30474849,135894525
2021-01-26,600115.SH,4.46,4.54,4.44,4.52,32002371,143708347
2021-01-27,600115.SH,4.52,4.58,4.50,4.54,26526739,120262053
2021-01-28,600115.SH,4.53,4.53,4.46,4.49,18563882,83467362
2021-01-29,600115.SH,4.53,4.69,4.50,4.59,50617037,232679633
2021-02-01,600115.SH,4.51,4.72,4.43,4.71,67370060,312417252
2021-02-02,600115.SH,4.62,4.71,4.60,4.62,35496022,165067533
2021-02-03,600115.SH,4.63,4.65,4.55,4.58,27445014,125694263
2021-02-04,600115.SH,4.56,4.61,4.45,4.50,30332631,137013566
2021-02-05,600115.SH,4.50,4.75,4.49,4.71,76193737,353962770
2021-02-08,600115.SH,4.70,4.87,4.68,4.85,73479936,353075317
2021-02-09,600115.SH,4.82,4.84,4.74,4.80,38918245,186057231
2021-02-10,600115.SH,4.77,4.79,4.72,4.75,23714360,112563523
2021-02-18,600115.SH,4.85,4.92,4.78,4.84,46716991,226687981
2021-02-19,600115.SH,4.84,4.93,4.80,4.87,43282923,210772983
2021-02-22,600115.SH,4.88,4.95,4.82,4.92,54834231,268792407
2021-02-23,600115.SH,4.91,5.10,4.89,5.02,80895573,406629620
2021-02-24,600115.SH,5.06,5.14,4.81,4.91,75679192,375830271
2021-02-25,600115.SH,4.95,5.02,4.83,4.87,54544624,267243493
2021-02-26,600115.SH,4.80,4.88,4.72,4.72,54907102,262431043
2021-03-01,600115.SH,4.74,4.84,4.72,4.77,35595989,170048476
2021-03-02,600115.SH,4.81,4.82,4.71,4.74,28357089,134940878
2021-03-03,600115.SH,4.73,4.96,4.71,4.92,55718792,271809958
2021-03-04,600115.SH,4.88,4.96,4.88,4.92,31703608,156076204
2021-03-05,600115.SH,4.89,4.92,4.79,4.88,32696180,159102654
2021-03-08,600115.SH,4.89,5.01,4.81,4.82,33740424,165414979
2021-03-09,600115.SH,4.89,5.07,4.83,5.00,91822666,456803386
2021-03-10,600115.SH,4.96,5.04,4.91,4.91,51619881,255892873
2021-03-11,600115.SH,4.94,5.09,4.92,5.02,63425351,317702067
2021-03-12,600115.SH,5.01,5.05,4.96,5.05,40364085,202652384
2021-03-15,600115.SH,5.08,5.56,5.08,5.45,208915939,1126808502
2021-03-16,600115.SH,5.42,5.65,5.22,5.60,173710328,946794996
2021-03-17,600115.SH,5.50,5.56,5.37,5.46,85983463,469090085
2021-03-18,600115.SH,5.46,5.59,5.42,5.52,87664964,483588029
2021-03-19,600115.SH,5.44,5.49,5.33,5.42,63033440,340338692
2021-03-22,600115.SH,5.38,5.65,5.37,5.57,69926429,389046492
2021-03-23,600115.SH,5.53,5.70,5.51,5.57,91001541,510241017
2021-03-24,600115.SH,5.50,5.51,5.24,5.25,83811563,448664724
2021-03-25,600115.SH,5.25,5.37,5.22,5.29,45123276,239331638
2021-03-26,600115.SH,5.30,5.81,5.30,5.64,137244651,775083462
2021-03-29,600115.SH,5.66,5.73,5.50,5.54,78511063,438891129
2021-03-30,600115.SH,5.51,5.55,5.46,5.51,41719954,229466316
2021-03-31,600115.SH,5.45,5.54,5.42,5.46,37918957,207240977
2021-04-01,600115.SH,5.42,5.44,5.24,5.37,56417714,301336078
2021-04-02,600115.SH,5.37,5.42,5.31,5.39,34547297,185671918
2021-04-06,600115.SH,5.43,5.45,5.26,5.30,39088000,208077369
2021-04-07,600115.SH,5.30,5.66,5.29,5.64,105006672,576113306
2021-04-08,600115.SH,5.60,5.74,5.53,5.73,73570334,416074899
2021-04-09,600115.SH,5.72,5.74,5.53,5.55,42020785,235859865
2021-04-12,600115.SH,5.55,5.62,5.45,5.54,34485177,190915302
2021-04-13,600115.SH,5.58,5.61,5.39,5.48,38543405,211543533
2021-04-14,600115.SH,5.45,5.70,5.45,5.54,48266305,268362851
2021-04-15,600115.SH,5.52,5.62,5.45,5.59,34383880,191009463
2021-04-16,600115.SH,5.58,5.81,5.54,5.71,67611996,384617840
2021-04-19,600115.SH,5.75,5.92,5.66,5.78,71123196,413725781
2021-04-20,600115.SH,5.71,5.83,5.70,5.75,39767832,228624098
2021-04-21,600115.SH,5.68,5.69,5.57,5.62,38093489,214123236
2021-04-22,600115.SH,5.66,5.68,5.57,5.61,25354014,142255922
2021-04-23,600115.SH,5.58,5.64,5.50,5.54,38300200,212689428
2021-04-26,600115.SH,5.53,5.63,5.45,5.51,30655605,169485295
2021-04-27,600115.SH,5.50,5.54,5.37,5.41,26988588,146525138
2021-04-28,600115.SH,5.41,5.45,5.24,5.36,51434627,273707853
2021-04-29,600115.SH,5.35,5.43,5.28,5.38,28815726,154175644
2021-04-30,600115.SH,5.30,5.32,5.16,5.22,40859383,213425471
2021-05-06,600115.SH,5.18,5.27,5.15,5.20,28453105,147870714
2021-05-07,600115.SH,5.22,5.27,5.18,5.18,30477403,159233005
2021-05-10,600115.SH,5.18,5.19,5.06,5.10,32799611,167133211
2021-05-11,600115.SH,5.09,5.25,5.06,5.22,28834343,148894081
2021-05-12,600115.SH,5.20,5.27,5.12,5.14,31096519,160427786
2021-05-13,600115.SH,5.12,5.19,5.10,5.17,21599258,111227055
2021-05-14,600115.SH,5.17,5.31,5.13,5.26,37889023,198211808
2021-05-17,600115.SH,5.25,5.39,5.20,5.38,39852797,211349355
2021-05-18,600115.SH,5.37,5.54,5.32,5.53,34600664,188446072
2021-05-19,600115.SH,5.53,5.53,5.41,5.49,23195368,126865128
2021-05-20,600115.SH,5.49,5.62,5.43,5.58,28098325,155506612
2021-05-21,600115.SH,5.57,5.70,5.50,5.62,30691851,172248529
2021-05-24,600115.SH,5.64,5.68,5.57,5.68,34460379,194293277
2021-05-25,600115.SH,5.67,5.74,5.59,5.72,36900157,209602321
2021-05-26,600115.SH,5.73,5.78,5.62,5.72,40318521,229664051
2021-05-27,600115.SH,5.70,5.79,5.61,5.71,58436671,332478465
2021-05-28,600115.SH,5.70,5.70,5.54,5.60,38720234,216743077
2021-05-31,600115.SH,5.59,5.59,5.37,5.42,43578582,236615486
2021-06-01,600115.SH,5.41,5.41,5.29,5.39,42610703,227163967
2021-06-02,600115.SH,5.35,5.40,5.30,5.33,36883586,197038612
2021-06-03,600115.SH,5.36,5.38,5.30,5.31,28186370,150408723
2021-06-04,600115.SH,5.29,5.33,5.25,5.29,25581941,135244135
2021-06-07,600115.SH,5.28,5.29,5.19,5.23,28836426,150829769
2021-06-08,600115.SH,5.24,5.28,5.19,5.27,32354896,169292709
2021-06-09,600115.SH,5.27,5.27,5.18,5.18,37837063,196945094
2021-06-10,600115.SH,5.20,5.26,5.18,5.25,32493440,169742504
2021-06-11,600115.SH,5.26,5.26,5.13,5.24,43684092,226175770
2021-06-15,600115.SH,5.23,5.23,5.13,5.14,19557160,100957304
2021-06-16,600115.SH,5.14,5.15,5.09,5.10,17623086,90143026
2021-06-17,600115.SH,5.11,5.18,5.08,5.17,19067912,97974639
2021-06-18,600115.SH,5.18,5.24,5.13,5.23,20097870,104306371
2021-06-21,600115.SH,5.19,5.24,5.14,5.16,19579173,101413279
2021-06-22,600115.SH,5.19,5.22,5.10,5.15,20426131,105224210
2021-06-23,600115.SH,5.15,5.21,5.11,5.20,25283614,130089248
2021-06-24,600115.SH,5.18,5.27,5.16,5.20,22773028,118750608
2021-06-25,600115.SH,5.20,5.22,5.15,5.20,19259939,99820328
2021-06-28,600115.SH,5.21,5.21,5.10,5.14,25436320,130635887
2021-06-29,600115.SH,5.11,5.12,5.04,5.08,28526143,144784198
2021-06-30,600115.SH,5.07,5.11,5.06,5.08,11813689,60025822
2021-07-01,600115.SH,5.08,5.10,5.04,5.07,14673982,74347068
2021-07-02,600115.SH,5.07,5.09,5.01,5.03,14773765,74551964
2021-07-05,600115.SH,5.03,5.04,4.93,4.96,24010532,119198645
2021-07-06,600115.SH,4.92,5.01,4.91,4.93,22209749,109747053
2021-07-07,600115.SH,4.93,5.02,4.92,5.00,22267065,110417393
2021-07-08,600115.SH,4.98,5.00,4.91,4.99,33361184,165361388
2021-07-09,600115.SH,4.96,4.97,4.90,4.92,32634033,160813032
2021-07-12,600115.SH,4.92,4.93,4.79,4.80,41180551,199104679
2021-07-13,600115.SH,4.78,4.90,4.76,4.87,25320374,122627619
2021-07-14,600115.SH,4.86,4.86,4.76,4.78,23351473,111917863
2021-07-15,600115.SH,4.81,4.81,4.74,4.80,12273692,58651012
2021-07-16,600115.SH,4.79,4.99,4.78,4.97,43875410,215782143
2021-07-19,600115.SH,5.00,5.06,4.91,5.05,24639104,123201015
2021-07-20,600115.SH,5.00,5.10,4.99,5.05,21239278,107160040
2021-07-21,600115.SH,5.02,5.06,4.95,4.98,21037802,104821444
2021-07-22,600115.SH,4.96,4.99,4.94,4.97,11152238,55431553
2021-07-23,600115.SH,4.98,4.98,4.88,4.90,15118375,74157459
2021-07-26,600115.SH,4.87,4.89,4.80,4.84,18712444,90518123
2021-07-27,600115.SH,4.86,4.87,4.78,4.82,18681957,90249065
2021-07-28,600115.SH,4.83,4.83,4.61,4.71,21307077,100235269
2021-07-29,600115.SH,4.70,4.73,4.59,4.61,23607466,109534462
2021-07-30,600115.SH,4.58,4.58,4.40,4.41,41443694,184667007
2021-08-02,600115.SH,4.31,4.46,4.23,4.42,47307388,204959032
2021-08-03,600115.SH,4.42,4.47,4.37,4.46,18411991,81618653
2021-08-04,600115.SH,4.47,4.47,4.38,4.40,15747382,69333045
2021-08-05,600115.SH,4.35,4.42,4.35,4.37,16905330,74170741
2021-08-06,600115.SH,4.39,4.41,4.30,4.32,19859158,85932364
2021-08-09,600115.SH,4.31,4.42,4.29,4.41,16962469,74331637
2021-08-10,600115.SH,4.41,4.42,4.36,4.41,10351775,45519385
2021-08-11,600115.SH,4.41,4.50,4.40,4.45,14275035,63666438
2021-08-12,600115.SH,4.46,4.54,4.40,4.43,24651179,110279171
2021-08-13,600115.SH,4.44,4.47,4.35,4.42,40265664,177261330
2021-08-16,600115.SH,4.44,4.51,4.42,4.50,23729291,106362219
2021-08-17,600115.SH,4.50,4.87,4.50,4.65,62951157,295306118
2021-08-18,600115.SH,4.72,4.80,4.62,4.71,31359945,148030605
2021-08-19,600115.SH,4.71,4.80,4.61,4.74,25276775,118958850
2021-08-20,600115.SH,4.71,4.74,4.49,4.63,52307251,239718628
2021-08-23,600115.SH,4.61,4.67,4.57,4.62,19527818,90092828
2021-08-24,600115.SH,4.62,4.65,4.56,4.61,18695967,86207045
2021-08-25,600115.SH,4.61,4.72,4.61,4.69,27161300,127179778
2021-08-26,600115.SH,4.69,4.73,4.65,4.69,17680085,83021334
2021-08-27,600115.SH,4.68,4.71,4.63,4.66,12061281,56188295
2021-08-30,600115.SH,4.65,4.68,4.58,4.64,17232878,79866825
2021-08-31,600115.SH,4.63,4.72,4.60,4.70,20282740,95233026
2021-09-01,600115.SH,4.72,4.80,4.69,4.77,25693412,122095938
2021-09-02,600115.SH,4.78,4.81,4.73,4.79,21960740,104802656
2021-09-03,600115.SH,4.79,4.90,4.73,4.85,31107206,150321143
2021-09-06,600115.SH,4.83,4.91,4.81,4.87,21692748,105663977
2021-09-07,600115.SH,4.87,4.93,4.85,4.91,22440832,109978101
2021-09-08,600115.SH,4.90,4.99,4.90,4.97,23314883,115663623
2021-09-09,600115.SH,4.95,5.09,4.95,5.05,44234041,223493430
2021-09-10,600115.SH,5.10,5.22,5.04,5.05,53702564,275071624
2021-09-13,600115.SH,4.98,5.09,4.84,5.00,38851193,193234878
2021-09-14,600115.SH,4.98,5.01,4.78,4.80,56619056,275949634
2021-09-15,600115.SH,4.78,4.80,4.68,4.74,34494308,162974728
2021-09-16,600115.SH,4.73,4.78,4.57,4.59,49660151,231129243
2021-09-17,600115.SH,4.59,4.70,4.57,4.66,34419626,158917872
2021-09-22,600115.SH,4.63,4.68,4.60,4.66,21438193,99262178
2021-09-23,600115.SH,4.68,4.78,4.68,4.74,33240392,157425424
2021-09-24,600115.SH,4.75,4.82,4.73,4.75,21629550,103303660
2021-09-27,600115.SH,4.73,4.78,4.66,4.69,19891142,93503024
2021-09-28,600115.SH,4.68,4.76,4.65,4.75,17126859,80889322
2021-09-29,600115.SH,4.74,4.74,4.64,4.65,17422565,81364058
2021-09-30,600115.SH,4.70,4.72,4.65,4.71,15353010,72000162
2021-10-08,600115.SH,4.86,4.93,4.78,4.90,54087178,263741157
2021-10-11,600115.SH,4.89,5.07,4.84,5.06,65395347,326483055
2021-10-12,600115.SH,5.04,5.12,4.94,5.02,53733829,270913523
2021-10-13,600115.SH,5.00,5.12,4.91,5.03,56347186,284143302
2021-10-14,600115.SH,5.10,5.33,5.03,5.18,91083169,476009482
2021-10-15,600115.SH,5.18,5.20,5.01,5.05,62903878,319877952
2021-10-18,600115.SH,5.04,5.12,4.95,5.09,60327023,304184444
2021-10-19,600115.SH,5.02,5.09,4.89,4.91,49444409,244503379
2021-10-20,600115.SH,4.91,4.93,4.82,4.87,30031176,146057215
2021-10-21,600115.SH,4.86,4.89,4.75,4.79,39445732,189405084
2021-10-22,600115.SH,4.79,4.81,4.69,4.70,28477024,134798722
2021-10-25,600115.SH,4.63,4.69,4.58,4.68,31535028,146451159
2021-10-26,600115.SH,4.64,4.75,4.64,4.69,28456214,133775612
2021-10-27,600115.SH,4.70,4.71,4.63,4.66,24108855,112300501
2021-10-28,600115.SH,4.68,4.80,4.66,4.71,36541974,172909713
2021-10-29,600115.SH,4.72,4.87,4.66,4.83,42268128,201967802
2021-11-01,600115.SH,4.76,4.76,4.58,4.67,50692125,235534546
2021-11-02,600115.SH,4.61,4.75,4.61,4.69,37726892,176964222
2021-11-03,600115.SH,4.67,4.75,4.63,4.72,28633490,134395094
2021-11-04,600115.SH,4.70,4.83,4.70,4.78,21682067,103293874
2021-11-05,600115.SH,4.77,4.84,4.75,4.78,19900022,95405259
2021-11-08,600115.SH,4.95,5.12,4.89,4.91,61830556,308073012
2021-11-09,600115.SH,4.93,4.95,4.81,4.86,26077258,127270777
2021-11-10,600115.SH,4.83,4.90,4.80,4.88,21216070,102705615
2021-11-11,600115.SH,4.87,4.92,4.84,4.90,16409709,80249667
2021-11-12,600115.SH,4.88,5.02,4.86,4.97,32664784,162230147
2021-11-15,600115.SH,4.97,5.00,4.92,4.92,22174030,109633388
2021-11-16,600115.SH,4.92,5.04,4.91,4.98,44025411,219908074
2021-11-17,600115.SH,4.97,4.98,4.88,4.90,22411228,110264784
2021-11-18,600115.SH,4.90,4.91,4.80,4.82,19182240,92985609
2021-11-19,600115.SH,4.80,4.83,4.75,4.83,16104257,77084354
2021-11-22,600115.SH,4.83,4.86,4.80,4.84,8242980,39733039
2021-11-23,600115.SH,4.85,4.90,4.82,4.86,17791986,86610767
2021-11-24,600115.SH,4.85,4.88,4.80,4.87,12847622,62063680
2021-11-25,600115.SH,4.86,4.86,4.82,4.83,8599161,41553956
2021-11-26,600115.SH,4.80,4.80,4.74,4.77,13386369,63720050
2021-11-29,600115.SH,4.60,4.68,4.59,4.65,22749444,105648488
2021-11-30,600115.SH,4.65,4.69,4.65,4.66,20544041,95960345
2021-12-01,600115.SH,4.65,4.75,4.64,4.72,16503474,77651388
2021-12-02,600115.SH,4.73,4.76,4.69,4.71,11048752,52131374
2021-12-03,600115.SH,4.75,4.77,4.70,4.76,17152790,81266799
2021-12-06,600115.SH,4.73,4.76,4.71,4.75,12747808,60277532
2021-12-07,600115.SH,4.78,4.89,4.78,4.83,35453775,171654985
2021-12-08,600115.SH,4.84,4.85,4.77,4.81,14111213,67790044
2021-12-09,600115.SH,4.88,4.88,4.80,4.85,28325869,137467789
2021-12-10,600115.SH,4.81,4.86,4.80,4.83,17178694,82848304
2021-12-13,600115.SH,4.83,4.83,4.73,4.76,20899461,99551081
2021-12-14,600115.SH,4.73,4.73,4.67,4.69,20637604,96746326
2021-12-15,600115.SH,4.69,4.72,4.67,4.69,11755086,55271480
2021-12-16,600115.SH,4.71,4.74,4.68,4.73,10204989,48171345
2021-12-17,600115.SH,4.73,4.77,4.70,4.77,14899925,70608602
2021-12-20,600115.SH,4.75,4.76,4.70,4.71,13539431,63898633
2021-12-21,600115.SH,4.73,4.79,4.71,4.76,24860426,118145960
2021-12-22,600115.SH,4.81,4.84,4.78,4.79,25924471,124632684
2021-12-23,600115.SH,4.79,4.83,4.73,4.77,16001549,76423626
2021-12-24,600115.SH,4.78,4.80,4.71,4.76,11988723,56873126
2021-12-27,600115.SH,4.75,4.85,4.74,4.81,27985292,134346274
2021-12-28,600115.SH,4.80,4.83,4.77,4.82,23937134,114885915
2021-12-29,600115.SH,4.83,5.15,4.82,5.00,115561061,578495396
2021-12-30,600115.SH,4.97,5.14,4.94,5.09,51090093,258598996
2021-12-31,600115.SH,5.15,5.22,5.04,5.16,53682236,276471251
2022-01-04,600115.SH,5.17,5.30,5.11,5.26,56413993,294866054
2022-01-05,600115.SH,5.27,5.36,5.20,5.27,43926805,232094632
2022-01-06,600115.SH,5.25,5.27,5.15,5.21,40018916,208360882
2022-01-07,600115.SH,5.24,5.35,5.21,5.34,42956388,228127535
2022-01-10,600115.SH,5.26,5.42,5.21,5.36,54190572,288656381
2022-01-11,600115.SH,5.37,5.45,5.28,5.30,35816877,192055864
2022-01-12,600115.SH,5.28,5.35,5.27,5.29,19078121,101265678
2022-01-13,600115.SH,5.29,5.36,5.25,5.28,22516369,119251679
2022-01-14,600115.SH,5.28,5.30,5.15,5.24,27932788,146450650
2022-01-17,600115.SH,5.23,5.29,5.13,5.18,21369959,110857052
2022-01-18,600115.SH,5.20,5.36,5.14,5.32,30493189,160372237
2022-01-19,600115.SH,5.31,5.40,5.26,5.34,27372890,146375131
2022-01-20,600115.SH,5.31,5.47,5.29,5.46,31418171,170646349
2022-01-21,600115.SH,5.51,5.69,5.49,5.57,61119275,341790992
2022-01-24,600115.SH,5.49,5.64,5.43,5.58,36665676,203613439
2022-01-25,600115.SH,5.59,5.85,5.56,5.74,63124474,364708877
2022-01-26,600115.SH,5.71,5.82,5.61,5.72,34632411,198342363
2022-01-27,600115.SH,5.72,5.85,5.65,5.70,25826618,147902565
2022-01-28,600115.SH,5.64,5.90,5.51,5.74,39498427,227130432
2022-02-07,600115.SH,5.76,5.78,5.57,5.74,30648077,174400882
2022-02-08,600115.SH,5.69,5.95,5.67,5.93,38852316,227846430
2022-02-09,600115.SH,5.91,6.00,5.84,5.90,43765199,259020799
2022-02-10,600115.SH,5.86,6.20,5.85,6.11,64309624,391613218
2022-02-11,600115.SH,6.03,6.13,5.96,6.02,36577604,220741948
2022-02-14,600115.SH,5.99,6.01,5.66,5.84,62908385,365449779
2022-02-15,600115.SH,5.86,5.87,5.61,5.72,38897109,221256411
2022-02-16,600115.SH,5.73,5.87,5.68,5.76,25877030,149359270
2022-02-17,600115.SH,5.77,5.78,5.60,5.67,20286898,115529925
2022-02-18,600115.SH,5.67,5.93,5.64,5.88,36092489,209575744
2022-02-21,600115.SH,5.88,6.04,5.72,5.99,41907960,247925178
2022-02-22,600115.SH,5.89,5.93,5.64,5.70,38449778,221477101
2022-02-23,600115.SH,5.74,5.75,5.52,5.55,25880755,144677105
2022-02-24,600115.SH,5.52,5.57,5.39,5.49,28733882,157349911
2022-02-25,600115.SH,5.49,5.53,5.43,5.48,15770335,86466003
2022-02-28,600115.SH,5.48,5.48,5.31,5.40,30111546,161798257
2022-03-01,600115.SH,5.36,5.62,5.36,5.52,32827818,181831099
2022-03-02,600115.SH,5.47,5.59,5.46,5.57,17372011,96306600
2022-03-03,600115.SH,5.60,5.95,5.56,5.89,40239239,233378829
2022-03-04,600115.SH,5.91,5.95,5.75,5.80,35341416,206558549
2022-03-07,600115.SH,5.78,5.78,5.26,5.30,62973546,342365987
2022-03-08,600115.SH,5.27,5.44,5.15,5.17,38099624,200207633
2022-03-09,600115.SH,5.18,5.24,4.91,5.15,32884780,168605189
2022-03-10,600115.SH,5.30,5.38,5.20,5.27,20568921,108947098
2022-03-11,600115.SH,5.16,5.44,5.09,5.39,31148634,164080673
2022-03-14,600115.SH,5.22,5.31,5.08,5.09,25835746,134011842
2022-03-15,600115.SH,5.15,5.15,4.80,4.83,40585249,199994600
2022-03-16,600115.SH,4.99,5.31,4.96,5.31,61256173,319186408
2022-03-17,600115.SH,5.35,5.54,5.26,5.40,50458473,272131019
2022-03-18,600115.SH,5.32,5.64,5.30,5.57,40645599,225956144
2022-03-21,600115.SH,5.50,5.80,5.44,5.69,42960842,241669375
2022-03-22,600115.SH,5.31,5.48,5.16,5.34,224796606,1188952884
2022-03-23,600115.SH,5.25,5.26,5.12,5.19,119062661,616008371
2022-03-24,600115.SH,5.14,5.19,5.11,5.18,50999401,263240047
2022-03-25,600115.SH,5.14,5.15,4.89,4.90,103193987,515084097
2022-03-28,600115.SH,4.79,4.80,4.68,4.71,89180213,421957487
2022-03-29,600115.SH,4.73,4.77,4.61,4.63,68321664,319636785
2022-03-30,600115.SH,4.65,4.76,4.61,4.74,78302385,367732871
2022-03-31,600115.SH,4.70,4.83,4.64,4.68,68212926,321498408
2022-04-01,600115.SH,4.64,4.81,4.61,4.78,80063118,380698375
2022-04-06,600115.SH,4.75,4.78,4.72,4.77,65100957,309234395
2022-04-07,600115.SH,4.75,4.80,4.68,4.69,53251222,251999629
2022-04-08,600115.SH,4.69,4.73,4.65,4.72,34826018,163476489
2022-04-11,600115.SH,4.69,4.71,4.55,4.56,60612809,280099021
2022-04-12,600115.SH,4.53,4.86,4.50,4.83,96240989,453486035
2022-04-13,600115.SH,4.78,4.81,4.73,4.74,38664505,184625859
2022-04-14,600115.SH,4.79,4.93,4.75,4.86,52902546,256104635
2022-04-15,600115.SH,4.80,4.86,4.77,4.83,34312067,165262659
2022-04-18,600115.SH,4.80,5.00,4.78,4.96,54752843,269746791
2022-04-19,600115.SH,4.94,4.97,4.89,4.91,37966635,187073083
2022-04-20,600115.SH,4.90,5.00,4.87,4.93,37160296,183422400
2022-04-21,600115.SH,4.89,4.93,4.75,4.77,33840300,163508862
2022-04-22,600115.SH,4.72,4.84,4.66,4.78,28334582,134850016
2022-04-25,600115.SH,4.70,4.86,4.62,4.62,56348537,266145635
2022-04-26,600115.SH,4.63,4.67,4.48,4.49,49378589,225658604
2022-04-27,600115.SH,4.44,4.52,4.38,4.50,40660580,181216278
2022-04-28,600115.SH,4.50,4.59,4.42,4.51,28756534,129701067
2022-04-29,600115.SH,4.48,4.72,4.46,4.72,45294395,208727418
2022-05-05,600115.SH,4.70,4.79,4.64,4.69,25054328,117360694
2022-05-06,600115.SH,4.55,4.62,4.43,4.54,53697456,242328848
2022-05-09,600115.SH,4.50,4.56,4.46,4.52,18380273,82958246
2022-05-10,600115.SH,4.46,4.64,4.40,4.60,44172935,200026980
2022-05-11,600115.SH,4.61,4.74,4.60,4.66,43103501,201693527
2022-05-12,600115.SH,4.62,4.64,4.53,4.57,31628333,144727920
2022-05-13,600115.SH,4.59,4.60,4.52,4.59,17079210,77852950
2022-05-16,600115.SH,4.64,4.76,4.61,4.69,48860662,228669894
2022-05-17,600115.SH,4.64,4.68,4.55,4.66,30960987,142608200
2022-05-18,600115.SH,4.61,4.64,4.53,4.56,36658192,167423216
2022-05-19,600115.SH,4.50,4.53,4.44,4.51,40991719,183721581
2022-05-20,600115.SH,4.54,4.63,4.52,4.60,38352204,175689688
2022-05-23,600115.SH,4.60,4.60,4.55,4.59,24454664,111920699
2022-05-24,600115.SH,4.59,4.66,4.49,4.51,35043087,160321288
2022-05-25,600115.SH,4.51,4.65,4.50,4.61,39263388,180540878
2022-05-26,600115.SH,4.60,4.71,4.60,4.68,45054219,209731722
2022-05-27,600115.SH,4.70,4.73,4.65,4.71,33393339,156832412
2022-05-30,600115.SH,4.78,4.86,4.74,4.77,57071979,273982814
2022-05-31,600115.SH,4.77,4.87,4.77,4.82,37565901,180548140
2022-06-01,600115.SH,4.80,4.84,4.70,4.75,30285465,144349937
2022-06-02,600115.SH,4.73,4.76,4.68,4.72,21057967,99106708
2022-06-06,600115.SH,4.73,4.74,4.62,4.67,31605938,146913991
2022-06-07,600115.SH,4.68,4.69,4.62,4.66,24585836,114259837
2022-06-08,600115.SH,4.65,4.73,4.61,4.73,40818321,190758503
2022-06-09,600115.SH,4.71,4.73,4.66,4.69,23916178,112194653
2022-06-10,600115.SH,4.65,4.66,4.61,4.64,43218548,200138026
2022-06-13,600115.SH,4.61,4.61,4.51,4.54,53663851,243555762
2022-06-14,600115.SH,4.51,4.59,4.49,4.58,36493293,165116013
2022-06-15,600115.SH,4.57,4.65,4.54,4.59,52609576,242269691
2022-06-16,600115.SH,4.61,4.63,4.57,4.60,33594405,154510113
2022-06-17,600115.SH,4.57,4.65,4.55,4.64,39955165,184149903
2022-06-20,600115.SH,4.64,4.86,4.63,4.84,110515472,527176679
2022-06-21,600115.SH,4.86,4.88,4.72,4.77,44174707,211930082
2022-06-22,600115.SH,4.77,4.82,4.75,4.77,31051769,148276816
2022-06-23,600115.SH,4.78,4.86,4.73,4.83,41715086,199970957
2022-06-24,600115.SH,4.83,4.94,4.77,4.92,50118363,243711378
2022-06-27,600115.SH,4.92,5.15,4.92,5.12,74611576,379345446
2022-06-28,600115.SH,5.09,5.41,5.07,5.35,74484104,389613120
2022-06-29,600115.SH,5.37,5.45,5.27,5.30,69406618,371749342
2022-06-30,600115.SH,5.40,5.56,5.34,5.49,68770901,375718758
2022-07-01,600115.SH,5.41,5.48,5.11,5.17,60510843,316800268
2022-07-04,600115.SH,5.25,5.25,5.06,5.18,56177843,288920780
2022-07-05,600115.SH,5.18,5.25,5.12,5.15,28926045,150028356
2022-07-06,600115.SH,5.15,5.18,5.02,5.08,29466240,149833568
2022-07-07,600115.SH,5.08,5.17,5.02,5.11,30323294,154804540
2022-07-08,600115.SH,5.16,5.25,5.06,5.08,20733432,106202663
2022-07-11,600115.SH,5.07,5.07,4.95,4.99,26160715,130630773
2022-07-12,600115.SH,4.98,5.02,4.94,4.97,22515812,112144835
2022-07-13,600115.SH,5.04,5.09,5.00,5.03,27395953,138080554
2022-07-14,600115.SH,5.02,5.16,4.99,5.11,30652739,155768646
2022-07-15,600115.SH,5.08,5.11,4.95,4.97,24900849,125366872
2022-07-18,600115.SH,4.93,5.04,4.91,5.01,24126105,120361764
2022-07-19,600115.SH,5.05,5.06,4.96,4.99,16711296,83626140
2022-07-20,600115.SH,5.04,5.09,4.99,5.04,15472229,78071523
2022-07-21,600115.SH,5.04,5.08,5.00,5.00,15543081,78189115
2022-07-22,600115.SH,4.98,5.07,4.97,5.02,16225918,81321702
2022-07-25,600115.SH,5.00,5.04,4.97,4.98,11305589,56498901
2022-07-26,600115.SH,4.99,5.16,4.99,5.05,23138453,117081303
2022-07-27,600115.SH,5.02,5.07,4.97,5.04,17101994,85832357
2022-07-28,600115.SH,5.05,5.08,4.86,4.95,34148134,169335067
2022-07-29,600115.SH,4.94,4.95,4.85,4.90,24861763,121210686
2022-08-01,600115.SH,4.84,4.90,4.83,4.86,12689369,61768179
2022-08-02,600115.SH,4.83,4.88,4.70,4.83,24987159,119665196
2022-08-03,600115.SH,4.82,4.89,4.75,4.76,14384068,69218445
2022-08-04,600115.SH,4.77,4.79,4.71,4.74,12950384,61460780
2022-08-05,600115.SH,4.74,4.77,4.67,4.77,17351147,81896540
2022-08-08,600115.SH,4.77,4.79,4.71,4.72,16534043,78262328
2022-08-09,600115.SH,4.70,4.78,4.68,4.77,13457118,63755427
2022-08-10,600115.SH,4.76,4.76,4.69,4.72,11805200,55653042
2022-08-11,600115.SH,4.73,4.79,4.70,4.78,16174214,76820901
2022-08-12,600115.SH,4.78,4.88,4.74,4.87,23177337,111591550
2022-08-15,600115.SH,4.85,4.87,4.76,4.79,18523744,88964252
2022-08-16,600115.SH,4.79,4.83,4.76,4.81,11982879,57481351
2022-08-17,600115.SH,4.81,4.87,4.77,4.86,14456517,69921650
2022-08-18,600115.SH,4.86,4.86,4.79,4.82,10664275,51306016
2022-08-19,600115.SH,4.81,4.86,4.79,4.81,12355857,59567860
2022-08-22,600115.SH,4.81,4.87,4.79,4.86,12709643,61620865
2022-08-23,600115.SH,4.84,4.87,4.79,4.82,10080054,48539813
2022-08-24,600115.SH,4.82,4.82,4.72,4.74,16211050,77293309
2022-08-25,600115.SH,4.76,4.79,4.71,4.78,14569506,69299080
2022-08-26,600115.SH,4.78,4.87,4.77,4.78,24856054,119930146
2022-08-29,600115.SH,4.75,4.82,4.73,4.82,14342069,68596577
2022-08-30,600115.SH,4.83,4.93,4.81,4.91,34575132,169177800
2022-08-31,600115.SH,4.93,4.96,4.87,4.91,35418136,174154507
2022-09-01,600115.SH,4.92,4.93,4.69,4.70,36838748,175605745
2022-09-02,600115.SH,4.69,4.81,4.64,4.76,31961463,150533761
2022-09-05,600115.SH,4.76,4.81,4.71,4.79,17866970,85138842
2022-09-06,600115.SH,4.81,4.98,4.80,4.91,36942788,181486884
2022-09-07,600115.SH,4.91,4.94,4.87,4.91,15524925,76224422
2022-09-08,600115.SH,4.91,5.02,4.90,5.00,25484941,127158306
2022-09-09,600115.SH,5.00,5.06,4.97,5.00,18264393,91574177
2022-09-13,600115.SH,5.03,5.16,4.97,5.12,33643339,171732766
2022-09-14,600115.SH,5.07,5.15,5.03,5.08,23336831,118851913
2022-09-15,600115.SH,5.11,5.13,5.04,5.08,17080692,86768131
2022-09-16,600115.SH,5.11,5.14,4.98,4.98,25440933,127988139
2022-09-19,600115.SH,5.00,5.04,4.91,5.01,17920607,89403322
2022-09-20,600115.SH,5.05,5.05,4.92,5.00,20793769,103449543
2022-09-21,600115.SH,5.05,5.05,4.95,4.95,15446959,76933569
2022-09-22,600115.SH,4.90,4.93,4.82,4.88,24348751,118232616
2022-09-23,600115.SH,4.85,4.94,4.81,4.84,14023622,68192746
2022-09-26,600115.SH,4.86,4.98,4.82,4.92,26499893,130591120
2022-09-27,600115.SH,4.91,5.15,4.91,5.14,33712463,170746343
2022-09-28,600115.SH,5.16,5.21,5.09,5.12,26415538,135975435
2022-09-29,600115.SH,5.15,5.16,4.92,4.96,22099028,110431872
2022-09-30,600115.SH,5.00,5.00,4.84,4.88,20081961,98273962
2022-10-10,600115.SH,4.93,5.02,4.89,4.91,20820514,103157412
2022-10-11,600115.SH,4.93,4.94,4.76,4.83,21220542,102302881
2022-10-12,600115.SH,4.83,4.88,4.75,4.86,19326073,92798891
2022-10-13,600115.SH,4.86,4.88,4.78,4.83,16313754,78832824
2022-10-14,600115.SH,4.83,4.89,4.82,4.87,22237686,107767778
2022-10-17,600115.SH,4.85,4.98,4.78,4.96,23831459,116562142
2022-10-18,600115.SH,5.10,5.28,5.02,5.09,49872548,255145745
2022-10-19,600115.SH,5.07,5.18,4.94,4.94,29452825,148830373
2022-10-20,600115.SH,4.93,5.17,4.87,5.00,40090286,200879275
2022-10-21,600115.SH,5.00,5.10,4.94,5.04,29869624,150072169
2022-10-24,600115.SH,5.00,5.06,4.84,4.86,35013901,172138850
2022-10-25,600115.SH,4.84,4.93,4.81,4.88,24121373,117443266
2022-10-26,600115.SH,4.90,5.08,4.89,5.06,45548298,227924850
2022-10-27,600115.SH,5.06,5.09,4.98,5.00,23364279,117579520
2022-10-28,600115.SH,4.99,5.02,4.89,4.92,24586222,121753259
2022-10-31,600115.SH,4.89,4.90,4.74,4.80,33170221,159361366
2022-11-01,600115.SH,4.79,5.03,4.67,5.01,49577228,241650162
2022-11-02,600115.SH,4.95,5.28,4.92,5.11,97625604,501114407
2022-11-03,600115.SH,5.09,5.25,5.08,5.22,45754220,237377303
2022-11-04,600115.SH,5.20,5.49,5.17,5.40,61386468,328691101
2022-11-07,600115.SH,5.30,5.34,5.22,5.31,31016814,163648148
2022-11-08,600115.SH,5.29,5.36,5.23,5.31,34664475,183002830
2022-11-09,600115.SH,5.31,5.34,5.22,5.23,19887761,104929261
2022-11-10,600115.SH,5.19,5.32,5.10,5.27,28819783,150171970
2022-11-11,600115.SH,5.33,5.48,5.14,5.33,71936599,381945351
2022-11-14,600115.SH,5.31,5.31,5.07,5.09,52049547,268291130
2022-11-15,600115.SH,5.11,5.18,5.06,5.11,36018311,183814377
2022-11-16,600115.SH,5.13,5.22,5.08,5.11,34418927,176878132
2022-11-17,600115.SH,5.08,5.17,5.07,5.12,18972408,97246484
2022-11-18,600115.SH,5.14,5.14,5.07,5.07,25508955,129834990
2022-11-21,600115.SH,5.04,5.05,4.94,4.98,25144278,125080274
2022-11-22,600115.SH,5.00,5.01,4.92,4.96,24239074,120219888
2022-11-23,600115.SH,4.95,5.02,4.92,5.02,19569314,97452178
2022-11-24,600115.SH,5.00,5.02,4.91,4.94,20599679,101952750
2022-11-25,600115.SH,4.92,4.96,4.91,4.95,13730732,67856816
2022-11-28,600115.SH,4.91,5.03,4.85,5.02,38441112,190779492
2022-11-29,600115.SH,5.00,5.22,4.98,5.21,72906188,373578333
2022-11-30,600115.SH,5.18,5.35,5.14,5.35,83661965,441356103
2022-12-01,600115.SH,5.42,5.46,5.18,5.24,67059598,352478862
2022-12-02,600115.SH,5.22,5.25,5.13,5.19,33849039,175257415
2022-12-05,600115.SH,5.30,5.45,5.25,5.41,79026615,424876119
2022-12-06,600115.SH,5.42,5.51,5.36,5.46,59157410,322387123
2022-12-07,600115.SH,5.48,5.82,5.48,5.66,97316219,546143426
2022-12-08,600115.SH,5.68,5.70,5.55,5.60,72178744,404977824
2022-12-09,600115.SH,5.65,5.68,5.48,5.57,52540978,292209225
2022-12-12,600115.SH,5.58,5.73,5.55,5.66,70887009,401559824
2022-12-13,600115.SH,5.67,5.99,5.63,5.74,84795601,489521368
2022-12-14,600115.SH,5.74,5.85,5.69,5.77,58955710,339312856
2022-12-15,600115.SH,5.82,5.87,5.66,5.69,59486068,340923401
2022-12-16,600115.SH,5.67,5.75,5.62,5.75,52882809,301919942
2022-12-19,600115.SH,5.74,5.79,5.61,5.69,49812713,283239969
2022-12-20,600115.SH,5.65,5.73,5.56,5.60,30754803,173493863
2022-12-21,600115.SH,5.62,5.67,5.58,5.61,43102697,242265656
2022-12-22,600115.SH,5.64,5.70,5.57,5.59,44296650,249816385
2022-12-23,600115.SH,5.54,5.65,5.51,5.59,37579393,210223769
2022-12-26,600115.SH,5.61,5.72,5.54,5.56,54465168,306629810
2022-12-27,600115.SH,5.67,5.76,5.49,5.56,54233796,302952220
2022-12-28,600115.SH,5.56,5.59,5.40,5.45,56654246,310059624
2022-12-29,600115.SH,5.42,5.48,5.35,5.40,33609604,181910977
2022-12-30,600115.SH,5.40,5.58,5.39,5.53,43429034,238926721
2023-01-03,600115.SH,5.54,5.57,5.38,5.41,43608802,236473139
2023-01-04,600115.SH,5.43,5.49,5.36,5.46,53728622,291877026
2023-01-05,600115.SH,5.49,5.55,5.45,5.51,43184155,237526521
2023-01-06,600115.SH,5.48,5.49,5.37,5.38,45697598,247135629
2023-01-09,600115.SH,5.41,5.49,5.39,5.48,41958717,228459685
2023-01-10,600115.SH,5.49,5.49,5.38,5.40,30125361,163184014
2023-01-11,600115.SH,5.42,5.42,5.33,5.36,34247700,183336293
2023-01-12,600115.SH,5.37,5.40,5.31,5.38,24912658,133508654
2023-01-13,600115.SH,5.38,5.57,5.34,5.56,56786300,310626066
2023-01-16,600115.SH,5.52,5.64,5.45,5.48,50351972,277489146
2023-01-17,600115.SH,5.49,5.49,5.38,5.45,32567970,176511887
2023-01-18,600115.SH,5.42,5.49,5.39,5.43,24920263,135162111
2023-01-19,600115.SH,5.41,5.43,5.33,5.39,30998364,166520828
2023-01-20,600115.SH,5.40,5.45,5.36,5.44,29035894,157347305
2023-01-30,600115.SH,5.45,5.49,5.32,5.40,42395304,229057003
2023-01-31,600115.SH,5.39,5.43,5.36,5.37,25678088,138377916
2023-02-01,600115.SH,5.37,5.39,5.25,5.31,39291804,208136594
2023-02-02,600115.SH,5.32,5.38,5.27,5.34,28733694,153075236
2023-02-03,600115.SH,5.34,5.35,5.24,5.28,34844500,183676380
2023-02-06,600115.SH,5.26,5.34,5.20,5.30,29901640,158110624
2023-02-07,600115.SH,5.30,5.33,5.26,5.29,18557204,97917082
2023-02-08,600115.SH,5.29,5.33,5.27,5.33,24847089,131875007
2023-02-09,600115.SH,5.30,5.34,5.28,5.34,19446449,103518898
2023-02-10,600115.SH,5.33,5.38,5.31,5.35,19382495,103665002
2023-02-13,600115.SH,5.36,5.51,5.31,5.49,56860087,309711531
2023-02-14,600115.SH,5.52,5.54,5.43,5.47,28676132,156610590
2023-02-15,600115.SH,5.45,5.48,5.40,5.40,30469367,165362795
2023-02-16,600115.SH,5.44,5.58,5.37,5.41,59630975,327695957
2023-02-17,600115.SH,5.41,5.52,5.37,5.38,36265556,196739383
2023-02-20,600115.SH,5.40,5.47,5.39,5.43,35471572,192360249
2023-02-21,600115.SH,5.44,5.45,5.38,5.43,24280641,131358239
2023-02-22,600115.SH,5.40,5.43,5.38,5.40,19438119,105070930
2023-02-23,600115.SH,5.41,5.42,5.35,5.38,23115070,124381250
2023-02-24,600115.SH,5.37,5.39,5.34,5.34,12966699,69494398
2023-02-27,600115.SH,5.33,5.41,5.29,5.36,26856302,143660602
2023-02-28,600115.SH,5.36,5.45,5.34,5.43,35059134,189578495
2023-03-01,600115.SH,5.45,5.47,5.40,5.47,29135474,158786346
2023-03-02,600115.SH,5.46,5.54,5.45,5.51,30074137,165651714
2023-03-03,600115.SH,5.53,5.54,5.48,5.51,26378850,145538088
2023-03-06,600115.SH,5.53,5.60,5.48,5.49,28966182,160193540
2023-03-07,600115.SH,5.47,5.58,5.46,5.51,44771512,248036891
2023-03-08,600115.SH,5.49,5.54,5.45,5.49,18521059,101619694
2023-03-09,600115.SH,5.51,5.54,5.41,5.43,21028364,114741928
2023-03-10,600115.SH,5.40,5.43,5.35,5.35,19212009,103475616
2023-03-13,600115.SH,5.34,5.47,5.34,5.47,23424845,126562529
2023-03-14,600115.SH,5.46,5.52,5.42,5.43,24382495,133236274
2023-03-15,600115.SH,5.46,5.47,5.37,5.39,26341583,142196466
2023-03-16,600115.SH,5.40,5.41,5.27,5.28,28946765,154115064
2023-03-17,600115.SH,5.31,5.42,5.30,5.33,29401252,157213597
2023-03-20,600115.SH,5.34,5.40,5.26,5.27,36865396,195877572
2023-03-21,600115.SH,5.27,5.32,5.26,5.31,21282245,112622747
2023-03-22,600115.SH,5.31,5.35,5.27,5.29,20635952,109481908
2023-03-23,600115.SH,5.30,5.32,5.23,5.31,23926611,126027063
2023-03-24,600115.SH,5.30,5.41,5.23,5.24,47969794,254928453
2023-03-27,600115.SH,5.24,5.27,5.16,5.20,34983101,181766112
2023-03-28,600115.SH,5.19,5.21,5.09,5.09,45744860,234666186
2023-03-29,600115.SH,5.11,5.21,5.09,5.10,36239943,186310244
2023-03-30,600115.SH,5.09,5.22,5.08,5.21,74665349,383801376
2023-03-31,600115.SH,5.17,5.21,5.13,5.15,37892582,195789286
2023-04-03,600115.SH,5.16,5.40,5.15,5.39,80157696,424977929
2023-04-04,600115.SH,5.40,5.62,5.37,5.49,89066295,490089974
2023-04-06,600115.SH,5.49,5.50,5.42,5.46,35272501,192564507
2023-04-07,600115.SH,5.50,5.52,5.39,5.47,45682787,249545160
2023-04-10,600115.SH,5.46,5.47,5.37,5.40,40457297,218585973
2023-04-11,600115.SH,5.42,5.46,5.31,5.34,54099773,290979856
2023-04-12,600115.SH,5.35,5.39,5.28,5.30,38400491,204312786
2023-04-13,600115.SH,5.28,5.32,5.26,5.29,36440426,192657001
2023-04-14,600115.SH,5.31,5.35,5.25,5.30,34448904,182419416
2023-04-17,600115.SH,5.28,5.48,5.27,5.46,76981685,416289274
2023-04-18,600115.SH,5.44,5.47,5.38,5.46,42247675,229244508
2023-04-19,600115.SH,5.46,5.46,5.30,5.32,48794574,261426463
2023-04-20,600115.SH,5.33,5.33,5.27,5.31,26101724,138442375
2023-04-21,600115.SH,5.32,5.35,5.20,5.21,41250237,217010973
2023-04-24,600115.SH,5.23,5.27,5.10,5.17,44702625,231685159
2023-04-25,600115.SH,5.17,5.26,5.04,5.10,45379837,232686545
2023-04-26,600115.SH,5.09,5.18,5.07,5.13,31846025,163229826
2023-04-27,600115.SH,5.10,5.13,5.05,5.11,35869822,182531844
2023-04-28,600115.SH,5.12,5.19,5.08,5.18,35659156,183472817
2023-05-04,600115.SH,5.16,5.21,5.06,5.07,54132500,277053881
2023-05-05,600115.SH,5.08,5.12,5.05,5.08,34462175,174745142
2023-05-08,600115.SH,5.09,5.09,4.95,5.02,49459022,247667749
2023-05-09,600115.SH,5.03,5.13,5.02,5.06,50697757,257664748
2023-05-10,600115.SH,5.06,5.06,4.91,4.95,50323158,249393898
2023-05-11,600115.SH,4.95,4.96,4.92,4.95,21753200,107569313
2023-05-12,600115.SH,4.93,4.96,4.91,4.91,21243100,104705808
2023-05-15,600115.SH,4.91,4.94,4.85,4.94,28342263,138490098
2023-05-16,600115.SH,4.96,4.97,4.91,4.93,17286486,85373853
2023-05-17,600115.SH,4.93,4.95,4.87,4.89,24280384,119261113
2023-05-18,600115.SH,4.91,4.96,4.90,4.93,19148065,94297675
2023-05-19,600115.SH,4.93,4.97,4.88,4.95,17488897,86280643
2023-05-22,600115.SH,4.96,4.98,4.93,4.96,19045865,94334380
2023-05-23,600115.SH,4.96,4.97,4.88,4.88,22447800,110213928
2023-05-24,600115.SH,4.87,4.88,4.73,4.74,34973579,167303722
2023-05-25,600115.SH,4.74,4.75,4.68,4.72,20748642,97655727
2023-05-26,600115.SH,4.72,4.73,4.67,4.72,21196678,99530465
2023-05-29,600115.SH,4.80,4.88,4.74,4.76,25757620,123481401
2023-05-30,600115.SH,4.74,4.75,4.67,4.72,24000669,112829683
2023-05-31,600115.SH,4.71,4.75,4.67,4.67,34122679,160247429
2023-06-01,600115.SH,4.68,4.70,4.55,4.57,40941256,188605484
2023-06-02,600115.SH,4.56,4.65,4.56,4.64,28178661,129883795
2023-06-05,600115.SH,4.65,4.69,4.62,4.67,19185681,89460129
2023-06-06,600115.SH,4.69,4.71,4.63,4.67,24143828,113084366
2023-06-07,600115.SH,4.69,4.70,4.58,4.60,30771208,142266944
2023-06-08,600115.SH,4.60,4.70,4.57,4.70,33303322,154562022
2023-06-09,600115.SH,4.69,4.79,4.67,4.79,41069398,194069227
2023-06-12,600115.SH,4.76,4.80,4.71,4.75,27741774,131758553
2023-06-13,600115.SH,4.75,4.78,4.72,4.74,23231538,110195062
2023-06-14,600115.SH,4.79,4.79,4.69,4.70,24969394,118044759
2023-06-15,600115.SH,4.69,4.73,4.67,4.73,18769904,88319742
2023-06-16,600115.SH,4.75,4.80,4.74,4.79,31649989,151127363
2023-06-19,600115.SH,4.79,4.93,4.77,4.86,63539184,309586010
2023-06-20,600115.SH,4.88,4.88,4.75,4.76,24131125,115620874
2023-06-21,600115.SH,4.76,4.80,4.74,4.74,18906207,90185961
2023-06-26,600115.SH,4.72,4.72,4.63,4.66,26816725,124889412
2023-06-27,600115.SH,4.65,4.79,4.64,4.79,33880705,160771820
2023-06-28,600115.SH,4.80,4.86,4.75,4.85,22956655,110563011
2023-06-29,600115.SH,4.82,4.83,4.71,4.72,29112500,138366836
2023-06-30,600115.SH,4.73,4.77,4.71,4.76,16925500,80417111
2023-07-03,600115.SH,4.76,5.08,4.76,5.03,116622360,579815809
2023-07-04,600115.SH,5.01,5.09,4.98,5.08,43469976,219497600
2023-07-05,600115.SH,5.07,5.07,4.97,5.03,28225771,141296671
2023-07-06,600115.SH,5.02,5.13,4.99,5.03,28700940,144854182
2023-07-07,600115.SH,5.02,5.05,4.98,5.03,21424059,107526197
2023-07-10,600115.SH,5.04,5.06,4.97,5.03,22952120,115051876
2023-07-11,600115.SH,5.02,5.09,5.00,5.08,29941558,151289831
2023-07-12,600115.SH,4.98,4.98,4.70,4.77,188417321,905133739
2023-07-13,600115.SH,4.81,4.84,4.71,4.73,133757298,635958440
2023-07-14,600115.SH,4.74,4.76,4.70,4.71,75198321,355403956
2023-07-17,600115.SH,4.70,4.72,4.66,4.70,34480323,161965165
2023-07-18,600115.SH,4.70,4.82,4.68,4.79,88135417,420153413
2023-07-19,600115.SH,4.78,4.80,4.69,4.71,57322079,270999056
2023-07-20,600115.SH,4.72,4.75,4.69,4.70,48324294,228271757
2023-07-21,600115.SH,4.69,4.75,4.68,4.70,42772519,201630230
2023-07-24,600115.SH,4.71,4.79,4.69,4.74,88279576,419856188
2023-07-25,600115.SH,4.81,4.87,4.78,4.82,105244106,506900235
2023-07-26,600115.SH,4.81,4.82,4.74,4.77,53174172,253817092
2023-07-27,600115.SH,4.78,4.81,4.75,4.76,51115577,244356591
2023-07-28,600115.SH,4.75,4.83,4.74,4.82,65933276,316162301
2023-07-31,600115.SH,4.83,4.93,4.83,4.89,100592601,491225719
2023-08-01,600115.SH,4.89,4.94,4.83,4.86,69806279,340648122
2023-08-02,600115.SH,4.85,4.85,4.78,4.80,60532066,290810606
2023-08-03,600115.SH,4.79,4.83,4.75,4.83,50514176,241992006
2023-08-04,600115.SH,4.84,4.86,4.80,4.81,60257783,290798073
2023-08-07,600115.SH,4.80,4.80,4.76,4.79,38389304,183569040
2023-08-08,600115.SH,4.79,4.81,4.76,4.80,35746948,170993424
2023-08-09,600115.SH,4.79,4.80,4.75,4.76,43224510,206264452
2023-08-10,600115.SH,4.77,4.88,4.74,4.87,132935936,642778863
2023-08-11,600115.SH,4.87,4.94,4.73,4.75,126409829,611053535
2023-08-14,600115.SH,4.76,4.78,4.65,4.71,75359897,354148808
2023-08-15,600115.SH,4.71,4.71,4.60,4.64,65162510,302982630
2023-08-16,600115.SH,4.64,4.71,4.60,4.65,58239784,271093810
2023-08-17,600115.SH,4.63,4.65,4.58,4.64,44149426,203829326
2023-08-18,600115.SH,4.62,4.64,4.55,4.55,62436214,286560676
2023-08-21,600115.SH,4.54,4.55,4.37,4.39,82556945,366341832
2023-08-22,600115.SH,4.42,4.45,4.37,4.42,44796566,197078212
2023-08-23,600115.SH,4.42,4.43,4.35,4.36,33647048,147428601
2023-08-24,600115.SH,4.37,4.42,4.35,4.36,40615573,177797735
2023-08-25,600115.SH,4.36,4.37,4.30,4.32,48022273,208012202
2023-08-28,600115.SH,4.45,4.50,4.31,4.33,68010059,298953911
2023-08-29,600115.SH,4.32,4.40,4.31,4.38,52064368,227157561
2023-08-30,600115.SH,4.38,4.39,4.35,4.37,37772183,165000197
2023-08-31,600115.SH,4.37,4.39,4.33,4.34,71083790,309079556
2023-09-01,600115.SH,4.35,4.39,4.34,4.36,41395100,180539493
2023-09-04,600115.SH,4.38,4.40,4.33,4.40,51888146,226559623
2023-09-05,600115.SH,4.38,4.40,4.36,4.38,37532128,164357870
2023-09-06,600115.SH,4.37,4.38,4.31,4.32,63620804,275331603
2023-09-07,600115.SH,4.32,4.34,4.28,4.29,41537577,178972254
2023-09-08,600115.SH,4.28,4.28,4.23,4.26,38578519,164031643
2023-09-11,600115.SH,4.27,4.36,4.25,4.36,49884049,215315709
2023-09-12,600115.SH,4.35,4.44,4.33,4.44,72380808,319049833
2023-09-13,600115.SH,4.49,4.54,4.45,4.48,80070494,359063644
2023-09-14,600115.SH,4.49,4.58,4.46,4.54,77657568,352266841
2023-09-15,600115.SH,4.56,4.58,4.51,4.53,53388560,241891197
2023-09-18,600115.SH,4.53,4.59,4.51,4.54,53737271,244562242
2023-09-19,600115.SH,4.55,4.58,4.53,4.55,43160064,196606467
2023-09-20,600115.SH,4.56,4.56,4.51,4.51,31652700,143465792
2023-09-21,600115.SH,4.52,4.52,4.46,4.47,39194740,175815920
2023-09-22,600115.SH,4.47,4.48,4.41,4.44,39331103,174601841
2023-09-25,600115.SH,4.45,4.48,4.43,4.44,31980964,142356090
2023-09-26,600115.SH,4.44,4.47,4.38,4.39,32924849,145034753
2023-09-27,600115.SH,4.42,4.48,4.40,4.42,34738941,154319492
2023-09-28,600115.SH,4.42,4.45,4.36,4.40,44710214,196227710
2023-10-09,600115.SH,4.40,4.40,4.32,4.34,48530005,210863257
2023-10-10,600115.SH,4.36,4.42,4.35,4.40,34520162,151721194
2023-10-11,600115.SH,4.41,4.42,4.29,4.29,50976862,220948570
2023-10-12,600115.SH,4.32,4.39,4.31,4.34,34640008,150823102
2023-10-13,600115.SH,4.33,4.34,4.27,4.28,31660489,135901470
2023-10-16,600115.SH,4.28,4.28,4.19,4.20,44293187,187081566
2023-10-17,600115.SH,4.21,4.22,4.15,4.17,36699012,153311689
2023-10-18,600115.SH,4.17,4.18,4.09,4.10,33311146,137519815
2023-10-19,600115.SH,4.07,4.10,4.04,4.04,33970286,138117462
2023-10-20,600115.SH,4.03,4.06,4.01,4.03,33423277,134749790
2023-10-23,600115.SH,4.03,4.03,3.89,3.93,44592132,175798322
2023-10-24,600115.SH,3.93,4.03,3.91,4.03,38869289,154857725
2023-10-25,600115.SH,4.04,4.12,4.03,4.10,37751189,154436298
2023-10-26,600115.SH,4.07,4.18,4.06,4.16,33689956,139190509
2023-10-27,600115.SH,4.18,4.25,4.16,4.24,40540906,170801992
2023-10-30,600115.SH,4.28,4.35,4.25,4.35,59123709,254960163
2023-10-31,600115.SH,4.34,4.36,4.30,4.36,35885648,155632284
2023-11-01,600115.SH,4.35,4.35,4.28,4.29,38805306,167194751
2023-11-02,600115.SH,4.31,4.34,4.27,4.28,33413730,143706591
2023-11-03,600115.SH,4.30,4.31,4.25,4.26,32508105,139147136
2023-11-06,600115.SH,4.29,4.30,4.22,4.25,47560060,202337645
2023-11-07,600115.SH,4.26,4.26,4.18,4.20,38606824,162262546
2023-11-08,600115.SH,4.20,4.24,4.17,4.18,31261507,131194440
2023-11-09,600115.SH,4.18,4.22,4.18,4.21,27602470,116088656
2023-11-10,600115.SH,4.20,4.21,4.16,4.17,23108775,96414679
2023-11-13,600115.SH,4.18,4.21,4.16,4.19,26860374,112133436
2023-11-14,600115.SH,4.19,4.21,4.16,4.19,30657694,128270275
2023-11-15,600115.SH,4.21,4.25,4.19,4.20,32168836,135427499
2023-11-16,600115.SH,4.21,4.23,4.18,4.20,38270120,160854600
2023-11-17,600115.SH,4.21,4.28,4.19,4.21,58419333,247315147
2023-11-20,600115.SH,4.22,4.30,4.21,4.29,69973337,299124637
2023-11-21,600115.SH,4.31,4.35,4.28,4.29,49869186,214980445
2023-11-22,600115.SH,4.27,4.33,4.27,4.28,38058165,163849507
2023-11-23,600115.SH,4.27,4.30,4.25,4.29,28142200,120381043
2023-11-24,600115.SH,4.27,4.32,4.26,4.28,32803750,140667781
2023-11-27,600115.SH,4.30,4.30,4.25,4.28,30221965,129248855
2023-11-28,600115.SH,4.27,4.28,4.18,4.19,42630096,179633169
2023-11-29,600115.SH,4.20,4.21,4.13,4.14,30043439,124888824
2023-11-30,600115.SH,4.14,4.23,4.12,4.20,48411162,202916923
2023-12-01,600115.SH,4.20,4.24,4.07,4.08,78587445,323649420
2023-12-04,600115.SH,4.08,4.16,4.05,4.14,48784439,201257535
2023-12-05,600115.SH,4.14,4.15,4.07,4.08,37938869,156006676
2023-12-06,600115.SH,4.06,4.10,4.03,4.07,42700419,173957876
2023-12-07,600115.SH,4.08,4.10,4.03,4.08,38785786,157421999
2023-12-08,600115.SH,4.07,4.16,4.07,4.10,69613153,286994056
2023-12-11,600115.SH,4.08,4.11,4.01,4.10,49433188,200444821
2023-12-12,600115.SH,4.08,4.13,4.07,4.10,31893445,130881531
2023-12-13,600115.SH,4.10,4.12,3.99,3.99,53075800,213990893
2023-12-14,600115.SH,4.01,4.04,3.98,3.98,34936311,139907422
2023-12-15,600115.SH,4.00,4.02,3.95,3.95,51251651,203620104
2023-12-18,600115.SH,3.97,3.97,3.88,3.89,47437879,185101270
2023-12-19,600115.SH,3.89,3.91,3.84,3.86,40744998,157825755
2023-12-20,600115.SH,3.87,3.88,3.80,3.80,36065129,138105194
2023-12-21,600115.SH,3.79,3.85,3.77,3.84,33991661,129911644
2023-12-22,600115.SH,3.84,3.88,3.80,3.84,38306104,147063393
2023-12-25,600115.SH,3.84,3.87,3.82,3.86,25675380,98885497
2023-12-26,600115.SH,3.86,3.86,3.80,3.82,24763800,94547852
2023-12-27,600115.SH,3.82,3.83,3.78,3.80,29361691,111474676
2023-12-28,600115.SH,3.80,3.89,3.78,3.89,44791910,172541648
2023-12-29,600115.SH,3.87,3.93,3.85,3.88,38221339,148316884
2024-01-02,600115.SH,3.90,3.90,3.85,3.85,39409070,152468355
2024-01-03,600115.SH,3.85,3.88,3.82,3.84,36060590,138702247
2024-01-04,600115.SH,3.84,3.84,3.73,3.76,48617900,183349720
2024-01-05,600115.SH,3.76,3.79,3.73,3.74,39610108,148789272
2024-01-08,600115.SH,3.75,3.76,3.67,3.68,39858572,147725658
2024-01-09,600115.SH,3.68,3.78,3.66,3.74,49769944,185906778
2024-01-10,600115.SH,3.73,3.77,3.70,3.72,34487162,128720856
2024-01-11,600115.SH,3.73,3.77,3.71,3.75,34928810,130813365
2024-01-12,600115.SH,3.75,3.83,3.74,3.80,45130054,171226882
2024-01-15,600115.SH,3.78,3.84,3.75,3.81,36480925,138778359
2024-01-16,600115.SH,3.81,3.89,3.80,3.87,60050900,231419092
2024-01-17,600115.SH,3.86,3.86,3.77,3.77,42474500,162239895
2024-01-18,600115.SH,3.76,3.81,3.66,3.78,59387910,221564143
2024-01-19,600115.SH,3.77,3.82,3.74,3.79,38170851,144500295
2024-01-22,600115.SH,3.78,3.81,3.66,3.69,68153616,255704448
2024-01-23,600115.SH,3.69,3.73,3.63,3.71,44672812,164874472
2024-01-24,600115.SH,3.71,3.83,3.69,3.80,63512574,239208537
2024-01-25,600115.SH,3.83,3.90,3.79,3.90,67430472,260264010
2024-01-26,600115.SH,3.95,4.03,3.88,3.95,99292124,391566221
2024-01-29,600115.SH,3.94,3.97,3.89,3.91,77955655,306841204
2024-01-30,600115.SH,3.88,3.91,3.82,3.83,53631481,207341000
2024-01-31,600115.SH,3.79,3.81,3.71,3.74,56788201,212898444
2024-02-01,600115.SH,3.71,3.74,3.67,3.67,59202705,218642209
2024-02-02,600115.SH,3.68,3.73,3.54,3.64,65394193,239525048
2024-02-05,600115.SH,3.64,3.68,3.48,3.61,91105143,326926966
2024-02-06,600115.SH,3.60,3.76,3.56,3.75,83762473,308714564
2024-02-07,600115.SH,3.76,3.78,3.71,3.75,82663042,309701637
2024-02-08,600115.SH,3.75,3.80,3.72,3.78,106996564,402283976
2024-02-19,600115.SH,3.81,3.84,3.75,3.80,71785695,272181300
2024-02-20,600115.SH,3.79,3.79,3.75,3.78,46362168,174737918
2024-02-21,600115.SH,3.77,3.90,3.74,3.86,88464285,339650557
2024-02-22,600115.SH,3.84,3.88,3.82,3.88,51780328,199784860
2024-02-23,600115.SH,3.88,3.89,3.82,3.84,48029019,184674884
2024-02-26,600115.SH,3.85,3.86,3.80,3.81,50059261,191394235
2024-02-27,600115.SH,3.81,3.86,3.80,3.84,52779736,202030195
2024-02-28,600115.SH,3.83,3.87,3.78,3.78,74114568,283987025
2024-02-29,600115.SH,3.76,3.81,3.75,3.81,63228027,239366912
2024-03-01,600115.SH,3.80,3.81,3.72,3.75,63571725,238684566
2024-03-04,600115.SH,3.74,3.76,3.69,3.71,49850397,184902438
2024-03-05,600115.SH,3.69,3.72,3.66,3.68,71860794,264585908
2024-03-06,600115.SH,3.68,3.70,3.65,3.67,44450096,163356960
2024-03-07,600115.SH,3.68,3.69,3.63,3.64,58200073,212910852
2024-03-08,600115.SH,3.64,3.65,3.58,3.62,47823862,172671861
2024-03-11,600115.SH,3.61,3.68,3.60,3.68,54746293,199674817
2024-03-12,600115.SH,3.68,3.74,3.66,3.74,67506960,250282580
2024-03-13,600115.SH,3.74,3.75,3.66,3.67,58602680,215930333
2024-03-14,600115.SH,3.66,3.72,3.65,3.68,50545266,186635846
2024-03-15,600115.SH,3.67,3.72,3.67,3.72,61487326,227640062
2024-03-18,600115.SH,3.73,3.81,3.72,3.79,75212058,283496596
2024-03-19,600115.SH,3.79,3.79,3.75,3.75,40723106,153382744
2024-03-20,600115.SH,3.75,3.80,3.74,3.80,47876303,180850817
2024-03-21,600115.SH,3.80,3.81,3.77,3.79,38848790,147282357
2024-03-22,600115.SH,3.79,3.79,3.70,3.71,45150400,168533481
2024-03-25,600115.SH,3.70,3.72,3.67,3.68,34668577,128149434
2024-03-26,600115.SH,3.68,3.70,3.64,3.67,40442800,148183613
2024-03-27,600115.SH,3.66,3.69,3.64,3.64,39129001,143233399
2024-03-28,600115.SH,3.64,3.67,3.62,3.65,52178229,190156188
2024-03-29,600115.SH,3.65,3.65,3.61,3.64,37655091,136411160
2024-04-01,600115.SH,3.64,3.71,3.64,3.71,60565700,222481971
2024-04-02,600115.SH,3.70,3.70,3.65,3.67,47000467,172571672
2024-04-03,600115.SH,3.66,3.67,3.58,3.60,92986880,335246682
2024-04-08,600115.SH,3.59,3.59,3.53,3.53,58761734,208839168
2024-04-09,600115.SH,3.53,3.57,3.52,3.57,39605308,140715114
2024-04-10,600115.SH,3.57,3.58,3.53,3.57,47531929,168952351
2024-04-11,600115.SH,3.54,3.56,3.52,3.54,46291270,163906836
2024-04-12,600115.SH,3.53,3.55,3.44,3.45,70271076,244869986
2024-04-15,600115.SH,3.45,3.52,3.38,3.49,64207876,222394315
2024-04-16,600115.SH,3.47,3.48,3.38,3.41,67860920,231999949
2024-04-17,600115.SH,3.40,3.50,3.40,3.50,62732461,217053945
2024-04-18,600115.SH,3.50,3.56,3.49,3.55,70524022,249304771
2024-04-19,600115.SH,3.53,3.55,3.48,3.49,52839009,185235456
2024-04-22,600115.SH,3.49,3.62,3.49,3.58,89019440,316600798
2024-04-23,600115.SH,3.56,3.65,3.56,3.59,75953275,273395158
2024-04-24,600115.SH,3.60,3.63,3.57,3.62,34840800,125716801
2024-04-25,600115.SH,3.61,3.68,3.58,3.66,61657249,225056592
2024-04-26,600115.SH,3.67,3.81,3.65,3.78,120273582,449018844
2024-04-29,600115.SH,3.74,3.76,3.67,3.74,81904091,304723266
2024-04-30,600115.SH,3.73,3.88,3.70,3.84,120262777,456334711
2024-05-06,600115.SH,3.85,3.88,3.80,3.82,63929229,244614027
2024-05-07,600115.SH,3.80,3.84,3.79,3.83,52383552,200358642
2024-05-08,600115.SH,3.83,3.85,3.79,3.79,34371815,130852496
2024-05-09,600115.SH,3.80,3.86,3.79,3.82,33556641,128431314
2024-05-10,600115.SH,3.82,3.86,3.78,3.82,38653263,147504764
2024-05-13,600115.SH,3.82,3.83,3.77,3.81,32536819,123737542
2024-05-14,600115.SH,3.79,3.84,3.77,3.83,39893582,151826357
2024-05-15,600115.SH,3.81,3.83,3.78,3.81,39661690,150719321
2024-05-16,600115.SH,3.80,3.82,3.78,3.79,29285126,111274853
2024-05-17,600115.SH,3.80,3.94,3.78,3.94,76563014,296636407
2024-05-20,600115.SH,3.94,4.05,3.93,4.01,72420505,289668119
2024-05-21,600115.SH,3.98,4.04,3.97,3.99,44639695,178743366
2024-05-22,600115.SH,3.99,4.09,3.98,4.05,51972140,210752448
2024-05-23,600115.SH,4.05,4.06,3.95,3.96,49303661,196262362
2024-05-24,600115.SH,3.94,4.01,3.93,3.95,35215666,139603859
2024-05-27,600115.SH,3.95,4.02,3.90,3.99,55942347,221080145
2024-05-28,600115.SH,3.99,4.02,3.94,3.96,43019451,171111071
2024-05-29,600115.SH,3.95,3.99,3.92,3.95,32136296,127060647
2024-05-30,600115.SH,3.93,3.97,3.92,3.96,39406715,155386454
2024-05-31,600115.SH,3.97,3.99,3.93,3.95,33998699,134740978
2024-06-03,600115.SH,3.95,3.99,3.92,3.97,40223201,159375810
2024-06-04,600115.SH,3.97,4.01,3.94,3.99,33185448,132055895
2024-06-05,600115.SH,3.98,4.02,3.96,3.98,42374714,168745185
2024-06-06,600115.SH,3.96,3.98,3.92,3.95,53120879,209681254
2024-06-07,600115.SH,3.95,4.03,3.95,3.96,36500331,145488053
2024-06-11,600115.SH,3.96,3.98,3.92,3.96,34256900,135470084
2024-06-12,600115.SH,3.95,4.00,3.94,3.97,32445271,128903481
2024-06-13,600115.SH,3.96,3.97,3.86,3.94,54077766,212008149
2024-06-14,600115.SH,3.92,3.96,3.89,3.95,44619945,175478861
2024-06-17,600115.SH,3.94,3.98,3.92,3.97,28247585,111782344
2024-06-18,600115.SH,3.98,4.04,3.94,3.98,33025678,131489515
2024-06-19,600115.SH,3.98,3.98,3.94,3.97,24288400,96218029
2024-06-20,600115.SH,3.96,3.97,3.93,3.94,29966900,118278855
2024-06-21,600115.SH,3.93,3.96,3.89,3.94,30145304,118432077
2024-06-24,600115.SH,3.93,3.96,3.85,3.94,47951528,187797090
2024-06-25,600115.SH,3.93,3.95,3.87,3.90,39933469,155680230
2024-06-26,600115.SH,3.89,4.00,3.83,3.97,58815162,229599525
2024-06-27,600115.SH,3.95,4.02,3.94,3.98,44031247,175497814
2024-06-28,600115.SH,3.98,4.02,3.97,4.01,47043440,187946620
2024-07-01,600115.SH,4.00,4.05,4.00,4.04,29327490,118274831
2024-07-02,600115.SH,4.04,4.07,4.00,4.01,28760651,116152235
2024-07-03,600115.SH,4.00,4.02,3.98,3.99,20001789,79972313
2024-07-04,600115.SH,3.99,3.99,3.82,3.84,66437840,258030758
2024-07-05,600115.SH,3.84,3.86,3.75,3.82,53956842,205566656
2024-07-08,600115.SH,3.81,3.89,3.80,3.84,38697270,149036640
2024-07-09,600115.SH,3.85,3.88,3.78,3.84,30580816,117078662
2024-07-10,600115.SH,3.84,3.85,3.72,3.73,32610930,123150167
2024-07-11,600115.SH,3.75,3.94,3.75,3.93,56854489,220134771
2024-07-12,600115.SH,3.91,3.92,3.83,3.90,40178438,155965689
2024-07-15,600115.SH,3.89,3.94,3.86,3.89,27626765,107838074
2024-07-16,600115.SH,3.88,3.97,3.87,3.95,31182170,122739743
2024-07-17,600115.SH,3.94,4.00,3.93,3.99,31376425,124688127
2024-07-18,600115.SH,3.99,4.00,3.95,3.98,36449141,144881028
2024-07-19,600115.SH,3.97,4.04,3.96,4.03,40826895,163659614
2024-07-22,600115.SH,4.03,4.09,4.01,4.06,46957349,190515798
2024-07-23,600115.SH,4.06,4.08,3.99,3.99,30047637,121143853
2024-07-24,600115.SH,3.98,3.99,3.93,3.94,41196686,163088187
2024-07-25,600115.SH,3.94,3.97,3.91,3.94,29496255,116176380
2024-07-26,600115.SH,3.95,3.99,3.93,3.95,34176259,135086085
2024-07-29,600115.SH,3.94,3.96,3.89,3.94,35800190,140338075
2024-07-30,600115.SH,3.94,3.95,3.89,3.94,23558228,92401908
2024-07-31,600115.SH,3.95,4.02,3.94,3.99,51584306,205920540
2024-08-01,600115.SH,3.99,4.03,3.97,4.02,39341172,157440799
2024-08-02,600115.SH,4.01,4.12,3.99,4.06,64012953,260417918
2024-08-05,600115.SH,4.11,4.15,4.08,4.09,72651000,298593086
2024-08-06,600115.SH,4.09,4.15,4.03,4.06,51994469,212158338
2024-08-07,600115.SH,4.07,4.08,4.00,4.04,27004047,109139006
2024-08-08,600115.SH,4.02,4.07,3.97,3.99,50909527,204032628
2024-08-09,600115.SH,4.00,4.00,3.88,3.89,54142504,212062412
2024-08-12,600115.SH,3.89,3.90,3.80,3.81,35497000,136319694
2024-08-13,600115.SH,3.82,3.83,3.74,3.79,40164850,151350319
2024-08-14,600115.SH,3.79,3.80,3.73,3.76,24691893,92889340
2024-08-15,600115.SH,3.76,3.79,3.74,3.76,47366501,178194931
2024-08-16,600115.SH,3.76,3.79,3.72,3.77,43725743,164253901
2024-08-19,600115.SH,3.77,3.81,3.76,3.78,37803600,142987452
2024-08-20,600115.SH,3.77,3.80,3.73,3.73,34673948,130517813
2024-08-21,600115.SH,3.73,3.78,3.71,3.72,30506641,114376723
2024-08-22,600115.SH,3.72,3.73,3.66,3.71,68107328,251904536
2024-08-23,600115.SH,3.71,3.75,3.69,3.73,28774662,107280947
2024-08-26,600115.SH,3.73,3.77,3.71,3.77,25419549,95203152
2024-08-27,600115.SH,3.76,3.78,3.71,3.75,23143070,86529316
2024-08-28,600115.SH,3.76,3.76,3.70,3.72,25298681,94349843
2024-08-29,600115.SH,3.73,3.81,3.70,3.80,41630409,157228808
2024-08-30,600115.SH,3.80,3.84,3.77,3.79,43200063,164288313
2024-09-02,600115.SH,3.78,3.79,3.70,3.74,45787566,171232302
2024-09-03,600115.SH,3.73,3.78,3.69,3.74,47943188,178800219
2024-09-04,600115.SH,3.73,3.78,3.71,3.75,42054400,157552802
2024-09-05,600115.SH,3.75,3.76,3.73,3.75,19028950,71210463
2024-09-06,600115.SH,3.75,3.77,3.72,3.73,23868061,89335635
2024-09-09,600115.SH,3.72,3.74,3.68,3.72,30837000,114372826
2024-09-10,600115.SH,3.71,3.72,3.55,3.64,43920540,159061199
2024-09-11,600115.SH,3.63,3.67,3.61,3.65,24783565,90132012
2024-09-12,600115.SH,3.65,3.67,3.58,3.61,31708820,114695800
2024-09-13,600115.SH,3.61,3.62,3.57,3.60,29643930,106604894
2024-09-18,600115.SH,3.60,3.61,3.48,3.49,39913978,140371345
2024-09-19,600115.SH,3.50,3.54,3.43,3.48,46991915,163693570
2024-09-20,600115.SH,3.48,3.57,3.42,3.54,77108859,270684595
2024-09-23,600115.SH,3.54,3.54,3.48,3.48,33910136,118631449
2024-09-24,600115.SH,3.50,3.58,3.49,3.55,91127659,322123067
2024-09-25,600115.SH,3.58,3.67,3.57,3.59,96446737,350020642
2024-09-26,600115.SH,3.58,3.76,3.56,3.75,127665738,470004251
2024-09-27,600115.SH,3.81,4.00,3.79,3.94,137411948,532245300
2024-09-30,600115.SH,4.00,4.16,3.92,4.14,482359367,1951743289
2024-10-08,600115.SH,4.49,4.49,3.94,4.04,531293128,2200153534
2024-10-09,600115.SH,3.96,3.96,3.75,3.75,253212511,973006343
2024-10-10,600115.SH,3.78,3.85,3.72,3.77,227815268,860733698
2024-10-11,600115.SH,3.77,3.77,3.66,3.69,132577711,491430982
2024-10-14,600115.SH,3.70,3.70,3.62,3.69,111584155,409152010
2024-10-15,600115.SH,3.67,3.72,3.65,3.66,74301297,273711000
2024-10-16,600115.SH,3.63,3.69,3.62,3.64,97364191,355272878
2024-10-17,600115.SH,3.65,3.67,3.55,3.56,125467343,452588395
2024-10-18,600115.SH,3.55,3.66,3.52,3.62,130771126,468445549
2024-10-21,600115.SH,3.61,3.66,3.60,3.61,87526294,316947016
2024-10-22,600115.SH,3.60,3.64,3.58,3.64,78967284,285339644
2024-10-23,600115.SH,3.63,3.73,3.62,3.72,135960499,502853140
2024-10-24,600115.SH,3.70,3.74,3.68,3.70,71555998,265244119
2024-10-25,600115.SH,3.70,3.75,3.69,3.73,71404028,265851514
2024-10-28,600115.SH,3.73,3.87,3.72,3.87,143485885,547652298
2024-10-29,600115.SH,3.89,3.90,3.79,3.80,90704663,347063823
2024-10-30,600115.SH,3.78,3.85,3.78,3.83,80421798,306980053
2024-10-31,600115.SH,3.81,3.88,3.80,3.84,118454013,455587400
2024-11-01,600115.SH,3.83,3.85,3.78,3.84,95398458,365080381
2024-11-04,600115.SH,3.84,3.90,3.82,3.90,107465348,415589808
2024-11-05,600115.SH,3.88,3.95,3.87,3.94,110601061,434141869
2024-11-06,600115.SH,3.93,3.98,3.91,3.94,111514680,439843410
2024-11-07,600115.SH,3.92,4.04,3.91,4.04,127457067,509903275
2024-11-08,600115.SH,4.06,4.08,3.99,4.02,110663816,445611730
2024-11-11,600115.SH,4.02,4.02,3.94,3.99,95864024,381364785
2024-11-12,600115.SH,3.99,4.03,3.92,3.94,87383790,347823524
2024-11-13,600115.SH,3.93,3.96,3.91,3.95,58859502,231792193
2024-11-14,600115.SH,3.94,3.95,3.88,3.89,62237376,243569722
2024-11-15,600115.SH,3.88,4.01,3.88,3.94,118067169,467748250
2024-11-18,600115.SH,3.94,4.04,3.94,3.97,104041705,415565728
2024-11-19,600115.SH,3.96,4.04,3.93,3.98,90648958,360985513
2024-11-20,600115.SH,3.97,4.06,3.96,4.04,89446990,359727214
2024-11-21,600115.SH,4.04,4.06,3.99,4.05,61801770,248899802
2024-11-22,600115.SH,4.06,4.16,4.01,4.07,173344185,711934645
2024-11-25,600115.SH,4.05,4.13,3.98,3.99,118042950,476465839
2024-11-26,600115.SH,3.99,4.13,3.99,4.03,116557825,474996185
2024-11-27,600115.SH,4.02,4.12,4.00,4.11,105944456,431939996
2024-11-28,600115.SH,4.11,4.19,4.06,4.12,100550182,414431904
2024-11-29,600115.SH,4.12,4.15,4.06,4.08,85345088,349075006
2024-12-02,600115.SH,4.08,4.13,4.07,4.08,77173962,315902862
2024-12-03,600115.SH,4.10,4.12,4.04,4.07,55770434,226970507
2024-12-04,600115.SH,4.06,4.07,3.97,3.99,69212893,278137474
2024-12-05,600115.SH,3.99,4.05,3.98,4.05,51076690,205743441
2024-12-06,600115.SH,4.04,4.25,4.04,4.22,190716289,796400199
2024-12-09,600115.SH,4.24,4.33,4.21,4.32,120351897,516436524
2024-12-10,600115.SH,4.40,4.43,4.32,4.33,135254927,591097215
2024-12-11,600115.SH,4.32,4.37,4.27,4.33,75735862,327842251
2024-12-12,600115.SH,4.36,4.39,4.30,4.31,75304341,326706338
2024-12-13,600115.SH,4.30,4.33,4.24,4.25,70595968,302225950
2024-12-16,600115.SH,4.25,4.28,4.09,4.13,121589494,502686003
2024-12-17,600115.SH,4.14,4.16,4.09,4.11,65373977,269689291
2024-12-18,600115.SH,4.11,4.15,4.08,4.08,50183900,205827066
2024-12-19,600115.SH,4.06,4.10,4.00,4.08,62892993,255143305
2024-12-20,600115.SH,4.08,4.13,4.03,4.03,62532964,254891007
2024-12-23,600115.SH,4.05,4.11,4.03,4.04,64971308,263826349
2024-12-24,600115.SH,4.03,4.10,4.02,4.09,83984556,341546026
2024-12-25,600115.SH,4.07,4.09,3.97,4.01,64947420,260501182
2024-12-26,600115.SH,4.01,4.03,3.98,3.98,40569262,162150648
2024-12-27,600115.SH,3.99,4.11,3.97,4.09,89553117,364223323
2024-12-30,600115.SH,4.06,4.14,4.02,4.08,68901894,281377739
2024-12-31,600115.SH,4.09,4.09,4.00,4.00,58266462,235320819
2025-01-02,600115.SH,4.01,4.03,3.86,3.89,78547220,309509699
2025-01-03,600115.SH,3.89,3.93,3.83,3.85,60196182,233368208
2025-01-06,600115.SH,3.85,3.86,3.78,3.83,68064043,259626178
2025-01-07,600115.SH,3.80,3.84,3.77,3.80,59621560,226361314
2025-01-08,600115.SH,3.79,3.81,3.73,3.78,58308654,219806387
2025-01-09,600115.SH,3.78,3.83,3.74,3.74,56548722,213274383
2025-01-10,600115.SH,3.74,3.81,3.69,3.69,53295318,199193558
2025-01-13,600115.SH,3.70,3.73,3.65,3.72,68428220,252001626
2025-01-14,600115.SH,3.71,3.94,3.71,3.94,107964262,417187068
2025-01-15,600115.SH,3.94,3.95,3.89,3.90,43127887,168730298
2025-01-16,600115.SH,3.94,4.02,3.91,3.94,62862134,248905931
2025-01-17,600115.SH,3.95,4.18,3.93,4.09,127430910,520411044
2025-01-20,600115.SH,4.10,4.12,3.91,3.91,90737573,362170468
2025-01-21,600115.SH,3.99,4.02,3.94,3.97,72348378,287899885
2025-01-22,600115.SH,3.96,3.97,3.87,3.92,53388186,208902225
2025-01-23,600115.SH,3.92,3.96,3.84,3.85,67078761,260545173
2025-01-24,600115.SH,3.87,3.93,3.80,3.88,77161642,298407479
2025-01-27,600115.SH,3.90,3.93,3.86,3.88,61047910,237526241
2025-02-05,600115.SH,3.89,3.90,3.75,3.78,70733042,268413431
2025-02-06,600115.SH,3.77,3.80,3.75,3.76,66372019,250145098
2025-02-07,600115.SH,3.77,3.82,3.74,3.79,70639620,267632562
2025-02-10,600115.SH,3.81,3.88,3.79,3.85,67285983,257884917
2025-02-11,600115.SH,3.84,3.86,3.74,3.75,73508848,277332029
2025-02-12,600115.SH,3.76,3.79,3.73,3.76,47538334,178434794
2025-02-13,600115.SH,3.76,3.81,3.76,3.78,60435143,228947767
2025-02-14,600115.SH,3.77,3.81,3.76,3.78,41174933,155625906
2025-02-17,600115.SH,3.78,3.79,3.73,3.74,62474462,233716549
2025-02-18,600115.SH,3.74,3.74,3.66,3.67,72978860,270257388
2025-02-19,600115.SH,3.68,3.68,3.64,3.66,76798722,280935420
2025-02-20,600115.SH,3.67,3.70,3.64,3.66,58931529,215978951
2025-02-21,600115.SH,3.67,3.69,3.64,3.68,51040851,187235627
2025-02-24,600115.SH,3.68,3.83,3.67,3.81,151240961,569515532
2025-02-25,600115.SH,3.80,3.87,3.77,3.81,94314265,361188025
2025-02-26,600115.SH,3.83,3.86,3.74,3.78,77235604,291553488
2025-02-27,600115.SH,3.77,3.84,3.76,3.84,79070259,301473584
2025-02-28,600115.SH,3.83,3.88,3.82,3.83,83961240,323006778
2025-03-03,600115.SH,3.83,3.86,3.81,3.82,59479505,228025320
2025-03-04,600115.SH,3.82,3.86,3.79,3.82,53848504,206062182
2025-03-05,600115.SH,3.83,3.91,3.82,3.91,99006499,383908015
2025-03-06,600115.SH,3.93,3.96,3.86,3.89,79362018,309501418
2025-03-07,600115.SH,3.89,3.89,3.85,3.86,48144895,186326403
2025-03-10,600115.SH,3.86,3.88,3.80,3.81,60918096,232818830
2025-03-11,600115.SH,3.80,3.86,3.79,3.86,44682601,170704862
2025-03-12,600115.SH,3.84,3.86,3.78,3.79,62456260,237528094
2025-03-13,600115.SH,3.79,3.79,3.72,3.74,73853138,276466364
2025-03-14,600115.SH,3.74,3.79,3.73,3.79,55317923,208429336
2025-03-17,600115.SH,3.80,3.85,3.78,3.80,61872513,235776524
2025-03-18,600115.SH,3.80,3.81,3.77,3.79,38992255,147646291
2025-03-19,600115.SH,3.79,3.81,3.75,3.76,84688453,319933674
2025-03-20,600115.SH,3.76,3.78,3.69,3.70,147094657,548296574
2025-03-21,600115.SH,3.70,3.74,3.68,3.69,87373646,324132456
2025-03-24,600115.SH,3.69,3.75,3.69,3.73,85333309,317770106
2025-03-25,600115.SH,3.73,3.84,3.72,3.82,143670446,545356419
2025-03-26,600115.SH,3.82,3.87,3.79,3.85,77053847,295502651
2025-03-27,600115.SH,3.84,3.85,3.80,3.80,55058603,209976884
2025-03-28,600115.SH,3.81,3.82,3.72,3.73,81231600,304738326
2025-03-31,600115.SH,3.72,3.74,3.62,3.63,135278165,494974938
2025-04-01,600115.SH,3.62,3.72,3.62,3.70,91321497,335478353
2025-04-02,600115.SH,3.70,3.73,3.67,3.69,60530366,223504736
2025-04-03,600115.SH,3.68,3.78,3.66,3.77,87879847,328367651
2025-04-07,600115.SH,3.70,3.70,3.47,3.56,145278528,521310186
2025-04-08,600115.SH,3.56,3.63,3.54,3.63,100796332,362058551
2025-04-09,600115.SH,3.59,3.78,3.55,3.76,137644303,505110608
2025-04-10,600115.SH,3.77,3.77,3.70,3.75,93383470,348682347
2025-04-11,600115.SH,3.74,3.80,3.71,3.80,82092196,309755823
2025-04-14,600115.SH,3.79,3.79,3.73,3.74,74800233,280463406
2025-04-15,600115.SH,3.74,3.76,3.70,3.73,58061284,216413437
2025-04-16,600115.SH,3.72,3.82,3.71,3.80,100819539,381682433
2025-04-17,600115.SH,3.79,3.85,3.78,3.83,61606383,235273245
2025-04-18,600115.SH,3.83,3.84,3.78,3.80,43343500,164739056
2025-04-21,600115.SH,3.80,3.81,3.77,3.79,37079010,140583715
2025-04-22,600115.SH,3.80,3.84,3.76,3.78,47609632,180623984
2025-04-23,600115.SH,3.77,3.79,3.73,3.74,56310023,211161647
2025-04-24,600115.SH,3.74,3.79,3.74,3.75,42428163,159876266
2025-04-25,600115.SH,3.75,3.77,3.71,3.72,49317510,183952493
2025-04-28,600115.SH,3.72,3.73,3.68,3.70,57606712,213190882
2025-04-29,600115.SH,3.70,3.75,3.67,3.72,68459435,253837666
2025-04-30,600115.SH,3.69,3.73,3.68,3.69,51809385,191585050
2025-05-06,600115.SH,3.71,3.89,3.71,3.89,180772952,692266392
2025-05-07,600115.SH,3.90,3.91,3.77,3.79,87574800,333652441
2025-05-08,600115.SH,3.79,3.81,3.76,3.77,63123340,238310091
2025-05-09,600115.SH,3.77,3.78,3.72,3.73,60247312,225378043
2025-05-12,600115.SH,3.75,3.78,3.73,3.77,54933742,206449335
2025-05-13,600115.SH,3.79,3.82,3.77,3.81,75288149,285826739
2025-05-14,600115.SH,3.80,3.81,3.76,3.81,62543668,237224196
2025-05-15,600115.SH,3.81,3.83,3.76,3.77,68214900,258408366
2025-05-16,600115.SH,3.76,3.79,3.74,3.79,55692822,209887415
2025-05-19,600115.SH,3.78,3.79,3.75,3.77,52638800,198205507
2025-05-20,600115.SH,3.78,3.81,3.75,3.79,52730628,199289741
2025-05-21,600115.SH,3.78,3.87,3.78,3.86,86684559,332600273
2025-05-22,600115.SH,3.84,3.94,3.83,3.92,114168375,445782958
2025-05-23,600115.SH,3.91,3.97,3.87,3.88,86937505,340688216
2025-05-26,600115.SH,3.89,4.02,3.89,3.99,122489156,487187953
2025-05-27,600115.SH,4.00,4.05,3.98,4.03,83656147,335785296
2025-05-28,600115.SH,4.03,4.07,3.98,4.05,62429587,252091144
2025-05-29,600115.SH,4.05,4.06,3.95,4.04,73751838,295972786
2025-05-30,600115.SH,4.05,4.07,4.02,4.03,60276407,243857985
2025-06-03,600115.SH,4.01,4.07,3.93,4.04,81802014,328102093
2025-06-04,600115.SH,4.04,4.05,3.92,3.94,89755662,354534565
2025-06-05,600115.SH,3.94,4.00,3.93,3.96,57776588,229383722
2025-06-06,600115.SH,3.96,3.99,3.93,3.96,35649021,140891734
2025-06-09,600115.SH,3.96,4.00,3.92,3.97,55883810,221341249
2025-06-10,600115.SH,3.96,4.05,3.95,4.03,81813407,328000854
2025-06-11,600115.SH,4.03,4.10,4.01,4.04,54835801,221943122
2025-06-12,600115.SH,4.02,4.06,3.95,4.04,69962401,280187167
2025-06-13,600115.SH,4.00,4.05,3.95,3.98,86847251,346290761
2025-06-16,600115.SH,3.96,4.01,3.92,3.99,66976114,265780084
2025-06-17,600115.SH,3.99,4.06,3.98,4.03,45523392,182778849
2025-06-18,600115.SH,4.02,4.03,3.98,3.98,45651452,182791025
2025-06-19,600115.SH,4.00,4.01,3.97,3.97,40997826,163467188
2025-06-20,600115.SH,3.97,4.02,3.92,3.94,44637908,176964122
2025-06-23,600115.SH,3.92,3.95,3.84,3.94,57285772,223688551
2025-06-24,600115.SH,3.98,4.08,3.98,4.03,81608102,329327764
2025-06-25,600115.SH,4.03,4.08,4.03,4.07,53785445,218410177
2025-06-26,600115.SH,4.07,4.08,4.01,4.07,50735880,205204438
2025-06-27,600115.SH,4.07,4.14,4.05,4.10,80891762,331671344
2025-06-30,600115.SH,4.08,4.12,4.02,4.03,52159300,211100539
2025-07-01,600115.SH,4.04,4.09,3.98,3.99,58138465,234048116
2025-07-02,600115.SH,4.00,4.01,3.93,3.94,65451988,259168252
2025-07-03,600115.SH,3.93,3.94,3.87,3.88,86381000,336502453
2025-07-04,600115.SH,3.89,3.89,3.78,3.81,164290920,627094124
2025-07-07,600115.SH,3.81,3.84,3.80,3.82,66724036,254907432
2025-07-08,600115.SH,3.81,3.83,3.79,3.83,63730067,243000380
2025-07-09,600115.SH,3.82,3.86,3.81,3.82,71392575,273727632
2025-07-10,600115.SH,3.82,3.84,3.81,3.83,59375754,227240364
2025-07-11,600115.SH,3.84,3.87,3.83,3.84,74025925,285256897
2025-07-14,600115.SH,3.84,3.86,3.82,3.82,57205209,219441924
2025-07-15,600115.SH,3.83,3.84,3.75,3.82,121826995,462093047
2025-07-16,600115.SH,3.81,3.84,3.80,3.82,74758219,286023039
2025-07-17,600115.SH,3.83,3.84,3.80,3.82,46825132,178539716
2025-07-18,600115.SH,3.82,3.83,3.81,3.82,37129851,141826890
2025-07-21,600115.SH,3.82,3.86,3.81,3.85,77257450,296418652
2025-07-22,600115.SH,3.85,3.88,3.82,3.88,75831999,291876116
2025-07-23,600115.SH,3.91,4.01,3.91,3.91,143885622,569031593
2025-07-24,600115.SH,3.90,3.97,3.89,3.97,90478384,356975254
2025-07-25,600115.SH,3.97,3.98,3.93,3.93,62912224,248625363
2025-07-28,600115.SH,3.94,3.97,3.90,3.91,82146940,323191958
2025-07-29,600115.SH,3.90,3.92,3.86,3.88,48661007,188951947
2025-07-30,600115.SH,3.88,3.90,3.86,3.87,46949100,182294171
2025-07-31,600115.SH,3.86,3.87,3.78,3.79,95161317,362334529
2025-08-01,600115.SH,3.79,3.81,3.76,3.79,53119861,200925586
2025-08-04,600115.SH,3.78,3.80,3.77,3.79,49890154,188924850
2025-08-05,600115.SH,3.79,3.83,3.79,3.82,49671550,189384760
2025-08-06,600115.SH,3.82,3.82,3.79,3.81,39896359,151740300
2025-08-07,600115.SH,3.81,3.84,3.80,3.83,44658726,170692854
2025-08-08,600115.SH,3.83,3.83,3.80,3.83,34575725,131945915
2025-08-11,600115.SH,3.83,3.84,3.81,3.84,43132619,165027469
2025-08-12,600115.SH,3.82,3.86,3.82,3.85,51871698,199401565
2025-08-13,600115.SH,3.86,3.88,3.85,3.87,73548087,284159455
2025-08-14,600115.SH,3.87,3.88,3.84,3.85,55483438,214019525
2025-08-15,600115.SH,3.85,4.04,3.83,4.01,189551401,750279371
2025-08-18,600115.SH,4.01,4.07,3.98,4.03,98332881,396781469
2025-08-19,600115.SH,4.02,4.09,4.00,4.07,86079506,349375934
2025-08-20,600115.SH,4.08,4.15,4.04,4.15,94840038,389346099
2025-08-21,600115.SH,4.15,4.18,4.09,4.15,76012411,315718496
2025-08-22,600115.SH,4.15,4.15,4.06,4.08,95220135,388570570
2025-08-25,600115.SH,4.09,4.17,4.07,4.17,83653105,345271288
2025-08-26,600115.SH,4.17,4.21,4.14,4.17,79063639,329930047
2025-08-27,600115.SH,4.17,4.22,4.10,4.11,105642315,439515928
2025-08-28,600115.SH,4.10,4.19,4.09,4.15,105182850,435436845
2025-08-29,600115.SH,4.17,4.23,4.06,4.07,144239134,595228954
2025-09-01,600115.SH,4.09,4.12,3.99,3.99,169898814,685342536
2025-09-02,600115.SH,4.01,4.05,3.99,4.01,89718578,360354359
2025-09-03,600115.SH,4.02,4.03,3.95,3.96,73088380,290163900
2025-09-04,600115.SH,3.95,3.99,3.92,3.98,81255909,321856879
2025-09-05,600115.SH,3.97,4.07,3.96,4.05,92942917,373141550
2025-09-08,600115.SH,4.06,4.21,4.05,4.13,172399184,712244517
2025-09-09,600115.SH,4.12,4.16,4.08,4.15,75787018,312489062
2025-09-10,600115.SH,4.13,4.14,4.06,4.11,68180898,279672472
2025-09-11,600115.SH,4.10,4.12,4.04,4.08,70021558,285008109
2025-09-12,600115.SH,4.09,4.10,3.99,4.03,204625684,825448740
2025-09-15,600115.SH,4.01,4.08,3.97,3.98,102748673,412020725
2025-09-16,600115.SH,3.99,4.09,3.95,4.02,215818543,866026561
2025-09-17,600115.SH,4.01,4.23,4.00,4.20,243044238,1007042217
2025-09-18,600115.SH,4.20,4.21,4.00,4.04,164881687,673938820
2025-09-19,600115.SH,4.03,4.09,3.99,4.07,113076137,456619080
2025-09-22,600115.SH,4.06,4.09,3.99,4.08,89105800,359887706
2025-09-23,600115.SH,4.06,4.06,3.94,4.03,113579880,453520383
2025-09-24,600115.SH,4.01,4.06,3.99,4.05,78796054,316874528
2025-09-25,600115.SH,4.04,4.11,4.01,4.09,95645053,389684214
2025-09-26,600115.SH,4.07,4.13,4.04,4.09,57857317,235946346
2025-09-29,600115.SH,4.09,4.10,4.01,4.08,97780200,396039266
2025-09-30,600115.SH,4.07,4.19,4.02,4.15,134961127,553857835
2025-10-09,600115.SH,4.09,4.26,3.97,4.22,229571933,941059969
2025-10-10,600115.SH,4.15,4.25,4.14,4.18,120540393,505960491
2025-10-13,600115.SH,4.10,4.14,4.07,4.10,81354503,333868078
2025-10-14,600115.SH,4.11,4.20,4.08,4.15,105343724,436210140
2025-10-15,600115.SH,4.15,4.43,4.12,4.39,242504283,1046073163
2025-10-16,600115.SH,4.39,4.50,4.37,4.45,185702154,823536370
2025-10-17,600115.SH,4.45,4.51,4.41,4.48,136520067,611074996
2025-10-20,600115.SH,4.48,4.82,4.48,4.78,301867557,1411835797
2025-10-21,600115.SH,4.80,4.89,4.71,4.86,171254134,822088284
2025-10-22,600115.SH,4.82,4.94,4.78,4.90,109723182,533516726
2025-10-23,600115.SH,4.90,4.96,4.82,4.94,96619091,473028000
2025-10-24,600115.SH,4.94,4.94,4.76,4.85,112632208,543234251
2025-10-27,600115.SH,4.86,4.90,4.79,4.83,95318975,462094048
2025-10-28,600115.SH,4.85,4.91,4.77,4.84,96578940,467935998
2025-10-29,600115.SH,4.81,4.85,4.74,4.81,107522641,515483698
2025-10-30,600115.SH,4.81,4.87,4.75,4.81,137505998,662727072
2025-10-31,600115.SH,4.81,4.83,4.71,4.80,159348334,760759038
2025-11-03,600115.SH,4.80,5.07,4.75,5.01,225132883,1111717088
2025-11-04,600115.SH,5.01,5.06,4.90,4.95,124986703,621071973
2025-11-05,600115.SH,4.95,5.02,4.86,4.95,102768500,509350360
2025-11-06,600115.SH,4.95,5.04,4.91,4.96,112255869,557947571
2025-11-07,600115.SH,4.95,5.03,4.88,4.90,100925768,498074241
2025-11-10,600115.SH,4.92,5.32,4.89,5.26,304933099,1571616218
2025-11-11,600115.SH,5.21,5.33,5.18,5.29,127212886,669829694
2025-11-12,600115.SH,5.26,5.34,5.21,5.26,109224390,576101911
2025-11-13,600115.SH,5.28,5.40,5.22,5.32,109117173,581116371
2025-11-14,600115.SH,5.32,5.34,5.21,5.24,72703076,383344234
2025-11-17,600115.SH,5.13,5.38,5.00,5.35,184273766,966230978
2025-11-18,600115.SH,5.38,5.45,5.21,5.36,119866530,642166349
2025-11-19,600115.SH,5.36,5.48,5.23,5.28,107209180,569150299
2025-11-20,600115.SH,5.26,5.36,5.23,5.26,80859985,427900363
2025-11-21,600115.SH,5.21,5.28,5.15,5.18,90701650,472089903
2025-11-24,600115.SH,5.17,5.28,5.09,5.14,95999560,495438987
2025-11-25,600115.SH,5.16,5.17,4.87,4.94,206294700,1027715194
2025-11-26,600115.SH,4.95,5.09,4.92,5.06,125881616,633864668
2025-11-27,600115.SH,5.06,5.12,4.95,5.05,96863447,488731248
2025-11-28,600115.SH,5.05,5.11,5.00,5.04,63928457,322586712
2025-12-01,600115.SH,5.04,5.14,4.99,5.12,107549982,546258156
2025-12-02,600115.SH,5.10,5.17,5.05,5.12,67413484,345027986
2025-12-03,600115.SH,5.12,5.27,5.06,5.21,90255670,469303523
2025-12-04,600115.SH,5.21,5.25,5.07,5.19,89413550,461647952
2025-12-05,600115.SH,5.18,5.22,5.09,5.10,55087273,282546190
2025-12-08,600115.SH,5.12,5.22,4.98,5.22,90572096,465213996
2025-12-09,600115.SH,5.18,5.20,5.03,5.05,64879191,329403353
2025-12-10,600115.SH,5.05,5.11,5.02,5.08,47300641,240028786
2025-12-11,600115.SH,5.07,5.15,5.03,5.03,53112832,270092686
2025-12-12,600115.SH,5.04,5.22,4.99,5.13,87555340,448950545
2025-12-15,600115.SH,5.12,5.28,5.08,5.24,97597854,509094900
2025-12-16,600115.SH,5.26,5.43,5.23,5.40,158809474,848331834
2025-12-17,600115.SH,5.47,5.72,5.42,5.68,211397908,1189017266
2025-12-18,600115.SH,5.61,5.79,5.58,5.73,128690362,733745661
2025-12-19,600115.SH,5.71,5.79,5.59,5.77,111905365,640500087
2025-12-22,600115.SH,5.77,5.81,5.66,5.76,105263621,604493896
2025-12-23,600115.SH,5.75,5.75,5.58,5.65,109300112,615728859
2025-12-24,600115.SH,5.65,5.66,5.53,5.62,125154682,699086040
2025-12-25,600115.SH,5.62,5.68,5.56,5.62,106669383,599082638
2025-12-26,600115.SH,5.59,5.62,5.48,5.55,109067904,604599811
2025-12-29,600115.SH,5.54,5.80,5.52,5.69,143382889,816130278
2025-12-30,600115.SH,5.66,5.76,5.54,5.67,107215893,606754967
2025-12-31,600115.SH,5.67,6.03,5.66,6.00,160768125,947983526
2026-01-05,600115.SH,5.99,6.07,5.88,6.05,179285243,1070386178
2026-01-06,600115.SH,5.98,6.19,5.80,6.13,225942236,1373396351
2026-01-07,600115.SH,6.11,6.27,6.08,6.14,87338319,537879745
2026-01-08,600115.SH,6.10,6.25,6.04,6.18,82779265,509600849
2026-01-09,600115.SH,6.14,6.14,5.86,5.98,130340679,777856361
2026-01-12,600115.SH,5.97,6.23,5.92,6.00,110103756,668916843
2026-01-13,600115.SH,5.93,6.12,5.91,6.03,98931006,594757358
2026-01-14,600115.SH,5.98,6.01,5.76,5.85,126750367,748317081
2026-01-15,600115.SH,5.82,5.98,5.81,5.83,89079754,523320917
2026-01-16,600115.SH,5.93,5.94,5.70,5.78,133033102,770103215
2026-01-19,600115.SH,5.80,6.16,5.78,6.13,161150138,978782800
2026-01-20,600115.SH,6.13,6.48,6.09,6.36,176325437,1110835532
2026-01-21,600115.SH,6.39,6.41,6.19,6.22,110965867,694928223
2026-01-22,600115.SH,6.22,6.26,6.04,6.07,142637101,872917910
2026-01-23,600115.SH,6.09,6.09,5.82,5.88,153561828,909169026
2026-01-26,600115.SH,5.89,6.06,5.77,5.81,262034208,1535901541
2026-01-27,600115.SH,5.84,5.92,5.74,5.78,127780038,742903636
2026-01-28,600115.SH,5.82,5.82,5.40,5.44,283354440,1570667472
2026-01-29,600115.SH,5.41,5.43,5.30,5.40,188111984,1009465438
2026-01-30,600115.SH,5.41,5.49,5.36,5.44,144682420,787411110
2026-02-02,600115.SH,5.45,5.67,5.40,5.48,194284941,1081654579
2026-02-03,600115.SH,5.51,5.74,5.49,5.71,199765083,1124077633
2026-02-04,600115.SH,5.73,6.28,5.71,6.28,241774792,1477764770
2026-02-05,600115.SH,6.25,6.41,6.21,6.37,249455478,1581492110
2026-02-06,600115.SH,6.31,6.40,6.23,6.30,161160662,1014743630
2026-02-09,600115.SH,6.30,6.46,6.22,6.39,174884771,1113269866
2026-02-10,600115.SH,6.40,6.40,6.12,6.32,162545957,1015745186
2026-02-11,600115.SH,6.32,6.35,6.14,6.19,140814840,880558337
2026-02-12,600115.SH,6.23,6.23,5.95,6.00,151386389,918878913
2026-02-13,600115.SH,6.04,6.05,5.89,5.93,84728047,504855570
2026-02-24,600115.SH,5.92,5.92,5.72,5.80,126592267,735857292
2026-02-25,600115.SH,5.79,5.90,5.71,5.76,149633860,866256910
2026-02-26,600115.SH,5.78,5.98,5.77,5.85,134107520,786562220
2026-02-27,600115.SH,5.87,5.95,5.67,5.73,120329082,691968823
2026-03-02,600115.SH,5.41,5.63,5.26,5.55,350238667,1916345213
2026-03-03,600115.SH,5.48,5.55,5.28,5.42,222945304,1205723417
2026-03-04,600115.SH,5.34,5.47,5.20,5.23,158374176,838862896
2026-03-05,600115.SH,5.28,5.31,5.03,5.09,175938177,902553639
2026-03-06,600115.SH,5.06,5.15,4.92,5.12,195771752,993225985
2026-03-09,600115.SH,4.87,4.88,4.62,4.83,489821117,2325825258
2026-03-10,600115.SH,5.03,5.09,4.84,4.86,297259379,1468771138
2026-03-11,600115.SH,4.93,4.93,4.70,4.76,234314484,1118310554
2026-03-12,600115.SH,4.68,4.76,4.62,4.69,215144268,1007960868
2026-03-13,600115.SH,4.66,4.75,4.60,4.70,220988412,1038880355
2026-03-16,600115.SH,4.70,4.74,4.55,4.68,278099199,1287801363
2026-03-17,600115.SH,4.67,4.88,4.66,4.74,376016212,1807715173
2026-03-18,600115.SH,4.79,4.81,4.64,4.68,199702688,937456625
2026-03-19,600115.SH,4.60,4.60,4.39,4.41,272028416,1219269593
2026-03-20,600115.SH,4.48,4.54,4.31,4.33,188207163,830432299
2026-03-23,600115.SH,4.24,4.26,4.02,4.03,319034115,1317687452
2026-03-24,600115.SH,4.16,4.24,4.11,4.18,275593229,1150823106
2026-03-25,600115.SH,4.33,4.45,4.31,4.38,330400117,1441825680
2026-03-26,600115.SH,4.34,4.49,4.27,4.31,235717884,1030194616
2026-03-27,600115.SH,4.27,4.43,4.26,4.35,167232215,730195491
2026-03-30,600115.SH,4.23,4.39,4.19,4.35,176107089,756418864
2026-03-31,600115.SH,4.35,4.43,4.25,4.25,155821389,673752587
2026-04-01,600115.SH,4.45,4.60,4.37,4.54,308851391,1391168544
2026-04-02,600115.SH,4.46,4.49,4.28,4.37,240100927,1043972468
2026-04-03,600115.SH,4.34,4.36,4.23,4.29,156675537,670573581
2026-04-07,600115.SH,4.25,4.28,4.19,4.24,112882115,477879402
2026-04-08,600115.SH,4.58,4.66,4.57,4.66,234132370,1087363894
2026-04-09,600115.SH,4.53,4.71,4.53,4.61,283645065,1307828883
2026-04-10,600115.SH,4.64,4.73,4.44,4.45,257374386,1161044945
2026-04-13,600115.SH,4.34,4.43,4.33,4.42,160379581,702613253
2026-04-14,600115.SH,4.49,4.53,4.33,4.42,206504327,908020800
2026-04-15,600115.SH,4.54,4.62,4.39,4.42,308343087,1390213525
2026-04-16,600115.SH,4.44,4.50,4.40,4.42,213505445,946629363
2026-04-17,600115.SH,4.40,4.43,4.36,4.41,182715713,802436972
2026-04-20,600115.SH,4.41,4.62,4.39,4.59,343220345,1552641503
2026-04-21,600115.SH,4.52,4.67,4.51,4.63,221770708,1022833913
2026-04-22,600115.SH,4.58,4.64,4.53,4.59,149792981,687440010
2026-04-23,600115.SH,4.55,4.56,4.41,4.46,178709653,799874661
2026-04-24,600115.SH,4.41,4.47,4.39,4.42,123833528,547241437
2026-04-27,600115.SH,4.38,4.40,4.29,4.36,141808742,615238311
2026-04-28,600115.SH,4.33,4.35,4.28,4.32,131895954,568290200
2026-04-29,600115.SH,4.30,4.37,4.27,4.36,117782014,510908368
2026-04-30,600115.SH,4.35,4.40,4.26,4.32,254731197,1103946684
2026-05-06,600115.SH,4.37,4.48,4.32,4.42,260006215,1148100091
2026-05-07,600115.SH,4.60,4.70,4.46,4.53,305712422,1391861013
2026-05-08,600115.SH,4.47,4.69,4.45,4.61,323424075,1488664398
2026-05-11,600115.SH,4.52,4.56,4.48,4.52,192497292,868521076
2026-05-12,600115.SH,4.51,4.57,4.41,4.44,203699447,913094563
2026-05-13,600115.SH,4.42,4.51,4.37,4.51,187241963,830405941
2026-05-14,600115.SH,4.49,4.51,4.34,4.34,168037256,741210106
2026-05-15,600115.SH,4.33,4.34,4.10,4.13,310159935,1292563255
2026-05-18,600115.SH,4.06,4.07,3.99,4.06,217811020,877155967
2026-05-19,600115.SH,4.07,4.16,4.06,4.15,172837630,711535116
2026-05-20,600115.SH,4.11,4.12,4.04,4.12,140158926,573112294
2026-05-21,600115.SH,4.22,4.37,4.17,4.21,299636102,1276627320
2026-05-22,600115.SH,4.23,4.23,4.11,4.14,187602569,778254656
2026-05-25,600115.SH,4.30,4.53,4.29,4.40,385273301,1693585218
2026-05-26,600115.SH,4.36,4.51,4.36,4.44,268268310,1190374392
2026-05-27,600115.SH,4.40,4.42,4.28,4.31,240014019,1043458806
2026-05-28,600115.SH,4.34,4.43,4.24,4.28,197467653,855621560
2026-05-29,600115.SH,4.36,4.54,4.35,4.39,303891146,1354314591
2026-06-01,600115.SH,4.31,4.36,4.20,4.28,221489956,948228253
2026-06-02,600115.SH,4.21,4.24,4.13,4.17,268813730,1120433452
2026-06-03,600115.SH,4.10,4.14,4.00,4.01,287070112,1164743427
2026-06-04,600115.SH,4.01,4.04,3.95,3.97,246606727,984280640
2026-06-05,600115.SH,4.01,4.07,3.92,3.96,238943327,952621157
2026-06-08,600115.SH,3.84,3.84,3.71,3.75,301155932,1137300395
2026-06-09,600115.SH,3.78,3.85,3.75,3.81,221920794,842305862
2026-06-10,600115.SH,3.76,3.84,3.75,3.83,179386648,681008528
2026-06-11,600115.SH,3.75,3.75,3.66,3.70,193883121,716867925
2026-06-12,600115.SH,3.83,3.93,3.82,3.90,319368708,1240040422
2026-06-15,600115.SH,4.14,4.27,4.08,4.12,417137051,1736268004
2026-06-16,600115.SH,4.11,4.12,4.01,4.03,248046121,1006103642
2026-06-17,600115.SH,4.12,4.13,4.02,4.08,241099755,981607230
2026-06-18,600115.SH,4.05,4.10,3.90,3.92,254158620,1011040861
2026-06-22,600115.SH,3.84,3.94,3.75,3.92,288101783,1102820562
2026-06-23,600115.SH,3.91,3.96,3.81,3.83,187581933,728314121
2026-06-24,600115.SH,3.84,3.98,3.78,3.88,222864647,867053126
2026-06-25,600115.SH,3.99,4.24,3.98,4.15,466816363,1929894242
2026-06-26,600115.SH,4.09,4.14,4.05,4.05,248381473,1016351413
2026-06-29,600115.SH,4.01,4.05,3.88,3.95,212458991,837644386
2026-06-30,600115.SH,3.92,3.93,3.76,3.81,316874553,1213882348
2026-07-01,600115.SH,3.79,3.96,3.74,3.93,258020929,998264187
2026-07-02,600115.SH,3.98,4.00,3.84,3.86,227076838,883988899
2026-07-03,600115.SH,3.86,3.90,3.78,3.80,216683300,828020969
2026-07-06,600115.SH,3.80,3.89,3.77,3.85,234777212,902907480
2026-07-07,600115.SH,3.81,3.83,3.72,3.74,247860104,932867435
2026-07-08,600115.SH,3.67,3.71,3.62,3.67,223721543,819988351
2026-07-09,600115.SH,3.61,3.63,3.54,3.61,242568069,869571700
2026-07-10,600115.SH,3.61,3.70,3.58,3.66,169834390,619866504
2026-07-13,600115.SH,3.58,3.60,3.52,3.56,202404126,720083014
2026-07-14,600115.SH,3.49,3.60,3.47,3.60,155601298,548867994
2026-07-15,600115.SH,3.54,3.64,3.53,3.62,182865602,657640727
2026-07-16,600115.SH,3.59,3.61,3.54,3.57,145341825,519199728
2026-07-17,600115.SH,3.54,3.59,3.47,3.51,193669698,683922548
2026-07-20,600115.SH,3.46,3.53,3.46,3.52,177773264,620833841
2026-07-21,600115.SH,3.51,3.60,3.51,3.57,201618162,718155602
2026-07-22,600115.SH,3.54,3.60,3.52,3.59,155224574,554124527
2026-07-23,600115.SH,3.57,3.67,3.55,3.66,153217940,555734379
2026-07-24,600115.SH,3.62,3.64,3.53,3.54,137257770,490614167
2026-07-27,600115.SH,3.59,3.68,3.56,3.64,200548664,725848849
2026-07-28,600115.SH,3.62,3.70,3.61,3.63,202063703,738485669
2026-07-29,600115.SH,3.61,3.69,3.59,3.67,209579443,763210566
2026-07-30,600115.SH,3.64,3.72,3.63,3.69,171822495,632753507
2026-07-31,600115.SH,3.68,3.75,3.68,3.74,140754128,522815793
2026-08-03,600115.SH,3.76,3.79,3.72,3.76,139369162,523181030
2026-08-04,600115.SH,3.77,3.78,3.67,3.69,168694856,624068459
2026-08-05,600115.SH,3.74,3.80,3.71,3.78,215755903,812135818
2026-08-06,600115.SH,3.75,3.82,3.71,3.74,121933375,456819628
2026-08-07,600115.SH,3.71,3.72,3.66,3.69,140816974,518523151
2026-08-10,600115.SH,3.68,3.70,3.66,3.70,106060136,390556687
2026-08-11,600115.SH,3.67,3.67,3.59,3.60,164936364,598611275
2026-08-12,600115.SH,3.59,3.62,3.57,3.61,112896066,405374708
2026-08-13,600115.SH,3.61,3.63,3.56,3.57,106055674,381200730
2026-08-14,600115.SH,3.57,3.58,3.51,3.53,125241570,442704885
2026-08-17,600115.SH,3.52,3.54,3.50,3.53,109164619,384221468
2026-08-18,600115.SH,3.51,3.52,3.49,3.50,114119056,399653977
2026-08-19,600115.SH,3.49,3.50,3.44,3.45,144825785,501961851
2026-08-20,600115.SH,3.45,3.49,3.44,3.48,122388599,424845477
2026-08-21,600115.SH,3.45,3.46,3.43,3.44,107158067,368702016
2026-08-24,600115.SH,3.45,3.48,3.44,3.48,125871862,435557779
2026-08-25,600115.SH,3.47,3.56,3.46,3.53,134316169,471520715
2026-08-26,600115.SH,3.60,3.63,3.56,3.60,204739559,736431051
2026-08-27,600115.SH,3.57,3.59,3.51,3.55,148521941,525957324
2026-08-28,600115.SH,3.52,3.57,3.51,3.56,100196075,355460026
2026-08-31,600115.SH,3.53,3.54,3.48,3.49,131953523,461619207
2026-09-01,600115.SH,3.48,3.52,3.47,3.49,151790076,530792168
2026-09-02,600115.SH,3.44,3.45,3.40,3.41,182206167,622350355
2026-09-03,600115.SH,3.42,3.46,3.41,3.43,133028003,456666109
2026-09-04,600115.SH,3.42,3.54,3.41,3.49,251014159,875604246
2026-09-07,600115.SH,3.48,3.53,3.47,3.50,134216142,469480772
2026-09-08,600115.SH,3.49,3.54,3.48,3.49,129204814,452695279
