trade_date,wind_code,open,high,low,close,volume,amt
2015-12-01,000959.SZ,3.31,3.33,3.26,3.31,23356694,81980131
2015-12-02,000959.SZ,3.30,3.53,3.29,3.47,60197949,218833350
2015-12-03,000959.SZ,3.48,3.53,3.44,3.48,33455345,124555535
2015-12-04,000959.SZ,3.45,3.47,3.41,3.43,20265302,74487673
2015-12-07,000959.SZ,3.44,3.47,3.41,3.44,13682206,50269578
2015-12-08,000959.SZ,3.43,3.44,3.31,3.34,20201295,72356371
2015-12-09,000959.SZ,3.33,3.43,3.30,3.41,24609240,88940310
2015-12-10,000959.SZ,3.40,3.50,3.38,3.43,28864667,106076628
2015-12-11,000959.SZ,3.41,3.42,3.35,3.36,12170189,43833439
2015-12-14,000959.SZ,3.30,3.44,3.30,3.43,20272792,73272428
2015-12-15,000959.SZ,3.42,3.48,3.41,3.44,14537404,53427338
2015-12-16,000959.SZ,3.46,3.48,3.40,3.42,16571719,60647632
2015-12-17,000959.SZ,3.44,3.58,3.42,3.52,41582914,155716265
2015-12-18,000959.SZ,3.51,3.53,3.47,3.51,25546815,95320974
2015-12-21,000959.SZ,3.51,3.63,3.48,3.58,53069341,202142801
2015-12-22,000959.SZ,3.58,3.67,3.55,3.61,33352165,128710021
2015-12-23,000959.SZ,3.62,3.65,3.54,3.54,27791440,106432223
2015-12-24,000959.SZ,3.53,3.63,3.51,3.62,29054093,111197995
2015-12-25,000959.SZ,3.62,3.65,3.56,3.61,16340947,62880674
2015-12-28,000959.SZ,3.61,3.64,3.50,3.50,19027454,72233511
2015-12-29,000959.SZ,3.50,3.51,3.43,3.49,23260755,85865865
2015-12-30,000959.SZ,3.50,3.51,3.45,3.48,18819890,69835282
2015-12-31,000959.SZ,3.48,3.82,3.47,3.82,207556935,840946727
2016-01-04,000959.SZ,3.79,3.81,3.44,3.45,123015904,480672402
2016-01-05,000959.SZ,3.28,3.80,3.26,3.76,145176934,561240768
2016-01-06,000959.SZ,3.74,4.13,3.63,4.13,146886946,628428020
2016-01-07,000959.SZ,4.14,4.22,3.74,3.82,51975264,218060805
2016-01-08,000959.SZ,4.01,4.21,3.93,4.21,132686969,589412637
2016-01-11,000959.SZ,4.22,4.43,3.93,4.17,210139804,934433256
2016-01-12,000959.SZ,4.05,4.12,3.76,3.85,101392119,425764499
2016-01-13,000959.SZ,3.82,4.24,3.81,4.12,212371952,948481708
2016-01-14,000959.SZ,3.89,4.54,3.80,4.47,237959233,1068561490
2016-01-15,000959.SZ,4.37,4.50,4.02,4.23,170688908,776770576
2016-01-18,000959.SZ,4.04,4.25,3.93,4.07,110528155,479203985
2016-01-19,000959.SZ,3.99,4.22,3.93,4.16,111375043,489027029
2016-01-20,000959.SZ,4.07,4.10,3.82,3.86,104725685,441274534
2016-01-21,000959.SZ,3.77,3.96,3.58,3.59,94307520,378231108
2016-01-22,000959.SZ,3.66,3.86,3.59,3.74,95416370,380097788
2016-01-25,000959.SZ,3.81,4.05,3.79,3.90,85991355,361029691
2016-01-26,000959.SZ,3.82,4.29,3.75,4.06,136452485,588838241
2016-01-27,000959.SZ,4.05,4.46,3.96,4.18,162056089,737037462
2016-01-28,000959.SZ,4.02,4.22,3.92,3.95,91078512,393696729
2016-01-29,000959.SZ,3.95,4.14,3.81,4.04,90661421,386996262
2016-02-01,000959.SZ,4.01,4.19,3.69,3.81,84073987,352862903
2016-02-02,000959.SZ,3.79,3.88,3.67,3.86,66622325,270163771
2016-02-03,000959.SZ,3.78,3.79,3.52,3.67,71032469,277202916
2016-02-04,000959.SZ,3.69,3.82,3.67,3.70,52439654,209689452
2016-02-05,000959.SZ,3.72,3.98,3.71,3.87,62591229,258033318
2016-02-15,000959.SZ,3.66,3.76,3.61,3.73,50955106,200783582
2016-02-16,000959.SZ,3.73,3.95,3.72,3.85,73527127,300250937
2016-02-17,000959.SZ,3.84,3.95,3.80,3.91,71357030,295088154
2016-02-18,000959.SZ,3.91,4.30,3.88,4.13,120724957,537956973
2016-02-19,000959.SZ,4.04,4.20,3.96,4.11,81183887,352637804
2016-02-22,000959.SZ,4.18,4.52,4.18,4.52,152749020,726060858
2016-02-23,000959.SZ,4.52,4.96,4.42,4.75,177670891,878277829
2016-02-24,000959.SZ,4.69,4.76,4.54,4.73,91594821,453030885
2016-02-25,000959.SZ,4.66,4.69,4.26,4.37,94962069,448745391
2016-02-26,000959.SZ,4.46,4.77,4.33,4.67,106027884,513230694
2016-02-29,000959.SZ,4.57,4.83,4.20,4.59,99151644,475685297
2016-03-01,000959.SZ,4.58,4.86,4.44,4.57,105960265,530115991
2016-03-02,000959.SZ,4.59,4.97,4.48,4.94,107490336,551082471
2016-03-03,000959.SZ,4.87,5.04,4.77,4.85,90879199,473098927
2016-03-04,000959.SZ,4.80,4.93,4.57,4.73,77573745,396460490
2016-03-07,000959.SZ,4.87,5.03,4.68,4.77,71514650,368682628
2016-03-08,000959.SZ,4.97,4.97,4.56,4.76,77514411,388314673
2016-03-09,000959.SZ,4.51,4.59,4.31,4.35,66796435,315592580
2016-03-10,000959.SZ,4.40,4.47,4.26,4.29,41444715,192987274
2016-03-11,000959.SZ,4.24,4.31,4.16,4.29,27962907,126381727
2016-03-14,000959.SZ,4.30,4.48,4.29,4.38,41009614,192982555
2016-03-15,000959.SZ,4.31,4.38,4.23,4.29,27614953,126190466
2016-03-16,000959.SZ,4.29,4.35,4.17,4.21,32073280,144679387
2016-03-17,000959.SZ,4.22,4.33,4.12,4.28,48436906,219649082
2016-03-18,000959.SZ,4.28,4.45,4.28,4.45,53371997,249410274
2016-03-21,000959.SZ,4.46,4.64,4.41,4.58,72889728,351760695
2016-03-22,000959.SZ,4.50,4.57,4.42,4.47,50479394,242253418
2016-03-23,000959.SZ,4.45,4.58,4.40,4.47,35424993,168936034
2016-03-24,000959.SZ,4.42,4.42,4.25,4.29,48454216,223448195
2016-03-25,000959.SZ,4.27,4.32,4.22,4.30,28363943,129015295
2016-03-28,000959.SZ,4.31,4.47,4.26,4.27,47556607,221919147
2016-03-29,000959.SZ,4.31,4.31,4.18,4.26,26131530,118114472
2016-03-30,000959.SZ,4.28,4.34,4.20,4.34,34303899,157121151
2016-03-31,000959.SZ,4.33,4.44,4.27,4.41,45048554,209386621
2016-04-01,000959.SZ,4.36,4.64,4.36,4.52,64562961,311401434
2016-04-05,000959.SZ,4.51,4.67,4.42,4.64,52828054,256607528
2016-04-06,000959.SZ,4.68,4.68,4.50,4.62,38251554,187470971
2016-04-07,000959.SZ,4.57,4.65,4.41,4.51,38677658,188327500
2016-04-08,000959.SZ,4.48,4.52,4.40,4.41,33418533,158055620
2016-04-11,000959.SZ,4.50,4.85,4.45,4.67,72216162,363910838
2016-04-12,000959.SZ,4.66,4.78,4.62,4.70,48910037,245386025
2016-04-13,000959.SZ,4.79,4.94,4.69,4.71,77206935,395621498
2016-04-14,000959.SZ,4.71,4.75,4.57,4.66,46674959,230265116
2016-04-15,000959.SZ,4.61,4.63,4.50,4.56,47141106,228468209
2016-04-18,000959.SZ,4.55,4.56,4.46,4.51,42855458,205465602
2016-04-19,000959.SZ,4.55,4.57,4.41,4.45,37334570,177615941
2016-04-20,000959.SZ,4.50,4.56,4.11,4.25,59568791,274845858
2016-04-21,000959.SZ,4.18,4.41,4.18,4.26,56796285,262192530
2016-04-22,000959.SZ,4.22,4.25,4.12,4.20,35224750,157037221
2016-04-25,000959.SZ,4.20,4.22,4.12,4.18,22789861,101616969
2016-04-26,000959.SZ,4.17,4.21,4.05,4.12,37512615,163724051
2016-04-27,000959.SZ,4.12,4.13,4.05,4.07,23692878,103211183
2016-04-28,000959.SZ,4.08,4.09,3.99,4.05,24660348,106347874
2016-04-29,000959.SZ,4.06,4.11,4.02,4.06,18979440,82479549
2016-05-03,000959.SZ,4.08,4.13,4.05,4.12,36516599,159388311
2016-05-04,000959.SZ,4.11,4.12,4.06,4.08,30037252,130863946
2016-05-05,000959.SZ,4.08,4.10,4.02,4.10,24219963,104658913
2016-05-06,000959.SZ,4.07,4.09,3.88,3.90,36492698,154881187
2016-05-09,000959.SZ,3.84,3.86,3.62,3.65,36678425,145125749
2016-05-10,000959.SZ,3.64,3.67,3.60,3.62,15381979,59751367
2016-05-11,000959.SZ,3.65,3.66,3.54,3.59,17479055,67168511
2016-05-12,000959.SZ,3.55,3.79,3.43,3.74,44629276,173232982
2016-05-13,000959.SZ,3.66,3.81,3.64,3.70,28917089,114861398
2016-05-16,000959.SZ,3.67,3.72,3.65,3.69,16556182,65054451
2016-05-17,000959.SZ,3.70,3.82,3.70,3.73,25665175,103146972
2016-05-18,000959.SZ,3.71,3.72,3.57,3.64,20580551,79646919
2016-05-19,000959.SZ,3.66,3.84,3.66,3.66,23895310,95713499
2016-05-20,000959.SZ,3.58,3.65,3.53,3.64,19761929,75792101
2016-05-23,000959.SZ,3.65,3.66,3.60,3.63,13763134,53259633
2016-05-24,000959.SZ,3.62,3.62,3.51,3.58,21591919,81678029
2016-05-25,000959.SZ,3.58,3.62,3.54,3.56,12204938,46510617
2016-05-26,000959.SZ,3.54,3.56,3.47,3.53,11873254,44421967
2016-05-27,000959.SZ,3.52,3.56,3.48,3.52,12577941,47230663
2016-05-30,000959.SZ,3.51,3.55,3.49,3.53,9426954,35440562
2016-05-31,000959.SZ,3.52,3.65,3.51,3.63,24095214,92413545
2016-06-01,000959.SZ,3.63,3.65,3.60,3.62,23555375,90864694
2016-06-02,000959.SZ,3.63,3.67,3.60,3.65,19950309,77411434
2016-06-03,000959.SZ,3.66,3.67,3.60,3.63,18668224,72194889
2016-06-06,000959.SZ,3.64,3.64,3.56,3.61,18154706,69698004
2016-06-07,000959.SZ,3.63,3.64,3.54,3.56,17752453,67594589
2016-06-08,000959.SZ,3.54,3.58,3.50,3.54,19882396,74947792
2016-06-13,000959.SZ,3.51,3.55,3.48,3.48,21619033,80907947
2016-06-14,000959.SZ,3.46,3.49,3.43,3.45,16439231,60541998
2016-06-15,000959.SZ,3.43,3.51,3.40,3.50,14558818,53888418
2016-06-16,000959.SZ,3.49,3.50,3.43,3.45,15462272,57052539
2016-06-17,000959.SZ,3.47,3.61,3.44,3.53,32350171,121244806
2016-06-20,000959.SZ,3.51,3.51,3.43,3.46,18226653,67271778
2016-06-21,000959.SZ,3.47,3.49,3.40,3.41,23122737,84736601
2016-06-22,000959.SZ,3.40,3.45,3.40,3.44,13435312,49134114
2016-06-23,000959.SZ,3.43,3.47,3.42,3.43,16716988,61444227
2016-06-24,000959.SZ,3.43,3.45,3.29,3.36,19005915,68431734
2016-06-27,000959.SZ,3.39,3.62,3.38,3.51,48704209,183486732
2016-06-28,000959.SZ,3.49,3.49,3.44,3.48,19988573,73778717
2016-06-29,000959.SZ,3.48,3.50,3.45,3.47,16515729,61170671
2016-06-30,000959.SZ,3.48,3.49,3.44,3.47,14188093,52324484
2016-07-01,000959.SZ,3.48,3.62,3.46,3.59,42754429,161737346
2016-07-04,000959.SZ,3.56,3.80,3.55,3.72,68092991,270823741
2016-07-05,000959.SZ,3.74,3.94,3.69,3.81,45309675,185362002
2016-07-06,000959.SZ,3.92,3.92,3.74,3.81,29675899,120532371
2016-07-07,000959.SZ,3.81,3.86,3.76,3.79,34177735,138517959
2016-07-08,000959.SZ,3.77,3.80,3.75,3.77,14230425,57220274
2016-07-11,000959.SZ,3.77,3.85,3.76,3.81,31603262,128508884
2016-07-12,000959.SZ,3.81,4.05,3.79,3.96,69870362,293936416
2016-07-13,000959.SZ,3.94,3.96,3.86,3.90,32798815,136922773
2016-07-14,000959.SZ,3.91,3.95,3.88,3.91,14727041,61471690
2016-07-15,000959.SZ,3.94,4.03,3.91,3.92,22414581,94661579
2016-07-18,000959.SZ,3.90,3.91,3.76,3.79,34872234,141726376
2016-07-19,000959.SZ,3.79,3.81,3.75,3.81,17179620,69333481
2016-07-20,000959.SZ,3.81,3.81,3.77,3.79,10054888,40619547
2016-07-21,000959.SZ,3.80,3.84,3.78,3.81,15052467,61149121
2016-07-22,000959.SZ,3.79,3.80,3.71,3.73,24913839,99832690
2016-07-25,000959.SZ,3.74,3.81,3.74,3.78,16031713,64678279
2016-07-26,000959.SZ,3.78,3.83,3.75,3.83,22444917,91100724
2016-07-27,000959.SZ,3.83,3.97,3.81,3.85,68667269,285589635
2016-07-28,000959.SZ,3.81,3.91,3.77,3.82,39793321,163050275
2016-07-29,000959.SZ,3.81,3.85,3.73,3.81,27536296,110908141
2016-08-01,000959.SZ,3.79,3.95,3.72,3.89,48747819,199588022
2016-08-02,000959.SZ,3.85,3.89,3.83,3.86,28636070,117999977
2016-08-03,000959.SZ,3.83,3.85,3.75,3.81,35536044,144060798
2016-08-04,000959.SZ,3.81,3.81,3.76,3.81,19284135,77907516
2016-08-05,000959.SZ,3.80,3.82,3.77,3.77,23840863,96439619
2016-08-08,000959.SZ,3.78,3.89,3.78,3.89,49360640,202073132
2016-08-09,000959.SZ,3.86,3.97,3.84,3.91,49516587,206231542
2016-08-10,000959.SZ,3.93,4.29,3.92,4.05,83048011,360660154
2016-08-11,000959.SZ,3.99,4.08,3.96,3.96,39378273,168561558
2016-08-12,000959.SZ,3.95,3.99,3.90,3.98,28932445,121573952
2016-08-15,000959.SZ,3.97,4.12,3.95,4.07,56094125,242140433
2016-08-16,000959.SZ,4.06,4.26,4.05,4.22,82624984,366655047
2016-08-17,000959.SZ,4.24,4.64,4.22,4.64,199592539,962026423
2016-08-18,000959.SZ,4.59,4.72,4.51,4.69,108147413,531457323
2016-08-19,000959.SZ,4.64,4.65,4.50,4.64,75000748,367012460
2016-08-22,000959.SZ,4.60,4.63,4.41,4.43,60402176,291183137
2016-08-23,000959.SZ,4.44,4.53,4.42,4.47,30119370,143618975
2016-08-24,000959.SZ,4.45,4.62,4.45,4.59,50428313,245476879
2016-08-25,000959.SZ,4.55,4.99,4.53,4.80,81464563,416172487
2016-08-26,000959.SZ,4.77,4.84,4.68,4.73,61637301,312543779
2016-08-29,000959.SZ,4.69,4.98,4.61,4.89,65624985,338177739
2016-08-30,000959.SZ,4.84,4.90,4.74,4.79,45354516,231898272
2016-08-31,000959.SZ,4.78,4.85,4.74,4.84,39178153,200956688
2016-09-01,000959.SZ,4.81,4.83,4.67,4.76,44661868,226350597
2016-09-02,000959.SZ,4.73,4.97,4.71,4.84,42092213,215818558
2016-09-05,000959.SZ,4.87,5.32,4.80,5.32,111675703,622161946
2016-09-06,000959.SZ,5.42,5.42,5.18,5.30,56379055,317198382
2016-09-07,000959.SZ,5.21,5.48,5.09,5.15,76117724,426248133
2016-09-08,000959.SZ,5.12,5.35,5.12,5.29,53314047,297894002
2016-09-09,000959.SZ,5.29,5.33,5.16,5.21,30773908,171900135
2016-09-12,000959.SZ,5.15,5.42,5.04,5.32,52332867,291493256
2016-09-13,000959.SZ,5.32,5.32,5.32,5.32,,
2016-09-14,000959.SZ,5.32,5.32,5.32,5.32,,
2016-09-19,000959.SZ,5.32,5.32,5.32,5.32,,
2016-09-20,000959.SZ,5.32,5.32,5.32,5.32,,
2016-09-21,000959.SZ,5.32,5.32,5.32,5.32,,
2016-09-22,000959.SZ,5.32,5.32,5.32,5.32,,
2016-09-23,000959.SZ,5.32,5.32,5.32,5.32,,
2016-09-26,000959.SZ,5.32,5.32,5.32,5.32,,
2016-09-27,000959.SZ,5.32,5.32,5.32,5.32,,
2016-09-28,000959.SZ,5.32,5.32,5.32,5.32,,
2016-09-29,000959.SZ,4.79,5.06,4.79,4.79,107068194,552549741
2016-09-30,000959.SZ,4.71,4.88,4.59,4.77,47645939,240517584
2016-10-10,000959.SZ,4.80,5.11,4.72,5.05,56984616,296359703
2016-10-11,000959.SZ,4.99,5.21,4.95,5.11,35759707,193389545
2016-10-12,000959.SZ,5.06,5.09,4.93,4.97,39002653,207406637
2016-10-13,000959.SZ,4.93,5.14,4.88,4.98,26814531,142606284
2016-10-14,000959.SZ,4.97,5.02,4.91,4.99,17579699,93372481
2016-10-17,000959.SZ,5.48,5.48,5.33,5.48,69805475,407596223
2016-10-18,000959.SZ,5.44,5.62,5.32,5.55,88050512,515111984
2016-10-19,000959.SZ,5.54,5.58,5.43,5.48,39388823,230071869
2016-10-20,000959.SZ,5.46,5.75,5.44,5.62,50293525,300712210
2016-10-21,000959.SZ,5.58,5.80,5.50,5.72,49787997,300070249
2016-10-24,000959.SZ,5.68,5.85,5.64,5.72,40889406,250325327
2016-10-25,000959.SZ,5.69,5.85,5.60,5.80,44897435,273975896
2016-10-26,000959.SZ,5.81,5.81,5.73,5.77,20086461,123369781
2016-10-27,000959.SZ,5.75,6.08,5.69,5.99,49775831,315514498
2016-10-28,000959.SZ,5.93,6.06,5.92,5.99,27672881,176992116
2016-10-31,000959.SZ,5.96,6.07,5.90,5.93,17027985,108587865
2016-11-01,000959.SZ,5.94,6.03,5.89,5.97,20708803,131510158
2016-11-02,000959.SZ,5.93,6.01,5.71,5.90,38251130,239126876
2016-11-03,000959.SZ,5.87,5.97,5.82,5.96,24320617,153832582
2016-11-04,000959.SZ,5.97,6.05,5.91,5.96,13299096,84864951
2016-11-07,000959.SZ,6.02,6.56,5.93,6.51,36540109,243830632
2016-11-08,000959.SZ,6.47,6.57,6.26,6.56,35809914,245303442
2016-11-09,000959.SZ,6.55,6.67,6.47,6.48,24525048,171471902
2016-11-10,000959.SZ,6.58,6.65,6.47,6.51,13499893,94112472
2016-11-11,000959.SZ,6.52,6.65,6.43,6.54,18445156,128702433
2016-11-14,000959.SZ,6.47,6.61,6.37,6.57,22148619,153057074
2016-11-15,000959.SZ,6.56,6.57,6.46,6.52,11635831,80822797
2016-11-16,000959.SZ,6.50,6.89,6.49,6.66,30301124,216622965
2016-11-17,000959.SZ,6.65,6.70,6.54,6.61,21874755,154545593
2016-11-18,000959.SZ,6.57,6.66,6.52,6.53,13921625,97981919
2016-11-21,000959.SZ,6.53,6.53,6.35,6.36,24005786,164563513
2016-11-22,000959.SZ,6.35,6.49,6.28,6.34,29853753,202098817
2016-11-23,000959.SZ,6.24,6.48,6.24,6.38,25608598,174496257
2016-11-24,000959.SZ,6.39,6.44,6.31,6.41,16588325,112796864
2016-11-25,000959.SZ,6.40,6.47,6.28,6.41,14795392,100685449
2016-11-28,000959.SZ,6.46,6.46,6.35,6.37,13654876,93097685
2016-11-29,000959.SZ,6.37,6.47,6.28,6.42,29037856,198230389
2016-11-30,000959.SZ,6.42,6.42,6.26,6.31,19824611,133213241
2016-12-01,000959.SZ,6.31,6.40,6.25,6.37,14010475,95125704
2016-12-02,000959.SZ,6.35,6.42,6.31,6.35,17093146,116538614
2016-12-05,000959.SZ,6.31,6.31,6.01,6.04,31008321,203110666
2016-12-06,000959.SZ,6.06,6.06,5.84,6.00,33649501,212737062
2016-12-07,000959.SZ,5.93,6.20,5.93,6.19,12688181,82607268
2016-12-08,000959.SZ,6.23,6.24,6.11,6.13,9757246,64103148
2016-12-09,000959.SZ,6.19,6.20,6.09,6.16,9378616,61607767
2016-12-12,000959.SZ,6.22,6.31,6.05,6.09,12972931,84804670
2016-12-13,000959.SZ,6.07,6.23,6.00,6.20,10943762,71880916
2016-12-14,000959.SZ,6.29,6.33,6.20,6.30,10800666,72134588
2016-12-15,000959.SZ,6.21,6.33,6.19,6.25,8015719,53557180
2016-12-16,000959.SZ,6.22,6.31,6.19,6.29,4926802,32805010
2016-12-19,000959.SZ,6.29,6.31,6.24,6.26,3477030,23264332
2016-12-20,000959.SZ,6.25,6.31,6.19,6.27,7216620,48283812
2016-12-21,000959.SZ,6.29,6.29,6.21,6.23,5432990,36201229
2016-12-22,000959.SZ,6.23,6.29,6.19,6.27,8499525,56675899
2016-12-23,000959.SZ,6.24,6.33,6.23,6.24,3891037,25979527
2016-12-26,000959.SZ,6.28,6.34,6.20,6.34,10982849,73633186
2016-12-27,000959.SZ,6.31,6.31,6.20,6.23,6391018,42471926
2016-12-28,000959.SZ,6.23,6.25,6.17,6.23,5039000,33351152
2016-12-29,000959.SZ,6.23,6.23,6.11,6.20,6121797,40326417
2016-12-30,000959.SZ,6.20,6.26,6.16,6.20,4290785,28381035
2017-01-03,000959.SZ,6.18,6.54,6.17,6.51,27813005,188591544
2017-01-04,000959.SZ,6.51,7.17,6.48,7.17,53077721,398263902
2017-01-05,000959.SZ,7.31,7.32,7.01,7.11,24063586,183372110
2017-01-06,000959.SZ,7.18,7.20,7.03,7.17,13376553,101516371
2017-01-09,000959.SZ,7.10,7.21,7.03,7.08,17278812,131120662
2017-01-10,000959.SZ,7.03,7.04,6.76,6.90,12655621,93292832
2017-01-11,000959.SZ,6.96,7.18,6.84,6.97,18112778,135805751
2017-01-12,000959.SZ,6.94,7.12,6.80,6.83,13449469,99893116
2017-01-13,000959.SZ,6.82,7.06,6.78,6.94,8787862,64702650
2017-01-16,000959.SZ,6.94,6.94,6.37,6.60,18026391,126732774
2017-01-17,000959.SZ,6.50,6.56,6.41,6.54,7382978,51150178
2017-01-18,000959.SZ,6.47,6.67,6.47,6.58,5726717,40306568
2017-01-19,000959.SZ,6.59,6.59,6.37,6.44,6375240,44090848
2017-01-20,000959.SZ,6.37,6.55,6.37,6.46,6481549,44839991
2017-01-23,000959.SZ,6.42,6.58,6.42,6.50,8954367,62136051
2017-01-24,000959.SZ,6.49,6.70,6.46,6.61,13857142,97736460
2017-01-25,000959.SZ,6.57,6.85,6.53,6.75,13696523,97033629
2017-01-26,000959.SZ,6.72,6.91,6.67,6.83,10469007,76099491
2017-02-03,000959.SZ,6.77,6.88,6.71,6.76,6671319,48319249
2017-02-06,000959.SZ,6.74,6.79,6.64,6.67,6020629,42864788
2017-02-07,000959.SZ,6.65,6.70,6.62,6.70,6876175,48884129
2017-02-08,000959.SZ,6.72,6.73,6.56,6.65,5762856,40737783
2017-02-09,000959.SZ,6.64,6.80,6.58,6.69,6170087,44195037
2017-02-10,000959.SZ,6.76,7.20,6.70,6.85,16858531,123621194
2017-02-13,000959.SZ,6.84,6.92,6.79,6.85,9367245,68327077
2017-02-14,000959.SZ,6.94,6.98,6.82,6.88,9458225,69571848
2017-02-15,000959.SZ,6.85,6.89,6.65,6.67,10545847,75730381
2017-02-16,000959.SZ,6.65,6.76,6.65,6.70,5256383,37552048
2017-02-17,000959.SZ,6.70,6.72,6.55,6.57,7398720,52158579
2017-02-20,000959.SZ,6.60,6.84,6.58,6.82,9758485,70112425
2017-02-21,000959.SZ,6.82,6.94,6.78,6.83,7511983,55092876
2017-02-22,000959.SZ,6.84,6.93,6.80,6.87,9622993,70695262
2017-02-23,000959.SZ,6.84,6.84,6.70,6.74,6534119,47276044
2017-02-24,000959.SZ,6.74,6.82,6.61,6.81,6696741,48030622
2017-02-27,000959.SZ,6.84,6.90,6.78,6.78,7507410,54797481
2017-02-28,000959.SZ,6.77,6.80,6.66,6.78,4598091,33053822
2017-03-01,000959.SZ,6.78,6.80,6.72,6.74,5060824,36473877
2017-03-02,000959.SZ,6.74,6.79,6.66,6.72,5593041,40148484
2017-03-03,000959.SZ,6.72,6.76,6.66,6.74,4992025,35820583
2017-03-06,000959.SZ,6.74,6.80,6.69,6.80,3787644,27348439
2017-03-07,000959.SZ,6.80,6.85,6.74,6.81,5054610,36787336
2017-03-08,000959.SZ,6.80,6.81,6.75,6.80,2834066,20496141
2017-03-09,000959.SZ,6.80,6.81,6.65,6.73,4208350,30292846
2017-03-10,000959.SZ,6.70,6.79,6.70,6.73,3352839,24166070
2017-03-13,000959.SZ,6.72,6.78,6.67,6.74,3563304,25588390
2017-03-14,000959.SZ,6.71,6.78,6.68,6.74,3835648,27557109
2017-03-15,000959.SZ,6.74,6.75,6.61,6.65,6193306,44100757
2017-03-16,000959.SZ,6.65,6.77,6.60,6.77,11654271,83024276
2017-03-17,000959.SZ,6.76,6.79,6.66,6.67,5418439,38916640
2017-03-20,000959.SZ,6.66,6.73,6.63,6.66,3854894,27436875
2017-03-21,000959.SZ,6.65,6.70,6.62,6.66,4538860,32226402
2017-03-22,000959.SZ,6.64,6.82,6.62,6.79,7759237,55739260
2017-03-23,000959.SZ,6.79,6.83,6.70,6.77,6121469,44126818
2017-03-24,000959.SZ,6.76,7.17,6.71,7.13,15543898,116067751
2017-03-27,000959.SZ,7.08,7.09,6.87,6.93,9132302,67801461
2017-03-28,000959.SZ,6.92,6.94,6.78,6.80,7037721,51263370
2017-03-29,000959.SZ,6.80,6.85,6.65,6.77,9218119,66419094
2017-03-30,000959.SZ,6.78,6.80,6.63,6.64,6835278,49039010
2017-03-31,000959.SZ,6.65,6.73,6.62,6.68,4925021,34998756
2017-04-05,000959.SZ,7.35,7.35,7.35,7.35,22291439,174764881
2017-04-06,000959.SZ,7.94,8.08,7.70,8.08,49115366,421773565
2017-04-07,000959.SZ,7.87,8.04,7.40,7.69,91897029,759918648
2017-04-10,000959.SZ,7.55,8.29,7.34,8.09,89948920,767390168
2017-04-11,000959.SZ,8.01,8.89,7.88,8.89,129542519,1212038170
2017-04-12,000959.SZ,8.44,8.67,8.00,8.00,107122589,942243585
2017-04-13,000959.SZ,7.64,8.15,7.59,7.92,56620526,478865077
2017-04-14,000959.SZ,7.92,8.01,7.41,7.56,44145230,360650057
2017-04-17,000959.SZ,7.59,7.69,7.11,7.24,34243194,266402446
2017-04-18,000959.SZ,7.25,7.39,7.14,7.21,30793455,238812979
2017-04-19,000959.SZ,7.03,7.17,6.94,7.07,24917620,187026177
2017-04-20,000959.SZ,7.05,7.06,6.61,6.68,35553118,257637953
2017-04-21,000959.SZ,6.67,6.82,6.58,6.62,18729148,133154239
2017-04-24,000959.SZ,6.63,6.92,6.21,6.90,38352186,273710236
2017-04-25,000959.SZ,6.82,7.21,6.76,7.04,32509205,244284145
2017-04-26,000959.SZ,7.00,7.21,6.84,7.14,25015126,188462241
2017-04-27,000959.SZ,7.01,7.30,7.01,7.09,24901374,191358031
2017-04-28,000959.SZ,7.05,7.54,6.94,7.29,23616462,184750627
2017-05-02,000959.SZ,7.22,7.26,7.07,7.22,18332631,140241733
2017-05-03,000959.SZ,7.15,7.17,6.76,6.86,17977330,133496117
2017-05-04,000959.SZ,6.70,7.17,6.70,6.80,22383525,166035842
2017-05-05,000959.SZ,6.72,6.91,6.70,6.75,12908440,93476607
2017-05-08,000959.SZ,6.75,6.80,6.56,6.56,13381751,95071282
2017-05-09,000959.SZ,6.57,6.62,6.36,6.57,11958716,82739055
2017-05-10,000959.SZ,6.54,6.57,6.19,6.21,13344717,90945564
2017-05-11,000959.SZ,6.20,6.40,5.96,6.38,18272153,119861502
2017-05-12,000959.SZ,6.38,6.40,6.21,6.28,9276809,62342240
2017-05-15,000959.SZ,6.28,6.35,6.23,6.24,6755585,45162056
2017-05-16,000959.SZ,6.23,6.41,6.11,6.40,11119422,75114579
2017-05-17,000959.SZ,6.39,6.68,6.34,6.54,16795450,117365541
2017-05-18,000959.SZ,6.50,6.57,6.33,6.35,12487143,85579081
2017-05-19,000959.SZ,6.30,6.47,6.30,6.41,6899057,47068909
2017-05-22,000959.SZ,6.41,6.54,6.32,6.36,10254104,70391671
2017-05-23,000959.SZ,6.38,6.38,6.11,6.11,9465284,62731956
2017-05-24,000959.SZ,6.07,6.21,6.03,6.16,6675942,43549770
2017-05-25,000959.SZ,6.16,6.23,6.06,6.20,9906317,65012292
2017-05-26,000959.SZ,6.19,6.40,6.16,6.27,11817161,79169551
2017-05-31,000959.SZ,6.27,6.39,6.25,6.25,9180273,61561812
2017-06-01,000959.SZ,6.23,6.33,6.21,6.21,13902192,92905519
2017-06-02,000959.SZ,6.25,6.34,6.09,6.33,12309043,81839410
2017-06-05,000959.SZ,6.33,6.42,6.26,6.31,10047856,68115536
2017-06-06,000959.SZ,6.31,6.34,6.24,6.29,7567275,50760936
2017-06-07,000959.SZ,6.30,6.39,6.26,6.38,12479621,84323371
2017-06-08,000959.SZ,6.37,6.45,6.35,6.39,9139989,62327518
2017-06-09,000959.SZ,6.39,6.44,6.29,6.42,15352759,104542520
2017-06-12,000959.SZ,6.37,6.40,6.26,6.26,7143692,48289550
2017-06-13,000959.SZ,6.27,6.27,6.20,6.24,8862825,59005344
2017-06-14,000959.SZ,6.24,6.27,6.11,6.13,10483612,68811125
2017-06-15,000959.SZ,6.13,6.19,6.07,6.18,11344201,74235164
2017-06-16,000959.SZ,6.18,6.21,6.15,6.16,7058799,46471724
2017-06-19,000959.SZ,6.16,6.23,6.13,6.20,7183238,47376924
2017-06-20,000959.SZ,6.20,6.26,6.19,6.22,9898379,65846761
2017-06-21,000959.SZ,6.23,6.30,6.20,6.23,9092358,60643343
2017-06-22,000959.SZ,6.28,6.28,6.16,6.17,8858247,58742246
2017-06-23,000959.SZ,6.17,6.23,6.09,6.22,8167281,53655114
2017-06-26,000959.SZ,6.22,6.65,6.19,6.49,16401038,111557212
2017-06-27,000959.SZ,6.46,6.60,6.38,6.44,15299154,105882149
2017-06-28,000959.SZ,6.44,6.60,6.39,6.56,15430951,107804161
2017-06-29,000959.SZ,6.53,6.60,6.46,6.53,8765366,61133185
2017-06-30,000959.SZ,6.53,6.61,6.47,6.55,6671258,46674682
2017-07-03,000959.SZ,6.56,7.11,6.52,6.96,29730946,217893730
2017-07-04,000959.SZ,6.97,7.10,6.84,6.88,18231350,135636735
2017-07-05,000959.SZ,6.89,7.02,6.82,6.86,18313965,134907566
2017-07-06,000959.SZ,6.85,6.94,6.71,6.82,16350529,119066483
2017-07-07,000959.SZ,6.77,6.95,6.74,6.91,18006101,132456559
2017-07-10,000959.SZ,6.94,7.08,6.92,7.07,25579872,191408254
2017-07-11,000959.SZ,7.06,7.14,6.93,7.02,22182998,166696545
2017-07-12,000959.SZ,7.02,7.08,6.90,7.02,19740231,147746236
2017-07-13,000959.SZ,7.07,7.10,6.95,7.03,18141917,136252780
2017-07-14,000959.SZ,7.10,7.59,7.03,7.25,48477460,375631408
2017-07-17,000959.SZ,7.13,7.15,6.53,6.80,31113139,229705908
2017-07-18,000959.SZ,6.63,7.02,6.63,6.94,19225546,141558107
2017-07-19,000959.SZ,6.98,7.21,6.97,7.12,32866795,249355765
2017-07-20,000959.SZ,7.11,7.24,7.04,7.12,22508416,171256678
2017-07-21,000959.SZ,7.08,7.15,6.89,6.97,15887284,118892164
2017-07-24,000959.SZ,6.99,7.17,6.99,7.13,22489419,170709315
2017-07-25,000959.SZ,7.13,7.13,6.84,6.96,21428930,159259970
2017-07-26,000959.SZ,6.94,7.02,6.89,6.91,11082640,82075160
2017-07-27,000959.SZ,6.88,7.08,6.85,6.86,15605414,115761743
2017-07-28,000959.SZ,6.84,7.03,6.70,6.93,14780172,107864021
2017-07-31,000959.SZ,6.96,7.20,6.94,7.13,30980046,234772594
2017-08-01,000959.SZ,7.13,7.15,6.99,7.03,18169137,136556730
2017-08-02,000959.SZ,7.05,7.33,7.04,7.23,47208617,364693136
2017-08-03,000959.SZ,7.19,7.50,7.10,7.46,58361643,460474522
2017-08-04,000959.SZ,7.50,7.82,7.28,7.30,73271213,595139576
2017-08-07,000959.SZ,7.37,7.70,7.16,7.67,67779134,542271854
2017-08-08,000959.SZ,7.67,7.72,7.43,7.47,51807915,416631648
2017-08-09,000959.SZ,7.40,7.56,7.21,7.48,39342478,308773536
2017-08-10,000959.SZ,7.31,7.36,7.19,7.20,29411534,227943737
2017-08-11,000959.SZ,7.10,7.10,6.76,6.87,34952062,257215724
2017-08-14,000959.SZ,6.84,6.96,6.78,6.86,22695403,166480015
2017-08-15,000959.SZ,6.81,6.94,6.73,6.81,16459782,119616581
2017-08-16,000959.SZ,6.84,6.90,6.76,6.78,14423970,104659045
2017-08-17,000959.SZ,6.81,6.87,6.80,6.84,16994807,123917657
2017-08-18,000959.SZ,6.80,6.92,6.78,6.89,13693981,100344374
2017-08-21,000959.SZ,7.06,7.08,6.94,7.05,20207169,151510558
2017-08-22,000959.SZ,7.12,7.18,6.94,6.98,24755120,186727894
2017-08-23,000959.SZ,6.88,6.88,6.78,6.80,15089142,109699987
2017-08-24,000959.SZ,6.80,6.83,6.67,6.68,12947622,93259407
2017-08-25,000959.SZ,6.69,6.82,6.69,6.80,11849387,85625470
2017-08-28,000959.SZ,6.79,6.91,6.70,6.83,17155500,124352422
2017-08-29,000959.SZ,6.80,6.94,6.77,6.84,14671240,107430199
2017-08-30,000959.SZ,6.80,7.01,6.80,6.95,24391600,180040498
2017-08-31,000959.SZ,6.98,6.99,6.86,6.94,15312687,113104655
2017-09-01,000959.SZ,6.91,7.45,6.91,7.14,50212580,384431990
2017-09-04,000959.SZ,7.22,7.30,7.03,7.07,33837925,258013954
2017-09-05,000959.SZ,7.06,7.07,6.91,6.98,17495075,130093046
2017-09-06,000959.SZ,6.94,7.10,6.92,6.94,19523022,146203673
2017-09-07,000959.SZ,6.95,6.98,6.82,6.85,15881535,116521217
2017-09-08,000959.SZ,6.89,6.93,6.83,6.86,10689845,78432281
2017-09-11,000959.SZ,6.87,6.87,6.75,6.85,12358355,89555850
2017-09-12,000959.SZ,6.84,6.94,6.80,6.84,15905954,116162202
2017-09-13,000959.SZ,6.84,7.08,6.80,7.07,28711434,213310284
2017-09-14,000959.SZ,7.01,7.11,6.85,6.95,17269975,128856576
2017-09-15,000959.SZ,6.94,6.95,6.72,6.75,16958652,122652121
2017-09-18,000959.SZ,6.67,6.79,6.65,6.69,12824565,91660614
2017-09-19,000959.SZ,6.71,6.74,6.68,6.69,6375160,45571113
2017-09-20,000959.SZ,6.70,6.71,6.52,6.65,14394878,101449173
2017-09-21,000959.SZ,6.64,6.72,6.58,6.65,10456360,74321149
2017-09-22,000959.SZ,6.64,6.64,6.42,6.43,16369443,113195961
2017-09-25,000959.SZ,6.40,6.47,6.29,6.35,10700564,72898750
2017-09-26,000959.SZ,6.35,6.45,6.31,6.39,8308595,56594067
2017-09-27,000959.SZ,6.39,6.63,6.39,6.53,13884757,97002015
2017-09-28,000959.SZ,6.55,6.57,6.43,6.43,6786316,46884321
2017-09-29,000959.SZ,6.49,6.52,6.45,6.48,4900620,33907746
2017-10-09,000959.SZ,6.55,6.59,6.51,6.58,8185437,57281800
2017-10-10,000959.SZ,6.58,6.60,6.46,6.52,9815227,68290274
2017-10-11,000959.SZ,6.51,6.51,6.41,6.43,9142225,62973006
2017-10-12,000959.SZ,6.45,6.50,6.38,6.50,6645130,45665533
2017-10-13,000959.SZ,6.50,6.57,6.45,6.54,8254606,57514232
2017-10-16,000959.SZ,6.57,6.69,6.46,6.58,12079438,84871711
2017-10-17,000959.SZ,6.58,6.59,6.46,6.48,7833058,54198772
2017-10-18,000959.SZ,6.43,6.50,6.38,6.39,5350860,36745163
2017-10-19,000959.SZ,6.37,6.37,6.16,6.21,7601106,50811651
2017-10-20,000959.SZ,6.22,6.30,6.22,6.27,4870538,32564531
2017-10-23,000959.SZ,6.25,6.30,6.21,6.25,7124553,47491570
2017-10-24,000959.SZ,6.24,6.61,6.23,6.45,19177280,130985494
2017-10-25,000959.SZ,6.43,6.50,6.38,6.45,8629427,59263900
2017-10-26,000959.SZ,6.45,6.48,6.37,6.45,8240937,56620532
2017-10-27,000959.SZ,6.45,6.48,6.38,6.40,6284412,43033405
2017-10-30,000959.SZ,6.43,6.43,6.19,6.20,9358779,62388799
2017-10-31,000959.SZ,6.19,6.27,6.16,6.25,5938677,39451269
2017-11-01,000959.SZ,6.23,6.30,6.19,6.21,10213237,67876566
2017-11-02,000959.SZ,6.21,6.21,6.08,6.12,7639969,49972164
2017-11-03,000959.SZ,6.08,6.13,5.79,5.81,10947545,69507946
2017-11-06,000959.SZ,5.87,5.90,5.73,5.86,11809587,73260451
2017-11-07,000959.SZ,5.86,6.08,5.82,5.94,13487868,85411254
2017-11-08,000959.SZ,6.00,6.04,5.93,5.98,9215340,58922261
2017-11-09,000959.SZ,5.98,6.17,5.98,6.07,11657361,75710088
2017-11-10,000959.SZ,6.07,6.07,5.84,5.92,12428327,78691336
2017-11-13,000959.SZ,5.94,6.03,5.87,6.02,11775528,75043811
2017-11-14,000959.SZ,6.02,6.11,6.00,6.08,11606897,75316093
2017-11-15,000959.SZ,6.05,6.05,5.90,5.94,6991170,44459197
2017-11-16,000959.SZ,5.94,6.01,5.89,5.97,9228772,58645161
2017-11-17,000959.SZ,5.95,6.04,5.90,5.99,15169851,96612871
2017-11-20,000959.SZ,6.00,6.00,5.75,5.83,10732042,66450652
2017-11-21,000959.SZ,5.84,5.87,5.75,5.80,7507103,46523198
2017-11-22,000959.SZ,5.83,5.92,5.79,5.86,11543365,71972236
2017-11-23,000959.SZ,5.83,5.89,5.76,5.76,10555770,65704628
2017-11-24,000959.SZ,5.75,5.85,5.75,5.81,6074762,37550708
2017-11-27,000959.SZ,5.81,5.88,5.75,5.79,6100744,37958979
2017-11-28,000959.SZ,5.79,5.97,5.77,5.93,11500093,72129025
2017-11-29,000959.SZ,5.90,6.07,5.90,6.03,22679307,144884557
2017-11-30,000959.SZ,6.03,6.07,5.93,5.94,11578420,74057734
2017-12-01,000959.SZ,5.91,6.02,5.90,5.93,9168225,58228842
2017-12-04,000959.SZ,5.98,6.04,5.94,5.97,9341564,59667886
2017-12-05,000959.SZ,5.95,5.99,5.77,5.82,9062705,56640043
2017-12-06,000959.SZ,5.79,5.84,5.73,5.80,7246539,44753088
2017-12-07,000959.SZ,5.83,5.83,5.74,5.74,4721600,29099692
2017-12-08,000959.SZ,5.75,5.84,5.71,5.80,7055975,43436830
2017-12-11,000959.SZ,5.77,5.83,5.75,5.79,4650418,28749189
2017-12-12,000959.SZ,5.79,5.82,5.74,5.75,3601049,22186452
2017-12-13,000959.SZ,5.75,5.76,5.70,5.75,6180150,37740446
2017-12-14,000959.SZ,5.74,5.74,5.66,5.68,4785351,29044349
2017-12-15,000959.SZ,5.69,5.71,5.54,5.57,6109508,36457195
2017-12-18,000959.SZ,5.52,5.64,5.52,5.60,7030086,41821428
2017-12-19,000959.SZ,5.60,5.62,5.56,5.60,3952707,23610305
2017-12-20,000959.SZ,5.60,5.60,5.51,5.51,5105203,30233652
2017-12-21,000959.SZ,5.53,5.57,5.48,5.53,4903958,28972100
2017-12-22,000959.SZ,5.53,5.56,5.50,5.52,4117499,24261384
2017-12-25,000959.SZ,5.51,5.51,5.39,5.42,5396356,31451646
2017-12-26,000959.SZ,5.38,5.47,5.34,5.45,6042469,34849411
2017-12-27,000959.SZ,5.45,5.55,5.43,5.45,6729942,39531298
2017-12-28,000959.SZ,5.49,5.56,5.47,5.52,6956030,41047473
2017-12-29,000959.SZ,5.56,5.60,5.45,5.60,7705019,45697408
2018-01-02,000959.SZ,5.62,5.76,5.61,5.74,11441291,69430664
2018-01-03,000959.SZ,5.75,6.16,5.68,5.93,17799977,112886744
2018-01-04,000959.SZ,5.89,5.91,5.62,5.81,14677482,90827472
2018-01-05,000959.SZ,5.77,5.78,5.70,5.72,10384396,63527480
2018-01-08,000959.SZ,5.67,5.80,5.65,5.75,11723137,71858222
2018-01-09,000959.SZ,5.76,5.78,5.72,5.76,9502403,58341343
2018-01-10,000959.SZ,5.77,5.77,5.62,5.64,9211945,55825022
2018-01-11,000959.SZ,5.64,5.67,5.53,5.58,8554160,51009356
2018-01-12,000959.SZ,5.58,5.67,5.55,5.66,7053825,42403804
2018-01-15,000959.SZ,5.67,5.68,5.50,5.53,7062471,41888106
2018-01-16,000959.SZ,5.51,5.57,5.48,5.56,5737995,33895981
2018-01-17,000959.SZ,5.55,5.79,5.50,5.71,14328639,86600287
2018-01-18,000959.SZ,5.67,5.79,5.60,5.71,11947941,72479940
2018-01-19,000959.SZ,5.72,5.77,5.65,5.69,10828647,65965685
2018-01-22,000959.SZ,5.69,5.85,5.69,5.78,11808584,72779678
2018-01-23,000959.SZ,5.77,5.78,5.69,5.78,6833757,41817473
2018-01-24,000959.SZ,5.75,5.82,5.75,5.77,7425174,45797338
2018-01-25,000959.SZ,5.77,5.84,5.76,5.83,8516919,52821852
2018-01-26,000959.SZ,5.85,5.90,5.79,5.87,9987487,62524545
2018-01-29,000959.SZ,5.87,6.02,5.87,5.94,13716304,87192653
2018-01-30,000959.SZ,5.96,5.96,5.87,5.90,9200930,57942484
2018-01-31,000959.SZ,5.88,5.88,5.70,5.75,8551338,52748804
2018-02-01,000959.SZ,5.75,5.92,5.72,5.77,11310328,70277778
2018-02-02,000959.SZ,5.72,5.94,5.53,5.93,13475516,83260202
2018-02-05,000959.SZ,5.83,6.08,5.80,6.02,18586623,118593799
2018-02-06,000959.SZ,5.90,6.05,5.77,5.79,15370820,96823074
2018-02-07,000959.SZ,5.87,5.99,5.75,5.75,15809907,98815742
2018-02-08,000959.SZ,5.64,5.75,5.54,5.55,12789183,76695517
2018-02-09,000959.SZ,5.46,5.46,5.00,5.02,18900390,104305425
2018-02-12,000959.SZ,5.06,5.12,4.95,5.01,17109332,91536894
2018-02-13,000959.SZ,5.02,5.12,4.97,5.01,10788987,58223466
2018-02-14,000959.SZ,5.02,5.16,4.98,5.15,9223681,50056394
2018-02-22,000959.SZ,5.18,5.27,5.15,5.26,6821612,38019525
2018-02-23,000959.SZ,5.33,5.40,5.22,5.36,11440728,65056687
2018-02-26,000959.SZ,5.42,5.48,5.38,5.45,12562640,72817809
2018-02-27,000959.SZ,5.45,5.48,5.36,5.40,8269758,47776577
2018-02-28,000959.SZ,5.35,5.43,5.30,5.38,7700100,44160709
2018-03-01,000959.SZ,5.30,5.43,5.30,5.41,7321032,41946179
2018-03-02,000959.SZ,5.37,5.37,5.20,5.24,9516590,53639061
2018-03-05,000959.SZ,5.24,5.30,5.20,5.24,6391344,35769034
2018-03-06,000959.SZ,5.25,5.39,5.21,5.36,6676675,37696715
2018-03-07,000959.SZ,5.36,5.44,5.30,5.37,7971246,45778869
2018-03-08,000959.SZ,5.40,5.41,5.32,5.38,5190707,29759691
2018-03-09,000959.SZ,5.36,5.45,5.27,5.32,9162191,51961101
2018-03-12,000959.SZ,5.30,5.32,5.26,5.30,9451370,53332310
2018-03-13,000959.SZ,5.30,5.30,5.23,5.23,7207674,40477921
2018-03-14,000959.SZ,5.22,5.28,5.18,5.24,5159008,28783061
2018-03-15,000959.SZ,5.16,5.25,5.15,5.17,6779814,37472931
2018-03-16,000959.SZ,5.17,5.20,5.14,5.15,4134769,22819876
2018-03-19,000959.SZ,5.07,5.15,4.96,4.99,9885036,52898511
2018-03-20,000959.SZ,4.95,5.02,4.90,4.99,5651909,30055177
2018-03-21,000959.SZ,5.01,5.02,4.92,4.92,6713236,35555879
2018-03-22,000959.SZ,4.92,4.98,4.90,4.93,5700668,30044060
2018-03-23,000959.SZ,4.87,4.87,4.44,4.48,15652360,76591632
2018-03-26,000959.SZ,4.48,4.48,4.23,4.36,13056893,60240497
2018-03-27,000959.SZ,4.40,4.54,4.39,4.49,10084153,48147284
2018-03-28,000959.SZ,4.41,4.55,4.38,4.48,8951084,42828111
2018-03-29,000959.SZ,4.49,4.68,4.48,4.63,10751204,52272443
2018-03-30,000959.SZ,4.67,4.70,4.61,4.63,8191986,40633613
2018-04-02,000959.SZ,4.63,4.67,4.54,4.56,9997700,49118483
2018-04-03,000959.SZ,4.51,4.53,4.41,4.42,9636499,46008419
2018-04-04,000959.SZ,4.42,4.56,4.41,4.41,8067780,38474925
2018-04-09,000959.SZ,4.41,4.46,4.36,4.38,8459008,39689049
2018-04-10,000959.SZ,4.39,4.53,4.38,4.47,13941454,66269501
2018-04-11,000959.SZ,4.51,4.54,4.42,4.45,11325677,54025623
2018-04-12,000959.SZ,4.44,4.46,4.28,4.34,18359277,85230734
2018-04-13,000959.SZ,4.35,4.37,4.27,4.34,12801802,59042310
2018-04-16,000959.SZ,4.30,4.40,4.21,4.23,15139117,69188268
2018-04-17,000959.SZ,4.25,4.29,4.20,4.21,11577310,52333576
2018-04-18,000959.SZ,4.26,4.27,4.08,4.18,15932099,70513709
2018-04-19,000959.SZ,4.16,4.21,4.12,4.19,15919304,70787100
2018-04-20,000959.SZ,4.17,4.17,4.04,4.05,10324023,45204756
2018-04-23,000959.SZ,4.08,4.11,3.96,4.00,10433686,44796567
2018-04-24,000959.SZ,3.99,4.16,3.99,4.12,14592497,63792195
2018-04-25,000959.SZ,4.11,4.22,4.10,4.17,15323792,68108719
2018-04-26,000959.SZ,4.17,4.19,4.04,4.06,11830231,51512780
2018-04-27,000959.SZ,4.07,4.10,3.97,4.02,10924993,47004894
2018-05-02,000959.SZ,4.02,4.04,3.97,4.02,10114159,43197184
2018-05-03,000959.SZ,4.02,4.07,4.01,4.06,12270639,52913374
2018-05-04,000959.SZ,4.03,4.05,3.94,3.96,13690159,58265064
2018-05-07,000959.SZ,3.96,4.01,3.96,3.99,12787892,54470015
2018-05-08,000959.SZ,3.99,4.05,3.99,4.03,10599750,45583746
2018-05-09,000959.SZ,4.02,4.04,3.99,4.00,8459693,36237922
2018-05-10,000959.SZ,4.02,4.03,3.96,3.99,13295691,56415429
2018-05-11,000959.SZ,3.99,4.02,3.96,4.01,11482005,48938778
2018-05-14,000959.SZ,4.01,4.02,3.93,3.94,15832107,66945383
2018-05-15,000959.SZ,3.95,3.96,3.88,3.92,11200986,46609495
2018-05-16,000959.SZ,3.90,3.95,3.86,3.91,12188342,50783517
2018-05-17,000959.SZ,3.89,3.92,3.88,3.89,6503168,27005947
2018-05-18,000959.SZ,3.90,3.94,3.88,3.94,10948778,45791896
2018-05-21,000959.SZ,3.99,4.05,3.99,4.02,13087296,56181485
2018-05-22,000959.SZ,4.02,4.03,3.95,4.00,11374739,48278546
2018-05-23,000959.SZ,3.99,3.99,3.93,3.95,9230200,38952542
2018-05-24,000959.SZ,3.94,3.96,3.89,3.89,7659808,31947622
2018-05-25,000959.SZ,3.89,3.90,3.81,3.82,9266405,37987027
2018-05-28,000959.SZ,3.82,3.84,3.76,3.78,7699530,31109985
2018-05-29,000959.SZ,3.76,3.78,3.68,3.74,13090298,52108696
2018-05-30,000959.SZ,3.69,3.69,3.60,3.65,11641228,45214915
2018-05-31,000959.SZ,3.66,3.67,3.60,3.63,10223495,39627906
2018-06-01,000959.SZ,3.62,3.70,3.61,3.64,12592069,49143752
2018-06-04,000959.SZ,3.66,3.66,3.60,3.63,7649382,29694793
2018-06-05,000959.SZ,3.63,3.63,3.56,3.61,16859142,64491887
2018-06-06,000959.SZ,3.60,3.64,3.58,3.61,8649981,33303980
2018-06-07,000959.SZ,3.62,3.70,3.61,3.67,19565235,76254348
2018-06-08,000959.SZ,3.64,3.65,3.60,3.61,11237369,43439527
2018-06-11,000959.SZ,3.60,3.67,3.54,3.66,15681200,60790354
2018-06-12,000959.SZ,3.65,3.68,3.57,3.65,9764789,37793622
2018-06-13,000959.SZ,3.65,3.69,3.62,3.66,13870240,54246699
2018-06-14,000959.SZ,3.64,3.85,3.62,3.81,23591547,93916680
2018-06-15,000959.SZ,3.77,4.08,3.76,3.98,55607610,234833777
2018-06-19,000959.SZ,3.91,3.91,3.61,3.71,34511413,138291997
2018-06-20,000959.SZ,3.78,4.09,3.70,4.09,54894677,230081767
2018-06-21,000959.SZ,4.05,4.35,4.00,4.14,72756686,323915772
2018-06-22,000959.SZ,4.10,4.32,3.96,4.26,53264606,238056404
2018-06-25,000959.SZ,4.22,4.23,4.09,4.11,32429565,143555324
2018-06-26,000959.SZ,4.00,4.07,3.82,4.01,33204126,140153161
2018-06-27,000959.SZ,3.98,4.07,3.84,3.87,29667351,124089292
2018-06-28,000959.SZ,3.89,3.98,3.77,3.79,26220134,108584734
2018-06-29,000959.SZ,3.82,3.86,3.66,3.85,29338084,117679791
2018-07-02,000959.SZ,3.81,3.84,3.66,3.69,26400532,105055121
2018-07-03,000959.SZ,3.66,3.71,3.56,3.67,20233712,78872882
2018-07-04,000959.SZ,3.70,3.82,3.70,3.75,26183494,105091414
2018-07-05,000959.SZ,3.69,3.70,3.58,3.60,20503156,79243591
2018-07-06,000959.SZ,3.60,3.68,3.57,3.63,16766357,64835176
2018-07-09,000959.SZ,3.63,3.71,3.62,3.71,17499727,68509766
2018-07-10,000959.SZ,3.70,3.81,3.69,3.76,20226357,81002812
2018-07-11,000959.SZ,3.66,3.69,3.60,3.66,16213818,62986585
2018-07-12,000959.SZ,3.65,3.75,3.65,3.73,16547565,65697398
2018-07-13,000959.SZ,3.75,3.78,3.68,3.74,16930005,67338001
2018-07-16,000959.SZ,3.77,3.78,3.70,3.74,12148096,48421400
2018-07-17,000959.SZ,3.72,3.73,3.67,3.69,10277229,40499543
2018-07-18,000959.SZ,3.71,3.72,3.66,3.66,9497733,37419333
2018-07-19,000959.SZ,3.68,3.73,3.68,3.70,12427537,49151654
2018-07-20,000959.SZ,3.70,3.74,3.65,3.72,13464881,53061223
2018-07-23,000959.SZ,3.70,3.85,3.68,3.82,20411721,82144213
2018-07-24,000959.SZ,3.86,4.08,3.86,3.92,33163223,140319979
2018-07-25,000959.SZ,3.93,4.17,3.90,4.05,40157703,172441588
2018-07-26,000959.SZ,4.04,4.08,3.98,4.03,22860647,98268793
2018-07-27,000959.SZ,4.06,4.16,4.00,4.10,25426501,110906551
2018-07-30,000959.SZ,4.12,4.26,4.08,4.11,28067426,124522072
2018-07-31,000959.SZ,4.11,4.16,3.96,4.11,28247153,122859493
2018-08-01,000959.SZ,4.14,4.21,3.97,4.03,19782158,86206885
2018-08-02,000959.SZ,3.98,4.03,3.89,4.01,20419550,86244462
2018-08-03,000959.SZ,3.99,4.07,3.91,3.92,13237088,56190582
2018-08-06,000959.SZ,3.93,3.97,3.83,3.93,10186953,42532723
2018-08-07,000959.SZ,3.94,4.05,3.90,4.04,15333143,65152354
2018-08-08,000959.SZ,4.04,4.14,4.00,4.04,19672872,85435007
2018-08-09,000959.SZ,4.01,4.10,3.96,4.06,18207852,78424960
2018-08-10,000959.SZ,4.06,4.08,4.00,4.02,10568000,45507434
2018-08-13,000959.SZ,4.00,4.07,3.90,4.07,11957836,50861126
2018-08-14,000959.SZ,4.06,4.07,3.97,3.99,11380774,48718855
2018-08-15,000959.SZ,3.97,3.99,3.84,3.86,16977779,70638287
2018-08-16,000959.SZ,3.81,3.83,3.72,3.77,11052516,44650466
2018-08-17,000959.SZ,3.81,3.88,3.79,3.80,13704421,55973198
2018-08-20,000959.SZ,3.81,3.89,3.77,3.88,11211318,45867978
2018-08-21,000959.SZ,3.86,3.92,3.85,3.88,9095897,37745915
2018-08-22,000959.SZ,3.91,4.01,3.88,3.92,14243942,59973177
2018-08-23,000959.SZ,3.90,3.92,3.85,3.88,10178530,42118815
2018-08-24,000959.SZ,3.90,3.96,3.85,3.94,14041679,58650959
2018-08-27,000959.SZ,3.94,4.00,3.92,3.99,13974660,59292370
2018-08-28,000959.SZ,3.99,4.02,3.94,4.00,10002723,42580912
2018-08-29,000959.SZ,3.99,4.11,3.95,4.05,16111045,69378088
2018-08-30,000959.SZ,4.03,4.09,3.96,3.96,10870411,46346453
2018-08-31,000959.SZ,3.97,4.01,3.94,3.96,9224844,39092842
2018-09-03,000959.SZ,3.96,4.06,3.95,4.01,10028099,42710349
2018-09-04,000959.SZ,4.03,4.05,3.96,4.03,7061817,30233839
2018-09-05,000959.SZ,4.03,4.03,3.91,3.93,8160374,34508170
2018-09-06,000959.SZ,3.93,3.98,3.90,3.94,6389709,26940060
2018-09-07,000959.SZ,3.97,4.01,3.95,3.97,5661494,24065794
2018-09-10,000959.SZ,4.01,4.01,3.93,3.96,5812346,24539132
2018-09-11,000959.SZ,3.96,3.96,3.81,3.83,8082073,33358750
2018-09-12,000959.SZ,3.83,3.90,3.81,3.85,5820901,23947047
2018-09-13,000959.SZ,3.91,3.91,3.83,3.89,5559246,22963306
2018-09-14,000959.SZ,3.89,4.03,3.85,3.95,8421404,35290846
2018-09-17,000959.SZ,3.91,3.93,3.81,3.83,7509606,30924152
2018-09-18,000959.SZ,3.83,3.92,3.81,3.91,7587882,31343014
2018-09-19,000959.SZ,3.91,3.95,3.86,3.91,6989189,29209420
2018-09-20,000959.SZ,3.91,3.96,3.90,3.96,8336199,35127179
2018-09-21,000959.SZ,3.96,4.04,3.94,4.03,10922038,46577643
2018-09-25,000959.SZ,4.01,4.09,3.98,4.03,8678224,37293210
2018-09-26,000959.SZ,4.03,4.05,3.99,4.01,9844536,42256976
2018-09-27,000959.SZ,4.01,4.08,3.99,4.05,10265453,44253103
2018-09-28,000959.SZ,4.01,4.08,3.97,4.08,12654979,54525803
2018-10-08,000959.SZ,4.02,4.03,3.94,3.95,10278959,43688256
2018-10-09,000959.SZ,3.94,4.00,3.94,3.98,7636450,32338649
2018-10-10,000959.SZ,4.00,4.03,3.96,4.02,6462479,27578539
2018-10-11,000959.SZ,3.95,3.95,3.73,3.75,12086155,49247013
2018-10-12,000959.SZ,3.66,3.87,3.65,3.82,8795372,35129447
2018-10-15,000959.SZ,3.85,3.88,3.75,3.76,5285290,21445377
2018-10-16,000959.SZ,3.77,3.79,3.60,3.65,6921303,27331761
2018-10-17,000959.SZ,3.69,3.71,3.63,3.68,4839965,18937987
2018-10-18,000959.SZ,3.66,3.66,3.56,3.57,6498878,24915695
2018-10-19,000959.SZ,3.51,3.64,3.22,3.63,10522230,39371201
2018-10-22,000959.SZ,3.63,3.80,3.60,3.77,9151942,36428801
2018-10-23,000959.SZ,3.77,3.79,3.66,3.70,7335583,29139250
2018-10-24,000959.SZ,3.69,3.76,3.66,3.73,5073310,20065026
2018-10-25,000959.SZ,3.65,3.78,3.56,3.78,5885054,23277507
2018-10-26,000959.SZ,3.77,3.90,3.77,3.85,8977451,36878087
2018-10-29,000959.SZ,3.86,3.90,3.81,3.87,4939636,20266192
2018-10-30,000959.SZ,3.86,3.87,3.77,3.85,4798467,19587347
2018-10-31,000959.SZ,3.83,3.87,3.82,3.84,4925462,20232012
2018-11-01,000959.SZ,3.83,3.87,3.78,3.81,8481224,34586607
2018-11-02,000959.SZ,3.81,3.85,3.79,3.84,9160071,37316135
2018-11-05,000959.SZ,3.84,3.85,3.75,3.80,9609798,38864551
2018-11-06,000959.SZ,3.80,3.81,3.77,3.81,5174017,20970024
2018-11-07,000959.SZ,3.81,3.84,3.77,3.78,6446270,26138952
2018-11-08,000959.SZ,3.81,3.81,3.73,3.74,6377185,25564206
2018-11-09,000959.SZ,3.73,3.74,3.66,3.66,5381511,21188920
2018-11-12,000959.SZ,3.66,3.71,3.64,3.70,5033330,19822794
2018-11-13,000959.SZ,3.67,3.76,3.64,3.73,8237186,32568607
2018-11-14,000959.SZ,3.73,3.82,3.70,3.78,9732778,39271948
2018-11-15,000959.SZ,3.76,3.81,3.75,3.79,6019978,24202312
2018-11-16,000959.SZ,3.79,3.81,3.76,3.79,6814387,27502806
2018-11-19,000959.SZ,3.80,3.87,3.72,3.86,14670597,59359682
2018-11-20,000959.SZ,3.83,3.93,3.78,3.79,17037182,70255269
2018-11-21,000959.SZ,3.72,3.83,3.70,3.79,8740531,35097806
2018-11-22,000959.SZ,3.79,3.79,3.73,3.74,5776832,23123591
2018-11-23,000959.SZ,3.73,3.75,3.63,3.63,7554917,29686814
2018-11-26,000959.SZ,3.62,3.67,3.57,3.61,4512526,17447124
2018-11-27,000959.SZ,3.62,3.64,3.56,3.57,4511617,17303821
2018-11-28,000959.SZ,3.53,3.58,3.48,3.56,5981710,22561633
2018-11-29,000959.SZ,3.58,3.61,3.51,3.52,4505938,17139027
2018-11-30,000959.SZ,3.52,3.56,3.50,3.53,2657110,9981012
2018-12-03,000959.SZ,3.61,3.63,3.58,3.63,5581892,21494864
2018-12-04,000959.SZ,3.62,3.68,3.60,3.66,5367824,20874192
2018-12-05,000959.SZ,3.58,3.63,3.56,3.62,4237068,16297128
2018-12-06,000959.SZ,3.60,3.60,3.54,3.54,4398876,16752139
2018-12-07,000959.SZ,3.56,3.66,3.55,3.66,6273186,24167341
2018-12-10,000959.SZ,3.62,3.64,3.57,3.59,2973838,11404243
2018-12-11,000959.SZ,3.60,3.62,3.57,3.60,1404508,5378921
2018-12-12,000959.SZ,3.60,3.61,3.57,3.59,2230747,8546216
2018-12-13,000959.SZ,3.60,3.63,3.57,3.60,4330634,16658711
2018-12-14,000959.SZ,3.59,3.61,3.54,3.54,4702744,17909443
2018-12-17,000959.SZ,3.52,3.56,3.50,3.54,3563519,13438620
2018-12-18,000959.SZ,3.53,3.58,3.51,3.56,4936527,18664579
2018-12-19,000959.SZ,3.58,3.58,3.52,3.53,2656464,10057896
2018-12-20,000959.SZ,3.52,3.55,3.50,3.51,3194089,11981558
2018-12-21,000959.SZ,3.51,3.52,3.47,3.49,3118198,11617801
2018-12-24,000959.SZ,3.43,3.55,3.43,3.53,3030376,11370683
2018-12-25,000959.SZ,3.51,3.54,3.39,3.46,4714136,17330982
2018-12-26,000959.SZ,3.42,3.52,3.42,3.51,4493929,16791237
2018-12-27,000959.SZ,3.55,3.57,3.51,3.52,2775003,10461315
2018-12-28,000959.SZ,3.51,3.54,3.45,3.50,3032654,11340805
2019-01-02,000959.SZ,3.51,3.59,3.51,3.54,5799735,21943809
2019-01-03,000959.SZ,3.55,3.60,3.51,3.57,6219628,23592487
2019-01-04,000959.SZ,3.58,3.62,3.55,3.61,6152494,23550175
2019-01-07,000959.SZ,3.62,3.65,3.59,3.64,4932901,19054335
2019-01-08,000959.SZ,3.64,3.67,3.56,3.61,5741403,22162872
2019-01-09,000959.SZ,3.60,3.65,3.60,3.62,5223270,20242774
2019-01-10,000959.SZ,3.62,3.65,3.61,3.63,4099281,15873812
2019-01-11,000959.SZ,3.62,3.66,3.60,3.65,3371285,13085349
2019-01-14,000959.SZ,3.65,3.70,3.64,3.68,5277426,20725740
2019-01-15,000959.SZ,3.68,3.70,3.64,3.69,4877296,19184817
2019-01-16,000959.SZ,3.70,3.71,3.66,3.68,3908912,15378229
2019-01-17,000959.SZ,3.69,3.73,3.68,3.69,4666824,18457593
2019-01-18,000959.SZ,3.70,3.77,3.68,3.75,9115099,36347439
2019-01-21,000959.SZ,3.75,3.78,3.72,3.75,5426700,21697667
2019-01-22,000959.SZ,3.76,3.78,3.66,3.66,3819461,15089579
2019-01-23,000959.SZ,3.69,3.73,3.66,3.70,3415340,13469994
2019-01-24,000959.SZ,3.66,3.73,3.63,3.70,5299292,20821408
2019-01-25,000959.SZ,3.70,3.72,3.66,3.69,3901848,15346339
2019-01-28,000959.SZ,3.67,3.72,3.66,3.67,3144488,12361578
2019-01-29,000959.SZ,3.66,3.67,3.56,3.66,5301195,20511324
2019-01-30,000959.SZ,3.67,3.70,3.64,3.66,3622562,14186694
2019-01-31,000959.SZ,3.66,3.69,3.57,3.58,4726741,18273940
2019-02-01,000959.SZ,3.61,3.69,3.58,3.69,4859310,18962204
2019-02-11,000959.SZ,3.70,3.73,3.69,3.73,4937425,19554459
2019-02-12,000959.SZ,3.71,3.76,3.68,3.74,7877342,31343219
2019-02-13,000959.SZ,3.73,3.80,3.72,3.80,8230774,33135428
2019-02-14,000959.SZ,3.79,3.84,3.75,3.81,7278885,29458524
2019-02-15,000959.SZ,3.82,3.83,3.77,3.77,5799712,23513032
2019-02-18,000959.SZ,3.80,3.84,3.78,3.83,7660662,31220219
2019-02-19,000959.SZ,3.84,3.86,3.80,3.82,6603603,26969768
2019-02-20,000959.SZ,3.82,3.85,3.79,3.81,5961267,24298490
2019-02-21,000959.SZ,3.81,3.83,3.77,3.80,6416750,26033623
2019-02-22,000959.SZ,3.78,3.82,3.74,3.81,8334210,33643560
2019-02-25,000959.SZ,3.83,3.98,3.81,3.96,17961456,74795593
2019-02-26,000959.SZ,3.96,4.25,3.92,4.11,46319543,202261794
2019-02-27,000959.SZ,4.03,4.10,3.97,4.01,24291704,104712219
2019-02-28,000959.SZ,4.00,4.07,3.99,4.02,12967924,55639145
2019-03-01,000959.SZ,4.04,4.08,4.00,4.05,12064913,51993349
2019-03-04,000959.SZ,4.07,4.15,4.03,4.08,25767694,112158751
2019-03-05,000959.SZ,4.07,4.10,4.03,4.10,14312203,61917522
2019-03-06,000959.SZ,4.08,4.26,4.08,4.26,33606362,150270309
2019-03-07,000959.SZ,4.26,4.33,4.18,4.25,23470212,106107993
2019-03-08,000959.SZ,4.19,4.19,3.96,3.98,22614696,98585030
2019-03-11,000959.SZ,3.95,4.09,3.95,4.08,14105779,60682478
2019-03-12,000959.SZ,4.12,4.16,4.09,4.11,17225370,75791408
2019-03-13,000959.SZ,4.13,4.14,4.03,4.06,11388997,49797149
2019-03-14,000959.SZ,4.06,4.14,3.99,4.03,12400969,53855258
2019-03-15,000959.SZ,4.01,4.10,4.01,4.06,9447594,40913256
2019-03-18,000959.SZ,4.08,4.25,4.08,4.21,18904613,84065488
2019-03-19,000959.SZ,4.22,4.26,4.14,4.17,15755472,70504690
2019-03-20,000959.SZ,4.17,4.24,4.15,4.22,14410917,64552055
2019-03-21,000959.SZ,4.22,4.22,4.18,4.21,12001446,53811944
2019-03-22,000959.SZ,4.21,4.21,4.14,4.19,9657444,42966213
2019-03-25,000959.SZ,4.13,4.16,4.10,4.11,12087248,53273484
2019-03-26,000959.SZ,4.11,4.14,4.01,4.03,9537117,41431482
2019-03-27,000959.SZ,4.06,4.09,3.99,4.09,7526953,32503661
2019-03-28,000959.SZ,4.08,4.09,4.00,4.03,6145331,26486834
2019-03-29,000959.SZ,4.03,4.11,3.99,4.11,9431996,41019036
2019-04-01,000959.SZ,4.14,4.23,4.13,4.19,14828865,66265325
2019-04-02,000959.SZ,4.21,4.24,4.17,4.21,10795037,48348820
2019-04-03,000959.SZ,4.22,4.29,4.18,4.29,16177228,73434932
2019-04-04,000959.SZ,4.32,4.33,4.21,4.26,16732857,76134767
2019-04-08,000959.SZ,4.27,4.47,4.25,4.44,29737411,137996909
2019-04-09,000959.SZ,4.41,4.42,4.28,4.33,18137563,83904599
2019-04-10,000959.SZ,4.29,4.32,4.23,4.27,12460857,56692508
2019-04-11,000959.SZ,4.25,4.29,4.17,4.19,9327167,42045493
2019-04-12,000959.SZ,4.19,4.21,4.13,4.18,8603041,38263183
2019-04-15,000959.SZ,4.20,4.25,4.13,4.13,10000630,44858642
2019-04-16,000959.SZ,4.12,4.22,4.08,4.22,8853346,39307470
2019-04-17,000959.SZ,4.22,4.28,4.16,4.26,13368069,60348932
2019-04-18,000959.SZ,4.24,4.26,4.21,4.21,5566788,25119556
2019-04-19,000959.SZ,4.22,4.31,4.20,4.30,11587238,52759994
2019-04-22,000959.SZ,4.32,4.34,4.24,4.25,10691223,48902733
2019-04-23,000959.SZ,4.24,4.30,4.23,4.24,8791127,39963056
2019-04-24,000959.SZ,4.23,4.27,4.18,4.25,9471126,42779087
2019-04-25,000959.SZ,4.23,4.29,4.18,4.26,12481339,56391490
2019-04-26,000959.SZ,4.09,4.09,3.89,3.93,16336890,69347231
2019-04-29,000959.SZ,3.92,3.94,3.70,3.74,16710163,67451924
2019-04-30,000959.SZ,3.76,3.80,3.62,3.70,12685749,50251100
2019-05-06,000959.SZ,3.63,3.66,3.49,3.55,15175843,57808314
2019-05-07,000959.SZ,3.55,3.60,3.49,3.54,14296772,54003219
2019-05-08,000959.SZ,3.51,3.52,3.47,3.50,15835101,58982305
2019-05-09,000959.SZ,3.48,3.51,3.42,3.42,13791507,50757098
2019-05-10,000959.SZ,3.45,3.49,3.38,3.49,16929656,62383517
2019-05-13,000959.SZ,3.44,3.45,3.37,3.40,15143706,55032146
2019-05-14,000959.SZ,3.35,3.39,3.34,3.36,10887778,39066400
2019-05-15,000959.SZ,3.38,3.40,3.36,3.39,14508310,52337270
2019-05-16,000959.SZ,3.38,3.47,3.36,3.44,17489650,63959381
2019-05-17,000959.SZ,3.43,3.44,3.32,3.34,16092057,57841555
2019-05-20,000959.SZ,3.34,3.34,3.23,3.28,11422097,39773262
2019-05-21,000959.SZ,3.28,3.36,3.27,3.35,9244080,32739309
2019-05-22,000959.SZ,3.35,3.39,3.31,3.33,8379491,29922899
2019-05-23,000959.SZ,3.32,3.32,3.26,3.27,8611833,30134600
2019-05-24,000959.SZ,3.28,3.32,3.27,3.29,8269006,29117592
2019-05-27,000959.SZ,3.30,3.35,3.28,3.35,7699453,27290805
2019-05-28,000959.SZ,3.35,3.37,3.33,3.35,8706074,31153311
2019-05-29,000959.SZ,3.35,3.36,3.31,3.33,7797508,27777141
2019-05-30,000959.SZ,3.33,3.33,3.28,3.31,6930858,24401696
2019-05-31,000959.SZ,3.31,3.36,3.30,3.33,8017248,28491649
2019-06-03,000959.SZ,3.33,3.35,3.27,3.30,8044022,28342457
2019-06-04,000959.SZ,3.30,3.30,3.22,3.24,11457595,39757743
2019-06-05,000959.SZ,3.26,3.28,3.25,3.26,7599023,26492521
2019-06-06,000959.SZ,3.25,3.29,3.24,3.26,9244010,32196372
2019-06-10,000959.SZ,3.26,3.28,3.23,3.26,9725062,33766811
2019-06-11,000959.SZ,3.25,3.36,3.24,3.35,14829457,52430475
2019-06-12,000959.SZ,3.35,3.36,3.29,3.31,11061126,39195354
2019-06-13,000959.SZ,3.30,3.33,3.28,3.32,11477607,40440147
2019-06-14,000959.SZ,3.30,3.35,3.24,3.24,22470339,79289971
2019-06-17,000959.SZ,3.26,3.31,3.24,3.31,8518324,29780940
2019-06-18,000959.SZ,3.30,3.32,3.27,3.30,5187611,18229252
2019-06-19,000959.SZ,3.35,3.37,3.31,3.32,9841083,35069313
2019-06-20,000959.SZ,3.32,3.38,3.30,3.36,10031679,35865736
2019-06-21,000959.SZ,3.36,3.41,3.36,3.39,13449071,48539093
2019-06-24,000959.SZ,3.39,3.47,3.36,3.41,15860210,58007152
2019-06-25,000959.SZ,3.42,3.42,3.32,3.37,10256544,36794043
2019-06-26,000959.SZ,3.36,3.36,3.33,3.34,6140850,21945552
2019-06-27,000959.SZ,3.35,3.37,3.33,3.35,7295339,26055580
2019-06-28,000959.SZ,3.35,3.35,3.29,3.30,6378658,22502504
2019-07-01,000959.SZ,3.33,3.37,3.33,3.36,8730006,31219086
2019-07-02,000959.SZ,3.36,3.36,3.34,3.35,6913288,24696153
2019-07-03,000959.SZ,3.35,3.35,3.31,3.34,5239084,18605306
2019-07-04,000959.SZ,3.34,3.36,3.31,3.32,5414893,19241569
2019-07-05,000959.SZ,3.33,3.34,3.29,3.33,4871819,17200361
2019-07-08,000959.SZ,3.31,3.32,3.18,3.22,10846641,37440992
2019-07-09,000959.SZ,3.21,3.22,3.19,3.21,6053673,20661642
2019-07-10,000959.SZ,3.20,3.21,3.17,3.18,5157325,17510550
2019-07-11,000959.SZ,3.19,3.21,3.18,3.19,4519656,15381797
2019-07-12,000959.SZ,3.18,3.20,3.17,3.20,3649730,12410696
2019-07-15,000959.SZ,3.19,3.21,3.13,3.21,6915639,23448068
2019-07-16,000959.SZ,3.20,3.23,3.19,3.22,5708619,19558679
2019-07-17,000959.SZ,3.21,3.24,3.21,3.22,4511186,15530679
2019-07-18,000959.SZ,3.21,3.22,3.19,3.20,3940847,13461813
2019-07-19,000959.SZ,3.20,3.22,3.19,3.21,4532926,15528435
2019-07-22,000959.SZ,3.21,3.21,3.14,3.17,5771639,19510384
2019-07-23,000959.SZ,3.15,3.26,3.15,3.24,5290719,18051989
2019-07-24,000959.SZ,3.23,3.23,3.19,3.20,7221103,24724464
2019-07-25,000959.SZ,3.18,3.21,3.17,3.18,5916223,20072431
2019-07-26,000959.SZ,3.17,3.21,3.17,3.20,6192973,21086295
2019-07-29,000959.SZ,3.20,3.25,3.19,3.24,9541204,32905957
2019-07-30,000959.SZ,3.24,3.27,3.23,3.23,5469033,18999878
2019-07-31,000959.SZ,3.23,3.28,3.22,3.27,6487801,22497820
2019-08-01,000959.SZ,3.25,3.26,3.21,3.23,5252499,18116501
2019-08-02,000959.SZ,3.19,3.23,3.14,3.21,7959064,27085465
2019-08-05,000959.SZ,3.21,3.24,3.18,3.19,6109608,20868648
2019-08-06,000959.SZ,3.14,3.17,3.10,3.14,8288712,27736100
2019-08-07,000959.SZ,3.16,3.18,3.13,3.16,4776033,16048353
2019-08-08,000959.SZ,3.18,3.20,3.15,3.15,3024500,10224336
2019-08-09,000959.SZ,3.17,3.18,3.11,3.11,3727000,12466649
2019-08-12,000959.SZ,3.10,3.14,3.09,3.14,3137582,10448443
2019-08-13,000959.SZ,3.12,3.13,3.10,3.12,2663201,8852010
2019-08-14,000959.SZ,3.15,3.16,3.13,3.13,2817174,9448822
2019-08-15,000959.SZ,3.09,3.16,3.07,3.14,5106400,17003935
2019-08-16,000959.SZ,3.16,3.16,3.11,3.12,3352278,11190619
2019-08-19,000959.SZ,3.13,3.19,3.13,3.18,5299201,17863005
2019-08-20,000959.SZ,3.18,3.26,3.16,3.25,6702469,22890142
2019-08-21,000959.SZ,3.21,3.23,3.20,3.21,6122289,20977271
2019-08-22,000959.SZ,3.21,3.21,3.17,3.20,4009764,13608399
2019-08-23,000959.SZ,3.20,3.20,3.17,3.19,3565242,12090515
2019-08-26,000959.SZ,3.14,3.17,3.12,3.16,3629600,12186057
2019-08-27,000959.SZ,3.16,3.21,3.16,3.20,5555500,18896166
2019-08-28,000959.SZ,3.24,3.36,3.23,3.26,14368079,50315926
2019-08-29,000959.SZ,3.26,3.26,3.21,3.21,6598023,22700679
2019-08-30,000959.SZ,3.23,3.24,3.20,3.22,4739406,16277468
2019-09-02,000959.SZ,3.22,3.27,3.20,3.26,7034494,24405475
2019-09-03,000959.SZ,3.26,3.28,3.22,3.24,4704442,16274806
2019-09-04,000959.SZ,3.23,3.27,3.22,3.26,5817004,20169540
2019-09-05,000959.SZ,3.27,3.31,3.26,3.28,12101682,42433510
2019-09-06,000959.SZ,3.28,3.30,3.26,3.29,5417420,18946821
2019-09-09,000959.SZ,3.30,3.32,3.28,3.31,6794916,23869425
2019-09-10,000959.SZ,3.30,3.31,3.27,3.31,5813867,20409341
2019-09-11,000959.SZ,3.31,3.31,3.26,3.27,7886100,27625755
2019-09-12,000959.SZ,3.28,3.30,3.27,3.30,6079936,21335078
2019-09-16,000959.SZ,3.29,3.33,3.28,3.30,8312949,29308387
2019-09-17,000959.SZ,3.30,3.31,3.23,3.24,7663223,26730943
2019-09-18,000959.SZ,3.24,3.26,3.22,3.22,4890136,16916944
2019-09-19,000959.SZ,3.23,3.24,3.21,3.22,6119858,21051523
2019-09-20,000959.SZ,3.22,3.23,3.21,3.23,5739313,19761701
2019-09-23,000959.SZ,3.22,3.23,3.13,3.19,6855441,23206622
2019-09-24,000959.SZ,3.18,3.21,3.15,3.18,5404218,18312749
2019-09-25,000959.SZ,3.18,3.18,3.14,3.15,4505763,15155934
2019-09-26,000959.SZ,3.16,3.17,3.14,3.15,4850368,16326027
2019-09-27,000959.SZ,3.14,3.17,3.13,3.15,3072962,10348513
2019-09-30,000959.SZ,3.18,3.18,3.13,3.13,3685400,12392671
2019-10-08,000959.SZ,3.14,3.15,3.12,3.13,3078789,10304153
2019-10-09,000959.SZ,3.13,3.22,3.12,3.22,6900782,23382489
2019-10-10,000959.SZ,3.19,3.21,3.18,3.19,4052121,13811109
2019-10-11,000959.SZ,3.19,3.25,3.18,3.24,5635407,19306934
2019-10-14,000959.SZ,3.24,3.26,3.21,3.22,8713512,30082181
2019-10-15,000959.SZ,3.21,3.22,3.18,3.21,5247397,17951047
2019-10-16,000959.SZ,3.21,3.22,3.20,3.20,3299800,11296564
2019-10-17,000959.SZ,3.20,3.21,3.18,3.19,2495565,8492295
2019-10-18,000959.SZ,3.19,3.19,3.13,3.14,5305047,17869413
2019-10-21,000959.SZ,3.14,3.16,3.13,3.15,2900112,9728976
2019-10-22,000959.SZ,3.15,3.19,3.14,3.18,2982167,10071281
2019-10-23,000959.SZ,3.18,3.19,3.14,3.15,3310736,11135149
2019-10-24,000959.SZ,3.15,3.17,3.13,3.17,2458901,8261174
2019-10-25,000959.SZ,3.17,3.19,3.14,3.18,3209504,10837104
2019-10-28,000959.SZ,3.17,3.20,3.16,3.18,4498037,15233465
2019-10-29,000959.SZ,3.19,3.19,3.14,3.15,3881219,13067347
2019-10-30,000959.SZ,3.15,3.15,3.11,3.13,3605554,12022974
2019-10-31,000959.SZ,3.12,3.18,3.09,3.16,4952140,16484925
2019-11-01,000959.SZ,3.14,3.29,3.10,3.28,8575303,29077925
2019-11-04,000959.SZ,3.21,3.23,3.20,3.20,5533464,18938962
2019-11-05,000959.SZ,3.21,3.21,3.15,3.18,3705636,12564712
2019-11-06,000959.SZ,3.18,3.20,3.16,3.16,3585500,12174032
2019-11-07,000959.SZ,3.17,3.20,3.16,3.19,2528939,8580365
2019-11-08,000959.SZ,3.19,3.21,3.17,3.18,2401183,8165185
2019-11-11,000959.SZ,3.16,3.17,3.12,3.13,3371294,11291498
2019-11-12,000959.SZ,3.12,3.14,3.11,3.13,2141679,7146997
2019-11-13,000959.SZ,3.14,3.14,3.11,3.13,2400478,7992383
2019-11-14,000959.SZ,3.12,3.14,3.11,3.13,2043966,6822288
2019-11-15,000959.SZ,3.13,3.16,3.11,3.14,2941571,9843359
2019-11-18,000959.SZ,3.14,3.18,3.11,3.17,3734912,12584232
2019-11-19,000959.SZ,3.16,3.19,3.15,3.18,2850491,9646585
2019-11-20,000959.SZ,3.19,3.20,3.16,3.18,4022576,13632489
2019-11-21,000959.SZ,3.17,3.23,3.13,3.22,6188762,21021839
2019-11-22,000959.SZ,3.20,3.32,3.19,3.29,19189145,66758240
2019-11-25,000959.SZ,3.29,3.62,3.27,3.48,49256986,180961444
2019-11-26,000959.SZ,3.42,3.43,3.24,3.28,29872288,106041540
2019-11-27,000959.SZ,3.27,3.30,3.25,3.28,14413181,50412610
2019-11-28,000959.SZ,3.26,3.27,3.20,3.21,11817774,40611906
2019-11-29,000959.SZ,3.21,3.24,3.21,3.23,6477774,22269157
2019-12-02,000959.SZ,3.21,3.24,3.21,3.24,5501917,18938673
2019-12-03,000959.SZ,3.21,3.23,3.19,3.21,7364442,25177567
2019-12-04,000959.SZ,3.20,3.21,3.19,3.20,5404132,18437500
2019-12-05,000959.SZ,3.20,3.21,3.19,3.21,6559317,22399650
2019-12-06,000959.SZ,3.20,3.21,3.19,3.21,5520598,18848702
2019-12-09,000959.SZ,3.21,3.29,3.21,3.27,12901479,44844138
2019-12-10,000959.SZ,3.28,3.28,3.23,3.25,6875361,23869272
2019-12-11,000959.SZ,3.25,3.31,3.24,3.29,8167463,28615067
2019-12-12,000959.SZ,3.27,3.28,3.23,3.25,6375856,22146148
2019-12-13,000959.SZ,3.25,3.28,3.25,3.28,8873586,30931665
2019-12-16,000959.SZ,3.28,3.30,3.26,3.28,8831475,30884657
2019-12-17,000959.SZ,3.28,3.33,3.27,3.32,13391326,47224200
2019-12-18,000959.SZ,3.32,3.33,3.29,3.30,8875235,31340960
2019-12-19,000959.SZ,3.29,3.33,3.29,3.32,5691140,20069023
2019-12-20,000959.SZ,3.31,3.33,3.26,3.27,8002767,28146064
2019-12-23,000959.SZ,3.27,3.28,3.21,3.22,7495278,25946446
2019-12-24,000959.SZ,3.22,3.25,3.21,3.23,4380189,15072405
2019-12-25,000959.SZ,3.23,3.24,3.21,3.22,4815092,16557435
2019-12-26,000959.SZ,3.22,3.24,3.21,3.23,5073077,17467914
2019-12-27,000959.SZ,3.23,3.28,3.22,3.25,9493028,32952483
2019-12-30,000959.SZ,3.25,3.29,3.23,3.29,9376428,32714850
2019-12-31,000959.SZ,3.28,3.32,3.27,3.31,9154612,32184869
2020-01-02,000959.SZ,3.33,3.36,3.32,3.33,12500926,44472458
2020-01-03,000959.SZ,3.34,3.35,3.31,3.32,6779589,24038159
2020-01-06,000959.SZ,3.30,3.33,3.28,3.30,10444931,36825220
2020-01-07,000959.SZ,3.30,3.35,3.29,3.35,14659163,52109265
2020-01-08,000959.SZ,3.35,3.35,3.27,3.29,11753467,41404955
2020-01-09,000959.SZ,3.31,3.32,3.29,3.30,7451477,26258005
2020-01-10,000959.SZ,3.29,3.31,3.26,3.27,6429051,22493936
2020-01-13,000959.SZ,3.27,3.29,3.24,3.29,7220139,25157575
2020-01-14,000959.SZ,3.29,3.31,3.28,3.30,6554470,23066524
2020-01-15,000959.SZ,3.30,3.30,3.25,3.25,6549883,22805623
2020-01-16,000959.SZ,3.26,3.26,3.23,3.23,4811108,16656682
2020-01-17,000959.SZ,3.23,3.25,3.22,3.22,4332785,14952468
2020-01-20,000959.SZ,3.22,3.24,3.20,3.24,5104744,17532293
2020-01-21,000959.SZ,3.23,3.24,3.20,3.20,6697248,22883938
2020-01-22,000959.SZ,3.19,3.21,3.15,3.21,6798839,23047830
2020-01-23,000959.SZ,3.19,3.20,3.12,3.14,8136670,27387748
2020-02-03,000959.SZ,2.83,2.89,2.83,2.83,10333597,31269161
2020-02-04,000959.SZ,2.69,2.86,2.69,2.81,12714109,38110718
2020-02-05,000959.SZ,2.81,2.89,2.81,2.85,10350573,31465367
2020-02-06,000959.SZ,2.86,2.87,2.83,2.85,9026213,27396245
2020-02-07,000959.SZ,2.86,2.96,2.83,2.96,12128451,37140761
2020-02-10,000959.SZ,2.91,3.04,2.90,3.03,11317698,35903238
2020-02-11,000959.SZ,3.03,3.14,3.00,3.12,15290992,50365808
2020-02-12,000959.SZ,3.07,3.08,3.01,3.06,11205219,36440075
2020-02-13,000959.SZ,3.06,3.07,3.02,3.04,5980630,19429443
2020-02-14,000959.SZ,3.04,3.06,3.01,3.03,6007436,19435238
2020-02-17,000959.SZ,3.02,3.06,3.02,3.06,6901759,22478335
2020-02-18,000959.SZ,3.06,3.06,3.03,3.05,7306197,23701816
2020-02-19,000959.SZ,3.04,3.05,2.95,2.96,24890394,79164003
2020-02-20,000959.SZ,2.97,3.00,2.93,2.99,20439205,64519651
2020-02-21,000959.SZ,2.98,2.98,2.94,2.97,26532489,83769869
2020-02-24,000959.SZ,2.98,2.98,2.91,2.91,22738135,71057362
2020-02-25,000959.SZ,2.88,2.88,2.82,2.85,24489101,74532860
2020-02-26,000959.SZ,2.83,2.92,2.81,2.90,33888327,103939939
2020-02-27,000959.SZ,2.90,2.91,2.88,2.89,16789121,51831846
2020-02-28,000959.SZ,2.85,2.87,2.81,2.81,18463090,55832343
2020-03-02,000959.SZ,2.82,2.92,2.82,2.91,20053544,61854349
2020-03-03,000959.SZ,2.94,2.97,2.91,2.91,20112157,62745684
2020-03-04,000959.SZ,2.90,2.94,2.89,2.94,15817351,49261122
2020-03-05,000959.SZ,2.95,3.01,2.94,2.99,27359676,87094911
2020-03-06,000959.SZ,2.96,2.96,2.92,2.93,16335845,51271445
2020-03-09,000959.SZ,2.91,2.91,2.84,2.86,16566340,50732118
2020-03-10,000959.SZ,2.82,2.91,2.81,2.90,14820924,45377549
2020-03-11,000959.SZ,2.90,2.91,2.87,2.87,11920981,36754992
2020-03-12,000959.SZ,2.86,2.88,2.83,2.86,9500559,28896116
2020-03-13,000959.SZ,2.78,2.86,2.73,2.85,15910320,47497153
2020-03-16,000959.SZ,2.88,2.88,2.78,2.79,10819064,32638220
2020-03-17,000959.SZ,2.79,2.83,2.74,2.80,10747751,31988838
2020-03-18,000959.SZ,2.81,2.83,2.76,2.77,8022653,24000033
2020-03-19,000959.SZ,2.77,2.79,2.72,2.76,9833440,28878977
2020-03-20,000959.SZ,2.78,2.79,2.75,2.78,6604912,19523630
2020-03-23,000959.SZ,2.73,2.76,2.71,2.72,9830587,28658616
2020-03-24,000959.SZ,2.74,2.77,2.74,2.76,7038028,20694556
2020-03-25,000959.SZ,2.81,2.82,2.76,2.79,7060345,20995922
2020-03-26,000959.SZ,2.77,2.78,2.76,2.76,4511660,13319275
2020-03-27,000959.SZ,2.78,2.81,2.76,2.77,6998067,20802653
2020-03-30,000959.SZ,2.76,2.79,2.72,2.76,5951605,17466044
2020-03-31,000959.SZ,2.76,2.78,2.74,2.76,4830449,14224729
2020-04-01,000959.SZ,2.75,2.77,2.74,2.75,5568553,16370941
2020-04-02,000959.SZ,2.75,2.77,2.73,2.77,5283634,15539465
2020-04-03,000959.SZ,2.77,2.77,2.74,2.76,5121830,15054795
2020-04-07,000959.SZ,2.78,2.79,2.76,2.77,7859574,23280275
2020-04-08,000959.SZ,2.77,2.79,2.76,2.77,5233860,15482387
2020-04-09,000959.SZ,2.78,2.79,2.77,2.77,3988626,11828075
2020-04-10,000959.SZ,2.78,2.79,2.75,2.76,5244447,15460355
2020-04-13,000959.SZ,2.76,2.76,2.74,2.74,3482640,10184647
2020-04-14,000959.SZ,2.75,2.76,2.74,2.76,2894400,8493569
2020-04-15,000959.SZ,2.76,2.76,2.74,2.75,4378853,12836462
2020-04-16,000959.SZ,2.74,2.76,2.73,2.74,4798688,14029880
2020-04-17,000959.SZ,2.74,2.76,2.74,2.76,5145409,15110296
2020-04-20,000959.SZ,2.75,2.76,2.74,2.75,4877244,14284026
2020-04-21,000959.SZ,2.75,2.75,2.71,2.73,5257359,15279654
2020-04-22,000959.SZ,2.72,2.73,2.70,2.73,3973756,11520925
2020-04-23,000959.SZ,2.73,2.75,2.72,2.74,6476156,18901467
2020-04-24,000959.SZ,2.74,2.75,2.73,2.73,4937692,14408122
2020-04-27,000959.SZ,2.72,2.74,2.71,2.71,6536046,19002011
2020-04-28,000959.SZ,2.71,2.72,2.63,2.66,8112121,23093103
2020-04-29,000959.SZ,2.67,2.68,2.65,2.67,3127536,8898483
2020-04-30,000959.SZ,2.67,2.73,2.67,2.72,5272703,15234508
2020-05-06,000959.SZ,2.70,2.73,2.69,2.72,5028119,14537979
2020-05-07,000959.SZ,2.73,2.74,2.70,2.71,4953933,14341961
2020-05-08,000959.SZ,2.71,2.74,2.71,2.74,4461545,12982396
2020-05-11,000959.SZ,2.74,2.76,2.73,2.75,6129344,17933296
2020-05-12,000959.SZ,2.75,2.75,2.72,2.75,5218338,15212265
2020-05-13,000959.SZ,2.74,2.76,2.72,2.74,5023140,14653583
2020-05-14,000959.SZ,2.74,2.74,2.70,2.70,3648900,10551822
2020-05-15,000959.SZ,2.72,2.73,2.69,2.70,3657032,10576756
2020-05-18,000959.SZ,2.70,2.72,2.69,2.72,2763496,7989490
2020-05-19,000959.SZ,2.72,2.75,2.72,2.74,3700862,10794696
2020-05-20,000959.SZ,2.74,2.75,2.71,2.73,4479794,13006114
2020-05-21,000959.SZ,2.73,2.91,2.72,2.85,23814059,71789454
2020-05-22,000959.SZ,2.84,2.85,2.76,2.76,11443201,34071921
2020-05-25,000959.SZ,2.76,2.79,2.74,2.75,5410480,15926247
2020-05-26,000959.SZ,2.76,2.76,2.74,2.75,6351869,18646049
2020-05-27,000959.SZ,2.76,2.87,2.75,2.79,13275241,39816586
2020-05-28,000959.SZ,2.78,2.83,2.76,2.81,10271146,30743170
2020-05-29,000959.SZ,2.80,2.88,2.79,2.81,9449024,28508662
2020-06-01,000959.SZ,2.81,2.87,2.80,2.86,13812682,42000232
2020-06-02,000959.SZ,2.87,2.88,2.84,2.88,14973220,45642529
2020-06-03,000959.SZ,2.89,2.89,2.85,2.86,10408139,31859468
2020-06-04,000959.SZ,2.87,2.89,2.85,2.87,10436243,31950634
2020-06-05,000959.SZ,2.88,2.89,2.86,2.88,11259775,34541011
2020-06-08,000959.SZ,2.90,3.17,2.88,3.17,61157623,201045537
2020-06-09,000959.SZ,3.18,3.21,3.09,3.16,32651665,110064152
2020-06-10,000959.SZ,3.23,3.48,3.14,3.43,62417256,224319420
2020-06-11,000959.SZ,3.47,3.58,3.32,3.49,64299755,237396222
2020-06-12,000959.SZ,3.41,3.83,3.41,3.83,52165287,205596831
2020-06-15,000959.SZ,3.75,4.22,3.75,4.05,110627039,470929892
2020-06-16,000959.SZ,4.05,4.45,3.89,4.45,102917031,454946762
2020-06-17,000959.SZ,4.78,4.90,4.51,4.68,122301142,618173671
2020-06-18,000959.SZ,4.69,5.13,4.48,4.56,123914065,631318046
2020-06-19,000959.SZ,4.40,4.41,4.11,4.24,117142314,526641850
2020-06-22,000959.SZ,4.24,4.31,4.10,4.21,80247413,359642259
2020-06-23,000959.SZ,4.19,4.34,4.05,4.28,104661806,468169756
2020-06-24,000959.SZ,4.19,4.20,3.95,4.02,73473055,318514030
2020-06-29,000959.SZ,4.01,4.06,3.92,4.01,43534361,185522476
2020-06-30,000959.SZ,4.03,4.16,3.98,4.03,49951140,216011153
2020-07-01,000959.SZ,4.08,4.19,4.02,4.18,55077513,242161795
2020-07-02,000959.SZ,4.23,4.55,4.08,4.40,77003916,355096221
2020-07-03,000959.SZ,4.48,4.78,4.43,4.56,86154878,423594108
2020-07-06,000959.SZ,4.48,4.73,4.39,4.63,92081020,447832229
2020-07-07,000959.SZ,4.57,4.92,4.54,4.74,78142784,399065139
2020-07-08,000959.SZ,4.76,4.87,4.56,4.76,65388392,328936498
2020-07-09,000959.SZ,4.69,4.83,4.57,4.73,65397056,327584147
2020-07-10,000959.SZ,4.68,4.84,4.60,4.74,54634490,274920749
2020-07-13,000959.SZ,4.73,5.22,4.70,5.22,82587587,445782653
2020-07-14,000959.SZ,5.41,5.46,4.70,4.70,112933070,597225490
2020-07-15,000959.SZ,4.57,4.65,4.24,4.26,83058423,390787995
2020-07-16,000959.SZ,4.26,4.38,4.15,4.16,44620193,203532992
2020-07-17,000959.SZ,4.16,4.22,4.10,4.20,29174895,129473182
2020-07-20,000959.SZ,4.26,4.40,4.20,4.33,32319999,148130049
2020-07-21,000959.SZ,4.32,4.44,4.27,4.31,26547162,122745246
2020-07-22,000959.SZ,4.31,4.36,4.25,4.27,21329506,97789246
2020-07-23,000959.SZ,4.26,4.26,4.11,4.19,23004345,102594408
2020-07-24,000959.SZ,4.21,4.26,3.96,4.00,24040011,105309958
2020-07-27,000959.SZ,4.05,4.24,3.89,4.08,28933936,126107436
2020-07-28,000959.SZ,4.11,4.19,4.02,4.07,17026307,74181533
2020-07-29,000959.SZ,4.06,4.16,3.99,4.11,16618722,72579763
2020-07-30,000959.SZ,4.11,4.16,4.08,4.11,15631838,68527383
2020-07-31,000959.SZ,4.11,4.17,4.04,4.11,18361330,80451084
2020-08-03,000959.SZ,4.11,4.20,4.11,4.15,22293371,98551946
2020-08-04,000959.SZ,4.17,4.18,4.08,4.11,21254115,93270893
2020-08-05,000959.SZ,4.11,4.20,4.04,4.16,23619259,104189693
2020-08-06,000959.SZ,4.14,4.44,4.11,4.38,44753690,204226229
2020-08-07,000959.SZ,4.36,4.36,4.12,4.17,35298938,158553753
2020-08-10,000959.SZ,4.11,4.21,4.04,4.17,17576361,77601195
2020-08-11,000959.SZ,4.19,4.24,4.06,4.07,21080581,93004430
2020-08-12,000959.SZ,4.05,4.10,3.95,3.99,17094392,73085352
2020-08-13,000959.SZ,4.01,4.11,3.97,4.04,12413916,53633165
2020-08-14,000959.SZ,4.04,4.09,4.00,4.08,11348385,49057373
2020-08-17,000959.SZ,4.07,4.22,4.07,4.17,19222426,85084410
2020-08-18,000959.SZ,4.19,4.33,4.15,4.23,24113255,108976641
2020-08-19,000959.SZ,4.21,4.23,4.14,4.16,14731743,65591464
2020-08-20,000959.SZ,4.17,4.22,4.09,4.10,18395651,81083163
2020-08-21,000959.SZ,4.09,4.51,4.05,4.51,63626772,294996261
2020-08-24,000959.SZ,4.68,4.96,4.58,4.87,101490090,519421484
2020-08-25,000959.SZ,4.78,5.13,4.75,4.83,58063363,303395140
2020-08-26,000959.SZ,4.78,4.95,4.69,4.73,46114101,236384096
2020-08-27,000959.SZ,4.80,4.96,4.75,4.92,43410318,224780039
2020-08-28,000959.SZ,4.93,5.27,4.93,4.95,68670016,371354506
2020-08-31,000959.SZ,5.01,5.07,4.87,4.94,37308092,197632517
2020-09-01,000959.SZ,4.92,5.10,4.87,5.06,39482940,210164852
2020-09-02,000959.SZ,5.04,5.10,4.97,5.01,22151027,118786468
2020-09-03,000959.SZ,5.04,5.12,4.52,4.52,87798082,445369059
2020-09-04,000959.SZ,4.53,4.56,4.39,4.43,40243361,191242589
2020-09-07,000959.SZ,4.43,4.43,4.22,4.25,34928906,161336492
2020-09-08,000959.SZ,4.25,4.28,4.16,4.24,22113146,99436032
2020-09-09,000959.SZ,4.21,4.30,4.14,4.18,29089912,130500521
2020-09-10,000959.SZ,4.21,4.22,4.04,4.06,28581169,125141558
2020-09-11,000959.SZ,4.06,4.06,4.06,4.06,,
2020-09-14,000959.SZ,4.06,4.06,4.06,4.06,,
2020-09-15,000959.SZ,4.06,4.06,4.06,4.06,,
2020-09-16,000959.SZ,4.06,4.06,4.06,4.06,,
2020-09-17,000959.SZ,4.06,4.06,4.06,4.06,,
2020-09-18,000959.SZ,4.06,4.06,4.06,4.06,,
2020-09-21,000959.SZ,4.06,4.06,4.06,4.06,,
2020-09-22,000959.SZ,4.06,4.06,4.06,4.06,,
2020-09-23,000959.SZ,4.06,4.06,4.06,4.06,,
2020-09-24,000959.SZ,4.06,4.06,4.06,4.06,,
2020-09-25,000959.SZ,4.46,4.46,3.85,3.95,51790327,229272947
2020-09-28,000959.SZ,3.83,3.83,3.55,3.55,46973266,181080020
2020-09-29,000959.SZ,3.48,3.61,3.41,3.51,35442483,132986293
2020-09-30,000959.SZ,3.51,3.52,3.42,3.42,18786225,69465449
2020-10-09,000959.SZ,3.47,3.75,3.47,3.69,32771475,126725437
2020-10-12,000959.SZ,3.71,3.73,3.62,3.70,28423588,111653802
2020-10-13,000959.SZ,3.70,3.71,3.62,3.66,16636398,64936789
2020-10-14,000959.SZ,3.65,3.65,3.56,3.58,19136975,73351667
2020-10-15,000959.SZ,3.57,3.63,3.53,3.57,17575532,67072735
2020-10-16,000959.SZ,3.54,3.60,3.54,3.56,11271673,42929024
2020-10-19,000959.SZ,3.58,3.62,3.51,3.52,16346235,61970582
2020-10-20,000959.SZ,3.51,3.52,3.45,3.50,16140634,59904317
2020-10-21,000959.SZ,3.51,3.51,3.41,3.45,16689784,61425316
2020-10-22,000959.SZ,3.50,3.65,3.49,3.51,34486992,130079670
2020-10-23,000959.SZ,3.51,3.54,3.48,3.49,16311904,61066208
2020-10-26,000959.SZ,3.50,3.53,3.49,3.51,12483921,46740277
2020-10-27,000959.SZ,3.51,3.55,3.48,3.51,16170387,60426951
2020-10-28,000959.SZ,3.49,3.53,3.48,3.51,13974078,52301114
2020-10-29,000959.SZ,3.49,3.57,3.49,3.51,14677285,55106108
2020-10-30,000959.SZ,3.51,3.52,3.43,3.44,16556046,61353010
2020-11-02,000959.SZ,3.44,3.46,3.36,3.41,13947551,50732442
2020-11-03,000959.SZ,3.45,3.58,3.42,3.55,21810373,81738314
2020-11-04,000959.SZ,3.56,3.60,3.51,3.54,12798542,48335853
2020-11-05,000959.SZ,3.56,3.65,3.53,3.61,21103424,81017218
2020-11-06,000959.SZ,3.61,3.65,3.58,3.62,15266704,58780558
2020-11-09,000959.SZ,3.63,3.73,3.63,3.67,25383856,99731062
2020-11-10,000959.SZ,3.68,3.73,3.60,3.65,22421485,87518051
2020-11-11,000959.SZ,3.63,3.83,3.61,3.74,34096150,135973802
2020-11-12,000959.SZ,3.72,3.80,3.65,3.74,21927108,87270212
2020-11-13,000959.SZ,3.71,3.75,3.66,3.68,16554059,65183041
2020-11-16,000959.SZ,3.66,3.81,3.66,3.78,25095034,100802966
2020-11-17,000959.SZ,3.82,3.98,3.76,3.88,43578127,180271682
2020-11-18,000959.SZ,3.89,4.17,3.84,4.00,46517070,198154491
2020-11-19,000959.SZ,4.03,4.10,3.89,3.95,34774718,146988130
2020-11-20,000959.SZ,3.92,3.98,3.84,3.95,25464321,106500538
2020-11-23,000959.SZ,3.93,4.08,3.93,4.00,33344503,142027178
2020-11-24,000959.SZ,3.98,4.06,3.96,4.01,23532805,100368386
2020-11-25,000959.SZ,4.05,4.09,3.92,3.93,27744017,118215671
2020-11-26,000959.SZ,3.91,3.93,3.81,3.82,19515331,80126444
2020-11-27,000959.SZ,3.86,3.93,3.79,3.86,19937980,81908783
2020-11-30,000959.SZ,3.84,3.94,3.83,3.84,21366897,88512578
2020-12-01,000959.SZ,3.82,3.89,3.79,3.86,19404706,79486202
2020-12-02,000959.SZ,3.87,3.93,3.84,3.89,18337374,76103296
2020-12-03,000959.SZ,3.87,3.91,3.82,3.83,16696442,68659406
2020-12-04,000959.SZ,3.85,3.85,3.79,3.81,15140454,61436526
2020-12-07,000959.SZ,3.81,3.81,3.70,3.71,17664011,70589340
2020-12-08,000959.SZ,3.71,3.73,3.67,3.67,10884998,42924427
2020-12-09,000959.SZ,3.67,3.70,3.64,3.66,11193953,43821921
2020-12-10,000959.SZ,3.66,3.78,3.66,3.73,15767692,62686368
2020-12-11,000959.SZ,3.76,3.78,3.57,3.61,22041331,85698823
2020-12-14,000959.SZ,3.59,3.60,3.51,3.57,10535989,40098308
2020-12-15,000959.SZ,3.56,3.63,3.53,3.60,8993757,34392601
2020-12-16,000959.SZ,3.62,3.66,3.59,3.62,9973833,38518666
2020-12-17,000959.SZ,3.59,3.69,3.59,3.67,14602637,56719251
2020-12-18,000959.SZ,3.72,3.80,3.71,3.74,16867023,67551226
2020-12-21,000959.SZ,3.75,3.80,3.71,3.77,14763082,59236381
2020-12-22,000959.SZ,3.80,3.80,3.65,3.67,15616021,61805155
2020-12-23,000959.SZ,3.61,3.70,3.61,3.66,12345482,48321158
2020-12-24,000959.SZ,3.66,3.66,3.54,3.57,13099272,50282702
2020-12-25,000959.SZ,3.58,3.72,3.55,3.69,14243912,55792418
2020-12-28,000959.SZ,3.72,3.74,3.64,3.66,11374617,44566202
2020-12-29,000959.SZ,3.68,3.71,3.58,3.62,14747935,57069493
2020-12-30,000959.SZ,3.62,3.66,3.59,3.62,10968388,42330021
2020-12-31,000959.SZ,3.61,3.63,3.56,3.59,12680354,48619967
2021-01-04,000959.SZ,3.58,3.62,3.54,3.58,13375969,50995100
2021-01-05,000959.SZ,3.56,3.57,3.46,3.51,17521097,65424035
2021-01-06,000959.SZ,3.51,3.52,3.46,3.50,11533543,42810578
2021-01-07,000959.SZ,3.48,3.54,3.45,3.49,17710485,65934183
2021-01-08,000959.SZ,3.51,3.54,3.41,3.52,19055247,71004821
2021-01-11,000959.SZ,3.56,3.58,3.42,3.44,16220112,60083389
2021-01-12,000959.SZ,3.41,3.44,3.39,3.43,11852897,43168491
2021-01-13,000959.SZ,3.42,3.43,3.36,3.40,10858342,39278720
2021-01-14,000959.SZ,3.39,3.47,3.36,3.44,11973162,43576228
2021-01-15,000959.SZ,3.42,3.46,3.38,3.39,10251296,37346422
2021-01-18,000959.SZ,3.38,3.43,3.36,3.40,11101501,40229300
2021-01-19,000959.SZ,3.41,3.45,3.37,3.43,10684883,38954039
2021-01-20,000959.SZ,3.45,3.57,3.45,3.51,18887750,70917634
2021-01-21,000959.SZ,3.51,3.51,3.46,3.48,11171912,41546375
2021-01-22,000959.SZ,3.49,3.50,3.40,3.41,9260874,33781369
2021-01-25,000959.SZ,3.39,3.40,3.33,3.34,11136674,39880843
2021-01-26,000959.SZ,3.33,3.40,3.27,3.40,10289556,36704436
2021-01-27,000959.SZ,3.39,3.46,3.34,3.34,9788840,35468850
2021-01-28,000959.SZ,3.34,3.39,3.31,3.37,9733787,34903041
2021-01-29,000959.SZ,3.36,3.71,3.36,3.56,31527040,118987022
2021-02-01,000959.SZ,3.56,3.61,3.45,3.51,15081351,56404106
2021-02-02,000959.SZ,3.46,3.58,3.45,3.51,11811119,44154055
2021-02-03,000959.SZ,3.51,3.51,3.43,3.46,9695402,35828560
2021-02-04,000959.SZ,3.43,3.46,3.35,3.38,11578647,41844523
2021-02-05,000959.SZ,3.37,3.42,3.36,3.36,6046420,21791848
2021-02-08,000959.SZ,3.34,3.39,3.32,3.34,10128750,36181574
2021-02-09,000959.SZ,3.34,3.48,3.32,3.41,10831728,39354665
2021-02-10,000959.SZ,3.40,3.43,3.38,3.40,6514874,23642951
2021-02-18,000959.SZ,3.45,3.53,3.44,3.51,13036868,48538106
2021-02-19,000959.SZ,3.51,3.63,3.48,3.62,16447272,62840554
2021-02-22,000959.SZ,3.65,3.98,3.65,3.97,51619264,214718225
2021-02-23,000959.SZ,3.97,3.97,3.81,3.86,35298895,146433427
2021-02-24,000959.SZ,3.87,3.90,3.77,3.78,21184729,86309194
2021-02-25,000959.SZ,3.84,3.95,3.82,3.91,26974830,111982500
2021-02-26,000959.SZ,3.84,3.88,3.73,3.74,25804713,104591184
2021-03-01,000959.SZ,3.79,3.94,3.78,3.92,29409343,121508290
2021-03-02,000959.SZ,3.96,4.11,3.89,3.92,29915208,126613160
2021-03-03,000959.SZ,3.94,4.22,3.93,4.15,47889162,209155385
2021-03-04,000959.SZ,4.06,4.53,4.01,4.27,69475631,315837882
2021-03-05,000959.SZ,4.16,4.16,3.92,3.97,49097037,210622032
2021-03-08,000959.SZ,4.02,4.12,3.93,3.96,33821227,145164559
2021-03-09,000959.SZ,3.92,4.18,3.89,4.04,38125294,164183450
2021-03-10,000959.SZ,3.98,4.09,3.91,3.93,22463047,95137052
2021-03-11,000959.SZ,3.92,4.12,3.86,4.10,35931603,153873630
2021-03-12,000959.SZ,4.11,4.20,4.06,4.10,36152966,158977934
2021-03-15,000959.SZ,4.12,4.39,4.11,4.24,51360389,234397604
2021-03-16,000959.SZ,4.23,4.29,4.17,4.21,27377419,123321171
2021-03-17,000959.SZ,4.19,4.23,4.00,4.06,32524257,141623329
2021-03-18,000959.SZ,4.11,4.22,4.08,4.14,31077803,137797521
2021-03-19,000959.SZ,4.08,4.44,4.03,4.21,51788078,233630648
2021-03-22,000959.SZ,4.35,4.63,4.35,4.63,29971546,146086155
2021-03-23,000959.SZ,4.68,4.78,4.37,4.50,85689360,414425115
2021-03-24,000959.SZ,4.37,4.43,4.23,4.30,52415822,240842567
2021-03-25,000959.SZ,4.27,4.38,4.22,4.24,42117040,192953174
2021-03-26,000959.SZ,4.26,4.35,4.25,4.28,32893867,150318854
2021-03-29,000959.SZ,4.29,4.42,4.23,4.35,38470864,177898924
2021-03-30,000959.SZ,4.32,4.41,4.25,4.32,28977168,133319632
2021-03-31,000959.SZ,4.32,4.32,4.32,4.32,,
2021-04-01,000959.SZ,4.30,4.44,3.95,4.25,48483842,215574522
2021-04-02,000959.SZ,4.23,4.28,4.13,4.14,26152567,116685723
2021-04-06,000959.SZ,4.22,4.36,4.20,4.24,26931946,122917258
2021-04-07,000959.SZ,4.45,4.66,4.38,4.66,89616447,437195445
2021-04-08,000959.SZ,4.85,5.06,4.72,4.78,133560293,695814091
2021-04-09,000959.SZ,4.81,4.85,4.62,4.70,77500822,391018877
2021-04-12,000959.SZ,4.69,5.01,4.59,4.94,92076855,478810585
2021-04-13,000959.SZ,4.84,4.93,4.73,4.79,45332214,232485691
2021-04-14,000959.SZ,4.70,4.87,4.69,4.80,35791667,182827461
2021-04-15,000959.SZ,4.78,4.80,4.67,4.75,32438593,163550129
2021-04-16,000959.SZ,4.74,4.85,4.73,4.80,29779707,152978567
2021-04-19,000959.SZ,4.79,4.82,4.70,4.76,28509650,144896340
2021-04-20,000959.SZ,4.78,4.85,4.73,4.77,30585253,156435595
2021-04-21,000959.SZ,4.75,4.77,4.59,4.70,26177737,130384044
2021-04-22,000959.SZ,4.80,4.92,4.78,4.83,46755211,242471077
2021-04-23,000959.SZ,4.81,4.92,4.78,4.87,35829091,185830882
2021-04-26,000959.SZ,4.89,4.97,4.82,4.83,33688782,175621099
2021-04-27,000959.SZ,4.78,4.87,4.71,4.78,25116423,127987509
2021-04-28,000959.SZ,4.77,4.86,4.71,4.79,25292819,129322901
2021-04-29,000959.SZ,4.79,4.80,4.66,4.76,26341684,133066627
2021-04-30,000959.SZ,4.78,4.83,4.69,4.72,21138621,107006116
2021-05-06,000959.SZ,4.83,5.06,4.83,5.01,51761311,274084552
2021-05-07,000959.SZ,5.01,5.31,4.99,5.22,78118943,430603029
2021-05-10,000959.SZ,5.45,5.75,5.45,5.75,117469772,714577924
2021-05-11,000959.SZ,5.75,5.92,5.62,5.77,126354997,778910665
2021-05-12,000959.SZ,5.89,6.23,5.82,6.02,107631712,689877742
2021-05-13,000959.SZ,5.90,6.03,5.66,5.68,67099197,414733235
2021-05-14,000959.SZ,5.81,5.88,5.60,5.72,56337831,343370415
2021-05-17,000959.SZ,5.69,5.77,5.54,5.66,44970395,271682569
2021-05-18,000959.SZ,5.73,5.76,5.63,5.68,28983543,175953388
2021-05-19,000959.SZ,5.62,5.62,5.34,5.49,42050268,245747292
2021-05-20,000959.SZ,5.01,5.27,5.01,5.19,47410724,260354837
2021-05-21,000959.SZ,5.17,5.36,5.06,5.30,38069002,212843060
2021-05-24,000959.SZ,5.18,5.30,5.08,5.13,30690409,168658743
2021-05-25,000959.SZ,5.29,5.35,5.00,5.17,43605564,240912171
2021-05-26,000959.SZ,5.14,5.16,5.03,5.11,34326221,186401565
2021-05-27,000959.SZ,5.09,5.15,5.00,5.09,33198896,180152928
2021-05-28,000959.SZ,5.19,5.23,5.09,5.14,27885001,153351270
2021-05-31,000959.SZ,5.16,5.22,5.05,5.09,28035031,152708832
2021-06-01,000959.SZ,5.00,5.16,4.85,5.11,45840286,244449469
2021-06-02,000959.SZ,5.11,5.13,4.97,5.00,23411661,125600646
2021-06-03,000959.SZ,4.97,5.28,4.92,5.11,40478251,220869025
2021-06-04,000959.SZ,5.07,5.18,4.97,5.10,23034990,124600890
2021-06-07,000959.SZ,5.10,5.15,5.04,5.10,15264347,82846110
2021-06-08,000959.SZ,5.06,5.15,5.00,5.09,14763492,79990030
2021-06-09,000959.SZ,5.09,5.60,5.06,5.60,63989336,372950303
2021-06-10,000959.SZ,5.46,5.75,5.32,5.72,74171668,438256154
2021-06-11,000959.SZ,5.72,5.81,5.63,5.68,43448008,265227995
2021-06-15,000959.SZ,5.76,5.76,5.43,5.55,34306904,203048380
2021-06-16,000959.SZ,5.53,5.54,5.35,5.36,20732489,119748350
2021-06-17,000959.SZ,5.40,5.45,5.09,5.15,29094046,162491605
2021-06-18,000959.SZ,5.12,5.14,5.00,5.05,22323093,120151548
2021-06-21,000959.SZ,5.12,5.28,5.08,5.20,33088988,183510707
2021-06-22,000959.SZ,5.20,5.22,5.06,5.14,24715861,134731465
2021-06-23,000959.SZ,5.07,5.16,5.04,5.12,20304120,110641580
2021-06-24,000959.SZ,5.08,5.11,4.93,5.11,38418054,204970217
2021-06-25,000959.SZ,5.05,5.37,4.97,5.35,43743646,242644114
2021-06-28,000959.SZ,5.24,5.31,5.07,5.09,42702071,235551426
2021-06-29,000959.SZ,5.09,5.14,5.00,5.10,29367558,158789558
2021-06-30,000959.SZ,5.11,5.42,5.11,5.27,40093065,226980651
2021-07-01,000959.SZ,5.37,5.50,5.16,5.16,30362083,171325268
2021-07-02,000959.SZ,5.15,5.38,5.13,5.20,29133895,163327795
2021-07-05,000959.SZ,5.17,5.26,4.97,4.99,32053205,172936888
2021-07-06,000959.SZ,4.99,5.05,4.94,5.01,23163411,123707797
2021-07-07,000959.SZ,5.01,5.08,4.98,5.05,19590200,105173507
2021-07-08,000959.SZ,5.06,5.08,4.91,4.92,20158588,107297702
2021-07-09,000959.SZ,4.89,5.10,4.85,5.07,24881470,132915190
2021-07-12,000959.SZ,5.06,5.57,5.05,5.47,69322894,403787538
2021-07-13,000959.SZ,5.49,5.65,5.36,5.43,42515775,247115061
2021-07-14,000959.SZ,5.46,5.49,5.27,5.28,28714784,164544925
2021-07-15,000959.SZ,5.37,5.53,5.23,5.46,50375651,290628031
2021-07-16,000959.SZ,5.45,5.77,5.40,5.56,62483713,374983086
2021-07-19,000959.SZ,5.64,5.76,5.51,5.53,51819908,310505504
2021-07-20,000959.SZ,5.48,5.49,5.22,5.26,38336248,216849301
2021-07-21,000959.SZ,5.30,5.67,5.24,5.51,59107689,345147614
2021-07-22,000959.SZ,5.90,6.06,5.87,6.06,85106758,549406923
2021-07-23,000959.SZ,6.51,6.67,6.42,6.66,183850997,1297545389
2021-07-26,000959.SZ,6.69,6.80,6.29,6.38,149913644,1045252685
2021-07-27,000959.SZ,6.49,6.53,5.83,5.88,112589877,749087726
2021-07-28,000959.SZ,5.82,5.92,5.44,5.63,94287888,564495732
2021-07-29,000959.SZ,5.72,6.08,5.67,6.04,83212036,520739853
2021-07-30,000959.SZ,6.09,6.64,6.04,6.64,113595147,777537430
2021-08-02,000959.SZ,6.28,6.45,6.04,6.28,88489105,585977717
2021-08-03,000959.SZ,6.28,6.46,5.87,5.94,55746941,365027784
2021-08-04,000959.SZ,6.07,6.35,5.83,6.30,80396826,522184308
2021-08-05,000959.SZ,6.19,6.24,5.76,5.90,100942901,640013793
2021-08-06,000959.SZ,5.88,6.15,5.85,5.97,55088929,353335803
2021-08-09,000959.SZ,5.96,6.50,5.88,6.35,82031402,545367388
2021-08-10,000959.SZ,6.49,6.52,6.23,6.31,63244851,429742033
2021-08-11,000959.SZ,6.49,6.78,6.26,6.66,78437987,547225647
2021-08-12,000959.SZ,6.61,7.33,6.53,7.33,83362052,637712985
2021-08-13,000959.SZ,7.08,7.59,7.06,7.27,97025671,760964534
2021-08-16,000959.SZ,7.29,7.29,6.98,7.04,58628669,444961413
2021-08-17,000959.SZ,7.11,7.19,6.80,6.85,50828073,377930748
2021-08-18,000959.SZ,6.87,7.08,6.74,6.84,47466272,349237965
2021-08-19,000959.SZ,6.73,6.94,6.47,6.84,56315651,408380413
2021-08-20,000959.SZ,6.84,7.09,6.61,6.96,83014594,614184013
2021-08-23,000959.SZ,6.93,7.22,6.75,7.05,74927928,558067150
2021-08-24,000959.SZ,6.96,7.25,6.93,7.02,47284868,357940396
2021-08-25,000959.SZ,7.07,7.31,6.94,7.23,44272856,336750948
2021-08-26,000959.SZ,7.28,7.67,7.19,7.48,54751612,435421063
2021-08-27,000959.SZ,7.40,7.85,7.15,7.73,54700991,434551792
2021-08-30,000959.SZ,7.73,7.73,7.73,7.73,,
2021-08-31,000959.SZ,7.73,7.73,7.73,7.73,,
2021-09-01,000959.SZ,7.73,7.73,7.73,7.73,,
2021-09-02,000959.SZ,7.73,7.73,7.73,7.73,,
2021-09-03,000959.SZ,7.73,7.73,7.73,7.73,,
2021-09-06,000959.SZ,7.73,7.73,7.73,7.73,,
2021-09-07,000959.SZ,7.73,7.73,7.73,7.73,,
2021-09-08,000959.SZ,7.73,7.73,7.73,7.73,,
2021-09-09,000959.SZ,7.73,7.73,7.73,7.73,,
2021-09-10,000959.SZ,7.73,7.73,7.73,7.73,,
2021-09-13,000959.SZ,8.51,8.51,8.18,8.51,16134812,146078781
2021-09-14,000959.SZ,9.33,9.36,8.32,8.74,124235329,1170836430
2021-09-15,000959.SZ,8.45,8.58,8.15,8.33,67551718,603083128
2021-09-16,000959.SZ,8.50,9.09,8.39,8.44,90482693,838269217
2021-09-17,000959.SZ,8.41,8.44,7.62,7.99,79134918,676819749
2021-09-22,000959.SZ,7.73,8.14,7.59,8.07,46771061,390533312
2021-09-23,000959.SZ,8.11,8.16,7.70,7.86,45095208,381353636
2021-09-24,000959.SZ,7.79,7.89,7.36,7.39,47512479,383279236
2021-09-27,000959.SZ,7.31,7.42,6.88,6.90,58436904,439441326
2021-09-28,000959.SZ,6.90,7.17,6.89,7.09,40575519,304713524
2021-09-29,000959.SZ,6.99,7.17,6.65,6.71,49082163,362226143
2021-09-30,000959.SZ,6.80,7.02,6.71,6.86,31287963,228630506
2021-10-08,000959.SZ,7.13,7.50,6.72,6.87,54618882,413135827
2021-10-11,000959.SZ,6.86,6.94,6.61,6.67,47617450,340952204
2021-10-12,000959.SZ,6.63,6.78,6.23,6.32,50913292,349896586
2021-10-13,000959.SZ,6.34,6.39,6.05,6.20,42779462,283237789
2021-10-14,000959.SZ,6.22,6.34,6.14,6.24,30644126,204679861
2021-10-15,000959.SZ,6.28,6.30,6.13,6.21,28835209,190661373
2021-10-18,000959.SZ,6.12,6.27,6.08,6.18,47604011,313386458
2021-10-19,000959.SZ,6.20,6.23,5.99,6.16,37434665,245655793
2021-10-20,000959.SZ,6.20,6.31,6.00,6.23,39016196,257140820
2021-10-21,000959.SZ,6.30,6.35,6.19,6.24,46680733,312864856
2021-10-22,000959.SZ,6.19,6.19,5.69,5.76,81149440,508248335
2021-10-25,000959.SZ,5.71,5.84,5.56,5.80,52189269,319237845
2021-10-26,000959.SZ,5.80,5.84,5.67,5.68,47131044,288544393
2021-10-27,000959.SZ,5.69,5.71,5.53,5.61,40487020,242258320
2021-10-28,000959.SZ,5.52,5.58,5.35,5.47,44734916,260227454
2021-10-29,000959.SZ,5.47,5.57,5.34,5.40,45602488,263098023
2021-11-01,000959.SZ,5.46,5.78,5.38,5.66,75391423,454593472
2021-11-02,000959.SZ,5.73,5.74,5.19,5.33,87997169,506612219
2021-11-03,000959.SZ,5.34,5.49,5.22,5.39,47125395,270726344
2021-11-04,000959.SZ,5.39,5.39,5.20,5.24,39822544,222762025
2021-11-05,000959.SZ,5.15,5.17,5.00,5.04,47675903,257348606
2021-11-08,000959.SZ,5.04,5.15,5.01,5.05,31576857,170604746
2021-11-09,000959.SZ,5.06,5.09,4.91,5.00,46129872,244774710
2021-11-10,000959.SZ,4.94,4.99,4.77,4.97,48728942,252583112
2021-11-11,000959.SZ,5.08,5.21,4.96,5.17,55511197,301761866
2021-11-12,000959.SZ,5.20,5.41,5.06,5.08,62719086,346867430
2021-11-15,000959.SZ,5.08,5.15,5.00,5.11,37656100,204508222
2021-11-16,000959.SZ,5.14,5.15,4.92,4.96,34338712,184058632
2021-11-17,000959.SZ,4.98,5.15,4.92,5.13,36876514,199551330
2021-11-18,000959.SZ,5.15,5.17,5.08,5.14,36247316,198760056
2021-11-19,000959.SZ,5.11,5.26,5.09,5.24,33217643,183715075
2021-11-22,000959.SZ,5.26,5.51,5.24,5.41,50445075,290109253
2021-11-23,000959.SZ,5.59,5.84,5.59,5.65,92414329,563477911
2021-11-24,000959.SZ,5.69,5.78,5.60,5.62,51268046,309273627
2021-11-25,000959.SZ,5.64,5.65,5.37,5.40,48560145,281011590
2021-11-26,000959.SZ,5.40,5.94,5.33,5.94,81201455,499103287
2021-11-29,000959.SZ,5.95,6.50,5.86,6.21,173958550,1130519995
2021-11-30,000959.SZ,6.23,6.26,5.90,5.94,108680089,701939169
2021-12-01,000959.SZ,5.99,6.14,5.69,6.05,102158850,646458212
2021-12-02,000959.SZ,5.97,6.66,5.89,6.66,138488390,943842937
2021-12-03,000959.SZ,6.65,6.78,6.33,6.55,124086882,864009734
2021-12-06,000959.SZ,6.48,6.94,6.43,6.50,121592667,858878062
2021-12-07,000959.SZ,6.59,6.62,6.36,6.55,73627414,510061899
2021-12-08,000959.SZ,6.48,6.85,6.29,6.75,96839289,678732031
2021-12-09,000959.SZ,6.70,6.75,6.51,6.59,70023667,488911436
2021-12-10,000959.SZ,6.70,6.83,6.50,6.53,98197289,683848844
2021-12-13,000959.SZ,6.45,6.59,6.39,6.42,55908701,380220968
2021-12-14,000959.SZ,6.34,6.42,6.20,6.22,58513356,385407895
2021-12-15,000959.SZ,6.28,6.29,6.13,6.17,47166068,307120258
2021-12-16,000959.SZ,6.14,6.55,6.13,6.47,72455246,487561293
2021-12-17,000959.SZ,6.47,6.53,6.31,6.34,50859136,342942216
2021-12-20,000959.SZ,6.31,6.39,5.98,6.07,62072707,399322164
2021-12-21,000959.SZ,6.04,6.12,5.97,6.09,39579056,252343608
2021-12-22,000959.SZ,6.06,6.14,5.91,5.96,41309774,259661431
2021-12-23,000959.SZ,5.95,5.99,5.81,5.89,35365859,219081922
2021-12-24,000959.SZ,5.90,5.91,5.62,5.66,50899442,305894400
2021-12-27,000959.SZ,5.65,5.80,5.56,5.67,33577648,201372794
2021-12-28,000959.SZ,5.67,5.72,5.52,5.60,44802417,263797860
2021-12-29,000959.SZ,5.59,5.65,5.51,5.52,35019922,204965328
2021-12-30,000959.SZ,5.57,5.58,5.47,5.49,28130213,163482124
2021-12-31,000959.SZ,5.47,5.51,5.40,5.45,27855821,160132104
2022-01-04,000959.SZ,5.45,5.59,5.43,5.51,45006531,260965269
2022-01-05,000959.SZ,5.51,5.56,5.37,5.37,51273881,293129087
2022-01-06,000959.SZ,5.34,5.56,5.34,5.50,54938375,318705287
2022-01-07,000959.SZ,5.51,5.87,5.48,5.80,91213906,548817411
2022-01-10,000959.SZ,5.80,5.84,5.61,5.65,57298168,341159839
2022-01-11,000959.SZ,5.62,5.85,5.61,5.66,61681078,370929654
2022-01-12,000959.SZ,5.69,5.69,5.53,5.57,54460468,320469294
2022-01-13,000959.SZ,5.58,5.69,5.49,5.50,40258319,235893781
2022-01-14,000959.SZ,5.45,5.47,5.33,5.35,38462456,217377711
2022-01-17,000959.SZ,5.36,5.38,5.21,5.36,34574823,192210902
2022-01-18,000959.SZ,5.33,5.48,5.29,5.47,61618275,349726824
2022-01-19,000959.SZ,5.52,5.69,5.48,5.66,80324209,474565503
2022-01-20,000959.SZ,5.61,5.84,5.58,5.66,60154909,359664112
2022-01-21,000959.SZ,5.63,5.71,5.46,5.66,48903055,289899575
2022-01-24,000959.SZ,5.62,5.71,5.55,5.64,29931705,177933770
2022-01-25,000959.SZ,5.61,5.67,5.42,5.43,31198800,181895195
2022-01-26,000959.SZ,5.41,5.61,5.39,5.49,28438190,164694343
2022-01-27,000959.SZ,5.59,5.59,5.39,5.40,26703659,154269022
2022-01-28,000959.SZ,5.47,5.50,5.14,5.29,48134849,266845001
2022-02-07,000959.SZ,5.34,5.79,5.33,5.75,75051733,448671790
2022-02-08,000959.SZ,5.77,5.90,5.72,5.86,58593853,358065763
2022-02-09,000959.SZ,5.80,5.90,5.71,5.82,44974537,275423943
2022-02-10,000959.SZ,5.82,5.95,5.74,5.92,49950086,309191480
2022-02-11,000959.SZ,5.90,6.01,5.78,5.81,41149995,253839695
2022-02-14,000959.SZ,5.74,5.77,5.56,5.60,39658637,235383913
2022-02-15,000959.SZ,5.63,5.64,5.42,5.50,39754600,228847185
2022-02-16,000959.SZ,5.51,5.65,5.50,5.60,37900209,222865345
2022-02-17,000959.SZ,5.57,5.65,5.51,5.56,23635534,138178250
2022-02-18,000959.SZ,5.51,5.77,5.48,5.75,43506622,260451463
2022-02-21,000959.SZ,5.94,5.94,5.67,5.72,43736156,264270896
2022-02-22,000959.SZ,5.68,5.71,5.55,5.60,37232123,219858637
2022-02-23,000959.SZ,5.60,5.63,5.53,5.60,28317619,166061772
2022-02-24,000959.SZ,5.55,5.59,5.35,5.45,40001320,230445954
2022-02-25,000959.SZ,5.54,5.91,5.54,5.65,77658027,468771594
2022-02-28,000959.SZ,5.66,5.73,5.59,5.71,42549649,253053561
2022-03-01,000959.SZ,5.74,6.12,5.67,6.05,105482063,659736060
2022-03-02,000959.SZ,6.05,6.05,6.05,6.05,,
2022-03-03,000959.SZ,6.17,6.44,5.66,6.13,150025948,952335895
2022-03-04,000959.SZ,6.06,6.08,5.85,5.90,85763923,534423963
2022-03-07,000959.SZ,5.94,5.96,5.75,5.79,62593981,384852537
2022-03-08,000959.SZ,5.73,5.80,5.51,5.56,47492171,281574382
2022-03-09,000959.SZ,5.53,5.60,5.19,5.41,46048213,262873786
2022-03-10,000959.SZ,5.48,5.52,5.33,5.35,49170591,279310182
2022-03-11,000959.SZ,5.28,5.29,5.07,5.25,55116177,299323845
2022-03-14,000959.SZ,5.17,5.25,5.04,5.04,47044172,254690524
2022-03-15,000959.SZ,5.01,5.01,4.61,4.62,62126381,313461161
2022-03-16,000959.SZ,4.69,4.78,4.49,4.71,55924860,273445169
2022-03-17,000959.SZ,4.81,4.89,4.75,4.79,60490700,306424901
2022-03-18,000959.SZ,4.81,4.90,4.74,4.86,52228508,265760987
2022-03-21,000959.SZ,4.91,4.96,4.77,4.84,44136735,225190465
2022-03-22,000959.SZ,4.90,4.93,4.85,4.91,38703409,199052308
2022-03-23,000959.SZ,4.91,4.93,4.82,4.88,34832955,178971006
2022-03-24,000959.SZ,4.86,4.87,4.80,4.81,27788059,141178538
2022-03-25,000959.SZ,4.83,4.86,4.75,4.75,27270720,137618058
2022-03-28,000959.SZ,4.75,4.92,4.64,4.89,45178189,229117247
2022-03-29,000959.SZ,4.90,4.91,4.79,4.81,30506583,155576106
2022-03-30,000959.SZ,4.84,4.89,4.79,4.88,29892309,152438833
2022-03-31,000959.SZ,4.90,4.98,4.87,4.94,40117226,208144392
2022-04-01,000959.SZ,4.88,4.97,4.86,4.94,30971453,160602589
2022-04-06,000959.SZ,4.97,5.39,4.94,5.32,92610173,504556028
2022-04-07,000959.SZ,5.28,5.51,5.25,5.34,97672141,553318944
2022-04-08,000959.SZ,5.34,5.63,5.30,5.57,72048576,413970675
2022-04-11,000959.SZ,5.53,5.53,5.27,5.31,71144756,400827879
2022-04-12,000959.SZ,5.23,5.34,5.19,5.31,39391149,218777468
2022-04-13,000959.SZ,5.27,5.50,5.21,5.42,53429563,302126458
2022-04-14,000959.SZ,5.41,5.53,5.37,5.47,53013891,304096561
2022-04-15,000959.SZ,5.40,5.78,5.38,5.63,80945315,481425112
2022-04-18,000959.SZ,5.52,5.73,5.41,5.61,56685134,327966767
2022-04-19,000959.SZ,5.51,5.71,5.45,5.61,54345831,319265669
2022-04-20,000959.SZ,5.56,5.63,5.32,5.34,41806982,239268108
2022-04-21,000959.SZ,5.32,5.34,5.07,5.13,42392435,232031303
2022-04-22,000959.SZ,5.09,5.16,4.93,5.13,32321567,171784633
2022-04-25,000959.SZ,5.00,5.00,4.74,4.76,46714141,236573947
2022-04-26,000959.SZ,4.75,4.79,4.48,4.52,32639123,159145213
2022-04-27,000959.SZ,4.48,4.64,4.38,4.62,40501536,192539816
2022-04-28,000959.SZ,4.59,4.63,4.46,4.55,27054538,129435560
2022-04-29,000959.SZ,4.51,4.59,4.38,4.56,74538892,352207245
2022-05-05,000959.SZ,4.54,4.54,4.39,4.42,66008584,307597020
2022-05-06,000959.SZ,4.30,4.30,4.12,4.14,53366052,234789849
2022-05-09,000959.SZ,4.10,4.19,4.04,4.07,37096808,160176423
2022-05-10,000959.SZ,3.98,4.07,3.91,4.05,45075573,188984316
2022-05-11,000959.SZ,4.05,4.17,4.04,4.09,44942786,194829801
2022-05-12,000959.SZ,4.07,4.11,4.04,4.09,38935530,166543057
2022-05-13,000959.SZ,4.11,4.18,4.11,4.15,29380934,128173550
2022-05-16,000959.SZ,4.17,4.20,4.11,4.16,26758563,116825872
2022-05-17,000959.SZ,4.15,4.16,4.09,4.14,23502982,101949668
2022-05-18,000959.SZ,4.14,4.16,4.11,4.13,18086579,78553164
2022-05-19,000959.SZ,4.06,4.10,4.02,4.10,28653255,122253153
2022-05-20,000959.SZ,4.12,4.20,4.11,4.20,33226946,145319652
2022-05-23,000959.SZ,4.21,4.36,4.19,4.32,46064832,208635736
2022-05-24,000959.SZ,4.28,4.31,4.09,4.11,38444636,169892897
2022-05-25,000959.SZ,4.08,4.17,4.07,4.16,20346608,88466708
2022-05-26,000959.SZ,4.16,4.24,4.12,4.22,27294980,120213530
2022-05-27,000959.SZ,4.24,4.26,4.18,4.22,22945105,102074878
2022-05-30,000959.SZ,4.24,4.27,4.19,4.22,22199865,98672790
2022-05-31,000959.SZ,4.22,4.25,4.15,4.23,29378836,129332013
2022-06-01,000959.SZ,4.23,4.25,4.16,4.23,31876340,141281788
2022-06-02,000959.SZ,4.23,4.38,4.22,4.35,55723607,253279307
2022-06-06,000959.SZ,4.37,4.42,4.30,4.39,42068438,193176503
2022-06-07,000959.SZ,4.41,4.44,4.28,4.35,44653531,203849374
2022-06-08,000959.SZ,4.35,4.38,4.28,4.35,34338274,156509140
2022-06-09,000959.SZ,4.33,4.38,4.30,4.34,32656175,149043757
2022-06-10,000959.SZ,4.31,4.35,4.28,4.35,34200047,155576475
2022-06-13,000959.SZ,4.29,4.32,4.23,4.27,42868452,192494205
2022-06-14,000959.SZ,4.26,4.34,4.18,4.34,48571188,217744917
2022-06-15,000959.SZ,4.35,4.61,4.33,4.52,84058533,396832448
2022-06-16,000959.SZ,4.54,4.59,4.41,4.44,50713883,238167974
2022-06-17,000959.SZ,4.42,4.42,4.32,4.36,48001450,220746277
2022-06-20,000959.SZ,4.35,4.53,4.28,4.51,75202972,348989098
2022-06-21,000959.SZ,4.47,4.56,4.42,4.51,48673456,229921425
2022-06-22,000959.SZ,4.49,4.78,4.43,4.64,97224843,473417763
2022-06-23,000959.SZ,4.66,4.67,4.55,4.61,51846002,251130577
2022-06-24,000959.SZ,4.60,4.71,4.57,4.64,46020951,224490023
2022-06-27,000959.SZ,4.65,4.66,4.53,4.55,36611391,176304633
2022-06-28,000959.SZ,4.53,4.55,4.46,4.54,35413367,167301386
2022-06-29,000959.SZ,4.51,4.71,4.49,4.57,51169298,247664156
2022-06-30,000959.SZ,4.56,4.59,4.53,4.53,28204032,134997773
2022-07-01,000959.SZ,4.50,4.57,4.47,4.52,43579131,206415807
2022-07-04,000959.SZ,4.48,4.53,4.47,4.49,23167884,109514744
2022-07-05,000959.SZ,4.48,4.82,4.48,4.71,97271229,479673495
2022-07-06,000959.SZ,4.71,4.74,4.51,4.58,61191860,294082394
2022-07-07,000959.SZ,4.55,4.65,4.54,4.57,28596007,138078938
2022-07-08,000959.SZ,4.55,4.58,4.50,4.54,25384813,121132164
2022-07-11,000959.SZ,4.50,4.51,4.31,4.38,37923836,174818889
2022-07-12,000959.SZ,4.38,4.57,4.37,4.51,44787050,212596629
2022-07-13,000959.SZ,4.52,4.55,4.43,4.51,25094169,118261221
2022-07-14,000959.SZ,4.52,4.52,4.37,4.37,34665580,161984549
2022-07-15,000959.SZ,4.37,4.38,4.15,4.18,44293400,197306514
2022-07-18,000959.SZ,4.17,4.26,4.15,4.24,30012003,133589785
2022-07-19,000959.SZ,4.28,4.28,4.20,4.25,15938364,71126841
2022-07-20,000959.SZ,4.23,4.32,4.22,4.25,20439850,91589180
2022-07-21,000959.SZ,4.24,4.25,4.17,4.18,21192888,93643685
2022-07-22,000959.SZ,4.17,4.19,4.03,4.08,36059260,155633768
2022-07-25,000959.SZ,4.10,4.16,3.99,4.01,31957208,135978867
2022-07-26,000959.SZ,4.01,4.06,3.98,4.05,21481207,90944499
2022-07-27,000959.SZ,4.04,4.04,4.00,4.03,15236607,64432699
2022-07-28,000959.SZ,4.05,4.07,4.03,4.06,18627074,79376968
2022-07-29,000959.SZ,4.08,4.09,4.00,4.01,20553900,87319417
2022-08-01,000959.SZ,4.02,4.03,3.98,4.03,16359932,69062576
2022-08-02,000959.SZ,4.02,4.02,3.84,3.93,30227056,124188277
2022-08-03,000959.SZ,3.92,4.01,3.85,3.87,24084541,99576769
2022-08-04,000959.SZ,3.87,3.90,3.81,3.85,19347222,78228885
2022-08-05,000959.SZ,3.85,3.93,3.83,3.92,20785424,84675452
2022-08-08,000959.SZ,3.92,3.98,3.87,3.97,28482498,118137481
2022-08-09,000959.SZ,3.96,3.97,3.94,3.96,9779169,40716388
2022-08-10,000959.SZ,3.97,3.97,3.91,3.93,12063138,49892503
2022-08-11,000959.SZ,3.95,4.02,3.95,4.01,17515809,73447674
2022-08-12,000959.SZ,4.02,4.06,3.97,4.03,20229553,85867076
2022-08-15,000959.SZ,4.04,4.09,4.02,4.08,24013477,102517362
2022-08-16,000959.SZ,4.08,4.12,4.04,4.07,18593664,79550037
2022-08-17,000959.SZ,4.06,4.08,4.02,4.07,15458846,65807363
2022-08-18,000959.SZ,4.07,4.07,4.01,4.03,13013040,55137111
2022-08-19,000959.SZ,4.02,4.12,4.01,4.07,29759040,127774700
2022-08-22,000959.SZ,4.07,4.11,4.04,4.09,15934800,68449807
2022-08-23,000959.SZ,4.09,4.11,4.02,4.07,17503591,74600931
2022-08-24,000959.SZ,4.04,4.08,3.95,3.97,26171191,109967260
2022-08-25,000959.SZ,3.99,4.03,3.93,4.02,18912260,79405757
2022-08-26,000959.SZ,4.04,4.04,3.95,3.99,16530060,69212042
2022-08-29,000959.SZ,3.94,3.97,3.89,3.97,13557289,56115737
2022-08-30,000959.SZ,3.99,4.03,3.94,3.96,15523451,64893501
2022-08-31,000959.SZ,3.96,3.97,3.90,3.92,16121542,66653963
2022-09-01,000959.SZ,3.94,3.99,3.91,3.94,16511100,68435345
2022-09-02,000959.SZ,3.93,3.94,3.85,3.88,17314152,70762964
2022-09-05,000959.SZ,3.87,3.93,3.85,3.92,15050681,61657657
2022-09-06,000959.SZ,3.93,3.98,3.92,3.96,14351431,59788476
2022-09-07,000959.SZ,3.96,3.97,3.93,3.96,14649313,60851811
2022-09-08,000959.SZ,3.97,4.01,3.94,3.98,20299706,84998306
2022-09-09,000959.SZ,3.99,4.04,3.97,4.02,15624768,65860062
2022-09-13,000959.SZ,4.00,4.03,3.94,3.96,20625391,86115673
2022-09-14,000959.SZ,3.92,3.98,3.87,3.94,20434705,84511116
2022-09-15,000959.SZ,3.97,4.00,3.90,3.94,18840110,78387722
2022-09-16,000959.SZ,3.93,3.95,3.80,3.83,25338944,102889612
2022-09-19,000959.SZ,3.83,3.83,3.71,3.77,19492066,76921823
2022-09-20,000959.SZ,3.77,3.79,3.72,3.73,14119731,55605801
2022-09-21,000959.SZ,3.72,3.78,3.63,3.77,22655000,88665622
2022-09-22,000959.SZ,3.74,3.77,3.70,3.71,13878875,54444785
2022-09-23,000959.SZ,3.72,3.76,3.67,3.69,14216529,55588579
2022-09-26,000959.SZ,3.68,3.68,3.54,3.56,22308360,84246640
2022-09-27,000959.SZ,3.56,3.60,3.53,3.58,16641900,60873239
2022-09-28,000959.SZ,3.58,3.58,3.49,3.50,18327244,66306322
2022-09-29,000959.SZ,3.52,3.55,3.40,3.43,18714082,66894128
2022-09-30,000959.SZ,3.42,3.51,3.42,3.47,18662594,66685816
2022-10-10,000959.SZ,3.49,3.53,3.42,3.43,18507611,66048345
2022-10-11,000959.SZ,3.43,3.48,3.39,3.46,12344738,43696480
2022-10-12,000959.SZ,3.46,3.51,3.40,3.50,14363139,51063972
2022-10-13,000959.SZ,3.50,3.50,3.45,3.48,11495376,41082058
2022-10-14,000959.SZ,3.50,3.54,3.49,3.53,12703966,45963296
2022-10-17,000959.SZ,3.51,3.59,3.49,3.57,16931554,61894431
2022-10-18,000959.SZ,3.58,3.59,3.54,3.55,9633199,35218527
2022-10-19,000959.SZ,3.55,3.56,3.51,3.52,9139248,33233413
2022-10-20,000959.SZ,3.51,3.53,3.46,3.51,7756939,27904833
2022-10-21,000959.SZ,3.50,3.53,3.47,3.48,8569000,30850383
2022-10-24,000959.SZ,3.50,3.58,3.42,3.47,32402003,116489683
2022-10-25,000959.SZ,3.45,3.48,3.38,3.45,14702160,52000325
2022-10-26,000959.SZ,3.44,3.50,3.43,3.46,14354506,51230563
2022-10-27,000959.SZ,3.45,3.55,3.45,3.51,20455945,73884927
2022-10-28,000959.SZ,3.46,3.51,3.36,3.38,27990065,98824788
2022-10-31,000959.SZ,3.36,3.38,3.28,3.32,24712050,84786405
2022-11-01,000959.SZ,3.31,3.41,3.31,3.41,21439940,73960940
2022-11-02,000959.SZ,3.40,3.55,3.38,3.53,31620590,113869660
2022-11-03,000959.SZ,3.52,3.60,3.50,3.52,19845167,72509748
2022-11-04,000959.SZ,3.54,3.60,3.51,3.57,24096903,88273151
2022-11-07,000959.SZ,3.58,3.73,3.56,3.68,32229419,121302560
2022-11-08,000959.SZ,3.65,3.73,3.64,3.71,21124628,80266070
2022-11-09,000959.SZ,3.68,3.77,3.68,3.74,18745950,72114589
2022-11-10,000959.SZ,3.75,3.82,3.69,3.80,26938043,104365664
2022-11-11,000959.SZ,3.86,3.90,3.81,3.85,29670496,117594299
2022-11-14,000959.SZ,3.86,3.93,3.82,3.84,26120954,103971426
2022-11-15,000959.SZ,3.84,3.90,3.81,3.85,20314519,80867931
2022-11-16,000959.SZ,3.85,3.86,3.82,3.84,12687663,50099167
2022-11-17,000959.SZ,3.84,3.88,3.80,3.88,15149063,60036673
2022-11-18,000959.SZ,3.89,3.95,3.87,3.92,19608800,79202452
2022-11-21,000959.SZ,3.89,3.90,3.83,3.86,14782315,58845107
2022-11-22,000959.SZ,3.87,3.93,3.83,3.89,18641975,74339126
2022-11-23,000959.SZ,3.89,3.92,3.86,3.87,14060881,56205355
2022-11-24,000959.SZ,3.86,3.91,3.86,3.89,13187500,52645272
2022-11-25,000959.SZ,3.89,3.93,3.87,3.92,19448988,78151637
2022-11-28,000959.SZ,3.91,3.91,3.83,3.89,15831632,62996332
2022-11-29,000959.SZ,3.91,3.97,3.90,3.95,18391604,74645327
2022-11-30,000959.SZ,3.95,3.99,3.91,3.92,15460932,62645591
2022-12-01,000959.SZ,3.94,3.96,3.92,3.93,13855600,56121004
2022-12-02,000959.SZ,3.92,3.94,3.90,3.91,11782400,47433044
2022-12-05,000959.SZ,3.92,4.07,3.91,4.03,41441083,170580731
2022-12-06,000959.SZ,4.03,4.06,3.98,4.02,17167600,70974118
2022-12-07,000959.SZ,4.02,4.02,3.97,4.00,25956762,106675128
2022-12-08,000959.SZ,4.01,4.05,3.98,4.03,17341817,71691341
2022-12-09,000959.SZ,4.02,4.08,4.01,4.04,32333908,134790004
2022-12-12,000959.SZ,4.05,4.05,3.94,3.95,27022200,111325531
2022-12-13,000959.SZ,3.95,4.00,3.95,3.98,14921759,61240630
2022-12-14,000959.SZ,3.98,4.00,3.92,3.92,11826200,48120455
2022-12-15,000959.SZ,3.92,3.94,3.84,3.86,19791209,78710709
2022-12-16,000959.SZ,3.86,3.98,3.84,3.94,23398818,94766539
2022-12-19,000959.SZ,3.93,3.96,3.82,3.84,20309300,81353663
2022-12-20,000959.SZ,3.86,3.88,3.79,3.83,13111979,51759898
2022-12-21,000959.SZ,3.85,3.86,3.79,3.80,8815879,34679995
2022-12-22,000959.SZ,3.83,3.87,3.72,3.74,13904800,54346516
2022-12-23,000959.SZ,3.73,3.73,3.67,3.70,11816466,45030447
2022-12-26,000959.SZ,3.71,3.73,3.65,3.66,9543300,36115689
2022-12-27,000959.SZ,3.68,3.75,3.68,3.73,14812012,56742311
2022-12-28,000959.SZ,3.73,3.76,3.67,3.74,15417535,59009091
2022-12-29,000959.SZ,3.74,3.75,3.65,3.66,10824393,41081269
2022-12-30,000959.SZ,3.70,3.70,3.64,3.66,8113838,30633784
2023-01-03,000959.SZ,3.67,3.70,3.64,3.68,10138370,38376359
2023-01-04,000959.SZ,3.66,3.74,3.65,3.70,15808445,60315660
2023-01-05,000959.SZ,3.71,3.72,3.68,3.69,11942847,45476019
2023-01-06,000959.SZ,3.70,3.72,3.67,3.69,14617798,55557109
2023-01-09,000959.SZ,3.69,3.71,3.68,3.68,9868799,37540575
2023-01-10,000959.SZ,3.67,3.68,3.62,3.64,11878714,44535086
2023-01-11,000959.SZ,3.65,3.69,3.63,3.67,12375056,46723330
2023-01-12,000959.SZ,3.68,3.68,3.61,3.63,11016233,41236595
2023-01-13,000959.SZ,3.63,3.65,3.61,3.63,7132300,26658680
2023-01-16,000959.SZ,3.64,3.69,3.63,3.67,9407623,35523123
2023-01-17,000959.SZ,3.69,3.70,3.64,3.66,10940799,41308650
2023-01-18,000959.SZ,3.66,3.69,3.65,3.68,8914525,33734416
2023-01-19,000959.SZ,3.69,3.73,3.66,3.73,12268946,46719889
2023-01-20,000959.SZ,3.75,3.81,3.73,3.80,15589254,60537355
2023-01-30,000959.SZ,3.83,3.89,3.82,3.83,22910173,90608583
2023-01-31,000959.SZ,3.80,3.83,3.77,3.83,12704445,49774683
2023-02-01,000959.SZ,3.83,3.89,3.82,3.89,16482415,65620573
2023-02-02,000959.SZ,3.89,3.89,3.82,3.84,15930398,62983215
2023-02-03,000959.SZ,3.84,3.85,3.75,3.78,16108700,62586607
2023-02-06,000959.SZ,3.77,3.78,3.72,3.75,12846177,49514684
2023-02-07,000959.SZ,3.77,3.79,3.75,3.79,13261854,51452899
2023-02-08,000959.SZ,3.81,3.81,3.74,3.75,13784501,53351406
2023-02-09,000959.SZ,3.75,3.80,3.73,3.79,13484862,52423594
2023-02-10,000959.SZ,3.80,3.81,3.75,3.77,10688406,41505542
2023-02-13,000959.SZ,3.79,3.81,3.74,3.80,18386465,71515067
2023-02-14,000959.SZ,3.81,3.86,3.80,3.85,24192272,95688738
2023-02-15,000959.SZ,3.87,3.87,3.82,3.83,12209962,48196343
2023-02-16,000959.SZ,3.84,3.86,3.77,3.81,19312340,76005957
2023-02-17,000959.SZ,3.82,3.84,3.80,3.81,13667150,53628291
2023-02-20,000959.SZ,3.81,3.93,3.80,3.92,34261245,137278843
2023-02-21,000959.SZ,3.94,4.03,3.90,4.00,35226741,144364660
2023-02-22,000959.SZ,3.98,4.02,3.95,4.02,21382257,88104303
2023-02-23,000959.SZ,4.03,4.06,4.00,4.03,18756275,77714484
2023-02-24,000959.SZ,4.03,4.05,3.98,4.03,13602326,56245178
2023-02-27,000959.SZ,4.04,4.06,3.99,4.00,19027325,78852966
2023-02-28,000959.SZ,4.01,4.03,3.96,4.01,14562889,59895225
2023-03-01,000959.SZ,4.02,4.04,3.99,4.02,12153762,50330974
2023-03-02,000959.SZ,4.02,4.11,4.00,4.09,23361806,98052763
2023-03-03,000959.SZ,4.10,4.15,4.06,4.15,25741371,109232878
2023-03-06,000959.SZ,4.16,4.17,4.09,4.13,17137691,72669761
2023-03-07,000959.SZ,4.11,4.15,4.09,4.10,18529090,78678102
2023-03-08,000959.SZ,4.08,4.13,4.06,4.12,12534734,52881322
2023-03-09,000959.SZ,4.13,4.15,4.08,4.10,9208900,38927012
2023-03-10,000959.SZ,4.08,4.10,4.03,4.04,18636745,77723022
2023-03-13,000959.SZ,4.03,4.10,4.02,4.07,14507539,60685890
2023-03-14,000959.SZ,4.07,4.10,4.01,4.02,13657848,56884039
2023-03-15,000959.SZ,4.03,4.07,4.00,4.05,22788728,95016241
2023-03-16,000959.SZ,4.02,4.04,3.94,3.96,21752200,89352635
2023-03-17,000959.SZ,3.98,4.00,3.94,3.98,16674343,68250970
2023-03-20,000959.SZ,3.98,4.01,3.88,3.89,15125867,61046714
2023-03-21,000959.SZ,3.90,3.92,3.84,3.85,13469913,53597778
2023-03-22,000959.SZ,3.87,3.90,3.85,3.87,12958980,51649396
2023-03-23,000959.SZ,3.86,3.87,3.81,3.82,21129711,83280647
2023-03-24,000959.SZ,3.81,3.82,3.78,3.79,16041489,62685544
2023-03-27,000959.SZ,3.79,3.80,3.70,3.72,18394378,70623868
2023-03-28,000959.SZ,3.71,3.74,3.69,3.70,13831200,52826007
2023-03-29,000959.SZ,3.70,3.72,3.65,3.66,12044072,45588319
2023-03-30,000959.SZ,3.65,3.69,3.64,3.68,12195804,46074285
2023-03-31,000959.SZ,3.68,3.71,3.67,3.70,19841234,75513624
2023-04-03,000959.SZ,3.69,3.71,3.68,3.70,17320160,65913558
2023-04-04,000959.SZ,3.68,3.74,3.68,3.72,15030825,57501419
2023-04-06,000959.SZ,3.71,3.72,3.68,3.69,10813981,41172110
2023-04-07,000959.SZ,3.69,3.72,3.68,3.70,8589301,32736893
2023-04-10,000959.SZ,3.70,3.73,3.68,3.70,11865275,45170069
2023-04-11,000959.SZ,3.69,3.74,3.66,3.74,14020921,53481070
2023-04-12,000959.SZ,3.76,3.84,3.74,3.82,26581533,104030666
2023-04-13,000959.SZ,3.83,3.86,3.80,3.81,15646332,61524950
2023-04-14,000959.SZ,3.81,3.84,3.78,3.81,13110312,51350398
2023-04-17,000959.SZ,3.82,3.87,3.80,3.85,16323243,64482281
2023-04-18,000959.SZ,3.85,3.87,3.82,3.83,11870943,46913109
2023-04-19,000959.SZ,3.83,3.85,3.80,3.81,11695619,46020562
2023-04-20,000959.SZ,3.83,3.93,3.81,3.84,31080948,123554323
2023-04-21,000959.SZ,3.78,3.83,3.70,3.70,27529059,106399580
2023-04-24,000959.SZ,3.70,3.70,3.58,3.60,27645340,102951539
2023-04-25,000959.SZ,3.60,3.62,3.50,3.53,15904900,58197080
2023-04-26,000959.SZ,3.52,3.57,3.49,3.54,12549403,45594407
2023-04-27,000959.SZ,3.54,3.55,3.52,3.54,12433046,45212509
2023-04-28,000959.SZ,3.54,3.60,3.52,3.60,16558707,60731597
2023-05-04,000959.SZ,3.58,3.62,3.56,3.60,17549066,65124605
2023-05-05,000959.SZ,3.60,3.64,3.57,3.61,16418846,60873347
2023-05-08,000959.SZ,3.61,3.72,3.60,3.70,20423830,77368810
2023-05-09,000959.SZ,3.70,3.80,3.70,3.73,29890399,115499782
2023-05-10,000959.SZ,3.71,3.76,3.69,3.71,18006338,68928759
2023-05-11,000959.SZ,3.70,3.75,3.69,3.73,15251235,58455729
2023-05-12,000959.SZ,3.73,3.76,3.68,3.68,11397321,43609278
2023-05-15,000959.SZ,3.67,3.72,3.64,3.72,11686926,44216881
2023-05-16,000959.SZ,3.72,3.72,3.65,3.67,10605879,40115665
2023-05-17,000959.SZ,3.65,3.71,3.63,3.66,11307731,42682848
2023-05-18,000959.SZ,3.67,3.67,3.62,3.63,10687921,40096335
2023-05-19,000959.SZ,3.64,3.64,3.58,3.59,12439551,46207200
2023-05-22,000959.SZ,3.60,3.60,3.56,3.58,8416421,30982263
2023-05-23,000959.SZ,3.58,3.60,3.53,3.54,8852918,32473505
2023-05-24,000959.SZ,3.53,3.53,3.49,3.49,11331251,40844560
2023-05-25,000959.SZ,3.48,3.49,3.42,3.46,13208692,46888760
2023-05-26,000959.SZ,3.46,3.49,3.41,3.48,9612471,34054713
2023-05-29,000959.SZ,3.47,3.51,3.45,3.49,10391099,37180288
2023-05-30,000959.SZ,3.47,3.49,3.41,3.49,9533400,33916670
2023-05-31,000959.SZ,3.47,3.48,3.44,3.46,10074510,35827821
2023-06-01,000959.SZ,3.46,3.51,3.44,3.49,10416884,37311196
2023-06-02,000959.SZ,3.49,3.53,3.47,3.53,9064040,32767349
2023-06-05,000959.SZ,3.53,3.55,3.50,3.51,7289266,26367929
2023-06-06,000959.SZ,3.51,3.53,3.45,3.46,7920500,28322946
2023-06-07,000959.SZ,3.47,3.47,3.40,3.44,7485700,26480451
2023-06-08,000959.SZ,3.44,3.49,3.41,3.48,8544217,30377473
2023-06-09,000959.SZ,3.47,3.50,3.46,3.49,7938938,28450139
2023-06-12,000959.SZ,3.49,3.51,3.47,3.48,7765592,27866135
2023-06-13,000959.SZ,3.47,3.50,3.46,3.49,8567897,30652376
2023-06-14,000959.SZ,3.47,3.50,3.46,3.48,8574378,30686318
2023-06-15,000959.SZ,3.47,3.50,3.46,3.50,7318953,26226687
2023-06-16,000959.SZ,3.49,3.52,3.49,3.50,7182024,25894778
2023-06-19,000959.SZ,3.50,3.52,3.45,3.45,8765000,31314561
2023-06-20,000959.SZ,3.45,3.47,3.42,3.42,6853145,24206256
2023-06-21,000959.SZ,3.41,3.43,3.40,3.40,7074944,24845495
2023-06-26,000959.SZ,3.39,3.39,3.33,3.35,10409458,35897014
2023-06-27,000959.SZ,3.36,3.42,3.34,3.41,10759395,37519950
2023-06-28,000959.SZ,3.41,3.41,3.36,3.40,8599260,29958549
2023-06-29,000959.SZ,3.40,3.40,3.35,3.37,7791940,27021709
2023-06-30,000959.SZ,3.37,3.41,3.36,3.40,8766401,30621760
2023-07-03,000959.SZ,3.40,3.45,3.39,3.44,12318075,43467463
2023-07-04,000959.SZ,3.45,3.46,3.42,3.44,8912019,31509432
2023-07-05,000959.SZ,3.44,3.47,3.43,3.47,9677593,34423476
2023-07-06,000959.SZ,3.47,3.47,3.43,3.44,6180800,21896746
2023-07-07,000959.SZ,3.44,3.47,3.42,3.46,7720355,27378665
2023-07-10,000959.SZ,3.46,3.48,3.44,3.45,6416472,22848905
2023-07-11,000959.SZ,3.45,3.49,3.45,3.47,7779454,27755028
2023-07-12,000959.SZ,3.48,3.48,3.44,3.44,6010051,21355810
2023-07-13,000959.SZ,3.45,3.48,3.45,3.48,7241699,25850995
2023-07-14,000959.SZ,3.48,3.50,3.46,3.47,7724994,27630377
2023-07-17,000959.SZ,3.49,3.49,3.45,3.48,7857400,28031912
2023-07-18,000959.SZ,3.48,3.52,3.46,3.51,10566944,37958921
2023-07-19,000959.SZ,3.50,3.53,3.49,3.53,7331285,26517088
2023-07-20,000959.SZ,3.55,3.55,3.52,3.52,5939421,21565193
2023-07-21,000959.SZ,3.51,3.54,3.51,3.53,8183999,29653843
2023-07-24,000959.SZ,3.53,3.55,3.52,3.54,8574395,31152851
2023-07-25,000959.SZ,3.55,3.63,3.55,3.63,17487560,64924057
2023-07-26,000959.SZ,3.62,3.70,3.62,3.70,21103593,79729010
2023-07-27,000959.SZ,3.68,3.87,3.65,3.81,59516567,233156521
2023-07-28,000959.SZ,3.82,3.94,3.76,3.92,44008634,175554236
2023-07-31,000959.SZ,3.94,3.96,3.88,3.91,39103783,157145719
2023-08-01,000959.SZ,3.91,4.02,3.90,3.98,37021009,151308968
2023-08-02,000959.SZ,3.96,3.97,3.93,3.96,22180853,90336830
2023-08-03,000959.SZ,3.95,3.96,3.90,3.94,44921500,181572206
2023-08-04,000959.SZ,3.95,4.00,3.93,3.94,19564548,79678730
2023-08-07,000959.SZ,3.94,3.94,3.89,3.91,17073544,68819648
2023-08-08,000959.SZ,3.91,3.94,3.86,3.90,14842990,59499354
2023-08-09,000959.SZ,3.89,3.91,3.86,3.89,10358292,41417309
2023-08-10,000959.SZ,3.87,3.91,3.82,3.88,10522936,41888141
2023-08-11,000959.SZ,3.87,3.88,3.80,3.82,12409200,48875929
2023-08-14,000959.SZ,3.82,3.87,3.77,3.82,20314740,79835113
2023-08-15,000959.SZ,3.85,3.87,3.79,3.84,16808821,66350627
2023-08-16,000959.SZ,3.86,3.87,3.81,3.83,14998521,59204281
2023-08-17,000959.SZ,3.85,3.85,3.76,3.80,23023165,89808996
2023-08-18,000959.SZ,3.82,3.86,3.76,3.78,20573402,80565047
2023-08-21,000959.SZ,3.77,3.82,3.74,3.75,18206468,70859068
2023-08-22,000959.SZ,3.75,3.80,3.73,3.76,20282192,78568465
2023-08-23,000959.SZ,3.78,3.78,3.71,3.72,13887105,53558684
2023-08-24,000959.SZ,3.73,3.76,3.65,3.66,15377275,58595430
2023-08-25,000959.SZ,3.65,3.76,3.63,3.70,19588567,74649755
2023-08-28,000959.SZ,3.85,3.85,3.74,3.76,29571612,115221955
2023-08-29,000959.SZ,3.74,3.77,3.66,3.69,30275851,115500019
2023-08-30,000959.SZ,3.67,3.72,3.61,3.63,21653589,81526153
2023-08-31,000959.SZ,3.62,3.68,3.60,3.60,20242301,75466038
2023-09-01,000959.SZ,3.62,3.72,3.61,3.71,29089190,110405430
2023-09-04,000959.SZ,3.71,3.84,3.69,3.83,40499351,158118121
2023-09-05,000959.SZ,3.83,3.83,3.76,3.79,20590362,80133620
2023-09-06,000959.SZ,3.77,3.78,3.72,3.73,17817800,68564244
2023-09-07,000959.SZ,3.73,3.75,3.67,3.69,18980140,72551418
2023-09-08,000959.SZ,3.67,3.70,3.63,3.64,13932988,52445405
2023-09-11,000959.SZ,3.64,3.69,3.64,3.66,15475431,58442380
2023-09-12,000959.SZ,3.67,3.68,3.64,3.64,10800719,40663130
2023-09-13,000959.SZ,3.65,3.71,3.63,3.68,22013670,83283934
2023-09-14,000959.SZ,3.67,3.73,3.65,3.72,16668584,63446068
2023-09-15,000959.SZ,3.73,3.81,3.71,3.80,36706140,142596716
2023-09-18,000959.SZ,3.79,3.79,3.69,3.76,30347641,116681445
2023-09-19,000959.SZ,3.77,3.81,3.75,3.80,25822269,100753760
2023-09-20,000959.SZ,3.78,3.82,3.77,3.80,15494821,60522921
2023-09-21,000959.SZ,3.80,3.81,3.75,3.76,18773816,72959462
2023-09-22,000959.SZ,3.78,3.80,3.74,3.77,18531249,71851863
2023-09-25,000959.SZ,3.75,3.78,3.73,3.75,15293412,59129087
2023-09-26,000959.SZ,3.73,3.77,3.71,3.71,10121907,38868723
2023-09-27,000959.SZ,3.73,3.73,3.65,3.66,17145540,64954712
2023-09-28,000959.SZ,3.68,3.73,3.65,3.69,15987217,60805634
2023-10-09,000959.SZ,3.69,3.69,3.64,3.66,17797024,67116674
2023-10-10,000959.SZ,3.66,3.68,3.62,3.65,16392573,61681604
2023-10-11,000959.SZ,3.65,3.66,3.60,3.60,12961678,48415088
2023-10-12,000959.SZ,3.62,3.69,3.60,3.68,14517123,54595752
2023-10-13,000959.SZ,3.66,3.70,3.63,3.67,12966247,49010473
2023-10-16,000959.SZ,3.68,3.70,3.65,3.68,13793873,52179635
2023-10-17,000959.SZ,3.69,3.74,3.67,3.69,10864610,41374981
2023-10-18,000959.SZ,3.67,3.69,3.61,3.62,11214201,42085583
2023-10-19,000959.SZ,3.61,3.65,3.59,3.60,12897100,48049070
2023-10-20,000959.SZ,3.58,3.62,3.56,3.59,11359005,41963935
2023-10-23,000959.SZ,3.54,3.58,3.47,3.49,12590076,45618852
2023-10-24,000959.SZ,3.49,3.54,3.47,3.52,15949652,57575281
2023-10-25,000959.SZ,3.57,3.65,3.56,3.63,20157900,75116358
2023-10-26,000959.SZ,3.64,3.67,3.58,3.66,21500311,80248445
2023-10-27,000959.SZ,3.71,3.86,3.69,3.84,54615532,214627303
2023-10-30,000959.SZ,3.79,3.89,3.78,3.79,41418718,163420571
2023-10-31,000959.SZ,3.80,3.81,3.73,3.77,26416943,102274294
2023-11-01,000959.SZ,3.79,3.80,3.72,3.76,20192900,77951010
2023-11-02,000959.SZ,3.75,3.77,3.71,3.72,18323200,70536687
2023-11-03,000959.SZ,3.74,3.76,3.62,3.62,25527173,96386495
2023-11-06,000959.SZ,3.65,3.66,3.57,3.60,32998603,122218689
2023-11-07,000959.SZ,3.60,3.60,3.53,3.57,27110874,99211522
2023-11-08,000959.SZ,3.55,3.57,3.50,3.52,28906231,104976124
2023-11-09,000959.SZ,3.53,3.59,3.51,3.56,30821828,112828855
2023-11-10,000959.SZ,3.57,3.58,3.51,3.54,19528144,71001665
2023-11-13,000959.SZ,3.55,3.61,3.52,3.61,36282042,133470501
2023-11-14,000959.SZ,3.60,3.60,3.55,3.59,22978436,84577856
2023-11-15,000959.SZ,3.61,3.66,3.59,3.64,30280871,113062278
2023-11-16,000959.SZ,3.64,3.64,3.60,3.61,20664654,76901672
2023-11-17,000959.SZ,3.60,3.63,3.58,3.60,16294348,60371305
2023-11-20,000959.SZ,3.60,3.63,3.58,3.60,15729024,58302716
2023-11-21,000959.SZ,3.61,3.64,3.60,3.60,17572100,65535576
2023-11-22,000959.SZ,3.59,3.61,3.56,3.56,15735160,57973610
2023-11-23,000959.SZ,3.55,3.61,3.54,3.60,15767266,58109225
2023-11-24,000959.SZ,3.61,3.64,3.60,3.60,20240702,75308555
2023-11-27,000959.SZ,3.60,3.61,3.57,3.59,13039000,48131695
2023-11-28,000959.SZ,3.59,3.62,3.56,3.61,16439595,60756172
2023-11-29,000959.SZ,3.61,3.63,3.58,3.59,14151410,52450695
2023-11-30,000959.SZ,3.58,3.59,3.54,3.56,14495200,53113952
2023-12-01,000959.SZ,3.56,3.59,3.55,3.56,13353100,48979731
2023-12-04,000959.SZ,3.59,3.60,3.54,3.59,18488848,68079679
2023-12-05,000959.SZ,3.58,3.58,3.51,3.51,16003020,58320301
2023-12-06,000959.SZ,3.52,3.57,3.51,3.54,18616054,67744202
2023-12-07,000959.SZ,3.52,3.56,3.51,3.55,14175174,51535690
2023-12-08,000959.SZ,3.55,3.60,3.53,3.56,17960476,65915694
2023-12-11,000959.SZ,3.56,3.59,3.50,3.57,28545200,103818433
2023-12-12,000959.SZ,3.56,3.56,3.52,3.53,17419853,63272487
2023-12-13,000959.SZ,3.53,3.54,3.49,3.49,17706100,63922116
2023-12-14,000959.SZ,3.51,3.52,3.49,3.49,12300600,44306161
2023-12-15,000959.SZ,3.50,3.52,3.47,3.48,13218677,47448958
2023-12-18,000959.SZ,3.47,3.48,3.43,3.44,18633040,66186428
2023-12-19,000959.SZ,3.41,3.44,3.38,3.41,15810700,55503220
2023-12-20,000959.SZ,3.40,3.46,3.39,3.39,15122040,53268476
2023-12-21,000959.SZ,3.38,3.40,3.33,3.39,12941975,44894615
2023-12-22,000959.SZ,3.38,3.41,3.35,3.38,15419452,53641139
2023-12-25,000959.SZ,3.39,3.41,3.35,3.39,17127832,59540652
2023-12-26,000959.SZ,3.39,3.42,3.36,3.37,13196151,46079951
2023-12-27,000959.SZ,3.39,3.39,3.33,3.36,14529968,50206336
2023-12-28,000959.SZ,3.36,3.42,3.36,3.41,15519824,54149272
2023-12-29,000959.SZ,3.40,3.41,3.35,3.36,23049849,80040877
2024-01-02,000959.SZ,3.36,3.38,3.33,3.36,24985489,86358294
2024-01-03,000959.SZ,3.36,3.41,3.35,3.39,27617986,96183304
2024-01-04,000959.SZ,3.40,3.41,3.36,3.38,21741819,75666921
2024-01-05,000959.SZ,3.39,3.43,3.37,3.38,22772233,79781555
2024-01-08,000959.SZ,3.38,3.38,3.28,3.29,25070176,85713530
2024-01-09,000959.SZ,3.28,3.33,3.25,3.31,20382320,69049574
2024-01-10,000959.SZ,3.30,3.31,3.27,3.28,13401894,45418437
2024-01-11,000959.SZ,3.28,3.30,3.25,3.28,17509325,59065864
2024-01-12,000959.SZ,3.27,3.31,3.26,3.26,16652800,56280050
2024-01-15,000959.SZ,3.26,3.26,3.23,3.25,19354348,64637869
2024-01-16,000959.SZ,3.23,3.25,3.18,3.22,21995895,72612712
2024-01-17,000959.SZ,3.22,3.22,3.15,3.15,16171393,53081165
2024-01-18,000959.SZ,3.13,3.14,2.98,3.06,39816609,124633183
2024-01-19,000959.SZ,3.06,3.11,3.03,3.07,29814333,94374918
2024-01-22,000959.SZ,3.07,3.07,2.91,2.93,23216183,71717069
2024-01-23,000959.SZ,2.95,2.98,2.89,2.96,26517898,80306102
2024-01-24,000959.SZ,2.97,3.06,2.93,3.05,31724218,97909582
2024-01-25,000959.SZ,3.05,3.20,3.04,3.18,32674392,105068775
2024-01-26,000959.SZ,3.19,3.25,3.18,3.25,24867000,82397288
2024-01-29,000959.SZ,3.25,3.26,3.21,3.23,25760100,85797434
2024-01-30,000959.SZ,3.22,3.25,3.16,3.18,28021900,92538895
2024-01-31,000959.SZ,3.14,3.19,3.07,3.10,28351400,91063006
2024-02-01,000959.SZ,3.08,3.13,3.03,3.07,29100820,92296607
2024-02-02,000959.SZ,3.06,3.14,2.94,3.01,32894109,103289642
2024-02-05,000959.SZ,3.00,3.03,2.84,2.92,45745818,138402168
2024-02-06,000959.SZ,2.87,3.12,2.87,3.10,51255402,159364565
2024-02-07,000959.SZ,3.08,3.20,3.08,3.19,57914924,188175320
2024-02-08,000959.SZ,3.19,3.32,3.18,3.25,55205510,185842013
2024-02-19,000959.SZ,3.30,3.30,3.20,3.24,40039782,133511978
2024-02-20,000959.SZ,3.22,3.25,3.19,3.25,23170218,76840272
2024-02-21,000959.SZ,3.25,3.31,3.20,3.26,29597800,99663327
2024-02-22,000959.SZ,3.25,3.29,3.24,3.26,20650577,69298498
2024-02-23,000959.SZ,3.28,3.28,3.23,3.25,19675400,65748111
2024-02-26,000959.SZ,3.25,3.26,3.22,3.23,29078751,96945210
2024-02-27,000959.SZ,3.22,3.25,3.20,3.24,21651732,71749504
2024-02-28,000959.SZ,3.23,3.28,3.21,3.21,36379120,121283061
2024-02-29,000959.SZ,3.20,3.24,3.19,3.22,28860212,95462978
2024-03-01,000959.SZ,3.22,3.23,3.18,3.20,31865353,104796409
2024-03-04,000959.SZ,3.19,3.20,3.11,3.12,38532211,124400529
2024-03-05,000959.SZ,3.11,3.12,3.06,3.09,26550890,84254574
2024-03-06,000959.SZ,3.08,3.14,3.07,3.12,23244696,74570830
2024-03-07,000959.SZ,3.12,3.23,3.11,3.18,33796602,110878228
2024-03-08,000959.SZ,3.18,3.20,3.14,3.18,18271648,59448002
2024-03-11,000959.SZ,3.17,3.20,3.14,3.18,27012685,87938223
2024-03-12,000959.SZ,3.19,3.19,3.13,3.16,23132815,75035240
2024-03-13,000959.SZ,3.14,3.16,3.12,3.13,16956643,54679360
2024-03-14,000959.SZ,3.12,3.17,3.11,3.13,21520155,69583513
2024-03-15,000959.SZ,3.10,3.20,3.08,3.19,34100369,110387713
2024-03-18,000959.SZ,3.19,3.22,3.16,3.20,33204805,108953430
2024-03-19,000959.SZ,3.20,3.25,3.18,3.21,33600428,111123301
2024-03-20,000959.SZ,3.18,3.21,3.16,3.19,21114825,69048450
2024-03-21,000959.SZ,3.18,3.21,3.16,3.17,24090242,78829412
2024-03-22,000959.SZ,3.17,3.18,3.10,3.12,27316087,88001122
2024-03-25,000959.SZ,3.12,3.18,3.11,3.13,24971584,80981824
2024-03-26,000959.SZ,3.13,3.16,3.09,3.13,24447640,78543619
2024-03-27,000959.SZ,3.12,3.15,3.07,3.08,18932967,60606113
2024-03-28,000959.SZ,3.07,3.11,3.04,3.06,24276982,76789749
2024-03-29,000959.SZ,3.06,3.11,3.06,3.11,23294863,73889408
2024-04-01,000959.SZ,3.11,3.17,3.11,3.16,30407323,98243414
2024-04-02,000959.SZ,3.17,3.23,3.16,3.23,44111625,145484693
2024-04-03,000959.SZ,3.22,3.27,3.22,3.26,42960562,143600998
2024-04-08,000959.SZ,3.30,3.33,3.26,3.28,42161152,143011401
2024-04-09,000959.SZ,3.26,3.31,3.25,3.28,22427898,75750433
2024-04-10,000959.SZ,3.29,3.33,3.25,3.27,30843258,104416734
2024-04-11,000959.SZ,3.25,3.35,3.24,3.31,33800024,114990454
2024-04-12,000959.SZ,3.30,3.32,3.27,3.28,24985826,84811973
2024-04-15,000959.SZ,3.28,3.34,3.22,3.31,36352569,123122210
2024-04-16,000959.SZ,3.28,3.34,3.22,3.25,48657516,164079432
2024-04-17,000959.SZ,3.25,3.30,3.23,3.30,43871421,147722709
2024-04-18,000959.SZ,3.28,3.34,3.27,3.31,33232808,113501398
2024-04-19,000959.SZ,3.29,3.42,3.29,3.38,45174363,156990497
2024-04-22,000959.SZ,3.31,3.36,3.14,3.17,83117115,276340362
2024-04-23,000959.SZ,3.16,3.17,2.99,3.02,86554807,270752357
2024-04-24,000959.SZ,3.00,3.02,2.96,3.00,64534352,198419319
2024-04-25,000959.SZ,2.99,3.07,2.98,3.04,54009001,168886499
2024-04-26,000959.SZ,3.03,3.10,3.00,3.10,48173749,150969019
2024-04-29,000959.SZ,3.08,3.15,3.05,3.15,39404319,126340354
2024-04-30,000959.SZ,3.14,3.17,3.09,3.10,32533330,104563022
2024-05-06,000959.SZ,3.13,3.19,3.11,3.18,41377203,134285261
2024-05-07,000959.SZ,3.18,3.18,3.10,3.11,43710715,140634672
2024-05-08,000959.SZ,3.10,3.12,3.05,3.06,29097772,92251657
2024-05-09,000959.SZ,3.05,3.12,3.05,3.10,26870556,85541256
2024-05-10,000959.SZ,3.12,3.12,3.06,3.11,20930900,66484662
2024-05-13,000959.SZ,3.09,3.14,3.06,3.12,38963920,124605190
2024-05-14,000959.SZ,3.12,3.14,3.06,3.08,28276826,89835821
2024-05-15,000959.SZ,3.07,3.09,3.04,3.06,25258200,79637918
2024-05-16,000959.SZ,3.07,3.14,3.06,3.10,36248300,115685923
2024-05-17,000959.SZ,3.09,3.14,3.07,3.14,35302514,112794731
2024-05-20,000959.SZ,3.15,3.18,3.13,3.15,34539317,111901396
2024-05-21,000959.SZ,3.14,3.15,3.10,3.12,28183500,90512297
2024-05-22,000959.SZ,3.13,3.17,3.12,3.15,30830487,99924224
2024-05-23,000959.SZ,3.14,3.15,3.07,3.08,38902330,123948087
2024-05-24,000959.SZ,3.08,3.11,3.06,3.06,24079361,76354481
2024-05-27,000959.SZ,3.08,3.09,3.04,3.07,29052719,91497994
2024-05-28,000959.SZ,3.06,3.08,3.02,3.03,37344023,117128275
2024-05-29,000959.SZ,3.02,3.06,3.01,3.04,20502418,64133042
2024-05-30,000959.SZ,3.05,3.09,3.03,3.03,35154949,110567995
2024-05-31,000959.SZ,3.03,3.05,3.03,3.03,18726889,58606102
2024-06-03,000959.SZ,3.04,3.04,2.92,2.93,45260791,137945812
2024-06-04,000959.SZ,2.94,2.97,2.91,2.96,22470178,68097916
2024-06-05,000959.SZ,2.96,2.97,2.91,2.91,17502566,52960533
2024-06-06,000959.SZ,2.91,2.94,2.86,2.87,24725686,73429120
2024-06-07,000959.SZ,2.88,2.90,2.85,2.89,27550497,81458928
2024-06-11,000959.SZ,2.88,2.89,2.82,2.84,22581377,66037503
2024-06-12,000959.SZ,2.83,2.85,2.81,2.83,18889551,54898257
2024-06-13,000959.SZ,2.82,2.84,2.76,2.78,25083070,71881971
2024-06-14,000959.SZ,2.77,2.83,2.77,2.82,27711056,79838529
2024-06-17,000959.SZ,2.80,2.81,2.76,2.77,16507588,47282681
2024-06-18,000959.SZ,2.77,2.80,2.76,2.78,17864028,51136746
2024-06-19,000959.SZ,2.77,2.79,2.75,2.77,14581455,41597209
2024-06-20,000959.SZ,2.76,2.78,2.71,2.72,20514310,57770455
2024-06-21,000959.SZ,2.72,2.76,2.71,2.72,17356486,48862383
2024-06-24,000959.SZ,2.71,2.71,2.64,2.67,24097500,66250961
2024-06-25,000959.SZ,2.66,2.71,2.65,2.68,19947821,55003888
2024-06-26,000959.SZ,2.67,2.72,2.66,2.72,15899863,44013004
2024-06-27,000959.SZ,2.71,2.71,2.65,2.66,18542096,51185431
2024-06-28,000959.SZ,2.66,2.68,2.62,2.64,22639800,61866507
2024-07-01,000959.SZ,2.64,2.69,2.63,2.68,22040522,60480294
2024-07-02,000959.SZ,2.68,2.73,2.68,2.72,24145277,67371075
2024-07-03,000959.SZ,2.72,2.75,2.71,2.73,19100364,53777961
2024-07-04,000959.SZ,2.75,2.76,2.67,2.69,25049559,69837918
2024-07-05,000959.SZ,2.69,2.72,2.68,2.70,18356455,50941137
2024-07-08,000959.SZ,2.70,2.71,2.64,2.65,14642014,40234032
2024-07-09,000959.SZ,2.65,2.66,2.59,2.63,20364122,55069956
2024-07-10,000959.SZ,2.62,2.65,2.60,2.63,14599202,39538958
2024-07-11,000959.SZ,2.64,2.71,2.64,2.68,19155195,52818059
2024-07-12,000959.SZ,2.69,2.73,2.68,2.70,19773100,55085679
2024-07-15,000959.SZ,2.69,2.72,2.67,2.70,14406543,40036235
2024-07-16,000959.SZ,2.69,2.71,2.68,2.70,11533673,32044283
2024-07-17,000959.SZ,2.72,2.74,2.69,2.72,14752276,40768446
2024-07-18,000959.SZ,2.72,2.74,2.69,2.73,16510300,45642378
2024-07-19,000959.SZ,2.72,2.73,2.69,2.71,14149146,39031647
2024-07-22,000959.SZ,2.71,2.71,2.68,2.70,12459872,34237048
2024-07-23,000959.SZ,2.69,2.72,2.67,2.67,13501100,37076109
2024-07-24,000959.SZ,2.67,2.68,2.63,2.63,16896423,45592968
2024-07-25,000959.SZ,2.63,2.66,2.59,2.62,13643324,36538113
2024-07-26,000959.SZ,2.63,2.67,2.62,2.66,12338919,33345454
2024-07-29,000959.SZ,2.66,2.69,2.63,2.68,14139724,38428713
2024-07-30,000959.SZ,2.67,2.69,2.65,2.68,12710733,34644495
2024-07-31,000959.SZ,2.69,2.75,2.68,2.74,23962201,66438349
2024-08-01,000959.SZ,2.75,2.77,2.72,2.72,16271041,45446951
2024-08-02,000959.SZ,2.72,2.77,2.70,2.72,19227279,53664589
2024-08-05,000959.SZ,2.73,2.76,2.70,2.72,19817112,55128819
2024-08-06,000959.SZ,2.72,2.74,2.70,2.72,15737686,43562765
2024-08-07,000959.SZ,2.72,2.72,2.69,2.70,11020686,30374580
2024-08-08,000959.SZ,2.70,2.73,2.68,2.72,14456795,39919346
2024-08-09,000959.SZ,2.72,2.75,2.72,2.72,13164700,36635521
2024-08-12,000959.SZ,2.72,2.73,2.70,2.71,11340000,31347907
2024-08-13,000959.SZ,2.72,2.76,2.70,2.73,21631785,60204060
2024-08-14,000959.SZ,2.72,2.74,2.68,2.68,18708700,51486694
2024-08-15,000959.SZ,2.68,2.72,2.67,2.70,16970480,46577114
2024-08-16,000959.SZ,2.70,2.71,2.66,2.67,16601712,45358308
2024-08-19,000959.SZ,2.67,2.70,2.67,2.67,14749612,40356928
2024-08-20,000959.SZ,2.67,2.68,2.63,2.64,18392593,49628167
2024-08-21,000959.SZ,2.63,2.64,2.61,2.62,12433176,33269520
2024-08-22,000959.SZ,2.62,2.64,2.58,2.59,16519389,43844685
2024-08-23,000959.SZ,2.61,2.64,2.59,2.63,24540141,65344348
2024-08-26,000959.SZ,2.64,2.72,2.62,2.72,36430238,99860088
2024-08-27,000959.SZ,2.73,2.74,2.69,2.72,19983000,55218822
2024-08-28,000959.SZ,2.71,2.73,2.69,2.71,15682500,43334171
2024-08-29,000959.SZ,2.69,2.72,2.69,2.70,13316470,36656494
2024-08-30,000959.SZ,2.70,2.73,2.68,2.69,25272190,69783647
2024-09-02,000959.SZ,2.70,2.73,2.67,2.70,27325626,75187898
2024-09-03,000959.SZ,2.70,2.74,2.68,2.70,20578600,56827016
2024-09-04,000959.SZ,2.69,2.70,2.63,2.64,19078000,51741456
2024-09-05,000959.SZ,2.64,2.66,2.62,2.63,13809700,37074681
2024-09-06,000959.SZ,2.63,2.66,2.60,2.62,20297384,54359290
2024-09-09,000959.SZ,2.60,2.61,2.53,2.54,29091167,75854235
2024-09-10,000959.SZ,2.54,2.56,2.48,2.50,21473376,54815859
2024-09-11,000959.SZ,2.50,2.51,2.45,2.48,19401592,48935862
2024-09-12,000959.SZ,2.48,2.50,2.47,2.49,17620116,44548579
2024-09-13,000959.SZ,2.49,2.53,2.48,2.51,19221428,49043816
2024-09-18,000959.SZ,2.51,2.53,2.47,2.52,17661245,44946679
2024-09-19,000959.SZ,2.51,2.59,2.50,2.58,25312000,66050024
2024-09-20,000959.SZ,2.58,2.60,2.56,2.58,22909720,60255402
2024-09-23,000959.SZ,2.57,2.63,2.56,2.62,20244804,53472312
2024-09-24,000959.SZ,2.62,2.78,2.62,2.78,57101846,158235036
2024-09-25,000959.SZ,2.82,2.97,2.82,2.87,68413881,202505614
2024-09-26,000959.SZ,2.84,3.04,2.82,3.03,70192908,211132444
2024-09-27,000959.SZ,3.11,3.13,2.97,3.04,78652108,242983900
2024-09-30,000959.SZ,3.19,3.34,3.16,3.34,97897805,326216240
2024-10-08,000959.SZ,3.67,3.67,3.32,3.47,100451514,359163818
2024-10-09,000959.SZ,3.41,3.41,3.24,3.26,86737073,292960019
2024-10-10,000959.SZ,3.24,3.37,3.16,3.28,67278155,224413570
2024-10-11,000959.SZ,3.27,3.32,3.16,3.19,39987236,131966925
2024-10-14,000959.SZ,3.24,3.28,3.20,3.26,37183529,122836495
2024-10-15,000959.SZ,3.24,3.28,3.18,3.18,29534955,97115915
2024-10-16,000959.SZ,3.17,3.26,3.16,3.24,31617841,103999568
2024-10-17,000959.SZ,3.24,3.27,3.17,3.17,36373850,118763821
2024-10-18,000959.SZ,3.16,3.23,3.11,3.18,42412054,136788303
2024-10-21,000959.SZ,3.19,3.20,3.12,3.13,35692667,114408961
2024-10-22,000959.SZ,3.15,3.15,3.10,3.14,27560418,87709442
2024-10-23,000959.SZ,3.14,3.19,3.12,3.18,32453943,104483276
2024-10-24,000959.SZ,3.17,3.17,3.10,3.13,28158612,89816313
2024-10-25,000959.SZ,3.13,3.17,3.11,3.16,25953241,83295268
2024-10-28,000959.SZ,3.19,3.46,3.18,3.44,113584983,391487251
2024-10-29,000959.SZ,3.43,3.45,3.26,3.27,75745004,255114045
2024-10-30,000959.SZ,3.23,3.27,3.19,3.22,49121168,161627622
2024-10-31,000959.SZ,3.20,3.26,3.17,3.22,49517833,162134026
2024-11-01,000959.SZ,3.22,3.29,3.20,3.24,56138707,185610742
2024-11-04,000959.SZ,3.24,3.25,3.14,3.17,48740840,157358090
2024-11-05,000959.SZ,3.17,3.27,3.17,3.26,49873345,164352745
2024-11-06,000959.SZ,3.27,3.28,3.20,3.25,47421296,156680334
2024-11-07,000959.SZ,3.24,3.36,3.22,3.36,61266613,206566351
2024-11-08,000959.SZ,3.40,3.43,3.29,3.31,46985736,159388434
2024-11-11,000959.SZ,3.29,3.30,3.21,3.25,51833831,171075644
2024-11-12,000959.SZ,3.25,3.28,3.20,3.23,48549748,160578973
2024-11-13,000959.SZ,3.21,3.26,3.19,3.23,34691361,113832019
2024-11-14,000959.SZ,3.24,3.24,3.12,3.13,39234085,126719602
2024-11-15,000959.SZ,3.12,3.16,3.09,3.09,34700927,110309445
2024-11-18,000959.SZ,3.15,3.27,3.14,3.20,74377705,244284102
2024-11-19,000959.SZ,3.21,3.22,3.10,3.17,49814476,160424833
2024-11-20,000959.SZ,3.16,3.20,3.14,3.19,26401324,85327484
2024-11-21,000959.SZ,3.19,3.20,3.16,3.19,18390187,59512470
2024-11-22,000959.SZ,3.18,3.20,3.07,3.08,38569300,123289810
2024-11-25,000959.SZ,3.09,3.12,3.05,3.07,27263554,85748645
2024-11-26,000959.SZ,3.08,3.11,3.06,3.07,22661300,71297003
2024-11-27,000959.SZ,3.07,3.09,3.02,3.09,30684545,95456688
2024-11-28,000959.SZ,3.08,3.13,3.07,3.10,31374790,99075339
2024-11-29,000959.SZ,3.10,3.14,3.08,3.12,31211100,99261084
2024-12-02,000959.SZ,3.13,3.25,3.12,3.23,55760335,181406969
2024-12-03,000959.SZ,3.23,3.24,3.17,3.21,36226837,117730070
2024-12-04,000959.SZ,3.20,3.22,3.17,3.19,29668076,96602333
2024-12-05,000959.SZ,3.18,3.23,3.17,3.21,27176459,88558311
2024-12-06,000959.SZ,3.20,3.28,3.19,3.26,47618898,157423185
2024-12-09,000959.SZ,3.26,3.34,3.22,3.25,45744700,152409600
2024-12-10,000959.SZ,3.34,3.37,3.24,3.24,56961631,190784706
2024-12-11,000959.SZ,3.23,3.34,3.23,3.32,53147064,178849248
2024-12-12,000959.SZ,3.32,3.33,3.27,3.28,39904201,133574371
2024-12-13,000959.SZ,3.27,3.28,3.18,3.19,49437311,161968499
2024-12-16,000959.SZ,3.19,3.21,3.15,3.18,36221600,117350348
2024-12-17,000959.SZ,3.17,3.18,3.12,3.16,34088354,109427679
2024-12-18,000959.SZ,3.18,3.22,3.16,3.17,30338764,98721615
2024-12-19,000959.SZ,3.15,3.18,3.11,3.15,28747138,91968796
2024-12-20,000959.SZ,3.15,3.16,3.08,3.09,31790163,100662990
2024-12-23,000959.SZ,3.09,3.11,3.06,3.07,31175788,97992665
2024-12-24,000959.SZ,3.07,3.11,3.06,3.10,24000316,75433902
2024-12-25,000959.SZ,3.10,3.11,3.05,3.07,21037601,65856785
2024-12-26,000959.SZ,3.07,3.08,3.05,3.06,18728020,58560229
2024-12-27,000959.SZ,3.06,3.11,3.06,3.07,31697720,99449072
2024-12-30,000959.SZ,3.07,3.08,3.03,3.05,26737509,82876773
2024-12-31,000959.SZ,3.05,3.06,2.99,3.00,27073563,83433348
2025-01-02,000959.SZ,3.00,3.03,2.93,2.95,32485753,98524261
2025-01-03,000959.SZ,2.96,2.99,2.90,2.91,26718871,79995846
2025-01-06,000959.SZ,2.90,2.95,2.87,2.94,28207487,83676936
2025-01-07,000959.SZ,2.94,2.94,2.88,2.92,17112659,50690349
2025-01-08,000959.SZ,2.91,2.92,2.84,2.88,24142213,70574946
2025-01-09,000959.SZ,2.88,2.89,2.84,2.84,20117860,58603821
2025-01-10,000959.SZ,2.85,2.86,2.80,2.80,18996672,54554165
2025-01-13,000959.SZ,2.80,2.82,2.75,2.81,26246374,74788776
2025-01-14,000959.SZ,2.83,2.89,2.81,2.88,30540362,88548873
2025-01-15,000959.SZ,2.87,2.89,2.84,2.88,19820898,57764128
2025-01-16,000959.SZ,2.89,2.94,2.88,2.92,27351564,81012941
2025-01-17,000959.SZ,2.91,2.92,2.86,2.91,23555320,69433236
2025-01-20,000959.SZ,2.92,2.99,2.91,2.97,30459151,91542532
2025-01-21,000959.SZ,2.97,2.99,2.91,2.91,24159632,72054783
2025-01-22,000959.SZ,2.91,2.91,2.87,2.89,19659800,57737600
2025-01-23,000959.SZ,2.91,2.95,2.88,2.88,20745920,61536543
2025-01-24,000959.SZ,2.88,2.95,2.86,2.94,30057960,89063226
2025-01-27,000959.SZ,2.94,3.02,2.94,2.97,32152966,97712337
2025-02-05,000959.SZ,2.98,3.00,2.92,2.95,28042090,84269688
2025-02-06,000959.SZ,2.97,2.97,2.92,2.97,21232810,63700721
2025-02-07,000959.SZ,2.97,3.04,2.95,3.02,32728054,99840992
2025-02-10,000959.SZ,3.03,3.08,3.02,3.05,33278025,103271770
2025-02-11,000959.SZ,3.06,3.06,3.00,3.02,23134796,71030555
2025-02-12,000959.SZ,3.01,3.03,2.96,3.00,20491715,62319291
2025-02-13,000959.SZ,3.00,3.04,2.99,3.01,24948565,76548364
2025-02-14,000959.SZ,3.00,3.02,2.99,3.01,23722360,72556021
2025-02-17,000959.SZ,3.02,3.04,3.00,3.03,22151158,68100852
2025-02-18,000959.SZ,3.03,3.04,3.00,3.03,29898256,91972211
2025-02-19,000959.SZ,3.01,3.04,3.00,3.01,21120271,64789394
2025-02-20,000959.SZ,3.00,3.03,3.00,3.02,16053442,49170827
2025-02-21,000959.SZ,3.03,3.06,2.99,3.01,30187425,92674174
2025-02-24,000959.SZ,3.00,3.06,2.99,3.05,39391408,121940981
2025-02-25,000959.SZ,3.04,3.05,3.01,3.02,25986297,80031689
2025-02-26,000959.SZ,3.02,3.28,3.02,3.27,116700424,377258835
2025-02-27,000959.SZ,3.26,3.38,3.22,3.36,113014790,382584265
2025-02-28,000959.SZ,3.35,3.39,3.32,3.36,70073212,239478702
2025-03-03,000959.SZ,3.35,3.46,3.34,3.40,60156529,208717227
2025-03-04,000959.SZ,3.37,3.49,3.36,3.44,45766868,160422872
2025-03-05,000959.SZ,3.45,3.46,3.34,3.43,42616249,147018986
2025-03-06,000959.SZ,3.43,3.47,3.38,3.42,59818377,208211867
2025-03-07,000959.SZ,3.41,3.59,3.40,3.59,68792288,248570364
2025-03-10,000959.SZ,3.61,3.62,3.45,3.48,47571745,170022336
2025-03-11,000959.SZ,3.45,3.50,3.44,3.50,28650451,101404637
2025-03-12,000959.SZ,3.52,3.52,3.43,3.44,31306353,110183613
2025-03-13,000959.SZ,3.43,3.51,3.40,3.51,44965549,158167089
2025-03-14,000959.SZ,3.51,3.52,3.43,3.49,40996078,144621532
2025-03-17,000959.SZ,3.49,3.58,3.46,3.51,36867385,132073747
2025-03-18,000959.SZ,3.52,3.53,3.46,3.48,26629040,94264310
2025-03-19,000959.SZ,3.48,3.48,3.43,3.44,22807261,79996994
2025-03-20,000959.SZ,3.44,3.54,3.43,3.49,32031372,113631948
2025-03-21,000959.SZ,3.48,3.58,3.48,3.53,34964957,125973644
2025-03-24,000959.SZ,3.53,3.57,3.48,3.53,30179608,107706939
2025-03-25,000959.SZ,3.52,3.57,3.50,3.52,25546227,91642158
2025-03-26,000959.SZ,3.51,3.53,3.46,3.49,25346011,89981690
2025-03-27,000959.SZ,3.48,3.49,3.43,3.46,19805200,69579218
2025-03-28,000959.SZ,3.46,3.48,3.39,3.39,31054091,107832565
2025-03-31,000959.SZ,3.37,3.39,3.26,3.29,36774986,123762499
2025-04-01,000959.SZ,3.28,3.35,3.27,3.32,29440100,99278431
2025-04-02,000959.SZ,3.32,3.35,3.26,3.27,24261326,81598510
2025-04-03,000959.SZ,3.26,3.32,3.24,3.30,28672128,95840054
2025-04-07,000959.SZ,3.23,3.23,2.97,2.97,41825444,129737002
2025-04-08,000959.SZ,2.96,3.01,2.94,2.99,43680608,132486018
2025-04-09,000959.SZ,2.97,2.97,2.86,2.96,46786678,138737700
2025-04-10,000959.SZ,3.00,3.02,2.97,2.99,37543788,114452342
2025-04-11,000959.SZ,2.97,3.01,2.96,2.98,27556856,83660700
2025-04-14,000959.SZ,3.01,3.04,2.99,3.03,29875675,91659273
2025-04-15,000959.SZ,3.03,3.04,2.97,2.98,27839661,84584848
2025-04-16,000959.SZ,2.99,2.99,2.93,2.98,25292059,76088396
2025-04-17,000959.SZ,2.96,3.05,2.95,3.04,33225938,102239885
2025-04-18,000959.SZ,3.10,3.16,3.09,3.15,59381099,189375494
2025-04-21,000959.SZ,3.16,3.36,3.16,3.33,71950113,241838848
2025-04-22,000959.SZ,3.33,3.38,3.26,3.37,53287397,180776138
2025-04-23,000959.SZ,3.35,3.43,3.34,3.39,38728975,133696465
2025-04-24,000959.SZ,3.38,3.44,3.38,3.39,38036778,132148239
2025-04-25,000959.SZ,3.38,3.44,3.36,3.42,33883162,117620611
2025-04-28,000959.SZ,3.43,3.75,3.43,3.65,98161336,363877214
2025-04-29,000959.SZ,3.64,3.73,3.60,3.60,63748884,237208351
2025-04-30,000959.SZ,3.60,3.62,3.50,3.55,43659662,157989817
2025-05-06,000959.SZ,3.54,3.62,3.49,3.59,47731331,173747240
2025-05-07,000959.SZ,3.63,3.64,3.58,3.61,21245400,78027290
2025-05-08,000959.SZ,3.60,3.60,3.53,3.56,36292862,131439378
2025-05-09,000959.SZ,3.56,3.59,3.53,3.54,26972154,97355705
2025-05-12,000959.SZ,3.56,3.58,3.50,3.54,26100099,93673270
2025-05-13,000959.SZ,3.55,3.60,3.54,3.59,30622890,111505549
2025-05-14,000959.SZ,3.59,3.59,3.53,3.59,28752220,104266529
2025-05-15,000959.SZ,3.58,3.60,3.56,3.58,16447024,59980881
2025-05-16,000959.SZ,3.57,3.59,3.54,3.57,21410928,77641272
2025-05-19,000959.SZ,3.56,3.59,3.55,3.58,23037392,83721336
2025-05-20,000959.SZ,3.59,3.60,3.54,3.55,22147821,80294708
2025-05-21,000959.SZ,3.56,3.57,3.53,3.55,16561589,59728580
2025-05-22,000959.SZ,3.54,3.56,3.52,3.52,21170100,76105878
2025-05-23,000959.SZ,3.51,3.55,3.49,3.49,25686920,91892786
2025-05-26,000959.SZ,3.48,3.52,3.45,3.48,27482700,97557313
2025-05-27,000959.SZ,3.48,3.49,3.44,3.47,19160148,67471601
2025-05-28,000959.SZ,3.46,3.48,3.43,3.45,16297951,57269504
2025-05-29,000959.SZ,3.46,3.48,3.44,3.46,19814642,69801063
2025-05-30,000959.SZ,3.46,3.53,3.44,3.49,26893777,95195041
2025-06-03,000959.SZ,3.49,3.49,3.36,3.37,30365438,104728522
2025-06-04,000959.SZ,3.38,3.45,3.37,3.43,30085713,104900600
2025-06-05,000959.SZ,3.45,3.48,3.41,3.42,21258921,74357366
2025-06-06,000959.SZ,3.43,3.48,3.42,3.48,21574381,75997675
2025-06-09,000959.SZ,3.47,3.49,3.42,3.46,20163197,70863138
2025-06-10,000959.SZ,3.48,3.49,3.44,3.46,22796360,80409177
2025-06-11,000959.SZ,3.46,3.50,3.45,3.47,20451384,72359458
2025-06-12,000959.SZ,3.46,3.47,3.43,3.45,16251624,56932159
2025-06-13,000959.SZ,3.45,3.46,3.40,3.41,17380317,60503098
2025-06-16,000959.SZ,3.40,3.42,3.36,3.38,20419647,70485038
2025-06-17,000959.SZ,3.38,3.39,3.33,3.35,22433383,76586219
2025-06-18,000959.SZ,3.34,3.35,3.28,3.32,26816300,90339284
2025-06-19,000959.SZ,3.32,3.33,3.28,3.29,18775571,63123567
2025-06-20,000959.SZ,3.29,3.35,3.28,3.31,33030766,111069727
2025-06-23,000959.SZ,3.30,3.32,3.26,3.28,21660571,72081903
2025-06-24,000959.SZ,3.29,3.33,3.27,3.31,21017952,70299498
2025-06-25,000959.SZ,3.32,3.36,3.29,3.34,24404727,82106294
2025-06-26,000959.SZ,3.33,3.36,3.30,3.32,23239228,78271529
2025-06-27,000959.SZ,3.32,3.37,3.31,3.34,26278023,89059607
2025-06-30,000959.SZ,3.34,3.39,3.33,3.36,26192640,89227987
2025-07-01,000959.SZ,3.37,3.49,3.35,3.47,43079019,149398361
2025-07-02,000959.SZ,3.47,3.81,3.47,3.81,112421023,421008260
2025-07-03,000959.SZ,3.82,3.84,3.68,3.80,100612151,383195324
2025-07-04,000959.SZ,3.80,4.07,3.80,3.96,114373975,457844447
2025-07-07,000959.SZ,3.90,4.04,3.86,3.95,74312079,297902235
2025-07-08,000959.SZ,3.94,4.01,3.89,3.98,57684968,230541818
2025-07-09,000959.SZ,3.96,4.02,3.88,3.91,42463044,168716305
2025-07-10,000959.SZ,3.89,3.98,3.86,3.98,38140281,151831154
2025-07-11,000959.SZ,3.97,4.06,3.94,3.95,65157838,263007435
2025-07-14,000959.SZ,3.94,4.01,3.91,3.99,48804359,196323492
2025-07-15,000959.SZ,3.97,4.00,3.92,3.95,28909733,115655032
2025-07-16,000959.SZ,3.93,3.95,3.79,3.82,57579684,224103818
2025-07-17,000959.SZ,3.83,4.00,3.80,3.97,66821674,266972736
2025-07-18,000959.SZ,4.00,4.11,3.97,4.00,41498085,168518055
2025-07-21,000959.SZ,4.02,4.18,4.01,4.13,75833650,316860287
2025-07-22,000959.SZ,4.13,4.27,4.09,4.25,72727297,308836741
2025-07-23,000959.SZ,4.27,4.44,4.20,4.21,91387133,397544977
2025-07-24,000959.SZ,4.17,4.31,4.15,4.29,51790615,222784719
2025-07-25,000959.SZ,4.30,4.33,4.26,4.27,37051075,160645111
2025-07-28,000959.SZ,4.25,4.27,4.13,4.25,45441563,193589015
2025-07-29,000959.SZ,4.25,4.38,4.21,4.37,49087790,213138502
2025-07-30,000959.SZ,4.39,4.50,4.31,4.35,58331098,259292857
2025-07-31,000959.SZ,4.33,4.33,4.10,4.13,52152188,219283705
2025-08-01,000959.SZ,4.12,4.14,4.06,4.08,44695992,185310854
2025-08-04,000959.SZ,4.07,4.11,3.98,4.09,40088400,164159088
2025-08-05,000959.SZ,4.10,4.20,4.08,4.13,36689515,153539458
2025-08-06,000959.SZ,4.13,4.20,4.10,4.19,30331401,127623152
2025-08-07,000959.SZ,4.19,4.23,4.07,4.11,43110634,179779560
2025-08-08,000959.SZ,4.10,4.25,4.08,4.21,33424455,141111339
2025-08-11,000959.SZ,4.21,4.22,4.15,4.16,24455950,103368291
2025-08-12,000959.SZ,4.15,4.16,4.10,4.11,25482508,106477188
2025-08-13,000959.SZ,4.13,4.19,4.11,4.12,25364595,106468311
2025-08-14,000959.SZ,4.12,4.15,4.01,4.02,35580195,146335874
2025-08-15,000959.SZ,4.01,4.09,4.01,4.08,25964000,106781316
2025-08-18,000959.SZ,4.10,4.11,4.04,4.06,37330790,153858615
2025-08-19,000959.SZ,4.07,4.14,4.07,4.10,33249056,138366150
2025-08-20,000959.SZ,4.09,4.15,4.07,4.14,29659959,123721938
2025-08-21,000959.SZ,4.14,4.23,4.12,4.18,33677400,142758351
2025-08-22,000959.SZ,4.18,4.19,4.07,4.12,28234860,117379588
2025-08-25,000959.SZ,4.14,4.28,4.11,4.25,50236782,214751775
2025-08-26,000959.SZ,4.26,4.26,4.11,4.14,51331469,215349816
2025-08-27,000959.SZ,4.14,4.16,4.03,4.04,37476214,155534775
2025-08-28,000959.SZ,4.03,4.05,3.93,4.05,38611265,156589431
2025-08-29,000959.SZ,4.05,4.12,4.04,4.11,34710488,143494655
2025-09-01,000959.SZ,4.11,4.15,4.02,4.12,42087887,174872466
2025-09-02,000959.SZ,4.11,4.12,4.02,4.07,25098848,103405231
2025-09-03,000959.SZ,4.08,4.08,3.99,4.01,22654625,92271627
2025-09-04,000959.SZ,4.00,4.01,3.92,3.97,27666821,111167161
2025-09-05,000959.SZ,3.97,4.01,3.93,4.00,25642636,102718544
2025-09-08,000959.SZ,4.00,4.11,3.98,4.10,28116772,115506545
2025-09-09,000959.SZ,4.10,4.17,4.06,4.12,27815796,116280122
2025-09-10,000959.SZ,4.10,4.11,4.01,4.07,25209049,103507413
2025-09-11,000959.SZ,4.07,4.17,4.04,4.17,36447465,151551488
2025-09-12,000959.SZ,4.20,4.55,4.15,4.45,118764444,525883878
2025-09-15,000959.SZ,4.43,4.52,4.28,4.38,80806587,357558829
2025-09-16,000959.SZ,4.38,4.68,4.27,4.51,121449429,550982788
2025-09-17,000959.SZ,4.41,4.64,4.26,4.59,136547968,613212012
2025-09-18,000959.SZ,4.51,4.74,4.43,4.57,163065780,755822971
2025-09-19,000959.SZ,4.65,5.02,4.46,4.53,282564338,1366351789
2025-09-22,000959.SZ,4.09,4.22,4.07,4.13,199272465,833949536
2025-09-23,000959.SZ,4.09,4.13,3.86,3.93,118947714,477457024
2025-09-24,000959.SZ,3.93,4.10,3.88,4.05,88295794,358082821
2025-09-25,000959.SZ,4.05,4.07,3.97,3.98,61078551,248396360
2025-09-26,000959.SZ,3.96,4.02,3.94,3.97,53057249,214027603
2025-09-29,000959.SZ,3.95,4.03,3.87,4.03,51487792,206944027
2025-09-30,000959.SZ,4.10,4.36,4.10,4.21,100587272,431277090
2025-10-09,000959.SZ,4.27,4.29,4.18,4.23,74406787,318312074
2025-10-10,000959.SZ,4.20,4.36,4.14,4.34,76706313,333242058
2025-10-13,000959.SZ,4.20,4.32,4.17,4.30,61938269,266803125
2025-10-14,000959.SZ,4.32,4.37,4.20,4.22,60326743,261607371
2025-10-15,000959.SZ,4.23,4.29,4.21,4.26,38048577,163650607
2025-10-16,000959.SZ,4.23,4.26,4.10,4.12,48840585,205791379
2025-10-17,000959.SZ,4.11,4.20,4.02,4.04,51960945,215239960
2025-10-20,000959.SZ,4.06,4.09,4.03,4.07,33165973,136339890
2025-10-21,000959.SZ,4.07,4.11,4.04,4.10,28355894,117440181
2025-10-22,000959.SZ,4.07,4.15,4.06,4.12,25781940,107353321
2025-10-23,000959.SZ,4.13,4.16,4.05,4.15,31961981,132730723
2025-10-24,000959.SZ,4.14,4.17,4.04,4.06,39012070,161552446
2025-10-27,000959.SZ,4.09,4.21,4.08,4.14,61309720,258235939
2025-10-28,000959.SZ,4.18,4.18,4.05,4.06,45143220,187420915
2025-10-29,000959.SZ,4.07,4.09,4.01,4.08,33160326,136075792
2025-10-30,000959.SZ,4.08,4.20,4.07,4.16,58255685,244627358
2025-10-31,000959.SZ,4.15,4.21,4.13,4.15,39385006,166156557
2025-11-03,000959.SZ,4.18,4.20,4.10,4.18,51010668,214335287
2025-11-04,000959.SZ,4.16,4.29,4.15,4.19,62140295,265605405
2025-11-05,000959.SZ,4.15,4.27,4.14,4.26,45462359,193910609
2025-11-06,000959.SZ,4.27,4.40,4.25,4.37,58955299,257487545
2025-11-07,000959.SZ,4.37,4.48,4.34,4.46,55312504,246893832
2025-11-10,000959.SZ,4.45,4.47,4.35,4.42,46203648,205726825
2025-11-11,000959.SZ,4.41,4.45,4.38,4.42,29617492,132257947
2025-11-12,000959.SZ,4.41,4.46,4.36,4.40,31620835,140933620
2025-11-13,000959.SZ,4.40,4.57,4.37,4.49,46080063,208086501
2025-11-14,000959.SZ,4.47,4.56,4.45,4.50,32708166,149318631
2025-11-17,000959.SZ,4.48,4.61,4.48,4.58,51646845,237513028
2025-11-18,000959.SZ,4.55,4.58,4.38,4.40,48254358,217487059
2025-11-19,000959.SZ,4.41,4.46,4.36,4.43,29839048,132699520
2025-11-20,000959.SZ,4.39,4.44,4.35,4.37,28099559,124759467
2025-11-21,000959.SZ,4.34,4.35,4.18,4.18,34325733,147833215
2025-11-24,000959.SZ,4.20,4.26,4.14,4.21,33764836,144079719
2025-11-25,000959.SZ,4.21,4.23,4.10,4.12,38728205,163222679
2025-11-26,000959.SZ,4.14,4.15,4.04,4.05,45408888,188192900
2025-11-27,000959.SZ,4.06,4.07,4.00,4.01,33366277,136110534
2025-11-28,000959.SZ,4.02,4.13,4.00,4.10,35359197,145804492
2025-12-01,000959.SZ,4.11,4.26,4.10,4.25,41337463,175982132
2025-12-02,000959.SZ,4.26,4.45,4.23,4.40,55504955,244607818
2025-12-03,000959.SZ,4.39,4.53,4.36,4.45,64615583,291638852
2025-12-04,000959.SZ,4.47,4.47,4.37,4.39,44668299,199662420
2025-12-05,000959.SZ,4.39,4.47,4.35,4.46,38320526,171364999
2025-12-08,000959.SZ,4.46,4.52,4.39,4.48,33948478,153156337
2025-12-09,000959.SZ,4.46,4.47,4.25,4.26,43891637,192367835
2025-12-10,000959.SZ,4.27,4.28,4.18,4.24,39798056,169921562
2025-12-11,000959.SZ,4.25,4.27,4.18,4.19,32207244,137089101
2025-12-12,000959.SZ,4.19,4.27,4.15,4.24,37130920,158848304
2025-12-15,000959.SZ,4.24,4.38,4.21,4.34,31842308,139441284
2025-12-16,000959.SZ,4.31,4.39,4.25,4.30,35081340,152578333
2025-12-17,000959.SZ,4.29,4.37,4.21,4.35,32854483,142648336
2025-12-18,000959.SZ,4.34,4.40,4.32,4.35,21230326,93564516
2025-12-19,000959.SZ,4.35,4.53,4.32,4.53,53593391,242094121
2025-12-22,000959.SZ,4.76,4.93,4.64,4.79,141665634,687707697
2025-12-23,000959.SZ,4.79,4.88,4.75,4.81,80213223,391191793
2025-12-24,000959.SZ,4.81,4.98,4.75,4.93,68679051,339148413
2025-12-25,000959.SZ,4.93,4.94,4.79,4.84,48366057,237177982
2025-12-26,000959.SZ,4.84,4.91,4.82,4.87,39480886,194250977
2025-12-29,000959.SZ,4.87,4.94,4.82,4.87,40398205,200148894
2025-12-30,000959.SZ,4.84,4.89,4.78,4.84,40130758,196248393
2025-12-31,000959.SZ,4.84,4.86,4.79,4.84,27299885,133248297
2026-01-05,000959.SZ,4.90,4.93,4.76,4.80,48448315,235378278
2026-01-06,000959.SZ,4.82,4.90,4.76,4.86,43445201,213456302
2026-01-07,000959.SZ,4.88,5.00,4.87,4.95,45282102,226440024
2026-01-08,000959.SZ,4.94,5.00,4.90,4.99,45140629,226329344
2026-01-09,000959.SZ,4.99,5.06,4.82,4.84,65358096,323726584
2026-01-12,000959.SZ,4.94,5.24,4.93,5.15,75873676,394019862
2026-01-13,000959.SZ,5.13,5.24,5.06,5.12,53457607,278224620
2026-01-14,000959.SZ,5.11,5.24,5.09,5.17,55013240,287531331
2026-01-15,000959.SZ,5.16,5.25,5.10,5.12,47610994,248600103
2026-01-16,000959.SZ,5.16,5.21,5.06,5.14,44284176,229917362
2026-01-19,000959.SZ,5.14,5.29,5.07,5.25,51232314,270348690
2026-01-20,000959.SZ,5.29,5.36,5.15,5.29,48800401,258283280
2026-01-21,000959.SZ,5.29,5.38,5.21,5.37,39448885,212552804
2026-01-22,000959.SZ,5.38,5.51,5.33,5.48,38033604,208923697
2026-01-23,000959.SZ,5.48,5.65,5.38,5.59,50699520,283692955
2026-01-26,000959.SZ,5.65,5.78,5.58,5.64,62413824,358347469
2026-01-27,000959.SZ,5.60,5.66,5.48,5.54,49302509,277177376
2026-01-28,000959.SZ,5.54,5.69,5.45,5.65,47333060,268206115
2026-01-29,000959.SZ,5.68,5.71,5.57,5.61,40487779,231063073
2026-01-30,000959.SZ,5.59,5.68,5.40,5.59,58249841,327866559
2026-02-02,000959.SZ,5.50,5.54,5.21,5.23,60011298,324888660
2026-02-03,000959.SZ,5.29,5.52,5.29,5.51,46199864,253816730
2026-02-04,000959.SZ,5.51,5.58,5.41,5.56,34091626,190502165
2026-02-05,000959.SZ,5.54,5.57,5.44,5.48,23836740,132815485
2026-02-06,000959.SZ,5.42,5.53,5.36,5.46,25605588,141905606
2026-02-09,000959.SZ,5.49,5.61,5.46,5.53,28470259,159634033
2026-02-10,000959.SZ,5.53,5.56,5.43,5.45,20670224,114461333
2026-02-11,000959.SZ,5.44,5.53,5.41,5.49,29936504,166275968
2026-02-12,000959.SZ,5.48,5.57,5.44,5.49,24012705,133966260
2026-02-13,000959.SZ,5.46,5.49,5.34,5.34,32137800,175404773
2026-02-24,000959.SZ,5.41,5.47,5.36,5.43,28001168,153882510
2026-02-25,000959.SZ,5.42,5.73,5.41,5.63,43417324,247016416
2026-02-26,000959.SZ,5.64,5.72,5.58,5.61,29152091,166272055
2026-02-27,000959.SZ,5.58,5.71,5.54,5.65,37917000,216294473
2026-03-02,000959.SZ,5.60,5.72,5.55,5.72,52350605,299801341
2026-03-03,000959.SZ,5.70,5.77,5.49,5.52,43530789,246323673
2026-03-04,000959.SZ,5.43,5.56,5.39,5.41,28780100,159126470
2026-03-05,000959.SZ,5.50,5.52,5.36,5.40,25210866,138246257
2026-03-06,000959.SZ,5.40,5.42,5.34,5.37,21920158,119383226
2026-03-09,000959.SZ,5.37,5.39,5.21,5.37,34426538,184906419
2026-03-10,000959.SZ,5.37,5.45,5.27,5.34,28098752,151550029
2026-03-11,000959.SZ,5.32,5.43,5.30,5.34,36693244,199435288
2026-03-12,000959.SZ,5.34,5.42,5.31,5.37,27298097,148309918
2026-03-13,000959.SZ,5.35,5.41,5.26,5.28,31747845,171574551
2026-03-16,000959.SZ,5.27,5.28,5.08,5.12,37295559,193647238
2026-03-17,000959.SZ,5.14,5.20,5.03,5.06,36973464,191324940
2026-03-18,000959.SZ,5.06,5.10,4.98,5.02,32666909,165990872
2026-03-19,000959.SZ,4.99,4.99,4.79,4.84,58847616,290210303
2026-03-20,000959.SZ,4.86,4.88,4.70,4.74,52241172,254201046
2026-03-23,000959.SZ,4.72,4.82,4.62,4.64,75247490,360196164
2026-03-24,000959.SZ,4.74,4.78,4.62,4.72,52054720,247413212
2026-03-25,000959.SZ,4.74,4.78,4.67,4.72,41072149,196672669
2026-03-26,000959.SZ,4.70,4.75,4.59,4.61,53577576,252625879
2026-03-27,000959.SZ,4.61,4.61,4.61,4.61,,
2026-03-30,000959.SZ,4.61,4.61,4.61,4.61,,
2026-03-31,000959.SZ,4.61,4.61,4.61,4.61,,
2026-04-01,000959.SZ,4.61,4.61,4.61,4.61,,
2026-04-02,000959.SZ,4.61,4.61,4.61,4.61,,
2026-04-03,000959.SZ,4.61,4.61,4.61,4.61,,
2026-04-07,000959.SZ,4.61,4.61,4.61,4.61,,
2026-04-08,000959.SZ,4.61,4.61,4.61,4.61,,
2026-04-09,000959.SZ,4.61,4.61,4.61,4.61,,
2026-04-10,000959.SZ,4.61,4.61,4.61,4.61,,
2026-04-13,000959.SZ,4.74,4.92,4.56,4.73,133036804,643850615
2026-04-14,000959.SZ,4.75,4.78,4.54,4.60,105684135,493984877
2026-04-15,000959.SZ,4.61,4.75,4.55,4.60,61619626,290311335
2026-04-16,000959.SZ,4.61,4.78,4.56,4.77,86432158,407202194
2026-04-17,000959.SZ,4.75,4.79,4.63,4.69,49005714,232559240
2026-04-20,000959.SZ,4.62,4.62,4.45,4.51,73165706,334324883
2026-04-21,000959.SZ,4.53,4.55,4.47,4.50,39496841,179950440
2026-04-22,000959.SZ,4.49,4.56,4.47,4.51,38663669,176470763
2026-04-23,000959.SZ,4.50,4.53,4.38,4.40,40897205,182992001
2026-04-24,000959.SZ,4.36,4.42,4.31,4.40,31382818,138427506
2026-04-27,000959.SZ,4.39,4.45,4.36,4.39,31786900,141503659
2026-04-28,000959.SZ,4.37,4.45,4.33,4.45,34363681,152946096
2026-04-29,000959.SZ,4.44,4.67,4.42,4.63,52425162,243573725
2026-04-30,000959.SZ,4.63,4.63,4.47,4.51,38873706,178051144
2026-05-06,000959.SZ,4.51,4.55,4.47,4.52,35129518,160446013
2026-05-07,000959.SZ,4.57,4.63,4.52,4.53,30070536,138486697
2026-05-08,000959.SZ,4.52,4.57,4.46,4.49,26271259,119339295
2026-05-11,000959.SZ,4.49,4.49,4.40,4.42,30410314,136421730
2026-05-12,000959.SZ,4.43,4.45,4.31,4.31,36384280,160435121
2026-05-13,000959.SZ,4.31,4.33,4.21,4.22,37920218,163047103
2026-05-14,000959.SZ,4.22,4.24,4.09,4.09,37627146,157646705
2026-05-15,000959.SZ,4.09,4.12,4.02,4.04,37113179,152592557
2026-05-18,000959.SZ,4.02,4.04,3.89,3.90,47653712,189887491
2026-05-19,000959.SZ,3.89,3.92,3.79,3.85,36278132,141167246
2026-05-20,000959.SZ,3.82,3.82,3.66,3.71,46772529,175568101
2026-05-21,000959.SZ,3.72,3.77,3.63,3.64,35806000,134761131
2026-05-22,000959.SZ,3.68,3.69,3.60,3.62,36396560,134221719
2026-05-25,000959.SZ,3.65,3.69,3.56,3.58,35166820,128087505
2026-05-26,000959.SZ,3.56,3.82,3.53,3.72,71821786,266858335
2026-05-27,000959.SZ,3.71,3.73,3.57,3.61,44929623,165004718
2026-05-28,000959.SZ,3.62,3.67,3.52,3.59,33953013,123247956
2026-05-29,000959.SZ,3.58,3.65,3.56,3.57,32053273,116850839
2026-06-01,000959.SZ,3.56,3.63,3.51,3.61,32656741,118492248
2026-06-02,000959.SZ,3.61,3.64,3.51,3.55,35153405,126751083
2026-06-03,000959.SZ,3.53,3.55,3.44,3.50,30285707,107030722
2026-06-04,000959.SZ,3.50,3.52,3.40,3.43,31716708,110264510
2026-06-05,000959.SZ,3.43,3.49,3.40,3.42,30332257,105840608
2026-06-08,000959.SZ,3.38,3.43,3.27,3.32,36947514,124939747
2026-06-09,000959.SZ,3.33,3.34,3.25,3.30,31282968,103858377
2026-06-10,000959.SZ,3.27,3.28,3.17,3.20,41520544,134622330
2026-06-11,000959.SZ,3.17,3.22,3.10,3.15,48564341,154609893
2026-06-12,000959.SZ,3.18,3.30,3.15,3.23,92691072,302716381
2026-06-15,000959.SZ,3.29,3.48,3.29,3.38,79387394,272156091
2026-06-16,000959.SZ,3.36,3.41,3.26,3.35,54761946,185072083
2026-06-17,000959.SZ,3.33,3.33,3.23,3.24,39153788,129319171
2026-06-18,000959.SZ,3.23,3.30,3.16,3.20,38062203,123567505
2026-06-22,000959.SZ,3.17,3.28,3.11,3.27,44805997,144442291
2026-06-23,000959.SZ,3.23,3.30,3.14,3.15,40820313,133006295
2026-06-24,000959.SZ,3.16,3.22,3.11,3.15,32765824,104475955
2026-06-25,000959.SZ,3.16,3.24,3.10,3.16,43293880,138681453
2026-06-26,000959.SZ,3.17,3.19,3.07,3.09,41944619,132217095
2026-06-29,000959.SZ,3.10,3.40,3.07,3.40,76710927,252461454
2026-06-30,000959.SZ,3.43,3.58,3.35,3.47,96060675,335572814
2026-07-01,000959.SZ,3.50,3.68,3.42,3.58,74209817,267329678
2026-07-02,000959.SZ,3.60,3.64,3.53,3.61,54489601,197587399
2026-07-03,000959.SZ,3.62,3.68,3.51,3.52,43113000,156085431
2026-07-06,000959.SZ,3.53,3.62,3.46,3.55,44679836,160346267
2026-07-07,000959.SZ,3.56,3.56,3.44,3.45,32515792,114686256
2026-07-08,000959.SZ,3.45,3.50,3.39,3.41,27952273,97214508
2026-07-09,000959.SZ,3.38,3.41,3.27,3.33,38320395,129031124
2026-07-10,000959.SZ,3.33,3.48,3.28,3.40,35476195,120550199
2026-07-13,000959.SZ,3.38,3.55,3.37,3.47,49368904,171171000
2026-07-14,000959.SZ,3.46,3.49,3.37,3.48,33500504,115016082
2026-07-15,000959.SZ,3.48,3.83,3.46,3.83,56693528,209126943
2026-07-16,000959.SZ,3.86,3.91,3.66,3.73,72472640,269939051
2026-07-17,000959.SZ,3.71,3.88,3.68,3.73,77158820,289742452
2026-07-20,000959.SZ,3.70,3.82,3.65,3.82,74752433,280642817
2026-07-21,000959.SZ,3.78,3.87,3.69,3.71,70173656,265317294
2026-07-22,000959.SZ,3.68,3.78,3.65,3.74,50674562,188457130
2026-07-23,000959.SZ,3.71,3.86,3.66,3.84,45749944,173125175
2026-07-24,000959.SZ,3.83,3.87,3.72,3.76,42785445,161517328
2026-07-27,000959.SZ,3.76,3.84,3.74,3.84,30607828,116374753
2026-07-28,000959.SZ,3.82,3.91,3.77,3.89,37215596,143322955
2026-07-29,000959.SZ,3.87,4.05,3.86,3.92,69882318,276192857
2026-07-30,000959.SZ,3.85,4.00,3.83,3.89,41701585,163742980
2026-07-31,000959.SZ,3.85,3.90,3.81,3.89,41488000,160093800
2026-08-03,000959.SZ,3.88,3.98,3.87,3.89,30123933,118043268
2026-08-04,000959.SZ,3.89,3.91,3.77,3.78,36308752,138322167
2026-08-05,000959.SZ,3.78,3.81,3.73,3.79,25996300,98168215
2026-08-06,000959.SZ,3.80,3.84,3.70,3.77,30309472,113924275
2026-08-07,000959.SZ,3.78,3.79,3.70,3.72,26816420,99864265
2026-08-10,000959.SZ,3.74,3.80,3.70,3.71,31392241,117226334
2026-08-11,000959.SZ,3.72,3.73,3.63,3.65,31923573,116964775
2026-08-12,000959.SZ,3.65,3.66,3.59,3.64,35203451,127590592
2026-08-13,000959.SZ,3.64,3.65,3.55,3.56,28781620,103249260
2026-08-14,000959.SZ,3.54,3.56,3.50,3.52,22635200,79789584
2026-08-17,000959.SZ,3.51,3.55,3.47,3.53,25668256,90093632
2026-08-18,000959.SZ,3.54,3.57,3.48,3.51,28329035,99766331
2026-08-19,000959.SZ,3.52,3.53,3.44,3.46,23763512,82622131
2026-08-20,000959.SZ,3.46,3.58,3.45,3.50,34245481,120655491
2026-08-21,000959.SZ,3.49,3.50,3.43,3.47,20213520,69973217
2026-08-24,000959.SZ,3.48,3.53,3.48,3.53,23081816,80915477
2026-08-25,000959.SZ,3.52,3.58,3.51,3.56,30189824,107035315
2026-08-26,000959.SZ,3.56,3.64,3.55,3.62,29412539,106136799
2026-08-27,000959.SZ,3.60,3.62,3.48,3.58,41948867,149013329
2026-08-28,000959.SZ,3.57,3.78,3.57,3.71,63977856,236820546
2026-08-31,000959.SZ,3.72,3.79,3.66,3.76,44090220,165304014
2026-09-01,000959.SZ,3.74,3.79,3.72,3.76,30569465,115098245
2026-09-02,000959.SZ,3.73,3.75,3.61,3.65,29745966,108621204
2026-09-03,000959.SZ,3.65,3.73,3.63,3.70,28862519,106200927
2026-09-04,000959.SZ,3.69,3.77,3.68,3.72,25029115,93365607
2026-09-07,000959.SZ,3.71,3.73,3.62,3.63,27376143,99937580
2026-09-08,000959.SZ,3.63,3.77,3.63,3.75,32373877,120528509
2015-12-01,000960.SZ,11.35,11.68,11.29,11.53,20697761,252013057
2015-12-02,000960.SZ,11.45,11.91,11.29,11.91,34856041,431976920
2015-12-03,000960.SZ,11.78,12.11,11.63,12.07,28997731,366328976
2015-12-04,000960.SZ,11.96,12.04,11.58,11.70,28593218,359459235
2015-12-07,000960.SZ,11.83,12.13,11.81,12.03,26613815,338487611
2015-12-08,000960.SZ,11.85,11.85,11.39,11.52,27502482,338690393
2015-12-09,000960.SZ,11.49,11.71,11.27,11.41,23032970,280855019
2015-12-10,000960.SZ,11.42,11.58,11.27,11.39,23536891,284895682
2015-12-11,000960.SZ,11.30,12.15,11.21,11.87,46636685,581051789
2015-12-14,000960.SZ,11.77,12.90,11.69,12.48,69316154,909785472
2015-12-15,000960.SZ,12.42,12.56,12.15,12.30,45128458,589435514
2015-12-16,000960.SZ,12.28,13.08,12.24,12.61,64975324,876015180
2015-12-17,000960.SZ,12.81,13.27,12.56,12.95,66762723,913035732
2015-12-18,000960.SZ,12.85,13.56,12.64,13.49,72209045,1001493065
2015-12-21,000960.SZ,13.88,14.12,13.57,13.76,69591705,1021559860
2015-12-22,000960.SZ,13.70,14.34,13.56,13.64,57040560,839403363
2015-12-23,000960.SZ,13.48,13.52,13.07,13.15,52743210,744990015
2015-12-24,000960.SZ,13.23,13.42,12.83,13.10,37632577,522408859
2015-12-25,000960.SZ,13.04,13.33,12.97,13.16,28137782,393304497
2015-12-28,000960.SZ,13.12,13.20,12.52,12.54,40970890,557505570
2015-12-29,000960.SZ,12.60,12.78,12.50,12.76,21575440,289890043
2015-12-30,000960.SZ,12.97,12.99,12.66,12.81,21606400,294617825
2015-12-31,000960.SZ,12.80,12.92,12.63,12.67,20724860,281344081
2016-01-04,000960.SZ,12.59,12.66,11.40,11.40,24358041,312298386
2016-01-05,000960.SZ,10.84,11.30,10.36,11.06,51175011,591855581
2016-01-06,000960.SZ,11.04,11.72,10.95,11.57,47323401,572806782
2016-01-07,000960.SZ,11.28,11.28,10.41,10.41,13029121,149086205
2016-01-08,000960.SZ,10.73,11.09,10.08,10.87,41621459,475135273
2016-01-11,000960.SZ,10.59,10.92,9.81,9.83,38507735,425015089
2016-01-12,000960.SZ,9.79,10.24,9.70,9.94,26474615,280160184
2016-01-13,000960.SZ,9.98,10.19,9.51,9.59,24958816,263227302
2016-01-14,000960.SZ,9.31,9.90,9.23,9.82,25058970,254149413
2016-01-15,000960.SZ,9.76,9.89,9.10,9.19,25555127,257826803
2016-01-18,000960.SZ,9.09,9.48,8.97,9.34,20030386,197258566
2016-01-19,000960.SZ,9.34,9.75,9.32,9.72,23440010,238481789
2016-01-20,000960.SZ,9.59,9.79,9.44,9.54,20904282,213212531
2016-01-21,000960.SZ,9.71,10.02,9.24,9.34,44591019,459834917
2016-01-22,000960.SZ,9.56,9.69,9.23,9.60,28275057,284952472
2016-01-25,000960.SZ,9.83,9.87,9.60,9.70,25591254,264228857
2016-01-26,000960.SZ,9.57,9.60,8.73,8.74,30382834,297735957
2016-01-27,000960.SZ,8.74,8.74,8.74,8.74,,
2016-01-28,000960.SZ,8.74,8.74,8.74,8.74,,
2016-01-29,000960.SZ,8.74,8.74,8.74,8.74,,
2016-02-01,000960.SZ,8.74,8.74,8.74,8.74,,
2016-02-02,000960.SZ,8.74,8.74,8.74,8.74,,
2016-02-03,000960.SZ,8.74,8.74,8.74,8.74,,
2016-02-04,000960.SZ,8.74,8.74,8.74,8.74,,
2016-02-05,000960.SZ,8.74,8.74,8.74,8.74,,
2016-02-15,000960.SZ,8.74,8.74,8.74,8.74,,
2016-02-16,000960.SZ,8.74,8.74,8.74,8.74,,
2016-02-17,000960.SZ,9.61,9.61,9.61,9.61,6077094,62047129
2016-02-18,000960.SZ,10.03,10.42,9.85,9.88,74957116,801174947
2016-02-19,000960.SZ,9.75,10.07,9.71,9.84,35004997,367431684
2016-02-22,000960.SZ,9.96,10.73,9.93,10.41,65741580,718234836
2016-02-23,000960.SZ,10.28,10.73,10.17,10.66,59953930,665450945
2016-02-24,000960.SZ,10.48,10.89,10.30,10.89,50231816,563196245
2016-02-25,000960.SZ,11.21,11.75,10.38,10.55,112699230,1336718028
2016-02-26,000960.SZ,10.57,11.23,10.08,11.12,80692635,917511724
2016-02-29,000960.SZ,10.83,10.99,10.01,10.45,63232307,701904879
2016-03-01,000960.SZ,10.41,11.50,10.22,11.26,82894795,970724387
2016-03-02,000960.SZ,11.21,12.39,11.09,12.39,89254651,1125397873
2016-03-03,000960.SZ,12.99,13.47,12.50,12.72,113658637,1567309184
2016-03-04,000960.SZ,13.17,13.50,12.34,12.38,98173427,1344949979
2016-03-07,000960.SZ,12.99,13.52,12.62,13.29,101772437,1410126529
2016-03-08,000960.SZ,13.47,13.55,12.41,12.83,97199803,1322958787
2016-03-09,000960.SZ,11.96,12.13,11.54,11.54,99631735,1238478120
2016-03-10,000960.SZ,11.48,11.62,10.98,11.05,62432956,749721403
2016-03-11,000960.SZ,10.97,11.33,10.89,11.11,39459342,465137534
2016-03-14,000960.SZ,11.13,11.66,11.04,11.42,53775771,651429644
2016-03-15,000960.SZ,11.25,11.30,10.73,10.83,44487086,518910530
2016-03-16,000960.SZ,10.89,11.16,10.73,10.97,38953916,452929087
2016-03-17,000960.SZ,11.27,11.45,11.06,11.33,47092255,564633262
2016-03-18,000960.SZ,11.63,12.23,11.54,11.78,65447422,825620510
2016-03-21,000960.SZ,11.74,12.13,11.53,12.01,66836277,836905965
2016-03-22,000960.SZ,11.86,12.13,11.60,11.75,58307909,733892853
2016-03-23,000960.SZ,11.77,12.18,11.69,11.88,52951726,670725313
2016-03-24,000960.SZ,11.55,11.71,11.31,11.51,55520392,680612463
2016-03-25,000960.SZ,11.53,11.60,11.21,11.42,36563323,441600096
2016-03-28,000960.SZ,11.47,11.71,11.21,11.26,33005817,402644865
2016-03-29,000960.SZ,11.17,11.43,10.91,11.21,32144696,383403814
2016-03-30,000960.SZ,11.33,11.53,11.24,11.49,31107753,376102524
2016-03-31,000960.SZ,11.45,11.59,11.23,11.36,33781850,408105242
2016-04-01,000960.SZ,11.29,11.77,11.24,11.75,52496106,644413637
2016-04-05,000960.SZ,11.77,11.82,11.48,11.82,44247511,548957012
2016-04-06,000960.SZ,11.70,11.80,11.38,11.52,36653226,451493161
2016-04-07,000960.SZ,11.64,11.66,11.21,11.21,31934465,387311095
2016-04-08,000960.SZ,10.95,11.01,10.50,10.73,41196552,470757061
2016-04-11,000960.SZ,10.84,11.30,10.82,11.08,37110390,437221297
2016-04-12,000960.SZ,11.05,11.06,10.73,10.88,26808433,308977644
2016-04-13,000960.SZ,11.29,11.97,11.29,11.97,65637772,819275302
2016-04-14,000960.SZ,11.99,12.03,11.02,11.70,63290589,791293306
2016-04-15,000960.SZ,11.70,11.89,11.62,11.74,35682327,445471665
2016-04-18,000960.SZ,11.58,11.58,11.25,11.38,33139219,399673924
2016-04-19,000960.SZ,11.53,11.72,11.32,11.45,34601781,422841980
2016-04-20,000960.SZ,11.69,11.73,10.74,11.00,49834716,596542398
2016-04-21,000960.SZ,11.07,11.84,11.01,11.42,64850007,791500551
2016-04-22,000960.SZ,11.11,11.28,10.83,11.21,36671185,431190902
2016-04-25,000960.SZ,11.13,11.49,10.90,11.44,26483921,315701278
2016-04-26,000960.SZ,11.39,11.49,11.11,11.38,22611517,271416118
2016-04-27,000960.SZ,11.43,11.53,11.14,11.19,27127494,327050519
2016-04-28,000960.SZ,11.16,11.16,10.63,10.88,32888821,379214433
2016-04-29,000960.SZ,10.82,11.05,10.77,10.82,19106218,220938122
2016-05-03,000960.SZ,10.89,11.16,10.75,11.15,29003190,339366641
2016-05-04,000960.SZ,11.02,11.08,10.90,11.02,18938149,221358657
2016-05-05,000960.SZ,10.99,11.21,10.87,11.17,31344342,368529958
2016-05-06,000960.SZ,11.09,11.16,10.57,10.57,39379321,454707263
2016-05-09,000960.SZ,10.54,10.54,9.70,9.76,39500626,420074206
2016-05-10,000960.SZ,9.68,9.85,9.46,9.64,25286685,258847835
2016-05-11,000960.SZ,9.77,9.77,9.56,9.59,16726053,171754072
2016-05-12,000960.SZ,9.43,9.69,9.28,9.64,17514204,176941539
2016-05-13,000960.SZ,9.47,9.64,9.42,9.50,14810418,149838995
2016-05-16,000960.SZ,9.50,9.89,9.43,9.78,21039163,216769851
2016-05-17,000960.SZ,9.78,9.98,9.74,9.76,24357213,255119747
2016-05-18,000960.SZ,9.66,9.68,9.36,9.49,20090723,202757009
2016-05-19,000960.SZ,9.45,9.79,9.45,9.59,18784391,192527936
2016-05-20,000960.SZ,9.44,9.77,9.43,9.75,17123610,174697386
2016-05-23,000960.SZ,9.70,9.81,9.66,9.74,17791533,183651469
2016-05-24,000960.SZ,9.65,9.65,9.46,9.55,13966931,141517246
2016-05-25,000960.SZ,9.63,9.70,9.50,9.57,11620014,118316708
2016-05-26,000960.SZ,9.58,9.72,9.41,9.71,18816033,191275400
2016-05-27,000960.SZ,9.65,9.74,9.60,9.62,14473840,148382887
2016-05-30,000960.SZ,9.63,9.86,9.52,9.76,22146369,228310048
2016-05-31,000960.SZ,9.76,10.35,9.73,10.26,37353687,400075959
2016-06-01,000960.SZ,10.17,10.71,10.13,10.40,48495077,536395816
2016-06-02,000960.SZ,10.45,10.73,10.40,10.49,31101692,347505408
2016-06-03,000960.SZ,10.52,10.69,10.41,10.50,32666033,365918242
2016-06-06,000960.SZ,10.50,10.50,10.50,10.50,,
2016-06-07,000960.SZ,10.50,10.50,10.50,10.50,,
2016-06-08,000960.SZ,10.50,10.50,10.50,10.50,,
2016-06-13,000960.SZ,10.50,10.50,10.50,10.50,,
2016-06-14,000960.SZ,10.50,10.50,10.50,10.50,,
2016-06-15,000960.SZ,10.50,10.50,10.50,10.50,,
2016-06-16,000960.SZ,10.50,10.50,10.50,10.50,,
2016-06-17,000960.SZ,10.50,10.50,10.50,10.50,,
2016-06-20,000960.SZ,10.50,10.50,10.50,10.50,,
2016-06-21,000960.SZ,10.73,11.16,10.24,10.26,48948008,558592624
2016-06-22,000960.SZ,10.19,10.72,10.17,10.57,28129937,315013285
2016-06-23,000960.SZ,10.50,10.72,10.28,10.41,28393083,315906632
2016-06-24,000960.SZ,10.41,10.48,9.78,10.10,27565565,297579823
2016-06-27,000960.SZ,10.11,10.55,10.10,10.55,19046054,208946492
2016-06-28,000960.SZ,10.41,10.64,10.36,10.60,21677648,241635768
2016-06-29,000960.SZ,10.68,11.20,10.54,10.90,37853508,434628366
2016-06-30,000960.SZ,10.99,10.99,10.71,10.89,23163298,266381367
2016-07-01,000960.SZ,10.89,11.61,10.84,11.37,53583544,640706640
2016-07-04,000960.SZ,11.87,12.51,11.65,12.18,98541493,1275476055
2016-07-05,000960.SZ,12.15,12.15,11.83,12.06,54806684,696114596
2016-07-06,000960.SZ,11.86,12.83,11.85,12.39,81722812,1072203093
2016-07-07,000960.SZ,12.48,13.07,12.35,12.48,72721941,982426029
2016-07-08,000960.SZ,12.24,12.52,12.06,12.20,41069261,537017427
2016-07-11,000960.SZ,12.48,13.07,12.34,12.40,60418713,816385134
2016-07-12,000960.SZ,12.33,13.30,12.33,13.05,76239845,1044535604
2016-07-13,000960.SZ,12.99,13.62,12.75,13.25,83636221,1173129848
2016-07-14,000960.SZ,13.09,13.36,12.83,13.11,44150804,611588689
2016-07-15,000960.SZ,13.07,13.31,12.92,13.01,40353579,561730224
2016-07-18,000960.SZ,13.15,13.23,12.71,12.75,48704977,668666633
2016-07-19,000960.SZ,12.74,12.87,12.36,12.52,44687735,596255733
2016-07-20,000960.SZ,12.54,12.85,12.43,12.59,30756159,413593472
2016-07-21,000960.SZ,12.57,12.77,12.40,12.67,28358346,378903379
2016-07-22,000960.SZ,12.60,13.15,12.42,12.47,32285274,435807195
2016-07-25,000960.SZ,12.44,12.52,12.03,12.17,34323544,447422098
2016-07-26,000960.SZ,12.17,12.43,12.17,12.32,19688477,256949421
2016-07-27,000960.SZ,12.48,12.61,11.42,11.63,50298226,641446445
2016-07-28,000960.SZ,11.70,12.07,11.56,12.02,37015946,465347327
2016-07-29,000960.SZ,11.96,12.02,11.64,11.72,22510149,282011243
2016-08-01,000960.SZ,11.74,11.92,11.47,11.86,25698938,320849664
2016-08-02,000960.SZ,11.77,11.96,11.69,11.94,17419284,219234857
2016-08-03,000960.SZ,11.95,12.04,11.74,11.83,21691134,273706266
2016-08-04,000960.SZ,11.85,11.90,11.50,11.79,22263484,276307552
2016-08-05,000960.SZ,11.79,11.96,11.70,11.85,19570119,246055905
2016-08-08,000960.SZ,11.78,12.49,11.72,12.39,34057884,440907898
2016-08-09,000960.SZ,12.33,12.37,12.15,12.35,22513331,293036650
2016-08-10,000960.SZ,12.52,12.94,12.52,12.56,47835198,646012771
2016-08-11,000960.SZ,12.56,12.78,12.40,12.40,27372593,364999561
2016-08-12,000960.SZ,12.30,12.46,12.10,12.43,24824022,322912171
2016-08-15,000960.SZ,12.34,12.78,12.12,12.69,40567751,537895833
2016-08-16,000960.SZ,12.70,12.83,12.61,12.64,26487698,357506553
2016-08-17,000960.SZ,12.71,12.71,12.28,12.39,27858968,368628285
2016-08-18,000960.SZ,12.36,12.54,12.14,12.25,27160669,355484655
2016-08-19,000960.SZ,12.26,12.38,12.19,12.33,16772842,219024455
2016-08-22,000960.SZ,12.32,12.45,11.86,11.94,20265297,262225382
2016-08-23,000960.SZ,11.98,12.03,11.86,11.98,15682025,199081709
2016-08-24,000960.SZ,12.02,12.47,12.01,12.36,29767807,388391021
2016-08-25,000960.SZ,12.18,12.19,11.92,12.11,22556736,288219791
2016-08-26,000960.SZ,12.20,12.41,12.01,12.03,20804906,270530885
2016-08-29,000960.SZ,12.01,12.25,11.96,12.10,12743171,163876466
2016-08-30,000960.SZ,12.16,12.28,12.05,12.18,14208375,183930067
2016-08-31,000960.SZ,12.17,12.27,12.02,12.15,14444712,186072371
2016-09-01,000960.SZ,12.23,12.45,12.18,12.29,28175870,368617582
2016-09-02,000960.SZ,12.43,12.76,12.32,12.50,49129185,655241836
2016-09-05,000960.SZ,12.61,13.48,12.54,12.98,70238005,967046621
2016-09-06,000960.SZ,12.84,12.97,12.67,12.92,44836145,610971499
2016-09-07,000960.SZ,12.88,13.07,12.75,12.84,34097200,466907776
2016-09-08,000960.SZ,12.84,12.90,12.55,12.71,25430043,343366425
2016-09-09,000960.SZ,12.73,12.92,12.60,12.62,24373362,330098905
2016-09-12,000960.SZ,12.24,12.34,11.44,11.49,59262299,746808570
2016-09-13,000960.SZ,11.61,11.68,11.39,11.53,23017242,281468089
2016-09-14,000960.SZ,11.42,11.53,11.27,11.40,19050845,230801685
2016-09-19,000960.SZ,11.46,11.61,11.46,11.56,14034010,172230724
2016-09-20,000960.SZ,11.58,11.67,11.53,11.62,12024970,148109372
2016-09-21,000960.SZ,11.60,11.73,11.59,11.62,11088369,137143602
2016-09-22,000960.SZ,11.75,11.78,11.55,11.63,16624718,206061854
2016-09-23,000960.SZ,11.67,11.72,11.50,11.54,12466938,153514964
2016-09-26,000960.SZ,11.68,11.75,11.30,11.31,17968120,219454541
2016-09-27,000960.SZ,11.31,11.48,11.19,11.48,16726632,200846082
2016-09-28,000960.SZ,11.46,11.46,11.30,11.39,9572246,115716473
2016-09-29,000960.SZ,11.56,11.88,11.53,11.61,22575950,280743565
2016-09-30,000960.SZ,11.61,11.80,11.58,11.75,17411620,216488659
2016-10-10,000960.SZ,11.84,11.87,11.58,11.86,20794303,259298578
2016-10-11,000960.SZ,11.87,11.90,11.73,11.86,19940047,250337282
2016-10-12,000960.SZ,11.74,12.33,11.61,12.10,46689235,596011000
2016-10-13,000960.SZ,11.99,12.68,11.96,12.52,67243277,887586981
2016-10-14,000960.SZ,12.42,12.46,12.02,12.25,43711309,567479890
2016-10-17,000960.SZ,13.47,13.47,13.23,13.47,100335671,1434875533
2016-10-18,000960.SZ,13.45,14.01,13.35,13.75,151009122,2192348174
2016-10-19,000960.SZ,13.54,14.21,13.38,13.88,122991260,1798439512
2016-10-20,000960.SZ,13.69,13.77,13.42,13.51,72146018,1039475469
2016-10-21,000960.SZ,13.54,13.85,13.19,13.52,70556474,1013964695
2016-10-24,000960.SZ,13.42,13.89,13.29,13.63,77321515,1119143913
2016-10-25,000960.SZ,13.63,14.01,13.42,13.90,86519037,1261947088
2016-10-26,000960.SZ,13.84,13.93,13.47,13.53,60123771,872609982
2016-10-27,000960.SZ,13.56,14.20,13.38,13.99,86752691,1271728983
2016-10-28,000960.SZ,13.85,14.08,13.42,13.42,72924175,1065348619
2016-10-31,000960.SZ,13.49,14.30,13.37,14.09,104886318,1550996751
2016-11-01,000960.SZ,14.07,14.27,13.87,14.16,79548471,1188236292
2016-11-02,000960.SZ,14.05,14.69,13.57,13.59,132171040,1985388841
2016-11-03,000960.SZ,13.47,13.92,13.26,13.63,78475500,1133144770
2016-11-04,000960.SZ,13.75,14.08,13.56,13.98,78170166,1147850905
2016-11-07,000960.SZ,14.12,15.33,13.94,14.80,139280627,2169481561
2016-11-08,000960.SZ,14.89,15.35,14.70,14.78,114504961,1817262396
2016-11-09,000960.SZ,14.93,15.07,14.44,14.68,86425786,1352842075
2016-11-10,000960.SZ,15.20,15.51,14.84,14.90,100346397,1615208786
2016-11-11,000960.SZ,14.91,16.34,14.69,16.16,153569481,2560871413
2016-11-14,000960.SZ,15.44,15.95,15.27,15.56,113078019,1873244533
2016-11-15,000960.SZ,15.71,15.89,14.74,14.83,94207400,1531291164
2016-11-16,000960.SZ,14.74,14.98,14.34,14.58,59727097,926334916
2016-11-17,000960.SZ,14.41,14.74,14.34,14.60,40640549,629181744
2016-11-18,000960.SZ,14.60,14.73,14.29,14.43,38107692,585509261
2016-11-21,000960.SZ,14.49,14.96,14.42,14.71,52479510,819619333
2016-11-22,000960.SZ,14.84,15.25,14.76,15.03,60019444,956347779
2016-11-23,000960.SZ,14.98,15.09,14.53,14.59,40043652,631512909
2016-11-24,000960.SZ,14.82,15.38,14.81,14.91,61410539,983068588
2016-11-25,000960.SZ,14.90,14.92,14.25,14.72,40301451,622090489
2016-11-28,000960.SZ,14.89,15.41,14.80,15.22,64235581,1031292641
2016-11-29,000960.SZ,14.97,15.13,14.60,14.63,46330227,729066508
2016-11-30,000960.SZ,14.34,14.34,13.75,13.84,60056517,893368782
2016-12-01,000960.SZ,13.95,14.12,13.86,14.01,25255828,375552257
2016-12-02,000960.SZ,13.98,13.98,13.54,13.59,23844939,347203079
2016-12-05,000960.SZ,13.23,13.73,13.20,13.65,19499605,280504948
2016-12-06,000960.SZ,13.80,13.85,13.43,13.47,18358046,264819197
2016-12-07,000960.SZ,13.51,13.92,13.42,13.81,22443980,326904524
2016-12-08,000960.SZ,13.75,13.89,13.63,13.66,17599045,257339802
2016-12-09,000960.SZ,13.55,13.79,13.43,13.60,19054979,275022955
2016-12-12,000960.SZ,13.65,13.77,12.66,12.75,36250757,506891386
2016-12-13,000960.SZ,12.71,13.19,12.51,12.99,27417671,373006142
2016-12-14,000960.SZ,12.92,13.05,12.80,12.88,17397143,238603040
2016-12-15,000960.SZ,12.91,13.22,12.91,13.06,18268361,253209562
2016-12-16,000960.SZ,13.01,13.14,12.88,13.11,15735164,217519749
2016-12-19,000960.SZ,13.00,13.10,12.85,12.89,13326668,183651857
2016-12-20,000960.SZ,12.85,12.91,12.46,12.81,21113360,285545159
2016-12-21,000960.SZ,12.85,12.92,12.72,12.89,16756676,228275603
2016-12-22,000960.SZ,12.90,12.92,12.62,12.70,13188785,178301469
2016-12-23,000960.SZ,12.74,12.74,12.36,12.42,18734548,249228405
2016-12-26,000960.SZ,12.31,12.42,12.01,12.41,19190747,249072287
2016-12-27,000960.SZ,12.34,12.48,12.27,12.38,14318751,188569658
2016-12-28,000960.SZ,12.49,12.57,12.34,12.37,12938924,171441867
2016-12-29,000960.SZ,12.32,12.49,12.21,12.43,13869781,181838208
2016-12-30,000960.SZ,12.43,12.49,12.26,12.35,10731034,141110558
2017-01-03,000960.SZ,12.43,12.68,12.41,12.63,14726109,196972267
2017-01-04,000960.SZ,12.58,12.79,12.54,12.75,16184713,217954432
2017-01-05,000960.SZ,12.81,13.00,12.71,12.93,22324645,304729699
2017-01-06,000960.SZ,12.81,12.98,12.72,12.83,18585157,253911424
2017-01-09,000960.SZ,12.83,12.95,12.69,12.85,13040670,177405754
2017-01-10,000960.SZ,12.79,13.33,12.71,13.09,27319115,377861915
2017-01-11,000960.SZ,13.14,13.32,12.90,13.00,23468842,326326703
2017-01-12,000960.SZ,12.86,13.02,12.65,12.69,16267648,221638367
2017-01-13,000960.SZ,12.74,12.86,12.34,12.45,17072218,228592256
2017-01-16,000960.SZ,12.45,12.80,11.54,12.20,24567816,322750681
2017-01-17,000960.SZ,12.20,12.23,11.76,12.13,16772047,214541186
2017-01-18,000960.SZ,12.09,12.29,12.01,12.18,12946405,167862442
2017-01-19,000960.SZ,12.19,12.41,12.11,12.24,11884382,154385788
2017-01-20,000960.SZ,12.13,12.37,12.11,12.28,12739100,166168309
2017-01-23,000960.SZ,12.27,12.90,12.27,12.68,20289170,272367915
2017-01-24,000960.SZ,12.60,12.76,12.58,12.66,10860240,146295283
2017-01-25,000960.SZ,12.79,12.94,12.71,12.83,15894473,216626170
2017-01-26,000960.SZ,12.83,13.40,12.79,13.35,27731117,387308145
2017-02-03,000960.SZ,13.36,13.40,12.95,13.00,24295124,337703873
2017-02-06,000960.SZ,12.96,13.00,12.76,12.99,14840020,203444262
2017-02-07,000960.SZ,12.92,13.08,12.85,13.00,16877985,232417016
2017-02-08,000960.SZ,12.95,13.12,12.83,13.09,17835339,245982368
2017-02-09,000960.SZ,13.14,13.16,13.00,13.06,18675336,259272969
2017-02-10,000960.SZ,13.03,13.48,12.99,13.32,32422665,456643351
2017-02-13,000960.SZ,13.70,13.88,13.47,13.51,33041473,478327430
2017-02-14,000960.SZ,13.48,13.95,13.41,13.95,34555351,504192781
2017-02-15,000960.SZ,13.79,13.89,13.48,13.58,29183064,425247176
2017-02-16,000960.SZ,13.58,14.07,13.53,13.80,33756272,496816566
2017-02-17,000960.SZ,13.80,13.80,13.43,13.48,23317066,336538473
2017-02-20,000960.SZ,13.43,13.65,13.41,13.64,20048512,288478930
2017-02-21,000960.SZ,13.71,13.92,13.51,13.76,25145732,365826625
2017-02-22,000960.SZ,13.69,13.89,13.65,13.79,22943805,335773669
2017-02-23,000960.SZ,13.67,14.18,13.61,14.02,45545297,673056069
2017-02-24,000960.SZ,13.85,13.91,13.51,13.64,29127064,422076008
2017-02-27,000960.SZ,13.60,13.75,13.39,13.45,19916121,286635273
2017-02-28,000960.SZ,13.41,13.63,13.41,13.58,13559524,194867883
2017-03-01,000960.SZ,13.61,13.92,13.49,13.75,26313092,383970191
2017-03-02,000960.SZ,13.83,14.20,13.65,13.81,36122852,535253345
2017-03-03,000960.SZ,13.63,13.68,13.40,13.53,22690352,326597466
2017-03-06,000960.SZ,13.52,13.63,13.45,13.55,13674279,196724572
2017-03-07,000960.SZ,13.54,13.54,13.08,13.20,28947958,407484497
2017-03-08,000960.SZ,13.12,13.15,12.93,13.04,16638207,230309170
2017-03-09,000960.SZ,12.96,13.02,12.70,12.75,16389498,222709036
2017-03-10,000960.SZ,12.71,12.85,12.71,12.82,9995866,135848254
2017-03-13,000960.SZ,12.82,13.05,12.81,13.02,14549835,200261358
2017-03-14,000960.SZ,13.01,13.05,12.83,12.87,12283021,168684173
2017-03-15,000960.SZ,12.91,13.11,12.91,13.00,13324971,184246171
2017-03-16,000960.SZ,13.11,13.20,13.01,13.15,15917043,221738141
2017-03-17,000960.SZ,13.17,13.21,12.86,12.90,14319857,198729637
2017-03-20,000960.SZ,12.93,13.00,12.75,12.83,11258146,153947180
2017-03-21,000960.SZ,12.84,12.84,12.49,12.65,20152977,270498900
2017-03-22,000960.SZ,12.52,12.60,12.34,12.49,21032212,278428770
2017-03-23,000960.SZ,12.51,12.68,12.27,12.65,18700934,248330177
2017-03-24,000960.SZ,12.61,12.64,12.44,12.61,11597757,154352684
2017-03-27,000960.SZ,12.50,12.56,12.45,12.51,9524426,126542852
2017-03-28,000960.SZ,12.55,12.59,12.43,12.55,9701409,128930216
2017-03-29,000960.SZ,12.62,12.73,12.48,12.68,15129791,202984053
2017-03-30,000960.SZ,12.62,12.80,12.49,12.67,21655572,290718971
2017-03-31,000960.SZ,12.63,12.68,12.33,12.39,18544000,245985567
2017-04-05,000960.SZ,12.40,12.79,12.37,12.79,19466127,260554293
2017-04-06,000960.SZ,12.81,12.88,12.70,12.79,16096168,218516408
2017-04-07,000960.SZ,12.73,12.96,12.70,12.75,17401655,236898197
2017-04-10,000960.SZ,12.71,12.71,12.48,12.51,19877321,265240327
2017-04-11,000960.SZ,12.49,12.57,12.18,12.50,19599501,257995384
2017-04-12,000960.SZ,12.49,12.64,12.29,12.47,14167532,188029459
2017-04-13,000960.SZ,12.46,12.56,12.37,12.43,10934432,144710004
2017-04-14,000960.SZ,12.55,12.68,12.45,12.46,21971676,293426832
2017-04-17,000960.SZ,12.44,12.61,12.27,12.48,15393657,203533678
2017-04-18,000960.SZ,12.50,12.64,12.40,12.45,15317273,203651294
2017-04-19,000960.SZ,12.33,12.33,11.69,11.77,28072746,354375381
2017-04-20,000960.SZ,11.79,11.79,11.43,11.51,16978410,208969942
2017-04-21,000960.SZ,11.56,11.67,11.46,11.53,9191173,112871201
2017-04-24,000960.SZ,11.53,11.53,10.89,10.90,16082437,189692593
2017-04-25,000960.SZ,10.89,11.06,10.89,10.98,11361582,132703540
2017-04-26,000960.SZ,11.02,11.09,10.96,11.06,13939198,163194484
2017-04-27,000960.SZ,10.97,11.16,10.72,11.09,18423254,214408202
2017-04-28,000960.SZ,11.05,11.28,11.03,11.24,12431929,147531447
2017-05-02,000960.SZ,11.29,11.35,11.08,11.16,10444529,124543486
2017-05-03,000960.SZ,11.11,11.37,11.11,11.16,11590837,138202281
2017-05-04,000960.SZ,11.05,11.15,10.88,10.97,11735487,137269742
2017-05-05,000960.SZ,10.95,11.00,10.73,10.73,9880968,113649439
2017-05-08,000960.SZ,10.71,10.80,10.61,10.64,9865857,112174535
2017-05-09,000960.SZ,10.65,10.81,10.57,10.75,12755845,144922263
2017-05-10,000960.SZ,10.76,10.78,10.31,10.31,15814379,177108572
2017-05-11,000960.SZ,10.23,10.46,9.95,10.42,20491401,221956424
2017-05-12,000960.SZ,10.44,10.57,10.32,10.50,12558761,139492743
2017-05-15,000960.SZ,10.49,10.58,10.41,10.46,7976710,88840767
2017-05-16,000960.SZ,10.46,10.78,10.30,10.78,12461432,139504313
2017-05-17,000960.SZ,10.79,11.01,10.61,10.79,11483805,132200152
2017-05-18,000960.SZ,10.72,10.86,10.66,10.78,9068446,103689143
2017-05-19,000960.SZ,10.77,10.85,10.73,10.77,7851550,89975347
2017-05-22,000960.SZ,10.87,11.17,10.73,10.73,15143893,175639128
2017-05-23,000960.SZ,10.64,10.81,10.38,10.43,12548382,141315401
2017-05-24,000960.SZ,10.43,10.59,10.32,10.57,11902235,132503533
2017-05-25,000960.SZ,10.57,11.08,10.48,10.96,17986698,206130438
2017-05-26,000960.SZ,10.89,11.11,10.89,10.99,13946829,162833464
2017-05-31,000960.SZ,11.09,11.19,10.72,10.76,16724149,194362957
2017-06-01,000960.SZ,10.78,10.86,10.40,10.42,14749628,166181804
2017-06-02,000960.SZ,10.42,10.68,10.39,10.61,10744777,120189130
2017-06-05,000960.SZ,10.73,10.73,10.61,10.67,9157796,103731613
2017-06-06,000960.SZ,10.60,10.74,10.57,10.70,8872333,100564887
2017-06-07,000960.SZ,10.69,10.98,10.64,10.88,17535280,202093471
2017-06-08,000960.SZ,10.83,10.94,10.81,10.88,13650221,157636650
2017-06-09,000960.SZ,10.90,10.96,10.70,10.82,11303771,129701648
2017-06-12,000960.SZ,10.74,10.80,10.57,10.60,10923785,123891570
2017-06-13,000960.SZ,10.61,11.07,10.58,11.00,24227746,281230313
2017-06-14,000960.SZ,10.97,11.05,10.91,11.03,14664716,171086797
2017-06-15,000960.SZ,10.96,11.13,10.84,11.06,16110532,188865007
2017-06-16,000960.SZ,11.05,11.32,11.03,11.14,20380560,241963596
2017-06-19,000960.SZ,11.13,11.28,11.07,11.24,15148767,180074997
2017-06-20,000960.SZ,11.25,11.34,11.15,11.18,13016477,155217613
2017-06-21,000960.SZ,11.19,11.24,11.06,11.17,10583049,125098052
2017-06-22,000960.SZ,11.20,11.31,10.98,10.99,15123241,179365965
2017-06-23,000960.SZ,10.94,11.29,10.93,11.29,16952837,199779484
2017-06-26,000960.SZ,11.78,12.15,11.66,11.88,50310551,636034806
2017-06-27,000960.SZ,11.76,11.96,11.66,11.95,32164017,402790879
2017-06-28,000960.SZ,11.90,12.81,11.85,12.50,69333445,915505043
2017-06-29,000960.SZ,12.41,12.65,12.34,12.50,40407866,535637175
2017-06-30,000960.SZ,12.59,12.86,12.54,12.82,51448911,694239299
2017-07-03,000960.SZ,12.99,13.04,12.67,12.87,41248871,561620358
2017-07-04,000960.SZ,12.83,13.08,12.62,12.69,44647380,607416211
2017-07-05,000960.SZ,12.62,12.83,12.56,12.82,36169970,489578735
2017-07-06,000960.SZ,12.76,13.16,12.71,13.06,52265251,719336331
2017-07-07,000960.SZ,12.95,13.53,12.85,13.45,61175479,857654992
2017-07-10,000960.SZ,13.47,14.49,13.32,13.68,82892467,1222796906
2017-07-11,000960.SZ,13.70,13.93,13.21,13.34,55907954,805740448
2017-07-12,000960.SZ,13.42,13.79,13.25,13.75,51638899,742572417
2017-07-13,000960.SZ,13.91,14.08,13.56,13.68,51832147,758564611
2017-07-14,000960.SZ,13.55,13.64,13.37,13.45,32072176,459044669
2017-07-17,000960.SZ,13.48,13.54,12.50,12.95,50614695,704505625
2017-07-18,000960.SZ,13.02,13.42,13.02,13.37,41150906,578895753
2017-07-19,000960.SZ,13.50,14.28,13.48,14.15,76980793,1145515743
2017-07-20,000960.SZ,14.15,14.64,14.02,14.19,73550716,1117528296
2017-07-21,000960.SZ,14.08,14.45,13.95,14.16,44312336,669116740
2017-07-24,000960.SZ,14.12,14.40,14.03,14.19,48803945,736111273
2017-07-25,000960.SZ,14.21,14.25,13.79,14.08,41217904,612319243
2017-07-26,000960.SZ,14.25,14.42,14.03,14.15,53664501,811576191
2017-07-27,000960.SZ,14.21,14.40,13.56,14.08,55344944,824000188
2017-07-28,000960.SZ,13.95,14.30,13.80,14.05,50973475,761694638
2017-07-31,000960.SZ,14.06,15.01,14.03,14.92,93208276,1445378564
2017-08-01,000960.SZ,14.70,14.87,14.23,14.31,68328299,1048797923
2017-08-02,000960.SZ,14.22,14.66,14.02,14.10,63550016,966483616
2017-08-03,000960.SZ,14.07,14.48,14.03,14.31,54355750,825731578
2017-08-04,000960.SZ,14.31,14.86,14.03,14.15,68292607,1051957723
2017-08-07,000960.SZ,14.60,14.74,13.89,14.61,58952631,900192271
2017-08-08,000960.SZ,14.54,15.19,14.44,14.74,77860793,1223242072
2017-08-09,000960.SZ,14.88,15.00,14.36,14.99,74045053,1158617215
2017-08-10,000960.SZ,14.78,14.78,14.22,14.36,47477639,734135867
2017-08-11,000960.SZ,14.12,14.12,12.93,13.00,75692957,1080619618
2017-08-14,000960.SZ,12.99,13.34,12.93,13.21,32757334,457523572
2017-08-15,000960.SZ,13.18,13.32,13.00,13.13,22156576,309258335
2017-08-16,000960.SZ,13.02,13.16,12.69,12.96,27119695,371865203
2017-08-17,000960.SZ,13.47,13.61,13.22,13.31,42006943,597213930
2017-08-18,000960.SZ,13.08,13.28,12.95,13.23,20258773,281964140
2017-08-21,000960.SZ,13.22,13.49,13.15,13.46,25241196,358765149
2017-08-22,000960.SZ,13.39,13.58,13.28,13.42,21086441,300463144
2017-08-23,000960.SZ,13.25,13.25,12.95,12.99,24995210,346825762
2017-08-24,000960.SZ,13.00,13.15,12.96,13.04,11234019,155573752
2017-08-25,000960.SZ,13.12,13.49,13.07,13.36,26196737,370960929
2017-08-28,000960.SZ,13.31,13.63,13.23,13.56,27705884,396864435
2017-08-29,000960.SZ,13.55,13.85,13.46,13.49,26329319,382089703
2017-08-30,000960.SZ,13.43,13.94,13.43,13.84,38232802,559002440
2017-08-31,000960.SZ,13.91,14.29,13.84,14.08,47015062,700620292
2017-09-01,000960.SZ,14.05,14.56,14.03,14.32,56546737,861508605
2017-09-04,000960.SZ,14.50,14.95,14.41,14.46,56563688,878596429
2017-09-05,000960.SZ,14.52,14.67,14.26,14.51,43044844,661705332
2017-09-06,000960.SZ,14.27,14.68,14.14,14.36,33417861,511905615
2017-09-07,000960.SZ,14.37,14.52,14.02,14.05,30943652,468182410
2017-09-08,000960.SZ,14.12,14.51,14.12,14.32,42579205,649600508
2017-09-11,000960.SZ,14.31,14.76,14.15,14.74,39876606,614491298
2017-09-12,000960.SZ,14.76,14.92,14.38,14.41,50514093,786646763
2017-09-13,000960.SZ,14.44,14.54,14.18,14.46,28775196,438420148
2017-09-14,000960.SZ,14.35,14.46,14.12,14.20,26115458,394952001
2017-09-15,000960.SZ,14.20,14.29,13.55,13.61,41148615,607370574
2017-09-18,000960.SZ,13.62,13.95,13.54,13.91,22741620,333353038
2017-09-19,000960.SZ,13.98,14.08,13.65,13.76,15376149,226154682
2017-09-20,000960.SZ,13.81,14.92,13.76,14.79,67368763,1035522508
2017-09-21,000960.SZ,14.70,14.74,14.23,14.23,43175495,663168036
2017-09-22,000960.SZ,14.11,14.13,13.71,13.86,31100457,459748708
2017-09-25,000960.SZ,13.91,14.22,13.67,13.70,25383650,375208413
2017-09-26,000960.SZ,13.91,14.44,13.89,14.44,49101827,741555387
2017-09-27,000960.SZ,14.36,14.59,14.22,14.49,42902215,657805149
2017-09-28,000960.SZ,14.51,14.95,14.36,14.76,59395449,926615663
2017-09-29,000960.SZ,14.74,15.04,14.65,14.78,52013699,819903827
2017-10-09,000960.SZ,14.87,15.32,14.66,15.08,58973580,938716803
2017-10-10,000960.SZ,14.97,15.01,14.39,14.47,51099635,794844896
2017-10-11,000960.SZ,14.55,14.64,14.27,14.46,31623903,486339522
2017-10-12,000960.SZ,14.45,14.45,13.88,14.20,48760495,730175854
2017-10-13,000960.SZ,14.12,14.20,14.07,14.14,19098382,286611198
2017-10-16,000960.SZ,14.17,14.55,13.89,14.39,42190823,636606779
2017-10-17,000960.SZ,14.16,14.18,13.71,13.80,36798735,544078737
2017-10-18,000960.SZ,13.73,13.94,13.40,13.43,28727224,417401122
2017-10-19,000960.SZ,13.38,13.52,13.18,13.25,21345282,302141623
2017-10-20,000960.SZ,13.25,13.54,13.19,13.48,13863272,197886114
2017-10-23,000960.SZ,13.47,13.50,13.28,13.44,13442710,191483351
2017-10-24,000960.SZ,13.48,13.69,13.43,13.53,15995979,230043269
2017-10-25,000960.SZ,13.56,13.68,13.45,13.66,13296095,191902090
2017-10-26,000960.SZ,13.57,13.83,13.47,13.75,21107100,306972001
2017-10-27,000960.SZ,13.72,13.73,13.26,13.32,20464827,292412554
2017-10-30,000960.SZ,13.32,13.38,12.81,12.96,20895844,288714488
2017-10-31,000960.SZ,12.95,13.10,12.88,13.06,11693395,161381688
2017-11-01,000960.SZ,13.15,13.23,13.05,13.11,12310265,171905487
2017-11-02,000960.SZ,13.13,13.24,13.01,13.17,12798619,178534762
2017-11-03,000960.SZ,13.09,13.46,13.08,13.34,28042023,395920791
2017-11-06,000960.SZ,13.51,13.79,13.36,13.61,28223209,407147499
2017-11-07,000960.SZ,13.52,13.67,13.32,13.53,21033910,301349807
2017-11-08,000960.SZ,13.41,13.55,13.32,13.33,16311243,232642698
2017-11-09,000960.SZ,13.33,13.51,13.30,13.34,12658580,179823103
2017-11-10,000960.SZ,13.37,13.42,13.19,13.20,17307498,244632472
2017-11-13,000960.SZ,13.22,13.35,13.04,13.35,17675294,247737512
2017-11-14,000960.SZ,13.38,13.47,13.23,13.43,20099679,285443152
2017-11-15,000960.SZ,13.24,13.26,12.61,12.66,30934846,423661477
2017-11-16,000960.SZ,12.57,12.65,12.35,12.37,17317081,229662858
2017-11-17,000960.SZ,12.34,12.45,11.70,11.77,23478935,300071667
2017-11-20,000960.SZ,11.70,12.09,11.50,12.03,16846809,211610581
2017-11-21,000960.SZ,11.95,12.07,11.83,11.97,10256332,130011125
2017-11-22,000960.SZ,12.03,12.11,11.91,12.00,11660564,148835830
2017-11-23,000960.SZ,12.02,12.35,11.77,11.84,16435185,211448764
2017-11-24,000960.SZ,11.71,12.23,11.68,12.19,13072457,166815643
2017-11-27,000960.SZ,12.12,12.31,11.92,11.93,12259449,157991596
2017-11-28,000960.SZ,11.91,12.17,11.90,12.15,7614128,97435104
2017-11-29,000960.SZ,12.10,12.60,12.09,12.48,22665487,298895889
2017-11-30,000960.SZ,12.40,12.57,12.25,12.34,11455312,150798238
2017-12-01,000960.SZ,12.34,12.37,11.93,12.18,14726715,189647927
2017-12-04,000960.SZ,12.22,12.50,12.03,12.08,15336947,199977422
2017-12-05,000960.SZ,11.96,12.02,11.53,11.59,17255822,215119330
2017-12-06,000960.SZ,11.45,11.71,11.33,11.68,9992944,122234492
2017-12-07,000960.SZ,11.60,11.71,11.47,11.47,9083999,112053245
2017-12-08,000960.SZ,11.49,11.70,11.42,11.60,8158739,100544141
2017-12-11,000960.SZ,11.63,11.77,11.53,11.72,10424682,128758513
2017-12-12,000960.SZ,11.66,11.74,11.52,11.52,10941039,135276860
2017-12-13,000960.SZ,11.51,11.63,11.44,11.61,9097625,111423958
2017-12-14,000960.SZ,11.57,11.64,11.44,11.50,9230382,113103556
2017-12-15,000960.SZ,11.51,11.53,11.36,11.45,7842778,95204695
2017-12-18,000960.SZ,11.51,11.69,11.49,11.68,8952994,110116434
2017-12-19,000960.SZ,11.67,11.70,11.59,11.67,6803862,84177821
2017-12-20,000960.SZ,11.65,11.68,11.37,11.46,8895042,108550230
2017-12-21,000960.SZ,11.51,11.66,11.41,11.59,9472165,116378757
2017-12-22,000960.SZ,11.59,11.76,11.51,11.57,10468130,129568348
2017-12-25,000960.SZ,11.66,11.73,11.55,11.56,10063092,124381829
2017-12-26,000960.SZ,11.53,11.90,11.44,11.89,16709485,207538737
2017-12-27,000960.SZ,11.86,12.19,11.80,11.94,21565164,275193747
2017-12-28,000960.SZ,11.98,12.48,11.97,12.29,31604426,411721856
2017-12-29,000960.SZ,12.37,12.47,12.24,12.43,19792395,259709217
2018-01-02,000960.SZ,12.48,12.58,12.36,12.45,22826647,301578298
2018-01-03,000960.SZ,12.38,12.58,12.34,12.40,21970867,290573218
2018-01-04,000960.SZ,12.33,12.57,12.31,12.56,20609837,272585632
2018-01-05,000960.SZ,12.50,12.66,12.36,12.49,18603632,246255190
2018-01-08,000960.SZ,12.43,12.88,12.32,12.72,27202821,366231590
2018-01-09,000960.SZ,12.75,12.88,12.61,12.83,23049539,312354621
2018-01-10,000960.SZ,12.77,12.94,12.59,12.66,20717736,280445645
2018-01-11,000960.SZ,12.64,12.83,12.55,12.63,14162935,190414684
2018-01-12,000960.SZ,12.69,12.86,12.62,12.65,20508231,277665160
2018-01-15,000960.SZ,12.66,12.74,12.14,12.27,21798616,287406389
2018-01-16,000960.SZ,12.24,12.40,12.17,12.30,15003972,195745852
2018-01-17,000960.SZ,12.34,12.56,12.05,12.38,19600838,257179078
2018-01-18,000960.SZ,12.53,12.69,12.43,12.54,18209305,243248267
2018-01-19,000960.SZ,12.48,12.78,12.38,12.77,20890960,279322438
2018-01-22,000960.SZ,12.79,13.43,12.79,13.32,47210552,659351931
2018-01-23,000960.SZ,13.51,14.66,13.51,14.66,94000073,1415677327
2018-01-24,000960.SZ,14.83,14.83,14.24,14.51,67879061,1043106914
2018-01-25,000960.SZ,14.90,15.30,14.59,14.61,90708740,1439967872
2018-01-26,000960.SZ,14.55,15.09,14.36,14.67,51539288,807427862
2018-01-29,000960.SZ,15.36,15.82,15.14,15.51,90065498,1484205968
2018-01-30,000960.SZ,15.39,16.05,14.85,14.96,89351151,1467981662
2018-01-31,000960.SZ,14.65,15.27,14.46,15.09,59567927,942672984
2018-02-01,000960.SZ,14.93,15.31,14.27,14.45,64355261,1011023755
2018-02-02,000960.SZ,14.32,15.79,14.32,15.46,69969320,1108385575
2018-02-05,000960.SZ,15.17,15.89,15.10,15.70,67512392,1108315044
2018-02-06,000960.SZ,15.25,15.70,14.65,14.78,66502599,1073791464
2018-02-07,000960.SZ,15.30,15.69,14.57,14.61,67247734,1088528145
2018-02-08,000960.SZ,14.06,14.40,13.46,13.70,67726846,1001170012
2018-02-09,000960.SZ,13.24,13.44,12.38,12.65,64558798,885979948
2018-02-12,000960.SZ,12.69,12.99,12.59,12.80,34321259,466606545
2018-02-13,000960.SZ,12.92,13.28,12.86,13.25,36515374,506798143
2018-02-14,000960.SZ,13.53,13.98,13.26,13.75,41180503,596204652
2018-02-22,000960.SZ,13.65,14.20,13.55,13.93,34187014,505331207
2018-02-23,000960.SZ,13.87,14.18,13.70,13.98,26094263,385891011
2018-02-26,000960.SZ,13.95,14.46,13.92,14.25,30460017,458552472
2018-02-27,000960.SZ,14.12,14.21,13.75,13.77,32896278,485999029
2018-02-28,000960.SZ,13.76,14.55,13.60,14.33,41862249,628240189
2018-03-01,000960.SZ,14.10,14.22,13.82,13.95,37825184,563080375
2018-03-02,000960.SZ,13.75,13.93,13.45,13.45,33496601,485867257
2018-03-05,000960.SZ,13.47,13.79,13.40,13.47,24066662,347613523
2018-03-06,000960.SZ,13.60,14.48,13.49,14.30,53596715,801199444
2018-03-07,000960.SZ,14.19,14.36,13.85,13.88,33860742,506774907
2018-03-08,000960.SZ,13.91,14.46,13.90,14.44,44502337,676084451
2018-03-09,000960.SZ,14.41,14.59,14.20,14.53,43065045,659548236
2018-03-12,000960.SZ,14.58,14.91,14.38,14.61,45587139,710223276
2018-03-13,000960.SZ,14.60,14.60,14.23,14.26,32021500,488528697
2018-03-14,000960.SZ,14.12,14.50,14.12,14.26,25525224,388438371
2018-03-15,000960.SZ,14.13,14.18,13.65,13.86,28180852,416392741
2018-03-16,000960.SZ,13.81,13.95,13.54,13.61,21806794,317555183
2018-03-19,000960.SZ,13.55,13.74,13.42,13.65,17951850,258864814
2018-03-20,000960.SZ,13.47,13.63,13.22,13.43,21655404,307472240
2018-03-21,000960.SZ,13.36,13.67,13.24,13.28,21195500,303810059
2018-03-22,000960.SZ,13.44,13.67,13.39,13.44,16567504,237689711
2018-03-23,000960.SZ,12.71,12.84,12.09,12.11,48897180,646395451
2018-03-26,000960.SZ,11.86,12.30,11.74,12.25,25720867,329301748
2018-03-27,000960.SZ,12.48,12.54,12.34,12.46,24883417,328464617
2018-03-28,000960.SZ,12.25,12.37,12.09,12.23,20402674,265174995
2018-03-29,000960.SZ,12.23,12.68,12.23,12.60,20052923,265752576
2018-03-30,000960.SZ,12.66,12.70,12.46,12.69,21283845,284348481
2018-04-02,000960.SZ,12.79,12.94,12.62,12.78,24794883,336457254
2018-04-03,000960.SZ,12.52,12.72,12.45,12.62,14657150,195695509
2018-04-04,000960.SZ,12.66,12.71,12.24,12.30,15218019,201337887
2018-04-09,000960.SZ,12.24,12.69,12.16,12.40,14450190,190158019
2018-04-10,000960.SZ,12.49,12.76,12.42,12.69,20223938,270861839
2018-04-11,000960.SZ,12.71,12.80,12.59,12.69,16491845,221707169
2018-04-12,000960.SZ,12.62,12.64,12.32,12.34,14428840,190826362
2018-04-13,000960.SZ,12.42,12.55,12.35,12.40,9481234,125312432
2018-04-16,000960.SZ,12.39,12.66,12.36,12.63,20118600,268146914
2018-04-17,000960.SZ,12.71,12.78,12.47,12.55,18845670,253098404
2018-04-18,000960.SZ,12.71,13.27,12.55,13.21,36785850,503954321
2018-04-19,000960.SZ,13.35,13.62,13.21,13.49,33582612,478760267
2018-04-20,000960.SZ,13.33,13.38,12.93,13.04,20442199,285756018
2018-04-23,000960.SZ,12.97,13.33,12.97,13.21,13991876,195659281
2018-04-24,000960.SZ,13.00,13.33,12.97,13.33,16825454,236142854
2018-04-25,000960.SZ,13.19,13.23,12.90,12.95,16704328,231449554
2018-04-26,000960.SZ,13.01,13.09,12.48,12.50,16445600,223276829
2018-04-27,000960.SZ,12.62,13.00,12.61,12.98,15996070,217841319
2018-05-02,000960.SZ,13.00,13.15,12.92,13.00,11804862,163343969
2018-05-03,000960.SZ,12.95,13.39,12.83,13.31,17794679,248915876
2018-05-04,000960.SZ,13.28,13.37,13.12,13.17,12914178,181631042
2018-05-07,000960.SZ,13.19,13.43,13.12,13.33,14309821,202292659
2018-05-08,000960.SZ,13.19,13.31,13.14,13.26,14137366,198603232
2018-05-09,000960.SZ,13.25,13.25,13.02,13.18,12400636,172829585
2018-05-10,000960.SZ,13.21,13.67,13.21,13.67,33595865,483081204
2018-05-11,000960.SZ,13.58,13.88,13.44,13.70,29266600,424814439
2018-05-14,000960.SZ,13.75,13.88,13.57,13.66,19696101,287190250
2018-05-15,000960.SZ,13.66,13.68,13.39,13.63,15060529,216018421
2018-05-16,000960.SZ,13.58,13.80,13.45,13.72,16594568,240864055
2018-05-17,000960.SZ,13.73,13.80,13.54,13.73,12350457,179524445
2018-05-18,000960.SZ,13.63,13.70,13.34,13.50,17765881,254669001
2018-05-21,000960.SZ,13.65,13.99,13.63,13.93,22156556,325932895
2018-05-22,000960.SZ,13.93,14.18,13.76,14.14,20726095,306868412
2018-05-23,000960.SZ,14.03,14.08,13.75,13.76,20653242,305172004
2018-05-24,000960.SZ,13.77,13.99,13.68,13.82,14659296,215264831
2018-05-25,000960.SZ,13.78,13.79,13.48,13.51,12552071,181287244
2018-05-28,000960.SZ,13.66,14.22,13.66,14.11,30188982,448889243
2018-05-29,000960.SZ,14.36,14.92,14.24,14.68,54468105,849028791
2018-05-30,000960.SZ,14.45,14.77,14.06,14.14,39797285,608998530
2018-05-31,000960.SZ,14.48,14.74,14.23,14.58,33611893,516333590
2018-06-01,000960.SZ,14.60,15.11,14.31,14.39,39935309,625844717
2018-06-04,000960.SZ,14.43,14.87,13.94,14.05,36443912,555997465
2018-06-05,000960.SZ,14.03,14.45,13.92,14.43,26048516,390978304
2018-06-06,000960.SZ,14.42,14.74,14.25,14.42,20432400,314229510
2018-06-07,000960.SZ,14.59,14.69,14.29,14.55,21593611,333258418
2018-06-08,000960.SZ,14.44,14.44,13.32,13.48,46761573,681290625
2018-06-11,000960.SZ,13.47,13.71,13.25,13.38,21342998,304742773
2018-06-12,000960.SZ,13.37,13.37,12.54,12.95,33089034,451335825
2018-06-13,000960.SZ,12.79,13.06,12.64,12.66,19104437,260040295
2018-06-14,000960.SZ,12.62,12.88,12.58,12.71,13244479,179270657
2018-06-15,000960.SZ,12.71,12.75,12.19,12.37,19532758,257007549
2018-06-19,000960.SZ,12.10,12.10,11.14,11.25,30884223,379871113
2018-06-20,000960.SZ,11.26,11.33,10.69,11.19,32932345,386048690
2018-06-21,000960.SZ,11.21,11.52,10.97,11.00,23612238,281531998
2018-06-22,000960.SZ,10.92,11.26,10.64,11.24,13993590,164734998
2018-06-25,000960.SZ,11.34,11.64,11.27,11.31,22571124,274316837
2018-06-26,000960.SZ,11.06,11.43,11.00,11.34,12966321,154478370
2018-06-27,000960.SZ,11.34,11.37,11.13,11.23,12343538,147415698
2018-06-28,000960.SZ,11.20,11.26,10.85,10.93,15739476,185409492
2018-06-29,000960.SZ,10.93,11.35,10.89,11.31,15092025,178979831
2018-07-02,000960.SZ,11.28,11.52,11.02,11.14,14310985,171980749
2018-07-03,000960.SZ,11.13,11.37,10.93,11.35,12076762,143352203
2018-07-04,000960.SZ,11.21,11.27,10.94,11.05,11128422,131196211
2018-07-05,000960.SZ,11.02,11.06,10.41,10.44,17731791,201860313
2018-07-06,000960.SZ,10.41,10.74,10.25,10.58,12919783,144375402
2018-07-09,000960.SZ,10.65,10.84,10.63,10.76,11574439,131890695
2018-07-10,000960.SZ,10.81,10.95,10.74,10.89,10059559,116079111
2018-07-11,000960.SZ,10.59,10.59,9.80,9.80,37067080,399387721
2018-07-12,000960.SZ,9.75,10.30,9.73,10.23,28508627,303145374
2018-07-13,000960.SZ,10.29,10.68,10.29,10.61,22944581,256093742
2018-07-16,000960.SZ,10.69,10.73,10.50,10.58,10471592,117675278
2018-07-17,000960.SZ,10.51,10.59,10.39,10.55,10273914,114601446
2018-07-18,000960.SZ,10.56,10.67,10.20,10.24,13617151,150812657
2018-07-19,000960.SZ,10.36,10.43,10.09,10.35,9710940,106029108
2018-07-20,000960.SZ,10.26,10.41,10.04,10.34,14551307,157867847
2018-07-23,000960.SZ,10.32,10.66,10.19,10.64,16741351,185916285
2018-07-24,000960.SZ,10.57,11.05,10.57,10.89,23704609,273486535
2018-07-25,000960.SZ,11.02,11.05,10.78,10.89,18224919,210948866
2018-07-26,000960.SZ,10.92,10.94,10.74,10.82,11755824,135194349
2018-07-27,000960.SZ,10.83,10.84,10.60,10.79,12255344,139600411
2018-07-30,000960.SZ,10.85,11.15,10.72,10.81,17926523,207702019
2018-07-31,000960.SZ,10.85,10.88,10.61,10.73,11087021,126246595
2018-08-01,000960.SZ,10.75,10.81,10.26,10.36,13770769,154510461
2018-08-02,000960.SZ,10.22,10.31,9.76,10.20,18545368,197621858
2018-08-03,000960.SZ,10.17,10.32,10.10,10.12,11308883,122631449
2018-08-06,000960.SZ,10.08,10.15,9.65,9.71,18109631,189215567
2018-08-07,000960.SZ,9.75,10.29,9.71,10.27,15929481,169588579
2018-08-08,000960.SZ,10.21,10.34,10.08,10.13,10150741,110178118
2018-08-09,000960.SZ,10.12,10.42,10.12,10.26,11427533,125136461
2018-08-10,000960.SZ,10.22,10.45,10.19,10.38,11287915,123600820
2018-08-13,000960.SZ,10.22,10.34,9.98,10.23,11219083,120962672
2018-08-14,000960.SZ,10.14,10.33,10.07,10.26,10834122,117442682
2018-08-15,000960.SZ,10.20,10.22,9.92,9.96,13097330,139467521
2018-08-16,000960.SZ,9.75,9.89,9.52,9.77,12775045,131975416
2018-08-17,000960.SZ,9.78,9.93,9.53,9.59,11734754,121297658
2018-08-20,000960.SZ,9.63,9.76,9.46,9.74,10035036,102560798
2018-08-21,000960.SZ,9.73,9.88,9.67,9.80,10234101,106363596
2018-08-22,000960.SZ,9.83,9.90,9.70,9.75,7673092,79889323
2018-08-23,000960.SZ,9.74,9.83,9.63,9.75,7550161,78177374
2018-08-24,000960.SZ,9.73,9.80,9.62,9.71,8389457,86539676
2018-08-27,000960.SZ,9.74,9.96,9.74,9.95,11759268,123239628
2018-08-28,000960.SZ,9.94,10.27,9.92,10.23,20230552,217665982
2018-08-29,000960.SZ,10.12,10.24,10.03,10.08,12379018,133285680
2018-08-30,000960.SZ,10.08,10.18,9.93,9.94,6903170,73535536
2018-08-31,000960.SZ,9.97,10.02,9.72,9.73,8530572,89211553
2018-09-03,000960.SZ,9.69,9.76,9.32,9.47,21112328,212407231
2018-09-04,000960.SZ,9.45,9.66,9.44,9.63,10304892,104631522
2018-09-05,000960.SZ,9.61,9.63,9.45,9.45,7880049,79772333
2018-09-06,000960.SZ,9.40,9.53,9.29,9.33,11665695,116458950
2018-09-07,000960.SZ,9.39,9.50,9.31,9.36,8633807,86227417
2018-09-10,000960.SZ,9.35,9.36,9.15,9.16,9243106,90707974
2018-09-11,000960.SZ,9.14,9.21,9.05,9.11,8304431,80437150
2018-09-12,000960.SZ,9.13,9.26,9.07,9.17,5978457,58155246
2018-09-13,000960.SZ,9.28,9.32,9.18,9.31,7408536,72833924
2018-09-14,000960.SZ,9.33,9.44,9.24,9.24,7755497,76822857
2018-09-17,000960.SZ,9.25,9.25,9.03,9.08,6207848,60067624
2018-09-18,000960.SZ,9.04,9.28,9.01,9.28,8225837,80031051
2018-09-19,000960.SZ,9.28,9.48,9.24,9.42,13674421,136219424
2018-09-20,000960.SZ,9.42,9.62,9.39,9.44,12450868,125570525
2018-09-21,000960.SZ,9.51,9.83,9.44,9.75,17480596,178875916
2018-09-25,000960.SZ,9.67,9.76,9.58,9.66,10805471,110925144
2018-09-26,000960.SZ,9.66,9.80,9.60,9.68,11486587,118554462
2018-09-27,000960.SZ,9.68,9.92,9.67,9.75,14486901,150779355
2018-09-28,000960.SZ,9.85,9.93,9.76,9.90,13070144,136874288
2018-10-08,000960.SZ,9.71,9.85,9.50,9.56,13648597,140511155
2018-10-09,000960.SZ,9.56,9.82,9.56,9.76,12186284,125836053
2018-10-10,000960.SZ,9.80,9.93,9.60,9.65,10875666,112434164
2018-10-11,000960.SZ,9.32,9.44,8.79,8.90,21549113,208156286
2018-10-12,000960.SZ,8.95,9.11,8.72,9.07,12874431,122286683
2018-10-15,000960.SZ,9.03,9.08,8.74,8.77,11160044,105770021
2018-10-16,000960.SZ,8.81,8.92,8.53,8.58,11866280,109516779
2018-10-17,000960.SZ,8.67,8.71,8.36,8.63,10347322,94251924
2018-10-18,000960.SZ,8.60,8.60,8.27,8.28,11993675,106449432
2018-10-19,000960.SZ,8.17,8.47,8.08,8.45,10492373,92568513
2018-10-22,000960.SZ,8.53,8.99,8.49,8.96,18265140,170781058
2018-10-23,000960.SZ,9.00,9.01,8.88,8.92,13887807,131888090
2018-10-24,000960.SZ,8.91,9.21,8.90,9.09,14294953,137477954
2018-10-25,000960.SZ,8.79,9.17,8.79,9.14,12158733,115957949
2018-10-26,000960.SZ,9.21,9.34,9.06,9.07,13406553,130862113
2018-10-29,000960.SZ,9.05,9.26,9.03,9.08,11886925,115408380
2018-10-30,000960.SZ,9.04,9.28,8.93,9.17,11347384,109922547
2018-10-31,000960.SZ,9.18,9.56,9.10,9.43,19613768,195113107
2018-11-01,000960.SZ,9.42,9.53,9.36,9.43,16158237,162238914
2018-11-02,000960.SZ,9.61,9.81,9.39,9.73,22858567,232778317
2018-11-05,000960.SZ,9.65,9.74,9.45,9.62,13961354,142398593
2018-11-06,000960.SZ,9.54,9.71,9.49,9.65,10011814,102360754
2018-11-07,000960.SZ,9.67,10.11,9.66,9.73,20646240,216609641
2018-11-08,000960.SZ,9.75,9.96,9.60,9.64,14479796,150097296
2018-11-09,000960.SZ,9.72,10.13,9.62,10.01,25898876,273358498
2018-11-12,000960.SZ,10.05,10.55,9.81,10.52,31151334,337881231
2018-11-13,000960.SZ,10.31,10.66,10.26,10.42,27786021,309881049
2018-11-14,000960.SZ,10.37,10.60,10.37,10.53,14879635,165847163
2018-11-15,000960.SZ,10.78,11.02,10.63,10.85,24979038,287217729
2018-11-16,000960.SZ,10.88,10.91,10.64,10.69,18356551,209382171
2018-11-19,000960.SZ,10.69,10.90,10.55,10.75,16347272,185948040
2018-11-20,000960.SZ,10.72,10.73,10.22,10.24,21004246,233235549
2018-11-21,000960.SZ,10.08,10.24,9.93,10.24,23332423,249477181
2018-11-22,000960.SZ,10.17,10.24,9.80,10.03,16494004,175712879
2018-11-23,000960.SZ,9.98,10.03,9.52,9.52,20129823,208182347
2018-11-26,000960.SZ,9.51,9.65,9.33,9.39,17364570,174378451
2018-11-27,000960.SZ,9.44,9.54,9.36,9.44,10517034,105544600
2018-11-28,000960.SZ,9.39,9.50,9.05,9.48,23656340,232185907
2018-11-29,000960.SZ,9.56,9.75,9.35,9.35,23333541,236588391
2018-11-30,000960.SZ,9.35,9.48,9.20,9.43,12133976,120502923
2018-12-03,000960.SZ,9.73,9.78,9.57,9.69,21650557,222766992
2018-12-04,000960.SZ,9.68,9.72,9.57,9.69,13244341,135640185
2018-12-05,000960.SZ,9.53,9.84,9.47,9.63,17593365,180527329
2018-12-06,000960.SZ,9.56,9.59,9.37,9.38,12846468,129237477
2018-12-07,000960.SZ,9.42,9.51,9.38,9.47,6983900,70107083
2018-12-10,000960.SZ,9.38,9.44,9.20,9.33,10715804,105871208
2018-12-11,000960.SZ,9.37,9.51,9.33,9.50,8077600,80720230
2018-12-12,000960.SZ,9.57,9.60,9.40,9.44,7492991,75419069
2018-12-13,000960.SZ,9.43,9.68,9.42,9.58,10192958,103546975
2018-12-14,000960.SZ,9.56,9.60,9.31,9.34,9694223,97394548
2018-12-17,000960.SZ,9.34,9.64,9.27,9.60,15152273,153004155
2018-12-18,000960.SZ,9.51,9.59,9.36,9.46,10125152,101787568
2018-12-19,000960.SZ,9.48,9.52,9.42,9.45,9946770,100041723
2018-12-20,000960.SZ,9.46,9.57,9.38,9.50,9962977,100396204
2018-12-21,000960.SZ,9.48,9.52,9.29,9.39,8557311,85464124
2018-12-24,000960.SZ,9.32,9.41,9.22,9.29,7926486,78398558
2018-12-25,000960.SZ,9.14,9.15,8.85,9.04,14759790,140723767
2018-12-26,000960.SZ,9.05,9.16,9.03,9.08,8069898,77919331
2018-12-27,000960.SZ,9.25,9.28,9.05,9.05,7049997,68513195
2018-12-28,000960.SZ,9.06,9.11,8.96,8.98,6302629,60409647
2019-01-02,000960.SZ,8.99,9.11,8.90,9.04,7798103,74536068
2019-01-03,000960.SZ,9.04,9.21,8.98,9.17,7376341,71514197
2019-01-04,000960.SZ,9.08,9.53,9.06,9.53,14086626,139930697
2019-01-07,000960.SZ,9.59,9.81,9.53,9.69,20474507,209764854
2019-01-08,000960.SZ,9.66,9.67,9.55,9.56,9331245,95218845
2019-01-09,000960.SZ,9.65,9.88,9.60,9.73,17639273,183083532
2019-01-10,000960.SZ,9.73,9.87,9.68,9.73,13227107,137322623
2019-01-11,000960.SZ,9.70,9.85,9.68,9.85,10889612,113178214
2019-01-14,000960.SZ,9.92,10.32,9.91,9.93,21296015,228073358
2019-01-15,000960.SZ,10.02,10.13,9.95,10.12,13756745,146873154
2019-01-16,000960.SZ,10.16,10.22,10.01,10.03,10130664,108544559
2019-01-17,000960.SZ,9.97,10.11,9.86,9.91,13263325,140303095
2019-01-18,000960.SZ,10.01,10.19,9.98,10.07,13722040,146808470
2019-01-21,000960.SZ,10.03,10.16,9.97,10.03,10205305,109153036
2019-01-22,000960.SZ,10.15,10.24,9.89,9.93,12470603,133113220
2019-01-23,000960.SZ,9.79,10.04,9.71,9.98,14467884,152104043
2019-01-24,000960.SZ,10.02,10.15,9.93,10.03,11303091,120691130
2019-01-25,000960.SZ,10.12,10.29,10.03,10.09,14817547,159387802
2019-01-28,000960.SZ,10.05,10.05,9.64,9.67,23526283,244763897
2019-01-29,000960.SZ,9.70,9.75,9.34,9.54,16699103,168871296
2019-01-30,000960.SZ,9.55,9.65,9.48,9.52,9869264,100259030
2019-01-31,000960.SZ,9.54,9.73,9.47,9.60,13792684,140833765
2019-02-01,000960.SZ,9.67,9.84,9.62,9.82,12025350,124752879
2019-02-11,000960.SZ,9.83,10.28,9.83,10.25,24488420,263968405
2019-02-12,000960.SZ,10.18,10.30,10.14,10.28,17735460,192638264
2019-02-13,000960.SZ,10.22,10.59,10.19,10.54,26587109,294069421
2019-02-14,000960.SZ,10.57,10.58,10.33,10.40,19939776,220256579
2019-02-15,000960.SZ,10.35,10.42,10.27,10.30,14267845,156482074
2019-02-18,000960.SZ,10.43,10.57,10.32,10.56,24869613,275995826
2019-02-19,000960.SZ,10.54,10.97,10.47,10.73,35771373,405718513
2019-02-20,000960.SZ,10.75,10.99,10.62,10.72,29433798,337094009
2019-02-21,000960.SZ,10.77,10.88,10.57,10.63,26419250,301420539
2019-02-22,000960.SZ,10.71,10.76,10.50,10.76,20884998,236215184
2019-02-25,000960.SZ,11.45,11.84,11.10,11.84,57081516,697411125
2019-02-26,000960.SZ,12.15,12.56,11.95,12.17,63524260,828020724
2019-02-27,000960.SZ,11.95,12.20,11.72,11.83,36581981,466452230
2019-02-28,000960.SZ,11.94,12.00,11.68,11.75,20056861,251388432
2019-03-01,000960.SZ,11.86,11.90,11.45,11.71,28316520,349452059
2019-03-04,000960.SZ,11.85,12.15,11.69,11.82,42893783,542820409
2019-03-05,000960.SZ,11.70,12.02,11.61,12.00,33811608,422514692
2019-03-06,000960.SZ,12.01,12.32,11.85,12.18,49421871,633459534
2019-03-07,000960.SZ,12.02,12.66,11.85,12.19,53334480,694376102
2019-03-08,000960.SZ,11.77,11.79,11.27,11.29,49902917,612334275
2019-03-11,000960.SZ,11.33,11.57,11.29,11.55,28319798,344186806
2019-03-12,000960.SZ,11.54,11.74,11.39,11.56,34404106,423021459
2019-03-13,000960.SZ,11.63,11.72,11.28,11.37,27608231,338162731
2019-03-14,000960.SZ,11.22,11.56,11.01,11.16,22815223,272441258
2019-03-15,000960.SZ,11.18,11.38,11.13,11.32,20609455,246205852
2019-03-18,000960.SZ,11.41,11.61,11.38,11.59,27150870,331370705
2019-03-19,000960.SZ,11.58,11.62,11.35,11.49,24783077,301642873
2019-03-20,000960.SZ,11.53,11.60,11.33,11.58,24448062,298204946
2019-03-21,000960.SZ,11.62,11.78,11.51,11.67,31962639,395253132
2019-03-22,000960.SZ,11.62,11.65,11.30,11.50,22395103,272557374
2019-03-25,000960.SZ,11.24,11.37,11.13,11.14,24943737,297935635
2019-03-26,000960.SZ,11.21,11.24,10.80,10.89,24395846,284614964
2019-03-27,000960.SZ,10.99,11.05,10.89,10.99,17392315,202937177
2019-03-28,000960.SZ,10.91,11.04,10.80,10.89,14254457,165664758
2019-03-29,000960.SZ,11.01,11.37,10.94,11.37,24878520,295967787
2019-04-01,000960.SZ,11.58,12.44,11.58,12.33,63118482,809517699
2019-04-02,000960.SZ,12.27,12.43,12.05,12.22,43892408,568035980
2019-04-03,000960.SZ,12.12,12.28,12.04,12.23,32540546,420195732
2019-04-04,000960.SZ,12.30,12.50,12.08,12.22,36588264,476641388
2019-04-08,000960.SZ,12.22,12.71,12.08,12.29,50723592,665817468
2019-04-09,000960.SZ,12.24,12.24,11.86,12.01,34048224,433348384
2019-04-10,000960.SZ,11.95,12.02,11.73,11.85,25116520,316676828
2019-04-11,000960.SZ,12.01,12.15,11.71,11.71,33745688,427665206
2019-04-12,000960.SZ,11.63,11.81,11.48,11.63,22373548,276047606
2019-04-15,000960.SZ,11.97,12.17,11.58,11.64,29269702,369621097
2019-04-16,000960.SZ,11.50,12.19,11.49,12.15,42056246,535515446
2019-04-17,000960.SZ,12.02,12.10,11.90,11.97,27281477,347765435
2019-04-18,000960.SZ,11.92,12.41,11.92,11.98,38559138,496793162
2019-04-19,000960.SZ,12.04,12.08,11.70,12.06,24025086,303642479
2019-04-22,000960.SZ,12.06,12.09,11.61,11.68,23638477,297426121
2019-04-23,000960.SZ,11.72,11.86,11.54,11.63,19327452,240105890
2019-04-24,000960.SZ,11.61,11.70,11.39,11.68,17463268,214916470
2019-04-25,000960.SZ,11.63,11.70,11.22,11.27,20634501,251491647
2019-04-26,000960.SZ,11.21,11.28,10.96,10.97,18603862,219771082
2019-04-29,000960.SZ,11.12,11.21,10.85,10.96,16949198,198949935
2019-04-30,000960.SZ,10.96,11.26,10.93,11.17,13646068,161149181
2019-05-06,000960.SZ,10.48,10.80,10.06,10.14,26506478,294014834
2019-05-07,000960.SZ,10.24,10.39,10.08,10.24,16849848,182975272
2019-05-08,000960.SZ,9.98,10.24,9.79,10.09,11580019,124168846
2019-05-09,000960.SZ,9.96,10.07,9.85,9.88,13474919,142460366
2019-05-10,000960.SZ,10.00,10.22,9.79,10.22,15989582,171059281
2019-05-13,000960.SZ,10.08,10.13,9.91,10.01,11212829,119353383
2019-05-14,000960.SZ,9.91,10.06,9.85,9.92,11918463,125971734
2019-05-15,000960.SZ,9.99,10.12,9.99,10.08,10357949,110540335
2019-05-16,000960.SZ,10.08,10.53,10.07,10.42,23159354,255048470
2019-05-17,000960.SZ,10.43,10.43,9.85,9.93,22076472,236613329
2019-05-20,000960.SZ,9.87,9.97,9.63,9.92,14606431,152119726
2019-05-21,000960.SZ,9.88,10.44,9.83,10.32,24316119,263259641
2019-05-22,000960.SZ,10.26,10.38,10.10,10.14,15968003,173344651
2019-05-23,000960.SZ,10.08,10.23,9.87,9.95,13061593,139275164
2019-05-24,000960.SZ,9.91,10.15,9.87,9.90,12208740,129403519
2019-05-27,000960.SZ,9.94,10.89,9.87,10.51,30387459,335984187
2019-05-28,000960.SZ,10.54,10.60,10.34,10.40,15593728,173188575
2019-05-29,000960.SZ,10.43,10.77,10.41,10.61,23045830,259628835
2019-05-30,000960.SZ,10.48,10.95,10.35,10.87,32646177,371119117
2019-05-31,000960.SZ,10.73,11.02,10.64,10.72,25529254,292511173
2019-06-03,000960.SZ,10.64,10.68,10.34,10.44,18456631,205402500
2019-06-04,000960.SZ,10.42,10.57,10.20,10.26,13145032,144710338
2019-06-05,000960.SZ,10.41,10.45,10.25,10.26,11017355,121085175
2019-06-06,000960.SZ,10.25,10.44,10.08,10.18,12362152,134883875
2019-06-10,000960.SZ,10.27,10.59,10.16,10.58,19526869,215917365
2019-06-11,000960.SZ,10.52,10.96,10.51,10.85,29595080,338484915
2019-06-12,000960.SZ,10.83,11.14,10.72,10.76,35749384,415513837
2019-06-13,000960.SZ,10.76,10.96,10.73,10.78,19133985,220088967
2019-06-14,000960.SZ,10.77,10.94,10.58,10.60,20824452,237232638
2019-06-17,000960.SZ,10.88,11.37,10.83,11.09,45597467,538013044
2019-06-18,000960.SZ,11.04,11.10,10.68,10.81,22881872,264062052
2019-06-19,000960.SZ,10.97,11.16,10.79,10.84,22296216,259535426
2019-06-20,000960.SZ,10.80,11.06,10.65,11.02,27726503,320797029
2019-06-21,000960.SZ,11.02,11.22,10.93,11.09,27428459,323076594
2019-06-24,000960.SZ,11.02,11.16,10.92,10.99,17850317,208948624
2019-06-25,000960.SZ,11.02,11.06,10.73,10.84,20115746,232399471
2019-06-26,000960.SZ,10.74,10.85,10.66,10.67,13044435,148775555
2019-06-27,000960.SZ,10.69,10.79,10.67,10.73,11032089,125676101
2019-06-28,000960.SZ,10.71,10.73,10.39,10.52,15969223,178408500
2019-07-01,000960.SZ,10.68,10.72,10.58,10.72,17884481,202184295
2019-07-02,000960.SZ,10.69,10.71,10.40,10.46,22721405,254048167
2019-07-03,000960.SZ,10.23,10.23,10.03,10.13,25518124,274135782
2019-07-04,000960.SZ,10.15,10.22,10.08,10.13,10845967,116758373
2019-07-05,000960.SZ,10.15,10.15,10.05,10.13,8371345,89807359
2019-07-08,000960.SZ,10.12,10.16,9.83,9.90,14699546,155049928
2019-07-09,000960.SZ,9.86,9.96,9.82,9.95,6409131,67351030
2019-07-10,000960.SZ,9.94,9.94,9.80,9.85,6400414,67136925
2019-07-11,000960.SZ,9.92,10.08,9.89,9.92,9696965,102834129
2019-07-12,000960.SZ,9.92,10.01,9.86,9.98,6890328,72828369
2019-07-15,000960.SZ,9.98,10.13,9.81,10.07,9913071,105379394
2019-07-16,000960.SZ,10.06,10.10,10.00,10.08,7577100,80979705
2019-07-17,000960.SZ,10.08,10.10,10.00,10.04,5683899,60671283
2019-07-18,000960.SZ,10.02,10.15,9.98,9.98,9122935,97519632
2019-07-19,000960.SZ,10.04,10.21,10.04,10.14,12695905,136826884
2019-07-22,000960.SZ,10.09,10.12,9.79,9.85,10841022,114201158
2019-07-23,000960.SZ,9.89,9.96,9.85,9.95,4400454,46414375
2019-07-24,000960.SZ,9.92,10.10,9.91,10.05,7110775,75860713
2019-07-25,000960.SZ,10.06,10.11,10.00,10.04,6061230,64654568
2019-07-26,000960.SZ,9.99,10.03,9.90,9.98,5387209,56992795
2019-07-29,000960.SZ,9.98,10.01,9.91,9.98,5063881,53523040
2019-07-30,000960.SZ,10.01,10.13,9.96,10.05,7783650,83259405
2019-07-31,000960.SZ,10.04,10.05,9.95,9.98,5373297,57033368
2019-08-01,000960.SZ,9.96,9.98,9.89,9.92,6625749,69776458
2019-08-02,000960.SZ,9.78,9.85,9.70,9.75,9201918,95348002
2019-08-05,000960.SZ,9.73,9.77,9.64,9.67,7558272,77859645
2019-08-06,000960.SZ,9.55,9.57,9.22,9.45,12425843,124125771
2019-08-07,000960.SZ,9.42,9.69,9.42,9.60,13001450,132256584
2019-08-08,000960.SZ,9.60,9.76,9.57,9.59,8777188,89938630
2019-08-09,000960.SZ,9.65,9.66,9.35,9.42,7699178,77693482
2019-08-12,000960.SZ,9.42,9.49,9.35,9.49,5619906,56211964
2019-08-13,000960.SZ,9.42,9.60,9.41,9.53,6093077,61433061
2019-08-14,000960.SZ,9.58,9.62,9.44,9.49,6114540,61942513
2019-08-15,000960.SZ,9.30,9.46,9.23,9.44,7159253,71104111
2019-08-16,000960.SZ,9.44,9.52,9.40,9.44,6721002,67560931
2019-08-19,000960.SZ,9.46,9.63,9.42,9.62,12671399,128437730
2019-08-20,000960.SZ,9.59,9.78,9.58,9.67,13377351,137688634
2019-08-21,000960.SZ,9.64,9.67,9.53,9.57,7815383,79537343
2019-08-22,000960.SZ,9.58,9.60,9.44,9.45,8033111,80958051
2019-08-23,000960.SZ,9.46,9.51,9.40,9.45,7393989,74229119
2019-08-26,000960.SZ,9.28,9.55,9.26,9.47,10921416,109217937
2019-08-27,000960.SZ,9.49,9.64,9.48,9.60,8832836,89892316
2019-08-28,000960.SZ,9.60,9.62,9.52,9.56,6279556,63903737
2019-08-29,000960.SZ,9.59,9.62,9.50,9.51,5317650,53912060
2019-08-30,000960.SZ,9.52,9.67,9.47,9.59,11575614,117782153
2019-09-02,000960.SZ,9.81,10.45,9.75,10.24,38993779,414982727
2019-09-03,000960.SZ,10.04,10.19,9.98,10.04,35804669,381716396
2019-09-04,000960.SZ,10.00,10.40,9.99,10.27,40251002,437064234
2019-09-05,000960.SZ,10.28,11.21,10.26,10.76,59182460,670130814
2019-09-06,000960.SZ,10.75,10.76,10.51,10.56,29790323,336471860
2019-09-09,000960.SZ,10.61,10.68,10.43,10.61,26378321,294884506
2019-09-10,000960.SZ,10.57,10.73,10.50,10.58,19408143,218308083
2019-09-11,000960.SZ,10.59,10.61,10.40,10.43,15172173,169080206
2019-09-12,000960.SZ,10.52,10.60,10.45,10.51,11089509,123777581
2019-09-16,000960.SZ,10.32,10.41,10.26,10.37,21400875,234622739
2019-09-17,000960.SZ,10.36,10.36,10.07,10.10,17197258,185707466
2019-09-18,000960.SZ,10.10,10.21,10.07,10.09,9911519,106642952
2019-09-19,000960.SZ,10.12,10.23,10.09,10.21,9793284,105801896
2019-09-20,000960.SZ,10.17,10.21,10.08,10.13,10720756,115394211
2019-09-23,000960.SZ,10.12,10.13,9.96,10.10,9838019,104901110
2019-09-24,000960.SZ,10.08,10.16,9.99,10.05,10311638,110461565
2019-09-25,000960.SZ,9.98,10.01,9.77,9.80,13710772,143559579
2019-09-26,000960.SZ,9.86,9.88,9.65,9.66,11727270,121117979
2019-09-27,000960.SZ,9.68,9.76,9.64,9.71,6100437,62859587
2019-09-30,000960.SZ,9.65,9.72,9.56,9.56,7028242,71864679
2019-10-08,000960.SZ,9.62,9.68,9.55,9.61,6030255,61614771
2019-10-09,000960.SZ,9.62,9.79,9.59,9.76,7102530,73219870
2019-10-10,000960.SZ,9.75,9.78,9.67,9.77,7036112,72801502
2019-10-11,000960.SZ,9.77,9.81,9.68,9.79,8762905,90756566
2019-10-14,000960.SZ,9.89,9.97,9.84,9.90,9845721,103572316
2019-10-15,000960.SZ,9.84,9.88,9.63,9.66,11954818,123355446
2019-10-16,000960.SZ,9.75,9.84,9.65,9.69,10829931,112036404
2019-10-17,000960.SZ,9.71,9.84,9.70,9.78,10061697,104408943
2019-10-18,000960.SZ,9.84,9.87,9.53,9.55,12821164,131868546
2019-10-21,000960.SZ,9.57,9.58,9.40,9.48,8880678,89273805
2019-10-22,000960.SZ,9.49,9.65,9.45,9.59,7434360,75329470
2019-10-23,000960.SZ,9.58,9.60,9.46,9.47,5256839,53213599
2019-10-24,000960.SZ,9.49,9.63,9.47,9.58,5808641,58847350
2019-10-25,000960.SZ,9.54,9.60,9.45,9.56,6821120,68965596
2019-10-28,000960.SZ,9.54,9.67,9.53,9.65,9086566,92690040
2019-10-29,000960.SZ,9.63,9.63,9.48,9.49,8381342,84883500
2019-10-30,000960.SZ,9.46,9.47,9.33,9.33,11264073,112176051
2019-10-31,000960.SZ,9.38,9.44,9.31,9.32,6376479,63409994
2019-11-01,000960.SZ,9.32,9.46,9.31,9.43,7090697,70907188
2019-11-04,000960.SZ,9.44,9.51,9.37,9.44,8971090,89881774
2019-11-05,000960.SZ,9.44,9.62,9.40,9.54,10665429,107716056
2019-11-06,000960.SZ,9.55,9.61,9.50,9.53,7510306,76211998
2019-11-07,000960.SZ,9.51,9.57,9.47,9.51,6448259,65119429
2019-11-08,000960.SZ,9.58,9.60,9.49,9.49,6341058,64216778
2019-11-11,000960.SZ,9.50,9.50,9.23,9.25,11407564,113050342
2019-11-12,000960.SZ,9.26,9.29,8.90,9.11,18220081,175384342
2019-11-13,000960.SZ,9.07,9.19,9.01,9.12,6646444,64258182
2019-11-14,000960.SZ,9.13,9.15,9.04,9.05,4746146,45772722
2019-11-15,000960.SZ,9.07,9.14,8.94,8.95,6211681,59681550
2019-11-18,000960.SZ,8.95,9.03,8.90,9.00,4343166,41365692
2019-11-19,000960.SZ,9.00,9.13,8.98,9.13,5439954,52471081
2019-11-20,000960.SZ,9.12,9.25,9.08,9.13,5692202,55364387
2019-11-21,000960.SZ,9.13,9.26,9.10,9.20,6564959,63980936
2019-11-22,000960.SZ,9.20,9.32,9.11,9.16,8212516,80347275
2019-11-25,000960.SZ,9.19,9.44,9.15,9.39,12334170,122366595
2019-11-26,000960.SZ,9.38,9.44,9.17,9.17,13266671,130898827
2019-11-27,000960.SZ,9.28,9.35,9.20,9.26,8128117,80071333
2019-11-28,000960.SZ,9.24,9.30,9.04,9.07,8932512,86531473
2019-11-29,000960.SZ,9.09,9.10,9.01,9.09,4474160,43056337
2019-12-02,000960.SZ,9.11,9.17,9.07,9.14,5268144,50994963
2019-12-03,000960.SZ,9.04,9.21,9.04,9.21,5596742,54366973
2019-12-04,000960.SZ,9.15,9.28,9.13,9.28,6574948,64635051
2019-12-05,000960.SZ,9.28,9.33,9.22,9.29,5700990,56200782
2019-12-06,000960.SZ,9.27,9.33,9.27,9.33,4580895,45271899
2019-12-09,000960.SZ,9.35,9.49,9.35,9.45,8772230,87834856
2019-12-10,000960.SZ,9.45,9.61,9.44,9.58,11525030,116848326
2019-12-11,000960.SZ,9.60,9.60,9.48,9.55,6644627,67289043
2019-12-12,000960.SZ,9.50,9.65,9.48,9.52,7411166,75120279
2019-12-13,000960.SZ,9.59,9.64,9.52,9.59,8086314,82164449
2019-12-16,000960.SZ,9.60,9.63,9.51,9.63,12811185,130356278
2019-12-17,000960.SZ,9.60,9.79,9.59,9.75,17453046,180191462
2019-12-18,000960.SZ,9.76,9.77,9.65,9.69,10346642,106603995
2019-12-19,000960.SZ,9.68,9.70,9.62,9.69,8772575,90011586
2019-12-20,000960.SZ,9.70,9.73,9.56,9.57,9619807,98362336
2019-12-23,000960.SZ,9.53,9.60,9.43,9.43,8284864,83757711
2019-12-24,000960.SZ,9.42,9.81,9.42,9.77,20801493,213760901
2019-12-25,000960.SZ,9.75,9.76,9.59,9.69,12937622,133009719
2019-12-26,000960.SZ,9.70,9.76,9.60,9.76,11636582,119982100
2019-12-27,000960.SZ,9.74,10.22,9.74,9.90,35714131,379048132
2019-12-30,000960.SZ,9.83,10.07,9.78,10.02,20008377,211029895
2019-12-31,000960.SZ,9.94,9.98,9.75,9.83,17122530,179004342
2020-01-02,000960.SZ,9.96,10.06,9.86,9.93,20094445,212449800
2020-01-03,000960.SZ,9.97,10.10,9.92,10.01,19941681,211650016
2020-01-06,000960.SZ,9.94,10.13,9.92,10.03,23662208,251374689
2020-01-07,000960.SZ,10.03,10.19,9.99,10.07,16337437,174658409
2020-01-08,000960.SZ,10.01,10.06,9.80,9.84,18542316,195259175
2020-01-09,000960.SZ,9.91,10.03,9.87,9.92,12180497,128530731
2020-01-10,000960.SZ,9.92,9.97,9.75,9.77,12646063,131885989
2020-01-13,000960.SZ,9.74,9.96,9.72,9.94,14081988,147180264
2020-01-14,000960.SZ,10.00,10.50,9.99,10.24,49224363,539895476
2020-01-15,000960.SZ,10.26,10.55,10.23,10.46,40794076,450062398
2020-01-16,000960.SZ,10.59,10.78,10.49,10.53,32054358,360760231
2020-01-17,000960.SZ,10.63,10.69,10.45,10.58,29396463,330716789
2020-01-20,000960.SZ,10.55,10.70,10.39,10.55,20162628,225567483
2020-01-21,000960.SZ,10.51,10.61,10.40,10.41,16577589,184831185
2020-01-22,000960.SZ,10.40,10.57,10.25,10.51,16008746,177170867
2020-01-23,000960.SZ,10.37,10.45,9.79,9.94,22251853,238939401
2020-02-03,000960.SZ,8.95,8.95,8.95,8.95,6822700,64815650
2020-02-04,000960.SZ,8.58,8.92,8.51,8.70,33237933,306138664
2020-02-05,000960.SZ,8.67,9.01,8.64,8.91,22941399,216020120
2020-02-06,000960.SZ,8.90,8.97,8.77,8.93,22002723,207202227
2020-02-07,000960.SZ,8.87,9.01,8.81,9.01,18166736,171995908
2020-02-10,000960.SZ,8.92,9.23,8.88,9.18,17747699,171102190
2020-02-11,000960.SZ,9.14,9.29,9.05,9.08,17930952,174255366
2020-02-12,000960.SZ,9.11,9.34,9.06,9.30,20955571,205596727
2020-02-13,000960.SZ,9.30,9.36,9.19,9.25,17252047,169765430
2020-02-14,000960.SZ,9.22,9.58,9.19,9.38,22787666,227647590
2020-02-17,000960.SZ,9.33,9.55,9.32,9.55,16976507,170400368
2020-02-18,000960.SZ,9.61,9.94,9.55,9.73,34508724,356869429
2020-02-19,000960.SZ,9.70,9.76,9.55,9.58,19481666,199039293
2020-02-20,000960.SZ,9.59,9.66,9.42,9.65,17596957,178453079
2020-02-21,000960.SZ,9.65,9.75,9.60,9.61,18172287,186596138
2020-02-24,000960.SZ,9.60,9.61,9.38,9.54,26204618,264288260
2020-02-25,000960.SZ,9.37,9.37,8.97,9.22,41536404,405300345
2020-02-26,000960.SZ,9.10,9.37,8.99,9.19,26549983,260318399
2020-02-27,000960.SZ,9.20,9.28,9.11,9.14,17326491,168727962
2020-02-28,000960.SZ,8.95,8.95,8.66,8.72,30173421,282322881
2020-03-02,000960.SZ,8.73,9.04,8.72,9.01,22171226,210616699
2020-03-03,000960.SZ,9.11,9.17,8.90,9.02,27961492,269060809
2020-03-04,000960.SZ,8.98,9.15,8.93,9.15,15888153,152881777
2020-03-05,000960.SZ,9.23,9.36,9.13,9.29,33863292,332920162
2020-03-06,000960.SZ,9.18,9.20,9.05,9.10,23068870,223469440
2020-03-09,000960.SZ,8.86,8.88,8.67,8.69,32528592,303060167
2020-03-10,000960.SZ,8.69,8.87,8.62,8.87,23786274,221487893
2020-03-11,000960.SZ,8.88,8.90,8.75,8.78,16253519,152339968
2020-03-12,000960.SZ,8.66,8.72,8.60,8.66,13087031,120195297
2020-03-13,000960.SZ,8.29,8.59,8.22,8.47,27051361,239659536
2020-03-16,000960.SZ,8.48,8.50,8.18,8.19,18643763,165218398
2020-03-17,000960.SZ,8.22,8.29,8.02,8.20,13979706,121142268
2020-03-18,000960.SZ,8.17,8.27,7.91,7.91,21087132,181458524
2020-03-19,000960.SZ,7.78,7.85,7.57,7.58,21119696,172826606
2020-03-20,000960.SZ,7.73,7.84,7.63,7.82,13869981,113824613
2020-03-23,000960.SZ,7.58,7.65,7.48,7.50,14008116,112545712
2020-03-24,000960.SZ,7.68,7.76,7.60,7.72,18394991,150249513
2020-03-25,000960.SZ,7.88,7.93,7.78,7.87,16339350,136384552
2020-03-26,000960.SZ,7.85,7.85,7.75,7.79,11751277,97244495
2020-03-27,000960.SZ,7.86,7.91,7.78,7.80,11344420,94402373
2020-03-30,000960.SZ,7.66,7.72,7.56,7.66,8240702,66701486
2020-03-31,000960.SZ,7.76,7.87,7.64,7.78,11708666,96299185
2020-04-01,000960.SZ,7.75,7.93,7.72,7.82,14629397,121623734
2020-04-02,000960.SZ,7.71,8.15,7.68,8.06,19025537,160665363
2020-04-03,000960.SZ,7.95,8.02,7.84,7.88,13050310,109940059
2020-04-07,000960.SZ,8.01,8.04,7.95,8.01,14967135,127073386
2020-04-08,000960.SZ,7.96,8.07,7.90,7.99,13790422,116792690
2020-04-09,000960.SZ,8.04,8.05,7.95,7.96,8201798,69515566
2020-04-10,000960.SZ,8.01,8.07,7.86,7.92,13540823,114591559
2020-04-13,000960.SZ,7.94,7.96,7.85,7.89,6573578,55178975
2020-04-14,000960.SZ,7.94,8.06,7.91,8.01,12852832,109190126
2020-04-15,000960.SZ,8.00,8.00,7.85,7.88,12117374,102029763
2020-04-16,000960.SZ,7.82,7.85,7.74,7.83,9427617,78062725
2020-04-17,000960.SZ,7.86,8.10,7.86,7.96,15942029,135205552
2020-04-20,000960.SZ,7.95,7.96,7.87,7.94,7686123,64603602
2020-04-21,000960.SZ,7.90,7.92,7.73,7.78,9449446,78261424
2020-04-22,000960.SZ,7.73,7.79,7.68,7.77,10693517,87853481
2020-04-23,000960.SZ,7.78,7.98,7.78,7.90,14013370,117058112
2020-04-24,000960.SZ,7.90,7.91,7.68,7.72,11031656,91002156
2020-04-27,000960.SZ,7.78,8.02,7.77,7.92,20276196,170629621
2020-04-28,000960.SZ,7.92,8.00,7.70,7.76,15465534,128375334
2020-04-29,000960.SZ,7.72,7.82,7.71,7.75,8683653,71544809
2020-04-30,000960.SZ,7.79,7.99,7.77,7.95,15466306,129876617
2020-05-06,000960.SZ,7.90,8.05,7.87,8.03,18271847,155115668
2020-05-07,000960.SZ,8.03,8.05,7.93,7.97,10983246,93004287
2020-05-08,000960.SZ,8.00,8.13,7.98,8.11,15205481,130140478
2020-05-11,000960.SZ,8.11,8.15,7.98,8.03,11469665,98134046
2020-05-12,000960.SZ,8.01,8.03,7.84,7.90,10532133,88534390
2020-05-13,000960.SZ,7.88,7.92,7.84,7.89,6600980,55201967
2020-05-14,000960.SZ,7.86,7.86,7.80,7.80,8273246,68770757
2020-05-15,000960.SZ,7.84,7.88,7.82,7.83,6382699,53155759
2020-05-18,000960.SZ,7.83,8.20,7.83,8.09,27320328,233668727
2020-05-19,000960.SZ,8.16,8.19,7.99,8.03,16509260,141391044
2020-05-20,000960.SZ,8.06,8.15,8.02,8.06,13514892,116163441
2020-05-21,000960.SZ,8.15,8.25,8.05,8.09,18437078,160026792
2020-05-22,000960.SZ,8.05,8.08,7.82,7.85,15222921,127817407
2020-05-25,000960.SZ,7.86,7.90,7.75,7.79,9107170,75548691
2020-05-26,000960.SZ,7.82,7.89,7.81,7.87,7715809,64294953
2020-05-27,000960.SZ,7.88,7.89,7.79,7.84,8973650,74572659
2020-05-28,000960.SZ,7.86,8.02,7.82,7.99,17601307,148304912
2020-05-29,000960.SZ,7.97,8.03,7.80,7.80,15197803,127668552
2020-06-01,000960.SZ,7.88,8.07,7.88,8.04,16418692,139439390
2020-06-02,000960.SZ,8.04,8.12,7.99,8.06,12742607,108995891
2020-06-03,000960.SZ,8.13,8.22,8.06,8.07,16896282,145921837
2020-06-04,000960.SZ,8.03,8.08,7.97,8.01,11288708,96027824
2020-06-05,000960.SZ,8.05,8.05,7.92,8.02,9468365,80117196
2020-06-08,000960.SZ,8.09,8.37,8.09,8.29,32290446,283688046
2020-06-09,000960.SZ,8.30,8.41,8.20,8.25,17407848,153023177
2020-06-10,000960.SZ,8.29,8.32,8.19,8.21,12003699,105198777
2020-06-11,000960.SZ,8.30,8.34,8.08,8.15,16037567,139840792
2020-06-12,000960.SZ,7.98,8.02,7.90,7.99,18205551,153869548
2020-06-15,000960.SZ,7.93,7.99,7.85,7.85,14286322,120115894
2020-06-16,000960.SZ,7.91,8.10,7.89,8.05,17823297,151286610
2020-06-17,000960.SZ,8.02,8.09,7.94,8.04,12352158,104975929
2020-06-18,000960.SZ,8.00,8.26,7.99,8.18,17891414,155069351
2020-06-19,000960.SZ,8.17,8.21,8.07,8.20,11640805,100687716
2020-06-22,000960.SZ,8.18,8.32,8.14,8.17,16404645,143285846
2020-06-23,000960.SZ,8.18,8.24,8.12,8.17,12473773,108281037
2020-06-24,000960.SZ,8.15,8.18,8.10,8.13,9781965,84467750
2020-06-29,000960.SZ,8.11,8.15,7.95,7.97,11241447,95693218
2020-06-30,000960.SZ,8.01,8.10,8.00,8.06,9852134,84203464
2020-07-01,000960.SZ,8.10,8.31,8.03,8.31,28870869,251570207
2020-07-02,000960.SZ,8.26,8.61,8.23,8.54,37328921,334293154
2020-07-03,000960.SZ,8.62,8.86,8.57,8.70,39202226,362599381
2020-07-06,000960.SZ,8.80,9.57,8.80,9.49,65171976,637850454
2020-07-07,000960.SZ,9.51,9.63,9.23,9.24,54602777,544848122
2020-07-08,000960.SZ,9.20,9.75,9.18,9.61,57184734,577840650
2020-07-09,000960.SZ,9.62,9.85,9.43,9.83,58508881,600502264
2020-07-10,000960.SZ,9.65,9.75,9.32,9.37,44986016,455773835
2020-07-13,000960.SZ,9.56,10.06,9.51,9.84,50804394,528022640
2020-07-14,000960.SZ,9.73,9.82,9.44,9.70,38351069,393069470
2020-07-15,000960.SZ,9.68,9.75,9.23,9.30,34477466,345063840
2020-07-16,000960.SZ,9.28,9.46,8.87,8.95,30795739,301348742
2020-07-17,000960.SZ,8.97,9.19,8.89,8.98,20488177,196384808
2020-07-20,000960.SZ,9.04,9.48,9.04,9.44,25502819,251461646
2020-07-21,000960.SZ,9.45,9.52,9.26,9.32,18415423,182860869
2020-07-22,000960.SZ,9.55,9.69,9.43,9.48,32207721,326612055
2020-07-23,000960.SZ,9.39,9.59,9.17,9.45,28947053,288919341
2020-07-24,000960.SZ,9.43,9.59,9.08,9.17,32224494,320403782
2020-07-27,000960.SZ,9.32,9.76,9.31,9.60,52359634,535264587
2020-07-28,000960.SZ,10.34,10.55,9.84,9.95,78369465,848892887
2020-07-29,000960.SZ,9.86,10.04,9.77,9.88,43453138,455427122
2020-07-30,000960.SZ,9.89,9.91,9.60,9.61,33288927,344009442
2020-07-31,000960.SZ,9.59,9.89,9.56,9.72,30986659,319584659
2020-08-03,000960.SZ,9.69,9.90,9.60,9.85,30830453,320244111
2020-08-04,000960.SZ,9.84,9.98,9.70,9.83,34857363,363980534
2020-08-05,000960.SZ,9.92,9.92,9.63,9.90,35308427,366652085
2020-08-06,000960.SZ,9.86,10.15,9.78,10.08,48465167,514512626
2020-08-07,000960.SZ,10.13,10.27,9.77,9.85,40441981,430191185
2020-08-10,000960.SZ,9.69,9.70,9.50,9.63,27668174,282467448
2020-08-11,000960.SZ,9.62,9.73,9.37,9.37,24073164,244703273
2020-08-12,000960.SZ,9.24,9.28,9.00,9.19,25742938,249254211
2020-08-13,000960.SZ,9.15,9.22,9.11,9.19,14490093,141003130
2020-08-14,000960.SZ,9.15,9.27,9.09,9.24,13728500,134053402
2020-08-17,000960.SZ,9.23,9.48,9.18,9.48,16950851,168782211
2020-08-18,000960.SZ,9.46,9.62,9.43,9.47,16645399,167914212
2020-08-19,000960.SZ,9.55,9.58,9.34,9.36,13145760,131999552
2020-08-20,000960.SZ,9.34,9.34,9.22,9.24,10155939,99982770
2020-08-21,000960.SZ,9.29,9.49,9.24,9.37,13312556,132341516
2020-08-24,000960.SZ,9.39,9.39,9.24,9.31,11632031,115040222
2020-08-25,000960.SZ,9.36,9.42,9.25,9.35,12752986,126325549
2020-08-26,000960.SZ,9.21,9.22,8.89,8.92,27539602,264449707
2020-08-27,000960.SZ,8.93,8.98,8.87,8.96,8896066,84437542
2020-08-28,000960.SZ,8.95,9.11,8.92,9.08,11054230,105678620
2020-08-31,000960.SZ,9.11,9.29,9.10,9.11,15548554,151856919
2020-09-01,000960.SZ,9.11,9.35,9.07,9.29,15294832,150001601
2020-09-02,000960.SZ,9.27,9.28,9.09,9.17,12353997,120176560
2020-09-03,000960.SZ,9.24,9.33,9.15,9.17,13112954,128822529
2020-09-04,000960.SZ,8.99,9.09,8.93,9.06,11478844,109994878
2020-09-07,000960.SZ,9.09,9.40,9.07,9.07,18859541,185055712
2020-09-08,000960.SZ,9.09,9.26,9.07,9.23,13115653,127743138
2020-09-09,000960.SZ,9.08,9.16,8.95,8.97,14340832,137886928
2020-09-10,000960.SZ,9.03,9.11,8.74,8.78,14989632,142099675
2020-09-11,000960.SZ,8.75,8.79,8.66,8.77,8571124,79550051
2020-09-14,000960.SZ,8.82,8.97,8.78,8.84,8200259,77026419
2020-09-15,000960.SZ,8.83,8.85,8.76,8.81,5149022,48167606
2020-09-16,000960.SZ,8.77,8.86,8.74,8.79,4683634,43726232
2020-09-17,000960.SZ,8.76,8.78,8.63,8.70,7067489,65330060
2020-09-18,000960.SZ,8.72,9.02,8.68,8.99,14169466,133706367
2020-09-21,000960.SZ,8.99,9.10,8.94,8.97,11347541,108451200
2020-09-22,000960.SZ,8.85,8.89,8.72,8.73,9557296,89243937
2020-09-23,000960.SZ,8.80,8.88,8.71,8.74,6874545,64071797
2020-09-24,000960.SZ,8.57,8.63,8.44,8.46,11547703,104413278
2020-09-25,000960.SZ,8.47,8.65,8.42,8.47,5175828,46613595
2020-09-28,000960.SZ,8.47,8.50,8.35,8.44,4843905,43316606
2020-09-29,000960.SZ,8.49,8.55,8.45,8.47,5876901,53047104
2020-09-30,000960.SZ,8.49,8.51,8.33,8.39,6819175,61086314
2020-10-09,000960.SZ,8.53,8.65,8.53,8.60,8654470,79085175
2020-10-12,000960.SZ,8.61,8.81,8.61,8.79,9370851,86845258
2020-10-13,000960.SZ,8.77,8.79,8.67,8.74,6146929,56913151
2020-10-14,000960.SZ,8.71,8.71,8.61,8.63,6278694,57652084
2020-10-15,000960.SZ,8.65,8.74,8.62,8.63,5881070,54101729
2020-10-16,000960.SZ,8.64,8.77,8.62,8.73,7588221,70129118
2020-10-19,000960.SZ,8.73,8.87,8.66,8.70,8423202,78339471
2020-10-20,000960.SZ,8.69,8.73,8.62,8.70,5296791,48705480
2020-10-21,000960.SZ,8.75,8.79,8.64,8.70,6118339,56558112
2020-10-22,000960.SZ,8.62,8.68,8.59,8.64,4454854,40849380
2020-10-23,000960.SZ,8.63,8.69,8.56,8.58,5204859,47664495
2020-10-26,000960.SZ,8.59,8.67,8.50,8.64,7317398,66939344
2020-10-27,000960.SZ,8.58,8.67,8.53,8.56,6413355,58516633
2020-10-28,000960.SZ,8.53,8.81,8.44,8.77,13607425,125059542
2020-10-29,000960.SZ,8.64,8.72,8.59,8.69,8183281,75249873
2020-10-30,000960.SZ,8.67,8.68,8.44,8.44,8939523,81128278
2020-11-02,000960.SZ,8.47,8.53,8.36,8.48,8724668,78531179
2020-11-03,000960.SZ,8.54,9.10,8.49,9.03,28843230,272392245
2020-11-04,000960.SZ,8.97,9.08,8.85,8.90,18247259,173485960
2020-11-05,000960.SZ,8.96,9.01,8.85,8.94,15342620,145475435
2020-11-06,000960.SZ,8.97,9.09,8.84,8.95,17138219,162949509
2020-11-09,000960.SZ,9.09,9.29,9.08,9.23,29698790,289415775
2020-11-10,000960.SZ,9.23,9.42,9.11,9.15,24687512,242321765
2020-11-11,000960.SZ,9.14,9.45,9.14,9.23,30350665,300604707
2020-11-12,000960.SZ,9.21,9.42,9.15,9.27,19905575,196280548
2020-11-13,000960.SZ,9.20,9.48,9.17,9.34,25880160,256743562
2020-11-16,000960.SZ,9.36,9.96,9.33,9.81,44833014,463007359
2020-11-17,000960.SZ,9.80,10.02,9.67,9.76,40454325,423057056
2020-11-18,000960.SZ,9.96,10.24,9.85,9.96,44485420,472904709
2020-11-19,000960.SZ,9.73,9.84,9.52,9.60,42228242,432267646
2020-11-20,000960.SZ,9.63,9.98,9.54,9.88,35069844,363421477
2020-11-23,000960.SZ,9.87,10.73,9.86,10.46,82936455,915653378
2020-11-24,000960.SZ,10.38,10.61,10.24,10.50,47989678,531359586
2020-11-25,000960.SZ,10.52,10.64,10.27,10.28,36872803,408398429
2020-11-26,000960.SZ,10.32,10.45,10.15,10.34,29720125,324206971
2020-11-27,000960.SZ,10.45,10.51,10.08,10.45,35129871,385203317
2020-11-30,000960.SZ,10.47,10.86,10.35,10.36,51125011,574291135
2020-12-01,000960.SZ,10.18,10.33,10.03,10.26,33384196,361046447
2020-12-02,000960.SZ,10.28,10.55,10.23,10.33,31821096,350619782
2020-12-03,000960.SZ,10.17,10.23,9.91,10.02,26486057,282724154
2020-12-04,000960.SZ,10.10,10.18,9.99,10.16,16868215,180992467
2020-12-07,000960.SZ,10.18,10.28,10.06,10.08,16484056,177766770
2020-12-08,000960.SZ,10.19,10.31,10.01,10.20,19065775,205799647
2020-12-09,000960.SZ,10.24,10.41,10.03,10.03,21027993,228220947
2020-12-10,000960.SZ,10.08,10.12,9.88,10.11,18044440,191951809
2020-12-11,000960.SZ,10.19,10.29,9.71,9.85,28515644,300809131
2020-12-14,000960.SZ,9.70,9.77,9.59,9.70,17168225,176513815
2020-12-15,000960.SZ,9.70,9.86,9.66,9.79,15212768,157756446
2020-12-16,000960.SZ,9.89,10.05,9.68,9.85,16965933,178166503
2020-12-17,000960.SZ,9.92,10.83,9.88,10.77,50305822,556543740
2020-12-18,000960.SZ,10.64,10.79,10.54,10.66,36822474,416596506
2020-12-21,000960.SZ,10.68,10.76,10.52,10.66,33414499,378033278
2020-12-22,000960.SZ,10.55,10.55,10.09,10.10,35376004,388198420
2020-12-23,000960.SZ,10.06,10.35,9.98,10.12,24007969,258831442
2020-12-24,000960.SZ,10.25,10.28,9.92,9.95,16009987,171263003
2020-12-25,000960.SZ,9.98,10.82,9.91,10.70,36032799,401689987
2020-12-28,000960.SZ,10.73,10.82,10.53,10.57,30201230,342033975
2020-12-29,000960.SZ,10.56,10.69,10.24,10.29,23671121,261848951
2020-12-30,000960.SZ,10.29,10.97,10.24,10.64,40088674,454703787
2020-12-31,000960.SZ,10.52,10.73,10.40,10.55,35869991,402438351
2021-01-04,000960.SZ,10.57,11.07,10.54,10.88,43083809,497082218
2021-01-05,000960.SZ,11.17,11.39,10.92,11.16,56437186,667228741
2021-01-06,000960.SZ,11.15,11.24,10.80,10.93,38514310,447444534
2021-01-07,000960.SZ,10.84,11.19,10.72,11.05,56739591,660696678
2021-01-08,000960.SZ,11.04,11.08,10.41,10.80,42353194,478242287
2021-01-11,000960.SZ,10.46,10.49,9.72,9.72,55644868,590201182
2021-01-12,000960.SZ,9.59,9.71,9.31,9.53,44706032,450529007
2021-01-13,000960.SZ,9.59,9.66,9.19,9.23,34860362,348284011
2021-01-14,000960.SZ,9.20,9.24,9.03,9.09,26694196,258695576
2021-01-15,000960.SZ,9.18,9.24,8.98,9.05,22881920,221158724
2021-01-18,000960.SZ,9.12,9.30,9.06,9.30,25889922,253607612
2021-01-19,000960.SZ,9.30,9.44,9.25,9.37,24495012,242991541
2021-01-20,000960.SZ,9.33,9.48,9.22,9.43,23402874,232733966
2021-01-21,000960.SZ,9.60,9.99,9.56,9.90,46659464,485700336
2021-01-22,000960.SZ,10.13,10.54,9.95,10.23,56441003,613889974
2021-01-25,000960.SZ,10.53,11.25,10.45,11.24,86989811,1018002800
2021-01-26,000960.SZ,11.16,11.69,11.10,11.44,93103507,1125318001
2021-01-27,000960.SZ,11.56,11.92,11.44,11.53,80714489,996426814
2021-01-28,000960.SZ,11.41,11.95,11.40,11.61,67478575,839675271
2021-01-29,000960.SZ,11.98,12.13,11.37,11.58,55403892,695784365
2021-02-01,000960.SZ,11.21,11.86,11.21,11.79,54663038,669999987
2021-02-02,000960.SZ,11.81,11.90,11.40,11.55,33741965,414745357
2021-02-03,000960.SZ,11.55,12.00,11.39,11.61,40010018,495898235
2021-02-04,000960.SZ,11.32,11.47,10.80,11.07,44751361,525913269
2021-02-05,000960.SZ,11.21,11.44,10.73,10.83,31828883,372880012
2021-02-08,000960.SZ,11.00,11.53,10.97,11.27,33622412,402787231
2021-02-09,000960.SZ,11.18,11.62,11.09,11.33,36399345,438017180
2021-02-10,000960.SZ,11.44,12.02,11.30,11.81,53282090,659081092
2021-02-18,000960.SZ,12.99,12.99,12.99,12.99,9123785,125816995
2021-02-19,000960.SZ,14.28,14.28,14.10,14.28,36005770,545539013
2021-02-22,000960.SZ,15.72,15.72,15.72,15.72,9457162,157840033
2021-02-23,000960.SZ,17.28,17.29,16.42,16.57,240318766,4322307021
2021-02-24,000960.SZ,16.49,17.70,15.70,16.95,206270778,3633960949
2021-02-25,000960.SZ,17.62,17.78,15.54,15.89,194456523,3380901243
2021-02-26,000960.SZ,14.30,15.38,14.30,14.69,119992421,1878541258
2021-03-01,000960.SZ,14.79,15.19,14.55,14.99,87820109,1386758858
2021-03-02,000960.SZ,14.35,14.35,13.49,13.82,106134312,1562655537
2021-03-03,000960.SZ,13.87,14.25,13.65,14.12,78551292,1165272961
2021-03-04,000960.SZ,13.67,14.00,13.54,13.66,60343143,881838952
2021-03-05,000960.SZ,13.18,13.56,12.95,13.33,48310674,680463435
2021-03-08,000960.SZ,13.80,13.81,12.64,12.69,53288986,747430542
2021-03-09,000960.SZ,12.70,13.17,12.27,12.75,51789801,704818921
2021-03-10,000960.SZ,12.90,13.04,12.45,12.53,38469622,520548285
2021-03-11,000960.SZ,12.81,13.72,12.65,13.65,72187332,1014848233
2021-03-12,000960.SZ,13.47,13.55,13.13,13.49,55666723,789208903
2021-03-15,000960.SZ,13.09,13.38,12.78,13.19,39412150,549246414
2021-03-16,000960.SZ,13.07,13.11,12.52,12.81,37520622,508986807
2021-03-17,000960.SZ,12.64,12.87,12.34,12.75,35000734,470349269
2021-03-18,000960.SZ,13.00,13.14,12.71,12.72,35647445,488506771
2021-03-19,000960.SZ,12.63,12.88,12.45,12.57,29382559,395085273
2021-03-22,000960.SZ,12.34,12.80,12.34,12.71,29090895,391523777
2021-03-23,000960.SZ,12.82,12.84,11.92,12.02,48548217,629879117
2021-03-24,000960.SZ,11.86,11.95,11.31,11.40,45110436,553344146
2021-03-25,000960.SZ,11.37,11.56,11.31,11.36,29303681,355751237
2021-03-26,000960.SZ,11.30,11.62,11.23,11.53,34431620,418437370
2021-03-29,000960.SZ,11.53,11.70,11.39,11.56,27438714,336373902
2021-03-30,000960.SZ,11.49,11.80,11.29,11.68,38409989,473158521
2021-03-31,000960.SZ,11.52,11.70,11.22,11.60,34367989,417935266
2021-04-01,000960.SZ,11.64,11.83,11.45,11.75,34520847,427780899
2021-04-02,000960.SZ,12.08,12.58,11.85,12.37,60317893,780794767
2021-04-06,000960.SZ,12.74,13.01,12.41,12.41,52435890,708235991
2021-04-07,000960.SZ,12.36,12.51,12.11,12.48,33585067,440689391
2021-04-08,000960.SZ,12.34,13.03,12.28,12.70,61644363,829499175
2021-04-09,000960.SZ,12.69,12.69,12.36,12.49,32175600,427058719
2021-04-12,000960.SZ,12.34,12.43,11.83,11.90,36824034,472286219
2021-04-13,000960.SZ,11.89,12.00,11.84,11.95,19872103,251357563
2021-04-14,000960.SZ,11.97,12.08,11.64,12.03,22119911,280095315
2021-04-15,000960.SZ,12.02,12.40,11.86,12.35,38878371,501842008
2021-04-16,000960.SZ,12.62,12.71,12.37,12.48,41883996,557251397
2021-04-19,000960.SZ,12.49,12.88,12.32,12.83,40221343,540883838
2021-04-20,000960.SZ,12.60,12.76,12.39,12.51,36032403,480672372
2021-04-21,000960.SZ,12.37,12.93,12.34,12.45,32786180,439518279
2021-04-22,000960.SZ,12.50,12.73,12.43,12.48,31646895,423192680
2021-04-23,000960.SZ,12.37,12.54,12.20,12.48,29788540,391276693
2021-04-26,000960.SZ,12.60,12.97,12.56,12.83,49966240,679232953
2021-04-27,000960.SZ,13.04,13.98,13.04,13.59,89276974,1282229170
2021-04-28,000960.SZ,13.56,13.59,13.15,13.42,44455875,629918645
2021-04-29,000960.SZ,13.95,14.17,13.59,14.05,75050052,1110486512
2021-04-30,000960.SZ,13.79,13.95,13.47,13.75,47062726,685340340
2021-05-06,000960.SZ,14.45,14.81,14.03,14.27,70195231,1072178496
2021-05-07,000960.SZ,14.30,14.92,14.30,14.59,73235718,1138408266
2021-05-10,000960.SZ,14.88,15.34,14.60,15.24,74845310,1194560763
2021-05-11,000960.SZ,14.69,14.70,13.95,14.33,59191188,900048789
2021-05-12,000960.SZ,14.29,14.54,14.17,14.45,35564301,542107439
2021-05-13,000960.SZ,13.84,13.88,13.38,13.59,47987378,692757915
2021-05-14,000960.SZ,13.53,13.61,13.21,13.57,35481610,505857459
2021-05-17,000960.SZ,13.63,14.01,13.63,13.93,33971040,498890339
2021-05-18,000960.SZ,14.17,14.81,14.15,14.34,36856596,564136573
2021-05-19,000960.SZ,14.26,14.27,13.97,14.20,26290125,393746990
2021-05-20,000960.SZ,13.32,13.54,13.10,13.39,46131006,650894478
2021-05-21,000960.SZ,13.35,13.96,13.35,13.78,30878203,448013941
2021-05-24,000960.SZ,13.65,13.79,13.47,13.55,23294986,336183059
2021-05-25,000960.SZ,13.71,14.13,13.56,13.94,31612576,465996556
2021-05-26,000960.SZ,13.95,14.35,13.67,14.10,30302825,452915548
2021-05-27,000960.SZ,14.19,14.42,14.10,14.17,27526237,416830633
2021-05-28,000960.SZ,15.34,15.59,15.05,15.13,98346329,1609587058
2021-05-31,000960.SZ,15.40,15.57,15.08,15.25,56204400,916301617
2021-06-01,000960.SZ,14.95,15.00,14.45,14.80,47798775,747374220
2021-06-02,000960.SZ,14.81,15.41,14.69,15.04,46526213,750053585
2021-06-03,000960.SZ,14.81,15.96,14.79,15.47,53785835,884946093
2021-06-04,000960.SZ,14.95,15.42,14.86,15.14,35140748,564690192
2021-06-07,000960.SZ,15.38,15.49,15.00,15.02,30004953,484558020
2021-06-08,000960.SZ,15.03,15.20,14.50,14.74,31180331,489358423
2021-06-09,000960.SZ,15.18,15.50,15.12,15.22,41621943,676569004
2021-06-10,000960.SZ,15.09,15.41,14.85,14.95,28889643,463332978
2021-06-11,000960.SZ,15.21,16.45,15.15,16.45,79490574,1351961677
2021-06-15,000960.SZ,16.38,16.44,14.80,14.82,99052075,1608961221
2021-06-16,000960.SZ,14.55,14.62,13.86,13.95,54082146,812261405
2021-06-17,000960.SZ,13.95,14.31,13.90,14.06,30783030,462172705
2021-06-18,000960.SZ,13.56,14.11,13.47,13.97,35012833,514863720
2021-06-21,000960.SZ,13.74,14.17,13.58,13.99,26233549,386382335
2021-06-22,000960.SZ,14.18,14.36,14.01,14.26,25198108,379715987
2021-06-23,000960.SZ,14.49,14.83,14.33,14.72,29296581,454882741
2021-06-24,000960.SZ,14.85,15.06,14.60,14.73,22781988,357778080
2021-06-25,000960.SZ,14.82,14.96,14.62,14.89,24585597,387192886
2021-06-28,000960.SZ,14.90,15.18,14.73,14.90,22121997,350658888
2021-06-29,000960.SZ,14.92,14.98,14.49,14.59,21428889,334772475
2021-06-30,000960.SZ,14.81,15.21,14.67,15.09,30182449,480156080
2021-07-01,000960.SZ,15.05,15.44,14.65,14.69,26444184,422224992
2021-07-02,000960.SZ,14.59,15.11,14.39,14.73,26371778,414388930
2021-07-05,000960.SZ,14.90,15.69,14.90,15.48,40685576,665095672
2021-07-06,000960.SZ,15.72,16.07,15.51,15.94,41559609,698504552
2021-07-07,000960.SZ,15.60,15.94,15.44,15.84,33935953,565921320
2021-07-08,000960.SZ,15.82,16.58,15.80,15.92,42748595,731238272
2021-07-09,000960.SZ,16.16,17.46,15.96,17.16,87730948,1571224295
2021-07-12,000960.SZ,17.28,17.64,15.69,15.78,97935893,1719455999
2021-07-13,000960.SZ,16.12,16.65,16.01,16.25,55525001,958617340
2021-07-14,000960.SZ,16.20,16.27,15.33,15.46,50816756,842347890
2021-07-15,000960.SZ,15.46,16.21,15.40,16.06,47444687,795609758
2021-07-16,000960.SZ,16.23,17.51,16.13,16.84,91219625,1655508557
2021-07-19,000960.SZ,17.60,17.70,16.74,16.86,73888262,1346629390
2021-07-20,000960.SZ,16.20,16.67,15.88,16.58,51200066,884127302
2021-07-21,000960.SZ,16.67,16.80,16.28,16.64,53355164,937650841
2021-07-22,000960.SZ,16.46,17.18,16.46,16.84,53170779,950105875
2021-07-23,000960.SZ,17.37,18.25,17.22,17.71,81142804,1533186750
2021-07-26,000960.SZ,17.94,18.35,17.16,17.47,81884691,1551019214
2021-07-27,000960.SZ,18.13,18.39,16.29,16.34,90462432,1672587748
2021-07-28,000960.SZ,16.22,16.38,15.25,15.71,60785099,1019530602
2021-07-29,000960.SZ,16.10,16.64,16.03,16.56,49768710,863401678
2021-07-30,000960.SZ,16.56,16.69,16.10,16.50,50700278,883103054
2021-08-02,000960.SZ,16.55,16.70,15.82,16.51,49962265,859914440
2021-08-03,000960.SZ,16.30,16.30,15.20,15.38,60831797,1012033539
2021-08-04,000960.SZ,15.44,15.73,15.25,15.68,34271130,566499288
2021-08-05,000960.SZ,15.54,15.60,15.21,15.37,31601671,515786056
2021-08-06,000960.SZ,15.40,16.21,15.27,16.12,50994990,855853324
2021-08-09,000960.SZ,15.82,16.12,15.57,16.03,32153671,541393385
2021-08-10,000960.SZ,16.32,17.09,16.13,16.89,59224781,1050885347
2021-08-11,000960.SZ,17.06,17.50,16.74,17.43,59372035,1083227255
2021-08-12,000960.SZ,17.80,18.04,17.47,17.97,61224735,1156961856
2021-08-13,000960.SZ,17.42,17.67,17.24,17.59,46904557,869890927
2021-08-16,000960.SZ,17.51,17.57,16.54,16.59,60731276,1084280201
2021-08-17,000960.SZ,16.84,17.34,16.83,16.97,59899896,1085471823
2021-08-18,000960.SZ,16.97,17.05,16.47,16.61,45831008,812486701
2021-08-19,000960.SZ,16.21,16.45,15.93,16.15,42604965,731487711
2021-08-20,000960.SZ,15.27,15.57,14.96,15.35,64095347,1039891580
2021-08-23,000960.SZ,15.51,15.92,15.44,15.49,59992000,999138748
2021-08-24,000960.SZ,15.79,17.03,15.71,16.63,90029706,1577204357
2021-08-25,000960.SZ,16.77,17.25,16.44,17.18,64108557,1151017378
2021-08-26,000960.SZ,17.50,18.91,17.33,18.91,84183504,1644673603
2021-08-27,000960.SZ,19.67,20.72,19.07,20.44,165208769,3520153723
2021-08-30,000960.SZ,20.73,21.76,20.36,21.28,138135630,3075574722
2021-08-31,000960.SZ,20.89,23.17,20.74,22.98,114421172,2723404692
2021-09-01,000960.SZ,23.33,24.76,21.76,22.60,131140990,3221589948
2021-09-02,000960.SZ,22.57,23.73,22.22,23.22,96117618,2338388146
2021-09-03,000960.SZ,22.65,23.35,21.15,21.56,109235852,2553104568
2021-09-06,000960.SZ,22.31,22.42,20.62,21.05,77392746,1751267669
2021-09-07,000960.SZ,21.33,21.52,20.64,21.02,77804408,1739985734
2021-09-08,000960.SZ,20.98,21.18,20.40,20.62,92717092,2040345419
2021-09-09,000960.SZ,21.02,22.55,20.81,21.90,116327982,2669182829
2021-09-10,000960.SZ,22.34,23.77,22.01,22.10,137130571,3301806887
2021-09-13,000960.SZ,22.60,23.16,21.66,22.76,116974311,2792879662
2021-09-14,000960.SZ,22.11,22.12,20.73,20.89,116945408,2628392144
2021-09-15,000960.SZ,20.92,21.26,20.21,21.13,72197459,1597287703
2021-09-16,000960.SZ,21.86,22.38,20.92,21.11,92502282,2122519827
2021-09-17,000960.SZ,21.28,21.47,19.59,20.08,88852627,1927415015
2021-09-22,000960.SZ,20.06,21.86,20.01,21.86,83878831,1876498585
2021-09-23,000960.SZ,21.94,22.02,20.71,21.30,73747710,1665924859
2021-09-24,000960.SZ,21.98,22.20,19.94,20.18,83003825,1841855564
2021-09-27,000960.SZ,20.18,20.43,18.18,18.30,96024694,1935787197
2021-09-28,000960.SZ,18.27,18.63,18.07,18.31,44955133,878161841
2021-09-29,000960.SZ,18.38,18.50,17.38,17.65,50446429,954072589
2021-09-30,000960.SZ,17.86,17.90,17.26,17.71,36844348,691670408
2021-10-08,000960.SZ,18.32,18.34,17.28,17.61,43072135,806464678
2021-10-11,000960.SZ,17.86,18.10,17.43,17.86,39091280,741146597
2021-10-12,000960.SZ,17.99,18.25,16.87,17.10,56696080,1053122239
2021-10-13,000960.SZ,17.06,17.28,16.30,16.95,46053652,820526735
2021-10-14,000960.SZ,17.23,17.89,16.78,17.59,44566079,823796248
2021-10-15,000960.SZ,17.73,18.07,17.42,17.80,40542184,766217106
2021-10-18,000960.SZ,18.36,19.27,17.80,19.09,67977367,1333788789
2021-10-19,000960.SZ,18.74,19.21,18.53,19.01,45534526,911925031
2021-10-20,000960.SZ,17.99,18.67,17.93,18.28,45616914,886531969
2021-10-21,000960.SZ,18.74,19.47,18.47,18.89,48772225,984917963
2021-10-22,000960.SZ,18.50,18.68,17.59,17.83,58738688,1133494286
2021-10-25,000960.SZ,17.80,18.35,17.47,18.00,38574074,735453355
2021-10-26,000960.SZ,18.15,18.15,17.54,17.61,37142012,701554440
2021-10-27,000960.SZ,17.71,17.71,17.08,17.20,31340405,577914096
2021-10-28,000960.SZ,16.52,16.72,15.48,15.48,65509343,1091138693
2021-10-29,000960.SZ,15.50,15.66,15.17,15.47,49222950,805386782
2021-11-01,000960.SZ,15.98,16.25,15.61,16.15,43000890,730241940
2021-11-02,000960.SZ,16.10,16.34,15.34,15.70,43693143,733912777
2021-11-03,000960.SZ,15.61,15.94,15.37,15.88,29031573,482773360
2021-11-04,000960.SZ,15.84,16.08,15.48,15.57,33032142,549046037
2021-11-05,000960.SZ,15.29,15.53,14.92,14.96,40469566,652941615
2021-11-08,000960.SZ,15.08,15.41,14.97,15.25,28592738,462066795
2021-11-09,000960.SZ,15.37,15.37,15.08,15.30,22197044,358739221
2021-11-10,000960.SZ,15.10,15.17,14.63,15.10,32207609,510601158
2021-11-11,000960.SZ,15.33,15.92,15.16,15.89,45957519,761381118
2021-11-12,000960.SZ,15.97,16.37,15.91,15.93,45348945,776581315
2021-11-15,000960.SZ,15.64,15.80,15.24,15.41,36564569,601646689
2021-11-16,000960.SZ,15.32,15.69,15.14,15.25,24916017,407781549
2021-11-17,000960.SZ,15.19,15.53,15.09,15.48,20883878,341086469
2021-11-18,000960.SZ,15.50,16.09,15.40,15.82,35156875,589957138
2021-11-19,000960.SZ,16.16,16.49,16.10,16.34,40083758,693283148
2021-11-22,000960.SZ,16.46,16.74,16.37,16.38,38096709,667725568
2021-11-23,000960.SZ,16.51,17.02,16.33,16.37,39050311,689720013
2021-11-24,000960.SZ,16.29,17.04,16.22,16.90,41614883,736513090
2021-11-25,000960.SZ,17.58,18.25,17.08,18.14,73891998,1391206361
2021-11-26,000960.SZ,17.51,18.02,17.43,17.73,50512834,950602196
2021-11-29,000960.SZ,17.58,17.59,17.02,17.50,38509422,708753775
2021-11-30,000960.SZ,17.61,17.91,17.18,17.45,37572846,699516748
2021-12-01,000960.SZ,17.28,17.59,17.10,17.53,27781936,512439046
2021-12-02,000960.SZ,17.35,17.88,17.32,17.54,29342834,547415960
2021-12-03,000960.SZ,17.52,17.83,17.19,17.71,31039845,579299185
2021-12-06,000960.SZ,17.70,18.35,17.26,17.30,51624900,976979272
2021-12-07,000960.SZ,17.36,17.64,16.68,17.36,38878382,709457400
2021-12-08,000960.SZ,17.37,17.60,17.23,17.39,24383129,450827755
2021-12-09,000960.SZ,17.54,17.74,17.43,17.51,24154616,451050039
2021-12-10,000960.SZ,17.56,18.05,17.34,17.76,29621906,558443021
2021-12-13,000960.SZ,17.70,17.76,17.22,17.44,29599719,547650180
2021-12-14,000960.SZ,17.43,17.46,17.07,17.14,22081357,403462425
2021-12-15,000960.SZ,16.95,16.98,16.44,16.44,32338228,573030640
2021-12-16,000960.SZ,16.47,17.22,16.46,16.96,34770795,621972744
2021-12-17,000960.SZ,17.29,17.58,16.94,16.94,27545411,502474726
2021-12-20,000960.SZ,16.66,17.01,16.27,16.29,24436339,428330910
2021-12-21,000960.SZ,16.47,16.75,16.28,16.70,17350197,304573408
2021-12-22,000960.SZ,16.82,17.09,16.76,16.89,16053235,288286025
2021-12-23,000960.SZ,17.30,17.44,16.86,17.34,27038227,494459364
2021-12-24,000960.SZ,17.46,17.67,16.74,16.99,27550217,500987073
2021-12-27,000960.SZ,16.86,17.10,16.60,16.61,19101904,340901571
2021-12-28,000960.SZ,16.87,17.30,16.79,17.18,30658976,555885756
2021-12-29,000960.SZ,17.17,18.53,17.05,17.81,52711897,1007205077
2021-12-30,000960.SZ,18.23,18.55,17.96,18.31,41991278,814336369
2021-12-31,000960.SZ,18.23,18.41,18.02,18.39,25289614,489908631
2022-01-04,000960.SZ,18.20,18.29,17.59,17.73,35787301,677029989
2022-01-05,000960.SZ,18.17,18.26,17.76,17.87,28542482,544966810
2022-01-06,000960.SZ,17.95,18.23,17.58,17.98,26371752,501451539
2022-01-07,000960.SZ,18.03,19.09,17.83,18.47,48634172,949603981
2022-01-10,000960.SZ,18.55,19.44,18.53,19.38,56080227,1136405881
2022-01-11,000960.SZ,19.46,20.32,19.19,20.19,63988429,1360083088
2022-01-12,000960.SZ,21.12,22.20,20.95,22.20,89372016,2079074176
2022-01-13,000960.SZ,22.59,23.20,21.45,21.56,94339344,2234233101
2022-01-14,000960.SZ,21.46,21.47,20.73,21.10,53356193,1192979189
2022-01-17,000960.SZ,21.01,21.58,20.27,21.26,56254900,1246646446
2022-01-18,000960.SZ,22.14,22.39,21.34,21.54,58819449,1365554838
2022-01-19,000960.SZ,21.43,21.83,20.76,21.05,40523478,910996284
2022-01-20,000960.SZ,21.90,22.29,21.51,21.71,57131677,1323975095
2022-01-21,000960.SZ,21.54,21.60,20.73,20.95,38581277,864725789
2022-01-24,000960.SZ,21.05,21.95,20.85,21.33,43919339,1002106755
2022-01-25,000960.SZ,20.72,20.72,19.50,19.54,61003144,1298807826
2022-01-26,000960.SZ,19.96,20.34,19.69,19.88,32363523,688133771
2022-01-27,000960.SZ,19.96,20.25,19.49,19.83,27376084,579614812
2022-01-28,000960.SZ,19.88,19.96,18.39,18.83,46122278,927161842
2022-02-07,000960.SZ,19.38,19.88,19.19,19.70,31194778,650014907
2022-02-08,000960.SZ,19.77,20.62,19.52,20.57,36605192,779797416
2022-02-09,000960.SZ,20.44,21.05,20.10,20.74,44383501,975821027
2022-02-10,000960.SZ,21.39,21.79,21.05,21.46,39861563,905032870
2022-02-11,000960.SZ,21.37,22.46,21.17,21.83,53418496,1243026161
2022-02-14,000960.SZ,21.47,22.26,21.38,21.70,33878498,786109300
2022-02-15,000960.SZ,21.66,21.92,21.40,21.81,27484692,632177349
2022-02-16,000960.SZ,21.94,22.31,21.68,21.80,26856370,626455952
2022-02-17,000960.SZ,21.66,22.07,21.47,21.68,29259809,677635032
2022-02-18,000960.SZ,21.77,22.86,21.76,22.53,38936508,928140270
2022-02-21,000960.SZ,22.50,22.74,22.13,22.61,27623328,659392941
2022-02-22,000960.SZ,22.40,23.78,22.34,23.67,44242313,1086442185
2022-02-23,000960.SZ,23.43,23.63,22.89,23.21,37343867,920885719
2022-02-24,000960.SZ,23.41,24.09,22.83,23.32,45627003,1134435959
2022-02-25,000960.SZ,23.19,23.55,22.41,22.87,44788994,1098708193
2022-02-28,000960.SZ,23.07,23.64,22.95,23.59,36372195,902778154
2022-03-01,000960.SZ,24.11,24.18,23.17,23.47,26061943,650692758
2022-03-02,000960.SZ,23.62,24.09,23.45,24.03,31500244,797611095
2022-03-03,000960.SZ,24.03,24.32,23.75,23.78,22044626,561675100
2022-03-04,000960.SZ,23.73,23.85,22.52,22.80,45966848,1128946680
2022-03-07,000960.SZ,23.35,23.67,23.11,23.37,35870367,890649273
2022-03-08,000960.SZ,22.67,24.67,21.66,23.29,75093621,1844143968
2022-03-09,000960.SZ,22.41,22.81,20.96,21.49,68271028,1578378798
2022-03-10,000960.SZ,20.62,21.54,20.62,21.21,43568981,978396011
2022-03-11,000960.SZ,20.97,22.19,20.56,21.99,40063371,920313360
2022-03-14,000960.SZ,21.61,21.77,20.62,20.62,40641082,911309049
2022-03-15,000960.SZ,20.25,20.25,18.56,18.56,55942390,1140575030
2022-03-16,000960.SZ,19.16,19.71,18.39,19.51,43820305,889559051
2022-03-17,000960.SZ,19.63,19.88,19.21,19.50,33518394,695250982
2022-03-18,000960.SZ,19.35,20.45,19.31,20.28,29684239,630409820
2022-03-21,000960.SZ,20.54,20.91,20.15,20.38,23287536,507331813
2022-03-22,000960.SZ,20.18,20.62,19.92,20.41,18007307,388664806
2022-03-23,000960.SZ,20.46,20.48,20.02,20.23,16943884,363825710
2022-03-24,000960.SZ,20.93,21.32,20.45,21.06,35919169,796311195
2022-03-25,000960.SZ,20.60,20.86,20.23,20.25,23601824,514404612
2022-03-28,000960.SZ,19.80,20.31,19.43,20.14,19469636,411155391
2022-03-29,000960.SZ,20.43,20.67,20.18,20.51,15600709,338751079
2022-03-30,000960.SZ,20.44,20.60,20.18,20.36,18333135,396035031
2022-03-31,000960.SZ,20.20,20.25,19.40,19.72,19451083,408294683
2022-04-01,000960.SZ,19.69,20.89,19.54,20.32,26563653,573640476
2022-04-06,000960.SZ,20.42,20.48,19.85,20.24,21939824,467720659
2022-04-07,000960.SZ,19.86,20.18,19.77,20.06,19406654,411450974
2022-04-08,000960.SZ,19.68,20.24,19.16,19.96,24607714,515553452
2022-04-11,000960.SZ,19.94,20.03,18.91,19.03,24861987,509999633
2022-04-12,000960.SZ,19.09,19.53,18.95,19.44,15301553,313319034
2022-04-13,000960.SZ,19.26,20.95,19.22,20.37,31672590,682249155
2022-04-14,000960.SZ,20.71,21.55,20.43,21.42,26951155,601370110
2022-04-15,000960.SZ,21.05,21.33,20.01,20.08,40656381,890853037
2022-04-18,000960.SZ,19.47,19.60,18.71,19.48,35450442,721598093
2022-04-19,000960.SZ,19.98,20.48,19.87,20.11,28697790,614595601
2022-04-20,000960.SZ,20.08,20.22,18.76,18.80,33846514,693213808
2022-04-21,000960.SZ,18.46,18.84,17.43,17.61,36567544,699918881
2022-04-22,000960.SZ,17.33,17.60,17.00,17.35,24904525,457177837
2022-04-25,000960.SZ,16.66,16.71,15.62,15.62,37061976,635018827
2022-04-26,000960.SZ,15.52,15.83,14.99,15.07,32679090,533792203
2022-04-27,000960.SZ,15.07,16.27,14.97,16.22,40948750,681900040
2022-04-28,000960.SZ,15.93,16.73,15.89,16.37,29930984,517460819
2022-04-29,000960.SZ,16.59,17.10,16.25,16.87,27369584,484703903
2022-05-05,000960.SZ,16.76,17.27,16.60,16.98,24011193,433877494
2022-05-06,000960.SZ,16.36,16.51,15.99,16.14,26434345,456327268
2022-05-09,000960.SZ,16.01,16.29,15.51,15.62,30972801,520301115
2022-05-10,000960.SZ,14.85,15.69,14.70,15.57,36771324,596357676
2022-05-11,000960.SZ,15.35,16.24,15.29,15.78,38318053,643097099
2022-05-12,000960.SZ,15.56,15.81,14.75,15.05,46127433,744165577
2022-05-13,000960.SZ,15.22,15.51,14.91,15.07,39012315,627141825
2022-05-16,000960.SZ,15.33,15.58,14.97,15.20,38543800,622069518
2022-05-17,000960.SZ,15.24,15.67,15.17,15.66,37051695,602458011
2022-05-18,000960.SZ,15.58,15.71,15.16,15.24,38429692,621568214
2022-05-19,000960.SZ,15.00,15.42,14.85,15.26,39664133,631399364
2022-05-20,000960.SZ,16.12,16.77,15.76,16.68,94843684,1625190734
2022-05-23,000960.SZ,16.37,16.71,16.21,16.49,63047051,1094228280
2022-05-24,000960.SZ,16.34,16.34,15.41,15.45,62647853,1053675367
2022-05-25,000960.SZ,15.43,15.61,15.23,15.43,38419440,624650549
2022-05-26,000960.SZ,15.22,15.46,14.80,15.31,48749580,776492527
2022-05-27,000960.SZ,15.34,15.73,15.23,15.41,39747987,648354618
2022-05-30,000960.SZ,16.08,16.35,15.79,15.95,52426406,884236697
2022-05-31,000960.SZ,15.91,16.10,15.61,16.04,41929607,699779431
2022-06-01,000960.SZ,15.93,15.94,15.62,15.76,37367381,620283060
2022-06-02,000960.SZ,15.66,16.16,15.57,16.08,49509742,833849562
2022-06-06,000960.SZ,15.89,16.37,15.81,16.30,65024476,1108975394
2022-06-07,000960.SZ,16.29,16.53,16.16,16.41,43031813,742963603
2022-06-08,000960.SZ,16.34,16.89,16.07,16.83,58874842,1026388521
2022-06-09,000960.SZ,16.89,16.92,16.27,16.41,47901866,837789350
2022-06-10,000960.SZ,16.28,16.86,16.20,16.78,46224833,810865408
2022-06-13,000960.SZ,16.38,17.10,16.31,17.04,62105780,1089527457
2022-06-14,000960.SZ,16.54,16.59,15.85,16.37,70230177,1203258785
2022-06-15,000960.SZ,16.21,16.79,16.20,16.41,56006862,977885215
2022-06-16,000960.SZ,17.07,17.25,16.48,16.54,60676756,1078246420
2022-06-17,000960.SZ,16.13,16.46,16.02,16.39,45194089,774170809
2022-06-20,000960.SZ,16.26,16.73,16.22,16.46,44571420,774056192
2022-06-21,000960.SZ,16.56,16.56,15.55,15.76,60044705,1011119202
2022-06-22,000960.SZ,15.70,15.76,15.39,15.40,34978292,574042511
2022-06-23,000960.SZ,15.18,15.65,15.04,15.57,37578509,607379043
2022-06-24,000960.SZ,15.31,15.66,15.26,15.53,37366071,612179400
2022-06-27,000960.SZ,15.60,16.47,15.52,16.32,63294144,1077344289
2022-06-28,000960.SZ,16.60,16.96,16.44,16.84,65350156,1151275454
2022-06-29,000960.SZ,16.68,16.69,15.69,15.72,62111971,1059526283
2022-06-30,000960.SZ,15.75,16.06,15.75,15.90,32546028,547113879
2022-07-01,000960.SZ,15.78,16.00,15.55,15.76,31622490,525050545
2022-07-04,000960.SZ,15.70,15.87,15.56,15.85,36287422,602194632
2022-07-05,000960.SZ,16.12,16.31,15.86,16.15,59543405,1009804216
2022-07-06,000960.SZ,15.89,15.93,15.13,15.40,67021337,1092519363
2022-07-07,000960.SZ,15.20,15.91,14.99,15.77,51929879,852244131
2022-07-08,000960.SZ,15.90,15.98,15.42,15.43,37135567,612829962
2022-07-11,000960.SZ,15.38,15.38,14.72,14.90,45619640,715706681
2022-07-12,000960.SZ,14.89,15.60,14.89,15.15,42001611,675683219
2022-07-13,000960.SZ,15.07,15.17,14.89,15.13,28604493,452826807
2022-07-14,000960.SZ,15.44,15.44,14.87,14.97,25702555,406733515
2022-07-15,000960.SZ,14.59,14.60,14.09,14.09,57037706,860600734
2022-07-18,000960.SZ,14.31,14.57,14.13,14.54,40461308,614523262
2022-07-19,000960.SZ,14.53,14.58,14.25,14.35,30960157,470242305
2022-07-20,000960.SZ,14.39,14.52,14.32,14.49,25284929,384516482
2022-07-21,000960.SZ,14.49,14.62,14.31,14.42,27537957,419997589
2022-07-22,000960.SZ,14.34,14.42,14.11,14.26,26230636,394402736
2022-07-25,000960.SZ,14.27,14.37,14.08,14.13,18144295,272198749
2022-07-26,000960.SZ,14.11,14.36,14.09,14.34,17732203,267229893
2022-07-27,000960.SZ,14.27,14.31,14.16,14.30,18339245,275211683
2022-07-28,000960.SZ,14.60,14.62,14.33,14.38,23161212,352411832
2022-07-29,000960.SZ,14.37,14.44,14.20,14.23,19369664,292419048
2022-08-01,000960.SZ,14.49,14.66,14.26,14.55,36578781,558932472
2022-08-02,000960.SZ,14.36,14.36,13.64,13.77,39421083,577119088
2022-08-03,000960.SZ,13.69,13.96,13.64,13.65,25100950,364881629
2022-08-04,000960.SZ,13.67,13.75,13.08,13.38,30386140,429987451
2022-08-05,000960.SZ,13.50,13.99,13.46,13.95,31884984,461670188
2022-08-08,000960.SZ,13.78,14.38,13.78,14.35,30675218,459400356
2022-08-09,000960.SZ,14.27,14.44,14.23,14.39,24395302,369493458
2022-08-10,000960.SZ,14.39,14.70,14.35,14.45,28823948,441478933
2022-08-11,000960.SZ,14.59,14.73,14.48,14.70,25430801,392223057
2022-08-12,000960.SZ,14.93,15.06,14.71,14.84,29616933,466491912
2022-08-15,000960.SZ,14.59,14.92,14.56,14.79,21530389,336043423
2022-08-16,000960.SZ,14.78,14.87,14.52,14.68,17209953,265987093
2022-08-17,000960.SZ,14.72,14.73,14.48,14.63,14637954,225020469
2022-08-18,000960.SZ,14.57,14.63,14.36,14.44,15476894,235852847
2022-08-19,000960.SZ,14.47,14.57,14.32,14.34,16425831,250065206
2022-08-22,000960.SZ,14.35,14.75,14.11,14.69,28753021,439972997
2022-08-23,000960.SZ,14.63,14.69,14.34,14.48,21599889,329009010
2022-08-24,000960.SZ,14.49,14.68,13.82,13.85,29414763,438708058
2022-08-25,000960.SZ,13.87,14.23,13.63,14.16,25308385,372742527
2022-08-26,000960.SZ,14.16,14.31,13.86,13.92,22371049,331426590
2022-08-29,000960.SZ,13.66,13.77,13.51,13.74,21645934,311379891
2022-08-30,000960.SZ,13.69,13.78,13.43,13.54,19204290,274631178
2022-08-31,000960.SZ,13.42,13.53,13.12,13.16,24865083,347576977
2022-09-01,000960.SZ,12.99,13.02,12.74,12.77,27182840,368668403
2022-09-02,000960.SZ,12.59,12.69,12.47,12.58,27208319,360644075
2022-09-05,000960.SZ,12.60,12.85,12.59,12.80,19441287,261262375
2022-09-06,000960.SZ,13.32,13.35,12.95,13.10,23471553,323901077
2022-09-07,000960.SZ,12.94,13.31,12.90,13.24,25371731,352728808
2022-09-08,000960.SZ,13.27,13.31,13.08,13.13,17150280,238685959
2022-09-09,000960.SZ,13.26,13.51,13.23,13.49,24751451,350161988
2022-09-13,000960.SZ,13.53,13.67,13.43,13.44,19101431,273086660
2022-09-14,000960.SZ,12.99,13.37,12.82,13.19,20287023,281917416
2022-09-15,000960.SZ,13.45,13.48,12.82,12.99,17887976,246799068
2022-09-16,000960.SZ,12.99,13.00,12.47,12.48,21435810,286078979
2022-09-19,000960.SZ,12.47,12.58,12.35,12.44,13864414,182127686
2022-09-20,000960.SZ,12.51,12.79,12.45,12.61,13380544,178361002
2022-09-21,000960.SZ,12.65,12.92,12.47,12.86,13451967,180390096
2022-09-22,000960.SZ,12.73,13.02,12.69,12.85,13419435,182614444
2022-09-23,000960.SZ,12.81,12.88,12.41,12.51,16524703,219900289
2022-09-26,000960.SZ,12.32,12.32,11.80,11.81,26565507,336732204
2022-09-27,000960.SZ,11.96,12.13,11.78,12.13,18555569,234198597
2022-09-28,000960.SZ,11.99,12.02,11.63,11.63,16979400,210859808
2022-09-29,000960.SZ,11.78,11.93,11.69,11.74,15320915,190502820
2022-09-30,000960.SZ,11.62,11.90,11.60,11.68,12261975,152240289
2022-10-10,000960.SZ,11.63,11.90,11.38,11.43,15633882,192247239
2022-10-11,000960.SZ,11.64,11.69,11.42,11.63,12119712,148002049
2022-10-12,000960.SZ,11.63,11.94,11.40,11.89,16581059,204316164
2022-10-13,000960.SZ,11.78,11.92,11.72,11.81,14970838,186407724
2022-10-14,000960.SZ,11.91,12.16,11.89,12.08,16722871,212251291
2022-10-17,000960.SZ,11.91,12.08,11.85,12.03,12896640,162830176
2022-10-18,000960.SZ,12.03,12.12,11.90,11.94,12394732,156450512
2022-10-19,000960.SZ,11.96,12.38,11.93,12.14,26840445,344081681
2022-10-20,000960.SZ,11.90,12.59,11.69,12.39,41002105,524170904
2022-10-21,000960.SZ,12.39,12.46,12.00,12.08,25188215,324121705
2022-10-24,000960.SZ,12.03,12.23,11.71,11.77,22462170,284639394
2022-10-25,000960.SZ,11.77,11.82,11.47,11.65,14854549,182182716
2022-10-26,000960.SZ,11.67,12.21,11.65,12.01,22835075,288550853
2022-10-27,000960.SZ,12.12,12.27,12.04,12.09,18615904,238576880
2022-10-28,000960.SZ,11.79,11.79,10.92,11.05,43137761,511562101
2022-10-31,000960.SZ,10.84,11.04,10.71,10.82,18306171,209187915
2022-11-01,000960.SZ,10.92,11.38,10.92,11.31,26369569,311382677
2022-11-02,000960.SZ,11.32,11.47,11.21,11.39,18150658,217527946
2022-11-03,000960.SZ,11.23,11.42,11.21,11.30,13597693,162314992
2022-11-04,000960.SZ,11.30,12.02,11.27,11.95,33713751,418776036
2022-11-07,000960.SZ,12.31,12.66,12.26,12.40,37469166,490711077
2022-11-08,000960.SZ,12.48,12.57,12.29,12.43,20603379,269455168
2022-11-09,000960.SZ,12.77,12.86,12.43,12.45,20533893,272138583
2022-11-10,000960.SZ,12.27,12.42,12.20,12.31,15497871,201050353
2022-11-11,000960.SZ,12.88,13.14,12.66,13.02,44088095,601097511
2022-11-14,000960.SZ,13.04,13.13,12.43,12.51,32659792,438014301
2022-11-15,000960.SZ,12.48,12.92,12.37,12.88,26879288,361264975
2022-11-16,000960.SZ,13.09,13.41,12.88,13.27,49973384,694748783
2022-11-17,000960.SZ,13.04,13.06,12.66,12.84,32783415,444271301
2022-11-18,000960.SZ,12.71,12.79,12.54,12.61,17851327,238182692
2022-11-21,000960.SZ,12.35,12.51,12.23,12.44,14446019,188856314
2022-11-22,000960.SZ,12.33,12.62,12.30,12.37,17355726,227011264
2022-11-23,000960.SZ,12.44,12.68,12.42,12.51,17361797,229368855
2022-11-24,000960.SZ,12.61,12.64,12.36,12.39,14784770,194724300
2022-11-25,000960.SZ,12.40,12.73,12.38,12.52,17489950,232180456
2022-11-28,000960.SZ,12.23,12.44,11.96,12.41,18204381,234447194
2022-11-29,000960.SZ,12.47,12.80,12.45,12.76,21247415,283929951
2022-11-30,000960.SZ,12.72,12.87,12.67,12.73,17243067,232285717
2022-12-01,000960.SZ,13.03,13.06,12.74,12.75,18035353,245486999
2022-12-02,000960.SZ,12.81,12.88,12.64,12.69,10701335,143632528
2022-12-05,000960.SZ,12.91,13.42,12.85,13.26,36274457,504418294
2022-12-06,000960.SZ,13.18,13.47,13.15,13.33,23966771,336165045
2022-12-07,000960.SZ,13.34,13.41,13.06,13.11,24005504,334188886
2022-12-08,000960.SZ,13.21,13.25,13.06,13.15,12501791,173586265
2022-12-09,000960.SZ,13.14,13.62,13.07,13.56,32458649,457825286
2022-12-12,000960.SZ,13.27,13.28,12.85,12.87,31602021,432755925
2022-12-13,000960.SZ,12.94,13.29,12.89,13.06,18752552,259024892
2022-12-14,000960.SZ,13.14,13.38,13.06,13.14,18970637,264370409
2022-12-15,000960.SZ,13.03,13.06,12.84,13.04,13322822,181898154
2022-12-16,000960.SZ,12.80,12.99,12.72,12.90,10742372,145675273
2022-12-19,000960.SZ,12.91,13.07,12.47,12.57,13219426,177419453
2022-12-20,000960.SZ,12.62,12.70,12.46,12.58,8937376,118457251
2022-12-21,000960.SZ,12.84,12.84,12.47,12.56,8318511,110706752
2022-12-22,000960.SZ,12.77,12.78,12.23,12.30,12002483,157946864
2022-12-23,000960.SZ,12.22,12.37,12.16,12.28,6319585,81719275
2022-12-26,000960.SZ,12.29,12.43,12.28,12.35,6981480,90909281
2022-12-27,000960.SZ,12.42,12.66,12.33,12.66,14753485,194559565
2022-12-28,000960.SZ,12.78,13.61,12.65,13.49,63804897,892630129
2022-12-29,000960.SZ,13.34,13.38,13.04,13.14,26650857,370019224
2022-12-30,000960.SZ,13.15,13.56,13.09,13.37,26332969,369648701
2023-01-03,000960.SZ,13.21,13.45,13.16,13.43,21544477,302637815
2023-01-04,000960.SZ,13.38,13.44,13.16,13.18,16848340,235917798
2023-01-05,000960.SZ,13.18,13.27,13.08,13.18,15380359,213926169
2023-01-06,000960.SZ,13.08,13.27,13.03,13.09,15885970,220079152
2023-01-09,000960.SZ,13.23,13.52,13.15,13.35,28468739,401314791
2023-01-10,000960.SZ,13.35,13.41,13.16,13.25,13613469,190345241
2023-01-11,000960.SZ,13.39,13.80,13.34,13.62,35009917,501980725
2023-01-12,000960.SZ,13.71,13.82,13.51,13.68,25186027,363663794
2023-01-13,000960.SZ,13.93,14.03,13.67,13.79,24790290,362203992
2023-01-16,000960.SZ,14.10,14.30,13.92,14.01,33216573,493536869
2023-01-17,000960.SZ,13.87,13.98,13.68,13.78,19879348,289129849
2023-01-18,000960.SZ,13.88,14.12,13.86,13.97,18487894,273010105
2023-01-19,000960.SZ,13.88,14.12,13.86,13.93,20725649,304861606
2023-01-20,000960.SZ,13.85,14.25,13.65,14.20,29186506,432211071
2023-01-30,000960.SZ,14.41,14.71,14.31,14.53,39451415,604894003
2023-01-31,000960.SZ,14.32,14.57,14.26,14.38,24041942,365265570
2023-02-01,000960.SZ,14.48,15.65,14.44,15.27,65034356,1037408647
2023-02-02,000960.SZ,15.07,15.11,14.80,15.03,36361891,573741080
2023-02-03,000960.SZ,14.89,14.89,14.47,14.65,29291501,452171142
2023-02-06,000960.SZ,14.21,14.34,13.99,14.29,23240427,347817841
2023-02-07,000960.SZ,14.22,14.39,14.13,14.36,23969887,360277286
2023-02-08,000960.SZ,14.34,14.44,14.24,14.26,18591661,280857990
2023-02-09,000960.SZ,14.15,14.40,14.13,14.36,19180792,288511958
2023-02-10,000960.SZ,14.32,14.35,13.93,14.02,23588526,350575718
2023-02-13,000960.SZ,13.96,14.23,13.91,14.15,16605800,246916521
2023-02-14,000960.SZ,14.18,14.53,14.15,14.39,29213588,443202816
2023-02-15,000960.SZ,14.23,14.45,14.11,14.16,20704916,311117820
2023-02-16,000960.SZ,14.24,14.32,13.61,13.83,22612389,334179620
2023-02-17,000960.SZ,13.83,14.11,13.82,13.85,18720455,275363627
2023-02-20,000960.SZ,13.84,14.60,13.82,14.50,37739970,569868597
2023-02-21,000960.SZ,14.81,15.31,14.68,15.14,63534636,1010321566
2023-02-22,000960.SZ,15.13,15.63,15.06,15.19,53060567,859320119
2023-02-23,000960.SZ,15.18,15.23,14.81,14.89,26238356,414810448
2023-02-24,000960.SZ,14.85,14.88,14.61,14.71,20098592,312170744
2023-02-27,000960.SZ,14.64,15.05,14.45,14.73,25310618,393991867
2023-02-28,000960.SZ,14.78,14.92,14.56,14.69,21143770,327973717
2023-03-01,000960.SZ,14.61,14.98,14.45,14.98,25354311,395365970
2023-03-02,000960.SZ,14.89,14.99,14.72,14.88,22959036,359579618
2023-03-03,000960.SZ,14.70,14.72,14.47,14.57,24517408,376858112
2023-03-06,000960.SZ,14.62,14.70,14.23,14.52,23916428,364347494
2023-03-07,000960.SZ,14.47,14.67,14.18,14.22,21249329,323890189
2023-03-08,000960.SZ,14.20,14.21,13.97,14.12,20179219,299275484
2023-03-09,000960.SZ,14.22,14.25,13.93,13.94,16847635,249218820
2023-03-10,000960.SZ,13.84,13.84,13.39,13.43,27178478,387330053
2023-03-13,000960.SZ,13.32,13.54,13.24,13.52,16369546,231358970
2023-03-14,000960.SZ,13.50,13.76,13.19,13.28,22911031,324630062
2023-03-15,000960.SZ,13.38,13.60,13.38,13.46,13984317,198714993
2023-03-16,000960.SZ,13.06,13.22,12.88,12.94,24783892,340475117
2023-03-17,000960.SZ,13.07,13.39,13.03,13.25,17561691,245100018
2023-03-20,000960.SZ,13.54,13.56,13.28,13.30,14934160,210973919
2023-03-21,000960.SZ,13.30,13.41,13.18,13.40,12327851,172980055
2023-03-22,000960.SZ,13.40,13.47,13.29,13.44,11268982,159302114
2023-03-23,000960.SZ,13.39,13.57,13.32,13.53,14365363,204409726
2023-03-24,000960.SZ,13.76,14.05,13.68,13.92,32359176,472541243
2023-03-27,000960.SZ,13.98,14.39,13.98,14.16,33659908,505367995
2023-03-28,000960.SZ,14.41,14.76,14.28,14.31,45657724,699366476
2023-03-29,000960.SZ,14.51,14.55,13.90,13.98,23423010,348251779
2023-03-30,000960.SZ,13.96,14.10,13.70,14.08,19782337,290142936
2023-03-31,000960.SZ,14.09,14.27,13.95,14.09,15628754,232680060
2023-04-03,000960.SZ,14.03,14.05,13.75,13.86,24340734,356115802
2023-04-04,000960.SZ,13.90,13.98,13.66,13.90,20240582,294671812
2023-04-06,000960.SZ,13.77,13.92,13.65,13.82,18230298,264690637
2023-04-07,000960.SZ,13.81,13.94,13.75,13.80,12720000,185764630
2023-04-10,000960.SZ,13.76,13.95,13.63,13.73,15569772,226296584
2023-04-11,000960.SZ,13.69,14.17,13.42,14.10,28454644,415854836
2023-04-12,000960.SZ,14.04,14.54,14.04,14.45,37792213,574144455
2023-04-13,000960.SZ,14.48,14.58,14.03,14.07,22728327,341670639
2023-04-14,000960.SZ,14.21,14.53,14.20,14.52,31753114,484544780
2023-04-17,000960.SZ,15.02,15.98,14.87,15.98,104939372,1735961875
2023-04-18,000960.SZ,16.57,17.03,16.29,16.47,174660075,3053459227
2023-04-19,000960.SZ,16.31,16.55,15.62,16.03,90950088,1542647402
2023-04-20,000960.SZ,15.98,15.98,15.37,15.66,60136656,993730395
2023-04-21,000960.SZ,15.53,15.61,14.85,14.90,50734153,812376568
2023-04-24,000960.SZ,14.93,15.26,14.67,14.85,41255914,652540796
2023-04-25,000960.SZ,14.97,15.05,14.19,14.46,36407781,556882232
2023-04-26,000960.SZ,14.22,14.52,13.92,14.34,30276918,455868932
2023-04-27,000960.SZ,14.18,14.20,13.98,14.05,27107243,402305280
2023-04-28,000960.SZ,14.07,14.69,14.07,14.62,30748602,469711439
2023-05-04,000960.SZ,14.40,14.77,14.34,14.49,25765265,395526831
2023-05-05,000960.SZ,14.34,14.34,13.65,13.72,43913276,640796647
2023-05-08,000960.SZ,13.80,14.22,13.77,14.22,24931041,369557951
2023-05-09,000960.SZ,14.25,14.60,13.97,14.00,26987114,405190835
2023-05-10,000960.SZ,14.11,14.17,13.95,14.11,14474632,214748104
2023-05-11,000960.SZ,14.03,14.25,13.93,14.16,16048735,238915193
2023-05-12,000960.SZ,13.87,13.88,13.44,13.51,29329018,420413146
2023-05-15,000960.SZ,13.53,13.60,13.27,13.60,19138438,269202210
2023-05-16,000960.SZ,13.61,13.63,13.32,13.39,14080726,198311009
2023-05-17,000960.SZ,13.29,13.41,13.19,13.33,11574076,161144720
2023-05-18,000960.SZ,13.46,13.47,13.25,13.41,13672914,191065927
2023-05-19,000960.SZ,13.28,13.40,13.17,13.34,14336030,198961325
2023-05-22,000960.SZ,13.35,13.36,13.19,13.28,12869088,178319822
2023-05-23,000960.SZ,13.26,13.26,13.02,13.06,11615471,159438833
2023-05-24,000960.SZ,13.01,13.57,12.91,13.25,23173501,322919170
2023-05-25,000960.SZ,13.21,13.51,13.06,13.42,22490294,313264439
2023-05-26,000960.SZ,13.44,13.47,13.04,13.32,17678713,244615582
2023-05-29,000960.SZ,13.27,13.93,13.27,13.77,33096698,473352649
2023-05-30,000960.SZ,14.14,14.21,13.69,13.90,26979334,394223216
2023-05-31,000960.SZ,13.75,13.82,13.58,13.60,15136393,216696372
2023-06-01,000960.SZ,13.58,14.15,13.53,13.92,19959817,290307174
2023-06-02,000960.SZ,13.98,14.21,13.96,14.15,19891816,293788950
2023-06-05,000960.SZ,13.92,14.07,13.82,14.04,15292165,222880971
2023-06-06,000960.SZ,14.03,14.32,13.94,14.01,17791956,263113257
2023-06-07,000960.SZ,14.07,14.25,13.86,14.06,13224744,195006785
2023-06-08,000960.SZ,14.01,14.08,13.84,13.98,11807021,172408075
2023-06-09,000960.SZ,14.15,14.75,14.15,14.38,41454163,626829024
2023-06-12,000960.SZ,14.30,14.49,14.20,14.37,19797158,297012283
2023-06-13,000960.SZ,14.37,14.37,14.07,14.14,16931957,250840949
2023-06-14,000960.SZ,14.15,14.52,14.13,14.27,16320088,244761928
2023-06-15,000960.SZ,14.49,14.72,14.37,14.60,25760771,392527999
2023-06-16,000960.SZ,14.83,15.17,14.73,14.83,26039279,405741369
2023-06-19,000960.SZ,14.72,14.92,14.45,14.59,18356069,281068052
2023-06-20,000960.SZ,14.60,14.68,14.26,14.35,16558244,248842630
2023-06-21,000960.SZ,14.26,14.43,14.20,14.22,11985201,179426567
2023-06-26,000960.SZ,14.11,14.16,13.86,13.92,17294499,252576740
2023-06-27,000960.SZ,13.92,14.17,13.86,14.09,14201567,208086682
2023-06-28,000960.SZ,14.09,14.29,13.78,14.04,14236793,208311445
2023-06-29,000960.SZ,14.21,14.33,13.97,14.13,11318266,167468436
2023-06-30,000960.SZ,14.25,15.07,14.20,14.87,35883684,553561241
2023-07-03,000960.SZ,15.11,15.81,15.11,15.29,51399759,829564955
2023-07-04,000960.SZ,15.51,15.63,15.23,15.43,29855060,481443175
2023-07-05,000960.SZ,15.35,15.78,15.27,15.66,33940789,554166248
2023-07-06,000960.SZ,16.24,16.30,15.51,15.79,45762621,758148021
2023-07-07,000960.SZ,15.71,15.82,15.45,15.59,28620118,467551674
2023-07-10,000960.SZ,15.55,15.67,15.12,15.19,26637917,426883979
2023-07-11,000960.SZ,15.30,15.39,15.05,15.36,20036658,319637710
2023-07-12,000960.SZ,15.31,15.52,15.20,15.25,14340426,230472906
2023-07-13,000960.SZ,15.59,15.99,15.53,15.81,32419028,534043567
2023-07-14,000960.SZ,15.79,15.92,15.66,15.68,15326482,252949685
2023-07-17,000960.SZ,15.56,15.94,15.41,15.76,17518291,287963989
2023-07-18,000960.SZ,15.67,15.84,15.64,15.76,11904625,195964486
2023-07-19,000960.SZ,15.82,15.95,15.59,15.68,17853544,293610892
2023-07-20,000960.SZ,15.67,15.83,15.50,15.58,22419839,366309397
2023-07-21,000960.SZ,15.37,15.73,15.30,15.40,20099185,325749546
2023-07-24,000960.SZ,15.34,15.43,15.07,15.15,13761179,218910131
2023-07-25,000960.SZ,15.33,15.54,15.33,15.44,13911681,224668635
2023-07-26,000960.SZ,15.44,15.51,15.23,15.27,12795840,204987566
2023-07-27,000960.SZ,15.73,15.79,15.24,15.28,17868445,290389572
2023-07-28,000960.SZ,15.05,15.42,14.86,15.35,19135063,304403242
2023-07-31,000960.SZ,15.35,16.30,15.35,15.91,37412908,625310874
2023-08-01,000960.SZ,16.03,16.09,14.72,14.99,55183808,876338161
2023-08-02,000960.SZ,15.10,15.14,14.80,15.01,18192393,284939796
2023-08-03,000960.SZ,15.30,15.54,14.96,15.38,33319742,530477862
2023-08-04,000960.SZ,15.41,16.14,15.41,15.64,45823056,757378756
2023-08-07,000960.SZ,15.61,15.61,15.37,15.50,20300541,328055784
2023-08-08,000960.SZ,15.44,15.66,15.30,15.56,12840285,207844779
2023-08-09,000960.SZ,15.40,15.43,14.97,15.01,21602420,341970811
2023-08-10,000960.SZ,14.97,15.07,14.78,14.96,13457142,210029603
2023-08-11,000960.SZ,14.91,15.03,14.42,14.46,20075311,306520933
2023-08-14,000960.SZ,14.25,14.37,14.01,14.15,20594312,304582538
2023-08-15,000960.SZ,14.01,14.10,13.82,14.06,15597421,227576914
2023-08-16,000960.SZ,13.96,14.25,13.94,14.06,12619094,186026375
2023-08-17,000960.SZ,13.88,13.98,13.75,13.94,17936796,259910764
2023-08-18,000960.SZ,13.94,14.06,13.63,13.63,15937357,230414342
2023-08-21,000960.SZ,13.65,13.93,13.64,13.68,11286250,162663082
2023-08-22,000960.SZ,13.79,14.21,13.79,14.05,26342747,385966634
2023-08-23,000960.SZ,13.97,14.01,13.61,13.67,15136117,217903119
2023-08-24,000960.SZ,13.76,14.06,13.65,13.77,16030480,232293360
2023-08-25,000960.SZ,13.68,13.70,13.35,13.44,19147049,269917995
2023-08-28,000960.SZ,14.08,14.09,13.29,13.39,25935263,370704331
2023-08-29,000960.SZ,13.37,13.63,13.30,13.58,17444106,246531877
2023-08-30,000960.SZ,13.63,13.75,13.45,13.49,15723023,223382265
2023-08-31,000960.SZ,13.61,13.69,13.28,13.39,16675888,234423785
2023-09-01,000960.SZ,13.40,13.83,13.33,13.70,22638725,323571472
2023-09-04,000960.SZ,13.80,14.28,13.79,14.18,28630049,421487558
2023-09-05,000960.SZ,14.26,14.39,14.12,14.34,23479742,350454332
2023-09-06,000960.SZ,14.28,14.41,14.21,14.36,14083440,210793090
2023-09-07,000960.SZ,14.34,14.35,14.02,14.05,15131244,224072462
2023-09-08,000960.SZ,13.96,14.06,13.78,13.81,10717315,155538763
2023-09-11,000960.SZ,13.77,14.26,13.73,14.12,12978018,190348615
2023-09-12,000960.SZ,14.08,14.18,14.02,14.04,9458643,139401701
2023-09-13,000960.SZ,14.00,14.07,13.79,13.89,9684187,140787013
2023-09-14,000960.SZ,13.95,14.29,13.89,14.17,14967861,220798000
2023-09-15,000960.SZ,14.19,14.34,14.08,14.18,15015164,223313113
2023-09-18,000960.SZ,14.17,14.25,13.92,14.22,13159865,194440968
2023-09-19,000960.SZ,14.12,14.22,14.01,14.06,10276602,151635506
2023-09-20,000960.SZ,14.25,14.32,14.00,14.08,9093410,134095851
2023-09-21,000960.SZ,14.00,14.07,13.87,13.92,10059430,146749295
2023-09-22,000960.SZ,13.77,14.01,13.68,13.98,13669300,197699312
2023-09-25,000960.SZ,14.19,14.23,13.84,13.86,12167900,177968446
2023-09-26,000960.SZ,13.82,13.92,13.70,13.71,8097493,116718477
2023-09-27,000960.SZ,13.62,13.84,13.59,13.67,7525100,107874217
2023-09-28,000960.SZ,13.68,13.81,13.66,13.70,8571927,123084015
2023-10-09,000960.SZ,13.56,13.57,13.23,13.42,17274787,240823301
2023-10-10,000960.SZ,13.42,13.50,13.31,13.37,11618019,162791084
2023-10-11,000960.SZ,13.41,13.53,13.34,13.37,9810006,137789502
2023-10-12,000960.SZ,13.44,13.65,13.42,13.62,10750934,152340592
2023-10-13,000960.SZ,13.55,13.56,13.32,13.37,9368919,131102278
2023-10-16,000960.SZ,13.53,13.65,13.28,13.35,11490131,160823978
2023-10-17,000960.SZ,13.29,13.43,13.29,13.36,8377030,117174953
2023-10-18,000960.SZ,13.34,13.37,13.04,13.06,10028600,137937125
2023-10-19,000960.SZ,12.94,13.10,12.91,12.92,8006898,108681338
2023-10-20,000960.SZ,12.86,12.93,12.65,12.72,11455578,153018431
2023-10-23,000960.SZ,12.66,12.66,12.10,12.23,15236667,196023900
2023-10-24,000960.SZ,12.27,12.54,12.22,12.46,13454803,174641297
2023-10-25,000960.SZ,12.68,12.89,12.58,12.62,9652048,128326980
2023-10-26,000960.SZ,12.50,12.66,12.44,12.65,7782506,102133379
2023-10-27,000960.SZ,12.67,12.86,12.54,12.82,18839998,251776443
2023-10-30,000960.SZ,12.83,13.55,12.79,13.44,28386114,393824066
2023-10-31,000960.SZ,13.45,13.70,13.40,13.48,17982686,253773226
2023-11-01,000960.SZ,13.34,13.60,13.25,13.51,27209625,382159138
2023-11-02,000960.SZ,13.53,13.60,13.32,13.36,12804772,179787696
2023-11-03,000960.SZ,13.36,13.55,13.33,13.50,11267512,158773280
2023-11-06,000960.SZ,13.56,13.67,13.39,13.60,21312919,301088274
2023-11-07,000960.SZ,13.52,13.84,13.47,13.73,14783943,211878737
2023-11-08,000960.SZ,13.70,13.78,13.47,13.55,13031837,185497200
2023-11-09,000960.SZ,13.48,13.59,13.41,13.50,10271499,144983682
2023-11-10,000960.SZ,13.48,13.53,13.36,13.38,10457227,146956648
2023-11-13,000960.SZ,13.47,13.73,13.26,13.67,19790607,280147346
2023-11-14,000960.SZ,13.62,13.67,13.47,13.56,8158112,115638291
2023-11-15,000960.SZ,13.71,13.84,13.63,13.80,13063030,187990946
2023-11-16,000960.SZ,13.79,13.84,13.63,13.65,7022717,100545576
2023-11-17,000960.SZ,13.61,13.71,13.55,13.65,5587659,79625515
2023-11-20,000960.SZ,13.62,13.71,13.48,13.58,9871414,140024982
2023-11-21,000960.SZ,13.67,13.74,13.48,13.52,10096903,143958928
2023-11-22,000960.SZ,13.44,13.54,13.36,13.38,8976792,126100621
2023-11-23,000960.SZ,13.33,13.43,13.24,13.40,9754318,136021010
2023-11-24,000960.SZ,13.35,13.43,13.24,13.27,8103830,112775778
2023-11-27,000960.SZ,13.20,13.45,13.20,13.27,9941960,138201297
2023-11-28,000960.SZ,13.10,13.25,12.89,13.22,14961602,204379793
2023-11-29,000960.SZ,13.32,13.42,13.24,13.36,10729164,149802379
2023-11-30,000960.SZ,13.32,13.33,13.18,13.19,8013846,110954071
2023-12-01,000960.SZ,13.25,13.29,13.10,13.24,6233521,85991209
2023-12-04,000960.SZ,13.38,13.56,13.34,13.36,11937083,167621634
2023-12-05,000960.SZ,13.30,13.35,12.98,13.02,11801421,162404515
2023-12-06,000960.SZ,13.01,13.41,13.01,13.19,14764070,204648115
2023-12-07,000960.SZ,13.31,13.41,13.07,13.34,12287105,170484054
2023-12-08,000960.SZ,13.33,13.37,13.17,13.19,10209688,141274067
2023-12-11,000960.SZ,13.13,13.44,12.87,13.34,17417009,239379027
2023-12-12,000960.SZ,13.25,13.41,13.14,13.29,12705501,175999609
2023-12-13,000960.SZ,13.29,13.32,13.11,13.13,5640474,77867809
2023-12-14,000960.SZ,13.25,13.33,13.10,13.14,8197425,113117189
2023-12-15,000960.SZ,13.24,13.38,13.17,13.20,10235745,142091683
2023-12-18,000960.SZ,13.20,13.20,12.95,13.02,9069120,123918690
2023-12-19,000960.SZ,13.01,13.01,12.72,12.85,9266632,124338280
2023-12-20,000960.SZ,12.87,12.97,12.74,12.78,6622200,89176102
2023-12-21,000960.SZ,12.71,13.01,12.62,12.91,10542830,141326391
2023-12-22,000960.SZ,12.93,13.31,12.86,13.17,12481910,171450800
2023-12-25,000960.SZ,13.08,13.21,12.97,13.09,7968106,108999535
2023-12-26,000960.SZ,13.14,13.19,12.84,12.99,8356286,113587803
2023-12-27,000960.SZ,13.09,13.44,12.97,13.39,17202859,238281665
2023-12-28,000960.SZ,13.38,13.79,13.34,13.76,20258508,289571666
2023-12-29,000960.SZ,13.69,13.85,13.63,13.69,15411339,221499494
2024-01-02,000960.SZ,13.69,13.95,13.66,13.80,14787553,214248054
2024-01-03,000960.SZ,13.77,13.99,13.75,13.84,10747034,156136293
2024-01-04,000960.SZ,13.84,13.87,13.66,13.73,7561487,108672285
2024-01-05,000960.SZ,13.72,13.83,13.49,13.58,9270969,132434643
2024-01-08,000960.SZ,13.53,13.61,13.35,13.37,8216294,115759517
2024-01-09,000960.SZ,13.36,13.58,13.25,13.44,8328652,116761795
2024-01-10,000960.SZ,13.39,13.44,13.18,13.19,9820937,136558518
2024-01-11,000960.SZ,13.19,13.41,13.14,13.33,8631755,119759777
2024-01-12,000960.SZ,13.32,13.46,13.25,13.28,8827283,123374192
2024-01-15,000960.SZ,13.45,13.46,13.20,13.28,9501556,132233138
2024-01-16,000960.SZ,13.28,13.43,13.08,13.25,10855157,150516350
2024-01-17,000960.SZ,13.38,13.48,13.07,13.07,16766860,233146505
2024-01-18,000960.SZ,13.03,13.15,12.49,12.83,21856024,291596014
2024-01-19,000960.SZ,12.84,12.98,12.65,12.70,10185072,136089365
2024-01-22,000960.SZ,12.59,12.69,11.91,11.95,15778460,202611181
2024-01-23,000960.SZ,12.00,12.30,11.82,12.26,14653454,185196657
2024-01-24,000960.SZ,12.29,12.65,12.06,12.59,13700940,177251832
2024-01-25,000960.SZ,12.58,12.85,12.56,12.83,15476934,206485938
2024-01-26,000960.SZ,12.81,13.16,12.76,12.97,16415111,223074631
2024-01-29,000960.SZ,12.97,13.02,12.65,12.74,12198556,163388502
2024-01-30,000960.SZ,12.61,12.73,12.26,12.32,9256514,121230873
2024-01-31,000960.SZ,12.25,12.39,11.97,12.03,13917687,176989480
2024-02-01,000960.SZ,11.95,12.04,11.63,11.63,20063979,247422006
2024-02-02,000960.SZ,11.67,11.67,10.69,11.09,27940987,328554184
2024-02-05,000960.SZ,10.95,11.07,10.33,10.54,26680485,298089286
2024-02-06,000960.SZ,10.33,11.27,10.26,11.23,31023307,351811938
2024-02-07,000960.SZ,11.23,12.13,11.20,12.11,34610502,427519874
2024-02-08,000960.SZ,12.15,12.90,12.13,12.25,34776284,454479024
2024-02-19,000960.SZ,12.41,12.69,12.27,12.54,26208712,342546256
2024-02-20,000960.SZ,12.43,12.47,12.24,12.38,12315840,159395558
2024-02-21,000960.SZ,12.34,12.77,12.24,12.47,16822534,221517118
2024-02-22,000960.SZ,12.43,12.75,12.42,12.70,14000708,184805250
2024-02-23,000960.SZ,12.81,12.98,12.72,12.97,19520000,262673990
2024-02-26,000960.SZ,13.05,13.19,12.89,12.91,18178977,248488947
2024-02-27,000960.SZ,12.84,13.19,12.79,13.17,16126453,219080219
2024-02-28,000960.SZ,13.14,13.37,12.91,12.91,23053502,317646973
2024-02-29,000960.SZ,12.79,13.19,12.79,13.16,18412471,250903431
2024-03-01,000960.SZ,13.15,13.40,13.07,13.36,20110258,278825816
2024-03-04,000960.SZ,13.38,13.46,13.13,13.30,18807048,260942356
2024-03-05,000960.SZ,13.23,13.50,13.19,13.27,17871018,248814422
2024-03-06,000960.SZ,13.21,13.37,13.12,13.26,10856448,150196247
2024-03-07,000960.SZ,13.36,14.06,13.32,13.64,30163488,434165624
2024-03-08,000960.SZ,13.72,13.93,13.64,13.92,21180135,305562638
2024-03-11,000960.SZ,13.86,14.03,13.72,13.88,21967906,318575075
2024-03-12,000960.SZ,13.90,13.94,13.57,13.63,20172198,289931612
2024-03-13,000960.SZ,13.59,13.74,13.54,13.66,13166199,188085656
2024-03-14,000960.SZ,14.05,14.43,13.87,14.02,29709764,440706083
2024-03-15,000960.SZ,14.04,14.72,14.04,14.71,46812057,708586849
2024-03-18,000960.SZ,14.90,14.96,14.50,14.81,38243570,589046861
2024-03-19,000960.SZ,14.81,15.73,14.76,15.30,53813959,863270694
2024-03-20,000960.SZ,14.81,14.96,14.55,14.62,54301867,833141307
2024-03-21,000960.SZ,14.79,14.93,14.36,14.72,42944594,657487702
2024-03-22,000960.SZ,14.61,14.67,13.90,13.96,60760118,898982888
2024-03-25,000960.SZ,14.02,14.31,13.92,13.98,30812271,454212809
2024-03-26,000960.SZ,13.91,14.00,13.63,13.84,26258252,378545233
2024-03-27,000960.SZ,13.80,13.89,13.57,13.58,19094449,273580672
2024-03-28,000960.SZ,13.58,13.97,13.56,13.81,21009760,303262235
2024-03-29,000960.SZ,14.01,14.53,13.91,14.41,38431029,572408462
2024-04-01,000960.SZ,14.42,14.78,14.23,14.44,37639519,571288198
2024-04-02,000960.SZ,14.36,14.82,14.36,14.72,35857300,549318501
2024-04-03,000960.SZ,14.80,15.38,14.64,15.24,62923955,988780509
2024-04-08,000960.SZ,15.66,16.05,15.22,15.30,82533407,1350899064
2024-04-09,000960.SZ,15.55,16.04,15.33,15.54,63745355,1044300305
2024-04-10,000960.SZ,16.19,16.45,15.72,16.23,76416435,1286002538
2024-04-11,000960.SZ,15.86,17.05,15.53,16.26,100657448,1709285349
2024-04-12,000960.SZ,16.26,16.52,15.73,16.30,73808617,1242134295
2024-04-15,000960.SZ,15.97,17.02,15.47,17.01,77365996,1314287650
2024-04-16,000960.SZ,16.73,17.19,15.62,15.76,86878364,1487155289
2024-04-17,000960.SZ,15.59,16.12,15.59,16.02,53008461,879169806
2024-04-18,000960.SZ,16.02,16.73,15.95,16.73,63642246,1092053459
2024-04-19,000960.SZ,17.23,18.05,16.88,17.52,112641163,2052130410
2024-04-22,000960.SZ,18.14,18.52,17.02,17.03,120459832,2247457627
2024-04-23,000960.SZ,16.76,17.02,15.64,15.70,103148914,1743273808
2024-04-24,000960.SZ,15.73,16.20,15.47,15.97,62362262,1035419535
2024-04-25,000960.SZ,15.85,16.27,15.57,16.21,45532423,761544662
2024-04-26,000960.SZ,16.21,16.64,16.04,16.47,59403137,1016353304
2024-04-29,000960.SZ,16.15,16.15,15.71,15.97,57127824,950616291
2024-04-30,000960.SZ,16.11,16.25,15.68,15.77,44059929,735495187
2024-05-06,000960.SZ,15.57,16.21,15.47,16.18,44317908,735652910
2024-05-07,000960.SZ,16.37,16.60,16.09,16.13,40625538,691961656
2024-05-08,000960.SZ,15.94,16.23,15.80,15.92,27015559,451686119
2024-05-09,000960.SZ,15.87,16.40,15.87,16.21,34074694,578137327
2024-05-10,000960.SZ,16.65,16.88,16.10,16.65,55593745,957220974
2024-05-13,000960.SZ,16.23,16.37,15.97,16.25,37975745,641828092
2024-05-14,000960.SZ,16.59,16.80,16.36,16.72,48452170,840598019
2024-05-15,000960.SZ,16.54,17.01,16.45,16.69,43006597,752131768
2024-05-16,000960.SZ,16.74,16.98,16.16,16.21,46478193,802681576
2024-05-17,000960.SZ,16.30,16.45,16.02,16.42,31553679,535206142
2024-05-20,000960.SZ,16.84,17.38,16.56,17.15,70104731,1245816251
2024-05-21,000960.SZ,17.14,17.24,16.52,16.70,48862562,856506113
2024-05-22,000960.SZ,16.69,16.84,16.46,16.56,24572023,421215601
2024-05-23,000960.SZ,15.99,16.05,15.57,15.66,37638821,612951674
2024-05-24,000960.SZ,15.56,15.89,15.55,15.68,22870312,371131650
2024-05-27,000960.SZ,15.69,16.08,15.69,16.06,23055882,378995709
2024-05-28,000960.SZ,16.33,17.23,16.33,16.67,65645335,1138549226
2024-05-29,000960.SZ,16.71,17.49,16.56,17.33,57547574,1018212556
2024-05-30,000960.SZ,17.30,17.36,16.26,16.34,51548194,889148368
2024-05-31,000960.SZ,16.42,16.77,16.14,16.31,29966949,505162338
2024-06-03,000960.SZ,16.06,16.11,15.29,15.46,55731468,899479357
2024-06-04,000960.SZ,15.49,15.99,15.42,15.82,33310042,537816519
2024-06-05,000960.SZ,15.50,15.56,15.24,15.25,34597281,547572797
2024-06-06,000960.SZ,15.45,15.67,15.28,15.35,30125712,480655778
2024-06-07,000960.SZ,15.67,15.68,15.29,15.50,22268956,355184404
2024-06-11,000960.SZ,15.28,15.28,14.80,15.05,34951186,539350342
2024-06-12,000960.SZ,15.04,15.66,15.00,15.56,37782194,597288587
2024-06-13,000960.SZ,15.43,15.57,15.05,15.20,29030247,455912177
2024-06-14,000960.SZ,15.04,15.20,14.95,15.12,24019215,373064550
2024-06-17,000960.SZ,15.04,15.16,14.67,14.80,25576115,391034087
2024-06-18,000960.SZ,14.85,15.11,14.82,15.00,20841472,321507442
2024-06-19,000960.SZ,15.07,15.26,15.00,15.07,18277256,284815197
2024-06-20,000960.SZ,15.23,15.50,15.02,15.11,25049971,393620131
2024-06-21,000960.SZ,15.22,15.39,14.92,14.94,20278259,315132566
2024-06-24,000960.SZ,14.72,14.92,14.58,14.78,21492368,326849314
2024-06-25,000960.SZ,14.73,14.92,14.58,14.72,20445224,310210244
2024-06-26,000960.SZ,14.48,14.72,14.33,14.69,26479920,395480576
2024-06-27,000960.SZ,14.65,14.66,14.33,14.35,21378616,318487267
2024-06-28,000960.SZ,14.36,15.22,14.36,15.03,35036495,536898690
2024-07-01,000960.SZ,15.05,15.46,15.04,15.42,24701400,389653341
2024-07-02,000960.SZ,15.35,15.38,15.07,15.21,16161296,253118611
2024-07-03,000960.SZ,15.13,15.21,14.99,15.04,13837641,214804168
2024-07-04,000960.SZ,15.24,15.33,14.78,14.81,19260455,298810763
2024-07-05,000960.SZ,14.80,15.32,14.66,15.25,22659237,350746085
2024-07-08,000960.SZ,15.53,15.61,15.04,15.14,26183332,414070113
2024-07-09,000960.SZ,15.04,15.73,15.04,15.70,31099933,493461920
2024-07-10,000960.SZ,15.63,15.94,15.15,15.23,36760764,590387320
2024-07-11,000960.SZ,15.71,16.34,15.54,16.17,43578921,717997760
2024-07-12,000960.SZ,15.85,16.00,15.40,15.56,42123403,681225076
2024-07-15,000960.SZ,15.41,15.76,15.21,15.52,26295615,420971243
2024-07-16,000960.SZ,15.34,15.72,15.30,15.64,24107615,386587698
2024-07-17,000960.SZ,15.73,15.80,15.09,15.14,28941642,456323653
2024-07-18,000960.SZ,14.67,15.00,14.49,14.97,29812108,451693912
2024-07-19,000960.SZ,14.56,14.65,14.31,14.50,24940841,372369116
2024-07-22,000960.SZ,14.44,14.59,14.06,14.10,27356965,400783058
2024-07-23,000960.SZ,14.07,14.16,13.21,13.25,47352255,659226775
2024-07-24,000960.SZ,13.25,13.30,12.95,13.24,26612258,360191260
2024-07-25,000960.SZ,13.02,13.08,12.65,12.71,27210695,358899975
2024-07-26,000960.SZ,12.82,13.40,12.82,13.19,29228324,396970462
2024-07-29,000960.SZ,13.32,13.37,13.08,13.17,15243151,207329017
2024-07-30,000960.SZ,13.09,13.09,12.92,12.97,15605352,208717400
2024-07-31,000960.SZ,13.08,13.66,13.03,13.65,25090920,346566408
2024-08-01,000960.SZ,13.79,13.93,13.52,13.63,22872468,323166052
2024-08-02,000960.SZ,13.37,13.47,13.25,13.30,21122563,290469725
2024-08-05,000960.SZ,13.11,13.41,13.00,13.02,22598564,306776673
2024-08-06,000960.SZ,13.16,13.29,12.85,13.00,15841731,212624884
2024-08-07,000960.SZ,13.08,13.23,12.96,13.05,14151208,191249508
2024-08-08,000960.SZ,13.01,13.12,12.85,13.00,10789100,144328409
2024-08-09,000960.SZ,13.49,13.88,13.46,13.46,43985875,617620584
2024-08-12,000960.SZ,13.41,13.71,13.28,13.46,20319906,281573309
2024-08-13,000960.SZ,13.49,13.63,13.30,13.46,13764020,190607865
2024-08-14,000960.SZ,13.59,13.61,13.30,13.32,12995310,179985060
2024-08-15,000960.SZ,13.34,13.62,13.24,13.55,13281970,184272541
2024-08-16,000960.SZ,13.88,13.92,13.57,13.60,21516240,303773420
2024-08-19,000960.SZ,13.64,13.91,13.61,13.73,14876116,211338144
2024-08-20,000960.SZ,13.81,13.83,13.44,13.53,13176681,184538100
2024-08-21,000960.SZ,13.42,13.61,13.36,13.57,9649193,134401591
2024-08-22,000960.SZ,13.66,13.69,13.41,13.46,11988767,167127414
2024-08-23,000960.SZ,13.40,13.61,13.32,13.58,10633900,148036475
2024-08-26,000960.SZ,13.74,13.78,13.43,13.67,16950400,237130872
2024-08-27,000960.SZ,13.59,13.63,13.24,13.41,13925806,191864868
2024-08-28,000960.SZ,13.44,13.64,13.26,13.31,14509704,200908821
2024-08-29,000960.SZ,13.08,13.50,13.00,13.42,15399631,211293104
2024-08-30,000960.SZ,13.43,13.76,13.27,13.54,22921679,320629853
2024-09-02,000960.SZ,13.49,13.49,13.00,13.05,24611282,333977442
2024-09-03,000960.SZ,13.00,13.31,13.00,13.14,10778501,146236070
2024-09-04,000960.SZ,12.94,13.01,12.75,12.84,13483686,178686531
2024-09-05,000960.SZ,12.89,13.03,12.74,12.84,9616217,127261962
2024-09-06,000960.SZ,12.86,12.93,12.74,12.78,10309530,136105278
2024-09-09,000960.SZ,12.62,12.71,12.46,12.61,14100120,182403965
2024-09-10,000960.SZ,12.65,12.66,12.32,12.53,13183240,169279726
2024-09-11,000960.SZ,12.44,12.56,12.39,12.54,10841794,139216952
2024-09-12,000960.SZ,12.54,12.71,12.48,12.54,9440252,122442597
2024-09-13,000960.SZ,12.71,12.79,12.40,12.42,12708971,164805985
2024-09-18,000960.SZ,12.42,12.55,12.23,12.43,14098941,180226960
2024-09-19,000960.SZ,12.47,12.88,12.32,12.88,21418634,280598865
2024-09-20,000960.SZ,12.82,13.07,12.72,13.07,19741135,263672685
2024-09-23,000960.SZ,12.98,13.18,12.88,12.92,13937886,186696433
2024-09-24,000960.SZ,13.11,13.48,13.00,13.48,23393451,320374544
2024-09-25,000960.SZ,13.75,13.89,13.35,13.38,36558980,514651179
2024-09-26,000960.SZ,13.37,13.88,13.34,13.88,29643371,414736978
2024-09-27,000960.SZ,14.16,14.75,14.08,14.60,39787019,589468727
2024-09-30,000960.SZ,15.27,15.92,14.89,15.82,64163112,1022524458
2024-10-08,000960.SZ,17.37,17.37,15.54,16.43,81991842,1392876771
2024-10-09,000960.SZ,15.84,15.90,14.96,15.06,51642050,822089158
2024-10-10,000960.SZ,15.29,15.95,15.12,15.50,43979062,704038183
2024-10-11,000960.SZ,15.50,15.61,14.97,15.14,25358630,399292152
2024-10-14,000960.SZ,15.34,15.81,15.23,15.61,32630710,521757562
2024-10-15,000960.SZ,15.44,15.60,14.96,14.97,30264429,475840884
2024-10-16,000960.SZ,14.94,15.27,14.81,15.11,19780805,306937040
2024-10-17,000960.SZ,15.13,15.33,14.81,14.82,17977900,279425478
2024-10-18,000960.SZ,14.76,15.16,14.54,14.89,55491403,844114598
2024-10-21,000960.SZ,14.94,15.47,14.69,15.30,59723007,932085050
2024-10-22,000960.SZ,15.12,15.33,15.02,15.17,29711540,463406413
2024-10-23,000960.SZ,15.17,15.35,14.95,15.11,33101105,515921083
2024-10-24,000960.SZ,15.08,15.19,14.86,15.10,19749382,305405486
2024-10-25,000960.SZ,15.04,15.27,14.94,15.09,29277866,455069112
2024-10-28,000960.SZ,15.01,15.19,14.88,15.18,36562867,567473239
2024-10-29,000960.SZ,15.20,15.24,14.77,14.78,39711103,613021776
2024-10-30,000960.SZ,14.66,14.97,14.61,14.82,24677054,375329266
2024-10-31,000960.SZ,14.76,15.05,14.66,14.85,31832073,488721037
2024-11-01,000960.SZ,14.86,15.96,14.86,15.36,99516796,1593191296
2024-11-04,000960.SZ,15.70,15.72,15.26,15.62,51415774,821367601
2024-11-05,000960.SZ,15.51,15.96,15.46,15.87,60223292,977503458
2024-11-06,000960.SZ,15.87,16.17,15.74,15.84,54455830,895287543
2024-11-07,000960.SZ,15.49,15.93,15.41,15.91,46715348,756086330
2024-11-08,000960.SZ,16.17,16.27,15.51,15.75,62562876,1022795206
2024-11-11,000960.SZ,15.58,15.75,15.47,15.75,42326648,681494608
2024-11-12,000960.SZ,15.69,15.87,15.16,15.32,52573577,842169113
2024-11-13,000960.SZ,15.05,15.32,15.00,15.12,30863246,480964457
2024-11-14,000960.SZ,15.02,15.22,14.69,14.71,28147926,433050849
2024-11-15,000960.SZ,14.71,14.89,14.57,14.59,23108643,350518010
2024-11-18,000960.SZ,14.59,14.84,14.32,14.43,33352631,500858635
2024-11-19,000960.SZ,14.55,14.74,14.41,14.69,20004818,300708642
2024-11-20,000960.SZ,14.65,14.75,14.54,14.73,24414712,368775203
2024-11-21,000960.SZ,14.66,14.77,14.57,14.72,17583610,265899835
2024-11-22,000960.SZ,14.67,14.71,14.15,14.17,23884869,355167147
2024-11-25,000960.SZ,14.22,14.37,14.04,14.20,18381333,268864528
2024-11-26,000960.SZ,14.20,14.27,14.00,14.03,15627522,227522384
2024-11-27,000960.SZ,14.02,14.16,13.84,14.16,19133860,275632221
2024-11-28,000960.SZ,14.07,14.12,13.98,14.01,15080088,218230465
2024-11-29,000960.SZ,14.09,14.29,14.01,14.23,18789892,274568581
2024-12-02,000960.SZ,14.27,14.43,14.22,14.37,19885011,294001439
2024-12-03,000960.SZ,14.37,14.37,14.19,14.35,14993466,220587591
2024-12-04,000960.SZ,14.48,14.55,14.31,14.38,24407391,363267981
2024-12-05,000960.SZ,14.35,14.37,14.23,14.32,13337697,196478000
2024-12-06,000960.SZ,14.27,14.50,14.23,14.41,21124978,313103889
2024-12-09,000960.SZ,14.36,14.60,14.17,14.29,25165358,373343374
2024-12-10,000960.SZ,14.65,14.72,14.40,14.44,45280069,679664669
2024-12-11,000960.SZ,14.39,14.81,14.38,14.60,37412885,563885647
2024-12-12,000960.SZ,14.67,14.75,14.59,14.74,23436980,354806183
2024-12-13,000960.SZ,14.59,14.59,14.32,14.34,26717670,396649369
2024-12-16,000960.SZ,14.31,14.38,14.08,14.15,17391466,254343999
2024-12-17,000960.SZ,14.12,14.25,14.06,14.13,13728260,200257932
2024-12-18,000960.SZ,14.14,14.24,14.02,14.03,14902385,217000771
2024-12-19,000960.SZ,13.89,14.02,13.76,13.96,17035522,243416707
2024-12-20,000960.SZ,13.92,14.00,13.83,13.84,13545394,193690433
2024-12-23,000960.SZ,13.90,13.97,13.78,13.80,15488069,221623202
2024-12-24,000960.SZ,13.78,13.94,13.78,13.94,13323225,190098205
2024-12-25,000960.SZ,14.05,14.07,13.76,13.95,16832196,241499478
2024-12-26,000960.SZ,13.94,14.07,13.91,13.95,12267641,176912660
2024-12-27,000960.SZ,13.97,14.10,13.93,14.03,14421043,208170849
2024-12-30,000960.SZ,14.01,14.22,14.00,14.17,15131809,220122840
2024-12-31,000960.SZ,14.20,14.20,13.60,13.62,23019064,328876956
2025-01-02,000960.SZ,13.61,13.90,13.41,13.52,23043319,324131533
2025-01-03,000960.SZ,13.53,13.95,13.53,13.58,24335525,344387770
2025-01-06,000960.SZ,13.59,14.00,13.56,13.78,20004357,284110982
2025-01-07,000960.SZ,13.75,13.89,13.58,13.83,18544864,262875340
2025-01-08,000960.SZ,13.82,13.85,13.39,13.64,19406964,271895909
2025-01-09,000960.SZ,13.60,13.83,13.54,13.78,17695050,250425510
2025-01-10,000960.SZ,13.77,14.10,13.69,13.69,18129133,258939447
2025-01-13,000960.SZ,13.59,14.03,13.50,13.91,17962166,256268499
2025-01-14,000960.SZ,13.87,14.08,13.80,14.06,24088130,347184717
2025-01-15,000960.SZ,14.02,14.08,13.78,13.85,16471647,235550188
2025-01-16,000960.SZ,13.97,14.14,13.91,14.07,24185576,349547225
2025-01-17,000960.SZ,14.01,14.17,13.96,14.15,17850645,258972755
2025-01-20,000960.SZ,14.18,14.22,13.88,13.96,21221863,306418136
2025-01-21,000960.SZ,14.07,14.17,13.86,14.09,18864879,273023671
2025-01-22,000960.SZ,14.00,14.16,13.92,14.03,15288249,221172741
2025-01-23,000960.SZ,14.15,14.29,13.99,13.99,17270649,249806848
2025-01-24,000960.SZ,14.01,14.12,13.93,14.10,15055227,216253973
2025-01-27,000960.SZ,14.10,14.26,14.06,14.12,16755598,242803265
2025-02-05,000960.SZ,14.51,14.53,14.11,14.31,24069755,350694934
2025-02-06,000960.SZ,14.31,14.60,14.29,14.59,32138595,476771324
2025-02-07,000960.SZ,14.53,14.71,14.45,14.57,31018432,462435060
2025-02-10,000960.SZ,14.65,14.76,14.54,14.57,23015416,344155206
2025-02-11,000960.SZ,14.56,14.67,14.45,14.46,21619105,321481881
2025-02-12,000960.SZ,14.44,14.44,14.16,14.33,25810836,376963469
2025-02-13,000960.SZ,14.33,14.43,14.23,14.27,15717609,230187598
2025-02-14,000960.SZ,14.34,14.60,14.32,14.46,23441080,346103972
2025-02-17,000960.SZ,14.38,14.40,14.14,14.19,25399600,370126378
2025-02-18,000960.SZ,14.19,14.23,13.98,14.02,16571238,239269983
2025-02-19,000960.SZ,14.04,14.09,13.99,14.07,15109258,217037531
2025-02-20,000960.SZ,14.06,14.14,13.98,14.13,15092980,217269843
2025-02-21,000960.SZ,14.24,14.54,14.20,14.28,32927385,483822778
2025-02-24,000960.SZ,14.32,14.36,14.19,14.28,17051229,249396245
2025-02-25,000960.SZ,14.16,14.21,14.00,14.03,19868522,286663332
2025-02-26,000960.SZ,14.02,14.24,14.01,14.22,19409211,281161642
2025-02-27,000960.SZ,14.12,14.17,13.74,13.82,33198065,472208562
2025-02-28,000960.SZ,13.73,13.82,13.53,13.53,28415633,396754194
2025-03-03,000960.SZ,13.64,13.99,13.62,13.78,25767116,364932654
2025-03-04,000960.SZ,13.77,13.83,13.70,13.79,11589829,163339296
2025-03-05,000960.SZ,13.75,13.84,13.59,13.80,21722458,305459793
2025-03-06,000960.SZ,13.90,14.09,13.85,14.03,27244310,390178324
2025-03-07,000960.SZ,14.09,14.74,14.06,14.62,74285859,1105155359
2025-03-10,000960.SZ,14.83,15.05,14.67,14.89,54305883,825694272
2025-03-11,000960.SZ,14.75,15.20,14.69,15.17,54092693,831797440
2025-03-12,000960.SZ,15.17,15.26,14.86,14.98,36094914,556328021
2025-03-13,000960.SZ,15.05,15.13,14.79,15.02,29975726,457739672
2025-03-14,000960.SZ,16.53,16.53,16.08,16.16,213275623,3576938931
2025-03-17,000960.SZ,15.69,16.06,15.54,15.73,113573467,1826898371
2025-03-18,000960.SZ,15.73,15.92,15.50,15.57,64873537,1039415483
2025-03-19,000960.SZ,15.53,15.64,15.38,15.51,35401843,561625304
2025-03-20,000960.SZ,15.49,15.62,15.28,15.32,31579493,497593462
2025-03-21,000960.SZ,15.40,15.57,15.05,15.11,40156758,628175973
2025-03-24,000960.SZ,15.10,15.60,15.01,15.45,51178474,803902156
2025-03-25,000960.SZ,15.34,15.62,15.10,15.30,35529004,557667161
2025-03-26,000960.SZ,15.63,15.83,15.30,15.36,58484521,931576350
2025-03-27,000960.SZ,15.16,15.39,15.02,15.18,35447131,549050783
2025-03-28,000960.SZ,15.20,15.90,14.82,15.62,78394526,1231051665
2025-03-31,000960.SZ,15.15,15.15,14.81,14.90,70532921,1077878399
2025-04-01,000960.SZ,15.20,15.54,15.13,15.20,53781504,841389327
2025-04-02,000960.SZ,15.35,15.98,15.26,15.64,83645302,1343048983
2025-04-03,000960.SZ,15.29,15.51,14.96,14.99,70598259,1096760897
2025-04-07,000960.SZ,13.96,14.07,13.50,13.50,55283399,771941657
2025-04-08,000960.SZ,13.39,13.47,12.94,13.13,57683326,776051060
2025-04-09,000960.SZ,12.72,13.16,12.34,13.08,58418636,765034964
2025-04-10,000960.SZ,13.29,13.44,13.15,13.18,64052874,869942208
2025-04-11,000960.SZ,13.05,13.42,13.03,13.34,40138416,544182050
2025-04-14,000960.SZ,13.54,13.85,13.47,13.60,42780417,596541544
2025-04-15,000960.SZ,13.80,13.88,13.60,13.81,43508192,612603188
2025-04-16,000960.SZ,13.88,13.91,13.47,13.55,31283076,436102704
2025-04-17,000960.SZ,13.56,13.66,13.51,13.55,22338000,310444912
2025-04-18,000960.SZ,13.55,13.55,13.41,13.53,17590216,242440180
2025-04-21,000960.SZ,13.54,13.88,13.48,13.84,28707912,403127472
2025-04-22,000960.SZ,13.76,13.87,13.70,13.75,22777782,321322591
2025-04-23,000960.SZ,13.83,13.87,13.73,13.80,21079352,297621444
2025-04-24,000960.SZ,13.85,13.89,13.65,13.68,16467077,231681993
2025-04-25,000960.SZ,13.75,13.92,13.74,13.81,23230025,328810485
2025-04-28,000960.SZ,13.86,13.86,13.63,13.66,19240000,269722698
2025-04-29,000960.SZ,13.60,13.67,13.49,13.56,19069399,264996991
2025-04-30,000960.SZ,13.57,13.61,13.48,13.48,21542200,298509193
2025-05-06,000960.SZ,13.57,13.82,13.56,13.79,29714412,417249506
2025-05-07,000960.SZ,13.92,14.02,13.77,13.86,24355683,345248887
2025-05-08,000960.SZ,13.78,13.94,13.76,13.90,17704756,251301423
2025-05-09,000960.SZ,13.90,13.90,13.74,13.79,16717100,236091104
2025-05-12,000960.SZ,13.92,14.12,13.87,14.11,24725576,350062582
2025-05-13,000960.SZ,14.18,14.25,14.07,14.11,19749311,281830376
2025-05-14,000960.SZ,14.15,14.36,14.10,14.36,26720417,384729173
2025-05-15,000960.SZ,14.31,14.32,14.06,14.10,21264392,304318780
2025-05-16,000960.SZ,14.10,14.24,14.07,14.10,15871729,226542784
2025-05-19,000960.SZ,14.07,14.12,14.00,14.08,14071801,199553291
2025-05-20,000960.SZ,14.10,14.25,14.03,14.13,15263736,217577813
2025-05-21,000960.SZ,14.15,14.28,14.14,14.26,17552164,251905612
2025-05-22,000960.SZ,14.17,14.18,13.91,13.94,22898104,324302000
2025-05-23,000960.SZ,13.93,14.11,13.92,13.95,20099529,284476449
2025-05-26,000960.SZ,13.95,14.03,13.86,13.94,15002933,211084484
2025-05-27,000960.SZ,13.93,13.96,13.67,13.75,18680492,259171793
2025-05-28,000960.SZ,13.75,13.82,13.67,13.69,12828966,178179270
2025-05-29,000960.SZ,13.66,13.80,13.63,13.77,13425403,186265884
2025-05-30,000960.SZ,13.64,13.65,13.51,13.58,18288858,250632494
2025-06-03,000960.SZ,13.56,13.71,13.53,13.68,14197336,195569319
2025-06-04,000960.SZ,13.72,14.00,13.72,14.00,24919588,350041902
2025-06-05,000960.SZ,14.03,14.07,13.94,13.98,16095879,227464080
2025-06-06,000960.SZ,14.10,14.19,14.06,14.09,22115478,314992730
2025-06-09,000960.SZ,14.09,14.15,14.01,14.14,20465797,291080800
2025-06-10,000960.SZ,14.19,14.21,13.98,14.07,20564345,292873617
2025-06-11,000960.SZ,14.08,14.44,14.04,14.33,33300801,481125327
2025-06-12,000960.SZ,14.30,14.37,14.20,14.35,16277900,234957071
2025-06-13,000960.SZ,14.44,14.48,14.27,14.36,25368400,367986521
2025-06-16,000960.SZ,14.23,14.48,14.23,14.30,19283487,279144007
2025-06-17,000960.SZ,14.31,14.37,14.25,14.33,13118736,189603369
2025-06-18,000960.SZ,14.28,14.35,14.11,14.22,14049210,201464903
2025-06-19,000960.SZ,14.22,14.23,13.88,13.94,17324132,245212520
2025-06-20,000960.SZ,13.93,14.03,13.91,13.93,13722401,193439274
2025-06-23,000960.SZ,13.95,14.09,13.94,13.99,13137150,185925046
2025-06-24,000960.SZ,13.98,14.31,13.95,14.27,20289400,291093477
2025-06-25,000960.SZ,14.27,14.36,14.22,14.35,20294311,292659530
2025-06-26,000960.SZ,14.47,14.65,14.44,14.49,30980416,454715730
2025-06-27,000960.SZ,14.64,15.48,14.61,15.36,79895905,1222804767
2025-06-30,000960.SZ,15.35,15.36,15.06,15.16,38348752,586489495
2025-07-01,000960.SZ,15.16,15.43,14.96,15.42,36515849,560042473
2025-07-02,000960.SZ,15.35,15.64,15.31,15.46,39963768,624378247
2025-07-03,000960.SZ,15.48,15.70,15.40,15.67,33559546,527698361
2025-07-04,000960.SZ,15.53,15.70,15.46,15.53,28375872,445880231
2025-07-07,000960.SZ,15.41,15.59,15.36,15.45,21975000,343686519
2025-07-08,000960.SZ,15.49,15.80,15.46,15.63,26028571,411767782
2025-07-09,000960.SZ,15.70,15.74,15.33,15.35,25956726,405630284
2025-07-10,000960.SZ,15.36,15.62,15.34,15.60,21881042,342875580
2025-07-11,000960.SZ,15.61,15.94,15.61,15.71,39405604,627820760
2025-07-14,000960.SZ,15.81,16.10,15.73,15.95,34934772,562793876
2025-07-15,000960.SZ,15.95,16.43,15.95,16.10,38963043,635856547
2025-07-16,000960.SZ,16.04,16.18,15.87,16.10,20950622,339014660
2025-07-17,000960.SZ,16.05,16.15,15.84,15.94,23538620,378638729
2025-07-18,000960.SZ,16.06,16.71,16.02,16.56,54025189,900160724
2025-07-21,000960.SZ,16.66,17.22,16.55,17.10,46320988,795140581
2025-07-22,000960.SZ,17.04,17.70,16.98,17.66,49396699,867559085
2025-07-23,000960.SZ,17.73,17.83,17.52,17.58,43199955,770760009
2025-07-24,000960.SZ,17.74,18.81,17.70,18.72,65293035,1209603743
2025-07-25,000960.SZ,18.51,18.92,18.33,18.78,45088628,850117804
2025-07-28,000960.SZ,18.41,18.64,18.03,18.58,41404469,769460909
2025-07-29,000960.SZ,18.43,18.58,18.23,18.53,31277909,580330934
2025-07-30,000960.SZ,18.51,18.67,18.01,18.21,36140155,666697737
2025-07-31,000960.SZ,17.75,17.98,17.55,17.67,39319276,703929782
2025-08-01,000960.SZ,17.67,17.87,17.56,17.69,21283485,380258212
2025-08-04,000960.SZ,17.69,17.98,17.60,17.77,20552607,369664812
2025-08-05,000960.SZ,17.83,17.97,17.74,17.81,14611334,263309636
2025-08-06,000960.SZ,17.78,18.04,17.72,18.02,20151617,364742109
2025-08-07,000960.SZ,18.08,18.20,17.57,17.87,20818235,374926170
2025-08-08,000960.SZ,17.79,18.41,17.73,18.33,29246909,537481510
2025-08-11,000960.SZ,18.26,18.50,18.14,18.23,27826099,513699076
2025-08-12,000960.SZ,18.23,18.44,18.02,18.33,20976322,386677833
2025-08-13,000960.SZ,18.43,18.80,18.23,18.66,30552846,570964677
2025-08-14,000960.SZ,18.58,18.82,18.20,18.22,25034802,466438903
2025-08-15,000960.SZ,18.13,18.72,18.02,18.43,26435397,491673447
2025-08-18,000960.SZ,18.38,18.58,18.13,18.23,30157287,556188059
2025-08-19,000960.SZ,18.18,18.37,17.99,18.21,23896585,438644981
2025-08-20,000960.SZ,18.44,19.60,18.44,19.11,52074679,1004689651
2025-08-21,000960.SZ,19.37,19.78,19.12,19.46,41958689,824348693
2025-08-22,000960.SZ,19.25,19.61,19.17,19.31,29244881,570755221
2025-08-25,000960.SZ,19.94,20.68,19.81,20.32,49748304,1016176267
2025-08-26,000960.SZ,20.22,20.49,20.00,20.22,31984295,653887521
2025-08-27,000960.SZ,20.22,20.43,19.60,19.63,39244994,794553641
2025-08-28,000960.SZ,19.56,20.36,19.30,20.19,37881461,757316062
2025-08-29,000960.SZ,20.34,21.94,20.26,21.65,61872272,1318517347
2025-09-01,000960.SZ,22.00,23.05,21.30,22.85,62302634,1408056404
2025-09-02,000960.SZ,22.79,22.79,21.45,21.72,61368341,1362572753
2025-09-03,000960.SZ,21.99,22.11,20.74,21.17,48449869,1040883395
2025-09-04,000960.SZ,21.10,21.43,19.90,20.19,40260443,836926674
2025-09-05,000960.SZ,20.17,20.98,20.12,20.97,34290205,713906084
2025-09-08,000960.SZ,21.16,21.40,20.71,20.85,31072426,656552765
2025-09-09,000960.SZ,20.81,21.97,20.59,21.24,45528059,982128607
2025-09-10,000960.SZ,21.00,21.59,20.81,21.27,28022771,598679584
2025-09-11,000960.SZ,21.31,22.08,21.17,21.84,33511804,733593169
2025-09-12,000960.SZ,21.87,22.92,21.82,22.53,43780350,989310992
2025-09-15,000960.SZ,22.61,22.61,21.50,21.64,40217827,885316586
2025-09-16,000960.SZ,21.80,21.89,20.67,21.28,40650273,864521280
2025-09-17,000960.SZ,21.15,21.68,20.86,21.62,27901240,598190010
2025-09-18,000960.SZ,21.16,21.25,20.01,20.25,52154145,1088026478
2025-09-19,000960.SZ,20.18,20.68,20.05,20.40,29196533,601260127
2025-09-22,000960.SZ,20.81,21.13,20.12,20.39,26146599,538294309
2025-09-23,000960.SZ,20.34,20.66,19.53,19.88,35899932,722297546
2025-09-24,000960.SZ,19.78,20.41,19.72,20.41,25289650,512375197
2025-09-25,000960.SZ,21.01,21.07,20.19,20.31,39613417,818181888
2025-09-26,000960.SZ,20.20,20.71,20.10,20.22,26190015,538274179
2025-09-29,000960.SZ,20.16,20.87,20.03,20.84,30061785,623696264
2025-09-30,000960.SZ,22.79,22.92,22.79,22.92,50163702,1159793135
2025-10-09,000960.SZ,23.96,25.12,23.78,24.90,109496428,2719251260
2025-10-10,000960.SZ,24.37,25.57,24.15,25.03,79141668,1993374117
2025-10-13,000960.SZ,23.78,24.87,23.61,24.66,68546576,1671645920
2025-10-14,000960.SZ,25.12,26.06,23.17,23.44,81161779,2014879455
2025-10-15,000960.SZ,23.68,23.77,22.65,23.33,50191347,1171910803
2025-10-16,000960.SZ,23.27,24.05,22.71,22.80,53216863,1255000447
2025-10-17,000960.SZ,23.04,23.30,21.85,21.95,40981238,926991149
2025-10-20,000960.SZ,21.96,22.24,21.66,21.86,34329516,760592616
2025-10-21,000960.SZ,22.02,22.84,21.90,22.42,39334669,891990583
2025-10-22,000960.SZ,21.79,22.45,21.68,22.24,24536391,547921809
2025-10-23,000960.SZ,22.12,22.46,21.57,22.44,24031001,534414168
2025-10-24,000960.SZ,22.61,22.94,22.28,22.90,34629205,791838167
2025-10-27,000960.SZ,23.05,24.09,23.03,24.01,66241247,1576695950
2025-10-28,000960.SZ,23.78,23.78,22.79,22.90,45200810,1059336186
2025-10-29,000960.SZ,23.07,24.36,23.07,24.24,52525384,1259116769
2025-10-30,000960.SZ,23.95,24.72,23.78,24.20,43326154,1062706040
2025-10-31,000960.SZ,24.09,24.21,23.42,23.47,30979879,744021432
2025-11-03,000960.SZ,23.41,23.70,22.10,23.02,41732491,955448029
2025-11-04,000960.SZ,22.80,22.88,21.53,21.81,37747444,841111656
2025-11-05,000960.SZ,21.35,22.19,21.28,22.10,32168297,706843917
2025-11-06,000960.SZ,22.05,22.85,22.00,22.70,34325915,781754435
2025-11-07,000960.SZ,22.47,22.85,22.29,22.74,21453616,489896437
2025-11-10,000960.SZ,23.01,23.67,22.94,23.27,35405107,831662494
2025-11-11,000960.SZ,23.43,23.82,22.79,23.04,23726251,555460184
2025-11-12,000960.SZ,23.33,24.35,23.24,24.01,53230261,1278345882
2025-11-13,000960.SZ,24.63,26.11,24.57,25.53,79970408,2039978332
2025-11-14,000960.SZ,24.75,25.32,24.55,24.55,44650190,1122995171
2025-11-17,000960.SZ,24.45,24.53,23.65,23.84,34334552,829160235
2025-11-18,000960.SZ,23.72,23.77,22.61,22.90,37508801,873850434
2025-11-19,000960.SZ,23.08,24.35,22.91,24.25,40288459,964114430
2025-11-20,000960.SZ,24.00,24.43,23.68,23.85,28915424,702534558
2025-11-21,000960.SZ,23.26,23.26,21.94,21.94,49019989,1107550191
2025-11-24,000960.SZ,22.19,22.98,22.08,22.28,39674151,898854384
2025-11-25,000960.SZ,22.62,23.73,22.32,23.37,48000164,1116756184
2025-11-26,000960.SZ,23.39,23.53,22.82,22.87,31285342,728761996
2025-11-27,000960.SZ,23.88,24.50,23.44,23.72,55339063,1337436463
2025-11-28,000960.SZ,23.74,24.59,23.48,24.46,43127397,1048904259
2025-12-01,000960.SZ,25.24,25.61,24.50,24.78,52638849,1329925563
2025-12-02,000960.SZ,24.41,24.55,24.13,24.38,29988788,736078281
2025-12-03,000960.SZ,24.57,26.09,24.32,25.44,65732189,1680298704
2025-12-04,000960.SZ,26.65,27.65,26.17,26.46,75539817,2044279685
2025-12-05,000960.SZ,26.64,26.96,26.04,26.76,48886644,1310934789
2025-12-08,000960.SZ,26.78,26.96,25.99,26.48,51521871,1372900355
2025-12-09,000960.SZ,26.25,26.26,24.85,25.03,51454958,1315557082
2025-12-10,000960.SZ,25.34,25.92,24.99,25.83,44886093,1151414356
2025-12-11,000960.SZ,25.57,25.88,24.93,24.95,36276919,929467878
2025-12-12,000960.SZ,25.86,26.41,25.67,26.19,56727844,1488290300
2025-12-15,000960.SZ,25.62,26.75,25.48,25.94,39657175,1047096614
2025-12-16,000960.SZ,25.49,25.74,24.59,25.03,42112801,1065242170
2025-12-17,000960.SZ,25.35,26.42,25.12,26.17,40651656,1060112816
2025-12-18,000960.SZ,26.66,27.34,26.30,26.74,38687132,1052301525
2025-12-19,000960.SZ,26.68,28.09,26.26,27.79,48767574,1347611660
2025-12-22,000960.SZ,27.79,28.53,27.54,28.14,43418336,1228138814
2025-12-23,000960.SZ,27.84,28.20,27.39,27.65,37694973,1055783121
2025-12-24,000960.SZ,27.54,27.65,26.86,27.22,41276018,1130611461
2025-12-25,000960.SZ,26.45,26.86,26.21,26.69,38398743,1030643865
2025-12-26,000960.SZ,26.99,27.62,26.50,27.53,44705372,1224414345
2025-12-29,000960.SZ,28.01,28.38,27.00,27.15,46957727,1309825712
2025-12-30,000960.SZ,25.78,27.54,25.75,27.31,50605284,1370308415
2025-12-31,000960.SZ,27.22,28.03,26.98,27.62,40497333,1126232760
2026-01-05,000960.SZ,28.02,28.29,27.34,28.02,39670964,1118355983
2026-01-06,000960.SZ,28.47,30.82,28.41,30.82,67235220,2043251170
2026-01-07,000960.SZ,31.38,32.57,31.15,31.90,75034595,2416918658
2026-01-08,000960.SZ,31.60,32.81,30.77,31.08,49744609,1585527969
2026-01-09,000960.SZ,30.72,33.66,30.72,33.51,56886416,1880181461
2026-01-12,000960.SZ,34.41,36.31,33.32,35.56,67341045,2356424207
2026-01-13,000960.SZ,35.22,37.33,34.69,36.49,62604594,2286442228
2026-01-14,000960.SZ,37.50,40.10,37.46,39.63,69813995,2737994728
2026-01-15,000960.SZ,40.52,42.45,38.84,40.22,89730546,3671934210
2026-01-16,000960.SZ,39.62,40.65,38.19,38.26,77593607,3069521810
2026-01-19,000960.SZ,37.59,37.94,36.54,37.16,76152199,2852648313
2026-01-20,000960.SZ,38.15,38.43,36.11,37.77,63519300,2402210903
2026-01-21,000960.SZ,37.87,40.71,36.89,40.59,67284209,2643188093
2026-01-22,000960.SZ,39.44,40.32,38.49,39.57,49899188,1981131738
2026-01-23,000960.SZ,40.32,42.18,39.90,41.59,54530181,2255856412
2026-01-26,000960.SZ,43.94,45.75,43.81,45.51,72778721,3302830326
2026-01-27,000960.SZ,43.50,45.04,41.44,44.07,82035675,3580528515
2026-01-28,000960.SZ,43.64,47.47,42.51,46.43,71819453,3269627160
2026-01-29,000960.SZ,46.45,47.86,42.58,43.20,91338577,4108046564
2026-01-30,000960.SZ,41.71,42.07,38.88,39.54,87417015,3505693043
2026-02-02,000960.SZ,36.46,37.62,35.59,35.59,104179367,3829198424
2026-02-03,000960.SZ,35.65,36.12,34.68,35.96,94040922,3353359247
2026-02-04,000960.SZ,36.75,37.42,36.01,36.62,60040070,2211515159
2026-02-05,000960.SZ,35.45,36.36,33.88,34.77,76979587,2706826014
2026-02-06,000960.SZ,32.97,35.23,32.57,34.68,48971753,1696055762
2026-02-09,000960.SZ,35.36,35.68,34.72,35.52,39198665,1391338856
2026-02-10,000960.SZ,35.70,36.63,35.51,36.01,38690338,1403151767
2026-02-11,000960.SZ,36.35,37.50,36.20,36.82,55272738,2054110181
2026-02-12,000960.SZ,36.99,38.63,36.79,37.74,53861210,2048338855
2026-02-13,000960.SZ,36.53,36.83,35.71,35.73,53624424,1953841000
2026-02-24,000960.SZ,37.25,37.30,36.21,36.64,53369540,1978725210
2026-02-25,000960.SZ,37.48,40.31,37.47,39.93,84451037,3348772533
2026-02-26,000960.SZ,40.88,42.08,39.85,40.05,99755722,4107797242
2026-02-27,000960.SZ,39.92,44.05,39.77,44.05,88871072,3850568634
2026-03-02,000960.SZ,46.18,48.46,45.16,48.46,130349265,6190157801
2026-03-03,000960.SZ,45.37,46.65,43.62,43.62,112109472,5065057511
2026-03-04,000960.SZ,41.07,44.23,41.07,42.21,92872161,3983278220
2026-03-05,000960.SZ,42.70,43.29,40.23,40.76,74418540,3096216981
2026-03-06,000960.SZ,41.14,41.31,39.40,40.02,51209062,2076183719
2026-03-09,000960.SZ,37.92,38.81,36.58,38.59,74613873,2836230490
2026-03-10,000960.SZ,39.74,39.92,38.98,39.60,44507812,1770435104
2026-03-11,000960.SZ,39.74,40.36,38.73,38.80,45525376,1804568061
2026-03-12,000960.SZ,38.53,38.94,37.34,38.01,44575485,1709745115
2026-03-13,000960.SZ,37.89,38.49,36.43,36.63,44650000,1678857769
2026-03-16,000960.SZ,36.25,36.30,33.82,35.30,65289353,2292724496
2026-03-17,000960.SZ,35.60,36.45,34.88,34.91,39411802,1416986738
2026-03-18,000960.SZ,35.25,35.34,34.26,34.79,30715776,1071656331
2026-03-19,000960.SZ,33.40,34.05,32.29,32.55,51552180,1712074020
2026-03-20,000960.SZ,33.00,33.70,32.37,32.39,42593233,1417496408
2026-03-23,000960.SZ,31.85,32.15,29.86,30.08,54912428,1711764316
2026-03-24,000960.SZ,31.06,31.09,29.96,31.09,46647560,1434827324
2026-03-25,000960.SZ,32.45,32.77,31.57,31.82,64012218,2070005387
2026-03-26,000960.SZ,31.67,32.01,30.67,30.88,42223419,1327535579
2026-03-27,000960.SZ,30.39,32.97,30.39,32.27,50928238,1639589243
2026-03-30,000960.SZ,31.77,32.30,30.81,32.25,54409554,1730646977
2026-03-31,000960.SZ,32.24,32.63,31.19,31.34,44981049,1441943776
2026-04-01,000960.SZ,32.28,32.47,31.76,32.30,46543263,1503370965
2026-04-02,000960.SZ,31.78,31.92,30.29,30.63,45788982,1427342594
2026-04-03,000960.SZ,30.92,31.04,30.03,30.08,25552485,779912468
2026-04-07,000960.SZ,30.49,31.00,30.26,30.67,27091424,836224940
2026-04-08,000960.SZ,32.65,33.31,31.77,33.22,66377075,2185842237
2026-04-09,000960.SZ,32.22,32.96,31.89,32.41,39657388,1293608548
2026-04-10,000960.SZ,32.79,33.35,32.32,32.63,41597695,1374064959
2026-04-13,000960.SZ,32.06,32.61,32.04,32.40,29882219,973108844
2026-04-14,000960.SZ,33.76,34.24,33.22,33.63,59329136,2015369056
2026-04-15,000960.SZ,34.76,35.70,33.76,33.84,65807995,2298581649
2026-04-16,000960.SZ,34.76,35.41,33.96,35.16,60682062,2122117789
2026-04-17,000960.SZ,34.87,35.90,34.70,35.33,53843424,1921096092
2026-04-20,000960.SZ,35.55,38.83,35.55,37.29,87309811,3295715690
2026-04-21,000960.SZ,36.92,38.31,36.35,37.75,71536397,2707913670
2026-04-22,000960.SZ,37.54,40.72,37.54,40.30,96220831,3841955858
2026-04-23,000960.SZ,40.73,40.99,36.75,37.11,128820912,4965485160
2026-04-24,000960.SZ,36.64,38.06,36.25,37.68,78788531,2961022915
2026-04-27,000960.SZ,37.70,38.87,37.53,37.93,68589453,2630006455
2026-04-28,000960.SZ,36.24,36.24,34.62,34.69,90403051,3198142209
2026-04-29,000960.SZ,34.66,36.17,34.38,35.81,60899944,2172775860
2026-04-30,000960.SZ,35.44,36.18,34.88,35.25,49968875,1768456366
2026-05-06,000960.SZ,36.01,38.68,35.82,38.46,101102356,3781036164
2026-05-07,000960.SZ,39.30,40.68,39.20,40.00,107748263,4298961862
2026-05-08,000960.SZ,39.50,41.14,39.30,40.29,80557449,3234959073
2026-05-11,000960.SZ,40.98,42.38,40.39,41.31,91881930,3797059047
2026-05-12,000960.SZ,42.18,42.37,40.32,40.70,76140524,3132995547
2026-05-13,000960.SZ,41.00,41.41,39.72,40.36,67196626,2711448456
2026-05-14,000960.SZ,40.46,41.71,38.90,38.92,74913895,3009150693
2026-05-15,000960.SZ,38.39,38.49,36.13,36.52,80576767,2986413333
2026-05-18,000960.SZ,35.70,38.10,35.35,37.70,61397867,2271639939
2026-05-19,000960.SZ,37.32,37.46,35.40,36.35,54683031,1977500574
2026-05-20,000960.SZ,36.01,36.60,34.71,36.46,59415678,2118137683
2026-05-21,000960.SZ,37.55,39.37,36.18,36.29,79239375,3005562612
2026-05-22,000960.SZ,36.91,38.59,36.50,38.01,66043467,2482378716
2026-05-25,000960.SZ,38.50,40.44,38.21,39.84,88619282,3483881966
2026-05-26,000960.SZ,38.98,41.87,38.00,41.74,108394313,4391859263
2026-05-27,000960.SZ,41.51,42.19,38.82,39.08,78120040,3113657930
2026-05-28,000960.SZ,39.06,39.17,37.29,38.77,56055212,2145389577
2026-05-29,000960.SZ,39.80,40.17,36.86,37.50,62641347,2398677375
2026-06-01,000960.SZ,38.17,41.02,38.09,39.26,98220859,3908102606
2026-06-02,000960.SZ,40.70,43.19,40.54,43.19,115772453,4845255179
2026-06-03,000960.SZ,43.83,44.96,42.93,43.75,147566063,6500124710
2026-06-04,000960.SZ,43.00,43.43,41.61,41.84,94277317,3974572923
2026-06-05,000960.SZ,40.52,41.17,38.45,38.90,105606105,4180895758
2026-06-08,000960.SZ,36.01,36.97,35.01,35.01,111894664,3993407218
2026-06-09,000960.SZ,34.88,35.54,33.92,35.44,87352191,3037661219
2026-06-10,000960.SZ,33.86,34.45,33.20,33.97,72166798,2438272356
2026-06-11,000960.SZ,33.85,35.62,33.85,34.86,75636941,2638841295
2026-06-12,000960.SZ,36.18,38.35,35.44,37.65,139076885,5200592483
2026-06-15,000960.SZ,38.88,41.42,38.70,41.42,130486838,5258775951
2026-06-16,000960.SZ,41.69,43.05,41.38,41.64,127422660,5371414940
2026-06-17,000960.SZ,41.30,42.56,40.62,41.43,90990553,3772006923
2026-06-18,000960.SZ,41.83,43.29,40.70,41.74,109481475,4604593806
2026-06-22,000960.SZ,43.84,45.91,43.47,45.91,105165492,4774118134
2026-06-23,000960.SZ,48.21,48.77,42.01,42.45,190675756,8628046282
2026-06-24,000960.SZ,42.03,46.69,40.81,46.60,155979193,6778038046
2026-06-25,000960.SZ,45.60,47.86,44.13,44.42,156082705,7092006393
2026-06-26,000960.SZ,44.56,46.70,42.50,42.58,125672637,5546460645
2026-06-29,000960.SZ,43.47,46.63,43.12,44.83,136776239,6129220115
2026-06-30,000960.SZ,44.20,44.38,41.01,42.69,128657379,5399535543
2026-07-01,000960.SZ,42.70,44.79,41.96,42.32,104343191,4506396361
2026-07-02,000960.SZ,41.01,43.20,39.60,41.21,86446521,3571002051
2026-07-03,000960.SZ,41.21,42.27,40.46,40.48,81663511,3366771799
2026-07-06,000960.SZ,41.31,43.00,40.31,40.41,82105417,3415647207
2026-07-07,000960.SZ,39.10,39.44,37.04,37.31,85931909,3270723004
2026-07-08,000960.SZ,37.32,37.58,35.78,36.00,58105593,2117752607
2026-07-09,000960.SZ,36.08,37.36,34.15,37.27,81161546,2891789784
2026-07-10,000960.SZ,37.13,38.30,36.36,36.45,64754013,2417802647
2026-07-13,000960.SZ,35.50,35.88,34.05,34.18,50999938,1778936679
2026-07-14,000960.SZ,33.82,36.49,33.43,36.43,61210442,2132505519
2026-07-15,000960.SZ,36.01,36.17,33.50,33.51,70465546,2430034611
2026-07-16,000960.SZ,32.48,33.27,31.56,31.77,49539394,1602222162
2026-07-17,000960.SZ,31.49,32.08,29.85,30.01,54219067,1663926740
2026-07-20,000960.SZ,30.77,31.12,28.35,29.10,57877154,1722910326
2026-07-21,000960.SZ,29.24,31.21,27.50,31.12,72189171,2145897036
2026-07-22,000960.SZ,31.39,32.96,31.20,31.90,74921783,2408019834
2026-07-23,000960.SZ,32.15,33.24,31.62,32.83,54827521,1785525251
2026-07-24,000960.SZ,31.40,32.12,30.84,30.89,39404715,1234314651
2026-07-27,000960.SZ,31.50,32.60,31.08,32.58,42903077,1374072769
2026-07-28,000960.SZ,31.66,32.09,30.67,30.92,42844510,1338849239
2026-07-29,000960.SZ,30.86,32.73,30.54,32.00,52481250,1662816160
2026-07-30,000960.SZ,32.06,32.78,30.58,31.46,48557552,1533408759
2026-07-31,000960.SZ,32.90,34.50,32.70,34.10,85013769,2861543270
2026-08-03,000960.SZ,34.40,35.20,34.13,34.81,59122794,2055327612
2026-08-04,000960.SZ,35.05,36.79,35.05,36.34,60928976,2204174488
2026-08-05,000960.SZ,37.37,38.66,36.68,38.60,70406375,2676517417
2026-08-06,000960.SZ,39.30,40.30,38.11,39.25,91938748,3603896919
2026-08-07,000960.SZ,39.23,40.70,38.42,40.34,77762947,3089343052
2026-08-10,000960.SZ,40.30,40.95,39.56,40.50,67572866,2714182998
2026-08-11,000960.SZ,40.19,40.40,38.21,38.40,76502078,3000308210
2026-08-12,000960.SZ,38.42,40.07,38.17,39.24,51887253,2041564637
2026-08-13,000960.SZ,39.11,39.68,37.61,37.67,55499125,2140404887
2026-08-14,000960.SZ,37.68,38.84,37.37,38.61,38445532,1473873470
2026-08-17,000960.SZ,39.14,39.80,39.14,39.61,49120213,1940608232
2026-08-18,000960.SZ,39.24,40.18,38.40,38.93,43829233,1713851691
2026-08-19,000960.SZ,37.30,38.10,36.01,36.19,54266413,2002364109
2026-08-20,000960.SZ,37.69,37.80,36.66,36.95,45715054,1703504437
2026-08-21,000960.SZ,37.00,37.56,36.50,37.10,40013027,1480175051
2026-08-24,000960.SZ,37.39,37.50,35.24,36.03,56130422,2024613427
2026-08-25,000960.SZ,35.46,35.98,34.22,34.90,50319984,1751294286
2026-08-26,000960.SZ,35.02,36.55,34.70,35.57,47418342,1694761713
2026-08-27,000960.SZ,34.97,36.40,34.83,36.12,42269545,1515937387
2026-08-28,000960.SZ,36.25,36.66,35.75,36.27,35112656,1272343536
2026-08-31,000960.SZ,35.00,36.20,34.45,36.19,34527227,1228518767
2026-09-01,000960.SZ,37.20,37.25,35.40,35.47,32794017,1174915990
2026-09-02,000960.SZ,34.41,34.63,33.27,34.30,42177638,1434193684
2026-09-03,000960.SZ,34.69,34.88,34.22,34.55,23617810,816750484
2026-09-04,000960.SZ,34.89,34.99,33.21,33.42,31650954,1077837106
2026-09-07,000960.SZ,33.50,34.06,33.25,33.98,24578033,828551460
2026-09-08,000960.SZ,34.22,34.95,33.97,34.34,32569462,1125632817
2015-12-01,000967.SZ,9.56,9.93,9.33,9.59,5055870,130200584
2015-12-02,000967.SZ,9.63,9.64,9.00,9.21,3099145,76569237
2015-12-03,000967.SZ,9.00,9.33,8.96,9.26,3209967,78110202
2015-12-04,000967.SZ,9.17,9.70,9.07,9.70,6852696,171585047
2015-12-07,000967.SZ,9.70,9.75,9.36,9.57,5886302,149393673
2015-12-08,000967.SZ,9.61,9.61,9.26,9.33,3758176,93914761
2015-12-09,000967.SZ,9.32,9.32,8.83,8.92,4915153,117904033
2015-12-10,000967.SZ,8.81,9.07,8.53,8.60,2358727,55437189
2015-12-11,000967.SZ,8.61,9.00,8.43,8.73,2520949,58496925
2015-12-14,000967.SZ,8.73,8.73,8.51,8.62,1779309,40876767
2015-12-15,000967.SZ,8.64,9.38,8.60,9.22,3825175,91135929
2015-12-16,000967.SZ,9.08,9.38,9.00,9.17,2523130,61759357
2015-12-17,000967.SZ,9.26,9.81,9.26,9.72,6629106,168682175
2015-12-18,000967.SZ,9.56,9.93,9.56,9.69,3763892,97969036
2015-12-21,000967.SZ,9.62,9.73,9.38,9.54,3477150,88319367
2015-12-22,000967.SZ,9.54,9.60,9.31,9.50,2306991,58051660
2015-12-23,000967.SZ,9.56,9.72,9.37,9.50,2357514,59945306
2015-12-24,000967.SZ,9.63,9.75,9.41,9.73,1971218,50356697
2015-12-25,000967.SZ,9.60,10.09,9.60,10.03,4580667,121217070
2015-12-28,000967.SZ,10.03,10.45,10.03,10.08,4278182,117072056
2015-12-29,000967.SZ,10.08,10.23,9.52,9.99,4721811,123323967
2015-12-30,000967.SZ,9.99,10.09,9.74,10.06,2492396,65943137
2015-12-31,000967.SZ,10.06,10.20,9.90,10.07,2103037,56664316
2016-01-04,000967.SZ,9.96,10.18,9.14,9.15,1815490,46648925
2016-01-05,000967.SZ,8.58,9.33,8.41,8.84,2994491,71094632
2016-01-06,000967.SZ,9.05,9.19,8.69,9.17,2723139,65360529
2016-01-07,000967.SZ,9.03,9.03,8.25,8.25,1180300,26918604
2016-01-08,000967.SZ,8.46,8.55,7.68,7.99,3288904,71166154
2016-01-11,000967.SZ,7.95,7.95,7.19,7.19,3700125,74855936
2016-01-12,000967.SZ,7.39,7.39,6.93,7.16,2812049,53718638
2016-01-13,000967.SZ,7.18,7.37,6.94,7.02,1500298,28750340
2016-01-14,000967.SZ,6.82,7.30,6.75,7.23,2362653,44260290
2016-01-15,000967.SZ,7.22,7.23,6.64,6.71,2284617,42755593
2016-01-18,000967.SZ,6.67,7.09,6.56,7.05,1448858,26794690
2016-01-19,000967.SZ,7.05,7.47,7.01,7.37,1538583,29649627
2016-01-20,000967.SZ,7.27,7.54,7.09,7.20,2698941,52722468
2016-01-21,000967.SZ,7.12,7.20,6.71,6.77,2100387,39056133
2016-01-22,000967.SZ,6.93,7.02,6.62,6.96,1093037,19972847
2016-01-25,000967.SZ,7.08,7.14,6.82,6.91,1233200,23142012
2016-01-26,000967.SZ,6.90,6.90,6.22,6.37,2802956,48412031
2016-01-27,000967.SZ,6.37,6.52,5.81,6.09,3403131,54239946
2016-01-28,000967.SZ,5.98,6.06,5.48,5.58,3725917,56770974
2016-01-29,000967.SZ,5.59,5.99,5.50,5.99,5171638,79301824
2016-02-01,000967.SZ,5.99,6.06,5.73,6.05,2117848,33408101
2016-02-02,000967.SZ,6.15,6.47,6.03,6.37,2064866,34781236
2016-02-03,000967.SZ,6.34,6.66,6.22,6.66,1960804,33717593
2016-02-04,000967.SZ,6.75,6.88,6.44,6.67,2386315,42731247
2016-02-05,000967.SZ,6.71,6.77,6.36,6.59,2809087,48700347
2016-02-15,000967.SZ,6.22,6.65,6.22,6.49,1764866,30675927
2016-02-16,000967.SZ,6.55,6.77,6.48,6.74,1896352,33876328
2016-02-17,000967.SZ,6.75,6.86,6.66,6.78,1844639,33455119
2016-02-18,000967.SZ,6.85,6.99,6.76,6.84,2043259,37382099
2016-02-19,000967.SZ,6.85,6.87,6.71,6.81,1969323,35594637
2016-02-22,000967.SZ,7.11,7.17,6.94,7.08,2334229,43953513
2016-02-23,000967.SZ,7.08,7.12,6.82,7.07,1814232,33607749
2016-02-24,000967.SZ,7.03,7.09,6.89,7.05,1106702,20705402
2016-02-25,000967.SZ,7.08,7.08,6.35,6.86,1907654,34096939
2016-02-26,000967.SZ,6.68,6.85,6.37,6.71,1774162,31344394
2016-02-29,000967.SZ,6.56,6.70,6.07,6.37,1990756,33587475
2016-03-01,000967.SZ,6.45,6.74,6.11,6.74,3884582,66261832
2016-03-02,000967.SZ,6.67,7.17,6.64,7.00,5191775,95581491
2016-03-03,000967.SZ,6.97,7.10,6.84,6.98,3887724,71973329
2016-03-04,000967.SZ,6.90,7.02,6.67,6.79,3352294,60896372
2016-03-07,000967.SZ,6.79,7.10,6.79,6.89,2610285,48331941
2016-03-08,000967.SZ,6.88,7.11,6.59,6.99,2266560,41543826
2016-03-09,000967.SZ,6.71,7.04,6.67,7.01,1660378,30699971
2016-03-10,000967.SZ,7.00,7.05,6.65,6.69,1691527,30674621
2016-03-11,000967.SZ,6.59,6.73,6.41,6.67,1411161,24794289
2016-03-14,000967.SZ,6.78,6.93,6.69,6.80,1711974,31231207
2016-03-15,000967.SZ,6.75,6.80,6.58,6.66,1435089,25507075
2016-03-16,000967.SZ,6.71,6.71,6.25,6.65,3038703,52621783
2016-03-17,000967.SZ,6.66,6.89,6.65,6.71,5190390,93923094
2016-03-18,000967.SZ,6.64,7.02,6.49,6.90,6431302,116834118
2016-03-21,000967.SZ,6.97,7.12,6.77,7.10,5994454,111785212
2016-03-22,000967.SZ,7.02,7.30,6.95,7.14,4262074,81415612
2016-03-23,000967.SZ,7.16,7.38,7.01,7.34,3163147,60471677
2016-03-24,000967.SZ,7.22,7.28,6.98,7.01,3437218,65283921
2016-03-25,000967.SZ,6.94,7.06,6.86,6.99,1769611,32821864
2016-03-28,000967.SZ,7.07,7.12,6.86,6.97,1746774,32568450
2016-03-29,000967.SZ,6.90,7.05,6.79,6.90,1484860,27421604
2016-03-30,000967.SZ,6.95,7.17,6.92,7.17,3761112,70946461
2016-03-31,000967.SZ,7.20,7.26,7.10,7.19,2351500,45013560
2016-04-01,000967.SZ,7.18,7.18,6.94,7.15,2091293,39373397
2016-04-05,000967.SZ,7.08,7.36,7.07,7.35,3249579,62490583
2016-04-06,000967.SZ,7.25,7.90,7.25,7.45,4303901,86513586
2016-04-07,000967.SZ,7.46,7.63,7.31,7.35,3047581,60437453
2016-04-08,000967.SZ,7.15,7.32,7.08,7.16,1721234,33106462
2016-04-11,000967.SZ,7.29,7.42,7.20,7.34,2330248,45686921
2016-04-12,000967.SZ,7.23,7.37,7.14,7.22,1453003,28098927
2016-04-13,000967.SZ,7.26,7.43,7.26,7.31,2818994,55378446
2016-04-14,000967.SZ,7.64,8.04,7.60,7.72,8033856,167512019
2016-04-15,000967.SZ,7.68,7.80,7.48,7.65,3787112,76946217
2016-04-18,000967.SZ,7.64,7.76,7.46,7.68,2504900,50670915
2016-04-19,000967.SZ,7.65,7.73,7.55,7.64,2366997,48212829
2016-04-20,000967.SZ,7.63,7.67,7.01,7.22,3511753,68642926
2016-04-21,000967.SZ,7.16,7.45,7.07,7.08,2538826,49092207
2016-04-22,000967.SZ,7.07,7.38,7.02,7.34,4196297,81211063
2016-04-25,000967.SZ,7.32,7.38,7.24,7.33,2498959,48780348
2016-04-26,000967.SZ,7.32,7.52,7.25,7.52,2934122,57495654
2016-04-27,000967.SZ,7.50,7.59,7.33,7.46,2757005,54766524
2016-04-28,000967.SZ,7.46,7.64,7.44,7.59,2737218,54990129
2016-04-29,000967.SZ,7.58,7.59,7.46,7.51,1365849,27484847
2016-05-03,000967.SZ,7.55,7.92,7.48,7.87,3398444,70498868
2016-05-04,000967.SZ,7.85,7.92,7.78,7.82,2076252,43558765
2016-05-05,000967.SZ,7.76,7.91,7.76,7.89,1905232,39843045
2016-05-06,000967.SZ,7.93,7.98,7.55,7.57,2199378,45140011
2016-05-09,000967.SZ,7.46,7.63,7.23,7.44,2542152,50522521
2016-05-10,000967.SZ,7.44,7.53,7.23,7.46,1628851,32104489
2016-05-11,000967.SZ,7.53,7.63,7.42,7.56,1120296,22465114
2016-05-12,000967.SZ,7.53,7.55,7.31,7.50,917066,18221628
2016-05-13,000967.SZ,7.49,7.61,7.42,7.52,918291,18430376
2016-05-16,000967.SZ,7.49,7.59,7.42,7.56,1565266,31397832
2016-05-17,000967.SZ,7.57,7.59,7.38,7.40,1407611,28025671
2016-05-18,000967.SZ,7.25,7.37,7.05,7.23,1241972,23922602
2016-05-19,000967.SZ,7.23,7.35,7.14,7.23,1433356,27804032
2016-05-20,000967.SZ,7.22,7.34,7.17,7.33,832166,16093746
2016-05-23,000967.SZ,7.27,7.78,7.27,7.75,3249186,65581204
2016-05-24,000967.SZ,7.72,7.82,7.52,7.69,3128652,64127601
2016-05-25,000967.SZ,7.76,7.82,7.55,7.69,1333104,27233226
2016-05-26,000967.SZ,7.70,7.75,7.56,7.71,1587603,32465537
2016-05-27,000967.SZ,7.72,7.72,7.59,7.61,1245167,25404543
2016-05-30,000967.SZ,7.61,7.64,7.50,7.58,970095,19640691
2016-05-31,000967.SZ,7.60,7.80,7.55,7.78,3425476,70709471
2016-06-01,000967.SZ,7.81,7.98,7.74,7.94,3597343,75573151
2016-06-02,000967.SZ,7.94,8.02,7.81,7.87,2229362,46975818
2016-06-03,000967.SZ,7.88,7.95,7.78,7.88,2469168,51802121
2016-06-06,000967.SZ,7.95,7.98,7.72,7.77,1653809,34452075
2016-06-07,000967.SZ,7.78,7.83,7.68,7.76,1917721,39752505
2016-06-08,000967.SZ,7.76,7.76,7.64,7.71,1513220,31026982
2016-06-13,000967.SZ,7.68,7.69,7.34,7.34,2163420,43578344
2016-06-14,000967.SZ,7.13,7.43,7.13,7.26,2141090,41724863
2016-06-15,000967.SZ,7.18,7.42,7.12,7.42,2406845,47188657
2016-06-16,000967.SZ,7.45,7.48,7.37,7.37,1560488,30879973
2016-06-17,000967.SZ,7.36,7.61,7.36,7.45,1773224,35488835
2016-06-20,000967.SZ,7.47,7.47,7.28,7.39,1132599,22236542
2016-06-21,000967.SZ,7.46,7.49,7.33,7.36,1021341,20184054
2016-06-22,000967.SZ,7.31,7.49,7.31,7.43,995562,19595128
2016-06-23,000967.SZ,7.46,7.68,7.38,7.49,2084555,41832903
2016-06-24,000967.SZ,7.50,7.53,7.16,7.36,1197410,23467865
2016-06-27,000967.SZ,7.36,7.57,7.26,7.52,3661712,73162260
2016-06-28,000967.SZ,7.52,7.68,7.43,7.68,2774960,55789881
2016-06-29,000967.SZ,7.81,7.82,7.50,7.56,3636512,73935649
2016-06-30,000967.SZ,7.58,8.32,7.58,8.32,9625999,207953937
2016-07-01,000967.SZ,8.24,8.47,8.09,8.22,6727472,147722753
2016-07-04,000967.SZ,8.16,8.42,8.10,8.29,6257445,138830579
2016-07-05,000967.SZ,8.29,8.38,8.15,8.25,5158166,75536528
2016-07-06,000967.SZ,8.22,8.22,7.90,8.04,9198697,130656748
2016-07-07,000967.SZ,8.02,8.28,7.93,8.17,12094913,174818950
2016-07-08,000967.SZ,8.13,8.42,7.99,8.37,9021309,131456282
2016-07-11,000967.SZ,8.45,8.49,8.12,8.17,6291913,92539274
2016-07-12,000967.SZ,8.14,8.23,8.01,8.19,5286117,76218198
2016-07-13,000967.SZ,8.19,8.25,8.06,8.15,5320443,76711825
2016-07-14,000967.SZ,8.15,8.15,8.15,8.15,,
2016-07-15,000967.SZ,8.15,8.15,8.15,8.15,,
2016-07-18,000967.SZ,8.15,8.15,8.15,8.15,,
2016-07-19,000967.SZ,8.15,8.15,8.15,8.15,,
2016-07-20,000967.SZ,8.15,8.15,8.15,8.15,,
2016-07-21,000967.SZ,8.15,8.15,8.15,8.15,,
2016-07-22,000967.SZ,8.15,8.15,8.15,8.15,,
2016-07-25,000967.SZ,8.36,8.44,7.80,7.95,9862940,141201626
2016-07-26,000967.SZ,7.94,8.02,7.84,7.95,5639592,79536263
2016-07-27,000967.SZ,7.95,8.00,7.35,7.49,5935390,81120798
2016-07-28,000967.SZ,7.47,7.58,7.28,7.35,5274396,69188827
2016-07-29,000967.SZ,7.35,7.47,7.31,7.41,3235105,42342356
2016-08-01,000967.SZ,7.38,7.42,7.18,7.32,4105965,53200644
2016-08-02,000967.SZ,7.33,7.58,7.33,7.53,3110105,41282156
2016-08-03,000967.SZ,7.55,7.56,7.45,7.51,1581014,21079205
2016-08-04,000967.SZ,7.46,7.55,7.35,7.44,2206740,29083909
2016-08-05,000967.SZ,7.44,7.76,7.38,7.76,3022912,40124038
2016-08-08,000967.SZ,7.58,7.66,7.48,7.57,4635643,62167823
2016-08-09,000967.SZ,7.58,7.63,7.54,7.60,2677204,36057333
2016-08-10,000967.SZ,7.60,7.62,7.44,7.47,2776336,37017293
2016-08-11,000967.SZ,7.44,7.49,7.33,7.33,2657796,34840233
2016-08-12,000967.SZ,7.30,7.41,7.30,7.38,2247051,29336061
2016-08-15,000967.SZ,7.37,7.53,7.37,7.47,4004312,52991833
2016-08-16,000967.SZ,7.45,7.70,7.45,7.64,4428833,59522217
2016-08-17,000967.SZ,7.66,7.69,7.54,7.67,3245382,43825640
2016-08-18,000967.SZ,7.70,7.70,7.54,7.56,3213513,43253701
2016-08-19,000967.SZ,7.55,7.57,7.45,7.53,2253017,29997851
2016-08-22,000967.SZ,7.54,7.59,7.45,7.46,2420178,32266852
2016-08-23,000967.SZ,7.45,7.58,7.44,7.53,2867354,38326969
2016-08-24,000967.SZ,7.52,7.55,7.44,7.47,2873918,38240499
2016-08-25,000967.SZ,7.42,7.48,7.32,7.40,2179102,28524786
2016-08-26,000967.SZ,7.41,7.55,7.37,7.43,4402562,58416323
2016-08-29,000967.SZ,7.47,8.17,7.47,8.17,19103841,272963852
2016-08-30,000967.SZ,8.42,8.42,7.89,8.13,27018330,386232570
2016-08-31,000967.SZ,8.04,8.04,7.90,7.97,11268585,159214198
2016-09-01,000967.SZ,7.97,8.02,7.79,7.79,7467614,104339118
2016-09-02,000967.SZ,7.83,7.87,7.73,7.81,6154466,85138062
2016-09-05,000967.SZ,7.80,8.60,7.80,8.31,24013874,352586871
2016-09-06,000967.SZ,8.45,9.13,8.18,9.13,32166059,500455827
2016-09-07,000967.SZ,9.24,9.63,9.03,9.13,35829255,593309943
2016-09-08,000967.SZ,9.18,9.18,8.85,8.97,16954719,270381368
2016-09-09,000967.SZ,8.98,9.21,8.90,8.90,13732470,220782606
2016-09-12,000967.SZ,8.69,8.88,8.59,8.76,8666870,134545383
2016-09-13,000967.SZ,8.85,9.18,8.79,8.95,9675553,154210151
2016-09-14,000967.SZ,8.82,8.92,8.42,8.60,9401297,144210428
2016-09-19,000967.SZ,8.61,8.82,8.54,8.71,5668798,87952037
2016-09-20,000967.SZ,8.75,9.31,8.74,8.93,10979573,176612985
2016-09-21,000967.SZ,8.85,9.11,8.68,9.03,7959942,125309339
2016-09-22,000967.SZ,9.07,9.24,8.95,9.13,9520139,153566272
2016-09-23,000967.SZ,9.22,9.29,9.08,9.13,9570014,155767018
2016-09-26,000967.SZ,9.13,9.16,8.74,8.82,6545874,102963996
2016-09-27,000967.SZ,8.79,8.90,8.51,8.70,5872929,90498800
2016-09-28,000967.SZ,8.65,8.76,8.51,8.64,3259747,49823303
2016-09-29,000967.SZ,8.72,8.78,8.58,8.58,2745666,42268070
2016-09-30,000967.SZ,8.73,8.94,8.67,8.83,5338178,83897807
2016-10-10,000967.SZ,9.01,9.12,8.87,8.99,5541859,88237715
2016-10-11,000967.SZ,9.15,9.40,9.01,9.16,6883742,112635168
2016-10-12,000967.SZ,9.08,9.24,8.99,9.24,4989925,80794741
2016-10-13,000967.SZ,9.22,9.47,9.18,9.33,7125228,118262589
2016-10-14,000967.SZ,9.32,9.39,9.08,9.27,6003579,98809789
2016-10-17,000967.SZ,9.36,9.50,9.01,9.12,6078422,99006431
2016-10-18,000967.SZ,9.17,9.21,9.00,9.16,4279463,69207323
2016-10-19,000967.SZ,9.18,9.28,9.03,9.09,4095657,66530554
2016-10-20,000967.SZ,9.08,9.16,8.90,9.05,3681694,58940703
2016-10-21,000967.SZ,9.04,9.11,8.81,8.89,3962578,62608601
2016-10-24,000967.SZ,8.89,9.13,8.81,9.02,5616239,89561705
2016-10-25,000967.SZ,9.02,9.08,8.89,8.99,4254627,68023319
2016-10-26,000967.SZ,8.94,9.01,8.65,8.70,6076973,94556134
2016-10-27,000967.SZ,8.71,8.74,8.56,8.64,4534654,69483301
2016-10-28,000967.SZ,8.68,8.85,8.62,8.85,4599496,71199446
2016-10-31,000967.SZ,8.85,8.90,8.65,8.85,4514396,70767266
2016-11-01,000967.SZ,8.85,9.07,8.80,8.97,6165047,98128645
2016-11-02,000967.SZ,8.97,8.97,8.77,8.78,3125629,49089740
2016-11-03,000967.SZ,8.80,8.83,8.65,8.68,4538806,70033184
2016-11-04,000967.SZ,8.68,8.78,8.64,8.69,2105880,32584221
2016-11-07,000967.SZ,8.69,8.78,8.60,8.63,3474083,53379198
2016-11-08,000967.SZ,8.62,8.69,8.21,8.33,10625701,157747690
2016-11-09,000967.SZ,8.34,8.45,8.01,8.39,8989878,130995465
2016-11-10,000967.SZ,8.31,8.50,8.29,8.42,5296302,78886069
2016-11-11,000967.SZ,8.42,8.42,8.15,8.23,6180716,90464387
2016-11-14,000967.SZ,8.23,8.50,8.19,8.41,7078611,105330435
2016-11-15,000967.SZ,8.41,8.54,8.37,8.53,3631112,54517697
2016-11-16,000967.SZ,8.60,8.60,8.42,8.45,3839142,57626946
2016-11-17,000967.SZ,8.50,8.50,8.37,8.44,2706870,40481666
2016-11-18,000967.SZ,8.44,8.46,8.26,8.28,3704697,54991025
2016-11-21,000967.SZ,8.29,8.38,8.21,8.31,2411497,35580422
2016-11-22,000967.SZ,8.32,8.39,8.28,8.32,2907437,42928842
2016-11-23,000967.SZ,8.32,8.40,8.32,8.34,3174037,47041260
2016-11-24,000967.SZ,8.33,8.36,8.26,8.27,2502760,36884769
2016-11-25,000967.SZ,8.27,8.29,8.16,8.22,3862183,56251660
2016-11-28,000967.SZ,8.12,8.27,8.12,8.21,3847355,56105769
2016-11-29,000967.SZ,8.21,8.32,8.18,8.19,4788913,70099948
2016-11-30,000967.SZ,8.18,8.22,7.98,7.99,6428227,92120723
2016-12-01,000967.SZ,8.00,8.32,7.97,8.19,6896987,99525338
2016-12-02,000967.SZ,8.28,8.31,8.05,8.05,2714767,39257988
2016-12-05,000967.SZ,8.01,8.21,8.01,8.17,2183815,31555534
2016-12-06,000967.SZ,8.17,8.25,8.10,8.16,3566492,51683626
2016-12-07,000967.SZ,8.16,8.21,8.11,8.18,5558251,80497276
2016-12-08,000967.SZ,8.21,8.62,8.20,8.43,8346241,124851411
2016-12-09,000967.SZ,8.43,8.55,8.32,8.50,5092249,76094920
2016-12-12,000967.SZ,8.50,8.50,8.12,8.22,6610888,96701988
2016-12-13,000967.SZ,8.24,8.26,7.71,7.98,9643335,135013852
2016-12-14,000967.SZ,7.88,7.96,7.69,7.71,5092692,70535927
2016-12-15,000967.SZ,7.66,7.82,7.49,7.66,6989536,94703851
2016-12-16,000967.SZ,7.66,7.98,7.60,7.88,7153939,98167169
2016-12-19,000967.SZ,7.89,7.92,7.72,7.80,3787271,52573037
2016-12-20,000967.SZ,7.73,8.00,7.73,7.92,5050977,70700458
2016-12-21,000967.SZ,7.91,7.98,7.85,7.92,3777903,53112589
2016-12-22,000967.SZ,7.94,7.98,7.88,7.92,3366444,47422000
2016-12-23,000967.SZ,7.96,7.97,7.72,7.78,3558400,49451676
2016-12-26,000967.SZ,7.88,7.97,7.74,7.96,4101656,57204603
2016-12-27,000967.SZ,8.00,8.10,7.96,8.07,4297674,61283903
2016-12-28,000967.SZ,8.13,8.13,7.85,7.85,4191710,58993100
2016-12-29,000967.SZ,7.89,7.92,7.75,7.82,4418986,61427334
2016-12-30,000967.SZ,7.83,8.00,7.71,7.88,5635450,78166718
2017-01-03,000967.SZ,7.79,8.13,7.79,7.99,6061324,86432594
2017-01-04,000967.SZ,7.98,8.09,7.97,8.03,3068153,43785789
2017-01-05,000967.SZ,8.09,8.16,8.03,8.11,4576273,65912998
2017-01-06,000967.SZ,8.16,8.27,8.06,8.19,5020140,72829941
2017-01-09,000967.SZ,8.20,8.34,8.16,8.20,5842508,85761092
2017-01-10,000967.SZ,8.21,8.28,8.11,8.21,2298837,33580184
2017-01-11,000967.SZ,8.22,8.22,8.02,8.07,2470165,35572020
2017-01-12,000967.SZ,8.06,8.10,7.93,7.94,1611111,22897435
2017-01-13,000967.SZ,8.02,8.03,7.89,7.97,2713426,38269384
2017-01-16,000967.SZ,7.97,8.09,7.35,7.81,3689344,51440966
2017-01-17,000967.SZ,7.87,7.98,7.67,7.88,2550064,35726048
2017-01-18,000967.SZ,7.89,7.97,7.84,7.90,1954021,27394937
2017-01-19,000967.SZ,7.84,7.95,7.84,7.89,2047700,28702669
2017-01-20,000967.SZ,7.88,8.22,7.85,8.11,4630069,66733926
2017-01-23,000967.SZ,8.20,8.32,8.12,8.27,4321090,63155721
2017-01-24,000967.SZ,8.27,8.37,8.15,8.32,3826940,56296314
2017-01-25,000967.SZ,8.31,8.35,8.23,8.29,2304953,34009609
2017-01-26,000967.SZ,8.29,8.46,8.25,8.31,2399063,35515937
2017-02-03,000967.SZ,8.31,8.31,8.11,8.16,2034798,29531301
2017-02-06,000967.SZ,8.18,8.32,8.03,8.19,3991618,57470318
2017-02-07,000967.SZ,8.19,8.24,8.06,8.11,3507424,50612408
2017-02-08,000967.SZ,8.14,8.19,8.06,8.15,3177554,45814810
2017-02-09,000967.SZ,8.23,8.42,8.17,8.32,6042240,89337428
2017-02-10,000967.SZ,8.32,8.38,8.20,8.38,6113351,90134125
2017-02-13,000967.SZ,8.39,8.54,8.34,8.40,5900974,88516755
2017-02-14,000967.SZ,8.42,8.43,8.32,8.35,2921405,43308995
2017-02-15,000967.SZ,8.34,8.37,8.24,8.25,2368059,34924995
2017-02-16,000967.SZ,8.24,8.28,8.20,8.24,2702684,39528241
2017-02-17,000967.SZ,8.24,8.25,8.05,8.10,4022766,58087377
2017-02-20,000967.SZ,8.28,8.37,8.08,8.11,9295904,134554113
2017-02-21,000967.SZ,8.18,8.37,8.07,8.37,9609184,140162397
2017-02-22,000967.SZ,8.35,8.52,8.32,8.42,9230520,138283323
2017-02-23,000967.SZ,8.45,8.64,8.43,8.55,9453344,143358824
2017-02-24,000967.SZ,8.57,8.62,8.44,8.60,7121828,108031818
2017-02-27,000967.SZ,8.60,8.60,8.45,8.46,5773661,87247791
2017-02-28,000967.SZ,8.46,8.55,8.39,8.45,3135821,47026355
2017-03-01,000967.SZ,8.47,8.80,8.45,8.62,9029422,138492435
2017-03-02,000967.SZ,8.65,8.67,8.52,8.56,4818490,73436780
2017-03-03,000967.SZ,8.56,8.65,8.47,8.56,4134640,62988358
2017-03-06,000967.SZ,8.56,8.87,8.56,8.68,7474912,115872325
2017-03-07,000967.SZ,8.73,8.90,8.62,8.83,8476121,132149690
2017-03-08,000967.SZ,8.83,8.94,8.73,8.76,4968878,77822863
2017-03-09,000967.SZ,8.82,8.87,8.72,8.78,5956835,92867471
2017-03-10,000967.SZ,8.73,8.89,8.73,8.79,4929827,77255644
2017-03-13,000967.SZ,8.74,8.89,8.68,8.82,4862275,75776628
2017-03-14,000967.SZ,8.87,9.00,8.84,8.89,5827606,92354326
2017-03-15,000967.SZ,8.89,8.98,8.80,8.83,3456928,54467786
2017-03-16,000967.SZ,8.83,9.09,8.81,9.04,6240125,99217774
2017-03-17,000967.SZ,9.01,9.04,8.85,8.90,7117771,113143861
2017-03-20,000967.SZ,8.90,8.97,8.75,8.83,4635362,72584623
2017-03-21,000967.SZ,8.83,8.83,8.76,8.83,3140015,49052109
2017-03-22,000967.SZ,8.80,8.81,8.74,8.75,2689438,41850508
2017-03-23,000967.SZ,8.73,8.80,8.73,8.79,4768174,74129311
2017-03-24,000967.SZ,8.79,8.93,8.73,8.90,3367331,52629413
2017-03-27,000967.SZ,8.90,8.98,8.78,8.81,4075116,64151226
2017-03-28,000967.SZ,8.82,8.86,8.54,8.55,5930962,90880408
2017-03-29,000967.SZ,8.55,8.61,8.41,8.53,3093983,46729955
2017-03-30,000967.SZ,8.51,8.60,8.44,8.51,2898076,43731754
2017-03-31,000967.SZ,8.51,8.69,8.51,8.67,3307391,50677494
2017-04-05,000967.SZ,8.99,9.01,8.74,8.94,8603699,135960674
2017-04-06,000967.SZ,9.01,9.04,8.85,8.93,4411416,69781361
2017-04-07,000967.SZ,8.93,9.53,8.87,9.27,15103721,247536713
2017-04-10,000967.SZ,9.46,10.03,9.31,9.63,24232585,415467078
2017-04-11,000967.SZ,9.32,9.94,9.32,9.60,17652872,302534859
2017-04-12,000967.SZ,9.45,9.47,8.74,8.79,20908011,336446603
2017-04-13,000967.SZ,8.82,9.21,8.81,9.00,9918542,159194994
2017-04-14,000967.SZ,9.04,9.20,8.94,9.04,6918337,111160747
2017-04-17,000967.SZ,9.11,9.17,8.74,9.17,9043249,142639518
2017-04-18,000967.SZ,9.05,9.20,8.89,9.01,7745319,124466696
2017-04-19,000967.SZ,8.94,9.04,8.75,8.94,5962942,93862463
2017-04-20,000967.SZ,8.85,9.03,8.80,8.86,4942210,78322324
2017-04-21,000967.SZ,8.90,8.94,8.67,8.72,4704994,73534082
2017-04-24,000967.SZ,8.52,8.65,8.43,8.49,5148297,77967273
2017-04-25,000967.SZ,8.50,8.81,8.50,8.59,4562930,70369312
2017-04-26,000967.SZ,8.65,8.72,8.51,8.64,3287365,50308249
2017-04-27,000967.SZ,8.60,8.82,8.48,8.77,5449094,83938644
2017-04-28,000967.SZ,8.83,8.83,8.60,8.72,3684239,56936650
2017-05-02,000967.SZ,8.71,8.79,8.52,8.55,3402239,52022615
2017-05-03,000967.SZ,8.48,8.59,8.48,8.52,2478349,37500189
2017-05-04,000967.SZ,8.52,8.64,8.45,8.52,3043500,46112977
2017-05-05,000967.SZ,8.52,8.55,8.43,8.46,2166600,32625730
2017-05-08,000967.SZ,8.45,8.45,8.18,8.21,3478856,50924786
2017-05-09,000967.SZ,8.14,8.25,7.90,7.95,5755491,81498146
2017-05-10,000967.SZ,7.94,8.25,7.94,8.06,5030254,72681065
2017-05-11,000967.SZ,8.02,8.09,7.82,8.06,3837633,54079437
2017-05-12,000967.SZ,8.03,8.09,7.88,7.89,4283909,60570958
2017-05-15,000967.SZ,7.91,7.97,7.78,7.88,3471271,48544184
2017-05-16,000967.SZ,7.89,8.25,7.88,8.19,5003251,71389135
2017-05-17,000967.SZ,8.23,8.38,8.07,8.29,5700743,83370681
2017-05-18,000967.SZ,8.29,8.40,8.18,8.30,2967607,43877182
2017-05-19,000967.SZ,8.33,8.55,8.29,8.49,3803333,56884614
2017-05-22,000967.SZ,9.01,9.04,8.36,8.37,8720000,133337392
2017-05-23,000967.SZ,8.38,8.45,8.21,8.24,2747698,40555788
2017-05-24,000967.SZ,8.23,8.45,8.00,8.36,2770821,40530515
2017-05-25,000967.SZ,8.40,8.54,8.26,8.51,3170659,47332924
2017-05-26,000967.SZ,8.58,8.61,8.45,8.48,2507643,37946789
2017-05-31,000967.SZ,8.58,8.58,8.40,8.41,2822796,42364014
2017-06-01,000967.SZ,8.45,8.50,8.08,8.09,3730408,54687238
2017-06-02,000967.SZ,8.05,8.23,7.88,8.18,3770983,53583925
2017-06-05,000967.SZ,8.13,8.37,8.13,8.37,2176882,31839021
2017-06-06,000967.SZ,8.34,8.45,8.28,8.44,1905709,28379226
2017-06-07,000967.SZ,8.45,8.57,8.40,8.53,3525008,53308677
2017-06-08,000967.SZ,8.47,8.59,8.44,8.46,2000174,30137568
2017-06-09,000967.SZ,8.47,9.27,8.42,8.96,7994174,123709827
2017-06-12,000967.SZ,8.96,8.96,8.55,8.79,8473775,131135969
2017-06-13,000967.SZ,8.72,8.99,8.58,8.82,4442023,69347982
2017-06-14,000967.SZ,8.94,8.94,8.73,8.75,2544800,39657158
2017-06-15,000967.SZ,8.74,8.83,8.69,8.77,1693949,26387962
2017-06-16,000967.SZ,8.78,8.89,8.74,8.81,2199252,34399107
2017-06-19,000967.SZ,8.81,8.99,8.73,8.95,3222249,51013447
2017-06-20,000967.SZ,8.96,9.00,8.87,8.96,2030150,32135198
2017-06-21,000967.SZ,8.96,8.98,8.80,8.94,3404158,53848766
2017-06-22,000967.SZ,8.92,8.92,8.78,8.88,2900214,45545373
2017-06-23,000967.SZ,8.59,8.86,8.59,8.85,2352274,24350649
2017-06-26,000967.SZ,8.84,9.00,8.70,8.94,6081068,63726757
2017-06-27,000967.SZ,9.11,9.73,9.00,9.25,14297696,156658989
2017-06-28,000967.SZ,9.23,9.47,9.12,9.33,9764524,107223460
2017-06-29,000967.SZ,9.35,9.38,9.13,9.18,7408864,80685670
2017-06-30,000967.SZ,9.14,9.29,9.07,9.18,3840529,41578202
2017-07-03,000967.SZ,9.06,9.19,9.06,9.10,3813456,41021020
2017-07-04,000967.SZ,9.10,9.16,8.95,8.96,5715968,60940914
2017-07-05,000967.SZ,9.00,9.08,8.91,8.96,5155322,54680531
2017-07-06,000967.SZ,8.98,9.04,8.83,9.04,6215667,65665954
2017-07-07,000967.SZ,9.05,9.07,8.81,8.97,6173637,65011863
2017-07-10,000967.SZ,8.96,8.99,8.63,8.80,10598322,109800849
2017-07-11,000967.SZ,8.77,8.80,8.59,8.72,8917846,91115137
2017-07-12,000967.SZ,8.68,8.70,8.41,8.66,8041220,80976725
2017-07-13,000967.SZ,8.55,8.64,8.51,8.57,3390721,34357277
2017-07-14,000967.SZ,8.59,8.62,8.46,8.57,3525074,35474687
2017-07-17,000967.SZ,8.52,8.57,8.01,8.23,6771603,65677164
2017-07-18,000967.SZ,8.13,8.13,7.71,7.96,12596147,116870980
2017-07-19,000967.SZ,7.83,7.87,7.67,7.75,9682047,88172739
2017-07-20,000967.SZ,7.72,7.91,7.71,7.85,6464849,60031140
2017-07-21,000967.SZ,7.94,8.11,7.86,7.93,5140436,48503161
2017-07-24,000967.SZ,7.91,7.91,7.62,7.80,5737592,52795475
2017-07-25,000967.SZ,7.81,7.84,7.69,7.75,3491216,31958050
2017-07-26,000967.SZ,7.75,7.77,7.60,7.63,4715943,42664894
2017-07-27,000967.SZ,7.67,7.87,7.62,7.83,5025668,45915817
2017-07-28,000967.SZ,7.80,7.85,7.70,7.79,3364683,30950036
2017-07-31,000967.SZ,7.82,7.84,7.69,7.73,4527479,41324480
2017-08-01,000967.SZ,7.75,7.77,7.69,7.75,5256427,47981406
2017-08-02,000967.SZ,7.76,7.83,7.61,7.72,5920624,53913526
2017-08-03,000967.SZ,7.62,7.75,7.61,7.71,3646407,33212409
2017-08-04,000967.SZ,7.71,8.02,7.71,7.95,9366611,87744342
2017-08-07,000967.SZ,7.96,8.24,7.94,7.99,6039140,57550281
2017-08-08,000967.SZ,8.03,8.15,7.91,7.95,4445782,41890413
2017-08-09,000967.SZ,8.00,8.01,7.84,7.88,4110844,38406027
2017-08-10,000967.SZ,7.87,7.87,7.70,7.76,3095272,28450194
2017-08-11,000967.SZ,7.83,8.05,7.83,7.84,7571350,70992025
2017-08-14,000967.SZ,7.81,8.01,7.79,7.96,4480290,42013849
2017-08-15,000967.SZ,7.96,7.97,7.82,7.87,4014312,37348999
2017-08-16,000967.SZ,7.91,7.97,7.77,7.97,4434558,41207342
2017-08-17,000967.SZ,7.95,8.08,7.94,8.03,6549614,62060766
2017-08-18,000967.SZ,8.03,8.24,7.97,8.12,7756983,74594812
2017-08-21,000967.SZ,8.12,8.24,8.07,8.14,3877525,37334426
2017-08-22,000967.SZ,8.13,8.15,7.99,8.00,3561494,33789605
2017-08-23,000967.SZ,7.97,8.29,7.96,8.24,9846113,94816585
2017-08-24,000967.SZ,8.21,8.56,8.15,8.56,16386434,162920919
2017-08-25,000967.SZ,8.57,8.57,8.33,8.41,11501960,114198009
2017-08-28,000967.SZ,8.45,8.50,8.35,8.39,9206547,91581510
2017-08-29,000967.SZ,8.37,8.44,8.31,8.32,6110017,60532519
2017-08-30,000967.SZ,8.36,8.36,8.17,8.19,7396666,72021941
2017-08-31,000967.SZ,8.20,8.27,8.14,8.23,4674274,45287449
2017-09-01,000967.SZ,8.22,8.23,8.12,8.17,6363551,61386152
2017-09-04,000967.SZ,8.24,8.24,8.11,8.19,7547042,72904401
2017-09-05,000967.SZ,8.21,8.52,8.18,8.43,13095473,129898147
2017-09-06,000967.SZ,8.38,8.38,8.23,8.28,8090660,79124587
2017-09-07,000967.SZ,8.28,8.41,8.24,8.26,5458363,53586662
2017-09-08,000967.SZ,8.27,8.31,8.16,8.30,5611295,54578297
2017-09-11,000967.SZ,8.30,8.30,8.21,8.26,4443156,43279527
2017-09-12,000967.SZ,8.28,8.28,8.17,8.18,5328834,51588848
2017-09-13,000967.SZ,8.20,8.20,8.13,8.13,4097394,39429185
2017-09-14,000967.SZ,8.17,8.28,8.14,8.19,4564678,44311247
2017-09-15,000967.SZ,8.19,8.23,8.10,8.19,4145128,39986678
2017-09-18,000967.SZ,8.19,8.24,8.16,8.21,4087050,39578610
2017-09-19,000967.SZ,8.20,8.41,8.17,8.38,9239251,90806627
2017-09-20,000967.SZ,8.44,8.44,8.27,8.32,5659604,55675064
2017-09-21,000967.SZ,8.31,8.40,8.22,8.22,5060219,49674447
2017-09-22,000967.SZ,8.22,8.24,8.16,8.16,3648940,35306166
2017-09-25,000967.SZ,8.16,8.23,8.09,8.11,2909159,28066160
2017-09-26,000967.SZ,8.05,8.16,7.94,8.00,5979816,56706543
2017-09-27,000967.SZ,8.04,8.07,7.97,8.01,4465231,42182951
2017-09-28,000967.SZ,8.01,8.07,7.98,8.01,2656891,25211337
2017-09-29,000967.SZ,8.04,8.12,8.01,8.08,2829010,26944618
2017-10-09,000967.SZ,8.19,8.28,8.12,8.16,4233933,40855222
2017-10-10,000967.SZ,8.12,8.18,8.08,8.16,4443659,42690690
2017-10-11,000967.SZ,8.17,8.29,8.13,8.25,8642908,84159377
2017-10-12,000967.SZ,8.25,8.25,8.17,8.19,4012119,38860943
2017-10-13,000967.SZ,8.16,8.59,8.14,8.52,23871760,237644184
2017-10-16,000967.SZ,8.46,8.66,8.41,8.43,15668668,157671059
2017-10-17,000967.SZ,8.46,8.53,8.38,8.48,5529379,55305663
2017-10-18,000967.SZ,8.53,8.66,8.30,8.35,7769924,78103513
2017-10-19,000967.SZ,8.34,8.41,8.25,8.35,5062626,49798038
2017-10-20,000967.SZ,8.34,8.57,8.26,8.54,7023010,70070392
2017-10-23,000967.SZ,8.54,8.79,8.52,8.70,12505653,128358971
2017-10-24,000967.SZ,8.70,8.76,8.48,8.57,6608209,67048679
2017-10-25,000967.SZ,8.68,8.84,8.59,8.67,9273965,95497330
2017-10-26,000967.SZ,8.67,8.80,8.55,8.70,10924173,111719317
2017-10-27,000967.SZ,8.70,8.70,8.60,8.61,4318320,44002244
2017-10-30,000967.SZ,8.62,8.62,8.33,8.41,8324358,82972027
2017-10-31,000967.SZ,8.42,8.69,8.39,8.58,5628210,56846840
2017-11-01,000967.SZ,8.58,8.69,8.48,8.49,4331130,43866800
2017-11-02,000967.SZ,8.51,8.67,8.46,8.65,6837161,69286232
2017-11-03,000967.SZ,8.68,8.73,8.53,8.57,7380144,75291490
2017-11-06,000967.SZ,8.57,8.57,8.34,8.46,6605821,65690494
2017-11-07,000967.SZ,8.46,8.52,8.36,8.43,4858641,48354827
2017-11-08,000967.SZ,8.42,8.52,8.38,8.44,4189565,41868393
2017-11-09,000967.SZ,8.46,8.63,8.46,8.59,8301575,84038438
2017-11-10,000967.SZ,8.60,8.62,8.53,8.57,5585505,56569058
2017-11-13,000967.SZ,8.58,8.82,8.57,8.80,11809015,121645135
2017-11-14,000967.SZ,8.80,8.95,8.63,8.72,13083784,136028771
2017-11-15,000967.SZ,8.71,8.72,8.51,8.62,6453838,65568437
2017-11-16,000967.SZ,8.67,8.68,8.50,8.52,4835208,48869699
2017-11-17,000967.SZ,8.54,8.55,8.30,8.32,8062482,80173610
2017-11-20,000967.SZ,8.30,8.38,8.08,8.37,4098128,39875586
2017-11-21,000967.SZ,8.36,8.42,8.17,8.25,5532885,54080999
2017-11-22,000967.SZ,8.30,8.34,8.07,8.12,4053308,39272374
2017-11-23,000967.SZ,8.13,8.15,7.96,7.96,3715107,35282736
2017-11-24,000967.SZ,7.99,8.05,7.96,7.97,2530624,23919349
2017-11-27,000967.SZ,7.95,7.96,7.75,7.75,3220169,29782471
2017-11-28,000967.SZ,7.75,7.79,7.58,7.79,5689981,51828041
2017-11-29,000967.SZ,7.77,7.79,7.62,7.69,3913285,35576965
2017-11-30,000967.SZ,7.69,7.75,7.62,7.70,2810283,25496832
2017-12-01,000967.SZ,7.72,7.83,7.71,7.77,2445606,22463651
2017-12-04,000967.SZ,7.77,7.79,7.63,7.67,2998452,27273515
2017-12-05,000967.SZ,7.73,7.76,7.64,7.67,3496751,31712394
2017-12-06,000967.SZ,7.68,7.71,7.58,7.69,3203122,29026695
2017-12-07,000967.SZ,7.69,7.76,7.66,7.70,2435902,22172125
2017-12-08,000967.SZ,7.70,7.78,7.68,7.70,4064904,37057738
2017-12-11,000967.SZ,7.70,7.79,7.69,7.70,4626551,42233709
2017-12-12,000967.SZ,7.74,7.75,7.61,7.62,3302999,29832110
2017-12-13,000967.SZ,7.62,7.70,7.59,7.66,1649562,14934177
2017-12-14,000967.SZ,7.63,7.69,7.63,7.64,1510862,13659110
2017-12-15,000967.SZ,7.68,7.72,7.63,7.68,1916440,17370976
2017-12-18,000967.SZ,7.69,7.90,7.67,7.87,3964965,36438610
2017-12-19,000967.SZ,7.87,8.04,7.81,7.88,7372289,68975181
2017-12-20,000967.SZ,7.89,7.92,7.81,7.85,2528653,23464921
2017-12-21,000967.SZ,7.85,8.03,7.85,7.89,4111564,38543832
2017-12-22,000967.SZ,8.00,8.00,7.80,7.86,1971005,18367972
2017-12-25,000967.SZ,7.86,7.86,7.68,7.74,2645671,24265871
2017-12-26,000967.SZ,7.74,7.77,7.71,7.74,3055935,27923243
2017-12-27,000967.SZ,7.74,7.74,7.62,7.65,3463989,31379114
2017-12-28,000967.SZ,7.65,7.69,7.60,7.64,2068959,18686362
2017-12-29,000967.SZ,7.64,7.86,7.57,7.77,5710501,51715584
2018-01-02,000967.SZ,8.55,8.55,7.98,8.08,15819929,153023814
2018-01-03,000967.SZ,7.98,8.36,7.94,8.13,11321007,108863559
2018-01-04,000967.SZ,8.00,8.08,7.94,7.96,7458595,70481974
2018-01-05,000967.SZ,8.02,8.18,7.98,8.06,8236382,78770592
2018-01-08,000967.SZ,8.04,8.28,8.01,8.12,7407756,71068363
2018-01-09,000967.SZ,8.13,8.18,8.00,8.02,4958655,47104993
2018-01-10,000967.SZ,8.03,8.03,7.82,7.94,6327164,59117715
2018-01-11,000967.SZ,7.89,8.00,7.84,7.93,3180657,29707040
2018-01-12,000967.SZ,7.89,7.96,7.86,7.91,2704255,25218158
2018-01-15,000967.SZ,7.89,7.94,7.69,7.69,3718536,34232284
2018-01-16,000967.SZ,7.69,7.74,7.68,7.71,4327769,39387101
2018-01-17,000967.SZ,7.78,7.78,7.62,7.70,4485967,40631801
2018-01-18,000967.SZ,7.70,7.72,7.62,7.64,3979910,36002639
2018-01-19,000967.SZ,7.69,7.69,7.58,7.62,4646958,41804348
2018-01-22,000967.SZ,7.64,7.70,7.42,7.70,7589489,67666234
2018-01-23,000967.SZ,7.68,7.68,7.53,7.62,4847942,43508723
2018-01-24,000967.SZ,7.59,7.59,7.50,7.54,5748500,51183422
2018-01-25,000967.SZ,7.54,7.60,7.48,7.52,5567353,49605743
2018-01-26,000967.SZ,7.52,7.53,7.44,7.46,4255595,37605875
2018-01-29,000967.SZ,7.46,7.51,7.41,7.42,2608464,22977711
2018-01-30,000967.SZ,7.42,8.04,7.42,7.53,4690481,41798766
2018-01-31,000967.SZ,7.50,7.58,7.20,7.22,8784849,76450181
2018-02-01,000967.SZ,7.26,7.27,6.86,6.90,7533263,62642167
2018-02-02,000967.SZ,6.90,6.91,6.52,6.60,9881966,78099970
2018-02-05,000967.SZ,6.50,6.61,6.39,6.45,10358751,79211134
2018-02-06,000967.SZ,6.50,6.64,6.14,6.29,11895953,89502387
2018-02-07,000967.SZ,6.36,6.43,6.09,6.31,7342372,54427422
2018-02-08,000967.SZ,6.30,6.40,6.24,6.36,5779646,43404129
2018-02-09,000967.SZ,6.23,6.31,6.16,6.21,5009642,36900700
2018-02-12,000967.SZ,6.35,6.42,6.26,6.37,3672889,27503345
2018-02-13,000967.SZ,6.40,6.67,6.37,6.58,5370005,41575532
2018-02-14,000967.SZ,6.58,6.70,6.53,6.70,3166865,24761036
2018-02-22,000967.SZ,6.86,6.86,6.71,6.75,3254077,25941913
2018-02-23,000967.SZ,6.76,6.87,6.69,6.72,4217911,33704130
2018-02-26,000967.SZ,6.73,6.89,6.73,6.88,3957930,31940953
2018-02-27,000967.SZ,6.88,7.02,6.81,6.96,4042460,33203081
2018-02-28,000967.SZ,6.95,6.95,6.81,6.89,3531542,28762531
2018-03-01,000967.SZ,6.86,6.91,6.74,6.81,5084290,40799520
2018-03-02,000967.SZ,6.82,6.87,6.69,6.75,4164749,33297519
2018-03-05,000967.SZ,6.75,7.26,6.70,6.92,6815060,55591115
2018-03-06,000967.SZ,6.84,6.87,6.77,6.85,3975955,32079815
2018-03-07,000967.SZ,6.81,6.92,6.76,6.80,3996524,32240975
2018-03-08,000967.SZ,6.80,6.82,6.73,6.80,3324651,26636799
2018-03-09,000967.SZ,6.81,6.86,6.76,6.86,4402467,35379048
2018-03-12,000967.SZ,6.86,7.01,6.84,7.01,5908285,48404209
2018-03-13,000967.SZ,6.98,7.02,6.92,6.94,3571744,29374397
2018-03-14,000967.SZ,6.92,6.96,6.86,6.86,2755416,22449999
2018-03-15,000967.SZ,6.85,6.85,6.76,6.81,2770221,22224704
2018-03-16,000967.SZ,6.81,6.86,6.79,6.83,2577625,20783980
2018-03-19,000967.SZ,6.83,6.85,6.76,6.76,3515379,28223059
2018-03-20,000967.SZ,6.76,6.76,6.59,6.60,5554299,43477883
2018-03-21,000967.SZ,6.66,6.66,6.48,6.52,4611069,35930494
2018-03-22,000967.SZ,6.53,6.59,6.50,6.52,2364408,18266710
2018-03-23,000967.SZ,6.39,6.39,6.10,6.31,6839437,50473117
2018-03-26,000967.SZ,6.13,6.33,6.12,6.33,3068826,22584875
2018-03-27,000967.SZ,6.40,6.55,6.37,6.46,3674950,28088948
2018-03-28,000967.SZ,6.40,6.50,6.31,6.42,3074867,23387884
2018-03-29,000967.SZ,6.49,6.55,6.43,6.48,3592750,27581412
2018-03-30,000967.SZ,6.48,6.70,6.44,6.69,6175444,48471765
2018-04-02,000967.SZ,6.76,6.80,6.65,6.73,5417116,43094682
2018-04-03,000967.SZ,6.65,6.71,6.59,6.63,3401554,26637885
2018-04-04,000967.SZ,6.67,6.77,6.63,6.63,2413471,19080058
2018-04-09,000967.SZ,6.63,6.77,6.58,6.63,2413460,18975465
2018-04-10,000967.SZ,6.64,6.70,6.61,6.64,2109785,16569599
2018-04-11,000967.SZ,6.64,6.69,6.61,6.67,2822608,22175788
2018-04-12,000967.SZ,6.67,6.77,6.63,6.73,3909143,30955253
2018-04-13,000967.SZ,6.73,6.87,6.73,6.79,3826572,30840815
2018-04-16,000967.SZ,6.78,6.84,6.74,6.84,3188222,25538542
2018-04-17,000967.SZ,6.84,6.87,6.74,6.81,3158636,25370871
2018-04-18,000967.SZ,6.80,6.86,6.69,6.81,3226279,25773327
2018-04-19,000967.SZ,6.85,6.85,6.74,6.80,2448117,19662304
2018-04-20,000967.SZ,6.84,6.84,6.68,6.76,3285237,26228313
2018-04-23,000967.SZ,6.77,6.81,6.64,6.64,2142591,16982555
2018-04-24,000967.SZ,6.68,6.77,6.67,6.76,1662966,13216061
2018-04-25,000967.SZ,6.75,6.84,6.71,6.81,2636517,21185008
2018-04-26,000967.SZ,6.81,6.82,6.70,6.72,2390017,19038888
2018-04-27,000967.SZ,6.72,6.87,6.67,6.85,2541382,20337595
2018-05-02,000967.SZ,6.81,7.05,6.81,6.99,9101056,74951876
2018-05-03,000967.SZ,7.01,7.05,6.96,7.05,4180251,34622643
2018-05-04,000967.SZ,7.07,7.31,7.03,7.27,8158755,69729357
2018-05-07,000967.SZ,7.41,7.45,7.21,7.29,8127639,70257629
2018-05-08,000967.SZ,7.29,7.32,7.21,7.28,3061212,26290610
2018-05-09,000967.SZ,7.30,7.31,7.23,7.24,2157484,18481501
2018-05-10,000967.SZ,7.23,7.32,7.14,7.22,3853116,32814483
2018-05-11,000967.SZ,7.25,7.31,7.13,7.16,5978919,51142179
2018-05-14,000967.SZ,7.23,7.28,7.16,7.25,4384398,37429461
2018-05-15,000967.SZ,7.27,7.53,7.22,7.53,6699213,58483930
2018-05-16,000967.SZ,7.48,7.50,7.42,7.44,4102700,36148129
2018-05-17,000967.SZ,7.49,7.50,7.35,7.44,3226726,28216248
2018-05-18,000967.SZ,7.44,7.44,7.44,7.44,,
2018-05-21,000967.SZ,7.44,7.44,7.44,7.44,,
2018-05-22,000967.SZ,7.44,7.44,7.44,7.44,,
2018-05-23,000967.SZ,7.44,7.44,7.44,7.44,,
2018-05-24,000967.SZ,7.44,7.44,7.44,7.44,,
2018-05-25,000967.SZ,7.44,7.44,7.44,7.44,,
2018-05-28,000967.SZ,7.44,7.44,7.44,7.44,,
2018-05-29,000967.SZ,7.44,7.44,7.44,7.44,,
2018-05-30,000967.SZ,7.44,7.44,7.44,7.44,,
2018-05-31,000967.SZ,7.44,7.44,7.44,7.44,,
2018-06-01,000967.SZ,7.44,7.44,7.44,7.44,,
2018-06-04,000967.SZ,7.44,7.44,7.44,7.44,,
2018-06-05,000967.SZ,7.44,7.44,7.44,7.44,,
2018-06-06,000967.SZ,7.44,7.44,7.44,7.44,,
2018-06-07,000967.SZ,7.44,7.44,7.44,7.44,,
2018-06-08,000967.SZ,7.44,7.44,7.44,7.44,,
2018-06-11,000967.SZ,7.44,7.44,7.44,7.44,,
2018-06-12,000967.SZ,7.44,7.44,7.44,7.44,,
2018-06-13,000967.SZ,7.44,7.44,7.44,7.44,,
2018-06-14,000967.SZ,7.44,7.44,7.44,7.44,,
2018-06-15,000967.SZ,7.44,7.44,7.44,7.44,,
2018-06-19,000967.SZ,7.44,7.44,7.44,7.44,,
2018-06-20,000967.SZ,7.44,7.44,7.44,7.44,,
2018-06-21,000967.SZ,7.44,7.44,7.44,7.44,,
2018-06-22,000967.SZ,7.44,7.44,7.44,7.44,,
2018-06-25,000967.SZ,7.44,7.44,7.44,7.44,,
2018-06-26,000967.SZ,7.44,7.44,7.44,7.44,,
2018-06-27,000967.SZ,7.44,7.44,7.44,7.44,,
2018-06-28,000967.SZ,7.44,7.44,7.44,7.44,,
2018-06-29,000967.SZ,7.44,7.44,7.44,7.44,,
2018-07-02,000967.SZ,7.44,7.44,7.44,7.44,,
2018-07-03,000967.SZ,7.44,7.44,7.44,7.44,,
2018-07-04,000967.SZ,7.44,7.44,7.44,7.44,,
2018-07-05,000967.SZ,7.44,7.44,7.44,7.44,,
2018-07-06,000967.SZ,7.44,7.44,7.44,7.44,,
2018-07-09,000967.SZ,7.44,7.44,7.44,7.44,,
2018-07-10,000967.SZ,7.44,7.44,7.44,7.44,,
2018-07-11,000967.SZ,7.44,7.44,7.44,7.44,,
2018-07-12,000967.SZ,7.44,7.44,7.44,7.44,,
2018-07-13,000967.SZ,7.44,7.44,7.44,7.44,,
2018-07-16,000967.SZ,7.44,7.44,7.44,7.44,,
2018-07-17,000967.SZ,7.44,7.44,7.44,7.44,,
2018-07-18,000967.SZ,7.44,7.44,7.44,7.44,,
2018-07-19,000967.SZ,7.44,7.44,7.44,7.44,,
2018-07-20,000967.SZ,7.44,7.44,7.44,7.44,,
2018-07-23,000967.SZ,7.44,7.44,7.44,7.44,,
2018-07-24,000967.SZ,7.44,7.44,7.44,7.44,,
2018-07-25,000967.SZ,7.44,7.44,7.44,7.44,,
2018-07-26,000967.SZ,7.44,7.44,7.44,7.44,,
2018-07-27,000967.SZ,7.44,7.44,7.44,7.44,,
2018-07-30,000967.SZ,7.44,7.44,7.44,7.44,,
2018-07-31,000967.SZ,6.85,7.40,6.70,6.71,20261839,162837456
2018-08-01,000967.SZ,6.72,7.27,6.72,6.81,8154173,66174966
2018-08-02,000967.SZ,6.84,6.84,6.16,6.52,7860481,59418229
2018-08-03,000967.SZ,6.52,6.65,6.36,6.46,3814882,29000301
2018-08-06,000967.SZ,6.46,6.65,6.44,6.59,3879706,29715693
2018-08-07,000967.SZ,6.62,6.68,6.55,6.65,2357905,18239304
2018-08-08,000967.SZ,6.59,6.97,6.59,6.78,5048210,40268877
2018-08-09,000967.SZ,6.79,6.98,6.78,6.93,3484189,28050912
2018-08-10,000967.SZ,6.98,6.99,6.79,6.79,2382448,19053314
2018-08-13,000967.SZ,6.79,6.82,6.46,6.71,2057386,16026411
2018-08-14,000967.SZ,6.71,6.77,6.67,6.71,1553655,12210899
2018-08-15,000967.SZ,6.75,6.82,6.51,6.52,2270795,17594601
2018-08-16,000967.SZ,6.52,6.66,6.49,6.58,1463931,11251898
2018-08-17,000967.SZ,6.59,6.64,6.29,6.46,2419510,18250644
2018-08-20,000967.SZ,6.46,6.46,6.17,6.27,2847794,20893058
2018-08-21,000967.SZ,6.27,6.28,6.16,6.20,2959339,21500409
2018-08-22,000967.SZ,6.22,6.24,6.13,6.13,1578749,11378573
2018-08-23,000967.SZ,6.13,6.23,6.13,6.19,1154243,8360240
2018-08-24,000967.SZ,6.19,6.26,5.99,6.15,2937055,21008889
2018-08-27,000967.SZ,6.12,6.17,6.05,6.09,7491522,53280234
2018-08-28,000967.SZ,6.09,6.09,5.88,5.91,7540603,52667106
2018-08-29,000967.SZ,5.91,5.92,5.64,5.76,6594183,44334619
2018-08-30,000967.SZ,5.75,6.00,5.73,5.88,4608089,31720247
2018-08-31,000967.SZ,5.86,5.88,5.63,5.81,5027338,33619680
2018-09-03,000967.SZ,5.80,5.80,5.62,5.71,3575416,23717057
2018-09-04,000967.SZ,5.71,5.73,5.62,5.71,3244051,21487891
2018-09-05,000967.SZ,5.69,5.71,5.63,5.65,2029450,13422744
2018-09-06,000967.SZ,5.63,5.70,5.54,5.54,2139350,14083480
2018-09-07,000967.SZ,5.55,5.71,5.55,5.64,2843489,18709484
2018-09-10,000967.SZ,5.61,5.64,5.39,5.53,4118589,26327507
2018-09-11,000967.SZ,5.47,5.48,5.36,5.40,2863949,18127881
2018-09-12,000967.SZ,5.39,5.43,5.35,5.39,1816256,11423825
2018-09-13,000967.SZ,5.41,5.45,5.35,5.41,1725950,10889266
2018-09-14,000967.SZ,5.41,5.49,5.36,5.40,1574193,9990144
2018-09-17,000967.SZ,5.42,5.44,5.37,5.42,1502912,9497270
2018-09-18,000967.SZ,5.43,5.61,5.42,5.56,3427458,22235257
2018-09-19,000967.SZ,5.51,5.77,5.49,5.66,4707375,31246546
2018-09-20,000967.SZ,5.67,5.69,5.58,5.58,2098139,13787773
2018-09-21,000967.SZ,5.60,5.68,5.54,5.62,2361916,15490807
2018-09-25,000967.SZ,5.62,5.64,5.52,5.58,2428100,15846595
2018-09-26,000967.SZ,5.58,5.67,5.58,5.66,2504961,16521937
2018-09-27,000967.SZ,5.69,5.69,5.57,5.60,1698466,11153339
2018-09-28,000967.SZ,5.58,5.65,5.50,5.57,2859457,18599346
2018-10-08,000967.SZ,5.57,5.57,5.13,5.37,2836860,17859014
2018-10-09,000967.SZ,5.38,5.47,5.38,5.40,1876464,11911406
2018-10-10,000967.SZ,5.41,5.50,5.36,5.45,1805003,11448675
2018-10-11,000967.SZ,5.17,5.35,4.90,5.32,6750930,40548595
2018-10-12,000967.SZ,5.17,5.18,5.00,5.11,2790799,16681336
2018-10-15,000967.SZ,5.14,5.19,4.92,4.94,2977243,17502208
2018-10-16,000967.SZ,4.92,4.94,4.75,4.93,5060954,28492829
2018-10-17,000967.SZ,4.96,5.00,4.76,4.87,3051932,17284836
2018-10-18,000967.SZ,4.87,4.87,4.87,4.87,,
2018-10-19,000967.SZ,4.87,4.87,4.87,4.87,,
2018-10-22,000967.SZ,4.87,4.87,4.87,4.87,,
2018-10-23,000967.SZ,4.87,4.87,4.87,4.87,,
2018-10-24,000967.SZ,4.87,4.87,4.87,4.87,,
2018-10-25,000967.SZ,4.87,5.35,4.87,5.26,15135032,93130565
2018-10-26,000967.SZ,5.11,5.17,4.99,5.05,9337412,55268138
2018-10-29,000967.SZ,5.05,5.05,4.75,4.82,7668172,43238269
2018-10-30,000967.SZ,4.79,4.79,4.52,4.61,7808489,42284530
2018-10-31,000967.SZ,4.62,4.68,4.56,4.64,5600023,30277919
2018-11-01,000967.SZ,4.64,4.89,4.63,4.87,9665229,54089347
2018-11-02,000967.SZ,4.89,5.29,4.89,5.13,11614425,69304479
2018-11-05,000967.SZ,5.11,5.34,5.02,5.31,8883964,54256687
2018-11-06,000967.SZ,5.26,5.35,5.22,5.27,5238749,32272150
2018-11-07,000967.SZ,5.21,5.29,5.15,5.15,4705200,28598825
2018-11-08,000967.SZ,5.18,5.24,5.05,5.05,2263015,13575549
2018-11-09,000967.SZ,5.09,5.17,5.02,5.05,2764372,16452526
2018-11-12,000967.SZ,5.05,5.18,5.05,5.14,4325134,25979100
2018-11-13,000967.SZ,5.13,5.40,5.07,5.23,8233936,50423487
2018-11-14,000967.SZ,5.20,5.30,5.13,5.17,5785937,35253261
2018-11-15,000967.SZ,5.13,5.23,5.13,5.22,3379142,20511505
2018-11-16,000967.SZ,5.23,5.24,5.16,5.24,3776640,23024871
2018-11-19,000967.SZ,5.25,5.30,5.20,5.29,3786444,23264186
2018-11-20,000967.SZ,5.25,5.29,5.13,5.16,4722040,28661708
2018-11-21,000967.SZ,5.13,5.13,4.91,4.93,11038511,64490664
2018-11-22,000967.SZ,4.95,4.99,4.91,4.98,3801136,22053797
2018-11-23,000967.SZ,4.98,4.98,4.71,4.83,5641217,31875932
2018-11-26,000967.SZ,4.78,4.87,4.76,4.77,2989681,16752393
2018-11-27,000967.SZ,4.83,4.92,4.81,4.86,2435326,13879007
2018-11-28,000967.SZ,4.86,4.91,4.80,4.91,1884061,10733968
2018-11-29,000967.SZ,4.92,4.99,4.83,4.83,2858773,16417615
2018-11-30,000967.SZ,4.76,4.87,4.76,4.83,2223251,12498854
2018-12-03,000967.SZ,4.90,4.99,4.87,4.97,3827033,22103802
2018-12-04,000967.SZ,4.95,4.95,4.89,4.93,4213186,24246905
2018-12-05,000967.SZ,4.83,4.87,4.82,4.85,4920467,27848245
2018-12-06,000967.SZ,4.82,4.87,4.76,4.78,3769828,21205678
2018-12-07,000967.SZ,4.79,4.85,4.77,4.82,2139020,12014820
2018-12-10,000967.SZ,4.82,4.83,4.76,4.82,1606799,9003364
2018-12-11,000967.SZ,4.82,4.91,4.82,4.89,2236882,12742470
2018-12-12,000967.SZ,4.92,4.93,4.86,4.87,1562800,8917759
2018-12-13,000967.SZ,4.87,4.91,4.83,4.88,2385728,13629076
2018-12-14,000967.SZ,4.89,4.93,4.84,4.85,2433704,13882354
2018-12-17,000967.SZ,4.83,4.85,4.74,4.79,2712639,15167816
2018-12-18,000967.SZ,4.77,4.82,4.75,4.76,2496335,13931224
2018-12-19,000967.SZ,4.76,4.81,4.73,4.73,2644811,14766435
2018-12-20,000967.SZ,4.73,4.79,4.71,4.79,2126909,11840192
2018-12-21,000967.SZ,4.76,4.81,4.70,4.81,1802213,10031547
2018-12-24,000967.SZ,4.78,4.86,4.76,4.82,1791733,10093589
2018-12-25,000967.SZ,4.81,4.82,4.63,4.82,2408872,13378304
2018-12-26,000967.SZ,4.82,4.82,4.78,4.82,1352150,7608638
2018-12-27,000967.SZ,4.83,4.87,4.81,4.83,2377643,13432719
2018-12-28,000967.SZ,4.83,4.84,4.79,4.83,1732965,9744337
2019-01-02,000967.SZ,4.87,4.94,4.79,4.85,2224300,12665494
2019-01-03,000967.SZ,4.81,4.87,4.79,4.87,2143360,12144792
2019-01-04,000967.SZ,4.86,4.96,4.81,4.95,3179151,18201490
2019-01-07,000967.SZ,4.96,4.99,4.92,4.99,3572950,20675857
2019-01-08,000967.SZ,4.98,4.98,4.87,4.94,4204396,24174637
2019-01-09,000967.SZ,4.94,4.99,4.91,4.94,3371057,19521093
2019-01-10,000967.SZ,4.93,4.98,4.92,4.97,3010847,17398198
2019-01-11,000967.SZ,4.96,5.00,4.93,4.97,1838139,10653273
2019-01-14,000967.SZ,4.98,5.06,4.94,4.95,2670293,15596413
2019-01-15,000967.SZ,4.94,5.00,4.93,4.99,1951513,11345068
2019-01-16,000967.SZ,5.00,5.03,4.94,4.95,2190725,12757384
2019-01-17,000967.SZ,4.96,4.96,4.87,4.88,1904611,10922382
2019-01-18,000967.SZ,4.87,4.91,4.87,4.91,1206874,6906240
2019-01-21,000967.SZ,4.91,5.17,4.89,5.07,5489112,32371909
2019-01-22,000967.SZ,5.10,5.10,4.97,4.99,2559762,15034560
2019-01-23,000967.SZ,4.99,5.00,4.92,4.96,1369884,7927397
2019-01-24,000967.SZ,4.94,4.99,4.91,4.97,1217289,7052703
2019-01-25,000967.SZ,4.97,4.97,4.93,4.94,963392,5576624
2019-01-28,000967.SZ,4.94,4.98,4.92,4.93,1245473,7207685
2019-01-29,000967.SZ,4.92,4.95,4.81,4.82,2194104,12448446
2019-01-30,000967.SZ,4.82,4.86,4.71,4.75,1675943,9419462
2019-01-31,000967.SZ,4.79,4.89,4.78,4.82,2028450,11478367
2019-02-01,000967.SZ,4.82,4.94,4.79,4.91,2106217,12094187
2019-02-11,000967.SZ,4.92,4.99,4.91,4.99,4337735,25094948
2019-02-12,000967.SZ,4.99,5.03,4.94,5.03,3989721,23284814
2019-02-13,000967.SZ,5.04,5.09,5.00,5.09,4546194,26875925
2019-02-14,000967.SZ,5.09,5.22,5.05,5.17,5979441,36144262
2019-02-15,000967.SZ,5.20,5.27,5.17,5.23,6318299,38655947
2019-02-18,000967.SZ,5.23,5.48,5.22,5.45,5750195,36319572
2019-02-19,000967.SZ,5.46,5.53,5.35,5.41,6510275,41255091
2019-02-20,000967.SZ,5.45,5.45,5.28,5.35,6211616,38843444
2019-02-21,000967.SZ,5.38,5.41,5.30,5.33,7374467,46110043
2019-02-22,000967.SZ,5.32,5.41,5.30,5.40,4149133,25987607
2019-02-25,000967.SZ,5.43,5.64,5.43,5.61,8662822,56354219
2019-02-26,000967.SZ,5.61,5.75,5.54,5.64,10047049,66680975
2019-02-27,000967.SZ,5.64,5.70,5.55,5.64,5584715,36786160
2019-02-28,000967.SZ,5.64,5.74,5.62,5.67,4100780,27224644
2019-03-01,000967.SZ,5.68,5.72,5.58,5.64,3928478,25835804
2019-03-04,000967.SZ,5.70,5.85,5.65,5.77,7763181,52499008
2019-03-05,000967.SZ,5.77,5.88,5.73,5.84,4622182,31440142
2019-03-06,000967.SZ,5.85,5.95,5.82,5.88,5931466,40712015
2019-03-07,000967.SZ,5.91,6.03,5.83,5.94,7145685,49587011
2019-03-08,000967.SZ,5.90,5.90,5.52,5.57,7845942,52737406
2019-03-11,000967.SZ,5.61,6.03,5.61,6.00,10599268,72988195
2019-03-12,000967.SZ,6.05,6.14,5.93,6.02,8729315,61535437
2019-03-13,000967.SZ,6.05,6.09,5.75,5.80,6704353,46226181
2019-03-14,000967.SZ,5.79,5.88,5.67,5.70,4420834,29709365
2019-03-15,000967.SZ,5.72,5.90,5.72,5.90,5503787,37403251
2019-03-18,000967.SZ,5.90,5.94,5.78,5.94,4874114,33516218
2019-03-19,000967.SZ,5.95,6.02,5.85,5.88,4473196,30897416
2019-03-20,000967.SZ,5.93,5.98,5.82,5.98,4271150,29446024
2019-03-21,000967.SZ,5.98,6.03,5.89,5.99,7946972,55450609
2019-03-22,000967.SZ,5.98,6.02,5.92,6.00,4371535,30543738
2019-03-25,000967.SZ,5.94,6.03,5.84,5.92,4420574,30695470
2019-03-26,000967.SZ,5.90,5.94,5.70,5.71,4597587,31222931
2019-03-27,000967.SZ,5.79,5.81,5.62,5.74,3579514,23951070
2019-03-28,000967.SZ,5.71,5.87,5.70,5.82,4711431,32098078
2019-03-29,000967.SZ,5.84,5.96,5.80,5.96,4759952,32981178
2019-04-01,000967.SZ,5.96,6.12,5.96,6.11,7007539,49690661
2019-04-02,000967.SZ,6.10,6.17,6.07,6.08,4115561,29410323
2019-04-03,000967.SZ,6.07,6.12,6.04,6.12,4270473,30453796
2019-04-04,000967.SZ,6.17,6.41,6.10,6.17,11896055,86808491
2019-04-08,000967.SZ,6.30,6.30,6.00,6.12,7544319,53869233
2019-04-09,000967.SZ,6.14,6.14,6.00,6.12,3935835,28103291
2019-04-10,000967.SZ,6.13,6.47,6.06,6.37,8630102,63628874
2019-04-11,000967.SZ,6.39,6.49,6.23,6.32,8775352,64816511
2019-04-12,000967.SZ,6.32,6.43,6.20,6.32,5385941,39861024
2019-04-15,000967.SZ,6.35,6.41,6.20,6.22,4990271,36798943
2019-04-16,000967.SZ,6.23,6.30,6.11,6.29,4550465,33008163
2019-04-17,000967.SZ,6.38,6.57,6.34,6.53,9349493,70684398
2019-04-18,000967.SZ,6.52,6.53,6.43,6.49,4281692,32428657
2019-04-19,000967.SZ,6.43,6.56,6.41,6.47,4108342,31044024
2019-04-22,000967.SZ,6.47,6.65,6.45,6.52,6509424,49949343
2019-04-23,000967.SZ,6.57,6.57,6.30,6.41,6640282,49974641
2019-04-24,000967.SZ,6.40,6.44,6.31,6.42,4942227,36943750
2019-04-25,000967.SZ,6.43,6.43,6.08,6.15,5898131,43373012
2019-04-26,000967.SZ,6.15,6.33,6.12,6.25,6488799,47421748
2019-04-29,000967.SZ,6.24,6.28,6.07,6.16,5496243,39488156
2019-04-30,000967.SZ,6.07,6.23,6.07,6.14,3639258,26198935
2019-05-06,000967.SZ,6.04,6.04,5.56,5.68,5150417,34868723
2019-05-07,000967.SZ,5.67,5.82,5.62,5.77,3577987,23996237
2019-05-08,000967.SZ,5.70,5.88,5.61,5.79,4032599,27320004
2019-05-09,000967.SZ,5.79,5.87,5.60,5.64,3352783,22368096
2019-05-10,000967.SZ,5.71,5.86,5.48,5.76,4239961,28347593
2019-05-13,000967.SZ,5.74,5.90,5.67,5.84,3715499,25280338
2019-05-14,000967.SZ,5.74,5.94,5.73,5.75,3090330,20922306
2019-05-15,000967.SZ,5.82,5.87,5.76,5.82,2445095,16634452
2019-05-16,000967.SZ,5.82,5.84,5.78,5.83,1959221,13287172
2019-05-17,000967.SZ,5.80,5.84,5.56,5.57,3463774,22977441
2019-05-20,000967.SZ,5.58,5.63,5.37,5.43,2261183,14377016
2019-05-21,000967.SZ,5.50,5.54,5.44,5.48,2497358,16051529
2019-05-22,000967.SZ,5.53,5.77,5.49,5.58,3943654,25990821
2019-05-23,000967.SZ,5.58,5.64,5.41,5.45,2442215,15684250
2019-05-24,000967.SZ,5.42,5.51,5.34,5.41,1839057,11641477
2019-05-27,000967.SZ,5.41,5.54,5.39,5.49,2238811,14301148
2019-05-28,000967.SZ,5.46,5.66,5.46,5.53,2875984,18705411
2019-05-29,000967.SZ,5.46,5.65,5.46,5.58,1736649,11357309
2019-05-30,000967.SZ,5.63,5.63,5.48,5.55,1477112,9539737
2019-05-31,000967.SZ,5.53,5.60,5.51,5.55,1451134,9418235
2019-06-03,000967.SZ,5.54,5.76,5.49,5.65,3908723,25727749
2019-06-04,000967.SZ,5.73,5.79,5.66,5.68,4940538,33067792
2019-06-05,000967.SZ,5.76,5.78,5.61,5.63,3036885,20115734
2019-06-06,000967.SZ,5.63,5.70,5.52,5.58,3296991,21595581
2019-06-10,000967.SZ,5.58,5.64,5.56,5.57,1715800,11201108
2019-06-11,000967.SZ,5.57,5.72,5.53,5.68,3062375,20216435
2019-06-12,000967.SZ,5.64,5.70,5.56,5.60,1933637,12693247
2019-06-13,000967.SZ,5.66,5.68,5.47,5.52,2917576,18864024
2019-06-14,000967.SZ,5.51,5.59,5.44,5.45,2749490,17702451
2019-06-17,000967.SZ,5.47,5.52,5.39,5.45,1447308,9190198
2019-06-18,000967.SZ,5.41,5.63,5.41,5.54,3461521,22405057
2019-06-19,000967.SZ,5.63,6.02,5.56,5.84,10525973,71178768
2019-06-20,000967.SZ,5.98,6.22,5.94,6.12,19022892,135440076
2019-06-21,000967.SZ,6.41,6.67,6.20,6.49,28048395,210678268
2019-06-24,000967.SZ,6.54,7.14,6.54,6.94,29286799,235399567
2019-06-25,000967.SZ,6.84,6.91,6.55,6.66,25640055,201604592
2019-06-26,000967.SZ,7.01,7.33,6.63,6.67,58687559,479530086
2019-06-27,000967.SZ,6.41,6.71,6.35,6.44,42304022,321277220
2019-06-28,000967.SZ,6.44,6.52,6.25,6.33,24029863,178801280
2019-07-01,000967.SZ,6.50,6.65,6.41,6.51,36427829,277832360
2019-07-02,000967.SZ,6.43,6.54,6.22,6.39,25575654,190613231
2019-07-03,000967.SZ,6.40,6.64,6.35,6.52,25178788,191687972
2019-07-04,000967.SZ,6.60,6.63,6.30,6.34,23154401,174701994
2019-07-05,000967.SZ,6.33,6.42,6.27,6.37,13379862,99453756
2019-07-08,000967.SZ,6.37,6.37,6.16,6.19,17017365,124526693
2019-07-09,000967.SZ,6.23,6.29,6.09,6.16,9448705,68121453
2019-07-10,000967.SZ,6.21,6.21,6.01,6.06,8750546,62530362
2019-07-11,000967.SZ,6.12,6.25,6.00,6.13,9556403,68500906
2019-07-12,000967.SZ,6.20,6.20,6.09,6.11,6607380,46715674
2019-07-15,000967.SZ,6.15,6.35,6.09,6.32,12053398,86758876
2019-07-16,000967.SZ,6.28,6.35,6.23,6.28,8102717,58609122
2019-07-17,000967.SZ,6.25,6.26,6.11,6.17,8763731,62467761
2019-07-18,000967.SZ,6.09,6.14,5.96,5.97,9249621,64098810
2019-07-19,000967.SZ,6.01,6.05,5.95,5.97,6337331,43794648
2019-07-22,000967.SZ,5.92,5.93,5.64,5.70,12508899,82848647
2019-07-23,000967.SZ,5.72,5.78,5.66,5.75,5936588,39221706
2019-07-24,000967.SZ,5.76,5.88,5.73,5.84,8245560,55434878
2019-07-25,000967.SZ,5.85,5.85,5.76,5.79,6162488,41148925
2019-07-26,000967.SZ,5.80,5.81,5.74,5.79,2657167,17689780
2019-07-29,000967.SZ,5.79,5.79,5.65,5.70,5347897,35171372
2019-07-30,000967.SZ,5.69,5.81,5.66,5.75,5507769,36534162
2019-07-31,000967.SZ,5.72,5.81,5.68,5.81,4726656,31323654
2019-08-01,000967.SZ,5.77,5.82,5.69,5.76,5079400,33619002
2019-08-02,000967.SZ,5.65,5.72,5.57,5.66,6368857,41357881
2019-08-05,000967.SZ,5.66,5.74,5.59,5.66,5079942,33221186
2019-08-06,000967.SZ,5.55,5.55,5.33,5.47,7081845,44532483
2019-08-07,000967.SZ,5.53,5.53,5.42,5.45,4150487,26244425
2019-08-08,000967.SZ,5.51,5.55,5.42,5.46,5714553,36228991
2019-08-09,000967.SZ,5.47,5.59,5.43,5.43,4142599,26219203
2019-08-12,000967.SZ,5.42,5.53,5.42,5.50,2938842,18594700
2019-08-13,000967.SZ,5.47,5.54,5.46,5.53,4092998,26006629
2019-08-14,000967.SZ,5.58,5.61,5.51,5.53,3790500,24334873
2019-08-15,000967.SZ,5.38,5.56,5.36,5.55,4111099,25858531
2019-08-16,000967.SZ,5.47,5.57,5.46,5.51,3582146,22781112
2019-08-19,000967.SZ,5.56,5.65,5.52,5.65,5324938,34362428
2019-08-20,000967.SZ,5.66,5.67,5.58,5.59,5071508,32812163
2019-08-21,000967.SZ,5.56,5.67,5.55,5.65,4240485,27478832
2019-08-22,000967.SZ,5.66,5.66,5.59,5.64,3954094,25609712
2019-08-23,000967.SZ,5.69,5.69,5.56,5.60,2845715,18433661
2019-08-26,000967.SZ,5.61,6.07,5.61,5.88,18433121,124284668
2019-08-27,000967.SZ,5.83,5.93,5.79,5.88,12456822,84220020
2019-08-28,000967.SZ,5.91,5.92,5.79,5.85,7418361,50039985
2019-08-29,000967.SZ,5.86,5.99,5.78,5.92,8950136,60539709
2019-08-30,000967.SZ,5.92,5.96,5.80,5.80,7548975,51082373
2019-09-02,000967.SZ,5.81,5.89,5.75,5.85,7947619,53367292
2019-09-03,000967.SZ,5.85,5.85,5.78,5.81,5562425,37293761
2019-09-04,000967.SZ,5.79,5.85,5.77,5.82,5812868,38923891
2019-09-05,000967.SZ,5.84,5.92,5.82,5.86,9200023,62207976
2019-09-06,000967.SZ,5.87,6.02,5.83,6.02,11622087,79444984
2019-09-09,000967.SZ,6.06,6.21,6.05,6.15,15781524,111641412
2019-09-10,000967.SZ,6.20,6.20,6.06,6.11,7940699,55924575
2019-09-11,000967.SZ,6.13,6.15,6.03,6.05,7253892,50795073
2019-09-12,000967.SZ,6.05,6.07,5.97,6.03,4509583,31239359
2019-09-16,000967.SZ,6.06,6.07,5.98,5.99,5326061,36983668
2019-09-17,000967.SZ,5.98,6.00,5.85,5.86,6616223,45021578
2019-09-18,000967.SZ,5.86,5.88,5.72,5.73,9983000,66593125
2019-09-19,000967.SZ,5.75,5.79,5.70,5.77,7549127,50075357
2019-09-20,000967.SZ,5.78,5.78,5.66,5.69,8576580,56523203
2019-09-23,000967.SZ,5.70,5.70,5.60,5.65,5714986,37157710
2019-09-24,000967.SZ,5.66,5.68,5.61,5.65,5216704,33959187
2019-09-25,000967.SZ,5.65,5.67,5.60,5.65,5064267,32880686
2019-09-26,000967.SZ,5.66,5.66,5.47,5.48,8395917,53728536
2019-09-27,000967.SZ,5.48,5.53,5.44,5.46,5406939,34185229
2019-09-30,000967.SZ,5.47,5.51,5.43,5.46,3766510,23703585
2019-10-08,000967.SZ,5.46,5.51,5.45,5.46,3514143,22178398
2019-10-09,000967.SZ,5.44,5.51,5.41,5.51,4110544,25917113
2019-10-10,000967.SZ,5.53,5.55,5.46,5.55,5269854,33607450
2019-10-11,000967.SZ,5.59,5.59,5.52,5.53,5455776,34922565
2019-10-14,000967.SZ,5.55,5.63,5.53,5.57,6763228,43555310
2019-10-15,000967.SZ,5.59,5.61,5.52,5.58,4439885,28515978
2019-10-16,000967.SZ,5.62,5.71,5.58,5.66,7399922,48274075
2019-10-17,000967.SZ,5.68,5.71,5.56,5.61,5223050,33854986
2019-10-18,000967.SZ,5.62,5.71,5.53,5.59,5408650,35011518
2019-10-21,000967.SZ,5.67,5.67,5.46,5.51,5445579,34638793
2019-10-22,000967.SZ,5.54,5.54,5.49,5.53,2927699,18628004
2019-10-23,000967.SZ,5.55,5.66,5.50,5.57,6934011,44615544
2019-10-24,000967.SZ,5.53,5.56,5.44,5.52,5484123,34800496
2019-10-25,000967.SZ,5.52,5.53,5.46,5.52,4997272,31706085
2019-10-28,000967.SZ,5.53,5.61,5.49,5.60,7921800,50841620
2019-10-29,000967.SZ,5.63,5.64,5.52,5.53,5166531,33147513
2019-10-30,000967.SZ,5.52,5.53,5.43,5.46,4815221,30352787
2019-10-31,000967.SZ,5.51,5.51,5.39,5.39,4086848,25616672
2019-11-01,000967.SZ,5.38,5.43,5.37,5.40,5395020,33583291
2019-11-04,000967.SZ,5.40,5.42,5.38,5.39,4976371,30959586
2019-11-05,000967.SZ,5.40,5.43,5.38,5.42,3868369,24109632
2019-11-06,000967.SZ,5.45,5.48,5.39,5.42,3805544,23862046
2019-11-07,000967.SZ,5.43,5.47,5.41,5.45,3485378,21904716
2019-11-08,000967.SZ,5.46,5.48,5.44,5.44,3424960,21529218
2019-11-11,000967.SZ,5.45,5.45,5.25,5.26,5050374,30966042
2019-11-12,000967.SZ,5.26,5.28,5.10,5.18,5572530,33228677
2019-11-13,000967.SZ,5.18,5.20,5.13,5.13,2210433,13110460
2019-11-14,000967.SZ,5.15,5.16,5.12,5.13,2233500,13244543
2019-11-15,000967.SZ,5.15,5.30,5.04,5.26,5492883,32559472
2019-11-18,000967.SZ,5.24,5.28,5.19,5.24,4765091,28797941
2019-11-19,000967.SZ,5.23,5.29,5.21,5.25,3802700,23037095
2019-11-20,000967.SZ,5.25,5.26,5.22,5.24,3556692,21507991
2019-11-21,000967.SZ,5.20,5.26,5.18,5.20,3758851,22599845
2019-11-22,000967.SZ,5.20,5.24,5.14,5.15,2987537,17857573
2019-11-25,000967.SZ,5.17,5.20,5.08,5.09,4211106,24895779
2019-11-26,000967.SZ,5.10,5.13,5.04,5.07,3314935,19420158
2019-11-27,000967.SZ,5.07,5.08,4.97,5.01,3840606,22304158
2019-11-28,000967.SZ,5.00,5.04,4.99,5.00,3206152,18507165
2019-11-29,000967.SZ,5.00,5.07,4.98,5.04,2013945,11676544
2019-12-02,000967.SZ,5.04,5.11,4.99,5.10,3719371,21767032
2019-12-03,000967.SZ,5.11,5.13,5.07,5.12,3637118,21376936
2019-12-04,000967.SZ,5.10,5.15,5.08,5.14,3357850,19858860
2019-12-05,000967.SZ,5.15,5.26,5.13,5.25,5653117,33993218
2019-12-06,000967.SZ,5.26,5.37,5.22,5.37,6773964,41474540
2019-12-09,000967.SZ,5.32,5.46,5.32,5.37,7590517,47361524
2019-12-10,000967.SZ,5.44,5.45,5.35,5.39,5287328,32838870
2019-12-11,000967.SZ,5.39,5.42,5.34,5.34,4528950,28029490
2019-12-12,000967.SZ,5.37,5.37,5.28,5.33,7093633,43586447
2019-12-13,000967.SZ,5.36,5.52,5.33,5.46,14112249,88482339
2019-12-16,000967.SZ,5.63,5.63,5.46,5.51,11529845,73305990
2019-12-17,000967.SZ,5.49,5.56,5.47,5.52,8151525,51906445
2019-12-18,000967.SZ,5.52,5.59,5.50,5.56,7966200,51001546
2019-12-19,000967.SZ,5.56,5.64,5.53,5.62,6522196,42131711
2019-12-20,000967.SZ,5.63,5.68,5.58,5.62,6541184,42419977
2019-12-23,000967.SZ,5.60,5.63,5.50,5.50,5601845,35892022
2019-12-24,000967.SZ,5.51,5.53,5.45,5.48,5809370,36691543
2019-12-25,000967.SZ,5.48,5.49,5.33,5.38,8977417,55854458
2019-12-26,000967.SZ,5.37,5.42,5.33,5.38,6520381,40438082
2019-12-27,000967.SZ,5.42,5.44,5.35,5.35,6529207,40591617
2019-12-30,000967.SZ,5.33,5.39,5.27,5.38,5746583,35462791
2019-12-31,000967.SZ,5.37,5.42,5.33,5.35,5121471,31644612
2020-01-02,000967.SZ,5.37,5.44,5.35,5.39,10102166,62800020
2020-01-03,000967.SZ,5.40,5.44,5.38,5.40,11031248,68678322
2020-01-06,000967.SZ,5.40,5.46,5.36,5.43,10388572,64898810
2020-01-07,000967.SZ,5.45,5.59,5.44,5.56,10978874,69981420
2020-01-08,000967.SZ,5.55,5.55,5.44,5.46,8482972,53675938
2020-01-09,000967.SZ,5.50,5.56,5.46,5.53,7622389,48379113
2020-01-10,000967.SZ,5.55,5.59,5.51,5.53,5781382,36890686
2020-01-13,000967.SZ,5.50,5.56,5.48,5.53,6702302,42639335
2020-01-14,000967.SZ,5.55,5.80,5.53,5.72,20278693,133326812
2020-01-15,000967.SZ,5.71,5.79,5.69,5.70,8816440,58160940
2020-01-16,000967.SZ,5.74,5.74,5.62,5.63,6872594,44809688
2020-01-17,000967.SZ,5.65,5.67,5.57,5.57,6288513,40565846
2020-01-20,000967.SZ,5.55,5.60,5.53,5.55,7058933,45240812
2020-01-21,000967.SZ,5.55,5.56,5.44,5.48,8949756,56751544
2020-01-22,000967.SZ,5.54,5.54,5.33,5.46,9887479,61573544
2020-01-23,000967.SZ,5.41,5.46,5.23,5.31,9972128,61480589
2020-02-03,000967.SZ,4.78,4.87,4.78,4.78,12543482,69399348
2020-02-04,000967.SZ,4.71,5.04,4.71,4.93,15633004,88431015
2020-02-05,000967.SZ,4.96,5.17,4.92,5.11,12793687,74619721
2020-02-06,000967.SZ,5.17,5.61,5.13,5.59,28202968,176263229
2020-02-07,000967.SZ,5.98,6.05,5.65,6.04,56793468,383310424
2020-02-10,000967.SZ,6.19,6.20,5.75,5.86,38246833,261653466
2020-02-11,000967.SZ,5.90,5.90,5.64,5.64,18478532,121688265
2020-02-12,000967.SZ,5.65,5.70,5.55,5.63,18186386,117710351
2020-02-13,000967.SZ,5.64,5.74,5.50,5.63,19534944,125845381
2020-02-14,000967.SZ,5.62,5.67,5.52,5.59,11832445,76313221
2020-02-17,000967.SZ,5.62,5.69,5.58,5.67,12999856,84729252
2020-02-18,000967.SZ,5.68,5.72,5.59,5.67,15192612,99131594
2020-02-19,000967.SZ,5.67,5.75,5.53,5.53,22325460,144997190
2020-02-20,000967.SZ,5.54,5.60,5.44,5.54,16045832,102072880
2020-02-21,000967.SZ,5.56,5.67,5.52,5.61,14361612,92822693
2020-02-24,000967.SZ,5.73,5.95,5.66,5.88,32984583,221002666
2020-02-25,000967.SZ,5.73,5.94,5.61,5.87,26757019,178379638
2020-02-26,000967.SZ,5.79,6.15,5.74,5.96,34794263,239402645
2020-02-27,000967.SZ,5.98,6.15,5.92,6.07,26135569,182938398
2020-02-28,000967.SZ,5.86,5.99,5.69,5.72,23098862,154828549
2020-03-02,000967.SZ,5.79,6.05,5.78,5.97,21274974,146501707
2020-03-03,000967.SZ,6.07,6.15,5.92,6.05,31600853,219554302
2020-03-04,000967.SZ,6.09,6.24,5.99,6.08,30627259,215407316
2020-03-05,000967.SZ,6.15,6.31,6.07,6.21,37754110,269455415
2020-03-06,000967.SZ,6.13,6.13,5.92,5.99,33884359,234524468
2020-03-09,000967.SZ,5.81,5.92,5.67,5.70,24395671,162711400
2020-03-10,000967.SZ,5.56,5.82,5.54,5.71,21437646,140238317
2020-03-11,000967.SZ,5.78,5.78,5.60,5.62,17169661,112255937
2020-03-12,000967.SZ,5.59,5.61,5.39,5.44,18932806,119774464
2020-03-13,000967.SZ,5.16,5.34,5.08,5.32,19734000,118882364
2020-03-16,000967.SZ,5.41,5.41,5.13,5.17,14838959,89661539
2020-03-17,000967.SZ,5.17,5.26,4.99,5.20,11265426,66642562
2020-03-18,000967.SZ,5.25,5.27,4.98,4.98,17924672,106262435
2020-03-19,000967.SZ,4.98,5.07,4.86,4.98,13172623,75154576
2020-03-20,000967.SZ,5.03,5.12,4.99,5.08,13222165,77291421
2020-03-23,000967.SZ,5.00,5.07,4.90,4.98,10096068,57879755
2020-03-24,000967.SZ,5.06,5.14,4.96,5.12,10994182,64149262
2020-03-25,000967.SZ,5.21,5.24,5.13,5.15,11261397,67305104
2020-03-26,000967.SZ,5.12,5.27,5.06,5.18,10444652,62451360
2020-03-27,000967.SZ,5.21,5.23,5.12,5.13,6770564,40385371
2020-03-30,000967.SZ,5.13,5.15,5.00,5.04,6481442,37645671
2020-03-31,000967.SZ,5.05,5.10,4.99,5.02,4883215,28418970
2020-04-01,000967.SZ,5.02,5.09,4.98,5.00,5990268,34794836
2020-04-02,000967.SZ,5.00,5.09,4.94,5.07,6234059,36100661
2020-04-03,000967.SZ,5.05,5.07,4.94,4.96,8389441,48383103
2020-04-07,000967.SZ,5.02,5.17,5.02,5.14,11122250,65420695
2020-04-08,000967.SZ,5.14,5.17,5.10,5.13,6592767,38980760
2020-04-09,000967.SZ,5.17,5.25,5.14,5.19,9854589,59219288
2020-04-10,000967.SZ,5.22,5.22,5.06,5.08,7098624,41815362
2020-04-13,000967.SZ,5.06,5.12,5.02,5.10,3950431,23105618
2020-04-14,000967.SZ,5.25,5.33,5.20,5.31,16870167,102980602
2020-04-15,000967.SZ,5.29,5.30,5.26,5.26,8668830,52745171
2020-04-16,000967.SZ,5.26,5.30,5.23,5.27,6967714,42320952
2020-04-17,000967.SZ,5.34,5.36,5.25,5.26,8217096,50153411
2020-04-20,000967.SZ,5.26,5.28,5.23,5.26,6512603,39456583
2020-04-21,000967.SZ,5.28,5.33,5.23,5.29,8221835,49999162
2020-04-22,000967.SZ,5.25,5.39,5.24,5.34,9349489,57511928
2020-04-23,000967.SZ,5.35,5.39,5.29,5.30,6581655,40379774
2020-04-24,000967.SZ,5.27,5.36,5.27,5.31,7520494,46076821
2020-04-27,000967.SZ,5.30,5.56,5.30,5.38,17798692,111387804
2020-04-28,000967.SZ,5.37,5.39,5.15,5.31,11451700,69702168
2020-04-29,000967.SZ,5.35,5.36,5.28,5.31,6501581,39830727
2020-04-30,000967.SZ,5.33,5.42,5.32,5.37,8430022,52154171
2020-05-06,000967.SZ,5.33,5.37,5.28,5.35,7803200,47938446
2020-05-07,000967.SZ,5.35,5.39,5.30,5.34,8384246,51700446
2020-05-08,000967.SZ,5.34,5.62,5.34,5.59,21998904,140084215
2020-05-11,000967.SZ,5.66,5.71,5.56,5.65,13586815,88146634
2020-05-12,000967.SZ,5.80,6.05,5.80,6.00,47964969,329159242
2020-05-13,000967.SZ,6.11,6.13,5.95,6.06,32344194,226199506
2020-05-14,000967.SZ,6.24,6.30,5.95,6.08,39650303,279369799
2020-05-15,000967.SZ,6.14,6.18,5.90,5.96,25799478,179132656
2020-05-18,000967.SZ,5.96,5.98,5.83,5.86,17871807,121608803
2020-05-19,000967.SZ,5.92,6.15,5.88,6.05,25055732,174441465
2020-05-20,000967.SZ,6.06,6.07,5.95,6.02,10368646,71808524
2020-05-21,000967.SZ,6.12,6.28,6.03,6.14,21109076,150073795
2020-05-22,000967.SZ,6.14,6.51,6.11,6.38,31344171,230214420
2020-05-25,000967.SZ,6.41,6.79,6.31,6.74,34061176,261098684
2020-05-26,000967.SZ,6.81,6.93,6.51,6.64,42879902,329998086
2020-05-27,000967.SZ,6.63,7.20,6.60,7.11,49280579,397988188
2020-05-28,000967.SZ,7.01,7.03,6.83,6.98,28700989,229225334
2020-05-29,000967.SZ,6.86,7.20,6.86,7.09,25711814,209312830
2020-06-01,000967.SZ,7.07,7.34,6.96,7.15,24757886,203882792
2020-06-02,000967.SZ,7.28,7.29,7.03,7.13,15158306,124412851
2020-06-03,000967.SZ,7.16,7.42,7.00,7.30,21117840,176434496
2020-06-04,000967.SZ,7.36,7.74,7.20,7.32,30193178,260589020
2020-06-05,000967.SZ,7.32,7.35,7.10,7.13,17034440,141242427
2020-06-08,000967.SZ,7.23,7.42,7.10,7.36,20207504,169976030
2020-06-09,000967.SZ,7.36,7.37,7.15,7.23,17148510,143008077
2020-06-10,000967.SZ,7.23,7.42,7.08,7.23,13570206,113496889
2020-06-11,000967.SZ,7.32,7.32,7.02,7.04,17646155,144666128
2020-06-12,000967.SZ,7.03,7.09,6.84,7.06,16057829,129675748
2020-06-15,000967.SZ,7.07,7.31,6.99,7.15,17605352,145239139
2020-06-16,000967.SZ,7.20,7.55,7.14,7.37,25187347,213342101
2020-06-17,000967.SZ,7.46,7.46,7.22,7.32,11000337,92416512
2020-06-18,000967.SZ,7.29,7.31,7.20,7.30,8600934,72018687
2020-06-19,000967.SZ,7.31,7.37,7.21,7.21,15534731,130579996
2020-06-22,000967.SZ,7.20,7.33,7.09,7.15,16345304,135607403
2020-06-23,000967.SZ,7.16,7.20,6.94,7.03,18085061,146711976
2020-06-24,000967.SZ,7.07,7.09,6.85,6.89,16608335,133037930
2020-06-29,000967.SZ,6.93,7.08,6.74,6.90,14713669,117672683
2020-06-30,000967.SZ,7.01,7.30,6.96,7.16,24047846,198632924
2020-07-01,000967.SZ,7.13,7.18,7.01,7.03,15470149,125955891
2020-07-02,000967.SZ,7.09,7.12,6.99,7.07,14344807,116477921
2020-07-03,000967.SZ,7.08,7.20,7.03,7.06,18533932,151836238
2020-07-06,000967.SZ,7.08,7.32,7.06,7.21,24350313,202711392
2020-07-07,000967.SZ,7.22,7.40,7.16,7.19,29482276,246139570
2020-07-08,000967.SZ,7.16,7.27,7.06,7.23,24848157,204868689
2020-07-09,000967.SZ,7.23,7.63,7.20,7.44,49555642,426972568
2020-07-10,000967.SZ,7.58,7.71,7.39,7.48,46638968,399580973
2020-07-13,000967.SZ,7.55,7.71,7.51,7.58,42984142,371571900
2020-07-14,000967.SZ,7.68,7.91,7.58,7.75,57124418,501608547
2020-07-15,000967.SZ,7.80,7.80,7.43,7.55,38254119,331813215
2020-07-16,000967.SZ,7.64,8.13,7.47,7.55,58964534,523062615
2020-07-17,000967.SZ,7.56,7.98,7.55,7.71,39015321,345012124
2020-07-20,000967.SZ,7.79,7.88,7.48,7.84,39703262,347173142
2020-07-21,000967.SZ,7.91,7.93,7.64,7.73,23000697,202409469
2020-07-22,000967.SZ,7.71,8.50,7.64,8.36,66080376,621772774
2020-07-23,000967.SZ,8.36,8.44,8.11,8.43,33948727,320640807
2020-07-24,000967.SZ,8.34,8.35,7.82,7.82,45775022,418160985
2020-07-27,000967.SZ,7.91,8.40,7.83,8.24,35806886,331748409
2020-07-28,000967.SZ,8.29,8.35,8.06,8.15,21625836,201330191
2020-07-29,000967.SZ,8.14,8.45,7.99,8.40,22689451,214102419
2020-07-30,000967.SZ,8.50,8.92,8.32,8.68,30920707,305573656
2020-07-31,000967.SZ,8.60,9.03,8.56,8.87,30643721,309211699
2020-08-03,000967.SZ,9.08,9.20,8.79,8.92,24538726,248795017
2020-08-04,000967.SZ,8.94,8.94,8.65,8.74,24067754,240396128
2020-08-05,000967.SZ,8.68,9.17,8.53,8.98,31768826,323908449
2020-08-06,000967.SZ,8.96,9.06,8.65,8.86,19118416,191254648
2020-08-07,000967.SZ,8.84,8.84,8.59,8.75,12017597,119138489
2020-08-10,000967.SZ,8.74,8.94,8.61,8.86,20924006,209727106
2020-08-11,000967.SZ,8.83,8.87,8.39,8.43,24186495,237488480
2020-08-12,000967.SZ,8.50,8.59,8.02,8.22,17734729,166358309
2020-08-13,000967.SZ,8.24,8.34,8.19,8.26,9618095,90426749
2020-08-14,000967.SZ,8.20,8.58,8.18,8.45,13069067,124960590
2020-08-17,000967.SZ,8.51,8.81,8.37,8.78,17392173,171532147
2020-08-18,000967.SZ,8.78,8.83,8.70,8.73,9591419,95453597
2020-08-19,000967.SZ,8.79,8.87,8.63,8.64,10126983,100871166
2020-08-20,000967.SZ,8.68,8.81,8.59,8.68,11119718,109988999
2020-08-21,000967.SZ,8.68,8.79,8.00,8.09,46633340,435969679
2020-08-24,000967.SZ,8.24,8.72,8.16,8.30,24032493,228647793
2020-08-25,000967.SZ,8.35,8.41,8.02,8.07,23492731,217713358
2020-08-26,000967.SZ,8.02,8.30,8.00,8.14,22193073,205961375
2020-08-27,000967.SZ,8.20,8.43,8.07,8.22,18978865,178839482
2020-08-28,000967.SZ,8.28,8.33,8.07,8.29,15864789,147883116
2020-08-31,000967.SZ,8.24,8.43,8.05,8.10,16540832,153939345
2020-09-01,000967.SZ,8.10,8.13,7.93,8.00,23675059,215272529
2020-09-02,000967.SZ,8.07,8.15,7.92,8.01,18065389,164816586
2020-09-03,000967.SZ,7.97,8.05,7.89,7.96,12787887,116063940
2020-09-04,000967.SZ,7.82,7.91,7.68,7.84,18819418,166152384
2020-09-07,000967.SZ,7.85,8.05,7.69,7.70,14887018,133316630
2020-09-08,000967.SZ,7.71,7.84,7.64,7.77,10740350,94979664
2020-09-09,000967.SZ,7.71,7.73,7.52,7.63,15285456,132820397
2020-09-10,000967.SZ,7.64,7.67,7.19,7.27,17725927,149713539
2020-09-11,000967.SZ,7.29,7.43,7.24,7.39,9905341,82905041
2020-09-14,000967.SZ,7.41,7.51,7.33,7.42,9069948,76433547
2020-09-15,000967.SZ,7.42,7.45,7.32,7.42,7049844,59306786
2020-09-16,000967.SZ,7.42,7.43,7.27,7.34,9150384,76441654
2020-09-17,000967.SZ,7.31,7.37,7.16,7.29,7820689,64640670
2020-09-18,000967.SZ,7.34,7.47,7.24,7.43,17558834,147501689
2020-09-21,000967.SZ,7.44,7.56,7.37,7.48,10257932,87155791
2020-09-22,000967.SZ,7.46,7.46,7.18,7.20,14032779,115990586
2020-09-23,000967.SZ,7.24,7.38,7.22,7.26,11999865,99477813
2020-09-24,000967.SZ,7.19,7.24,6.84,6.87,18812636,148923662
2020-09-25,000967.SZ,6.94,7.19,6.91,7.00,19960603,159601299
2020-09-28,000967.SZ,7.00,7.04,6.84,6.85,16182424,127458180
2020-09-29,000967.SZ,6.94,7.29,6.90,7.12,18468927,149920677
2020-09-30,000967.SZ,7.12,7.15,6.91,6.94,14572595,115859260
2020-10-09,000967.SZ,7.03,7.22,7.01,7.18,12526715,102089699
2020-10-12,000967.SZ,7.25,7.76,7.16,7.68,37297474,320779891
2020-10-13,000967.SZ,7.77,7.88,7.65,7.72,17439293,153525460
2020-10-14,000967.SZ,7.73,7.73,7.47,7.58,19908263,171208705
2020-10-15,000967.SZ,7.56,7.64,7.42,7.46,14718960,125680192
2020-10-16,000967.SZ,7.49,7.57,7.42,7.50,12041609,102672770
2020-10-19,000967.SZ,7.57,7.61,7.35,7.40,11858612,100528580
2020-10-20,000967.SZ,7.38,7.45,7.22,7.43,9532828,79426805
2020-10-21,000967.SZ,7.43,7.46,7.23,7.37,9601988,79747799
2020-10-22,000967.SZ,7.25,7.25,7.05,7.15,13789523,111640393
2020-10-23,000967.SZ,7.17,7.27,7.12,7.17,7177717,58700495
2020-10-26,000967.SZ,7.21,7.39,7.08,7.27,12267714,101619102
2020-10-27,000967.SZ,7.27,7.27,7.07,7.20,9399169,76525859
2020-10-28,000967.SZ,7.16,7.25,7.01,7.20,10307316,83678167
2020-10-29,000967.SZ,7.12,7.26,7.08,7.20,9793963,79885728
2020-10-30,000967.SZ,7.26,7.27,6.99,7.13,11361792,91844506
2020-11-02,000967.SZ,7.19,7.49,7.10,7.42,24225835,203412045
2020-11-03,000967.SZ,7.42,7.62,7.34,7.41,17040828,144680555
2020-11-04,000967.SZ,7.31,7.53,7.12,7.45,25337852,212384518
2020-11-05,000967.SZ,7.36,7.66,7.35,7.56,18426479,158161947
2020-11-06,000967.SZ,7.61,7.65,7.44,7.49,10105555,86033289
2020-11-09,000967.SZ,7.51,7.85,7.51,7.67,16206273,141826924
2020-11-10,000967.SZ,7.67,8.05,7.60,7.96,31081434,279552785
2020-11-11,000967.SZ,7.96,8.05,7.74,7.82,12121405,108582423
2020-11-12,000967.SZ,7.81,8.02,7.78,7.95,9596709,86579749
2020-11-13,000967.SZ,7.95,8.17,7.81,8.14,16106071,147045853
2020-11-16,000967.SZ,8.13,8.15,7.82,7.96,17280825,156323196
2020-11-17,000967.SZ,8.00,8.14,7.89,7.97,11476158,104583151
2020-11-18,000967.SZ,8.00,8.07,7.83,7.84,8628479,77630044
2020-11-19,000967.SZ,7.84,7.85,7.69,7.79,11064388,97725326
2020-11-20,000967.SZ,7.78,7.87,7.73,7.81,5528084,49229103
2020-11-23,000967.SZ,7.86,8.07,7.69,7.93,17005602,152461585
2020-11-24,000967.SZ,7.91,8.01,7.82,7.91,10652900,96068774
2020-11-25,000967.SZ,7.93,7.94,7.70,7.71,11997050,106345342
2020-11-26,000967.SZ,7.71,7.76,7.63,7.71,6583996,57649144
2020-11-27,000967.SZ,7.74,7.81,7.60,7.78,5591425,49246201
2020-11-30,000967.SZ,7.75,7.81,7.59,7.67,12691810,110970672
2020-12-01,000967.SZ,7.64,7.95,7.62,7.91,14116182,126479778
2020-12-02,000967.SZ,8.00,8.00,7.79,7.81,10053725,89915992
2020-12-03,000967.SZ,7.91,8.00,7.82,7.89,13587996,122421881
2020-12-04,000967.SZ,7.90,8.11,7.89,8.10,15269115,139235559
2020-12-07,000967.SZ,8.14,8.35,8.09,8.23,17307957,162129807
2020-12-08,000967.SZ,8.21,8.24,7.92,7.93,15029581,136906211
2020-12-09,000967.SZ,7.86,7.95,7.80,7.82,9416870,84158252
2020-12-10,000967.SZ,7.78,7.85,7.72,7.80,5573350,49435199
2020-12-11,000967.SZ,7.79,7.85,7.67,7.72,7626435,67090393
2020-12-14,000967.SZ,7.72,7.79,7.64,7.74,7635653,67023428
2020-12-15,000967.SZ,7.72,7.81,7.67,7.78,4883137,43114567
2020-12-16,000967.SZ,7.76,7.80,7.59,7.60,8766560,76515504
2020-12-17,000967.SZ,7.60,7.71,7.47,7.66,7154866,61855717
2020-12-18,000967.SZ,7.66,7.71,7.59,7.63,4573852,39775696
2020-12-21,000967.SZ,7.65,7.87,7.59,7.85,8663313,76947136
2020-12-22,000967.SZ,7.89,7.94,7.69,7.73,9353506,83151581
2020-12-23,000967.SZ,7.69,7.77,7.53,7.66,12561374,109100779
2020-12-24,000967.SZ,7.64,7.64,7.12,7.22,21369546,176623324
2020-12-25,000967.SZ,7.19,7.31,7.14,7.20,9125606,74947093
2020-12-28,000967.SZ,7.22,7.25,7.02,7.06,11066781,89437517
2020-12-29,000967.SZ,7.09,7.17,6.96,6.99,8848743,70875495
2020-12-30,000967.SZ,7.03,7.06,6.91,6.96,9113521,72228183
2020-12-31,000967.SZ,7.02,7.20,6.94,7.15,8663367,70046665
2021-01-04,000967.SZ,7.19,7.63,7.19,7.58,20089210,170312120
2021-01-05,000967.SZ,7.55,7.81,7.51,7.76,18410934,161657394
2021-01-06,000967.SZ,7.76,7.80,7.47,7.55,13132600,113521871
2021-01-07,000967.SZ,7.61,7.61,7.07,7.14,22285528,183476228
2021-01-08,000967.SZ,7.19,7.25,7.01,7.17,18678690,151158888
2021-01-11,000967.SZ,7.19,7.31,6.99,7.03,14431471,117198525
2021-01-12,000967.SZ,7.12,7.20,6.91,7.02,22053362,175949212
2021-01-13,000967.SZ,7.07,7.35,6.90,7.26,18691989,152653894
2021-01-14,000967.SZ,7.22,7.25,7.09,7.13,13388848,109196536
2021-01-15,000967.SZ,7.18,7.22,7.02,7.05,8964956,72306477
2021-01-18,000967.SZ,7.05,7.14,7.01,7.08,9833255,79438739
2021-01-19,000967.SZ,7.11,7.20,7.00,7.14,9591024,77574700
2021-01-20,000967.SZ,7.14,7.14,7.03,7.04,10360299,83171360
2021-01-21,000967.SZ,7.08,7.21,7.01,7.11,10362684,83829704
2021-01-22,000967.SZ,7.15,7.19,6.95,7.16,13399239,107498615
2021-01-25,000967.SZ,7.12,7.42,6.99,7.34,25269020,207553171
2021-01-26,000967.SZ,7.30,7.30,7.11,7.27,12142140,99286823
2021-01-27,000967.SZ,7.20,7.30,7.17,7.23,8273280,68240233
2021-01-28,000967.SZ,7.23,7.25,7.01,7.07,7883950,63695665
2021-01-29,000967.SZ,7.10,7.12,6.97,7.10,7510934,60230347
2021-02-01,000967.SZ,7.02,7.12,6.83,7.07,28423133,223882261
2021-02-02,000967.SZ,6.99,7.13,6.88,6.97,10458632,83026318
2021-02-03,000967.SZ,7.00,7.06,6.86,6.93,8076073,63875898
2021-02-04,000967.SZ,6.93,7.02,6.77,6.92,13117185,102794727
2021-02-05,000967.SZ,6.92,6.94,6.83,6.88,6818325,53508993
2021-02-08,000967.SZ,6.88,7.04,6.85,7.03,10874355,86279433
2021-02-09,000967.SZ,6.99,7.05,6.92,7.03,8535116,67964373
2021-02-10,000967.SZ,7.03,7.05,6.96,7.00,5217226,41632951
2021-02-18,000967.SZ,7.19,7.26,7.01,7.20,11861999,96416015
2021-02-19,000967.SZ,7.21,7.37,7.15,7.33,8152789,67674714
2021-02-22,000967.SZ,7.34,7.80,7.29,7.54,21250014,181991799
2021-02-23,000967.SZ,7.46,7.73,7.42,7.51,27062777,233961405
2021-02-24,000967.SZ,7.49,7.78,7.40,7.60,28734675,248829566
2021-02-25,000967.SZ,7.63,7.64,7.42,7.46,10828253,92432658
2021-02-26,000967.SZ,7.35,7.64,7.32,7.58,19832575,169610119
2021-03-01,000967.SZ,7.85,8.07,7.61,7.89,32201621,288945823
2021-03-02,000967.SZ,7.91,8.42,7.83,8.22,39227801,365776896
2021-03-03,000967.SZ,8.29,8.38,8.05,8.14,28851212,268227528
2021-03-04,000967.SZ,8.18,8.28,8.01,8.04,19763059,182218633
2021-03-05,000967.SZ,7.98,8.06,7.60,7.71,26032552,230663115
2021-03-08,000967.SZ,7.83,8.22,7.78,7.86,32987178,299535880
2021-03-09,000967.SZ,7.84,7.86,7.49,7.60,24158395,209502176
2021-03-10,000967.SZ,7.60,7.67,7.09,7.19,27127169,226148058
2021-03-11,000967.SZ,7.22,7.30,7.12,7.20,19641219,160832491
2021-03-12,000967.SZ,7.25,7.44,7.11,7.35,22929655,190189272
2021-03-15,000967.SZ,7.27,7.46,7.21,7.29,17138841,143235130
2021-03-16,000967.SZ,7.30,7.69,7.25,7.66,35607355,304039904
2021-03-17,000967.SZ,7.71,7.71,7.42,7.46,16751784,142904753
2021-03-18,000967.SZ,7.46,7.47,7.35,7.35,12879220,108373465
2021-03-19,000967.SZ,7.29,7.44,7.20,7.42,13662243,114337647
2021-03-22,000967.SZ,7.41,7.71,7.38,7.65,24133986,208517175
2021-03-23,000967.SZ,7.66,7.78,7.48,7.55,20329446,176156899
2021-03-24,000967.SZ,7.55,7.78,7.49,7.56,19668893,170858867
2021-03-25,000967.SZ,7.54,7.55,7.16,7.22,23503993,194635050
2021-03-26,000967.SZ,7.24,7.40,7.20,7.30,13213619,109848343
2021-03-29,000967.SZ,7.32,7.59,7.21,7.34,17224517,144585794
2021-03-30,000967.SZ,7.31,7.35,7.25,7.28,10704272,88859821
2021-03-31,000967.SZ,7.29,7.39,7.23,7.35,10989144,91451221
2021-04-01,000967.SZ,7.26,7.33,7.18,7.27,11415638,94109044
2021-04-02,000967.SZ,7.27,7.32,7.14,7.15,10874138,88910902
2021-04-06,000967.SZ,7.13,7.19,7.11,7.15,6178576,50298135
2021-04-07,000967.SZ,7.13,7.23,7.09,7.14,9350611,76006785
2021-04-08,000967.SZ,7.14,7.14,7.03,7.08,9475162,76229969
2021-04-09,000967.SZ,7.14,7.19,7.09,7.12,8232492,66842140
2021-04-12,000967.SZ,7.15,7.19,7.05,7.14,8159670,66085952
2021-04-13,000967.SZ,7.08,7.20,7.05,7.16,8879586,71853290
2021-04-14,000967.SZ,7.15,7.23,7.09,7.22,12910307,105441649
2021-04-15,000967.SZ,7.20,7.27,7.15,7.23,6749260,55343698
2021-04-16,000967.SZ,7.24,7.38,7.19,7.36,10478374,87132455
2021-04-19,000967.SZ,7.37,7.45,7.28,7.43,13744110,114823709
2021-04-20,000967.SZ,7.39,7.39,7.15,7.15,17221624,141721907
2021-04-21,000967.SZ,7.12,7.16,7.09,7.13,6010849,48762240
2021-04-22,000967.SZ,7.13,7.19,7.05,7.08,10630650,85728467
2021-04-23,000967.SZ,6.98,7.13,6.88,7.13,19222221,152245245
2021-04-26,000967.SZ,7.04,7.04,6.90,6.95,17404861,137831306
2021-04-27,000967.SZ,6.95,7.00,6.90,6.94,7382174,58347439
2021-04-28,000967.SZ,6.91,7.00,6.89,6.97,6313040,50056708
2021-04-29,000967.SZ,6.98,7.00,6.85,6.90,12269442,96682691
2021-04-30,000967.SZ,6.87,6.98,6.85,6.92,7913350,62228281
2021-05-06,000967.SZ,6.97,7.05,6.90,6.92,7338850,58155693
2021-05-07,000967.SZ,6.90,6.97,6.90,6.93,6059543,47800951
2021-05-10,000967.SZ,6.92,6.99,6.84,6.97,8464869,66734570
2021-05-11,000967.SZ,6.95,7.03,6.89,7.00,5550744,44177210
2021-05-12,000967.SZ,6.99,7.05,6.91,7.04,7282848,57977512
2021-05-13,000967.SZ,6.97,7.03,6.91,6.92,9493692,75137473
2021-05-14,000967.SZ,7.00,7.19,7.00,7.16,12567561,102097601
2021-05-17,000967.SZ,7.07,7.14,7.05,7.06,9452235,76100674
2021-05-18,000967.SZ,7.08,7.09,6.98,6.99,5628277,44899462
2021-05-19,000967.SZ,7.02,7.06,6.97,7.01,4550746,36318747
2021-05-20,000967.SZ,7.00,7.05,6.96,6.98,5162052,41089873
2021-05-21,000967.SZ,6.96,7.02,6.94,7.00,6786052,53823965
2021-05-24,000967.SZ,7.14,7.32,7.09,7.26,20048273,164269484
2021-05-25,000967.SZ,7.20,7.21,7.10,7.12,11372360,92305405
2021-05-26,000967.SZ,7.13,7.14,7.06,7.12,6929057,56017920
2021-05-27,000967.SZ,7.11,7.18,7.04,7.07,9959322,80415268
2021-05-28,000967.SZ,7.06,7.11,7.03,7.06,6303376,50532506
2021-05-31,000967.SZ,7.03,7.06,6.98,7.00,6432785,51286596
2021-06-01,000967.SZ,6.94,7.00,6.84,6.98,15652773,122865491
2021-06-02,000967.SZ,6.99,6.99,6.91,6.92,5659337,44712179
2021-06-03,000967.SZ,6.95,6.95,6.90,6.92,5644739,44481865
2021-06-04,000967.SZ,6.91,6.96,6.87,6.93,5325355,41939797
2021-06-07,000967.SZ,6.91,6.99,6.87,6.98,10621307,83611600
2021-06-08,000967.SZ,7.05,7.05,6.97,6.98,5397866,42981688
2021-06-09,000967.SZ,6.97,6.98,6.86,6.89,6171308,48433283
2021-06-10,000967.SZ,6.86,6.90,6.84,6.86,5296776,41436227
2021-06-11,000967.SZ,6.95,6.95,6.81,6.86,9548824,74752294
2021-06-15,000967.SZ,6.84,6.94,6.76,6.81,7681280,59598628
2021-06-16,000967.SZ,6.77,6.87,6.77,6.82,7264642,56521049
2021-06-17,000967.SZ,6.81,6.91,6.78,6.82,8390548,65410688
2021-06-18,000967.SZ,6.84,6.84,6.53,6.56,16696596,127370247
2021-06-21,000967.SZ,6.64,6.64,6.19,6.25,21363779,155632561
2021-06-22,000967.SZ,6.26,6.42,6.19,6.22,21549411,154344610
2021-06-23,000967.SZ,6.24,6.26,5.94,5.97,32934887,225706055
2021-06-24,000967.SZ,5.99,6.28,5.97,6.11,25923210,180844938
2021-06-25,000967.SZ,6.12,6.14,5.98,6.09,14345074,98657076
2021-06-28,000967.SZ,6.08,6.09,5.96,5.98,12823584,87419093
2021-06-29,000967.SZ,6.00,6.03,5.90,5.90,9967956,67232249
2021-06-30,000967.SZ,5.92,6.07,5.87,6.04,10201184,69077601
2021-07-01,000967.SZ,6.02,6.03,5.95,6.02,7195022,49026547
2021-07-02,000967.SZ,5.99,6.04,5.90,6.03,11356897,77204158
2021-07-05,000967.SZ,6.00,6.04,5.91,5.91,9165400,62032879
2021-07-06,000967.SZ,5.94,5.95,5.87,5.89,6849831,45998952
2021-07-07,000967.SZ,5.93,5.93,5.89,5.92,5821763,39120679
2021-07-08,000967.SZ,5.99,6.00,5.89,5.90,11214085,74468952
2021-07-09,000967.SZ,5.89,5.95,5.82,5.90,7117720,47031146
2021-07-12,000967.SZ,5.95,5.97,5.90,5.91,9417489,62370784
2021-07-13,000967.SZ,5.88,6.04,5.83,6.03,15642195,103712371
2021-07-14,000967.SZ,5.99,6.06,5.95,5.96,9404876,63212597
2021-07-15,000967.SZ,6.01,6.02,5.88,5.91,10189080,67506772
2021-07-16,000967.SZ,5.91,5.93,5.84,5.90,6575188,43277657
2021-07-19,000967.SZ,5.87,5.90,5.73,5.87,12366257,80420441
2021-07-20,000967.SZ,5.82,5.89,5.76,5.84,8205575,53461389
2021-07-21,000967.SZ,5.89,5.98,5.83,5.90,7858150,51788479
2021-07-22,000967.SZ,5.95,5.95,5.90,5.93,6262812,41512482
2021-07-23,000967.SZ,5.96,5.97,5.82,5.82,7963812,52317108
2021-07-26,000967.SZ,5.81,5.82,5.59,5.81,12113909,77388467
2021-07-27,000967.SZ,5.79,5.81,5.65,5.66,7134325,45527547
2021-07-28,000967.SZ,5.66,5.70,5.50,5.53,8402269,52596785
2021-07-29,000967.SZ,5.56,5.60,5.36,5.59,15444306,94195590
2021-07-30,000967.SZ,5.56,5.59,5.48,5.55,6919935,42712233
2021-08-02,000967.SZ,5.55,5.59,5.47,5.57,8692417,53837569
2021-08-03,000967.SZ,5.56,5.67,5.51,5.65,8188113,51410965
2021-08-04,000967.SZ,5.65,5.73,5.61,5.65,8418455,53355238
2021-08-05,000967.SZ,5.66,5.75,5.63,5.71,7548205,47969468
2021-08-06,000967.SZ,5.70,5.70,5.51,5.57,8238772,51464608
2021-08-09,000967.SZ,5.56,5.74,5.54,5.67,14547257,92057352
2021-08-10,000967.SZ,5.68,5.72,5.65,5.68,7864119,49985687
2021-08-11,000967.SZ,5.68,5.72,5.64,5.66,9106844,57802526
2021-08-12,000967.SZ,5.64,5.68,5.61,5.65,6273020,39544118
2021-08-13,000967.SZ,5.64,5.72,5.47,5.71,18216691,113813661
2021-08-16,000967.SZ,5.66,5.71,5.63,5.68,7972939,50569844
2021-08-17,000967.SZ,5.69,5.84,5.65,5.71,15121200,97019371
2021-08-18,000967.SZ,5.72,5.75,5.67,5.73,8030428,51349027
2021-08-19,000967.SZ,5.73,5.73,5.61,5.63,7066209,44786325
2021-08-20,000967.SZ,5.62,5.63,5.47,5.61,8539649,52916274
2021-08-23,000967.SZ,5.61,5.64,5.55,5.56,8916667,55687765
2021-08-24,000967.SZ,5.58,5.60,5.51,5.55,6603242,40931404
2021-08-25,000967.SZ,5.52,5.56,5.46,5.49,10781634,66325168
2021-08-26,000967.SZ,5.47,5.52,5.44,5.47,6575903,40244745
2021-08-27,000967.SZ,5.46,5.47,5.37,5.39,10705716,64722783
2021-08-30,000967.SZ,5.37,5.42,5.34,5.39,8148748,48937982
2021-08-31,000967.SZ,5.47,5.73,5.44,5.68,26690040,167528405
2021-09-01,000967.SZ,5.68,6.02,5.64,5.88,28807977,189498214
2021-09-02,000967.SZ,5.84,5.95,5.74,5.81,15139601,98519007
2021-09-03,000967.SZ,5.89,5.90,5.74,5.78,11692222,75543152
2021-09-06,000967.SZ,5.81,5.88,5.78,5.80,9643624,62757122
2021-09-07,000967.SZ,5.81,5.85,5.76,5.81,7917806,51345089
2021-09-08,000967.SZ,5.81,5.89,5.80,5.87,10175613,66518321
2021-09-09,000967.SZ,5.91,6.04,5.85,5.98,15033976,100226951
2021-09-10,000967.SZ,5.96,6.20,5.95,6.00,16073095,109102264
2021-09-13,000967.SZ,6.05,6.16,6.01,6.07,14467385,98635797
2021-09-14,000967.SZ,6.08,6.09,5.83,5.85,14990899,99612178
2021-09-15,000967.SZ,5.88,5.89,5.78,5.85,8867273,57817653
2021-09-16,000967.SZ,5.89,5.98,5.76,5.79,7607470,49924081
2021-09-17,000967.SZ,5.78,5.83,5.66,5.73,9020009,57904353
2021-09-22,000967.SZ,5.73,5.81,5.67,5.78,8132857,52365028
2021-09-23,000967.SZ,5.81,6.13,5.81,6.13,28350593,190701051
2021-09-24,000967.SZ,6.16,6.29,5.99,6.12,27005423,186264842
2021-09-27,000967.SZ,6.15,6.18,5.91,5.94,16381482,109659256
2021-09-28,000967.SZ,5.94,6.07,5.83,6.00,14227922,94631022
2021-09-29,000967.SZ,5.94,6.16,5.92,6.15,20801575,141146143
2021-09-30,000967.SZ,6.15,6.35,6.02,6.22,24319238,167893187
2021-10-08,000967.SZ,6.23,6.34,6.15,6.21,15703550,109748154
2021-10-11,000967.SZ,6.15,6.19,6.03,6.09,11376409,77525843
2021-10-12,000967.SZ,6.03,6.09,5.96,6.01,8497390,57065262
2021-10-13,000967.SZ,6.01,6.04,5.84,5.98,7137800,47372769
2021-10-14,000967.SZ,5.98,6.23,5.90,6.21,14984109,102341665
2021-10-15,000967.SZ,6.18,6.19,6.05,6.06,8718409,59297696
2021-10-18,000967.SZ,6.06,6.11,5.93,5.98,8072145,54059307
2021-10-19,000967.SZ,5.99,6.02,5.86,5.90,7956583,52609312
2021-10-20,000967.SZ,5.91,5.91,5.82,5.85,6661399,43561064
2021-10-21,000967.SZ,5.83,5.86,5.76,5.78,7044571,45664860
2021-10-22,000967.SZ,5.78,5.83,5.76,5.79,4118962,26727122
2021-10-25,000967.SZ,5.72,5.78,5.55,5.78,17064877,107951401
2021-10-26,000967.SZ,5.80,5.80,5.61,5.69,10220079,64693496
2021-10-27,000967.SZ,5.65,5.68,5.55,5.64,7623100,47824407
2021-10-28,000967.SZ,5.64,5.64,5.47,5.53,5884524,36373935
2021-10-29,000967.SZ,5.52,5.62,5.50,5.60,5096964,31754889
2021-11-01,000967.SZ,5.56,5.68,5.54,5.62,8722691,54766489
2021-11-02,000967.SZ,5.62,5.66,5.56,5.63,6864488,43072297
2021-11-03,000967.SZ,5.62,5.65,5.59,5.62,4500806,28254714
2021-11-04,000967.SZ,5.62,5.64,5.55,5.63,6254243,39083189
2021-11-05,000967.SZ,5.64,5.64,5.51,5.53,6007325,37295528
2021-11-08,000967.SZ,5.55,5.90,5.55,5.81,22135553,142509348
2021-11-09,000967.SZ,5.83,5.83,5.58,5.64,15038174,95160464
2021-11-10,000967.SZ,5.64,5.74,5.60,5.70,9873806,62460612
2021-11-11,000967.SZ,5.71,6.27,5.65,6.19,93513334,645551695
2021-11-12,000967.SZ,6.17,6.78,6.16,6.43,100324772,729852277
2021-11-15,000967.SZ,6.38,6.96,6.31,6.70,58079296,436778868
2021-11-16,000967.SZ,6.72,6.78,6.49,6.66,26258564,194729969
2021-11-17,000967.SZ,6.61,6.72,6.53,6.68,18156365,134837641
2021-11-18,000967.SZ,6.67,6.82,6.47,6.49,25820034,189932138
2021-11-19,000967.SZ,6.44,6.53,6.32,6.43,27698344,198219993
2021-11-22,000967.SZ,6.48,6.69,6.40,6.49,32730620,238535884
2021-11-23,000967.SZ,6.49,6.50,6.24,6.36,29071928,205582164
2021-11-24,000967.SZ,6.39,7.00,6.39,7.00,51848784,393374113
2021-11-25,000967.SZ,7.25,7.34,6.94,7.05,65561675,519252521
2021-11-26,000967.SZ,7.15,7.60,7.00,7.37,60266144,496535239
2021-11-29,000967.SZ,7.32,7.41,7.05,7.08,41367604,330931111
2021-11-30,000967.SZ,7.07,7.16,6.82,7.12,41832577,328194627
2021-12-01,000967.SZ,7.06,7.15,6.95,7.00,35365890,278455562
2021-12-02,000967.SZ,6.96,7.11,6.84,6.90,28778492,223238424
2021-12-03,000967.SZ,6.90,7.59,6.90,7.33,77645460,642012691
2021-12-06,000967.SZ,7.10,7.51,7.05,7.20,47451004,388638280
2021-12-07,000967.SZ,7.24,7.34,6.99,7.25,26581909,211979209
2021-12-08,000967.SZ,7.20,7.28,7.06,7.27,27797383,222421745
2021-12-09,000967.SZ,7.28,7.57,7.25,7.47,53494113,444697164
2021-12-10,000967.SZ,7.37,7.53,7.28,7.42,28788859,237646071
2021-12-13,000967.SZ,7.41,7.66,7.30,7.42,36045076,300066471
2021-12-14,000967.SZ,7.44,7.65,7.36,7.50,40540757,340350352
2021-12-15,000967.SZ,7.50,7.50,7.13,7.30,35530858,290432091
2021-12-16,000967.SZ,7.25,7.34,7.11,7.16,26643507,213855193
2021-12-17,000967.SZ,7.11,7.25,7.11,7.20,14824898,119318462
2021-12-20,000967.SZ,7.23,7.74,7.22,7.42,51876522,435389700
2021-12-21,000967.SZ,7.45,7.57,7.31,7.51,27327509,227270271
2021-12-22,000967.SZ,7.60,7.63,7.42,7.45,20866516,175120299
2021-12-23,000967.SZ,7.47,7.54,7.34,7.38,20674990,171193955
2021-12-24,000967.SZ,7.39,7.42,7.09,7.13,24078492,193470344
2021-12-27,000967.SZ,7.08,7.15,6.66,6.74,34999095,268008686
2021-12-28,000967.SZ,6.81,6.99,6.76,6.83,22870316,175489348
2021-12-29,000967.SZ,6.83,6.91,6.73,6.83,12114420,92418738
2021-12-30,000967.SZ,6.77,6.89,6.66,6.68,16923230,127632617
2021-12-31,000967.SZ,6.66,6.74,6.46,6.56,34993513,257656404
2022-01-04,000967.SZ,6.55,6.62,6.47,6.52,24050032,175743819
2022-01-05,000967.SZ,6.52,6.58,6.25,6.31,37564528,267075979
2022-01-06,000967.SZ,6.30,6.41,6.21,6.23,32824706,231057537
2022-01-07,000967.SZ,6.24,6.30,6.08,6.11,29427193,203822822
2022-01-10,000967.SZ,6.13,6.19,6.09,6.11,18482817,126524439
2022-01-11,000967.SZ,6.11,6.14,5.95,5.98,23841931,160894211
2022-01-12,000967.SZ,6.00,6.06,5.85,5.94,47543659,315114914
2022-01-13,000967.SZ,5.95,5.98,5.90,5.91,24706108,163973185
2022-01-14,000967.SZ,5.91,5.94,5.85,5.91,15800904,104359674
2022-01-17,000967.SZ,5.98,6.09,5.95,6.03,26306421,177045772
2022-01-18,000967.SZ,6.04,6.19,5.99,6.12,31300673,213783222
2022-01-19,000967.SZ,6.14,6.15,5.99,6.02,17220747,116553377
2022-01-20,000967.SZ,6.02,6.05,5.92,5.92,13626762,90985353
2022-01-21,000967.SZ,5.92,5.96,5.74,5.81,18152038,118199317
2022-01-24,000967.SZ,5.80,5.81,5.65,5.71,18830040,120668973
2022-01-25,000967.SZ,5.73,5.73,5.45,5.48,25741235,159791548
2022-01-26,000967.SZ,5.52,5.61,5.47,5.54,17450231,107876056
2022-01-27,000967.SZ,5.58,5.58,5.43,5.43,13223597,81054068
2022-01-28,000967.SZ,5.50,5.53,5.38,5.47,12238473,74581733
2022-02-07,000967.SZ,5.54,5.63,5.51,5.54,14294954,88708764
2022-02-08,000967.SZ,5.53,5.64,5.50,5.63,12750867,79322460
2022-02-09,000967.SZ,5.64,5.70,5.62,5.65,15166026,95931006
2022-02-10,000967.SZ,5.68,5.75,5.60,5.64,19347248,122548084
2022-02-11,000967.SZ,5.64,5.64,5.53,5.56,14298279,89173618
2022-02-14,000967.SZ,5.56,5.58,5.48,5.52,11005145,68066568
2022-02-15,000967.SZ,5.54,5.55,5.43,5.47,14504400,88582542
2022-02-16,000967.SZ,5.49,5.59,5.47,5.49,15251832,93954416
2022-02-17,000967.SZ,5.50,5.63,5.47,5.54,32020001,198882361
2022-02-18,000967.SZ,5.51,5.53,5.43,5.51,19620411,119855285
2022-02-21,000967.SZ,5.52,5.53,5.47,5.51,17868077,109634325
2022-02-22,000967.SZ,5.50,5.50,5.38,5.41,21819283,132196305
2022-02-23,000967.SZ,5.45,5.48,5.40,5.47,14098799,85885803
2022-02-24,000967.SZ,5.49,5.49,5.23,5.28,25939109,154975906
2022-02-25,000967.SZ,5.29,5.42,5.29,5.40,16783226,100592874
2022-02-28,000967.SZ,5.41,5.42,5.33,5.39,10586633,63626388
2022-03-01,000967.SZ,5.43,5.43,5.35,5.39,9833721,59133522
2022-03-02,000967.SZ,5.36,5.39,5.32,5.37,10367978,61996689
2022-03-03,000967.SZ,5.37,5.41,5.35,5.39,10543805,63476932
2022-03-04,000967.SZ,5.39,5.39,5.25,5.30,19380292,114979406
2022-03-07,000967.SZ,5.30,5.30,5.05,5.10,26979781,154927376
2022-03-08,000967.SZ,5.03,5.10,4.88,4.94,18513692,103013640
2022-03-09,000967.SZ,4.94,4.96,4.60,4.78,25387461,136081796
2022-03-10,000967.SZ,4.85,4.93,4.82,4.85,17445306,94900182
2022-03-11,000967.SZ,4.83,4.93,4.71,4.92,15928025,85678516
2022-03-14,000967.SZ,4.86,4.90,4.75,4.75,12028595,64855219
2022-03-15,000967.SZ,4.74,4.74,4.44,4.45,21999148,112575609
2022-03-16,000967.SZ,4.59,4.62,4.36,4.59,20723401,104436840
2022-03-17,000967.SZ,4.62,4.69,4.58,4.60,20809511,107662722
2022-03-18,000967.SZ,4.60,4.72,4.57,4.70,15871948,82853908
2022-03-21,000967.SZ,4.72,4.73,4.60,4.65,14858457,77366635
2022-03-22,000967.SZ,4.62,4.66,4.58,4.62,9519582,49162310
2022-03-23,000967.SZ,4.63,4.67,4.62,4.64,9223744,47909890
2022-03-24,000967.SZ,4.62,4.63,4.56,4.56,9458266,48446818
2022-03-25,000967.SZ,4.61,4.62,4.54,4.54,9900922,50647975
2022-03-28,000967.SZ,4.53,4.63,4.40,4.57,9955826,50497483
2022-03-29,000967.SZ,4.57,4.61,4.49,4.50,8157867,41244048
2022-03-30,000967.SZ,4.54,4.59,4.52,4.59,9051227,46075041
2022-03-31,000967.SZ,4.57,4.65,4.56,4.58,9760346,50295653
2022-04-01,000967.SZ,4.56,4.58,4.52,4.58,8266511,42108094
2022-04-06,000967.SZ,4.56,4.64,4.54,4.64,8574699,44188123
2022-04-07,000967.SZ,4.63,4.64,4.53,4.53,12024582,61409151
2022-04-08,000967.SZ,4.56,4.60,4.47,4.60,14173984,71793366
2022-04-11,000967.SZ,4.55,4.57,4.40,4.44,16631841,83356941
2022-04-12,000967.SZ,4.43,4.51,4.37,4.51,11284838,55916093
2022-04-13,000967.SZ,4.48,4.49,4.43,4.43,7043839,35061379
2022-04-14,000967.SZ,4.44,4.48,4.44,4.45,5809525,28975781
2022-04-15,000967.SZ,4.45,4.46,4.39,4.41,7392600,36550265
2022-04-18,000967.SZ,4.40,4.44,4.34,4.43,6331378,31113006
2022-04-19,000967.SZ,4.44,4.48,4.42,4.45,5217900,25950879
2022-04-20,000967.SZ,4.47,4.50,4.39,4.40,9491525,47125395
2022-04-21,000967.SZ,4.39,4.41,4.19,4.19,16090634,77122840
2022-04-22,000967.SZ,4.16,4.23,4.08,4.18,9812157,45397994
2022-04-25,000967.SZ,4.14,4.16,3.89,3.91,14914426,66892933
2022-04-26,000967.SZ,3.94,3.95,3.76,3.76,12368771,53391491
2022-04-27,000967.SZ,3.70,3.87,3.68,3.86,14575999,61570080
2022-04-28,000967.SZ,3.86,3.90,3.73,3.81,9028589,38486926
2022-04-29,000967.SZ,3.85,4.03,3.84,3.99,12347949,54443234
2022-05-05,000967.SZ,3.94,4.06,3.94,4.03,9238187,41551768
2022-05-06,000967.SZ,3.95,3.96,3.89,3.93,8534431,37455493
2022-05-09,000967.SZ,4.01,4.04,3.96,4.03,8339422,37437187
2022-05-10,000967.SZ,3.99,4.13,3.98,4.12,11293466,51368315
2022-05-11,000967.SZ,4.11,4.15,4.06,4.06,11233943,51655779
2022-05-12,000967.SZ,4.03,4.11,4.03,4.07,6547584,29786560
2022-05-13,000967.SZ,4.11,4.12,4.03,4.07,6627292,30081331
2022-05-16,000967.SZ,4.11,4.13,4.02,4.05,6641737,30159957
2022-05-17,000967.SZ,4.03,4.05,3.99,4.05,5521659,24814701
2022-05-18,000967.SZ,4.07,4.08,4.03,4.06,5255726,23857806
2022-05-19,000967.SZ,3.98,4.06,3.98,4.04,5773636,25970638
2022-05-20,000967.SZ,4.06,4.14,4.06,4.11,9331746,42852865
2022-05-23,000967.SZ,4.11,4.13,4.09,4.12,6702016,30798480
2022-05-24,000967.SZ,4.15,4.15,3.94,3.96,10409402,47082933
2022-05-25,000967.SZ,3.94,4.11,3.94,4.10,7942278,35972793
2022-05-26,000967.SZ,4.12,4.23,4.08,4.20,15097494,70468431
2022-05-27,000967.SZ,4.19,4.22,4.11,4.14,9103700,42236028
2022-05-30,000967.SZ,4.17,4.18,4.12,4.18,7049996,32703696
2022-05-31,000967.SZ,4.17,4.20,4.13,4.20,7753946,36206333
2022-06-01,000967.SZ,4.20,4.29,4.18,4.26,10743568,51078868
2022-06-02,000967.SZ,4.28,4.34,4.24,4.33,10268571,49323484
2022-06-06,000967.SZ,4.34,4.35,4.30,4.34,9019885,43644513
2022-06-07,000967.SZ,4.35,4.36,4.28,4.29,8289317,39890146
2022-06-08,000967.SZ,4.28,4.29,4.21,4.25,9991556,47459653
2022-06-09,000967.SZ,4.28,4.31,4.18,4.20,9831664,46602941
2022-06-10,000967.SZ,4.20,4.31,4.17,4.31,12978447,61783446
2022-06-13,000967.SZ,4.28,4.28,4.21,4.25,9982557,47388441
2022-06-14,000967.SZ,4.25,4.31,4.14,4.31,11217226,53043588
2022-06-15,000967.SZ,4.28,4.37,4.27,4.28,11504109,55501346
2022-06-16,000967.SZ,4.28,4.33,4.27,4.30,8596235,41381989
2022-06-17,000967.SZ,4.28,4.32,4.20,4.29,9340994,44577307
2022-06-20,000967.SZ,4.33,4.37,4.29,4.33,10215353,49379686
2022-06-21,000967.SZ,4.37,4.37,4.27,4.30,8723305,41948881
2022-06-22,000967.SZ,4.31,4.31,4.22,4.22,7360757,35057534
2022-06-23,000967.SZ,4.21,4.30,4.20,4.30,7465477,35570894
2022-06-24,000967.SZ,4.31,4.34,4.27,4.32,8333909,40246812
2022-06-27,000967.SZ,4.35,4.42,4.34,4.41,13035421,63844664
2022-06-28,000967.SZ,4.44,4.76,4.43,4.70,39681436,206197290
2022-06-29,000967.SZ,4.68,4.68,4.56,4.58,18931825,97656866
2022-06-30,000967.SZ,4.55,4.62,4.51,4.53,14570168,74064731
2022-07-01,000967.SZ,4.56,4.67,4.55,4.59,12309378,63329244
2022-07-04,000967.SZ,4.60,4.64,4.55,4.61,11750509,60520994
2022-07-05,000967.SZ,4.63,4.64,4.52,4.55,12419046,63409343
2022-07-06,000967.SZ,4.54,4.57,4.47,4.51,9048282,45632234
2022-07-07,000967.SZ,4.50,4.54,4.47,4.50,9631424,48513614
2022-07-08,000967.SZ,4.52,4.57,4.48,4.53,8280212,41820591
2022-07-11,000967.SZ,4.53,4.56,4.45,4.47,10500428,52815461
2022-07-12,000967.SZ,4.48,4.54,4.45,4.47,8503790,42661779
2022-07-13,000967.SZ,4.51,4.58,4.47,4.57,9290112,47121796
2022-07-14,000967.SZ,4.56,4.56,4.50,4.51,6809325,34428514
2022-07-15,000967.SZ,4.51,4.54,4.45,4.46,9945700,49893195
2022-07-18,000967.SZ,4.45,4.67,4.45,4.62,17981208,92598535
2022-07-19,000967.SZ,4.62,4.65,4.57,4.62,10850714,55836306
2022-07-20,000967.SZ,4.63,4.66,4.61,4.63,9343341,47437738
2022-07-21,000967.SZ,4.63,4.73,4.62,4.68,12860280,65857473
2022-07-22,000967.SZ,4.70,4.91,4.66,4.83,29229864,154065923
2022-07-25,000967.SZ,4.88,4.89,4.65,4.67,19982924,103708582
2022-07-26,000967.SZ,4.65,4.72,4.62,4.71,11898738,61006424
2022-07-27,000967.SZ,4.68,4.73,4.65,4.67,8525674,43684585
2022-07-28,000967.SZ,4.68,4.73,4.66,4.70,10715075,55268348
2022-07-29,000967.SZ,4.70,4.73,4.63,4.64,10333665,52845923
2022-08-01,000967.SZ,4.65,4.65,4.61,4.65,8476717,43022028
2022-08-02,000967.SZ,4.62,4.62,4.38,4.49,16584301,81485795
2022-08-03,000967.SZ,4.49,4.60,4.43,4.45,11309071,56048044
2022-08-04,000967.SZ,4.48,4.52,4.43,4.52,8287052,40759859
2022-08-05,000967.SZ,4.53,4.56,4.47,4.53,7257292,35927284
2022-08-08,000967.SZ,4.52,4.55,4.51,4.52,5230019,25934079
2022-08-09,000967.SZ,4.53,4.53,4.47,4.50,5916699,29119159
2022-08-10,000967.SZ,4.49,4.49,4.45,4.48,3546816,17375969
2022-08-11,000967.SZ,4.52,4.58,4.52,4.56,8592316,42851941
2022-08-12,000967.SZ,4.56,4.59,4.55,4.57,5543465,27769212
2022-08-15,000967.SZ,4.57,4.57,4.52,4.54,7501184,37319000
2022-08-16,000967.SZ,4.54,4.58,4.52,4.54,5075381,25284576
2022-08-17,000967.SZ,4.55,4.62,4.52,4.62,9125348,45757590
2022-08-18,000967.SZ,4.62,4.62,4.56,4.58,5673660,28495869
2022-08-19,000967.SZ,4.57,4.60,4.55,4.60,6328845,31801168
2022-08-22,000967.SZ,4.60,4.60,4.52,4.54,8612629,43020058
2022-08-23,000967.SZ,4.54,4.58,4.52,4.54,5814148,28976701
2022-08-24,000967.SZ,4.55,4.56,4.37,4.40,15050507,73471356
2022-08-25,000967.SZ,4.43,4.45,4.38,4.44,8640734,41887519
2022-08-26,000967.SZ,4.45,4.53,4.43,4.48,9917434,48936106
2022-08-29,000967.SZ,4.44,4.49,4.39,4.48,7995396,38979465
2022-08-30,000967.SZ,4.47,4.52,4.45,4.50,5704859,28023098
2022-08-31,000967.SZ,4.48,4.51,4.42,4.42,8268512,40269866
2022-09-01,000967.SZ,4.41,4.43,4.38,4.38,5741800,27698339
2022-09-02,000967.SZ,4.38,4.42,4.35,4.41,5649393,27138958
2022-09-05,000967.SZ,4.40,4.45,4.38,4.45,6840735,33106618
2022-09-06,000967.SZ,4.45,4.52,4.43,4.52,8224414,40376447
2022-09-07,000967.SZ,4.50,4.59,4.49,4.55,8215199,40910678
2022-09-08,000967.SZ,4.54,4.60,4.53,4.55,7704441,38575562
2022-09-09,000967.SZ,4.55,4.58,4.52,4.55,6734695,33639673
2022-09-13,000967.SZ,4.57,4.58,4.51,4.52,5913375,29360396
2022-09-14,000967.SZ,4.47,4.49,4.42,4.44,6423981,31367541
2022-09-15,000967.SZ,4.45,4.48,4.34,4.37,8785437,42368482
2022-09-16,000967.SZ,4.35,4.38,4.27,4.27,9517704,45345069
2022-09-19,000967.SZ,4.26,4.31,4.20,4.28,8644561,40321105
2022-09-20,000967.SZ,4.30,4.37,4.26,4.36,7136669,33706691
2022-09-21,000967.SZ,4.34,4.41,4.28,4.38,5148278,24527682
2022-09-22,000967.SZ,4.35,4.38,4.33,4.36,4643789,22171557
2022-09-23,000967.SZ,4.36,4.40,4.31,4.31,4884344,23306394
2022-09-26,000967.SZ,4.29,4.32,4.21,4.23,7152496,33367610
2022-09-27,000967.SZ,4.23,4.32,4.21,4.31,6255658,29254668
2022-09-28,000967.SZ,4.31,4.31,4.24,4.27,5356953,25090623
2022-09-29,000967.SZ,4.30,4.30,4.22,4.27,5710402,26741321
2022-09-30,000967.SZ,4.25,4.31,4.23,4.24,4495285,20984650
2022-10-10,000967.SZ,4.24,4.26,4.12,4.14,5371238,24709318
2022-10-11,000967.SZ,4.16,4.23,4.11,4.21,4894728,22400286
2022-10-12,000967.SZ,4.21,4.33,4.18,4.33,6401843,29859524
2022-10-13,000967.SZ,4.32,4.44,4.31,4.42,7884078,38045692
2022-10-14,000967.SZ,4.42,4.48,4.42,4.43,5689498,27735345
2022-10-17,000967.SZ,4.41,4.46,4.38,4.43,4970418,24134829
2022-10-18,000967.SZ,4.45,4.45,4.41,4.43,4384357,21287622
2022-10-19,000967.SZ,4.42,4.44,4.40,4.42,3940769,19111764
2022-10-20,000967.SZ,4.42,4.43,4.36,4.40,4800813,23175036
2022-10-21,000967.SZ,4.40,4.42,4.33,4.36,4020749,19266189
2022-10-24,000967.SZ,4.36,4.44,4.29,4.32,5784346,27636276
2022-10-25,000967.SZ,4.32,4.32,4.22,4.26,5618354,26324794
2022-10-26,000967.SZ,4.27,4.34,4.26,4.31,6343660,29983771
2022-10-27,000967.SZ,4.34,4.39,4.32,4.34,5261896,25144447
2022-10-28,000967.SZ,4.34,4.35,4.19,4.20,10259355,47695657
2022-10-31,000967.SZ,4.19,4.28,4.17,4.25,5493661,25545365
2022-11-01,000967.SZ,4.24,4.38,4.24,4.37,7533172,35684820
2022-11-02,000967.SZ,4.35,4.40,4.33,4.39,5392290,25823874
2022-11-03,000967.SZ,4.38,4.43,4.33,4.40,4648353,22317569
2022-11-04,000967.SZ,4.39,4.51,4.38,4.48,9390644,46006103
2022-11-07,000967.SZ,4.49,4.52,4.46,4.48,6233444,30658890
2022-11-08,000967.SZ,4.50,4.50,4.43,4.47,3734635,18251602
2022-11-09,000967.SZ,4.48,4.50,4.46,4.48,3781915,18573089
2022-11-10,000967.SZ,4.48,4.48,4.42,4.43,4984200,24235487
2022-11-11,000967.SZ,4.48,4.52,4.45,4.46,7341781,36037985
2022-11-14,000967.SZ,4.46,4.49,4.42,4.43,5380884,26287352
2022-11-15,000967.SZ,4.44,4.49,4.42,4.47,5878056,28753339
2022-11-16,000967.SZ,4.47,4.48,4.43,4.45,4702600,22975656
2022-11-17,000967.SZ,4.45,4.46,4.42,4.45,3928436,19130418
2022-11-18,000967.SZ,4.45,4.52,4.44,4.51,8944296,43998446
2022-11-21,000967.SZ,4.48,4.49,4.42,4.42,8763291,42643467
2022-11-22,000967.SZ,4.43,4.44,4.39,4.41,4915800,23802082
2022-11-23,000967.SZ,4.41,4.44,4.39,4.44,5272310,25552848
2022-11-24,000967.SZ,4.47,4.48,4.42,4.44,4803295,23432309
2022-11-25,000967.SZ,4.42,4.44,4.41,4.44,7813155,37897254
2022-11-28,000967.SZ,4.43,4.44,4.32,4.40,7559938,36267941
2022-11-29,000967.SZ,4.45,4.47,4.42,4.45,8064035,39339955
2022-11-30,000967.SZ,4.48,4.48,4.45,4.46,6186641,30316949
2022-12-01,000967.SZ,4.51,4.52,4.44,4.45,8161135,40064202
2022-12-02,000967.SZ,4.45,4.47,4.42,4.43,5191156,25296548
2022-12-05,000967.SZ,4.46,4.54,4.45,4.52,14893276,73519733
2022-12-06,000967.SZ,4.53,4.53,4.47,4.48,6378921,31436015
2022-12-07,000967.SZ,4.48,4.49,4.43,4.45,6395070,31205630
2022-12-08,000967.SZ,4.49,4.49,4.41,4.42,6423693,31183671
2022-12-09,000967.SZ,4.42,4.42,4.36,4.37,9899721,47554078
2022-12-12,000967.SZ,4.35,4.38,4.31,4.31,7597499,36114798
2022-12-13,000967.SZ,4.31,4.38,4.30,4.36,5215447,24881691
2022-12-14,000967.SZ,4.34,4.37,4.31,4.31,4556921,21660927
2022-12-15,000967.SZ,4.31,4.36,4.30,4.32,4267841,20239605
2022-12-16,000967.SZ,4.31,4.32,4.28,4.32,4839863,22800669
2022-12-19,000967.SZ,4.32,4.37,4.21,4.21,7198878,33603935
2022-12-20,000967.SZ,4.21,4.26,4.20,4.22,3685800,17065027
2022-12-21,000967.SZ,4.21,4.25,4.20,4.21,3049200,14099840
2022-12-22,000967.SZ,4.24,4.24,4.14,4.15,5637800,25855723
2022-12-23,000967.SZ,4.13,4.20,4.13,4.17,3612300,16484759
2022-12-26,000967.SZ,4.16,4.21,4.15,4.20,3361881,15452914
2022-12-27,000967.SZ,4.21,4.21,4.17,4.19,3835308,17609842
2022-12-28,000967.SZ,4.18,4.20,4.16,4.18,3465891,15871342
2022-12-29,000967.SZ,4.19,4.19,4.11,4.12,4997284,22691786
2022-12-30,000967.SZ,4.11,4.17,4.11,4.14,2909600,13216501
2023-01-03,000967.SZ,4.18,4.24,4.14,4.21,7583750,35018794
2023-01-04,000967.SZ,4.23,4.28,4.21,4.27,7574514,35372939
2023-01-05,000967.SZ,4.30,4.30,4.24,4.26,4258884,19889715
2023-01-06,000967.SZ,4.30,4.31,4.25,4.30,5834894,27414875
2023-01-09,000967.SZ,4.28,4.30,4.24,4.25,5180599,24245588
2023-01-10,000967.SZ,4.27,4.29,4.23,4.27,4880558,22807194
2023-01-11,000967.SZ,4.30,4.30,4.24,4.28,3532771,16544279
2023-01-12,000967.SZ,4.29,4.30,4.24,4.25,3109100,14539808
2023-01-13,000967.SZ,4.26,4.30,4.25,4.29,3442139,16131031
2023-01-16,000967.SZ,4.29,4.34,4.28,4.31,4623334,21900732
2023-01-17,000967.SZ,4.31,4.34,4.31,4.33,2784800,13200339
2023-01-18,000967.SZ,4.34,4.38,4.31,4.36,5033821,24009961
2023-01-19,000967.SZ,4.35,4.40,4.33,4.39,5642547,27049548
2023-01-20,000967.SZ,4.40,4.43,4.39,4.41,5237129,25314398
2023-01-30,000967.SZ,4.45,4.48,4.42,4.42,6989310,34081637
2023-01-31,000967.SZ,4.42,4.49,4.41,4.45,6414574,31316080
2023-02-01,000967.SZ,4.45,4.49,4.44,4.48,7686767,37682760
2023-02-02,000967.SZ,4.48,4.49,4.42,4.46,6397443,31252488
2023-02-03,000967.SZ,4.47,4.48,4.41,4.44,5790338,28126771
2023-02-06,000967.SZ,4.71,4.89,4.62,4.73,43848931,228438702
2023-02-07,000967.SZ,4.66,5.10,4.66,5.04,68531931,369312141
2023-02-08,000967.SZ,5.06,5.13,4.87,4.89,46373458,252866194
2023-02-09,000967.SZ,4.94,5.06,4.80,5.04,41878449,228501323
2023-02-10,000967.SZ,5.02,5.16,4.99,5.04,37244122,206482062
2023-02-13,000967.SZ,5.06,5.25,5.02,5.14,39769149,223618330
2023-02-14,000967.SZ,5.13,5.32,5.07,5.27,36709842,209842460
2023-02-15,000967.SZ,5.27,5.27,5.16,5.20,19595588,111596387
2023-02-16,000967.SZ,5.20,5.26,5.02,5.04,35671923,200843124
2023-02-17,000967.SZ,5.08,5.17,5.03,5.05,22889730,127977750
2023-02-20,000967.SZ,5.07,5.12,5.00,5.04,17306795,95754994
2023-02-21,000967.SZ,5.06,5.09,5.01,5.06,13655147,75589954
2023-02-22,000967.SZ,5.03,5.06,4.97,5.04,11174896,61532616
2023-02-23,000967.SZ,5.04,5.05,4.98,5.01,8632747,47459361
2023-02-24,000967.SZ,5.02,5.04,4.93,4.97,12733005,69223825
2023-02-27,000967.SZ,4.96,4.96,4.91,4.94,9611364,52013129
2023-02-28,000967.SZ,4.95,4.97,4.90,4.94,8705608,47072112
2023-03-01,000967.SZ,4.94,4.99,4.94,4.96,7877228,42808464
2023-03-02,000967.SZ,4.96,4.98,4.92,4.93,9387597,50783487
2023-03-03,000967.SZ,4.91,4.95,4.88,4.91,9381912,50596451
2023-03-06,000967.SZ,4.91,4.96,4.87,4.89,7988930,42900501
2023-03-07,000967.SZ,4.91,4.91,4.80,4.80,10924800,58069309
2023-03-08,000967.SZ,4.79,4.83,4.77,4.82,6973635,36790107
2023-03-09,000967.SZ,4.84,4.86,4.80,4.84,7512385,39786929
2023-03-10,000967.SZ,4.83,4.85,4.76,4.78,8214952,43157791
2023-03-13,000967.SZ,4.77,4.81,4.73,4.76,7851500,40994740
2023-03-14,000967.SZ,4.76,4.78,4.70,4.74,7692241,39958077
2023-03-15,000967.SZ,4.74,4.78,4.71,4.76,8361600,43563282
2023-03-16,000967.SZ,4.74,4.76,4.67,4.69,6087655,31451103
2023-03-17,000967.SZ,4.73,4.79,4.73,4.74,7600652,39628831
2023-03-20,000967.SZ,4.74,4.85,4.73,4.76,14014166,73717751
2023-03-21,000967.SZ,4.79,4.89,4.76,4.84,10737003,56879724
2023-03-22,000967.SZ,4.91,4.91,4.85,4.90,7118692,38089705
2023-03-23,000967.SZ,4.89,4.90,4.83,4.88,7291100,38826244
2023-03-24,000967.SZ,4.90,4.90,4.82,4.83,6446193,34222559
2023-03-27,000967.SZ,4.83,4.86,4.80,4.81,7063303,37337939
2023-03-28,000967.SZ,4.81,4.83,4.75,4.76,6191045,32419817
2023-03-29,000967.SZ,4.76,4.79,4.72,4.73,4920854,25564296
2023-03-30,000967.SZ,4.73,4.76,4.72,4.74,7247498,37656576
2023-03-31,000967.SZ,4.75,4.83,4.73,4.83,7649198,40171440
2023-04-03,000967.SZ,4.83,4.89,4.80,4.83,9654536,51249798
2023-04-04,000967.SZ,4.85,4.86,4.79,4.83,7095924,37432146
2023-04-06,000967.SZ,4.83,4.83,4.76,4.79,7659527,40236567
2023-04-07,000967.SZ,4.80,4.83,4.76,4.76,6385565,33515292
2023-04-10,000967.SZ,4.76,4.81,4.74,4.78,6664603,34882559
2023-04-11,000967.SZ,4.78,4.79,4.70,4.76,11045871,57314006
2023-04-12,000967.SZ,4.79,4.82,4.73,4.81,11027152,57650467
2023-04-13,000967.SZ,4.82,4.91,4.78,4.85,11015774,58680439
2023-04-14,000967.SZ,4.90,4.90,4.80,4.81,7729097,41006639
2023-04-17,000967.SZ,4.84,4.88,4.79,4.85,8518528,45217701
2023-04-18,000967.SZ,4.85,4.87,4.81,4.81,7558895,40041171
2023-04-19,000967.SZ,4.82,4.87,4.77,4.79,7708569,40721270
2023-04-20,000967.SZ,4.77,4.80,4.74,4.75,5824924,30426091
2023-04-21,000967.SZ,4.75,4.79,4.63,4.64,9185649,47388806
2023-04-24,000967.SZ,4.64,4.76,4.62,4.69,8208199,42164570
2023-04-25,000967.SZ,4.74,4.74,4.51,4.61,11740187,59179648
2023-04-26,000967.SZ,4.62,4.73,4.56,4.69,9063246,46567002
2023-04-27,000967.SZ,4.73,4.83,4.68,4.82,12252375,64220698
2023-04-28,000967.SZ,4.82,4.84,4.75,4.83,10192294,53670332
2023-05-04,000967.SZ,4.87,5.00,4.80,4.99,20518486,111341504
2023-05-05,000967.SZ,4.98,5.01,4.89,4.95,12995824,70431200
2023-05-08,000967.SZ,4.94,5.01,4.93,4.94,11551679,62950342
2023-05-09,000967.SZ,4.97,5.01,4.92,4.94,12147785,66171320
2023-05-10,000967.SZ,4.94,4.95,4.88,4.92,10573299,56909705
2023-05-11,000967.SZ,4.93,4.97,4.90,4.91,7335707,39637861
2023-05-12,000967.SZ,4.91,4.94,4.87,4.89,7305764,39291983
2023-05-15,000967.SZ,4.88,4.94,4.85,4.94,7691874,41312910
2023-05-16,000967.SZ,4.95,5.01,4.93,4.95,7697425,41907838
2023-05-17,000967.SZ,4.94,4.96,4.88,4.96,8532594,46037921
2023-05-18,000967.SZ,4.94,5.01,4.92,4.98,7928344,43179128
2023-05-19,000967.SZ,4.97,5.00,4.92,4.98,7057836,38382325
2023-05-22,000967.SZ,4.95,5.04,4.94,5.03,9350109,51309275
2023-05-23,000967.SZ,5.01,5.18,4.98,4.98,13201376,73372006
2023-05-24,000967.SZ,4.95,4.98,4.88,4.89,8921459,48192093
2023-05-25,000967.SZ,4.88,4.90,4.80,4.89,9853825,52389111
2023-05-26,000967.SZ,4.90,4.94,4.83,4.85,8726389,46612274
2023-05-29,000967.SZ,4.85,4.93,4.82,4.84,13083383,69795327
2023-05-30,000967.SZ,4.83,4.85,4.73,4.78,12234855,64001213
2023-05-31,000967.SZ,4.75,4.79,4.71,4.72,6541374,33949599
2023-06-01,000967.SZ,4.73,4.73,4.62,4.63,11902725,60941697
2023-06-02,000967.SZ,4.66,4.72,4.64,4.70,6673769,34325630
2023-06-05,000967.SZ,4.71,4.78,4.68,4.75,8047322,41855499
2023-06-06,000967.SZ,4.74,4.75,4.57,4.61,10579084,53898313
2023-06-07,000967.SZ,4.63,4.63,4.53,4.61,6268840,31635293
2023-06-08,000967.SZ,4.62,4.63,4.56,4.62,8192790,41302667
2023-06-09,000967.SZ,4.60,4.65,4.52,4.55,14776001,74156828
2023-06-12,000967.SZ,4.59,4.59,4.49,4.52,9328896,46293171
2023-06-13,000967.SZ,4.52,4.54,4.49,4.51,6050325,29873882
2023-06-14,000967.SZ,4.51,4.52,4.48,4.51,5789858,28571302
2023-06-15,000967.SZ,4.50,4.55,4.49,4.52,7603291,37618218
2023-06-16,000967.SZ,4.54,4.54,4.51,4.53,8555895,42506071
2023-06-19,000967.SZ,4.54,4.58,4.52,4.54,9248545,46113674
2023-06-20,000967.SZ,4.54,4.57,4.48,4.49,5753577,28433770
2023-06-21,000967.SZ,4.50,4.51,4.46,4.46,5922333,29093134
2023-06-26,000967.SZ,4.45,4.50,4.41,4.44,8613728,41985263
2023-06-27,000967.SZ,4.46,4.60,4.42,4.58,12168180,60629208
2023-06-28,000967.SZ,4.59,4.59,4.51,4.55,5636600,28067027
2023-06-29,000967.SZ,4.55,4.62,4.55,4.62,6219163,31408555
2023-06-30,000967.SZ,4.62,4.64,4.60,4.61,5938082,30054333
2023-07-03,000967.SZ,4.61,4.67,4.58,4.63,8875322,45194548
2023-07-04,000967.SZ,4.68,4.70,4.63,4.66,6376419,32541692
2023-07-05,000967.SZ,4.63,4.69,4.62,4.65,5873945,29994262
2023-07-06,000967.SZ,4.65,4.67,4.62,4.64,5401925,27498914
2023-07-07,000967.SZ,4.64,4.67,4.62,4.63,4975490,25305717
2023-07-10,000967.SZ,4.67,4.68,4.63,4.65,5283000,26972921
2023-07-11,000967.SZ,4.67,4.73,4.63,4.73,10084300,51943372
2023-07-12,000967.SZ,4.76,4.82,4.73,4.78,12823692,67138786
2023-07-13,000967.SZ,4.76,4.82,4.71,4.73,8938922,46575215
2023-07-14,000967.SZ,4.71,4.77,4.69,4.73,5384747,27929028
2023-07-17,000967.SZ,4.71,4.77,4.66,4.76,7367021,38248265
2023-07-18,000967.SZ,4.82,4.82,4.73,4.78,6540578,33519602
2023-07-19,000967.SZ,4.80,4.85,4.76,4.81,7439264,38426099
2023-07-20,000967.SZ,4.81,4.82,4.73,4.76,6857195,35089529
2023-07-21,000967.SZ,4.74,4.77,4.71,4.72,7129032,36169025
2023-07-24,000967.SZ,4.72,4.74,4.69,4.73,5688000,28829560
2023-07-25,000967.SZ,4.73,4.77,4.72,4.77,6268996,31986693
2023-07-26,000967.SZ,4.76,4.84,4.73,4.81,8610409,44368923
2023-07-27,000967.SZ,4.81,4.85,4.73,4.75,8293190,42534493
2023-07-28,000967.SZ,4.77,4.79,4.72,4.77,7905048,40388446
2023-07-31,000967.SZ,4.76,4.82,4.75,4.81,9418619,48483358
2023-08-01,000967.SZ,4.83,4.83,4.78,4.81,6633800,34199662
2023-08-02,000967.SZ,4.82,4.83,4.76,4.77,7306582,37517633
2023-08-03,000967.SZ,4.77,4.79,4.72,4.73,8154506,41511653
2023-08-04,000967.SZ,4.76,4.79,4.72,4.73,6645191,33869464
2023-08-07,000967.SZ,4.73,4.75,4.66,4.69,9880979,49714930
2023-08-08,000967.SZ,4.69,4.71,4.61,4.63,10304067,51275757
2023-08-09,000967.SZ,4.61,4.63,4.58,4.59,6095017,30129211
2023-08-10,000967.SZ,4.60,4.67,4.58,4.64,6536597,32478260
2023-08-11,000967.SZ,4.65,4.66,4.54,4.55,10161590,49907083
2023-08-14,000967.SZ,4.53,4.57,4.50,4.55,8122977,39515160
2023-08-15,000967.SZ,4.55,4.58,4.49,4.55,6229192,30315197
2023-08-16,000967.SZ,4.52,4.54,4.49,4.52,6387841,30928005
2023-08-17,000967.SZ,4.51,4.57,4.47,4.55,7028998,34102050
2023-08-18,000967.SZ,4.56,4.72,4.55,4.59,14408980,71588802
2023-08-21,000967.SZ,4.58,4.68,4.57,4.63,12333075,61184092
2023-08-22,000967.SZ,4.63,4.67,4.47,4.54,11959999,58230543
2023-08-23,000967.SZ,4.54,4.59,4.49,4.53,8119648,39622456
2023-08-24,000967.SZ,4.54,4.55,4.41,4.44,8471684,40544091
2023-08-25,000967.SZ,4.43,4.61,4.43,4.52,12477644,60693025
2023-08-28,000967.SZ,4.70,4.76,4.63,4.67,26030426,131205605
2023-08-29,000967.SZ,4.67,4.73,4.62,4.72,19647901,98749439
2023-08-30,000967.SZ,4.73,4.74,4.65,4.65,10987506,55163640
2023-08-31,000967.SZ,4.61,4.66,4.56,4.59,9049447,44592916
2023-09-01,000967.SZ,4.58,4.63,4.55,4.61,8753871,43147383
2023-09-04,000967.SZ,4.60,4.68,4.58,4.65,10785269,53764536
2023-09-05,000967.SZ,4.65,4.66,4.58,4.62,7788930,38601230
2023-09-06,000967.SZ,4.62,4.67,4.59,4.66,6776077,33709105
2023-09-07,000967.SZ,4.65,4.66,4.58,4.58,8642092,42777280
2023-09-08,000967.SZ,4.58,4.60,4.53,4.55,5613100,27482570
2023-09-11,000967.SZ,4.56,4.68,4.54,4.64,9504112,47087580
2023-09-12,000967.SZ,4.64,4.66,4.61,4.63,4182000,20777829
2023-09-13,000967.SZ,4.61,4.64,4.58,4.62,5109998,25294409
2023-09-14,000967.SZ,4.63,4.65,4.58,4.61,5777484,28655691
2023-09-15,000967.SZ,4.64,4.65,4.60,4.63,6011792,29875352
2023-09-18,000967.SZ,4.62,4.65,4.58,4.63,8339349,41289438
2023-09-19,000967.SZ,4.63,4.67,4.62,4.64,6257327,31224415
2023-09-20,000967.SZ,4.64,4.66,4.58,4.58,5168000,25535678
2023-09-21,000967.SZ,4.58,4.61,4.57,4.57,7611600,37443438
2023-09-22,000967.SZ,4.55,4.64,4.55,4.63,7424349,36706982
2023-09-25,000967.SZ,4.65,4.66,4.61,4.65,8008893,39866505
2023-09-26,000967.SZ,4.64,4.64,4.60,4.62,7014555,34801929
2023-09-27,000967.SZ,4.63,4.69,4.59,4.66,7604172,37935566
2023-09-28,000967.SZ,4.67,4.68,4.62,4.64,6668249,33306669
2023-10-09,000967.SZ,4.64,4.66,4.58,4.62,7203400,35623642
2023-10-10,000967.SZ,4.62,4.64,4.55,4.56,6904086,33944621
2023-10-11,000967.SZ,4.55,4.62,4.53,4.56,7450049,36602270
2023-10-12,000967.SZ,4.57,4.61,4.55,4.60,6336220,31187040
2023-10-13,000967.SZ,4.58,4.59,4.53,4.55,5702300,27878872
2023-10-16,000967.SZ,4.58,4.58,4.50,4.52,6483230,31535393
2023-10-17,000967.SZ,4.52,4.53,4.48,4.51,7540707,36463211
2023-10-18,000967.SZ,4.50,4.50,4.36,4.36,11671208,55188846
2023-10-19,000967.SZ,4.37,4.40,4.34,4.36,8720128,40914619
2023-10-20,000967.SZ,4.36,4.40,4.33,4.35,5881691,27550962
2023-10-23,000967.SZ,4.35,4.35,4.20,4.22,7905829,36251460
2023-10-24,000967.SZ,4.28,4.31,4.22,4.31,10967192,50247136
2023-10-25,000967.SZ,4.32,4.47,4.31,4.44,10688344,50572735
2023-10-26,000967.SZ,4.42,4.49,4.40,4.49,9914991,47401911
2023-10-27,000967.SZ,4.49,4.58,4.44,4.56,8630586,42005643
2023-10-30,000967.SZ,4.56,4.58,4.53,4.57,7809312,38193756
2023-10-31,000967.SZ,4.58,4.59,4.53,4.55,9219765,45074853
2023-11-01,000967.SZ,4.55,4.59,4.51,4.57,10331479,50542978
2023-11-02,000967.SZ,4.57,4.58,4.53,4.55,7282163,35614025
2023-11-03,000967.SZ,4.56,4.56,4.50,4.52,7626399,37129752
2023-11-06,000967.SZ,4.56,4.58,4.54,4.55,7795650,38107172
2023-11-07,000967.SZ,4.57,4.57,4.52,4.53,6514203,31714725
2023-11-08,000967.SZ,4.57,4.60,4.53,4.54,9675156,47290597
2023-11-09,000967.SZ,4.54,4.57,4.51,4.52,6543380,31807975
2023-11-10,000967.SZ,4.53,4.53,4.48,4.50,7301386,35269397
2023-11-13,000967.SZ,4.50,4.53,4.47,4.53,7622848,36851274
2023-11-14,000967.SZ,4.53,4.57,4.49,4.51,9862983,47915601
2023-11-15,000967.SZ,4.61,4.63,4.55,4.58,10280746,50530501
2023-11-16,000967.SZ,4.57,4.57,4.50,4.52,7880859,38292823
2023-11-17,000967.SZ,4.50,4.55,4.50,4.53,5747500,27933831
2023-11-20,000967.SZ,4.54,4.58,4.51,4.56,8231499,40176176
2023-11-21,000967.SZ,4.58,4.61,4.54,4.55,8561418,42132984
2023-11-22,000967.SZ,4.56,4.59,4.52,4.52,6038400,29541840
2023-11-23,000967.SZ,4.52,4.58,4.50,4.58,6077201,29679742
2023-11-24,000967.SZ,4.58,4.58,4.51,4.52,6868072,33437001
2023-11-27,000967.SZ,4.54,4.56,4.48,4.54,7709898,37412918
2023-11-28,000967.SZ,4.54,4.59,4.52,4.58,7168000,35104959
2023-11-29,000967.SZ,4.58,4.59,4.55,4.56,5968206,29251241
2023-11-30,000967.SZ,4.56,4.57,4.52,4.55,5041064,24591866
2023-12-01,000967.SZ,4.55,4.58,4.53,4.58,7384344,36153185
2023-12-04,000967.SZ,4.58,4.59,4.52,4.53,9786596,47673506
2023-12-05,000967.SZ,4.52,4.53,4.44,4.44,8897269,42773278
2023-12-06,000967.SZ,4.44,4.51,4.41,4.47,8195385,39314597
2023-12-07,000967.SZ,4.47,4.53,4.44,4.51,9975549,48064126
2023-12-08,000967.SZ,4.55,4.58,4.50,4.53,16636857,81423221
2023-12-11,000967.SZ,4.51,4.58,4.44,4.58,13470400,65323906
2023-12-12,000967.SZ,4.58,4.58,4.53,4.56,6610215,32309210
2023-12-13,000967.SZ,4.56,4.58,4.54,4.54,6988910,34223586
2023-12-14,000967.SZ,4.58,4.63,4.58,4.60,13151208,64993277
2023-12-15,000967.SZ,4.61,4.62,4.55,4.58,9969654,49063635
2023-12-18,000967.SZ,4.55,4.57,4.49,4.50,10128200,49194681
2023-12-19,000967.SZ,4.51,4.52,4.45,4.48,6199950,29807936
2023-12-20,000967.SZ,4.50,4.51,4.44,4.44,5609200,26929437
2023-12-21,000967.SZ,4.43,4.51,4.38,4.50,8414298,40105132
2023-12-22,000967.SZ,4.49,4.49,4.43,4.45,7799700,37325494
2023-12-25,000967.SZ,4.45,4.48,4.40,4.44,8679594,41299021
2023-12-26,000967.SZ,4.44,4.46,4.36,4.38,8184492,38720202
2023-12-27,000967.SZ,4.37,4.41,4.34,4.39,7016500,32970864
2023-12-28,000967.SZ,4.39,4.45,4.35,4.44,7460400,35273993
2023-12-29,000967.SZ,4.43,4.44,4.41,4.43,7271221,34540911
2024-01-02,000967.SZ,4.44,4.58,4.43,4.55,14104400,68673800
2024-01-03,000967.SZ,4.54,4.58,4.52,4.58,8267900,40406422
2024-01-04,000967.SZ,4.58,4.59,4.54,4.58,8291019,40660876
2024-01-05,000967.SZ,4.59,4.61,4.52,4.54,8796335,43114736
2024-01-08,000967.SZ,4.56,4.56,4.48,4.48,9751914,47297058
2024-01-09,000967.SZ,4.49,4.51,4.44,4.48,8298926,39876029
2024-01-10,000967.SZ,4.48,4.55,4.44,4.50,8285630,40064288
2024-01-11,000967.SZ,4.55,4.55,4.47,4.53,6911172,33498091
2024-01-12,000967.SZ,4.58,4.63,4.56,4.58,10001900,49325431
2024-01-15,000967.SZ,4.55,4.58,4.52,4.54,7427095,36221067
2024-01-16,000967.SZ,4.53,4.57,4.45,4.50,8000200,38665564
2024-01-17,000967.SZ,4.50,4.53,4.41,4.41,7984700,38301335
2024-01-18,000967.SZ,4.44,4.44,4.13,4.26,18982704,86300968
2024-01-19,000967.SZ,4.25,4.26,4.17,4.19,11572125,52301732
2024-01-22,000967.SZ,4.18,4.19,3.91,3.92,17211215,74994683
2024-01-23,000967.SZ,3.93,4.14,3.89,4.08,18983631,81804678
2024-01-24,000967.SZ,4.09,4.19,4.03,4.18,13300006,58853124
2024-01-25,000967.SZ,4.21,4.44,4.19,4.44,14447551,67084084
2024-01-26,000967.SZ,4.43,4.49,4.40,4.45,12809083,61160536
2024-01-29,000967.SZ,4.45,4.49,4.32,4.34,9910300,46628914
2024-01-30,000967.SZ,4.31,4.39,4.20,4.22,10565300,48827444
2024-01-31,000967.SZ,4.20,4.29,4.11,4.14,11450991,51349889
2024-02-01,000967.SZ,4.11,4.17,4.03,4.04,13228975,58047065
2024-02-02,000967.SZ,4.06,4.10,3.76,3.90,15505251,65730488
2024-02-05,000967.SZ,3.86,3.92,3.60,3.71,21502546,86384688
2024-02-06,000967.SZ,3.61,4.08,3.60,4.08,21671658,90772068
2024-02-07,000967.SZ,4.09,4.47,4.09,4.46,41448614,194497257
2024-02-08,000967.SZ,4.44,4.69,4.40,4.44,42515462,208902596
2024-02-19,000967.SZ,4.47,4.51,4.33,4.37,24820510,117277415
2024-02-20,000967.SZ,4.40,4.40,4.30,4.32,12963866,60290119
2024-02-21,000967.SZ,4.31,4.43,4.27,4.32,14928858,69596121
2024-02-22,000967.SZ,4.34,4.38,4.28,4.33,10364619,48080979
2024-02-23,000967.SZ,4.34,4.37,4.26,4.31,13295325,61267126
2024-02-26,000967.SZ,4.34,4.44,4.31,4.39,17020984,79915915
2024-02-27,000967.SZ,4.40,4.45,4.36,4.44,11974275,56744129
2024-02-28,000967.SZ,4.46,4.57,4.37,4.38,17052799,81714002
2024-02-29,000967.SZ,4.39,4.50,4.36,4.49,13804637,65971447
2024-03-01,000967.SZ,4.50,4.59,4.49,4.54,13060545,63498279
2024-03-04,000967.SZ,4.51,4.55,4.40,4.42,13233700,63075548
2024-03-05,000967.SZ,4.44,4.45,4.36,4.38,12466551,58782486
2024-03-06,000967.SZ,4.38,4.46,4.35,4.40,8073519,38110879
2024-03-07,000967.SZ,4.43,4.50,4.41,4.41,10293778,49144478
2024-03-08,000967.SZ,4.42,4.52,4.42,4.50,11827476,56784595
2024-03-11,000967.SZ,4.51,4.55,4.47,4.53,8480185,40994860
2024-03-12,000967.SZ,4.55,4.56,4.46,4.49,7869000,37978815
2024-03-13,000967.SZ,4.48,4.55,4.44,4.50,9672100,46560349
2024-03-14,000967.SZ,4.53,4.61,4.52,4.57,15079293,74093514
2024-03-15,000967.SZ,4.58,4.73,4.55,4.73,20774401,103428471
2024-03-18,000967.SZ,4.80,4.86,4.73,4.83,21933431,112667116
2024-03-19,000967.SZ,4.82,4.83,4.71,4.74,12880329,65803772
2024-03-20,000967.SZ,4.73,4.79,4.72,4.75,10909535,55639015
2024-03-21,000967.SZ,4.83,4.85,4.72,4.73,8553228,43630442
2024-03-22,000967.SZ,4.76,4.77,4.65,4.71,15550024,78452971
2024-03-25,000967.SZ,4.71,4.73,4.59,4.60,10431550,52204203
2024-03-26,000967.SZ,4.63,4.68,4.60,4.66,13247545,65981924
2024-03-27,000967.SZ,4.69,4.72,4.59,4.59,8403500,41988350
2024-03-28,000967.SZ,4.58,4.72,4.58,4.65,10264248,51303863
2024-03-29,000967.SZ,4.65,4.74,4.62,4.73,9867916,49759866
2024-04-01,000967.SZ,4.78,4.78,4.72,4.74,13098900,66653252
2024-04-02,000967.SZ,4.79,4.83,4.74,4.82,13285409,68353944
2024-04-03,000967.SZ,4.82,4.83,4.74,4.77,10174123,52151515
2024-04-08,000967.SZ,4.78,4.85,4.75,4.81,14418118,74553696
2024-04-09,000967.SZ,4.75,4.83,4.74,4.76,12225422,62779543
2024-04-10,000967.SZ,4.75,4.83,4.74,4.80,12861544,66005918
2024-04-11,000967.SZ,4.74,4.93,4.72,4.87,19656089,102735820
2024-04-12,000967.SZ,4.87,4.92,4.85,4.86,11421112,59888123
2024-04-15,000967.SZ,4.85,4.96,4.80,4.85,19839968,103830657
2024-04-16,000967.SZ,4.83,4.88,4.75,4.78,18464638,95494553
2024-04-17,000967.SZ,4.79,4.85,4.72,4.82,19124266,98068794
2024-04-18,000967.SZ,4.83,4.90,4.79,4.79,13981396,72429628
2024-04-19,000967.SZ,4.80,4.90,4.79,4.84,13980052,72893556
2024-04-22,000967.SZ,4.85,4.88,4.77,4.77,10934469,56616302
2024-04-23,000967.SZ,4.76,4.81,4.65,4.68,13504748,68035951
2024-04-24,000967.SZ,4.67,4.72,4.63,4.72,9764419,48993814
2024-04-25,000967.SZ,4.68,4.75,4.66,4.73,9829231,49767666
2024-04-26,000967.SZ,4.78,4.83,4.71,4.79,11953516,61029498
2024-04-29,000967.SZ,4.78,4.86,4.74,4.81,14050993,72345609
2024-04-30,000967.SZ,4.84,4.85,4.77,4.78,12040200,62096674
2024-05-06,000967.SZ,4.82,4.89,4.81,4.83,19984981,103946668
2024-05-07,000967.SZ,4.81,4.82,4.58,4.61,35369038,176320549
2024-05-08,000967.SZ,4.61,4.62,4.56,4.57,14232496,70000632
2024-05-09,000967.SZ,4.57,4.68,4.57,4.63,16202389,80521608
2024-05-10,000967.SZ,4.63,4.66,4.58,4.63,11808529,58608870
2024-05-13,000967.SZ,4.63,4.64,4.57,4.59,11927133,58837569
2024-05-14,000967.SZ,4.58,4.62,4.53,4.54,15455423,75719190
2024-05-15,000967.SZ,4.55,4.56,4.48,4.49,10550849,50993229
2024-05-16,000967.SZ,4.49,4.51,4.43,4.44,12241597,58708951
2024-05-17,000967.SZ,4.44,4.46,4.40,4.46,12669777,60212047
2024-05-20,000967.SZ,4.44,4.47,4.40,4.41,16111123,76572048
2024-05-21,000967.SZ,4.41,4.43,4.35,4.37,15416068,72438157
2024-05-22,000967.SZ,4.36,4.43,4.36,4.38,10822949,51067313
2024-05-23,000967.SZ,4.38,4.39,4.26,4.27,15257168,70414331
2024-05-24,000967.SZ,4.29,4.36,4.27,4.29,10891048,50492639
2024-05-27,000967.SZ,4.31,4.35,4.29,4.33,10357772,47996608
2024-05-28,000967.SZ,4.34,4.34,4.27,4.29,10810770,49836416
2024-05-29,000967.SZ,4.27,4.33,4.27,4.29,9492799,43784087
2024-05-30,000967.SZ,4.28,4.32,4.26,4.27,9599139,44161465
2024-05-31,000967.SZ,4.29,4.31,4.26,4.29,9216466,42389302
2024-06-03,000967.SZ,4.28,4.28,4.18,4.24,12745251,57749312
2024-06-04,000967.SZ,4.23,4.26,4.19,4.24,10596301,48033725
2024-06-05,000967.SZ,4.23,4.26,4.17,4.17,9156269,41419079
2024-06-06,000967.SZ,4.17,4.19,4.08,4.10,15655620,69226952
2024-06-07,000967.SZ,4.10,4.21,4.10,4.21,14111272,63135027
2024-06-11,000967.SZ,4.18,4.19,4.06,4.10,15731214,69462444
2024-06-12,000967.SZ,4.10,4.13,4.06,4.11,10152024,44606026
2024-06-13,000967.SZ,4.13,4.13,4.05,4.11,9397917,41254241
2024-06-14,000967.SZ,4.10,4.12,4.07,4.12,10299002,45290116
2024-06-17,000967.SZ,4.08,4.15,4.06,4.07,10262960,45194918
2024-06-18,000967.SZ,4.06,4.11,4.05,4.10,7373887,32351804
2024-06-19,000967.SZ,4.11,4.12,4.03,4.05,7937644,34666926
2024-06-20,000967.SZ,4.04,4.06,3.97,3.98,8985078,38633397
2024-06-21,000967.SZ,3.98,4.05,3.96,3.99,7330622,31603539
2024-06-24,000967.SZ,3.98,4.00,3.91,3.93,9283000,39412712
2024-06-25,000967.SZ,3.92,4.00,3.91,3.95,8481007,35995653
2024-06-26,000967.SZ,3.94,4.02,3.89,4.00,10935384,46367706
2024-06-27,000967.SZ,3.99,3.99,3.90,3.91,10003333,42161583
2024-06-28,000967.SZ,3.90,4.00,3.90,3.94,9565693,40605126
2024-07-01,000967.SZ,3.94,4.00,3.90,3.97,11196957,47513818
2024-07-02,000967.SZ,3.99,4.00,3.95,3.97,10526043,44897536
2024-07-03,000967.SZ,3.98,3.98,3.87,3.88,12854100,54026877
2024-07-04,000967.SZ,3.90,3.90,3.78,3.79,10556400,43370466
2024-07-05,000967.SZ,3.80,3.84,3.76,3.83,8393298,34318364
2024-07-08,000967.SZ,3.87,3.87,3.74,3.75,9629200,38881979
2024-07-09,000967.SZ,3.75,3.85,3.72,3.83,12931965,52534356
2024-07-10,000967.SZ,3.78,3.85,3.77,3.82,9337649,38254472
2024-07-11,000967.SZ,3.88,3.89,3.80,3.87,12084722,49963118
2024-07-12,000967.SZ,3.84,3.94,3.84,3.91,9875150,41380682
2024-07-15,000967.SZ,3.90,3.91,3.85,3.86,9484538,39415726
2024-07-16,000967.SZ,3.88,3.91,3.82,3.85,10019800,40260297
2024-07-17,000967.SZ,3.84,3.87,3.81,3.85,7450337,29803304
2024-07-18,000967.SZ,3.85,3.90,3.79,3.88,10010766,40094410
2024-07-19,000967.SZ,3.88,3.90,3.84,3.87,8236266,33190636
2024-07-22,000967.SZ,3.87,3.88,3.83,3.87,7444000,29897161
2024-07-23,000967.SZ,3.85,3.98,3.85,3.91,15674799,64079811
2024-07-24,000967.SZ,3.93,3.94,3.82,3.84,17154638,69305129
2024-07-25,000967.SZ,3.82,3.93,3.82,3.91,13659117,55366952
2024-07-26,000967.SZ,3.93,3.98,3.92,3.96,9995296,41221847
2024-07-29,000967.SZ,3.97,4.06,3.94,4.01,15164283,63521013
2024-07-30,000967.SZ,4.01,4.17,3.96,4.13,22423253,95445806
2024-07-31,000967.SZ,4.12,4.17,4.08,4.15,18848320,81003058
2024-08-01,000967.SZ,4.15,4.24,4.13,4.21,19226725,84116355
2024-08-02,000967.SZ,4.17,4.29,4.16,4.21,16584615,73330333
2024-08-05,000967.SZ,4.20,4.24,4.08,4.09,22068753,95655159
2024-08-06,000967.SZ,4.11,4.14,4.04,4.08,17055062,72616143
2024-08-07,000967.SZ,4.07,4.12,4.05,4.08,9990625,42571742
2024-08-08,000967.SZ,4.05,4.13,4.04,4.10,7716347,32859804
2024-08-09,000967.SZ,4.12,4.12,4.05,4.05,7151150,30392612
2024-08-12,000967.SZ,4.10,4.16,4.05,4.12,12816615,54916932
2024-08-13,000967.SZ,4.11,4.17,4.07,4.15,11458994,49278385
2024-08-14,000967.SZ,4.15,4.18,4.12,4.13,9668844,41777005
2024-08-15,000967.SZ,4.09,4.17,4.08,4.15,10023800,43247707
2024-08-16,000967.SZ,4.16,4.16,4.05,4.10,9945403,42456605
2024-08-19,000967.SZ,4.08,4.11,4.04,4.09,8398593,35643086
2024-08-20,000967.SZ,4.09,4.09,4.01,4.04,8931222,37607206
2024-08-21,000967.SZ,4.03,4.04,3.96,4.00,7861871,32717025
2024-08-22,000967.SZ,3.98,4.01,3.95,3.95,8459800,35052202
2024-08-23,000967.SZ,3.96,3.99,3.93,3.95,8990500,37085424
2024-08-26,000967.SZ,3.94,3.97,3.93,3.94,7508929,30909802
2024-08-27,000967.SZ,3.93,3.95,3.88,3.90,7313833,29762559
2024-08-28,000967.SZ,3.90,3.93,3.84,3.88,7920514,32094003
2024-08-29,000967.SZ,3.86,3.90,3.83,3.87,9634003,38798560
2024-08-30,000967.SZ,3.88,3.93,3.78,3.88,17123785,69077115
2024-09-02,000967.SZ,3.88,3.88,3.75,3.76,17426696,69185879
2024-09-03,000967.SZ,3.76,3.78,3.67,3.69,18342461,70980586
2024-09-04,000967.SZ,3.65,3.69,3.64,3.65,9533700,36395378
2024-09-05,000967.SZ,3.66,3.72,3.66,3.71,9555546,36769745
2024-09-06,000967.SZ,3.73,3.78,3.69,3.69,12583071,48945260
2024-09-09,000967.SZ,3.71,3.72,3.65,3.66,7294564,27913790
2024-09-10,000967.SZ,3.68,3.69,3.59,3.67,9263700,35052167
2024-09-11,000967.SZ,3.65,3.67,3.61,3.62,5642696,21366559
2024-09-12,000967.SZ,3.64,3.69,3.63,3.66,7929983,30236784
2024-09-13,000967.SZ,3.66,3.67,3.62,3.63,8438833,31985790
2024-09-18,000967.SZ,3.63,3.64,3.56,3.61,9401050,35220490
2024-09-19,000967.SZ,3.61,3.70,3.60,3.69,9996863,38193583
2024-09-20,000967.SZ,3.72,3.72,3.64,3.66,8141655,31070305
2024-09-23,000967.SZ,3.66,3.70,3.64,3.70,7291793,27942609
2024-09-24,000967.SZ,3.71,3.84,3.69,3.84,14788596,58374906
2024-09-25,000967.SZ,3.89,3.97,3.87,3.91,16459530,67408146
2024-09-26,000967.SZ,3.88,4.05,3.88,4.05,13963541,57830625
2024-09-27,000967.SZ,4.11,4.21,4.08,4.16,21422423,92392642
2024-09-30,000967.SZ,4.28,4.54,4.26,4.49,39188709,179945160
2024-10-08,000967.SZ,4.92,4.92,4.44,4.66,46007773,225070317
2024-10-09,000967.SZ,4.61,4.62,4.33,4.37,34858402,162237316
2024-10-10,000967.SZ,4.45,4.53,4.34,4.43,24465469,113432673
2024-10-11,000967.SZ,4.43,4.44,4.25,4.31,18574650,83997308
2024-10-14,000967.SZ,4.35,4.45,4.29,4.44,22778690,103904309
2024-10-15,000967.SZ,4.43,4.43,4.31,4.31,16145933,73557787
2024-10-16,000967.SZ,4.29,4.39,4.27,4.35,13977219,63234177
2024-10-17,000967.SZ,4.37,4.39,4.23,4.23,13146356,58818674
2024-10-18,000967.SZ,4.24,4.40,4.17,4.31,22217705,98947322
2024-10-21,000967.SZ,4.36,4.38,4.27,4.29,14617239,65684078
2024-10-22,000967.SZ,4.30,4.40,4.28,4.40,15646318,70771543
2024-10-23,000967.SZ,4.40,4.45,4.36,4.40,15998076,73335970
2024-10-24,000967.SZ,4.39,4.42,4.36,4.39,8411566,38411207
2024-10-25,000967.SZ,4.40,4.45,4.35,4.45,10380681,47782812
2024-10-28,000967.SZ,4.45,4.62,4.42,4.62,22815662,107926080
2024-10-29,000967.SZ,4.64,4.65,4.50,4.53,16791597,79649623
2024-10-30,000967.SZ,4.51,4.59,4.51,4.57,14015418,66373526
2024-10-31,000967.SZ,4.54,4.64,4.54,4.64,15714608,75499931
2024-11-01,000967.SZ,4.64,4.64,4.53,4.58,15694066,75049068
2024-11-04,000967.SZ,4.53,4.64,4.53,4.63,13545246,64919752
2024-11-05,000967.SZ,4.62,4.68,4.60,4.67,15000801,72731478
2024-11-06,000967.SZ,4.67,4.69,4.62,4.66,17501694,84968768
2024-11-07,000967.SZ,4.65,4.77,4.62,4.77,17394109,85673699
2024-11-08,000967.SZ,4.78,4.83,4.69,4.72,18778954,92662699
2024-11-11,000967.SZ,4.72,4.77,4.66,4.72,17348393,85088400
2024-11-12,000967.SZ,4.75,4.80,4.68,4.71,20924651,103346529
2024-11-13,000967.SZ,4.70,4.76,4.64,4.70,14973393,73281334
2024-11-14,000967.SZ,4.69,4.71,4.56,4.60,12663978,61081611
2024-11-15,000967.SZ,4.55,4.64,4.54,4.54,12628724,60436078
2024-11-18,000967.SZ,4.60,4.76,4.60,4.65,20583726,100845587
2024-11-19,000967.SZ,4.70,4.76,4.63,4.76,17646614,86531057
2024-11-20,000967.SZ,4.73,4.78,4.70,4.78,15075017,74679830
2024-11-21,000967.SZ,4.76,4.84,4.73,4.76,13100240,65088513
2024-11-22,000967.SZ,4.74,4.87,4.70,4.71,19544072,97428497
2024-11-25,000967.SZ,4.71,4.78,4.65,4.71,14962397,73544830
2024-11-26,000967.SZ,4.70,4.75,4.64,4.69,12351470,60376565
2024-11-27,000967.SZ,4.66,4.73,4.59,4.73,12156315,58995373
2024-11-28,000967.SZ,4.72,4.81,4.69,4.76,12472164,61961219
2024-11-29,000967.SZ,4.75,4.85,4.71,4.83,17208324,86231320
2024-12-02,000967.SZ,4.87,4.91,4.81,4.89,17752588,90076977
2024-12-03,000967.SZ,4.90,4.92,4.85,4.90,14362112,73186075
2024-12-04,000967.SZ,4.90,4.90,4.80,4.83,11449311,57824969
2024-12-05,000967.SZ,4.80,4.85,4.78,4.83,10758571,53934787
2024-12-06,000967.SZ,4.84,4.98,4.82,4.95,20692162,106479670
2024-12-09,000967.SZ,4.96,5.00,4.88,4.90,17440379,89754180
2024-12-10,000967.SZ,5.01,5.04,4.80,4.82,25452563,129468627
2024-12-11,000967.SZ,4.81,4.95,4.80,4.93,20014755,102177353
2024-12-12,000967.SZ,4.96,5.02,4.89,4.99,14315694,74202752
2024-12-13,000967.SZ,5.00,5.01,4.84,4.84,15938019,81250550
2024-12-16,000967.SZ,4.88,4.93,4.84,4.86,12723665,64637196
2024-12-17,000967.SZ,4.87,4.88,4.79,4.81,12837890,64508318
2024-12-18,000967.SZ,4.84,4.87,4.81,4.82,10527148,53075397
2024-12-19,000967.SZ,4.79,4.84,4.73,4.83,11263651,56082831
2024-12-20,000967.SZ,4.83,4.85,4.75,4.76,11457170,57168194
2024-12-23,000967.SZ,4.79,4.81,4.74,4.75,12652647,62890529
2024-12-24,000967.SZ,4.75,4.87,4.74,4.86,11729907,59068868
2024-12-25,000967.SZ,4.86,4.88,4.76,4.80,8177950,40813076
2024-12-26,000967.SZ,4.81,4.84,4.77,4.82,8159405,40924379
2024-12-27,000967.SZ,4.82,4.93,4.82,4.93,13058900,66702087
2024-12-30,000967.SZ,4.88,4.94,4.88,4.89,9448628,48208603
2024-12-31,000967.SZ,4.89,4.93,4.76,4.77,11611549,58482613
2025-01-02,000967.SZ,4.76,4.82,4.60,4.63,16139512,79092413
2025-01-03,000967.SZ,4.68,4.72,4.56,4.57,12661361,61192318
2025-01-06,000967.SZ,4.53,4.67,4.51,4.67,12469250,60021843
2025-01-07,000967.SZ,4.64,4.67,4.55,4.58,11889600,56914654
2025-01-08,000967.SZ,4.57,4.62,4.45,4.60,13531176,63927007
2025-01-09,000967.SZ,4.57,4.72,4.51,4.68,19096748,92174685
2025-01-10,000967.SZ,4.66,4.78,4.54,4.54,13468799,64968421
2025-01-13,000967.SZ,4.52,4.56,4.42,4.53,14339328,67071256
2025-01-14,000967.SZ,4.52,4.70,4.49,4.69,12962892,62456361
2025-01-15,000967.SZ,4.70,4.74,4.65,4.70,12245824,59930575
2025-01-16,000967.SZ,4.74,4.79,4.63,4.64,11194174,54753142
2025-01-17,000967.SZ,4.62,4.65,4.58,4.62,8126145,39063762
2025-01-20,000967.SZ,4.64,4.67,4.58,4.63,8719357,42004754
2025-01-21,000967.SZ,4.64,4.66,4.60,4.60,7842763,37774117
2025-01-22,000967.SZ,4.61,4.62,4.52,4.57,7569200,35938075
2025-01-23,000967.SZ,4.59,4.66,4.54,4.55,11287400,54101903
2025-01-24,000967.SZ,4.55,4.60,4.51,4.56,12202233,57912752
2025-01-27,000967.SZ,4.60,4.70,4.54,4.58,12587351,60641492
2025-02-05,000967.SZ,4.62,4.63,4.50,4.51,11875768,56122158
2025-02-06,000967.SZ,4.51,4.55,4.45,4.53,15678550,73475418
2025-02-07,000967.SZ,4.55,4.64,4.46,4.56,21090008,100920589
2025-02-10,000967.SZ,4.61,4.65,4.57,4.60,14328401,68802646
2025-02-11,000967.SZ,4.60,4.66,4.52,4.64,13694563,65627242
2025-02-12,000967.SZ,4.62,4.67,4.60,4.67,11887621,57461751
2025-02-13,000967.SZ,4.67,4.70,4.64,4.64,9511649,46191890
2025-02-14,000967.SZ,4.64,4.66,4.61,4.63,8168084,39353017
2025-02-17,000967.SZ,4.63,5.09,4.63,5.09,90072830,472189209
2025-02-18,000967.SZ,5.18,5.59,5.18,5.59,213013807,1231615888
2025-02-19,000967.SZ,5.47,5.71,5.28,5.45,233485581,1342290558
2025-02-20,000967.SZ,5.50,6.00,5.34,6.00,238146220,1416082072
2025-02-21,000967.SZ,6.38,6.60,6.01,6.60,172729249,1142055262
2025-02-24,000967.SZ,6.47,7.26,6.11,6.79,230907319,1578246896
2025-02-25,000967.SZ,6.51,7.15,6.41,6.78,159992251,1115189443
2025-02-26,000967.SZ,6.72,7.26,6.62,6.75,148709567,1070235081
2025-02-27,000967.SZ,6.61,6.67,6.23,6.29,124092114,823678548
2025-02-28,000967.SZ,6.33,6.39,5.66,5.70,146139084,896965156
2025-03-03,000967.SZ,5.61,5.69,5.46,5.51,90234756,524482289
2025-03-04,000967.SZ,5.47,5.76,5.45,5.59,83988224,491722869
2025-03-05,000967.SZ,5.73,5.90,5.56,5.70,74778823,442831919
2025-03-06,000967.SZ,5.77,6.04,5.77,5.86,99225908,605245556
2025-03-07,000967.SZ,5.91,5.94,5.64,5.67,68135333,405987928
2025-03-10,000967.SZ,5.72,5.74,5.44,5.55,72120806,417894879
2025-03-11,000967.SZ,5.52,5.58,5.44,5.51,60552463,346615602
2025-03-12,000967.SZ,5.51,5.70,5.49,5.61,60850669,355264056
2025-03-13,000967.SZ,5.66,5.68,5.42,5.46,50780091,290116793
2025-03-14,000967.SZ,5.42,5.57,5.34,5.56,50467339,287658438
2025-03-17,000967.SZ,5.55,6.09,5.54,5.95,130456945,793885425
2025-03-18,000967.SZ,5.92,6.54,5.90,6.54,140329040,928396677
2025-03-19,000967.SZ,6.40,6.47,6.22,6.36,140789063,928089356
2025-03-20,000967.SZ,6.31,6.60,6.04,6.35,137951558,909748319
2025-03-21,000967.SZ,6.31,6.43,6.10,6.17,72083544,468757370
2025-03-24,000967.SZ,6.15,6.24,5.91,6.04,52952072,332667382
2025-03-25,000967.SZ,6.09,6.27,5.73,5.83,68901934,427443889
2025-03-26,000967.SZ,5.79,5.92,5.70,5.74,50802741,305465138
2025-03-27,000967.SZ,5.71,5.98,5.59,5.88,67061401,406762080
2025-03-28,000967.SZ,6.39,6.47,6.12,6.14,184799268,1221891663
2025-03-31,000967.SZ,6.08,6.08,5.53,5.85,177443323,1059418119
2025-04-01,000967.SZ,5.75,5.93,5.65,5.80,77941747,470028701
2025-04-02,000967.SZ,5.80,5.91,5.66,5.67,51058439,306465383
2025-04-03,000967.SZ,5.56,5.73,5.56,5.61,36653962,215169691
2025-04-07,000967.SZ,5.18,5.34,5.06,5.06,54640838,291037537
2025-04-08,000967.SZ,5.00,5.26,4.83,5.20,81802808,431895236
2025-04-09,000967.SZ,5.04,5.33,4.79,5.25,65178593,344431517
2025-04-10,000967.SZ,5.44,5.61,5.41,5.44,51201335,293376449
2025-04-11,000967.SZ,5.65,5.67,5.45,5.57,50208358,291620498
2025-04-14,000967.SZ,5.58,5.73,5.55,5.58,38038350,222992399
2025-04-15,000967.SZ,5.59,5.78,5.53,5.60,38215451,224886101
2025-04-16,000967.SZ,5.56,5.60,5.38,5.46,33253294,189596109
2025-04-17,000967.SZ,5.41,5.51,5.38,5.42,23757146,134886423
2025-04-18,000967.SZ,5.45,5.54,5.39,5.43,23183651,131533341
2025-04-21,000967.SZ,5.43,5.55,5.36,5.52,26253500,149785225
2025-04-22,000967.SZ,5.52,5.57,5.41,5.50,23133076,132363462
2025-04-23,000967.SZ,5.49,5.66,5.49,5.59,25457179,148398779
2025-04-24,000967.SZ,5.59,5.72,5.54,5.57,41685900,244048301
2025-04-25,000967.SZ,5.53,5.59,5.45,5.56,26342279,151679986
2025-04-28,000967.SZ,5.59,5.61,5.38,5.42,21951926,124575552
2025-04-29,000967.SZ,5.38,5.53,5.37,5.51,17547698,100096174
2025-04-30,000967.SZ,5.51,5.85,5.49,5.72,50592141,300619772
2025-05-06,000967.SZ,5.78,6.05,5.78,5.96,47585747,295620857
2025-05-07,000967.SZ,6.03,6.11,5.93,5.96,42447698,265328226
2025-05-08,000967.SZ,6.09,6.55,6.08,6.54,172068814,1160542802
2025-05-09,000967.SZ,6.43,6.53,6.29,6.33,95478455,633864443
2025-05-12,000967.SZ,6.41,6.54,6.28,6.41,71240332,475355259
2025-05-13,000967.SZ,6.43,6.58,6.24,6.50,69945671,468087533
2025-05-14,000967.SZ,6.58,6.70,6.20,6.35,97761365,655676803
2025-05-15,000967.SZ,6.33,6.37,6.14,6.16,55058100,356425010
2025-05-16,000967.SZ,6.11,6.67,6.10,6.52,114648020,772012491
2025-05-19,000967.SZ,6.48,6.72,6.42,6.62,76100823,522165129
2025-05-20,000967.SZ,6.59,6.66,6.49,6.51,38881571,265183514
2025-05-21,000967.SZ,6.67,6.86,6.32,6.35,73297502,500148338
2025-05-22,000967.SZ,6.34,6.72,6.34,6.55,87579225,599714290
2025-05-23,000967.SZ,6.63,6.88,6.55,6.62,85537113,596492356
2025-05-26,000967.SZ,6.69,6.93,6.63,6.84,84604241,596635134
2025-05-27,000967.SZ,6.92,7.49,6.91,7.17,114240733,861673470
2025-05-28,000967.SZ,7.31,7.63,7.10,7.29,122376446,939718368
2025-05-29,000967.SZ,7.15,7.53,7.06,7.35,84517188,648687060
2025-05-30,000967.SZ,7.36,7.42,6.91,7.02,81237026,600932180
2025-06-03,000967.SZ,6.88,6.99,6.83,6.85,48873999,351179882
2025-06-04,000967.SZ,6.89,7.23,6.89,7.00,62586984,461204247
2025-06-05,000967.SZ,7.00,7.24,6.78,7.11,62754975,460613395
2025-06-06,000967.SZ,7.10,7.11,6.62,6.81,70900424,501732831
2025-06-09,000967.SZ,6.82,7.31,6.77,7.02,112244055,831950450
2025-06-10,000967.SZ,7.02,7.02,6.41,6.42,92437838,634377999
2025-06-11,000967.SZ,6.42,6.57,6.36,6.42,37529266,252471047
2025-06-12,000967.SZ,6.36,6.52,6.31,6.38,33616000,225334062
2025-06-13,000967.SZ,6.34,6.35,5.97,6.01,84405452,535044433
2025-06-16,000967.SZ,6.01,6.07,5.95,6.03,46272988,289546369
2025-06-17,000967.SZ,5.99,6.03,5.91,6.00,25993015,161614131
2025-06-18,000967.SZ,5.99,6.20,5.90,6.16,51539134,325160128
2025-06-19,000967.SZ,6.11,6.16,5.99,6.02,37352157,236346250
2025-06-20,000967.SZ,5.99,6.06,5.87,5.89,26768569,165356027
2025-06-23,000967.SZ,5.81,5.97,5.81,5.95,21577803,133052860
2025-06-24,000967.SZ,5.98,6.11,5.98,6.07,29940367,188931771
2025-06-25,000967.SZ,6.06,6.41,6.04,6.39,60011914,389772649
2025-06-26,000967.SZ,6.39,6.87,6.31,6.63,77153626,530152837
2025-06-27,000967.SZ,6.64,6.94,6.50,6.79,55555186,389980209
2025-06-30,000967.SZ,6.82,6.87,6.62,6.67,36332185,253554254
2025-07-01,000967.SZ,6.72,6.81,6.60,6.67,24780345,172632047
2025-07-02,000967.SZ,6.67,6.67,6.46,6.52,35569642,242555439
2025-07-03,000967.SZ,6.51,6.55,6.46,6.49,16777373,113663931
2025-07-04,000967.SZ,6.49,6.67,6.44,6.46,27840235,189244640
2025-07-07,000967.SZ,6.37,6.46,6.01,6.07,73845298,472173231
2025-07-08,000967.SZ,6.03,6.22,6.01,6.21,46184470,293761358
2025-07-09,000967.SZ,6.18,6.25,6.08,6.11,24101794,154571163
2025-07-10,000967.SZ,6.12,6.14,5.94,6.07,38215136,239822128
2025-07-11,000967.SZ,6.07,6.12,6.03,6.07,30993750,196427344
2025-07-14,000967.SZ,6.11,6.12,6.03,6.05,24848400,157163141
2025-07-15,000967.SZ,6.05,6.27,5.97,6.06,54027305,343028887
2025-07-16,000967.SZ,6.03,6.11,6.00,6.02,36627400,230925356
2025-07-17,000967.SZ,6.00,6.05,5.93,6.04,33934697,211819801
2025-07-18,000967.SZ,6.05,6.15,6.00,6.14,41320194,261793297
2025-07-21,000967.SZ,6.15,6.34,6.07,6.34,55477298,362310007
2025-07-22,000967.SZ,6.36,6.50,6.31,6.44,45444217,303428338
2025-07-23,000967.SZ,6.48,7.08,6.46,6.95,174038444,1263343833
2025-07-24,000967.SZ,6.95,7.31,6.94,7.18,135806093,1010213304
2025-07-25,000967.SZ,7.18,7.20,6.87,6.91,80551691,586683319
2025-07-28,000967.SZ,6.90,6.99,6.36,6.74,93284326,624906545
2025-07-29,000967.SZ,6.76,6.83,6.63,6.75,44381400,302618410
2025-07-30,000967.SZ,6.71,6.74,6.55,6.57,37681702,252798733
2025-07-31,000967.SZ,6.52,6.66,6.48,6.53,35645751,237662554
2025-08-01,000967.SZ,6.51,6.76,6.50,6.72,52256908,353731744
2025-08-04,000967.SZ,6.62,6.75,6.58,6.68,35594994,240416890
2025-08-05,000967.SZ,6.72,6.93,6.67,6.86,52006569,359907818
2025-08-06,000967.SZ,6.86,7.00,6.71,6.89,39877692,277933264
2025-08-07,000967.SZ,6.90,6.94,6.70,6.82,34459826,237341945
2025-08-08,000967.SZ,6.81,6.87,6.74,6.81,22697976,156490886
2025-08-11,000967.SZ,6.80,6.91,6.77,6.80,33783816,234186073
2025-08-12,000967.SZ,6.81,6.82,6.73,6.78,20951028,144000445
2025-08-13,000967.SZ,6.74,6.86,6.73,6.76,29442773,202377839
2025-08-14,000967.SZ,6.76,7.06,6.70,6.94,59367145,416581162
2025-08-15,000967.SZ,6.93,7.17,6.88,7.10,51178418,364138928
2025-08-18,000967.SZ,7.06,7.17,7.01,7.07,45970678,330823174
2025-08-19,000967.SZ,7.07,7.15,6.97,6.97,33713335,240179003
2025-08-20,000967.SZ,6.97,7.18,6.96,7.07,41322700,296734441
2025-08-21,000967.SZ,7.06,7.39,7.06,7.28,60854302,449371383
2025-08-22,000967.SZ,7.33,7.44,7.18,7.41,52334352,387904473
2025-08-25,000967.SZ,7.38,7.45,7.07,7.10,89901654,653377372
2025-08-26,000967.SZ,7.12,7.58,7.05,7.39,73676508,549303346
2025-08-27,000967.SZ,7.37,7.50,7.19,7.20,55142138,411162005
2025-08-28,000967.SZ,7.13,7.23,6.80,7.06,69239204,492519003
2025-08-29,000967.SZ,7.06,7.06,6.87,6.91,39524233,277894416
2025-09-01,000967.SZ,6.97,7.10,6.91,7.00,35870949,254213429
2025-09-02,000967.SZ,7.00,7.01,6.69,6.84,45834300,317172385
2025-09-03,000967.SZ,6.87,7.10,6.73,6.75,38180018,266649489
2025-09-04,000967.SZ,6.77,6.80,6.57,6.67,28298788,192477908
2025-09-05,000967.SZ,6.70,6.79,6.56,6.79,26123104,177839991
2025-09-08,000967.SZ,6.77,6.89,6.75,6.83,27050011,187270594
2025-09-09,000967.SZ,6.90,7.06,6.81,6.87,41458164,291794887
2025-09-10,000967.SZ,6.84,6.89,6.76,6.80,20959632,144967331
2025-09-11,000967.SZ,6.84,6.85,6.72,6.85,30952811,213338713
2025-09-12,000967.SZ,6.85,6.91,6.75,6.76,29105613,201352586
2025-09-15,000967.SZ,6.72,6.76,6.66,6.68,25295901,171983235
2025-09-16,000967.SZ,6.80,7.04,6.79,7.01,61337165,429412644
2025-09-17,000967.SZ,6.98,7.34,6.92,7.27,78286174,570850187
2025-09-18,000967.SZ,7.24,7.43,7.02,7.12,66687345,488665326
2025-09-19,000967.SZ,7.10,7.19,7.01,7.08,32231558,231508778
2025-09-22,000967.SZ,7.08,7.09,6.91,7.00,26201417,185623656
2025-09-23,000967.SZ,6.97,7.00,6.69,6.89,34957931,241500689
2025-09-24,000967.SZ,6.82,6.93,6.76,6.92,28094926,195401072
2025-09-25,000967.SZ,6.92,7.00,6.84,6.93,20473366,143578426
2025-09-26,000967.SZ,6.86,6.96,6.84,6.86,21141450,147946238
2025-09-29,000967.SZ,6.88,7.00,6.71,6.96,29582615,207679929
2025-09-30,000967.SZ,6.99,7.25,6.88,7.09,40767496,290927978
2025-10-09,000967.SZ,7.12,7.15,6.96,7.06,33159470,237348047
2025-10-10,000967.SZ,7.04,7.17,7.03,7.09,32762711,236196480
2025-10-13,000967.SZ,6.85,6.94,6.75,6.92,32382413,226050229
2025-10-14,000967.SZ,6.92,7.02,6.84,6.87,29627400,207641078
2025-10-15,000967.SZ,6.86,6.97,6.77,6.95,25528240,178231918
2025-10-16,000967.SZ,6.92,6.96,6.80,6.87,20599146,143729581
2025-10-17,000967.SZ,6.89,6.91,6.60,6.62,33081319,226041044
2025-10-20,000967.SZ,6.67,6.70,6.59,6.63,18324360,123350594
2025-10-21,000967.SZ,6.68,6.79,6.61,6.76,16891007,115162583
2025-10-22,000967.SZ,6.75,6.83,6.71,6.77,10597400,72832791
2025-10-23,000967.SZ,6.74,6.79,6.64,6.78,12680062,86247700
2025-10-24,000967.SZ,6.80,6.88,6.77,6.81,13533963,93585159
2025-10-27,000967.SZ,6.85,6.93,6.77,6.77,20514900,142371621
2025-10-28,000967.SZ,6.78,7.15,6.75,6.94,41851596,296218803
2025-10-29,000967.SZ,6.97,6.99,6.88,6.96,22268022,156638708
2025-10-30,000967.SZ,6.88,6.90,6.68,6.70,36899216,252767129
2025-10-31,000967.SZ,6.70,6.82,6.64,6.78,22989983,157083392
2025-11-03,000967.SZ,6.78,7.10,6.78,7.03,41050273,290939609
2025-11-04,000967.SZ,6.99,7.07,6.85,6.88,21858392,153420359
2025-11-05,000967.SZ,6.86,6.94,6.82,6.89,15868830,110964254
2025-11-06,000967.SZ,6.94,6.95,6.84,6.87,19910314,138979670
2025-11-07,000967.SZ,6.85,6.93,6.84,6.85,16108628,112304944
2025-11-10,000967.SZ,6.84,6.87,6.72,6.74,25226114,173276819
2025-11-11,000967.SZ,6.74,6.77,6.71,6.74,16187721,110605249
2025-11-12,000967.SZ,6.74,6.74,6.64,6.69,16512051,111874627
2025-11-13,000967.SZ,6.69,6.78,6.60,6.68,19997149,135093142
2025-11-14,000967.SZ,6.66,6.83,6.65,6.71,24383083,167504284
2025-11-17,000967.SZ,6.71,6.73,6.58,6.64,22516225,151361096
2025-11-18,000967.SZ,6.61,6.62,6.51,6.54,17389397,115462589
2025-11-19,000967.SZ,6.53,6.54,6.38,6.43,14715534,96359770
2025-11-20,000967.SZ,6.46,6.48,6.39,6.45,9461894,61746578
2025-11-21,000967.SZ,6.38,6.44,6.24,6.33,15260121,98092834
2025-11-24,000967.SZ,6.38,6.40,6.32,6.34,10336700,66617431
2025-11-25,000967.SZ,6.37,6.39,6.21,6.23,19060853,122016368
2025-11-26,000967.SZ,6.26,6.35,6.23,6.28,13387931,85465904
2025-11-27,000967.SZ,6.28,6.36,6.25,6.29,10384202,66565848
2025-11-28,000967.SZ,6.29,6.33,6.22,6.31,14038686,89364198
2025-12-01,000967.SZ,6.31,6.55,6.28,6.48,23393428,152862558
2025-12-02,000967.SZ,6.48,6.50,6.42,6.47,12401476,81247337
2025-12-03,000967.SZ,6.50,6.52,6.45,6.49,9350607,61436212
2025-12-04,000967.SZ,6.50,6.61,6.47,6.59,18109680,120287950
2025-12-05,000967.SZ,6.62,6.80,6.56,6.77,26316408,179367579
2025-12-08,000967.SZ,6.80,6.86,6.69,6.75,20066718,137488465
2025-12-09,000967.SZ,6.74,6.80,6.66,6.68,15821285,107894033
2025-12-10,000967.SZ,6.66,6.73,6.55,6.69,14268585,96333411
2025-12-11,000967.SZ,6.68,6.72,6.61,6.66,16792100,113574611
2025-12-12,000967.SZ,6.66,6.70,6.56,6.67,25487473,171288819
2025-12-15,000967.SZ,6.63,6.68,6.58,6.65,13221801,89058205
2025-12-16,000967.SZ,6.62,6.71,6.61,6.66,14699825,99307492
2025-12-17,000967.SZ,6.67,6.68,6.54,6.67,19216597,128948001
2025-12-18,000967.SZ,6.67,6.73,6.64,6.67,11776400,79941038
2025-12-19,000967.SZ,6.67,6.80,6.66,6.75,12915780,88574967
2025-12-22,000967.SZ,6.76,6.78,6.72,6.72,13524600,92525800
2025-12-23,000967.SZ,6.73,6.82,6.61,6.80,19172710,131274163
2025-12-24,000967.SZ,6.79,6.93,6.78,6.87,20897439,145817000
2025-12-25,000967.SZ,6.89,7.24,6.85,7.20,51281141,369920786
2025-12-26,000967.SZ,7.20,7.29,7.16,7.24,37785573,277641424
2025-12-29,000967.SZ,7.23,7.34,7.21,7.25,32033108,235980084
2025-12-30,000967.SZ,7.24,7.49,7.22,7.25,44685311,332719318
2025-12-31,000967.SZ,7.25,7.30,7.21,7.23,27892732,205241623
2026-01-05,000967.SZ,7.21,7.24,7.07,7.22,33569452,243754157
2026-01-06,000967.SZ,7.22,7.33,7.14,7.21,28230122,207078930
2026-01-07,000967.SZ,7.23,7.25,7.14,7.14,19802171,144090707
2026-01-08,000967.SZ,7.14,7.19,7.06,7.08,22809517,164523636
2026-01-09,000967.SZ,7.08,7.10,6.96,7.03,26190689,186703752
2026-01-12,000967.SZ,7.03,7.03,6.86,6.90,46394285,326344958
2026-01-13,000967.SZ,6.92,6.97,6.77,6.81,36319775,253545578
2026-01-14,000967.SZ,6.79,6.87,6.67,6.73,38041548,261447259
2026-01-15,000967.SZ,6.77,6.91,6.72,6.89,36056472,250122013
2026-01-16,000967.SZ,6.91,6.98,6.83,6.89,24276288,169538585
2026-01-19,000967.SZ,6.92,6.93,6.79,6.85,26203186,181547508
2026-01-20,000967.SZ,6.85,7.06,6.85,7.02,36123459,255807469
2026-01-21,000967.SZ,7.00,7.24,7.00,7.23,36792373,267007631
2026-01-22,000967.SZ,7.27,7.54,7.22,7.44,61302709,460557638
2026-01-23,000967.SZ,7.49,7.68,7.44,7.64,53120152,407227332
2026-01-26,000967.SZ,7.64,7.67,7.16,7.19,49335349,366654938
2026-01-27,000967.SZ,7.20,7.22,7.04,7.11,29282100,211228390
2026-01-28,000967.SZ,7.12,7.13,6.99,7.00,25352474,180689725
2026-01-29,000967.SZ,6.96,7.03,6.87,6.91,32627369,229913851
2026-01-30,000967.SZ,6.91,6.98,6.82,6.94,29384869,206155477
2026-02-02,000967.SZ,6.93,6.97,6.85,6.86,31888750,222821264
2026-02-03,000967.SZ,6.88,6.95,6.78,6.94,26843070,187082412
2026-02-04,000967.SZ,6.94,7.20,6.91,7.17,33410916,241542197
2026-02-05,000967.SZ,7.16,7.23,7.03,7.06,20046300,144489535
2026-02-06,000967.SZ,7.03,7.10,6.93,7.03,15308200,109129509
2026-02-09,000967.SZ,7.09,7.11,7.00,7.08,19424300,139088724
2026-02-10,000967.SZ,7.08,7.25,7.02,7.21,26247388,190673656
2026-02-11,000967.SZ,7.18,7.27,7.17,7.21,17302465,127019453
2026-02-12,000967.SZ,7.23,7.45,7.13,7.42,36057788,268338417
2026-02-13,000967.SZ,7.41,7.65,7.32,7.37,41934092,317902441
2026-02-24,000967.SZ,7.52,7.54,7.34,7.49,30541291,231871085
2026-02-25,000967.SZ,7.52,8.14,7.50,7.90,65073850,517412494
2026-02-26,000967.SZ,7.98,8.04,7.88,8.00,36103004,290963682
2026-02-27,000967.SZ,7.95,8.30,7.92,8.25,46969842,388534349
2026-03-02,000967.SZ,8.09,8.35,8.04,8.30,47107831,392109933
2026-03-03,000967.SZ,8.34,8.43,7.96,8.00,52000114,430291580
2026-03-04,000967.SZ,7.92,8.06,7.85,7.95,31989008,258736775
2026-03-05,000967.SZ,8.08,8.17,7.95,8.04,28753577,234931085
2026-03-06,000967.SZ,7.99,8.21,7.94,8.12,20727946,170657870
2026-03-09,000967.SZ,8.08,8.56,7.99,8.43,56886112,480471666
2026-03-10,000967.SZ,8.47,8.72,8.39,8.67,49852604,433735020
2026-03-11,000967.SZ,8.69,9.54,8.69,9.35,118189863,1113172890
2026-03-12,000967.SZ,9.53,9.56,9.15,9.17,76214314,718198130
2026-03-13,000967.SZ,9.19,9.21,8.84,8.87,51704593,470608008
2026-03-16,000967.SZ,8.89,8.97,8.61,8.72,46213220,410279386
2026-03-17,000967.SZ,8.75,8.95,8.65,8.66,32989835,293729972
2026-03-18,000967.SZ,8.67,8.71,8.48,8.63,31971211,278931158
2026-03-19,000967.SZ,8.56,8.66,8.40,8.57,38041271,329770996
2026-03-20,000967.SZ,8.63,8.74,8.28,8.32,40122562,346303733
2026-03-23,000967.SZ,8.13,8.43,8.04,8.16,45279710,376899791
2026-03-24,000967.SZ,8.27,8.52,8.13,8.51,35029838,296639019
2026-03-25,000967.SZ,8.59,9.30,8.59,8.87,77041117,703186330
2026-03-26,000967.SZ,8.85,9.04,8.75,8.82,42935098,387020130
2026-03-27,000967.SZ,8.77,8.99,8.68,8.88,44661986,402841480
2026-03-30,000967.SZ,8.78,8.92,8.58,8.61,41846067,368331993
2026-03-31,000967.SZ,8.61,9.07,8.38,8.39,61589054,540848664
2026-04-01,000967.SZ,8.85,9.23,8.63,8.99,200497371,1839102515
2026-04-02,000967.SZ,8.90,9.56,8.88,9.18,140515732,1321713155
2026-04-03,000967.SZ,9.13,9.30,8.72,8.88,80505281,728260124
2026-04-07,000967.SZ,8.98,9.22,8.75,9.06,86069457,789356698
2026-04-08,000967.SZ,9.31,9.35,8.93,9.24,104086207,968571851
2026-04-09,000967.SZ,9.24,9.60,9.09,9.36,73738365,704486370
2026-04-10,000967.SZ,9.56,10.30,9.38,10.09,221226169,2274741547
2026-04-13,000967.SZ,10.30,10.72,10.08,10.48,179081165,1901201760
2026-04-14,000967.SZ,11.37,11.52,11.04,11.52,266508279,3098099782
2026-04-15,000967.SZ,12.01,12.10,11.28,11.71,286210115,3372883218
2026-04-16,000967.SZ,12.16,12.88,11.98,12.88,154364755,1976732221
2026-04-17,000967.SZ,13.81,14.10,13.12,13.80,353955558,4854358516
2026-04-20,000967.SZ,13.99,14.37,13.28,13.90,272060156,3807640246
2026-04-21,000967.SZ,13.42,13.51,12.76,13.26,209795688,2782538063
2026-04-22,000967.SZ,13.02,13.67,12.12,13.45,313016091,4111089485
2026-04-23,000967.SZ,13.41,13.90,12.70,13.53,223560078,3058985798
2026-04-24,000967.SZ,13.07,13.21,12.18,12.76,255978304,3292057666
2026-04-27,000967.SZ,12.30,12.86,12.30,12.71,150895461,1930127206
2026-04-28,000967.SZ,12.81,13.98,12.72,13.98,197853078,2695385489
2026-04-29,000967.SZ,13.50,14.60,13.21,13.91,296104449,4220291567
2026-04-30,000967.SZ,14.03,14.13,13.16,13.38,206204170,2828993755
2026-05-06,000967.SZ,14.10,14.72,13.65,14.72,291087808,4273252926
2026-05-07,000967.SZ,15.01,16.18,14.53,16.18,288277518,4467526859
2026-05-08,000967.SZ,16.07,16.85,15.66,16.07,303884918,4995303523
2026-05-11,000967.SZ,15.67,16.01,14.49,14.62,335970198,5063868699
2026-05-12,000967.SZ,15.23,15.28,13.52,13.65,317263918,4534239253
2026-05-13,000967.SZ,13.26,15.02,12.73,14.85,400686054,5688056791
2026-05-14,000967.SZ,14.70,15.29,13.97,14.05,304780006,4476986691
2026-05-15,000967.SZ,14.05,14.19,13.00,13.04,215504276,2934596884
2026-05-18,000967.SZ,13.02,13.31,12.70,12.91,176087250,2300891734
2026-05-19,000967.SZ,12.79,13.24,12.49,13.14,143049713,1886677222
2026-05-20,000967.SZ,12.94,13.43,12.74,12.89,124505139,1639633664
2026-05-21,000967.SZ,12.96,13.01,11.76,11.88,180305494,2255455802
2026-05-22,000967.SZ,12.09,12.89,11.83,12.79,216303070,2711115592
2026-05-25,000967.SZ,13.11,13.26,12.37,12.74,177676263,2293446413
2026-05-26,000967.SZ,12.33,12.48,11.46,11.61,202174546,2423114962
2026-05-27,000967.SZ,11.47,11.63,10.69,10.81,199469765,2235633557
2026-05-28,000967.SZ,10.95,11.38,10.75,10.95,119544208,1333338029
2026-05-29,000967.SZ,11.04,11.33,10.24,10.54,111989263,1218793585
2026-06-01,000967.SZ,10.49,10.68,10.11,10.25,94087749,994061849
2026-06-02,000967.SZ,10.84,11.09,10.54,10.67,160558195,1760026337
2026-06-03,000967.SZ,10.62,11.47,10.29,10.93,173462476,1917156732
2026-06-04,000967.SZ,10.83,10.99,10.67,10.90,98027309,1077279360
2026-06-05,000967.SZ,10.79,10.79,10.35,10.45,103036714,1107208380
2026-06-08,000967.SZ,9.94,10.51,9.87,10.02,91925142,944349293
2026-06-09,000967.SZ,10.22,10.32,9.86,10.06,72005802,730086464
2026-06-10,000967.SZ,9.90,10.15,9.49,9.94,105215156,1047484154
2026-06-11,000967.SZ,9.91,9.93,9.57,9.70,77934197,766735760
2026-06-12,000967.SZ,9.76,10.08,9.56,9.71,94904699,940885569
2026-06-15,000967.SZ,9.81,10.19,9.76,10.19,103889645,1056669407
2026-06-16,000967.SZ,10.09,10.35,10.00,10.20,81917474,845071132
2026-06-17,000967.SZ,10.11,10.63,9.89,10.10,129196173,1341729574
2026-06-18,000967.SZ,10.19,10.50,10.00,10.05,135280247,1405177956
2026-06-22,000967.SZ,10.25,10.44,9.75,10.30,131248669,1346180468
2026-06-23,000967.SZ,10.35,10.35,9.82,9.88,109496611,1116073235
2026-06-24,000967.SZ,9.80,10.86,9.77,10.86,162319811,1716441013
2026-06-25,000967.SZ,11.10,11.95,11.09,11.64,303716962,3577767832
2026-06-26,000967.SZ,11.35,11.39,10.48,10.48,160184846,1748560899
2026-06-29,000967.SZ,10.50,10.73,9.43,9.43,239552103,2397813592
2026-06-30,000967.SZ,9.51,10.38,9.39,10.38,130815609,1312628628
2026-07-01,000967.SZ,10.45,10.53,9.85,10.11,170055672,1746064736
2026-07-02,000967.SZ,9.91,10.69,9.86,10.10,126415118,1318353802
2026-07-03,000967.SZ,10.20,10.62,10.05,10.33,98450834,1038307547
2026-07-06,000967.SZ,10.39,10.62,9.81,9.98,91401837,936551967
2026-07-07,000967.SZ,9.97,10.18,9.48,9.51,76923454,759561228
2026-07-08,000967.SZ,9.53,9.65,9.19,9.22,67672054,641000978
2026-07-09,000967.SZ,9.18,9.39,8.64,9.07,95751176,871019524
2026-07-10,000967.SZ,9.05,9.36,8.92,8.95,77592569,720818279
2026-07-13,000967.SZ,9.00,9.06,8.14,8.23,90446569,767584146
2026-07-14,000967.SZ,8.30,8.48,7.96,8.26,65691618,536607301
2026-07-15,000967.SZ,8.30,8.48,7.97,8.08,64841569,531947751
2026-07-16,000967.SZ,8.00,8.44,7.97,8.04,74166385,606166266
2026-07-17,000967.SZ,8.04,8.04,7.25,7.32,90030028,681091480
2026-07-20,000967.SZ,7.46,7.65,6.88,7.04,102510650,746277378
2026-07-21,000967.SZ,7.13,7.31,6.51,7.27,109895360,769232971
2026-07-22,000967.SZ,7.19,7.42,7.05,7.10,65328707,471239831
2026-07-23,000967.SZ,7.10,7.33,7.08,7.24,60349366,435535201
2026-07-24,000967.SZ,7.11,7.13,6.79,6.84,76480554,530682130
2026-07-27,000967.SZ,6.81,7.39,6.80,7.39,86472836,616661047
2026-07-28,000967.SZ,7.31,7.51,7.21,7.40,81266478,601864923
2026-07-29,000967.SZ,7.40,7.54,6.96,7.51,106824340,772364378
2026-07-30,000967.SZ,7.49,7.63,7.10,7.14,95744457,699079069
2026-07-31,000967.SZ,7.84,7.85,7.80,7.85,43910749,344648355
2026-08-03,000967.SZ,8.23,8.64,8.12,8.64,85417542,724759931
2026-08-04,000967.SZ,8.90,9.43,8.68,9.09,353767807,3206815169
2026-08-05,000967.SZ,8.75,9.61,8.75,9.47,278453211,2580595269
2026-08-06,000967.SZ,9.21,9.48,9.08,9.37,196341830,1818574579
2026-08-07,000967.SZ,9.33,9.37,8.86,9.35,170906594,1565828848
2026-08-10,000967.SZ,9.50,9.55,8.92,9.01,124175480,1123488350
2026-08-11,000967.SZ,8.90,9.50,8.81,9.33,167139424,1535704943
2026-08-12,000967.SZ,9.61,9.75,9.12,9.33,142421602,1329836707
2026-08-13,000967.SZ,9.49,9.78,9.25,9.25,126946382,1203707051
2026-08-14,000967.SZ,9.30,9.50,9.05,9.47,125198389,1163020861
2026-08-17,000967.SZ,9.39,9.45,9.04,9.21,131559072,1210073789
2026-08-18,000967.SZ,9.21,9.25,8.84,9.07,98839027,892029600
2026-08-19,000967.SZ,8.80,8.89,8.30,8.35,110774876,943494456
2026-08-20,000967.SZ,8.44,8.48,8.13,8.20,57388686,474288608
2026-08-21,000967.SZ,8.12,8.39,8.00,8.33,62383039,511502661
2026-08-24,000967.SZ,8.38,8.53,8.06,8.21,50156965,411729842
2026-08-25,000967.SZ,8.08,8.24,7.95,8.17,43219052,350897597
2026-08-26,000967.SZ,8.18,8.44,8.12,8.41,62517667,518531957
2026-08-27,000967.SZ,8.48,8.69,8.41,8.63,77336837,660700914
2026-08-28,000967.SZ,8.56,8.65,8.28,8.33,88226079,743434476
2026-08-31,000967.SZ,8.17,8.60,8.06,8.59,67099812,567018098
2026-09-01,000967.SZ,8.60,8.77,8.42,8.46,59441018,509131530
2026-09-02,000967.SZ,8.38,8.43,8.23,8.41,43461340,362460413
2026-09-03,000967.SZ,8.40,8.49,8.20,8.43,50146292,417872878
2026-09-04,000967.SZ,8.44,8.52,7.96,8.05,101584540,827102455
2026-09-07,000967.SZ,8.06,8.23,8.00,8.07,61371699,497024289
2026-09-08,000967.SZ,8.06,8.13,7.98,8.06,46056742,370488199
