trade_date,wind_code,open,high,low,close,volume,amt
2015-12-01,000100.SZ,2.82,2.85,2.78,2.83,110532800.0,312255160.0
2015-12-01,000157.SZ,3.24,3.3,3.21,3.3,55036700.0,179970009.0
2015-12-01,000166.SZ,6.49,6.55,6.4,6.44,50199300.0,324538474.5
2015-12-02,000157.SZ,3.28,3.63,3.26,3.63,346136100.0,1195900225.5
2015-12-02,000166.SZ,6.48,6.8,6.43,6.8,82057300.0,544860472.0
2015-12-02,000100.SZ,2.83,2.94,2.81,2.91,163253800.0,468538406.0
2015-12-03,000157.SZ,3.71,3.73,3.54,3.65,256507000.0,943945759.9999999
2015-12-03,000166.SZ,6.74,6.9,6.65,6.78,66246800.0,447828368.0
2015-12-03,000100.SZ,2.94,2.94,2.89,2.91,120978100.0,353860942.5
2015-12-04,000100.SZ,2.89,2.91,2.85,2.86,119714100.0,344178037.5
2015-12-04,000166.SZ,6.74,6.74,6.55,6.58,58441200.0,389218392.0
2015-12-04,000157.SZ,3.61,3.62,3.54,3.58,123674100.0,444608389.49999994
2015-12-07,000100.SZ,2.86,2.94,2.85,2.94,175645100.0,509370790.0
2015-12-07,000157.SZ,3.56,3.66,3.56,3.58,112200100.0,400554357.00000006
2015-12-07,000166.SZ,6.57,6.7,6.44,6.65,48080600.0,317812766.0
2015-12-08,000166.SZ,6.59,6.71,6.48,6.5,41161200.0,269400054.0
2015-12-08,000100.SZ,2.91,3.0,2.91,2.95,239978800.0,703137884.0
2015-12-08,000157.SZ,3.56,3.56,3.38,3.4,109103600.0,379680528.0
2015-12-09,000157.SZ,3.41,3.47,3.38,3.42,50386600.0,172070239.0
2015-12-09,000100.SZ,2.94,2.94,2.88,2.91,125998900.0,368546782.5
2015-12-09,000166.SZ,6.47,6.58,6.36,6.48,40831500.0,264383962.5
2015-12-10,000166.SZ,6.51,6.78,6.48,6.52,60401100.0,393513166.5
2015-12-10,000100.SZ,2.91,2.94,2.89,2.89,114738600.0,332741940.00000006
2015-12-10,000157.SZ,3.41,3.44,3.35,3.37,60227700.0,204171903.0
2015-12-11,000157.SZ,3.35,3.4,3.33,3.36,42671400.0,143162547.0
2015-12-11,000100.SZ,2.91,2.96,2.88,2.95,169847300.0,497652589.0
2015-12-11,000166.SZ,6.45,6.67,6.34,6.52,53043800.0,343989042.99999994
2015-12-14,000166.SZ,6.43,7.02,6.37,7.02,110470100.0,742911422.5
2015-12-14,000100.SZ,3.02,3.04,2.93,2.98,234878300.0,704634900.0
2015-12-14,000157.SZ,3.34,3.45,3.31,3.45,62730500.0,212970047.5
2015-12-15,000157.SZ,3.45,3.49,3.41,3.42,58378700.0,200530834.5
2015-12-15,000100.SZ,2.95,2.99,2.94,2.96,148870300.0,439911736.5
2015-12-15,000166.SZ,6.95,6.98,6.74,6.75,80605700.0,552149045.0
2015-12-16,000166.SZ,6.83,6.93,6.75,6.76,58037300.0,394363453.5
2015-12-16,000100.SZ,2.97,2.98,2.93,2.94,114628400.0,338726922.0
2015-12-16,000157.SZ,3.43,3.44,3.38,3.39,54436600.0,185628806.0
2015-12-17,000157.SZ,3.4,3.49,3.4,3.47,77126000.0,264927810.0
2015-12-17,000100.SZ,2.94,3.0,2.94,3.0,231501600.0,687559752.0
2015-12-17,000166.SZ,6.84,6.98,6.8,6.88,73047500.0,501105849.99999994
2015-12-18,000166.SZ,6.88,6.93,6.76,6.8,58337900.0,399031236.0
2015-12-18,000100.SZ,2.99,3.03,2.97,3.02,226143400.0,679560917.0
2015-12-18,000157.SZ,3.45,3.47,3.42,3.44,67624400.0,232966058.00000003
2015-12-21,000157.SZ,3.43,3.51,3.41,3.51,90003600.0,312312492.0
2015-12-21,000166.SZ,6.78,7.03,6.75,6.93,78841600.0,540459168.0
2015-12-21,000100.SZ,2.99,3.32,2.99,3.32,425143400.0,1341327427.0
2015-12-22,000166.SZ,6.96,7.07,6.91,7.03,72245000.0,505353775.0
2015-12-22,000100.SZ,3.43,3.51,3.34,3.36,772938800.0,2624127226.0
2015-12-22,000157.SZ,3.51,3.55,3.48,3.5,57098000.0,200128490.0
2015-12-23,000157.SZ,3.51,3.61,3.49,3.53,128690100.0,452989151.99999994
2015-12-23,000100.SZ,3.34,3.46,3.26,3.27,433915300.0,1434090066.4999998
2015-12-23,000166.SZ,7.08,7.4,7.0,7.15,144944400.0,1031279406.0
2015-12-24,000166.SZ,7.05,7.15,6.78,6.89,78810900.0,549311973.0
2015-12-24,000100.SZ,3.26,3.28,3.15,3.18,281887200.0,907676783.9999999
2015-12-24,000157.SZ,3.54,3.59,3.49,3.55,100309000.0,355595405.0
2015-12-25,000157.SZ,3.55,3.6,3.53,3.57,76730000.0,273158799.99999994
2015-12-25,000166.SZ,6.9,6.99,6.85,6.93,39456100.0,272838931.5
2015-12-25,000100.SZ,3.2,3.22,3.17,3.21,188231000.0,603280355.0
2015-12-28,000166.SZ,6.98,7.05,6.77,6.77,63551600.0,436917250.0
2015-12-28,000100.SZ,3.22,3.26,3.07,3.09,246222600.0,776832303.0000001
2015-12-28,000157.SZ,3.58,3.59,3.44,3.44,87611700.0,307517067.0
2015-12-29,000157.SZ,3.42,3.45,3.4,3.44,61702300.0,211638888.99999997
2015-12-29,000100.SZ,3.1,3.23,3.07,3.18,211746600.0,664884324.0
2015-12-29,000166.SZ,6.75,6.88,6.75,6.85,34984600.0,237895280.0
2015-12-30,000166.SZ,6.84,6.91,6.77,6.86,41048400.0,281181540.0
2015-12-30,000100.SZ,3.17,3.19,3.11,3.15,131818900.0,416547724.0
2015-12-30,000157.SZ,3.44,3.49,3.41,3.44,42337400.0,145640656.0
2015-12-31,000157.SZ,3.43,3.44,3.4,3.4,35740700.0,122054490.5
2015-12-31,000166.SZ,6.87,6.9,6.67,6.68,55398400.0,375324160.0
2015-12-31,000100.SZ,3.15,3.15,3.09,3.1,121273800.0,378980625.0
2016-01-04,000166.SZ,6.68,6.72,6.03,6.05,47996600.0,305498359.0
2016-01-04,000100.SZ,3.09,3.12,2.8,2.82,185025400.0,546750057.0
2016-01-04,000157.SZ,3.4,3.42,3.15,3.16,60467200.0,198332416.00000003
2016-01-05,000157.SZ,3.11,3.23,3.08,3.22,87602400.0,277261596.0
2016-01-05,000100.SZ,2.72,2.92,2.69,2.88,260264400.0,728740320.0
2016-01-05,000166.SZ,5.85,6.22,5.69,6.03,65383100.0,388375613.99999994
2016-01-06,000157.SZ,3.21,3.35,3.2,3.31,72404400.0,236038343.99999997
2016-01-06,000100.SZ,2.91,2.96,2.88,2.96,161416800.0,473758308.0
2016-01-06,000166.SZ,6.05,6.2,5.98,6.16,51530500.0,314593702.5
2016-01-07,000157.SZ,3.28,3.28,3.05,3.08,22804200.0,72517356.0
2016-01-07,000166.SZ,6.06,6.07,5.59,5.62,13974800.0,81612832.0
2016-01-07,000100.SZ,2.92,2.93,2.71,2.73,51705400.0,146067755.0
2016-01-08,000100.SZ,2.83,2.87,2.71,2.85,240348400.0,682589456.0
2016-01-08,000166.SZ,5.82,5.98,5.49,5.75,75215200.0,435119932.0
2016-01-08,000157.SZ,3.18,3.27,3.07,3.21,89671700.0,286501081.5
2016-01-11,000157.SZ,3.17,3.27,3.12,3.13,73703600.0,232166340.0
2016-01-11,000166.SZ,5.64,5.74,5.35,5.39,59536800.0,328345452.0
2016-01-11,000100.SZ,2.81,2.84,2.7,2.72,198007200.0,547489908.0
2016-01-12,000157.SZ,3.15,3.17,3.07,3.14,52157400.0,164035023.0
2016-01-12,000166.SZ,5.49,5.64,5.43,5.5,48169100.0,264689204.5
2016-01-12,000100.SZ,2.74,2.8,2.72,2.77,134713700.0,371136243.5
2016-01-13,000166.SZ,5.58,5.6,5.41,5.43,45350300.0,249653401.5
2016-01-13,000157.SZ,3.14,3.18,3.07,3.09,42950900.0,133792053.50000001
2016-01-13,000100.SZ,2.76,2.8,2.72,2.72,115872900.0,317491746.0
2016-01-14,000166.SZ,5.29,5.58,5.25,5.57,44173600.0,239862648.0
2016-01-14,000157.SZ,3.01,3.13,2.98,3.11,51459000.0,157464539.99999997
2016-01-14,000100.SZ,2.67,2.77,2.64,2.76,162720700.0,441786700.5
2016-01-15,000166.SZ,5.57,5.57,5.37,5.44,41283700.0,227266768.50000003
2016-01-15,000157.SZ,3.1,3.1,2.93,2.93,58831300.0,177376369.5
2016-01-15,000100.SZ,2.75,2.75,2.6,2.62,152987400.0,410771169.0
2016-01-18,000100.SZ,2.54,2.67,2.51,2.61,113351600.0,291880370.0
2016-01-18,000166.SZ,5.34,5.56,5.32,5.5,32974500.0,178721790.0
2016-01-18,000157.SZ,2.91,2.96,2.88,2.93,37563000.0,109683960.0
2016-01-19,000166.SZ,5.52,5.72,5.47,5.68,49097600.0,274946560.0
2016-01-19,000157.SZ,2.93,3.04,2.92,3.02,44134500.0,131300137.5
2016-01-19,000100.SZ,2.6,2.71,2.57,2.69,138864500.0,367296602.5
2016-01-20,000166.SZ,5.65,5.7,5.56,5.59,38306300.0,215281406.0
2016-01-20,000157.SZ,3.0,3.03,2.95,2.97,39048900.0,116560966.50000001
2016-01-20,000100.SZ,2.67,2.7,2.55,2.62,147468000.0,390052860.0
2016-01-21,000157.SZ,2.96,3.0,2.9,2.91,33866800.0,99399058.0
2016-01-21,000100.SZ,2.56,2.63,2.56,2.56,99295400.0,254196224.0
2016-01-21,000166.SZ,5.52,5.66,5.39,5.39,37783200.0,206107356.0
2016-01-22,000100.SZ,2.58,2.6,2.54,2.59,84228200.0,217729897.0
2016-01-22,000166.SZ,5.48,5.5,5.34,5.45,26218700.0,143285195.5
2016-01-22,000157.SZ,2.93,2.95,2.87,2.91,30367500.0,88673100.0
2016-01-25,000100.SZ,2.6,2.65,2.59,2.64,82612300.0,216444226.0
2016-01-25,000157.SZ,2.93,2.95,2.91,2.94,24694100.0,72477183.5
2016-01-25,000166.SZ,5.49,5.52,5.41,5.43,28370800.0,154904568.0
2016-01-26,000157.SZ,2.92,2.93,2.68,2.7,44494300.0,125028983.0
2016-01-26,000166.SZ,5.3,5.35,4.99,5.01,53037600.0,273408827.99999994
2016-01-26,000100.SZ,2.62,2.62,2.48,2.5,122382900.0,313300224.0
2016-01-27,000100.SZ,2.52,2.56,2.42,2.56,134819800.0,342442292.0
2016-01-27,000157.SZ,2.73,2.73,2.73,2.73,277000.0,756210.0
2016-01-27,000166.SZ,5.06,5.09,4.79,4.92,44775800.0,223431242.0
2016-01-28,000166.SZ,4.88,5.05,4.81,4.84,33201500.0,161359289.99999997
2016-01-28,000100.SZ,2.54,2.62,2.52,2.56,120409400.0,307043970.0
2016-01-28,000157.SZ,2.8,2.97,2.71,2.74,89025900.0,246601743.0
2016-01-29,000157.SZ,2.68,2.79,2.57,2.76,66582200.0,181103583.99999997
2016-01-29,000166.SZ,4.88,5.1,4.85,5.07,47030400.0,233976239.99999997
2016-01-29,000100.SZ,2.54,2.65,2.54,2.63,95230500.0,246170842.5
2016-02-01,000166.SZ,5.05,5.05,4.86,4.94,31132500.0,155506837.5
2016-02-01,000157.SZ,2.74,2.75,2.63,2.66,39096400.0,105560280.0
2016-02-01,000100.SZ,2.62,2.67,2.6,2.66,84117300.0,222069672.0
2016-02-02,000166.SZ,4.94,5.11,4.93,5.05,35102600.0,175337487.0
2016-02-02,000100.SZ,2.65,2.72,2.64,2.7,93158800.0,249199789.99999997
2016-02-02,000157.SZ,2.67,2.73,2.67,2.71,33747700.0,90781313.0
2016-02-03,000166.SZ,5.01,5.05,4.94,5.04,23775300.0,119470882.50000001
2016-02-03,000100.SZ,2.67,2.7,2.64,2.69,75196700.0,201527155.99999997
2016-02-03,000157.SZ,2.68,2.7,2.65,2.7,25450400.0,68461576.00000001
2016-02-04,000166.SZ,5.05,5.14,5.05,5.1,34314500.0,174146087.49999997
2016-02-04,000157.SZ,2.69,2.77,2.69,2.72,37530700.0,101520543.5
2016-02-04,000100.SZ,2.69,2.72,2.69,2.7,72148600.0,194440477.00000003
2016-02-05,000166.SZ,5.08,5.08,5.0,5.0,26873500.0,135442440.0
2016-02-05,000100.SZ,2.71,2.72,2.7,2.71,59832300.0,162145533.0
2016-02-05,000157.SZ,2.73,2.78,2.72,2.74,30433300.0,83235075.50000001
2016-02-15,000166.SZ,4.81,4.96,4.81,4.92,20874600.0,101554929.0
2016-02-15,000100.SZ,2.62,2.71,2.62,2.68,48634800.0,128882220.00000001
2016-02-15,000157.SZ,2.67,2.7,2.63,2.68,36854800.0,98586590.0
2016-02-16,000100.SZ,2.71,2.87,2.71,2.8,124456000.0,342876280.0
2016-02-16,000157.SZ,2.69,2.79,2.68,2.77,47766000.0,130401180.0
2016-02-16,000166.SZ,4.94,5.14,4.94,5.11,42719200.0,214663980.00000003
2016-02-17,000100.SZ,2.78,2.93,2.76,2.93,191200700.0,545877998.5
2016-02-17,000157.SZ,2.79,2.82,2.77,2.81,48036800.0,134503040.0
2016-02-17,000166.SZ,5.11,5.14,5.04,5.13,40481100.0,207263232.0
2016-02-18,000166.SZ,5.18,5.27,5.1,5.11,46788200.0,240725288.99999997
2016-02-18,000157.SZ,2.86,3.04,2.86,2.89,89346200.0,256870325.0
2016-02-18,000100.SZ,2.91,2.94,2.86,2.86,126415400.0,364708429.0
2016-02-19,000166.SZ,5.11,5.15,5.07,5.12,29643000.0,151623945.0
2016-02-19,000100.SZ,2.86,2.91,2.85,2.89,99795000.0,286910625.0
2016-02-19,000157.SZ,2.86,2.88,2.83,2.86,39505000.0,112984300.0
2016-02-22,000166.SZ,5.19,5.35,5.14,5.27,67190900.0,351408407.0
2016-02-22,000157.SZ,2.88,2.95,2.87,2.91,47226100.0,136719559.5
2016-02-22,000100.SZ,2.94,2.99,2.88,2.99,200326600.0,593968369.0
2016-02-23,000100.SZ,2.98,2.98,2.87,2.9,165561000.0,486749340.0
2016-02-23,000157.SZ,2.91,2.93,2.84,2.86,41169000.0,118772564.99999999
2016-02-23,000166.SZ,5.25,5.27,5.13,5.2,46866000.0,244874849.99999997
2016-02-24,000157.SZ,2.86,2.89,2.84,2.88,35219200.0,101079104.0
2016-02-24,000100.SZ,2.91,2.91,2.83,2.88,102047600.0,295427802.0
2016-02-24,000166.SZ,5.17,5.24,5.12,5.24,40678100.0,211729510.5
2016-02-25,000100.SZ,2.87,2.88,2.64,2.67,178217000.0,493661090.0
2016-02-25,000157.SZ,2.88,2.89,2.62,2.67,61865300.0,171676207.5
2016-02-25,000166.SZ,5.22,5.22,4.73,4.81,60155600.0,301680334.0
2016-02-26,000157.SZ,2.7,2.71,2.64,2.68,39021100.0,104966759.00000001
2016-02-26,000100.SZ,2.83,2.94,2.78,2.86,275420400.0,783571037.9999999
2016-02-26,000166.SZ,4.88,4.91,4.76,4.87,37166900.0,181188637.5
2016-02-29,000166.SZ,4.86,4.86,4.52,4.64,44528900.0,211512275.0
2016-02-29,000157.SZ,2.68,2.68,2.56,2.6,46404800.0,122508672.0
2016-02-29,000100.SZ,2.76,2.8,2.62,2.71,171860400.0,470038194.0
2016-03-01,000157.SZ,2.63,2.67,2.6,2.65,37498500.0,98996039.99999999
2016-03-01,000100.SZ,2.71,2.79,2.67,2.76,106191000.0,290432385.0
2016-03-01,000166.SZ,4.69,4.92,4.62,4.81,45250900.0,214941775.0
2016-03-02,000100.SZ,2.75,2.92,2.74,2.9,171024200.0,483143365.00000006
2016-03-02,000157.SZ,2.65,2.81,2.64,2.79,85736100.0,233202191.99999997
2016-03-02,000166.SZ,4.85,5.09,4.8,5.04,60776100.0,300537814.5
2016-03-03,000166.SZ,5.04,5.09,4.98,5.0,51833900.0,260206177.99999997
2016-03-03,000100.SZ,2.88,2.93,2.86,2.86,132108400.0,379151108.0
2016-03-03,000157.SZ,2.78,2.87,2.78,2.8,66591900.0,185791401.0
2016-03-04,000157.SZ,2.79,2.98,2.77,2.85,127125100.0,358492782.00000006
2016-03-04,000100.SZ,2.84,2.9,2.8,2.86,176498900.0,503021864.99999994
2016-03-04,000166.SZ,4.97,5.24,4.97,5.1,94150000.0,474045250.0
2016-03-07,000100.SZ,2.88,2.91,2.86,2.87,80752000.0,232162000.0
2016-03-07,000166.SZ,5.12,5.27,5.12,5.19,60419400.0,311462007.0
2016-03-07,000157.SZ,2.88,2.95,2.85,2.88,62592500.0,180266400.0
2016-03-08,000157.SZ,2.88,2.89,2.77,2.85,57933900.0,165980623.5
2016-03-08,000100.SZ,2.86,2.88,2.77,2.86,93839200.0,268380112.0
2016-03-08,000166.SZ,5.15,5.17,4.96,5.12,55978400.0,287449084.0
2016-03-09,000166.SZ,5.02,5.09,4.94,4.97,49436100.0,246933319.49999997
2016-03-09,000100.SZ,2.83,2.83,2.78,2.79,66050400.0,185601624.0
2016-03-09,000157.SZ,2.81,2.81,2.78,2.79,25913400.0,72557520.0
2016-03-10,000157.SZ,2.81,2.82,2.77,2.78,25463900.0,71171600.5
2016-03-10,000100.SZ,2.8,2.83,2.76,2.77,50664000.0,141099240.0
2016-03-10,000166.SZ,4.98,5.02,4.86,4.87,35579900.0,175231007.50000003
2016-03-11,000157.SZ,2.77,2.79,2.74,2.78,26610100.0,73843027.5
2016-03-11,000166.SZ,4.82,4.96,4.79,4.89,33086500.0,160634957.5
2016-03-11,000100.SZ,2.76,2.79,2.73,2.77,39741000.0,109883864.99999999
2016-03-14,000100.SZ,2.79,2.86,2.78,2.83,83462800.0,234530468.0
2016-03-14,000166.SZ,4.95,5.12,4.91,5.04,58532600.0,292370337.0
2016-03-14,000157.SZ,2.82,2.89,2.82,2.85,45220000.0,128198700.0
2016-03-15,000166.SZ,5.02,5.05,4.97,5.0,29489000.0,147739890.0
2016-03-15,000157.SZ,2.86,2.89,2.83,2.86,34646500.0,99088990.0
2016-03-15,000100.SZ,2.82,2.83,2.79,2.8,54755500.0,153862954.99999997
2016-03-16,000100.SZ,2.8,2.83,2.77,2.78,52440000.0,146307600.0
2016-03-16,000157.SZ,2.88,2.88,2.79,2.82,29522100.0,84137984.99999999
2016-03-16,000166.SZ,5.02,5.06,4.95,4.97,33925100.0,169455874.49999997
2016-03-17,000100.SZ,2.79,2.84,2.78,2.83,75262000.0,211486220.0
2016-03-17,000157.SZ,2.82,2.89,2.81,2.87,38521500.0,109593667.49999999
2016-03-17,000166.SZ,5.0,5.14,4.99,5.09,54309900.0,273993445.5
2016-03-18,000166.SZ,5.07,5.3,5.07,5.24,116657400.0,601368897.0
2016-03-18,000100.SZ,2.83,2.9,2.81,2.87,182473400.0,520049190.0
2016-03-18,000157.SZ,2.88,2.93,2.86,2.91,73615100.0,213115714.5
2016-03-21,000166.SZ,5.37,5.76,5.37,5.76,233867400.0,1301472081.0
2016-03-21,000157.SZ,2.94,3.02,2.91,2.98,92039400.0,272436624.0
2016-03-21,000100.SZ,2.88,2.93,2.86,2.9,232466000.0,671826739.9999999
2016-03-22,000166.SZ,5.72,5.77,5.58,5.6,117748000.0,666453680.0
2016-03-22,000157.SZ,2.95,2.98,2.91,2.92,60897200.0,178733282.0
2016-03-22,000100.SZ,2.88,2.88,2.86,2.87,88542400.0,254559400.0
2016-03-23,000100.SZ,2.86,2.87,2.83,2.86,86640400.0,247791544.0
2016-03-23,000157.SZ,2.91,2.96,2.91,2.93,43913500.0,128227420.0
2016-03-23,000166.SZ,5.59,5.73,5.54,5.7,76431100.0,431453559.49999994
2016-03-24,000166.SZ,5.62,5.62,5.47,5.48,63641700.0,353211435.00000006
2016-03-24,000157.SZ,2.91,2.92,2.84,2.85,47527100.0,136878048.0
2016-03-24,000100.SZ,2.84,2.84,2.79,2.8,117539400.0,331461108.0
2016-03-25,000157.SZ,2.85,2.88,2.85,2.88,22418700.0,64229575.50000001
2016-03-25,000100.SZ,2.77,2.83,2.77,2.8,73298000.0,204134930.0
2016-03-25,000166.SZ,5.48,5.59,5.47,5.54,36309400.0,200064794.0
2016-03-28,000166.SZ,5.52,5.64,5.37,5.41,48366200.0,264321283.0
2016-03-28,000157.SZ,2.89,2.9,2.84,2.86,33086500.0,95123687.5
2016-03-28,000100.SZ,2.8,2.83,2.77,2.78,73236500.0,204329835.0
2016-03-29,000157.SZ,2.86,2.87,2.81,2.82,24523600.0,69647024.0
2016-03-29,000166.SZ,5.43,5.49,5.34,5.38,45137900.0,243970349.49999997
2016-03-29,000100.SZ,2.78,2.78,2.71,2.73,75733100.0,208644690.5
2016-03-30,000157.SZ,2.84,2.93,2.84,2.93,57326400.0,165386664.0
2016-03-30,000166.SZ,5.46,5.55,5.42,5.54,57345500.0,315400250.0
2016-03-30,000100.SZ,2.75,2.8,2.75,2.79,73987600.0,204945652.0
2016-03-31,000157.SZ,2.93,2.95,2.91,2.92,42835500.0,125293837.49999999
2016-03-31,000166.SZ,5.57,5.67,5.51,5.55,56277600.0,312903456.0
2016-03-31,000100.SZ,2.8,2.81,2.77,2.78,67355500.0,187921845.0
2016-04-01,000166.SZ,5.55,5.59,5.41,5.52,37824900.0,209360821.5
2016-04-01,000157.SZ,2.91,2.94,2.88,2.94,36721400.0,107410095.0
2016-04-01,000100.SZ,2.78,2.78,2.73,2.76,62557600.0,173284551.99999997
2016-04-05,000166.SZ,5.47,5.65,5.47,5.6,51891500.0,287219452.5
2016-04-05,000100.SZ,2.76,2.85,2.75,2.83,104380700.0,291744056.5
2016-04-05,000157.SZ,2.93,2.98,2.88,2.97,75868600.0,223812370.0
2016-04-06,000100.SZ,2.81,2.82,2.78,2.8,61460400.0,172396421.99999997
2016-04-06,000157.SZ,2.96,2.97,2.93,2.95,46397600.0,137104908.0
2016-04-06,000166.SZ,5.59,5.62,5.53,5.57,37309300.0,208185894.0
2016-04-07,000157.SZ,2.96,2.97,2.9,2.9,36920700.0,108177650.99999999
2016-04-07,000100.SZ,2.81,2.81,2.77,2.78,59034200.0,165000589.0
2016-04-07,000166.SZ,5.59,5.62,5.47,5.48,36821000.0,203804235.0
2016-04-08,000166.SZ,5.44,5.46,5.35,5.42,32170000.0,174683100.0
2016-04-08,000100.SZ,2.77,2.77,2.73,2.75,53105800.0,146572008.0
2016-04-08,000157.SZ,2.89,2.9,2.85,2.88,32849000.0,94769365.0
2016-04-11,000157.SZ,2.9,3.02,2.9,2.98,82452300.0,242409762.0
2016-04-11,000100.SZ,2.74,2.78,2.74,2.76,81388100.0,223817275.0
2016-04-11,000166.SZ,5.59,5.69,5.54,5.55,65938200.0,367275774.0
2016-04-12,000166.SZ,5.5,5.52,5.44,5.49,34533100.0,189759384.5
2016-04-12,000100.SZ,2.76,2.76,2.72,2.73,68237700.0,187312486.5
2016-04-12,000157.SZ,2.98,3.0,2.94,2.96,38050900.0,113011172.99999999
2016-04-13,000166.SZ,5.52,5.71,5.52,5.61,93581000.0,520778264.99999994
2016-04-13,000100.SZ,2.75,2.81,2.74,2.78,137585500.0,380423907.49999994
2016-04-13,000157.SZ,2.97,3.13,2.97,3.03,118453400.0,355360200.0
2016-04-14,000157.SZ,3.04,3.06,3.01,3.05,42619600.0,129776682.0
2016-04-14,000100.SZ,2.78,2.8,2.75,2.78,93811000.0,260794579.99999997
2016-04-14,000166.SZ,5.64,5.66,5.56,5.62,38181200.0,214960156.0
2016-04-15,000166.SZ,5.63,5.63,5.54,5.57,32051900.0,179490640.0
2016-04-15,000157.SZ,3.03,3.05,2.98,3.0,71664300.0,216067864.49999997
2016-04-15,000100.SZ,2.78,2.78,2.75,2.77,44596300.0,123754732.5
2016-04-18,000100.SZ,2.76,2.76,2.72,2.73,59749500.0,164012377.5
2016-04-18,000166.SZ,5.5,5.52,5.42,5.44,32254100.0,176429927.00000003
2016-04-18,000157.SZ,2.97,2.98,2.89,2.91,70805000.0,208166700.00000003
2016-04-19,000166.SZ,5.47,5.5,5.4,5.46,24299300.0,132795674.5
2016-04-19,000157.SZ,2.93,2.93,2.89,2.92,37729700.0,110359372.5
2016-04-19,000100.SZ,2.74,2.75,2.72,2.74,36347900.0,99593246.00000001
2016-04-20,000166.SZ,5.48,5.49,5.09,5.23,56212300.0,301016866.5
2016-04-20,000157.SZ,2.93,2.93,2.75,2.82,80131900.0,230379212.5
2016-04-20,000100.SZ,2.74,2.75,2.6,2.66,117172900.0,316366830.0
2016-04-21,000166.SZ,5.19,5.27,5.16,5.17,28126400.0,145694752.0
2016-04-21,000157.SZ,2.8,2.84,2.78,2.8,38842800.0,108759840.0
2016-04-21,000100.SZ,2.64,2.65,2.61,2.63,59922000.0,157894470.0
2016-04-22,000166.SZ,5.13,5.2,5.11,5.19,21639200.0,111658272.0
2016-04-22,000100.SZ,2.62,2.62,2.58,2.62,58355500.0,152891410.0
2016-04-22,000157.SZ,2.79,2.81,2.78,2.81,26027600.0,72877280.0
2016-04-25,000166.SZ,5.15,5.17,5.09,5.14,18092900.0,93087970.49999999
2016-04-25,000157.SZ,2.8,2.81,2.76,2.79,19132800.0,53476176.0
2016-04-25,000100.SZ,2.62,2.62,2.58,2.6,35028100.0,91423341.00000001
2016-04-26,000157.SZ,2.79,2.81,2.77,2.8,20004100.0,55911459.5
2016-04-26,000166.SZ,5.16,5.21,5.14,5.2,18450600.0,95574108.0
2016-04-26,000100.SZ,2.61,2.62,2.6,2.62,42775000.0,111856625.00000001
2016-04-27,000100.SZ,2.63,2.63,2.6,2.61,45678900.0,119678718.0
2016-04-27,000157.SZ,2.8,2.81,2.77,2.78,21438100.0,59812299.0
2016-04-27,000166.SZ,5.28,5.35,5.22,5.25,39264600.0,206728119.00000003
2016-04-28,000100.SZ,2.61,2.62,2.54,2.57,51121100.0,132403649.0
2016-04-28,000157.SZ,2.78,2.79,2.72,2.75,34171500.0,94484197.49999999
2016-04-28,000166.SZ,5.25,5.34,5.18,5.27,42692700.0,224563602.0
2016-04-29,000166.SZ,5.24,5.3,5.21,5.24,28646300.0,150106612.0
2016-04-29,000157.SZ,2.75,2.76,2.71,2.72,45622000.0,124776170.00000001
2016-04-29,000100.SZ,2.56,2.58,2.53,2.56,31877500.0,81606400.0
2016-05-03,000157.SZ,2.72,2.78,2.71,2.77,36035300.0,98916898.5
2016-05-03,000100.SZ,2.56,2.68,2.55,2.66,92410100.0,241190361.00000003
2016-05-03,000166.SZ,5.24,5.37,5.22,5.34,51862800.0,274354212.0
2016-05-04,000157.SZ,2.76,2.79,2.75,2.77,26888500.0,74346702.49999999
2016-05-04,000100.SZ,2.65,2.66,2.63,2.65,65765600.0,174278840.0
2016-05-04,000166.SZ,5.3,5.34,5.24,5.3,34752700.0,184189310.0
2016-05-05,000166.SZ,5.29,5.31,5.25,5.29,25348300.0,134092507.0
2016-05-05,000157.SZ,2.77,2.78,2.75,2.77,25373800.0,70285426.0
2016-05-05,000100.SZ,2.65,2.66,2.62,2.64,32188900.0,85139640.5
2016-05-06,000100.SZ,2.64,2.66,2.56,2.57,65358100.0,170257850.5
2016-05-06,000157.SZ,2.77,2.77,2.7,2.71,33468400.0,91703416.0
2016-05-06,000166.SZ,5.29,5.32,5.11,5.12,40005900.0,208230709.5
2016-05-09,000100.SZ,2.56,2.56,2.49,2.5,67136900.0,169856357.00000003
2016-05-09,000166.SZ,5.07,5.09,4.96,4.99,33463800.0,168322914.0
2016-05-09,000157.SZ,2.7,2.7,2.61,2.62,44957600.0,119587216.0
2016-05-10,000157.SZ,2.62,2.64,2.59,2.62,30230200.0,79203124.0
2016-05-10,000166.SZ,4.99,5.05,4.94,4.99,29523200.0,147320768.0
2016-05-10,000100.SZ,2.5,2.52,2.48,2.48,52865500.0,131635095.00000001
2016-05-11,000166.SZ,5.03,5.04,4.94,4.97,21364200.0,106821000.0
2016-05-11,000100.SZ,2.5,2.54,2.48,2.51,71223000.0,178413615.0
2016-05-11,000157.SZ,2.63,2.65,2.61,2.62,23982800.0,62954850.0
2016-05-12,000157.SZ,2.59,2.62,2.57,2.61,28354300.0,73721179.99999999
2016-05-12,000166.SZ,4.93,5.04,4.87,5.03,30645900.0,152616582.0
2016-05-12,000100.SZ,2.49,2.51,2.47,2.5,51985900.0,129704820.5
2016-05-13,000100.SZ,2.5,2.52,2.48,2.5,34603200.0,86508000.0
2016-05-13,000166.SZ,5.0,5.09,5.0,5.03,27668900.0,138759533.50000003
2016-05-13,000157.SZ,2.61,2.66,2.6,2.62,24038300.0,62860154.50000001
2016-05-16,000157.SZ,2.61,2.63,2.58,2.63,21526000.0,56398120.0
2016-05-16,000166.SZ,5.0,5.04,4.96,5.04,21333100.0,107092161.99999999
2016-05-16,000100.SZ,2.5,2.51,2.48,2.51,32703500.0,81922267.5
2016-05-17,000166.SZ,5.05,5.09,4.98,5.03,22747200.0,114645888.0
2016-05-17,000100.SZ,2.51,2.52,2.48,2.5,29414300.0,73682821.5
2016-05-17,000157.SZ,2.63,2.64,2.6,2.61,21073600.0,55212832.0
2016-05-18,000157.SZ,2.61,2.61,2.56,2.58,35242500.0,91454287.49999999
2016-05-18,000100.SZ,2.49,2.49,2.41,2.45,65831000.0,162602570.0
2016-05-18,000166.SZ,4.99,5.04,4.92,5.04,30751400.0,154218271.00000003
2016-05-19,000100.SZ,2.45,2.49,2.44,2.45,29782500.0,72967125.0
2016-05-19,000166.SZ,4.99,5.05,4.99,5.01,17062700.0,85313500.0
2016-05-19,000157.SZ,2.58,2.6,2.57,2.58,21921900.0,56558502.0
2016-05-20,000100.SZ,2.45,2.46,2.43,2.46,33150900.0,81385459.5
2016-05-20,000157.SZ,2.57,2.59,2.55,2.58,18453800.0,47518535.0
2016-05-20,000166.SZ,4.99,5.05,4.97,5.05,19365000.0,97212299.99999999
2016-05-23,000100.SZ,2.46,2.48,2.45,2.46,24809100.0,61030386.0
2016-05-23,000166.SZ,5.03,5.07,5.02,5.04,20108300.0,101245290.5
2016-05-23,000157.SZ,2.59,2.6,2.58,2.6,17661800.0,45832370.99999999
2016-05-24,000157.SZ,2.6,2.6,2.58,2.58,18659600.0,48328364.0
2016-05-24,000166.SZ,5.04,5.05,4.98,4.99,13823900.0,69326858.50000001
2016-05-24,000100.SZ,2.46,2.51,2.45,2.5,68431600.0,169710368.0
2016-05-25,000166.SZ,5.01,5.06,4.99,4.99,18051500.0,90257500.0
2016-05-25,000100.SZ,2.49,2.5,2.45,2.46,47585800.0,117774855.0
2016-05-25,000157.SZ,2.58,2.62,2.58,2.59,21299800.0,55059983.0
2016-05-26,000157.SZ,2.59,2.6,2.56,2.6,20067700.0,52075681.49999999
2016-05-26,000100.SZ,2.46,2.47,2.42,2.45,39984500.0,98161947.5
2016-05-26,000166.SZ,4.97,5.02,4.92,5.0,17237200.0,85927441.99999999
2016-05-27,000100.SZ,2.45,2.55,2.43,2.52,111224200.0,276392137.00000006
2016-05-27,000166.SZ,4.99,5.01,4.96,4.98,14500500.0,72284992.5
2016-05-27,000157.SZ,2.6,2.6,2.57,2.58,27871900.0,72188221.0
2016-05-30,000157.SZ,2.57,2.58,2.56,2.56,28955000.0,74269575.0
2016-05-30,000100.SZ,2.49,2.49,2.46,2.47,65100500.0,161449240.00000003
2016-05-30,000166.SZ,4.97,5.02,4.94,5.01,17421100.0,86931289.0
2016-05-31,000166.SZ,5.01,5.4,4.99,5.33,96349300.0,498125881.0
2016-05-31,000100.SZ,2.47,2.53,2.46,2.53,112746500.0,281866250.0
2016-05-31,000157.SZ,2.57,2.65,2.56,2.65,55478200.0,144798102.0
2016-06-01,000166.SZ,5.31,5.37,5.24,5.24,62066700.0,327401842.5
2016-06-01,000100.SZ,2.53,2.56,2.51,2.53,84392200.0,213512265.99999997
2016-06-01,000157.SZ,2.64,2.65,2.63,2.63,32067500.0,84497862.5
2016-06-02,000100.SZ,2.53,2.54,2.51,2.53,60716900.0,153613757.0
2016-06-02,000157.SZ,2.63,2.64,2.62,2.63,23009600.0,60515248.0
2016-06-02,000166.SZ,5.24,5.27,5.2,5.26,36452200.0,191374050.0
2016-06-03,000166.SZ,5.27,5.32,5.22,5.27,37169400.0,195882737.99999997
2016-06-03,000157.SZ,2.63,2.64,2.61,2.63,25988600.0,68350018.0
2016-06-03,000100.SZ,2.53,2.53,2.51,2.52,50039200.0,126348980.0
2016-06-06,000157.SZ,2.63,2.64,2.61,2.63,22913500.0,60262505.0
2016-06-06,000100.SZ,2.53,2.56,2.51,2.53,59876700.0,151488051.0
2016-06-06,000166.SZ,5.3,5.3,5.22,5.22,21731900.0,114309794.0
2016-06-07,000166.SZ,5.24,5.28,5.21,5.22,23293500.0,121825005.00000001
2016-06-07,000100.SZ,2.53,2.53,2.5,2.5,46503900.0,116957308.49999999
2016-06-07,000157.SZ,2.63,2.63,2.61,2.62,16810800.0,44128350.0
2016-06-08,000166.SZ,5.22,5.24,5.18,5.22,22568200.0,117806004.0
2016-06-08,000100.SZ,2.52,2.52,2.48,2.48,45416600.0,113541500.0
2016-06-08,000157.SZ,2.62,2.62,2.59,2.6,22228600.0,58016646.00000001
2016-06-13,000157.SZ,2.59,2.59,2.55,2.55,32478000.0,83468460.0
2016-06-13,000100.SZ,2.47,2.5,2.42,2.43,61253800.0,150071810.0
2016-06-13,000166.SZ,5.15,5.17,5.0,5.0,33300400.0,168999530.0
2016-06-14,000166.SZ,4.99,5.05,4.97,5.02,21732300.0,108770161.5
2016-06-14,000100.SZ,2.42,2.44,2.42,2.43,33897900.0,82202407.5
2016-06-14,000157.SZ,2.63,2.67,2.62,2.65,82297300.0,217264871.99999997
2016-06-15,000157.SZ,2.61,2.67,2.6,2.67,65933400.0,174064175.99999997
2016-06-15,000100.SZ,2.42,2.48,2.41,2.46,48537400.0,118431256.0
2016-06-15,000166.SZ,4.96,5.17,4.92,5.08,42975800.0,215738515.99999997
2016-06-16,000100.SZ,2.45,2.46,2.42,2.43,50921700.0,124248948.00000001
2016-06-16,000166.SZ,5.05,5.06,4.98,5.0,28199800.0,141703995.0
2016-06-16,000157.SZ,2.65,2.66,2.62,2.63,39559400.0,104436815.99999999
2016-06-17,000157.SZ,2.63,2.65,2.62,2.63,29919600.0,78688548.0
2016-06-17,000100.SZ,2.43,2.47,2.42,2.44,62078800.0,151161878.0
2016-06-17,000166.SZ,5.02,5.09,5.02,5.04,26627500.0,133936324.99999999
2016-06-20,000157.SZ,2.63,2.63,2.59,2.6,24634200.0,64418433.00000001
2016-06-20,000166.SZ,5.04,5.07,5.0,5.05,17415100.0,87859179.5
2016-06-20,000100.SZ,2.44,2.53,2.42,2.5,104237000.0,257465389.99999997
2016-06-21,000166.SZ,5.06,5.3,5.06,5.1,57506800.0,292134544.0
2016-06-21,000100.SZ,2.49,2.49,2.45,2.45,72618000.0,179366460.0
2016-06-21,000157.SZ,2.61,2.62,2.59,2.59,26730200.0,69498519.99999999
2016-06-22,000157.SZ,2.6,2.61,2.59,2.61,17624800.0,45912604.0
2016-06-22,000100.SZ,2.45,2.48,2.45,2.48,41052800.0,101195152.0
2016-06-22,000166.SZ,5.09,5.15,5.05,5.15,29587700.0,151489024.0
2016-06-23,000166.SZ,5.15,5.15,5.07,5.12,21989900.0,112918136.5
2016-06-23,000100.SZ,2.46,2.47,2.44,2.45,40075500.0,98385352.5
2016-06-23,000157.SZ,2.6,2.61,2.59,2.6,19233700.0,50007620.0
2016-06-24,000157.SZ,2.6,2.61,2.56,2.58,30933700.0,80118283.0
2016-06-24,000100.SZ,2.45,2.46,2.39,2.42,63388900.0,154351971.5
2016-06-24,000166.SZ,5.11,5.18,4.94,5.04,45886800.0,232875510.0
2016-06-27,000166.SZ,5.01,5.11,4.99,5.09,35313200.0,178331660.0
2016-06-27,000100.SZ,2.41,2.45,2.4,2.43,51362200.0,124296524.0
2016-06-27,000157.SZ,2.57,2.6,2.56,2.6,21912000.0,56642520.0
2016-06-28,000157.SZ,2.6,2.61,2.58,2.61,24931500.0,64946557.5
2016-06-28,000100.SZ,2.43,2.45,2.42,2.44,46196000.0,112487260.0
2016-06-28,000166.SZ,5.08,5.19,5.05,5.14,47532000.0,242888519.99999997
2016-06-29,000157.SZ,2.61,2.66,2.61,2.63,38674200.0,101326404.0
2016-06-29,000100.SZ,2.45,2.48,2.44,2.45,59269300.0,145209785.0
2016-06-29,000166.SZ,5.17,5.2,5.14,5.15,46618400.0,240550944.0
2016-06-30,000157.SZ,2.63,2.63,2.61,2.63,24618800.0,64747444.0
2016-06-30,000100.SZ,2.46,2.46,2.44,2.45,38241900.0,93883864.5
2016-06-30,000166.SZ,5.2,5.29,5.18,5.25,62138400.0,324673140.0
2016-07-01,000100.SZ,2.45,2.46,2.44,2.44,38466400.0,94050348.00000001
2016-07-01,000166.SZ,5.27,5.27,5.2,5.24,38373100.0,201650640.5
2016-07-01,000157.SZ,2.62,2.64,2.61,2.62,21310700.0,55834034.0
2016-07-04,000166.SZ,5.24,5.46,5.2,5.4,77207900.0,410746028.0
2016-07-04,000157.SZ,2.61,2.66,2.61,2.65,47711100.0,125480193.0
2016-07-04,000100.SZ,2.44,2.48,2.43,2.48,94764900.0,233121654.0
2016-07-05,000100.SZ,2.47,2.5,2.47,2.49,69930300.0,173427144.00000003
2016-07-05,000157.SZ,2.65,2.75,2.65,2.69,85869800.0,229272366.0
2016-07-05,000166.SZ,5.38,5.54,5.37,5.49,80460200.0,437301187.00000006
2016-07-06,000157.SZ,2.68,2.68,2.65,2.67,39127300.0,104665527.5
2016-07-06,000166.SZ,5.49,5.49,5.36,5.43,86955000.0,474774300.0
2016-07-06,000100.SZ,2.48,2.51,2.47,2.5,88288200.0,219837618.00000003
2016-07-07,000100.SZ,2.5,2.51,2.48,2.5,64267700.0,160669250.0
2016-07-07,000166.SZ,5.4,5.47,5.36,5.44,53285700.0,288808494.0
2016-07-07,000157.SZ,2.67,2.68,2.66,2.68,28590000.0,76478250.0
2016-07-08,000157.SZ,2.68,2.68,2.66,2.67,21541300.0,57622977.49999999
2016-07-08,000100.SZ,2.5,2.5,2.48,2.49,55655100.0,138859474.5
2016-07-08,000166.SZ,5.43,5.49,5.39,5.43,48566700.0,263717181.0
2016-07-11,000166.SZ,5.43,5.55,5.42,5.42,55072200.0,298766685.0
2016-07-11,000100.SZ,2.5,2.71,2.5,2.59,256742400.0,653409408.0
2016-07-11,000157.SZ,2.67,2.7,2.67,2.67,35065700.0,93625419.0
2016-07-12,000100.SZ,2.58,2.68,2.56,2.66,175407000.0,459566340.0
2016-07-12,000166.SZ,5.42,5.53,5.31,5.51,96536500.0,527571972.5
2016-07-12,000157.SZ,2.67,2.72,2.67,2.71,52715300.0,141804157.0
2016-07-13,000166.SZ,5.51,5.62,5.47,5.52,86280900.0,475839163.5
2016-07-13,000100.SZ,2.67,2.69,2.63,2.64,96573100.0,256401580.50000003
2016-07-13,000157.SZ,2.7,2.74,2.7,2.73,64636300.0,175487554.5
2016-07-14,000100.SZ,2.64,2.65,2.58,2.6,103022500.0,269918950.0
2016-07-14,000166.SZ,5.49,5.53,5.47,5.5,45620100.0,250682449.5
2016-07-14,000157.SZ,2.73,2.74,2.7,2.72,27911400.0,76058565.0
2016-07-15,000157.SZ,2.71,2.73,2.7,2.71,36517200.0,98961612.0
2016-07-15,000100.SZ,2.59,2.61,2.58,2.59,78406600.0,203073094.0
2016-07-15,000166.SZ,5.5,5.52,5.46,5.48,36065600.0,198000144.0
2016-07-18,000100.SZ,2.59,2.59,2.56,2.58,51998000.0,134414830.0
2016-07-18,000157.SZ,2.7,2.7,2.67,2.68,31918600.0,85861034.00000001
2016-07-18,000166.SZ,5.48,5.49,5.41,5.44,46283800.0,252709548.00000003
2016-07-19,000166.SZ,5.44,5.51,5.43,5.48,38733700.0,211486002.00000003
2016-07-19,000100.SZ,2.59,2.59,2.53,2.57,50151200.0,129390096.0
2016-07-19,000157.SZ,2.68,2.7,2.67,2.68,22208200.0,59517976.0
2016-07-20,000166.SZ,5.48,5.5,5.46,5.48,33450800.0,183310384.0
2016-07-20,000157.SZ,2.69,2.7,2.68,2.68,24244900.0,65097556.5
2016-07-20,000100.SZ,2.57,2.64,2.56,2.62,90837600.0,235723571.99999997
2016-07-21,000100.SZ,2.68,2.72,2.64,2.65,123658100.0,329548836.5
2016-07-21,000166.SZ,5.48,5.54,5.47,5.5,50118500.0,275150565.0
2016-07-21,000157.SZ,2.69,2.71,2.68,2.69,22999400.0,61868386.0
2016-07-22,000166.SZ,5.48,5.51,5.42,5.43,34350500.0,187381977.5
2016-07-22,000157.SZ,2.68,2.7,2.67,2.68,19915000.0,53372200.0
2016-07-22,000100.SZ,2.64,2.68,2.62,2.62,58373500.0,153522305.0
2016-07-25,000100.SZ,2.62,2.7,2.62,2.65,84174100.0,221798753.49999997
2016-07-25,000157.SZ,2.68,2.7,2.67,2.7,21191000.0,57003790.00000001
2016-07-25,000166.SZ,5.44,5.47,5.41,5.44,25347000.0,137887680.0
2016-07-26,000100.SZ,2.65,2.69,2.63,2.68,68963700.0,183788260.5
2016-07-26,000166.SZ,5.44,5.51,5.43,5.51,38599200.0,211330620.0
2016-07-26,000157.SZ,2.69,2.71,2.68,2.71,25965300.0,70106310.0
2016-07-27,000100.SZ,2.67,2.71,2.56,2.62,115432900.0,305320020.5
2016-07-27,000166.SZ,5.51,5.52,5.28,5.33,71012600.0,384888292.0
2016-07-27,000157.SZ,2.7,2.73,2.64,2.65,56683100.0,151627292.5
2016-07-28,000157.SZ,2.65,2.67,2.64,2.67,28435600.0,75638696.0
2016-07-28,000166.SZ,5.34,5.36,5.27,5.3,34973500.0,186059020.0
2016-07-28,000100.SZ,2.61,2.63,2.56,2.59,107000600.0,278201559.99999994
2016-07-29,000157.SZ,2.66,2.67,2.65,2.66,19300600.0,51339596.0
2016-07-29,000166.SZ,5.31,5.35,5.29,5.3,26089700.0,138405858.5
2016-07-29,000100.SZ,2.58,2.62,2.56,2.6,51239200.0,132709528.0
2016-08-01,000157.SZ,2.66,2.66,2.63,2.65,27819600.0,73861038.0
2016-08-01,000166.SZ,5.3,5.31,5.21,5.25,32068300.0,169160282.5
2016-08-01,000100.SZ,2.59,2.59,2.53,2.55,56028800.0,143994016.0
2016-08-02,000100.SZ,2.55,2.56,2.53,2.55,39511500.0,100754325.0
2016-08-02,000166.SZ,5.25,5.3,5.25,5.3,17089200.0,90145530.0
2016-08-02,000157.SZ,2.64,2.65,2.63,2.65,14368400.0,38004418.0
2016-08-03,000157.SZ,2.65,2.65,2.64,2.65,17468900.0,46292585.0
2016-08-03,000166.SZ,5.27,5.3,5.27,5.29,15110600.0,79783967.99999999
2016-08-03,000100.SZ,2.55,2.58,2.53,2.54,74633200.0,189941494.0
2016-08-04,000157.SZ,2.65,2.66,2.64,2.65,14534100.0,38515365.0
2016-08-04,000166.SZ,5.3,5.3,5.25,5.3,16300000.0,86390000.0
2016-08-05,000157.SZ,2.65,2.66,2.64,2.65,14809800.0,39245970.0
2016-08-05,000166.SZ,5.3,5.36,5.27,5.32,23983800.0,127353978.00000001
2016-08-08,000166.SZ,5.3,5.36,5.27,5.35,19124000.0,101835299.99999999
2016-08-08,000157.SZ,2.65,2.67,2.64,2.67,18295400.0,48665764.0
2016-08-09,000157.SZ,2.67,2.69,2.67,2.68,22188800.0,59355039.99999999
2016-08-09,000166.SZ,5.35,5.37,5.31,5.36,24864500.0,133149397.50000001
2016-08-10,000166.SZ,5.36,5.39,5.32,5.34,30236200.0,161763670.0
2016-08-10,000157.SZ,2.68,2.7,2.68,2.68,31948700.0,85622516.0
2016-08-11,000157.SZ,2.68,2.71,2.67,2.67,33412400.0,89378170.0
2016-08-11,000166.SZ,5.35,5.42,5.34,5.35,47849700.0,255995894.99999997
2016-08-12,000166.SZ,5.35,5.46,5.32,5.44,51874800.0,279864546.0
2016-08-12,000157.SZ,2.68,2.7,2.67,2.7,29678500.0,79835165.00000001
2016-08-15,000157.SZ,2.7,2.77,2.69,2.76,91107700.0,248724021.0
2016-08-15,000166.SZ,5.47,5.87,5.43,5.66,189232000.0,1053076079.9999999
2016-08-16,000166.SZ,5.65,5.7,5.6,5.66,86682000.0,490186710.0
2016-08-16,000157.SZ,2.76,2.82,2.75,2.77,95403800.0,263791506.99999997
2016-08-17,000157.SZ,2.78,2.81,2.75,2.77,48415300.0,134352457.5
2016-08-17,000166.SZ,5.7,5.87,5.66,5.67,98277800.0,558709293.0
2016-08-18,000166.SZ,5.64,5.71,5.56,5.6,77051800.0,433031115.99999994
2016-08-18,000157.SZ,2.75,2.79,2.75,2.77,36458900.0,100626563.99999999
2016-08-19,000157.SZ,2.77,2.81,2.74,2.81,56071300.0,156438927.0
2016-08-19,000166.SZ,5.59,5.65,5.56,5.62,39744600.0,222768483.00000003
2016-08-22,000166.SZ,5.61,5.65,5.57,5.57,38996800.0,217992112.0
2016-08-22,000157.SZ,2.81,2.87,2.77,2.85,97633300.0,276302239.0
2016-08-23,000157.SZ,2.84,2.85,2.82,2.84,55138900.0,156594476.0
2016-08-23,000166.SZ,5.57,5.62,5.56,5.6,31566000.0,176296110.0
2016-08-24,000166.SZ,5.6,5.62,5.56,5.57,24024800.0,134178508.0
2016-08-24,000157.SZ,2.84,2.84,2.79,2.81,35143500.0,99280387.5
2016-08-25,000157.SZ,2.79,2.81,2.77,2.8,38242500.0,106887787.5
2016-08-25,000166.SZ,5.56,5.61,5.5,5.56,35217800.0,195810968.0
2016-08-26,000166.SZ,5.57,5.59,5.53,5.54,25240300.0,140209866.5
2016-08-26,000157.SZ,2.81,2.82,2.79,2.81,38499500.0,108183595.0
2016-08-29,000157.SZ,2.8,2.83,2.79,2.8,22666700.0,63466759.99999999
2016-08-29,000166.SZ,5.57,5.58,5.51,5.53,21269900.0,118047945.00000001
2016-08-30,000166.SZ,5.53,5.58,5.52,5.54,30200600.0,167160321.0
2016-08-30,000157.SZ,2.79,2.81,2.79,2.79,20300300.0,56637837.0
2016-08-31,000157.SZ,2.79,2.8,2.76,2.78,31103700.0,86623804.5
2016-08-31,000166.SZ,5.54,5.59,5.51,5.57,27570600.0,153154683.0
2016-09-01,000166.SZ,5.56,5.57,5.48,5.48,29889200.0,164988384.0
2016-09-01,000157.SZ,2.77,2.78,2.76,2.76,18871600.0,52179973.99999999
2016-09-02,000157.SZ,2.76,2.77,2.75,2.76,18845300.0,52013027.99999999
2016-09-02,000166.SZ,5.49,5.6,5.48,5.52,32231100.0,177432205.5
2016-09-05,000166.SZ,5.54,5.6,5.52,5.54,31462900.0,174304466.0
2016-09-05,000157.SZ,2.77,2.83,2.77,2.8,37276700.0,103815609.5
2016-09-06,000157.SZ,2.82,2.93,2.81,2.89,127342700.0,363563408.5
2016-09-06,000166.SZ,5.54,5.58,5.49,5.56,31927500.0,177197625.0
2016-09-07,000157.SZ,2.88,3.09,2.88,3.01,217648100.0,640973654.5
2016-09-07,000166.SZ,5.56,5.59,5.54,5.56,29938200.0,166456392.0
2016-09-08,000166.SZ,5.55,5.55,5.51,5.54,21510200.0,119274059.0
2016-09-08,000157.SZ,2.99,3.04,2.96,2.99,75362900.0,225335071.00000003
2016-09-09,000157.SZ,2.99,3.08,2.98,3.0,85233100.0,255273134.5
2016-09-09,000166.SZ,5.54,5.55,5.49,5.49,26924300.0,148487514.50000003
2016-09-12,000166.SZ,5.44,5.44,5.3,5.31,51475500.0,276680812.5
2016-09-12,000157.SZ,2.94,3.03,2.91,2.96,86443700.0,255008915.00000003
2016-09-13,000157.SZ,2.98,3.04,2.91,2.96,53588100.0,159156657.0
2016-09-13,000166.SZ,5.33,5.35,5.3,5.31,25474500.0,135524340.0
2016-09-14,000157.SZ,2.95,2.96,2.91,2.94,34958900.0,102953960.50000001
2016-09-14,000166.SZ,5.3,5.31,5.27,5.29,23186000.0,122769870.0
2016-09-19,000166.SZ,5.29,5.32,5.29,5.3,22755700.0,120491431.5
2016-09-19,000157.SZ,2.93,3.02,2.93,3.0,51117600.0,151563684.0
2016-09-20,000157.SZ,2.98,3.01,2.94,2.95,32706700.0,96975365.5
2016-09-20,000166.SZ,5.3,5.3,5.28,5.29,14613500.0,77378482.5
2016-09-21,000166.SZ,5.29,5.34,5.27,5.3,28608500.0,151482007.5
2016-09-21,000157.SZ,2.96,3.04,2.95,3.0,56471600.0,168285368.0
2016-09-22,000157.SZ,3.0,3.04,2.99,3.0,32448200.0,97344600.0
2016-09-22,000166.SZ,5.34,5.38,5.31,5.35,39394000.0,210560930.0
2016-09-23,000166.SZ,5.36,5.36,5.31,5.33,17786300.0,95067773.50000001
2016-09-23,000157.SZ,3.0,3.07,2.99,3.06,70668900.0,214126767.00000003
2016-09-26,000157.SZ,3.04,3.16,3.04,3.05,85987700.0,261832546.5
2016-09-26,000166.SZ,5.32,5.36,5.25,5.25,40008500.0,211444922.5
2016-09-27,000166.SZ,5.25,5.3,5.24,5.3,22753600.0,120025240.00000001
2016-09-27,000157.SZ,3.03,3.14,3.02,3.13,80729500.0,248646860.0
2016-09-28,000157.SZ,3.1,3.12,3.07,3.08,32034400.0,98986296.0
2016-09-28,000166.SZ,5.29,5.32,5.27,5.3,16944100.0,89719009.5
2016-09-29,000166.SZ,5.31,5.4,5.29,5.33,41801900.0,222386108.0
2016-09-29,000157.SZ,3.08,3.1,3.03,3.04,33189000.0,101558340.0
2016-09-30,000157.SZ,3.06,3.08,3.04,3.05,27869100.0,85140100.49999999
2016-09-30,000166.SZ,5.31,5.38,5.3,5.36,22316800.0,119060128.0
2016-10-10,000166.SZ,5.4,5.5,5.39,5.5,53810400.0,293266680.0
2016-10-10,000157.SZ,3.06,3.08,2.98,3.02,67048500.0,203827440.0
2016-10-11,000157.SZ,3.02,3.04,3.0,3.02,34578100.0,104425862.0
2016-10-11,000166.SZ,5.5,5.51,5.43,5.49,30421000.0,167163395.0
2016-10-12,000166.SZ,5.47,5.49,5.45,5.47,17058100.0,93307807.0
2016-10-12,000157.SZ,3.02,3.02,2.97,2.98,34549700.0,103649100.0
2016-10-13,000157.SZ,3.0,3.02,2.96,2.99,48564900.0,145451875.5
2016-10-13,000166.SZ,5.47,5.52,5.44,5.48,28323600.0,155071710.0
2016-10-14,000166.SZ,5.48,5.51,5.44,5.5,24345100.0,133654599.0
2016-10-14,000157.SZ,2.98,3.0,2.94,2.98,38511300.0,114763674.0
2016-10-17,000157.SZ,2.98,2.98,2.94,2.96,41109600.0,122095511.99999999
2016-10-17,000166.SZ,5.5,5.51,5.41,5.42,24420400.0,133335384.0
2016-10-18,000166.SZ,5.42,5.54,5.41,5.52,44232300.0,241950681.0
2016-10-18,000157.SZ,2.95,3.04,2.95,3.04,66231200.0,198362444.0
2016-10-19,000157.SZ,3.03,3.04,2.98,2.98,43821600.0,131683908.0
2016-10-19,000166.SZ,5.52,5.54,5.46,5.48,26644700.0,146545850.0
2016-10-20,000157.SZ,2.99,3.0,2.95,2.96,40537000.0,120597575.0
2016-10-20,000166.SZ,5.47,5.49,5.44,5.46,20163500.0,110193527.5
2016-10-21,000157.SZ,2.96,3.07,2.94,3.0,97932900.0,291840042.0
2016-10-21,000166.SZ,5.46,5.54,5.44,5.48,34252200.0,187359534.00000003
2016-10-24,000166.SZ,5.48,5.63,5.47,5.56,83727100.0,462173591.99999994
2016-10-24,000157.SZ,3.0,3.06,2.98,3.02,58511300.0,176119013.0
2016-10-25,000166.SZ,5.56,5.57,5.52,5.54,34910600.0,193753830.0
2016-10-25,000157.SZ,3.02,3.05,2.99,3.01,40589800.0,122378246.99999999
2016-10-26,000157.SZ,3.01,3.02,2.96,2.98,36510800.0,109349846.0
2016-10-26,000166.SZ,5.56,5.58,5.49,5.52,33143900.0,183617205.99999997
2016-10-27,000166.SZ,5.51,5.52,5.47,5.49,23541000.0,129475500.0
2016-10-27,000157.SZ,2.98,2.98,2.95,2.97,24028100.0,71483597.5
2016-10-28,000157.SZ,2.97,3.0,2.94,2.95,30769300.0,91077128.0
2016-10-28,000166.SZ,5.51,5.63,5.5,5.54,71782400.0,396597760.0
2016-10-31,000166.SZ,5.53,5.55,5.46,5.53,28910500.0,159875065.0
2016-10-31,000157.SZ,2.95,3.02,2.92,3.01,57766200.0,172143276.0
2016-11-01,000157.SZ,3.0,3.0,2.98,2.98,23816500.0,71211335.0
2016-11-01,000166.SZ,5.53,5.6,5.49,5.55,36651900.0,203051526.0
2016-11-02,000166.SZ,5.54,5.6,5.5,5.51,33969700.0,187682592.5
2016-11-02,000157.SZ,2.98,3.0,2.95,2.96,25415100.0,75482847.0
2016-11-03,000157.SZ,2.94,2.99,2.94,2.96,35454300.0,104590185.0
2016-11-03,000166.SZ,5.48,5.69,5.48,5.62,110494300.0,613243365.0000001
2016-11-04,000166.SZ,5.62,5.69,5.58,5.6,61984900.0,347735288.99999994
2016-11-04,000157.SZ,2.96,3.0,2.96,2.98,39549100.0,117460826.99999999
2016-11-07,000157.SZ,2.97,3.0,2.97,2.98,24268600.0,72199085.0
2016-11-07,000166.SZ,5.6,5.62,5.57,5.59,33139000.0,185412705.0
2016-11-08,000166.SZ,5.61,5.65,5.58,5.6,39342600.0,220515273.00000003
2016-11-08,000157.SZ,2.99,3.0,2.97,2.99,30867800.0,92294722.0
2016-11-09,000157.SZ,2.99,3.03,2.97,3.0,64056500.0,191849217.5
2016-11-09,000166.SZ,5.6,5.61,5.47,5.51,50879100.0,282633400.5
2016-11-10,000157.SZ,3.04,3.2,3.04,3.14,140250000.0,433372500.0
2016-11-10,000166.SZ,5.56,5.65,5.54,5.58,57582000.0,320731740.0
2016-11-11,000166.SZ,5.6,5.86,5.58,5.78,154530000.0,879275699.9999999
2016-11-11,000157.SZ,3.14,3.24,3.11,3.18,113310500.0,358061180.0
2016-11-14,000157.SZ,3.17,3.33,3.15,3.25,131582400.0,422379504.0
2016-11-14,000166.SZ,5.78,5.97,5.75,5.84,155801500.0,905206715.0000001
2016-11-15,000166.SZ,5.85,5.97,5.84,5.96,137498900.0,811931004.4999999
2016-11-15,000157.SZ,3.25,3.26,3.16,3.19,85746700.0,276104374.0
2016-11-16,000157.SZ,3.17,3.19,3.13,3.17,47003700.0,149001729.0
2016-11-16,000166.SZ,5.96,5.96,5.83,5.92,95256400.0,565823016.0
2016-11-17,000157.SZ,3.16,3.21,3.13,3.19,41816700.0,132768022.5
2016-11-17,000166.SZ,5.88,6.16,5.81,6.07,177852800.0,1062670479.9999999
2016-11-18,000157.SZ,3.21,3.25,3.14,3.15,52516700.0,167003105.99999997
2016-11-18,000166.SZ,5.92,6.12,5.87,5.9,118748300.0,701802453.0
2016-11-21,000157.SZ,3.14,3.19,3.13,3.17,40022900.0,126272249.50000001
2016-11-21,000166.SZ,5.88,6.03,5.86,5.95,99886300.0,590827464.5
2016-11-22,000166.SZ,5.95,6.05,5.95,6.02,90627200.0,542403792.0
2016-11-22,000157.SZ,3.17,3.2,3.15,3.19,46978200.0,149390676.0
2016-11-23,000166.SZ,6.01,6.07,5.96,5.96,81368300.0,486989275.49999994
2016-11-23,000157.SZ,3.19,3.21,3.16,3.17,34892200.0,110957195.99999999
2016-11-24,000157.SZ,3.16,3.21,3.14,3.16,31610300.0,99888548.0
2016-11-24,000166.SZ,5.96,6.13,5.94,6.02,98016800.0,587120632.0
2016-11-25,000166.SZ,6.0,6.05,5.9,6.05,74919300.0,451388782.5
2016-11-25,000157.SZ,3.16,3.19,3.14,3.16,50652200.0,160060952.0
2016-11-28,000166.SZ,6.13,6.16,6.04,6.06,90240800.0,550017676.0
2016-11-28,000157.SZ,3.17,3.23,3.17,3.22,87340600.0,279053217.0
2016-11-29,000157.SZ,3.21,3.28,3.19,3.24,104920100.0,338367322.5
2016-11-29,000166.SZ,6.03,6.12,5.97,6.05,91399800.0,552054792.0
2016-11-30,000157.SZ,3.22,3.22,3.11,3.14,85437000.0,271689660.0
2016-11-30,000166.SZ,6.03,6.12,5.9,5.93,86526300.0,517427274.00000006
2016-12-01,000157.SZ,3.13,3.14,3.11,3.14,52863900.0,165728326.5
2016-12-01,000166.SZ,5.92,6.0,5.9,5.96,60011200.0,356466527.99999994
2016-12-02,000166.SZ,5.97,5.97,5.83,5.86,71904000.0,425312160.0
2016-12-02,000157.SZ,3.14,3.14,3.06,3.07,69533800.0,215902449.0
2016-12-05,000157.SZ,3.03,3.06,2.99,3.0,51435900.0,155079238.49999997
2016-12-05,000166.SZ,5.81,5.86,5.62,5.65,83412300.0,477952479.00000006
2016-12-06,000166.SZ,5.65,5.69,5.62,5.64,40334700.0,227689381.49999997
2016-12-06,000157.SZ,3.01,3.04,3.0,3.0,41120800.0,123568004.0
2016-12-07,000166.SZ,5.66,5.71,5.62,5.71,35790000.0,203466150.00000003
2016-12-07,000157.SZ,3.01,3.06,3.0,3.05,41927000.0,127038809.99999999
2016-12-08,000157.SZ,3.08,3.11,3.05,3.07,47252400.0,145301130.0
2016-12-08,000166.SZ,5.71,5.72,5.62,5.63,43401000.0,246083670.0
2016-12-09,000166.SZ,5.62,5.68,5.61,5.65,49114600.0,276760771.0
2016-12-09,000157.SZ,3.06,3.08,3.04,3.07,24193700.0,74153690.5
2016-12-12,000157.SZ,3.06,3.1,2.94,2.96,49123400.0,147861434.0
2016-12-12,000166.SZ,5.64,5.65,5.41,5.43,77210300.0,427359010.5
2016-12-13,000166.SZ,5.42,5.48,5.4,5.45,48032700.0,261057724.50000003
2016-12-13,000157.SZ,2.95,2.97,2.9,2.96,34420300.0,101711986.5
2016-12-14,000157.SZ,2.96,3.0,2.94,2.98,32926300.0,97791110.99999999
2016-12-14,000166.SZ,5.45,5.46,5.37,5.38,45397700.0,245828545.5
2016-12-15,000157.SZ,2.96,3.01,2.95,3.0,28822800.0,85891944.0
2016-12-15,000166.SZ,5.36,5.43,5.35,5.39,51966800.0,279321550.0
2016-12-16,000166.SZ,5.38,5.41,5.33,5.36,57747200.0,310102464.0
2016-12-16,000157.SZ,2.98,3.02,2.98,3.01,18047800.0,54053161.0
2016-12-19,000157.SZ,3.0,3.01,2.97,2.98,22434000.0,67077660.00000001
2016-12-19,000166.SZ,5.37,5.37,5.31,5.33,34860900.0,186505815.0
2016-12-19,000100.SZ,2.75,2.75,2.6,2.62,281772800.0,756559968.0
2016-12-20,000157.SZ,2.98,2.99,2.94,2.95,19428200.0,57604613.0
2016-12-20,000166.SZ,5.33,5.36,5.31,5.36,38738000.0,207054610.00000003
2016-12-20,000100.SZ,2.62,2.8,2.62,2.69,222056700.0,589560538.5
2016-12-21,000100.SZ,2.68,2.71,2.65,2.68,126054200.0,337825256.0
2016-12-21,000157.SZ,2.96,2.98,2.95,2.97,19584100.0,58066856.5
2016-12-22,000157.SZ,2.97,2.98,2.95,2.98,25090800.0,74645130.0
2016-12-22,000100.SZ,2.68,2.68,2.62,2.63,103414700.0,274566028.5
2016-12-23,000157.SZ,2.98,2.98,2.93,2.95,19527100.0,57897851.5
2016-12-23,000100.SZ,2.63,2.64,2.54,2.56,107933400.0,280087173.0
2016-12-26,000100.SZ,2.55,2.56,2.51,2.56,68090400.0,173970971.99999997
2016-12-26,000157.SZ,2.95,2.96,2.92,2.96,17254900.0,50988229.5
2016-12-27,000157.SZ,2.98,3.0,2.97,2.98,25774800.0,76808904.0
2016-12-27,000100.SZ,2.53,2.54,2.49,2.5,109702300.0,275901284.49999994
2016-12-28,000157.SZ,2.97,2.98,2.96,2.98,14550400.0,43287440.0
2016-12-28,000100.SZ,2.48,2.49,2.44,2.45,99392000.0,245001280.0
2016-12-29,000157.SZ,2.98,3.04,2.96,3.02,33947500.0,101842500.0
2016-12-29,000100.SZ,2.44,2.47,2.43,2.45,47359800.0,115794711.00000001
2016-12-30,000100.SZ,2.45,2.46,2.44,2.45,49107200.0,120312640.00000001
2016-12-30,000157.SZ,3.01,3.02,2.98,2.99,18762300.0,56286900.0
2017-01-03,000157.SZ,3.0,3.02,2.98,2.99,39280100.0,117643899.5
2017-01-03,000100.SZ,2.45,2.65,2.44,2.55,132680300.0,331700750.0
2017-01-04,000100.SZ,2.53,2.56,2.5,2.54,69736800.0,176782788.0
2017-01-04,000157.SZ,3.0,3.02,2.98,3.02,24294200.0,73125542.0
2017-01-05,000157.SZ,3.02,3.1,3.0,3.06,65356600.0,198684064.0
2017-01-05,000100.SZ,2.53,2.56,2.53,2.54,59602600.0,151092591.0
2017-01-06,000100.SZ,2.55,2.55,2.52,2.52,49089000.0,124440615.0
2017-01-06,000157.SZ,3.05,3.06,3.03,3.04,24078800.0,73319946.0
2017-01-09,000157.SZ,3.04,3.09,3.04,3.07,30744400.0,93924141.99999999
2017-01-09,000100.SZ,2.52,2.56,2.51,2.54,51665000.0,130712450.00000001
2017-01-10,000100.SZ,2.54,2.56,2.53,2.53,38039900.0,96431146.5
2017-01-10,000157.SZ,3.09,3.1,3.06,3.06,17544700.0,53949952.5
2017-01-11,000157.SZ,3.06,3.08,3.03,3.03,19244300.0,58598893.5
2017-01-11,000100.SZ,2.53,2.55,2.51,2.51,39156700.0,98674883.99999999
2017-01-12,000100.SZ,2.52,2.57,2.51,2.56,100096500.0,254245110.0
2017-01-12,000157.SZ,3.04,3.05,3.0,3.0,17961900.0,54244938.0
2017-01-13,000157.SZ,3.01,3.02,2.97,2.98,19832100.0,59397139.5
2017-01-13,000100.SZ,2.55,2.55,2.5,2.51,54431500.0,137711695.0
2017-01-16,000100.SZ,2.5,2.5,2.44,2.47,82927700.0,206075334.50000003
2017-01-16,000157.SZ,2.98,2.98,2.87,2.92,35110200.0,103575090.0
2017-01-17,000157.SZ,2.92,2.95,2.91,2.95,17167400.0,50386319.0
2017-01-17,000100.SZ,2.46,2.56,2.45,2.55,91511000.0,229235055.0
2017-01-18,000100.SZ,2.53,2.57,2.53,2.54,36325800.0,92085903.0
2017-01-18,000157.SZ,2.94,2.97,2.92,2.95,19876600.0,58536587.00000001
2017-01-19,000157.SZ,2.94,2.97,2.93,2.94,16117800.0,47386332.0
2017-01-19,000100.SZ,2.53,2.59,2.53,2.56,76224000.0,193990080.0
2017-01-20,000100.SZ,2.56,2.63,2.56,2.6,90792100.0,234243618.0
2017-01-20,000157.SZ,2.94,2.98,2.93,2.98,14651500.0,43368440.0
2017-01-23,000157.SZ,2.97,3.04,2.96,3.01,31934300.0,95483557.0
2017-01-23,000100.SZ,2.6,2.63,2.59,2.62,54884700.0,143249067.00000003
2017-01-24,000100.SZ,2.62,2.62,2.59,2.6,43837000.0,114414570.00000001
2017-01-24,000157.SZ,3.01,3.04,2.99,3.03,27476700.0,82979633.99999999
2017-01-25,000157.SZ,3.01,3.04,2.98,3.0,22056400.0,66279482.0
2017-01-25,000100.SZ,2.59,2.62,2.59,2.6,29242000.0,75882990.0
2017-01-26,000100.SZ,2.61,2.62,2.57,2.59,36215800.0,94161079.99999999
2017-01-26,000157.SZ,3.0,3.02,2.98,3.0,17461100.0,52383300.0
2017-01-26,000166.SZ,5.39,5.44,5.36,5.41,92589000.0,499980600.00000006
2017-02-03,000157.SZ,3.0,3.0,2.96,2.97,16981300.0,50689180.50000001
2017-02-03,000166.SZ,5.41,5.42,5.36,5.36,33377200.0,179736222.0
2017-02-03,000100.SZ,2.58,2.59,2.56,2.57,34277800.0,88265335.0
2017-02-06,000157.SZ,2.98,3.03,2.97,3.02,26242300.0,78726900.0
2017-02-06,000166.SZ,5.38,5.41,5.36,5.4,34427500.0,185564225.00000003
2017-02-06,000100.SZ,2.6,2.66,2.59,2.62,69393900.0,181118079.00000003
2017-02-07,000100.SZ,2.62,2.62,2.59,2.6,36574900.0,95460489.00000001
2017-02-07,000166.SZ,5.4,5.41,5.37,5.4,32860100.0,177444540.0
2017-02-07,000157.SZ,3.02,3.08,3.01,3.05,62339100.0,189199168.5
2017-02-08,000100.SZ,2.6,2.62,2.59,2.62,41072700.0,107199747.00000001
2017-02-08,000157.SZ,3.04,3.06,3.0,3.06,34122500.0,104073625.0
2017-02-08,000166.SZ,5.39,5.51,5.36,5.47,59166800.0,321275724.0
2017-02-09,000100.SZ,2.61,2.63,2.6,2.62,40921400.0,107009461.00000001
2017-02-09,000166.SZ,5.46,5.51,5.43,5.48,46484700.0,254271309.00000003
2017-02-09,000157.SZ,3.06,3.1,3.04,3.07,56674300.0,173706729.5
2017-02-10,000100.SZ,2.61,2.66,2.61,2.66,123719400.0,326000619.0
2017-02-10,000166.SZ,5.48,5.54,5.46,5.5,56847400.0,312092226.0
2017-02-10,000157.SZ,3.07,3.29,3.06,3.18,140655300.0,439547812.5
2017-02-13,000100.SZ,2.65,2.69,2.65,2.68,94227500.0,251116287.5
2017-02-13,000166.SZ,5.49,5.54,5.48,5.52,53594500.0,295037722.5
2017-02-13,000157.SZ,3.17,3.21,3.14,3.16,79187100.0,250627171.5
2017-02-14,000157.SZ,3.17,3.17,3.12,3.16,61906100.0,195932806.5
2017-02-14,000166.SZ,5.53,5.54,5.49,5.51,34845900.0,192349368.0
2017-02-14,000100.SZ,2.68,2.71,2.66,2.69,104583900.0,280807771.5
2017-02-15,000157.SZ,3.16,3.17,3.1,3.11,49397800.0,154862103.0
2017-02-15,000166.SZ,5.51,5.56,5.47,5.48,52974000.0,291092130.0
2017-02-15,000100.SZ,2.69,2.76,2.67,2.68,103394600.0,277614501.0
2017-02-16,000166.SZ,5.46,5.54,5.45,5.54,60546800.0,333007400.0
2017-02-16,000100.SZ,2.7,2.75,2.7,2.72,107023900.0,290034769.0
2017-02-16,000157.SZ,3.1,3.17,3.1,3.15,45128400.0,141026250.0
2017-02-17,000166.SZ,5.54,5.7,5.53,5.54,117690900.0,652007586.0
2017-02-17,000100.SZ,2.71,2.74,2.67,2.69,95155700.0,256920390.00000003
2017-02-17,000157.SZ,3.14,3.17,3.1,3.11,32481600.0,101505000.0
2017-02-20,000157.SZ,3.12,3.21,3.11,3.2,81254500.0,256764220.0
2017-02-20,000166.SZ,5.51,5.57,5.48,5.57,47567400.0,263523396.0
2017-02-20,000100.SZ,2.69,2.79,2.69,2.78,147122700.0,402380584.5
2017-02-21,000157.SZ,3.2,3.21,3.16,3.19,41768800.0,133451316.00000001
2017-02-21,000166.SZ,5.57,5.65,5.56,5.6,49802300.0,278145845.5
2017-02-21,000100.SZ,2.78,2.79,2.75,2.77,86182800.0,239157270.0
2017-02-22,000166.SZ,5.6,5.6,5.54,5.58,36867400.0,206088766.0
2017-02-22,000100.SZ,2.76,2.81,2.75,2.79,102621000.0,284773275.0
2017-02-22,000157.SZ,3.19,3.25,3.17,3.23,89515700.0,287345397.0
2017-02-23,000100.SZ,2.79,2.82,2.74,2.74,97097000.0,268473205.0
2017-02-23,000166.SZ,5.57,5.58,5.49,5.52,41151100.0,228182849.5
2017-02-23,000157.SZ,3.24,3.34,3.21,3.23,118901400.0,384646029.00000006
2017-02-24,000157.SZ,3.23,3.27,3.19,3.26,59908600.0,194403407.0
2017-02-24,000166.SZ,5.53,5.55,5.5,5.54,24222700.0,134072644.5
2017-02-24,000100.SZ,2.74,2.76,2.71,2.74,71743900.0,196578286.00000003
2017-02-27,000166.SZ,5.52,5.53,5.47,5.48,30399200.0,167195600.0
2017-02-27,000100.SZ,2.74,2.74,2.68,2.7,74493700.0,202622864.0
2017-02-27,000157.SZ,3.25,3.29,3.17,3.18,60295800.0,193850997.0
2017-02-28,000166.SZ,5.48,5.5,5.46,5.49,23676500.0,129865602.50000001
2017-02-28,000100.SZ,2.69,2.72,2.69,2.71,36585900.0,98781930.0
2017-02-28,000157.SZ,3.19,3.2,3.17,3.19,25010000.0,79781900.0
2017-03-01,000166.SZ,5.48,5.52,5.47,5.48,34763400.0,190503432.0
2017-03-01,000100.SZ,2.71,2.72,2.68,2.68,77968500.0,210125107.50000003
2017-03-01,000157.SZ,3.19,3.22,3.17,3.18,33738000.0,107455530.0
2017-03-02,000157.SZ,3.19,3.29,3.17,3.19,62017200.0,197834868.0
2017-03-02,000166.SZ,5.49,5.57,5.46,5.47,53274400.0,291943712.0
2017-03-02,000100.SZ,2.69,2.71,2.66,2.67,68370700.0,183233475.99999997
2017-03-03,000157.SZ,3.19,3.2,3.14,3.16,60047200.0,190649860.0
2017-03-03,000166.SZ,5.44,5.46,5.4,5.42,41106200.0,223206666.0
2017-03-03,000100.SZ,2.65,2.67,2.65,2.66,41480400.0,110130462.00000001
2017-03-06,000157.SZ,3.16,3.19,3.16,3.17,47635100.0,150765091.5
2017-03-06,000166.SZ,5.4,5.46,5.4,5.45,32698900.0,177391532.50000003
2017-03-06,000100.SZ,2.66,2.72,2.66,2.69,88692200.0,237251634.99999997
2017-03-07,000166.SZ,5.46,5.46,5.42,5.44,30150400.0,164319680.0
2017-03-07,000100.SZ,2.7,2.71,2.68,2.7,50196200.0,135529740.0
2017-03-07,000157.SZ,3.17,3.21,3.16,3.21,51824100.0,165318879.0
2017-03-08,000157.SZ,3.22,3.23,3.17,3.18,49772100.0,159270720.0
2017-03-08,000166.SZ,5.44,5.44,5.4,5.41,33310700.0,180710547.50000003
2017-03-08,000100.SZ,2.7,2.71,2.66,2.67,38553200.0,103515342.0
2017-03-09,000100.SZ,2.67,2.67,2.62,2.64,55423400.0,147149127.0
2017-03-09,000157.SZ,3.17,3.18,3.11,3.14,42974000.0,135582970.0
2017-03-09,000166.SZ,5.42,5.42,5.36,5.37,35464900.0,191333135.49999997
2017-03-10,000157.SZ,3.14,3.19,3.14,3.15,48220700.0,151654101.5
2017-03-10,000100.SZ,2.65,2.65,2.62,2.64,40023000.0,105860835.0
2017-03-10,000166.SZ,5.37,5.39,5.36,5.37,21437400.0,115118838.0
2017-03-13,000157.SZ,3.16,3.2,3.14,3.19,52849200.0,167796210.0
2017-03-13,000100.SZ,2.64,2.67,2.61,2.66,50323500.0,133357275.00000001
2017-03-13,000166.SZ,5.36,5.41,5.33,5.4,26493700.0,142536106.00000003
2017-03-14,000166.SZ,5.41,5.42,5.37,5.38,23375200.0,126109203.99999999
2017-03-14,000157.SZ,3.19,3.21,3.16,3.16,35869000.0,113884075.0
2017-03-14,000100.SZ,2.66,2.66,2.62,2.63,52800700.0,139657851.5
2017-03-15,000157.SZ,3.16,3.23,3.14,3.22,59686300.0,190399297.00000003
2017-03-15,000100.SZ,2.62,2.65,2.62,2.63,55205600.0,144914700.0
2017-03-15,000166.SZ,5.38,5.4,5.36,5.39,20692500.0,111429112.5
2017-03-16,000157.SZ,3.25,3.25,3.19,3.23,44751600.0,144995184.0
2017-03-16,000100.SZ,2.64,2.66,2.63,2.65,55597800.0,147056181.0
2017-03-16,000166.SZ,5.4,5.49,5.4,5.48,72235200.0,392959488.0
2017-03-17,000166.SZ,5.48,5.49,5.39,5.39,44822400.0,243609744.00000003
2017-03-17,000100.SZ,2.65,2.66,2.62,2.63,50685500.0,133809719.99999999
2017-03-17,000157.SZ,3.23,3.25,3.17,3.17,37510700.0,120034240.0
2017-03-20,000166.SZ,5.37,5.41,5.36,5.38,28717200.0,154354950.0
2017-03-20,000157.SZ,3.17,3.19,3.15,3.19,28065400.0,89247971.99999999
2017-03-20,000100.SZ,2.63,2.64,2.61,2.63,34742100.0,91371723.0
2017-03-21,000100.SZ,2.62,2.65,2.62,2.65,40356600.0,106339640.99999999
2017-03-21,000166.SZ,5.37,5.4,5.36,5.36,30125800.0,161624917.0
2017-03-21,000157.SZ,3.17,3.19,3.14,3.16,34375400.0,108798141.0
2017-03-22,000157.SZ,3.14,3.23,3.13,3.18,60524300.0,191256788.0
2017-03-22,000100.SZ,2.63,2.64,2.61,2.62,55349700.0,145292962.5
2017-03-22,000166.SZ,5.36,5.36,5.32,5.32,34765300.0,185646702.0
2017-03-23,000157.SZ,3.16,3.19,3.14,3.17,39738900.0,125773618.5
2017-03-23,000100.SZ,2.62,2.65,2.62,2.64,47500200.0,124925526.0
2017-03-23,000166.SZ,5.34,5.37,5.31,5.33,30276300.0,161524060.5
2017-03-24,000166.SZ,5.34,5.4,5.32,5.39,36215300.0,194295084.5
2017-03-24,000157.SZ,3.17,3.23,3.14,3.22,67760200.0,216493839.00000003
2017-03-24,000100.SZ,2.64,2.68,2.63,2.67,92329100.0,245133760.50000003
2017-03-27,000166.SZ,5.39,5.41,5.36,5.39,28507600.0,153655964.0
2017-03-27,000100.SZ,2.66,2.71,2.66,2.71,96569700.0,259289644.5
2017-03-27,000157.SZ,3.23,3.24,3.17,3.18,47724500.0,152957022.5
2017-03-28,000100.SZ,2.7,2.71,2.68,2.7,64552300.0,174291210.0
2017-03-28,000157.SZ,3.17,3.21,3.17,3.18,33330400.0,105824020.0
2017-03-28,000166.SZ,5.39,5.42,5.37,5.37,24223700.0,130323506.0
2017-03-29,000100.SZ,2.7,2.71,2.68,2.7,73822000.0,199319400.0
2017-03-29,000157.SZ,3.18,3.25,3.14,3.2,92317200.0,294491868.00000006
2017-03-29,000166.SZ,5.37,5.39,5.34,5.34,26430300.0,141534256.5
2017-03-30,000166.SZ,5.34,5.37,5.29,5.3,39461500.0,209935180.0
2017-03-30,000157.SZ,3.19,3.27,3.17,3.19,96072000.0,306469680.0
2017-03-30,000100.SZ,2.7,2.71,2.61,2.62,96881000.0,257703460.0
2017-03-31,000157.SZ,3.16,3.17,3.14,3.15,64062200.0,202116241.00000003
2017-03-31,000166.SZ,5.3,5.32,5.3,5.31,22537200.0,119559846.0
2017-03-31,000100.SZ,2.63,2.64,2.59,2.62,60833900.0,159688987.5
2017-04-05,000100.SZ,2.63,2.71,2.63,2.7,104246200.0,277816123.0
2017-04-05,000166.SZ,5.32,5.39,5.31,5.38,35758600.0,191308510.0
2017-04-05,000157.SZ,3.29,3.33,3.17,3.19,108906200.0,352856088.0
2017-04-06,000157.SZ,3.19,3.24,3.17,3.22,79597200.0,255109026.0
2017-04-06,000166.SZ,5.38,5.39,5.36,5.37,29560500.0,158887687.5
2017-04-06,000100.SZ,2.69,2.71,2.68,2.68,49922400.0,134041644.0
2017-04-07,000166.SZ,5.37,5.4,5.36,5.38,36639800.0,196938925.0
2017-04-07,000100.SZ,2.69,2.71,2.67,2.7,71280200.0,192100139.00000003
2017-04-07,000157.SZ,3.23,3.24,3.19,3.21,59411200.0,191304064.0
2017-04-10,000157.SZ,3.2,3.25,3.19,3.21,60087700.0,192581078.5
2017-04-10,000100.SZ,2.67,2.67,2.62,2.66,77646100.0,206926856.5
2017-04-10,000166.SZ,5.38,5.4,5.35,5.36,31038300.0,166675671.0
2017-04-11,000166.SZ,5.35,5.38,5.29,5.37,48946400.0,262352703.99999997
2017-04-11,000100.SZ,2.66,2.67,2.62,2.66,79203500.0,210681310.0
2017-04-11,000157.SZ,3.21,3.34,3.21,3.32,173102100.0,565178356.5
2017-04-12,000100.SZ,2.66,2.79,2.65,2.74,250849100.0,677292570.0
2017-04-12,000166.SZ,5.37,5.42,5.35,5.35,47368500.0,253895159.99999997
2017-04-12,000157.SZ,3.31,3.31,3.24,3.25,98186200.0,322050736.0
2017-04-13,000157.SZ,3.25,3.26,3.23,3.25,47453100.0,154222575.0
2017-04-13,000100.SZ,2.73,2.74,2.7,2.71,116894500.0,317953040.0
2017-04-13,000166.SZ,5.34,5.36,5.32,5.35,30365800.0,162305201.0
2017-04-14,000157.SZ,3.25,3.26,3.15,3.16,81200900.0,260248884.5
2017-04-14,000100.SZ,2.71,2.71,2.64,2.65,111715500.0,299397539.99999994
2017-04-14,000166.SZ,5.34,5.35,5.28,5.29,40691300.0,216274259.49999997
2017-04-17,000166.SZ,5.29,5.3,5.24,5.26,26343200.0,138960380.0
2017-04-17,000157.SZ,3.16,3.16,3.08,3.12,59155200.0,185747328.0
2017-04-17,000100.SZ,2.65,2.65,2.62,2.65,59752500.0,158344125.0
2017-04-18,000100.SZ,2.64,2.66,2.63,2.63,39961700.0,105299079.49999999
2017-04-18,000166.SZ,5.27,5.29,5.24,5.24,19689800.0,103469899.0
2017-04-18,000157.SZ,3.12,3.13,3.08,3.08,42136800.0,130624080.0
2017-04-19,000100.SZ,2.62,2.63,2.58,2.61,70276800.0,183773832.00000003
2017-04-19,000157.SZ,3.07,3.08,2.99,3.02,60103600.0,183015462.0
2017-04-19,000166.SZ,5.24,5.24,5.17,5.18,36903800.0,192268798.0
2017-04-20,000100.SZ,2.61,2.62,2.59,2.61,62588600.0,163356246.0
2017-04-20,000157.SZ,3.02,3.04,2.98,3.02,49156700.0,148453234.0
2017-04-20,000166.SZ,5.18,5.2,5.13,5.16,25237600.0,130478392.0
2017-04-21,000166.SZ,5.16,5.19,5.15,5.18,20563200.0,106311744.0
2017-04-21,000157.SZ,3.02,3.03,3.0,3.01,28190500.0,84994357.49999999
2017-04-24,000157.SZ,3.01,3.02,2.93,2.93,49089200.0,145794924.0
2017-04-24,000166.SZ,5.17,5.17,5.06,5.07,33696400.0,172525568.0
2017-04-25,000157.SZ,2.94,2.98,2.93,2.94,27319800.0,80320212.0
2017-04-25,000166.SZ,5.07,5.1,5.06,5.06,18384900.0,93119518.49999999
2017-04-26,000157.SZ,2.96,2.98,2.94,2.96,23365000.0,69160400.0
2017-04-26,000166.SZ,5.07,5.14,5.06,5.07,24367400.0,123542718.0
2017-04-27,000166.SZ,5.06,5.07,4.97,5.06,34976400.0,176980584.0
2017-04-27,000157.SZ,2.96,2.99,2.9,2.98,41009000.0,121796729.99999999
2017-04-28,000157.SZ,2.96,2.98,2.94,2.96,40517200.0,119930912.0
2017-04-28,000166.SZ,5.04,5.06,4.99,5.06,23168200.0,116999410.0
2017-05-02,000166.SZ,5.06,5.06,5.01,5.03,20004200.0,100921189.0
2017-05-02,000157.SZ,2.95,2.98,2.94,2.97,26811000.0,79360560.0
2017-05-03,000166.SZ,5.04,5.04,4.98,5.0,19309300.0,96932685.99999999
2017-05-03,000157.SZ,2.96,2.99,2.96,2.96,28298500.0,83763560.0
2017-05-04,000157.SZ,2.96,2.99,2.94,2.96,35386400.0,104743744.0
2017-05-04,000166.SZ,4.98,4.99,4.89,4.9,27610400.0,136395376.0
2017-05-05,000157.SZ,2.95,2.95,2.89,2.89,47450300.0,138554876.0
2017-05-05,000166.SZ,4.88,4.88,4.76,4.76,47485700.0,228881074.0
2017-05-08,000166.SZ,4.74,4.77,4.7,4.72,29688900.0,140428497.0
2017-05-08,000157.SZ,2.87,2.9,2.85,2.86,31154300.0,89257069.5
2017-05-09,000166.SZ,4.72,4.77,4.71,4.76,21873000.0,103678020.0
2017-05-09,000157.SZ,2.85,2.89,2.85,2.89,24612200.0,70637014.0
2017-05-10,000166.SZ,4.76,4.77,4.7,4.71,28531400.0,135096178.99999997
2017-05-10,000157.SZ,2.89,2.9,2.8,2.8,42031700.0,119580186.49999999
2017-05-11,000157.SZ,2.79,2.81,2.71,2.8,43683800.0,122096221.0
2017-05-11,000166.SZ,4.68,4.7,4.55,4.7,43822900.0,205529400.99999997
2017-05-12,000166.SZ,4.68,4.79,4.66,4.77,38467900.0,181760827.5
2017-05-12,000157.SZ,2.79,2.82,2.78,2.81,22406400.0,62737919.99999999
2017-05-15,000166.SZ,4.77,4.79,4.74,4.76,24352700.0,116040615.49999999
2017-05-15,000157.SZ,2.83,2.84,2.79,2.8,22131700.0,62300735.5
2017-05-16,000166.SZ,4.76,4.78,4.7,4.77,24112900.0,114897968.49999999
2017-05-16,000157.SZ,2.79,2.83,2.77,2.83,32962400.0,92624344.0
2017-05-17,000166.SZ,4.77,4.84,4.76,4.78,33419200.0,159576680.0
2017-05-17,000157.SZ,2.83,2.87,2.81,2.86,39522700.0,112442081.49999999
2017-05-18,000157.SZ,2.84,2.85,2.8,2.82,27670600.0,78307798.0
2017-05-18,000166.SZ,4.74,4.77,4.71,4.72,20103600.0,95090028.00000001
2017-05-19,000166.SZ,4.71,4.74,4.69,4.7,14725500.0,69283477.5
2017-05-19,000157.SZ,2.81,2.83,2.8,2.81,18561100.0,52156691.0
2017-05-22,000157.SZ,2.98,2.98,2.81,2.83,106768100.0,310161330.5
2017-05-22,000166.SZ,4.69,4.72,4.59,4.66,26035800.0,121717365.00000001
2017-05-23,000166.SZ,4.64,4.71,4.58,4.68,40607700.0,189231882.0
2017-05-23,000157.SZ,2.83,2.84,2.78,2.79,42911100.0,120580191.0
2017-05-24,000157.SZ,2.77,2.85,2.75,2.85,39952100.0,112265401.0
2017-05-24,000166.SZ,4.66,4.7,4.62,4.69,23245200.0,108671310.00000001
2017-05-25,000166.SZ,4.69,4.87,4.66,4.83,60927600.0,290015376.0
2017-05-25,000157.SZ,2.87,2.9,2.85,2.89,54598800.0,157244544.0
2017-05-26,000157.SZ,2.89,2.94,2.88,2.89,41060800.0,118665712.0
2017-05-26,000166.SZ,4.82,4.86,4.78,4.82,43594900.0,210127418.0
2017-05-31,000166.SZ,4.87,4.91,4.82,4.88,50059200.0,244038600.0
2017-05-31,000157.SZ,2.9,2.92,2.89,2.89,30930100.0,89542639.5
2017-06-01,000166.SZ,4.86,4.88,4.82,4.84,29374900.0,142468265.0
2017-06-01,000157.SZ,2.89,2.9,2.87,2.87,26384700.0,75987936.0
2017-06-02,000157.SZ,2.87,2.9,2.85,2.89,23084300.0,66482784.0
2017-06-02,000166.SZ,4.84,4.85,4.77,4.83,23683000.0,114507305.0
2017-06-05,000166.SZ,4.83,4.87,4.82,4.84,15298800.0,73969698.0
2017-06-05,000157.SZ,2.89,2.9,2.88,2.89,21390500.0,61818545.0
2017-06-06,000166.SZ,4.85,4.88,4.82,4.87,14680500.0,71347229.99999999
2017-06-06,000157.SZ,2.89,2.9,2.89,2.9,12786900.0,37018075.5
2017-06-07,000157.SZ,2.89,2.93,2.89,2.93,31908900.0,92854899.0
2017-06-07,000166.SZ,4.87,4.92,4.85,4.9,24402600.0,119206701.0
2017-06-08,000157.SZ,2.92,2.93,2.91,2.91,23519900.0,68560508.5
2017-06-08,000166.SZ,4.89,4.92,4.87,4.88,18568800.0,90708588.0
2017-06-09,000157.SZ,2.91,2.94,2.9,2.94,39790800.0,116388090.0
2017-06-09,000166.SZ,4.9,4.92,4.88,4.9,18692500.0,91593250.0
2017-06-12,000166.SZ,4.88,4.89,4.81,4.81,40969200.0,198495774.0
2017-06-12,000157.SZ,2.92,2.92,2.89,2.89,30900200.0,89765081.00000001
2017-06-13,000166.SZ,4.82,4.86,4.8,4.85,16862700.0,81531154.5
2017-06-13,000157.SZ,2.89,2.92,2.89,2.9,20424000.0,59127480.0
2017-06-14,000166.SZ,4.85,4.87,4.82,4.86,35780400.0,173713842.00000003
2017-06-14,000157.SZ,2.9,2.91,2.89,2.9,20167000.0,58484300.0
2017-06-15,000157.SZ,2.89,2.91,2.89,2.9,19216900.0,55632925.5
2017-06-15,000166.SZ,4.86,4.9,4.84,4.87,35862500.0,174471062.5
2017-06-16,000157.SZ,2.9,2.9,2.89,2.89,13064900.0,37822885.5
2017-06-16,000166.SZ,4.89,4.89,4.81,4.82,62554000.0,303699670.0
2017-06-19,000166.SZ,4.82,4.91,4.81,4.89,41042400.0,199260852.00000003
2017-06-19,000157.SZ,2.9,2.91,2.89,2.91,18620400.0,54092262.00000001
2017-06-20,000166.SZ,4.89,4.89,4.83,4.87,28729500.0,140199960.0
2017-06-20,000157.SZ,2.91,2.91,2.9,2.9,15902600.0,46197053.00000001
2017-06-21,000166.SZ,4.9,4.93,4.85,4.88,34493400.0,168672726.00000003
2017-06-21,000157.SZ,2.91,2.92,2.9,2.91,22555000.0,65635050.0
2017-06-22,000157.SZ,2.9,2.95,2.9,2.91,43977800.0,127755509.00000001
2017-06-22,000166.SZ,4.87,4.95,4.86,4.88,53336300.0,260014462.5
2017-06-23,000166.SZ,4.85,4.87,4.82,4.85,27900200.0,135315970.0
2017-06-23,000157.SZ,2.9,2.92,2.89,2.91,31364500.0,91113872.50000001
2017-06-26,000157.SZ,2.91,3.02,2.91,2.98,72355200.0,213086064.00000003
2017-06-26,000166.SZ,4.85,4.92,4.84,4.91,32228000.0,157272640.0
2017-06-27,000157.SZ,2.96,2.98,2.96,2.97,35549800.0,105405157.0
2017-06-27,000166.SZ,4.9,4.92,4.88,4.9,20547800.0,100684220.0
2017-06-28,000157.SZ,2.97,3.0,2.96,2.98,27318800.0,81273430.0
2017-06-28,000166.SZ,4.89,4.91,4.87,4.88,17844000.0,87167940.0
2017-06-29,000166.SZ,4.87,4.9,4.87,4.87,17897700.0,87161799.0
2017-06-29,000157.SZ,2.98,2.99,2.97,2.98,25465300.0,75886594.0
2017-06-30,000166.SZ,4.87,4.9,4.83,4.89,24022200.0,117228336.0
2017-06-30,000157.SZ,2.97,2.97,2.94,2.96,31455600.0,93265854.0
2017-07-03,000157.SZ,2.96,2.98,2.95,2.98,21166800.0,62865395.99999999
2017-07-03,000166.SZ,4.89,4.91,4.86,4.91,20023600.0,98115640.0
2017-07-04,000157.SZ,2.98,2.98,2.95,2.96,24099500.0,71575515.0
2017-07-04,000166.SZ,4.91,4.93,4.85,4.9,30935900.0,151740589.5
2017-07-05,000166.SZ,4.9,4.92,4.89,4.92,17506000.0,85954460.0
2017-07-05,000157.SZ,2.96,2.97,2.94,2.97,29807500.0,88379237.5
2017-07-06,000166.SZ,4.91,4.94,4.87,4.93,34264900.0,168583308.0
2017-07-06,000157.SZ,2.97,2.97,2.95,2.96,23029100.0,68281281.5
2017-07-07,000157.SZ,2.96,2.98,2.96,2.97,27058400.0,80228156.0
2017-07-07,000166.SZ,4.91,5.02,4.89,5.01,47992600.0,238043296.0
2017-07-10,000157.SZ,2.96,3.02,2.96,3.0,56394100.0,168054418.0
2017-07-10,000166.SZ,4.99,5.08,4.97,5.01,54073700.0,270368500.0
2017-07-11,000157.SZ,3.0,3.01,2.98,2.98,30888300.0,92356017.0
2017-07-11,000166.SZ,5.02,5.1,5.0,5.02,46451900.0,233188537.99999997
2017-07-12,000166.SZ,5.02,5.05,4.96,4.99,38210900.0,191245554.5
2017-07-12,000157.SZ,2.98,2.98,2.94,2.96,38903400.0,115543097.99999999
2017-07-13,000166.SZ,4.99,5.08,4.97,5.07,43893000.0,220781790.0
2017-07-13,000157.SZ,2.96,3.02,2.96,3.01,50871900.0,151852621.5
2017-07-14,000157.SZ,3.01,3.03,2.99,3.03,45229000.0,136591579.99999997
2017-07-14,000166.SZ,5.07,5.1,5.03,5.05,26723700.0,135221922.0
2017-07-17,000157.SZ,3.09,3.09,2.95,3.01,110140000.0,335927000.0
2017-07-17,000166.SZ,5.03,5.05,4.87,4.9,59241100.0,294132061.5
2017-07-18,000166.SZ,4.9,4.92,4.87,4.9,29512200.0,144609780.0
2017-07-18,000157.SZ,3.0,3.08,2.99,3.08,76519100.0,232618064.0
2017-07-19,000157.SZ,3.08,3.14,3.07,3.14,101022700.0,314180597.00000006
2017-07-19,000166.SZ,4.89,5.16,4.87,5.16,101457800.0,509825445.00000006
2017-07-20,000166.SZ,5.13,5.19,5.1,5.12,56628400.0,290220550.0
2017-07-20,000157.SZ,3.14,3.15,3.11,3.12,53813600.0,168436568.0
2017-07-21,000157.SZ,3.12,3.23,3.11,3.16,73821300.0,231798882.0
2017-07-21,000166.SZ,5.11,5.16,5.08,5.1,37254400.0,190183712.00000003
2017-07-24,000166.SZ,5.08,5.16,5.08,5.1,41356100.0,210502549.0
2017-07-24,000157.SZ,3.16,3.2,3.14,3.17,57967800.0,183468087.0
2017-07-25,000157.SZ,3.17,3.17,3.09,3.12,62217200.0,195673094.0
2017-07-25,000166.SZ,5.1,5.13,5.04,5.06,32121400.0,163176712.0
2017-07-26,000100.SZ,2.83,2.83,2.68,2.75,400359300.0,1117002447.0
2017-07-26,000166.SZ,5.06,5.1,5.04,5.08,29260200.0,148349214.0
2017-07-26,000157.SZ,3.12,3.14,3.09,3.11,41270300.0,128556984.50000001
2017-07-27,000157.SZ,3.12,3.13,3.08,3.11,40558900.0,126340973.50000001
2017-07-27,000166.SZ,5.07,5.17,5.04,5.15,67901100.0,346974621.0
2017-07-27,000100.SZ,2.72,2.74,2.7,2.72,142210900.0,386813648.0
2017-07-28,000100.SZ,2.72,2.77,2.71,2.73,106177900.0,289334777.5
2017-07-28,000157.SZ,3.1,3.11,3.08,3.08,30820500.0,95235345.0
2017-07-28,000166.SZ,5.13,5.15,5.11,5.12,22428200.0,114944525.0
2017-07-31,000166.SZ,5.12,5.18,5.1,5.16,40532200.0,208335508.00000003
2017-07-31,000157.SZ,3.1,3.16,3.08,3.16,55855400.0,174827402.0
2017-07-31,000100.SZ,2.71,2.81,2.7,2.79,176071600.0,484196900.0
2017-08-01,000166.SZ,5.16,5.25,5.16,5.18,52067600.0,269189492.0
2017-08-01,000157.SZ,3.16,3.19,3.14,3.17,57744200.0,182760393.0
2017-08-01,000100.SZ,2.78,3.0,2.78,2.91,303016600.0,862082226.9999999
2017-08-02,000100.SZ,2.93,2.94,2.85,2.87,188221800.0,545843220.0000001
2017-08-02,000157.SZ,3.16,3.19,3.14,3.16,39502800.0,124828848.0
2017-08-02,000166.SZ,5.19,5.26,5.16,5.2,65150000.0,338454250.0
2017-08-03,000166.SZ,5.19,5.25,5.17,5.19,47272600.0,245344794.00000003
2017-08-03,000157.SZ,3.16,3.23,3.15,3.23,76881700.0,245637031.50000003
2017-08-03,000100.SZ,2.85,2.89,2.85,2.87,99702700.0,285149722.00000006
2017-08-04,000166.SZ,5.19,5.29,5.18,5.21,64852200.0,337231440.0
2017-08-04,000100.SZ,2.88,2.89,2.82,2.82,89355300.0,254662604.99999997
2017-08-04,000157.SZ,3.22,3.27,3.21,3.21,74990800.0,241095422.0
2017-08-07,000166.SZ,5.19,5.21,5.13,5.16,37841000.0,195827175.00000003
2017-08-07,000100.SZ,2.82,2.84,2.81,2.83,66391600.0,187556270.0
2017-08-07,000157.SZ,3.22,3.28,3.18,3.26,57934100.0,187706484.0
2017-08-08,000157.SZ,3.26,3.27,3.2,3.22,46474400.0,150577056.0
2017-08-08,000100.SZ,2.83,2.85,2.81,2.83,64991100.0,183924813.0
2017-08-08,000166.SZ,5.16,5.2,5.1,5.17,39862400.0,205889296.0
2017-08-09,000166.SZ,5.15,5.16,5.1,5.1,30226800.0,154912350.0
2017-08-09,000100.SZ,2.83,2.83,2.77,2.8,103719400.0,291970111.0
2017-08-09,000157.SZ,3.23,3.27,3.2,3.25,65404200.0,211909608.0
2017-08-10,000157.SZ,3.23,3.25,3.16,3.19,51686900.0,165914949.0
2017-08-10,000100.SZ,2.79,2.79,2.74,2.75,78186600.0,216576882.0
2017-08-10,000166.SZ,5.1,5.16,5.06,5.1,36686000.0,187098600.0
2017-08-11,000166.SZ,5.06,5.09,4.96,4.96,43354600.0,217206546.0
2017-08-11,000100.SZ,2.73,2.74,2.68,2.68,82852000.0,224114660.0
2017-08-11,000157.SZ,3.17,3.18,3.06,3.07,67790600.0,211506672.0
2017-08-14,000157.SZ,3.07,3.13,3.07,3.12,34072500.0,105454387.49999999
2017-08-14,000100.SZ,2.69,2.73,2.69,2.72,46916000.0,126907780.0
2017-08-14,000166.SZ,4.98,5.12,4.97,5.1,47256900.0,238174776.0
2017-08-15,000166.SZ,5.12,5.12,5.04,5.08,25034400.0,127675439.99999999
2017-08-15,000100.SZ,2.73,2.76,2.71,2.74,50366900.0,137753471.50000003
2017-08-15,000157.SZ,3.12,3.12,3.09,3.1,26977100.0,83898781.00000001
2017-08-16,000100.SZ,2.73,2.74,2.71,2.73,40892300.0,111635979.0
2017-08-16,000166.SZ,5.08,5.1,5.03,5.07,21263200.0,107910740.0
2017-08-16,000157.SZ,3.1,3.11,3.08,3.1,19628500.0,60848350.0
2017-08-17,000157.SZ,3.11,3.13,3.1,3.12,29038800.0,90455862.0
2017-08-17,000100.SZ,2.72,2.75,2.72,2.74,46373700.0,126600201.00000001
2017-08-17,000166.SZ,5.06,5.12,5.06,5.11,29640900.0,150723976.5
2017-08-18,000100.SZ,2.72,2.74,2.71,2.73,37986500.0,103513212.5
2017-08-18,000166.SZ,5.09,5.09,5.04,5.06,24087500.0,122244062.49999999
2017-08-18,000157.SZ,3.11,3.12,3.08,3.1,30285100.0,94035235.5
2017-08-21,000157.SZ,3.11,3.15,3.11,3.14,33748300.0,105463437.5
2017-08-21,000166.SZ,5.06,5.09,5.05,5.08,20398400.0,103419888.0
2017-08-21,000100.SZ,2.72,2.76,2.72,2.75,61494900.0,168188551.50000003
2017-08-22,000100.SZ,2.75,2.75,2.72,2.73,39608100.0,108526194.00000001
2017-08-22,000157.SZ,3.15,3.16,3.13,3.14,20315400.0,63891933.0
2017-08-22,000166.SZ,5.08,5.1,5.03,5.04,23465400.0,118734924.00000001
2017-08-23,000157.SZ,3.14,3.15,3.12,3.13,18659400.0,58497218.99999999
2017-08-23,000166.SZ,5.05,5.12,5.03,5.09,36702100.0,186079647.0
2017-08-23,000100.SZ,2.73,2.73,2.71,2.72,31566500.0,86018712.5
2017-08-24,000166.SZ,5.08,5.09,5.01,5.02,26989600.0,136297480.0
2017-08-24,000100.SZ,2.72,2.73,2.7,2.7,35417700.0,95981967.0
2017-08-24,000157.SZ,3.13,3.14,3.12,3.14,22862700.0,71674564.5
2017-08-25,000157.SZ,3.14,3.17,3.11,3.16,36785100.0,115873065.00000001
2017-08-25,000100.SZ,2.7,2.73,2.69,2.72,37341900.0,101196549.0
2017-08-25,000166.SZ,5.01,5.15,5.01,5.12,60992900.0,308929038.49999994
2017-08-28,000166.SZ,5.16,5.37,5.16,5.33,175122300.0,918516463.5
2017-08-28,000157.SZ,3.16,3.2,3.16,3.18,37578500.0,119123845.0
2017-08-28,000100.SZ,2.73,2.76,2.72,2.75,83443400.0,228634916.00000003
2017-08-29,000166.SZ,5.33,5.35,5.25,5.26,77114500.0,408321277.5
2017-08-29,000157.SZ,3.18,3.2,3.16,3.18,29362000.0,93371160.0
2017-08-29,000100.SZ,2.75,2.76,2.72,2.73,43839800.0,120121052.00000001
2017-08-30,000166.SZ,5.27,5.38,5.27,5.29,76673800.0,404837663.99999994
2017-08-30,000157.SZ,3.16,3.16,3.1,3.16,53562400.0,169257184.0
2017-08-30,000100.SZ,2.73,2.75,2.72,2.73,46460700.0,126837711.0
2017-08-31,000157.SZ,3.13,3.15,3.09,3.12,66692400.0,208413750.0
2017-08-31,000100.SZ,2.73,2.74,2.71,2.71,50012200.0,136033184.0
2017-08-31,000166.SZ,5.29,5.35,5.27,5.3,61011400.0,323055363.0
2017-09-01,000166.SZ,5.3,5.35,5.3,5.32,55269700.0,293482107.0
2017-09-01,000100.SZ,2.72,2.74,2.71,2.73,50661300.0,138052042.5
2017-09-01,000157.SZ,3.11,3.14,3.11,3.14,47974800.0,149921250.0
2017-09-04,000100.SZ,2.73,2.74,2.7,2.71,66182300.0,180015855.99999997
2017-09-04,000157.SZ,3.12,3.14,3.11,3.12,32935000.0,102757200.0
2017-09-04,000166.SZ,5.32,5.34,5.28,5.3,45957200.0,244032732.00000003
2017-09-05,000166.SZ,5.31,5.34,5.3,5.3,33364300.0,176997611.5
2017-09-05,000157.SZ,3.12,3.13,3.1,3.11,31653200.0,98599718.0
2017-09-05,000100.SZ,2.71,2.74,2.71,2.73,56949300.0,154902096.0
2017-09-06,000157.SZ,3.11,3.14,3.1,3.13,32240600.0,100590672.0
2017-09-06,000100.SZ,2.72,2.73,2.7,2.72,57253500.0,155729520.0
2017-09-06,000166.SZ,5.3,5.3,5.24,5.26,46139900.0,243618671.99999997
2017-09-07,000166.SZ,5.27,5.29,5.2,5.21,41236600.0,216079784.0
2017-09-07,000157.SZ,3.13,3.14,3.11,3.11,28826100.0,89937432.0
2017-09-08,000157.SZ,3.11,3.13,3.1,3.11,21565200.0,67067772.0
2017-09-08,000166.SZ,5.22,5.23,5.18,5.21,30194700.0,157465360.5
2017-09-11,000166.SZ,5.21,5.24,5.18,5.22,30069500.0,156812442.5
2017-09-11,000157.SZ,3.11,3.13,3.09,3.12,31879500.0,99304642.5
2017-09-12,000157.SZ,3.12,3.14,3.11,3.13,52249300.0,163279062.5
2017-09-12,000166.SZ,5.21,5.28,5.21,5.24,60360800.0,315385180.0
2017-09-13,000166.SZ,5.23,5.24,5.2,5.22,19615500.0,102490987.5
2017-09-13,000157.SZ,3.12,3.14,3.11,3.12,24847200.0,77523264.0
2017-09-14,000157.SZ,3.12,3.14,3.11,3.13,32989500.0,103092187.5
2017-09-14,000166.SZ,5.22,5.25,5.19,5.2,29710300.0,154790663.0
2017-09-15,000166.SZ,5.2,5.23,5.16,5.2,28283200.0,147072640.0
2017-09-15,000157.SZ,3.13,3.15,3.12,3.14,34384200.0,107794467.0
2017-09-18,000157.SZ,3.14,3.15,3.13,3.14,30296000.0,95129440.0
2017-09-18,000166.SZ,5.2,5.26,5.2,5.23,44200500.0,230505607.5
2017-09-19,000166.SZ,5.23,5.24,5.16,5.18,28465000.0,148160325.0
2017-09-19,000157.SZ,3.14,3.14,3.11,3.11,36936700.0,115427187.5
2017-09-20,000157.SZ,3.11,3.12,3.09,3.1,25213400.0,78287607.0
2017-09-20,000166.SZ,5.18,5.23,5.16,5.23,22216800.0,115638444.0
2017-09-21,000100.SZ,2.75,2.84,2.74,2.77,190132400.0,524765423.99999994
2017-09-21,000157.SZ,3.1,3.11,3.08,3.08,26107800.0,80673102.0
2017-09-21,000166.SZ,5.22,5.25,5.17,5.17,38349000.0,199223055.0
2017-09-22,000166.SZ,5.17,5.18,5.12,5.14,34627300.0,178503731.49999997
2017-09-22,000100.SZ,2.75,2.76,2.7,2.71,75690300.0,206634519.0
2017-09-22,000157.SZ,3.08,3.08,3.05,3.05,29100900.0,89194258.5
2017-09-25,000166.SZ,5.14,5.15,5.07,5.1,29201200.0,149510143.99999997
2017-09-25,000100.SZ,2.71,2.72,2.66,2.67,43449800.0,116879962.0
2017-09-25,000157.SZ,3.05,3.05,3.01,3.01,24639000.0,74656170.0
2017-09-26,000166.SZ,5.1,5.1,5.08,5.1,17707000.0,90305700.0
2017-09-26,000100.SZ,2.67,2.71,2.67,2.7,51232500.0,137559262.5
2017-09-26,000157.SZ,3.01,3.04,3.01,3.03,23207400.0,70086347.99999999
2017-09-27,000157.SZ,3.03,3.06,3.02,3.05,18941100.0,57580944.0
2017-09-27,000100.SZ,2.69,2.71,2.67,2.69,49833600.0,134052384.0
2017-09-27,000166.SZ,5.1,5.1,5.08,5.1,20003700.0,102018870.0
2017-09-28,000166.SZ,5.1,5.1,5.07,5.07,24698500.0,125591872.5
2017-09-28,000100.SZ,2.69,2.76,2.67,2.75,112016800.0,304685696.0
2017-09-28,000157.SZ,3.05,3.05,3.03,3.04,17252400.0,52533558.0
2017-09-29,000166.SZ,5.08,5.13,5.07,5.09,24204100.0,123077848.5
2017-09-29,000100.SZ,2.72,2.75,2.7,2.71,60147500.0,163300462.5
2017-09-29,000157.SZ,3.05,3.06,3.03,3.05,19912600.0,60733430.0
2017-10-09,000157.SZ,3.09,3.15,3.09,3.14,66578400.0,207391716.0
2017-10-09,000100.SZ,2.73,2.9,2.72,2.83,270927100.0,753177338.0000001
2017-10-09,000166.SZ,5.16,5.19,5.1,5.11,32971300.0,169307625.5
2017-10-10,000157.SZ,3.14,3.21,3.13,3.18,79967500.0,252697300.0
2017-10-10,000100.SZ,2.81,2.84,2.78,2.84,156483800.0,442066735.0
2017-10-10,000166.SZ,5.1,5.14,5.1,5.14,27598000.0,141301759.99999997
2017-10-11,000166.SZ,5.13,5.16,5.12,5.14,24122500.0,123869037.5
2017-10-11,000100.SZ,2.84,2.85,2.79,2.81,111725900.0,315625667.5
2017-10-11,000157.SZ,3.18,3.2,3.15,3.19,46430300.0,147880505.5
2017-10-12,000166.SZ,5.14,5.15,5.11,5.13,17461700.0,89665829.5
2017-10-12,000100.SZ,2.8,2.84,2.78,2.8,99957800.0,279881840.0
2017-10-12,000157.SZ,3.18,3.19,3.16,3.19,30211500.0,96223627.5
2017-10-13,000166.SZ,5.12,5.16,5.11,5.15,21279000.0,109267665.0
2017-10-13,000100.SZ,2.79,2.86,2.78,2.86,180502600.0,509919845.00000006
2017-10-13,000157.SZ,3.18,3.23,3.17,3.21,45949200.0,146807694.0
2017-10-16,000157.SZ,3.21,3.22,3.18,3.18,40619000.0,129777705.00000001
2017-10-16,000100.SZ,2.87,3.0,2.84,2.95,451719400.0,1314503454.0
2017-10-16,000166.SZ,5.15,5.16,5.09,5.1,30193800.0,154743225.0
2017-10-17,000166.SZ,5.1,5.11,5.07,5.09,19566200.0,99689789.0
2017-10-17,000100.SZ,2.92,3.07,2.88,3.05,375354900.0,1120434376.5
2017-10-17,000157.SZ,3.18,3.21,3.17,3.18,25389300.0,80737974.0
2017-10-18,000157.SZ,3.18,3.19,3.14,3.14,32813000.0,103689080.0
2017-10-18,000100.SZ,3.05,3.34,3.05,3.2,626361700.0,1957380312.5
2017-10-18,000166.SZ,5.08,5.12,5.07,5.1,25389500.0,129232555.0
2017-10-19,000157.SZ,3.14,3.15,3.07,3.08,32926600.0,102401726.00000001
2017-10-19,000100.SZ,3.19,3.26,3.14,3.16,362270800.0,1150209790.0
2017-10-19,000166.SZ,5.1,5.1,4.98,5.01,31429000.0,158873595.0
2017-10-20,000157.SZ,3.08,3.11,3.07,3.1,19991100.0,61772499.0
2017-10-20,000166.SZ,5.0,5.03,4.97,5.02,17902500.0,89691525.0
2017-10-20,000100.SZ,3.14,3.19,3.1,3.11,300122700.0,937883437.5
2017-10-23,000157.SZ,3.11,3.16,3.09,3.15,35143900.0,110000407.0
2017-10-23,000166.SZ,5.01,5.02,4.98,5.0,12694500.0,63535972.5
2017-10-23,000100.SZ,3.12,3.3,3.11,3.3,368286400.0,1182199344.0
2017-10-24,000100.SZ,3.29,3.31,3.21,3.25,246367500.0,805621725.0
2017-10-24,000166.SZ,5.0,5.1,4.98,5.08,44958900.0,226592856.0
2017-10-24,000157.SZ,3.16,3.17,3.12,3.15,22284200.0,70306651.0
2017-10-25,000100.SZ,3.25,3.36,3.22,3.35,354117700.0,1168588410.0
2017-10-25,000166.SZ,5.08,5.09,5.04,5.06,13607300.0,68989011.0
2017-10-25,000157.SZ,3.15,3.19,3.13,3.18,41052500.0,129931162.5
2017-10-26,000157.SZ,3.18,3.22,3.16,3.2,52895800.0,168737602.00000003
2017-10-26,000166.SZ,5.05,5.1,5.03,5.09,30558500.0,154931595.0
2017-10-26,000100.SZ,3.35,3.51,3.31,3.36,455758100.0,1529068425.5
2017-10-27,000166.SZ,5.07,5.08,5.03,5.04,15425300.0,77974891.5
2017-10-27,000100.SZ,3.36,3.44,3.25,3.39,375006300.0,1265646262.5
2017-10-27,000157.SZ,3.19,3.2,3.16,3.17,32709100.0,104014937.99999999
2017-10-30,000100.SZ,3.38,3.45,3.33,3.35,348373300.0,1172276154.5
2017-10-30,000166.SZ,5.03,5.03,4.9,4.93,29396400.0,146394072.0
2017-10-30,000157.SZ,3.17,3.18,3.09,3.13,41551000.0,130885650.0
2017-10-31,000157.SZ,3.13,3.16,3.12,3.16,32213200.0,101310514.0
2017-10-31,000100.SZ,3.3,3.35,3.25,3.3,235896900.0,778459770.0
2017-10-31,000166.SZ,4.92,4.95,4.9,4.93,16593800.0,81724465.0
2017-11-01,000100.SZ,3.31,3.32,3.19,3.2,235552100.0,766722085.5
2017-11-01,000157.SZ,3.16,3.17,3.13,3.14,39485600.0,124379640.00000001
2017-11-01,000166.SZ,4.93,4.96,4.89,4.89,21602000.0,106065820.0
2017-11-02,000157.SZ,3.14,3.14,3.06,3.06,46528000.0,144236800.0
2017-11-02,000100.SZ,3.19,3.26,3.14,3.21,203817500.0,652216000.0
2017-11-02,000166.SZ,4.89,4.93,4.84,4.93,34128200.0,167569462.0
2017-11-03,000157.SZ,3.07,3.08,3.02,3.04,35958200.0,109852300.99999999
2017-11-03,000100.SZ,3.2,3.31,3.19,3.25,221271200.0,713599620.0
2017-11-03,000166.SZ,4.91,4.92,4.85,4.88,17586700.0,86086896.49999999
2017-11-06,000166.SZ,4.86,4.88,4.82,4.87,15682400.0,76294876.0
2017-11-06,000100.SZ,3.25,3.58,3.23,3.56,546858100.0,1862051830.5000002
2017-11-06,000157.SZ,3.05,3.09,3.02,3.08,30766500.0,94299322.5
2017-11-07,000157.SZ,3.08,3.1,3.07,3.09,27894800.0,86055458.0
2017-11-07,000100.SZ,3.58,3.76,3.56,3.65,618498800.0,2235873162.0
2017-11-07,000166.SZ,4.87,4.94,4.86,4.92,26018500.0,127360557.49999999
2017-11-08,000166.SZ,4.92,5.04,4.9,4.97,41800500.0,206703472.5
2017-11-08,000100.SZ,3.67,3.73,3.6,3.61,432903000.0,1575766919.9999998
2017-11-08,000157.SZ,3.09,3.11,3.08,3.1,33022300.0,102204018.49999999
2017-11-09,000100.SZ,3.6,3.9,3.59,3.81,449271000.0,1664549055.0
2017-11-09,000157.SZ,3.09,3.11,3.08,3.1,21000400.0,64996237.99999999
2017-11-09,000166.SZ,4.96,5.01,4.94,4.96,21254300.0,105421328.0
2017-11-10,000166.SZ,4.96,5.01,4.93,4.96,22113800.0,109684448.0
2017-11-10,000100.SZ,3.79,3.91,3.77,3.79,450889400.0,1708870826.0
2017-11-10,000157.SZ,3.09,3.14,3.08,3.13,47327800.0,147189458.0
2017-11-13,000157.SZ,3.12,3.15,3.09,3.11,35612400.0,110932626.00000001
2017-11-13,000100.SZ,3.8,3.86,3.74,3.77,319084100.0,1207733318.5
2017-11-13,000166.SZ,4.98,5.01,4.94,4.96,18909600.0,93980712.00000001
2017-11-14,000166.SZ,4.96,4.96,4.89,4.89,20794800.0,102414390.0
2017-11-14,000100.SZ,3.74,3.77,3.61,3.67,344955100.0,1278058645.5
2017-11-14,000157.SZ,3.11,3.11,3.06,3.07,36987700.0,114291993.0
2017-11-15,000157.SZ,3.07,3.09,3.05,3.05,22205200.0,67947911.99999999
2017-11-15,000100.SZ,3.66,3.73,3.64,3.67,219020700.0,802710865.5
2017-11-15,000166.SZ,4.89,4.91,4.87,4.89,15328600.0,74956854.0
2017-11-16,000166.SZ,4.89,4.91,4.87,4.87,17953700.0,87614056.0
2017-11-16,000100.SZ,3.66,3.73,3.54,3.7,259708400.0,955726912.0
2017-11-16,000157.SZ,3.05,3.07,3.04,3.05,21479000.0,65510949.99999999
2017-11-17,000157.SZ,3.05,3.09,3.02,3.03,51535100.0,156666704.0
2017-11-17,000100.SZ,3.68,3.77,3.54,3.56,267882600.0,969735012.0
2017-11-17,000166.SZ,4.86,4.92,4.8,4.89,44452400.0,216705450.0
2017-11-20,000166.SZ,4.87,4.89,4.82,4.86,22120600.0,107616719.0
2017-11-20,000100.SZ,3.51,3.59,3.39,3.58,266335700.0,944160056.5
2017-11-20,000157.SZ,3.02,3.02,2.97,3.01,38643800.0,116511056.99999999
2017-11-21,000157.SZ,3.01,3.05,3.0,3.05,30808700.0,93350361.0
2017-11-21,000100.SZ,3.55,3.69,3.54,3.68,374672400.0,1354440726.0
2017-11-21,000166.SZ,4.86,5.05,4.85,4.98,67449300.0,331850556.0
2017-11-22,000166.SZ,4.96,5.03,4.92,4.97,49941600.0,247960044.0
2017-11-22,000100.SZ,3.63,3.68,3.54,3.59,289742700.0,1045971147.0
2017-11-22,000157.SZ,3.05,3.05,3.03,3.04,26263800.0,79973271.0
2017-11-23,000157.SZ,3.03,3.07,3.0,3.0,29747500.0,89688712.49999999
2017-11-23,000100.SZ,3.51,3.52,3.24,3.28,369648400.0,1254956317.9999998
2017-11-23,000166.SZ,4.96,4.98,4.84,4.88,36890900.0,181503228.0
2017-11-24,000166.SZ,4.83,4.95,4.82,4.94,41829900.0,204339061.5
2017-11-24,000100.SZ,3.25,3.32,3.18,3.19,216728200.0,697864804.0
2017-11-24,000157.SZ,2.99,3.02,2.98,3.0,20021100.0,59963194.5
2017-11-27,000157.SZ,2.99,3.01,2.98,2.99,16987600.0,50792924.0
2017-11-27,000100.SZ,3.16,3.19,3.1,3.15,176052800.0,555446584.0
2017-11-27,000166.SZ,4.91,4.96,4.89,4.95,31620900.0,155891037.0
2017-11-28,000100.SZ,3.16,3.22,3.16,3.22,137686400.0,439219616.00000006
2017-11-28,000166.SZ,4.94,4.95,4.89,4.94,13796800.0,68156192.0
2017-11-28,000157.SZ,2.99,3.01,2.98,3.0,18029100.0,53997154.5
2017-11-29,000166.SZ,4.94,4.95,4.88,4.94,17483200.0,86367008.0
2017-11-29,000100.SZ,3.22,3.22,3.13,3.19,125960500.0,403703402.5
2017-11-29,000157.SZ,3.01,3.05,2.98,3.04,33512600.0,101375615.0
2017-11-30,000157.SZ,3.03,3.03,2.99,2.99,27125200.0,81646852.0
2017-11-30,000100.SZ,3.18,3.25,3.15,3.18,105691100.0,336097698.0
2017-11-30,000166.SZ,4.92,4.96,4.88,4.95,24685600.0,121823436.00000001
2017-12-01,000157.SZ,2.99,3.01,2.99,3.0,16740900.0,50138995.5
2017-12-01,000100.SZ,3.18,3.21,3.14,3.16,89832800.0,284769976.0
2017-12-01,000166.SZ,4.92,4.94,4.87,4.89,21859600.0,107221337.99999999
2017-12-04,000157.SZ,2.99,3.0,2.97,2.98,22610200.0,67491447.0
2017-12-04,000100.SZ,3.16,3.25,3.14,3.19,149860200.0,475806135.0
2017-12-04,000166.SZ,4.87,4.89,4.8,4.82,31172900.0,151032700.50000003
2017-12-05,000166.SZ,4.81,4.89,4.78,4.84,61128200.0,294943564.99999994
2017-12-05,000100.SZ,3.16,3.22,3.08,3.1,154337000.0,483074810.0
2017-12-05,000157.SZ,2.98,2.98,2.87,2.88,51017700.0,149481861.0
2017-12-06,000157.SZ,2.88,2.89,2.86,2.89,31079100.0,89663203.5
2017-12-06,000100.SZ,3.09,3.15,3.04,3.15,146712700.0,457743624.0
2017-12-06,000166.SZ,4.82,4.85,4.79,4.83,22668500.0,109375512.5
2017-12-07,000100.SZ,3.13,3.13,3.07,3.07,87302900.0,270638989.99999994
2017-12-07,000166.SZ,4.82,4.82,4.79,4.8,13789700.0,66328457.00000001
2017-12-07,000157.SZ,2.89,2.9,2.88,2.89,21551500.0,62283835.0
2017-12-08,000157.SZ,2.88,2.9,2.87,2.89,20294100.0,58548478.49999999
2017-12-08,000166.SZ,4.81,4.82,4.79,4.81,14691200.0,70664672.0
2017-12-08,000100.SZ,3.08,3.15,3.06,3.12,130266500.0,403826150.0
2017-12-11,000100.SZ,3.12,3.2,3.1,3.18,139353300.0,438962895.00000006
2017-12-11,000166.SZ,4.81,4.82,4.79,4.82,18392000.0,88557479.99999999
2017-12-11,000157.SZ,2.88,2.92,2.88,2.91,28532800.0,82602456.0
2017-12-12,000157.SZ,2.91,2.93,2.88,2.88,21972200.0,63609519.0
2017-12-12,000100.SZ,3.17,3.19,3.1,3.1,99057600.0,310545576.0
2017-12-12,000166.SZ,4.81,4.82,4.74,4.74,20244500.0,96667487.5
2017-12-13,000157.SZ,2.88,2.9,2.88,2.9,15121600.0,43701423.99999999
2017-12-13,000100.SZ,3.1,3.14,3.06,3.13,77423000.0,241172645.00000003
2017-12-13,000166.SZ,4.73,4.75,4.7,4.73,15481200.0,73226076.0
2017-12-14,000157.SZ,2.89,2.95,2.88,2.92,33584600.0,97563263.00000001
2017-12-14,000166.SZ,4.73,4.75,4.7,4.7,12610500.0,59458507.5
2017-12-14,000100.SZ,3.12,3.15,3.08,3.1,111984900.0,348273039.00000006
2017-12-15,000100.SZ,3.1,3.1,3.0,3.01,129612600.0,395966492.99999994
2017-12-15,000166.SZ,4.7,4.71,4.67,4.68,18004600.0,84441573.99999999
2017-12-15,000157.SZ,2.9,2.91,2.88,2.9,20253200.0,58734280.0
2017-12-18,000157.SZ,2.89,2.92,2.88,2.9,15492100.0,44849629.5
2017-12-18,000166.SZ,4.68,4.69,4.64,4.65,13269500.0,61902217.5
2017-12-18,000100.SZ,3.0,3.03,2.99,3.0,56847900.0,170543700.0
2017-12-19,000100.SZ,3.0,3.09,3.0,3.08,101551900.0,308717776.0
2017-12-19,000166.SZ,4.67,4.69,4.65,4.68,12044500.0,56308037.5
2017-12-19,000157.SZ,2.9,2.92,2.9,2.92,17361000.0,50520510.0
2017-12-20,000157.SZ,2.92,2.92,2.88,2.89,16110400.0,46800712.00000001
2017-12-20,000166.SZ,4.68,4.68,4.62,4.62,16293100.0,75762915.0
2017-12-20,000100.SZ,3.07,3.09,3.02,3.04,60829800.0,185835038.99999997
2017-12-21,000100.SZ,3.04,3.11,3.0,3.1,111435100.0,342105757.00000006
2017-12-21,000166.SZ,4.62,4.64,4.58,4.62,19732800.0,91165536.0
2017-12-21,000157.SZ,2.9,2.92,2.87,2.9,23978900.0,69538810.0
2017-12-22,000157.SZ,2.91,2.91,2.88,2.89,17408300.0,50484070.00000001
2017-12-22,000100.SZ,3.1,3.11,3.06,3.06,76944100.0,236987828.0
2017-12-22,000166.SZ,4.62,4.64,4.59,4.6,10165500.0,46862954.99999999
2017-12-25,000157.SZ,2.9,2.93,2.89,2.9,26059600.0,75572840.0
2017-12-25,000100.SZ,3.07,3.08,2.91,2.94,161129000.0,484192645.0
2017-12-25,000166.SZ,4.6,4.62,4.51,4.53,18423000.0,84100994.99999999
2017-12-26,000157.SZ,2.91,3.09,2.89,3.05,98528400.0,293614632.0
2017-12-26,000100.SZ,2.94,2.95,2.89,2.94,87323900.0,256732266.0
2017-12-26,000166.SZ,4.52,4.56,4.52,4.55,18586400.0,84289324.0
2017-12-27,000166.SZ,4.55,4.58,4.5,4.55,23636600.0,107546530.0
2017-12-27,000100.SZ,2.94,2.97,2.91,2.92,79675200.0,233448335.99999997
2017-12-27,000157.SZ,3.03,3.06,2.99,3.0,65608100.0,197808421.49999997
2017-12-28,000157.SZ,3.01,3.08,2.98,3.03,54122200.0,163449043.99999997
2017-12-28,000100.SZ,2.91,2.95,2.9,2.91,75985400.0,221117514.0
2017-12-28,000166.SZ,4.55,4.66,4.54,4.62,42635900.0,195485601.5
2017-12-29,000166.SZ,4.62,4.7,4.62,4.69,39807100.0,185302050.5
2017-12-29,000100.SZ,2.92,2.97,2.91,2.97,100382100.0,295625284.5
2017-12-29,000157.SZ,3.03,3.05,3.01,3.04,26224500.0,79591357.5
2018-01-02,000157.SZ,3.03,3.12,3.03,3.09,66321800.0,202944707.99999997
2018-01-02,000100.SZ,2.95,3.0,2.95,2.97,89191400.0,264006544.0
2018-01-02,000166.SZ,4.69,4.71,4.65,4.69,17664800.0,82847912.0
2018-01-03,000166.SZ,4.67,4.73,4.67,4.69,24406100.0,114220548.0
2018-01-03,000100.SZ,2.97,3.05,2.96,3.03,146096700.0,438290100.0
2018-01-03,000157.SZ,3.09,3.09,3.07,3.08,42746600.0,131873261.0
2018-01-04,000157.SZ,3.07,3.07,3.03,3.07,41294800.0,126775036.0
2018-01-04,000100.SZ,3.03,3.06,3.0,3.01,93109800.0,281191595.99999994
2018-01-04,000166.SZ,4.68,4.69,4.64,4.65,20510500.0,95681482.5
2018-01-05,000166.SZ,4.65,4.69,4.64,4.67,22522300.0,104953918.0
2018-01-05,000100.SZ,3.02,3.02,2.97,2.98,89527800.0,268583400.0
2018-01-05,000157.SZ,3.06,3.16,3.04,3.11,89649800.0,276569633.0
2018-01-08,000157.SZ,3.1,3.21,3.09,3.17,104300500.0,326982067.5
2018-01-08,000100.SZ,2.98,2.99,2.92,2.95,119551900.0,354471383.5
2018-01-08,000166.SZ,4.67,4.75,4.63,4.71,35223800.0,165199621.99999997
2018-01-09,000166.SZ,4.7,4.75,4.67,4.68,20502600.0,96157193.99999999
2018-01-09,000100.SZ,2.94,3.08,2.93,3.06,246485300.0,739455900.0
2018-01-09,000157.SZ,3.17,3.19,3.13,3.15,41545200.0,131282832.0
2018-01-10,000157.SZ,3.16,3.17,3.11,3.14,38330100.0,120739815.00000001
2018-01-10,000100.SZ,3.04,3.07,3.01,3.03,193201000.0,586365035.0
2018-01-10,000166.SZ,4.68,4.7,4.63,4.65,18357500.0,85637737.5
2018-01-11,000166.SZ,4.65,4.66,4.63,4.65,13923200.0,64742880.00000001
2018-01-11,000100.SZ,3.03,3.04,3.0,3.01,100425900.0,303286217.99999994
2018-01-11,000157.SZ,3.14,3.14,3.09,3.11,35273100.0,110228437.5
2018-01-12,000100.SZ,3.01,3.1,3.01,3.04,173541800.0,524963945.0
2018-01-12,000166.SZ,4.66,4.69,4.64,4.65,13356700.0,62175438.5
2018-01-12,000157.SZ,3.11,3.13,3.09,3.09,26922000.0,83458199.99999999
2018-01-15,000166.SZ,4.65,4.65,4.58,4.59,23951900.0,110657778.0
2018-01-15,000157.SZ,3.09,3.11,3.04,3.05,48172300.0,147888961.0
2018-01-15,000100.SZ,3.04,3.12,3.0,3.06,264265500.0,806009775.0
2018-01-16,000100.SZ,3.13,3.15,3.06,3.08,239778700.0,744512863.5
2018-01-16,000166.SZ,4.6,4.64,4.58,4.64,17276200.0,79816043.99999999
2018-01-16,000157.SZ,3.07,3.11,3.05,3.11,50653300.0,156518697.0
2018-01-17,000157.SZ,3.11,3.12,3.05,3.1,56442100.0,175252720.5
2018-01-17,000166.SZ,4.64,4.86,4.64,4.77,84212200.0,396218401.0
2018-01-17,000100.SZ,3.09,3.1,2.97,2.98,272709800.0,827674243.0
2018-01-18,000100.SZ,2.98,2.99,2.94,2.96,139772800.0,415125215.99999994
2018-01-18,000166.SZ,4.78,4.83,4.74,4.77,37598600.0,179533315.0
2018-01-18,000157.SZ,3.09,3.14,3.07,3.14,43383500.0,135139602.5
2018-01-19,000166.SZ,4.76,4.95,4.76,4.88,82649500.0,398370590.0
2018-01-19,000157.SZ,3.18,3.2,3.14,3.14,70881700.0,223986172.0
2018-01-19,000100.SZ,2.96,3.0,2.95,2.96,156278400.0,462584064.0
2018-01-22,000100.SZ,2.95,2.95,2.87,2.95,188789100.0,556927845.0
2018-01-22,000157.SZ,3.14,3.17,3.09,3.17,55311300.0,174507151.5
2018-01-22,000166.SZ,4.85,4.92,4.82,4.88,49423100.0,240443381.5
2018-01-23,000157.SZ,3.16,3.18,3.14,3.16,50814800.0,160574768.0
2018-01-23,000166.SZ,4.85,4.92,4.83,4.86,42387600.0,205791798.00000003
2018-01-23,000100.SZ,2.93,2.95,2.9,2.92,146405800.0,428236965.0
2018-01-24,000166.SZ,4.86,4.97,4.82,4.97,90279400.0,443723251.0
2018-01-24,000100.SZ,2.91,2.92,2.86,2.9,203144400.0,590134482.0
2018-01-24,000157.SZ,3.16,3.18,3.12,3.15,45213500.0,142648592.5
2018-01-25,000166.SZ,4.92,4.94,4.84,4.85,62808600.0,306820011.0
2018-01-25,000157.SZ,3.14,3.2,3.13,3.18,78055700.0,246656012.0
2018-01-25,000100.SZ,2.9,2.9,2.86,2.88,137848300.0,398381586.99999994
2018-01-26,000166.SZ,4.82,4.91,4.82,4.89,41085100.0,199468160.50000003
2018-01-26,000100.SZ,2.88,2.9,2.83,2.83,193150000.0,551443250.0
2018-01-26,000157.SZ,3.16,3.18,3.14,3.15,49483000.0,156118865.0
2018-01-29,000166.SZ,4.87,4.96,4.85,4.89,48410800.0,236244704.0
2018-01-29,000100.SZ,2.78,2.81,2.72,2.74,223859300.0,617851668.0
2018-01-29,000157.SZ,3.15,3.18,3.08,3.09,59224500.0,184780440.0
2018-01-30,000166.SZ,4.88,4.89,4.76,4.78,52301300.0,252615279.0
2018-01-30,000100.SZ,2.74,2.77,2.74,2.75,77451700.0,212604916.5
2018-01-30,000157.SZ,3.07,3.09,3.05,3.06,38885500.0,119184057.5
2018-01-31,000100.SZ,2.75,2.76,2.7,2.71,94336500.0,257538645.0
2018-01-31,000157.SZ,3.06,3.07,3.04,3.05,34540700.0,105521838.49999999
2018-01-31,000166.SZ,4.77,4.77,4.63,4.67,45781600.0,216089152.0
2018-02-01,000166.SZ,4.69,4.7,4.59,4.64,48241900.0,225048463.5
2018-02-01,000157.SZ,3.05,3.06,2.94,2.96,66375500.0,199458377.5
2018-02-01,000100.SZ,2.71,2.72,2.59,2.59,183545500.0,486395575.0
2018-02-02,000166.SZ,4.62,4.69,4.58,4.69,30149200.0,140344526.0
2018-02-02,000157.SZ,2.96,2.99,2.9,2.97,39034300.0,115736699.5
2018-02-02,000100.SZ,2.57,2.64,2.56,2.63,102930500.0,267619299.99999997
2018-02-05,000100.SZ,2.6,2.65,2.59,2.65,69427900.0,182248237.5
2018-02-05,000157.SZ,2.93,3.01,2.92,3.0,31748600.0,94134599.0
2018-02-05,000166.SZ,4.63,4.74,4.61,4.69,29844100.0,139073506.0
2018-02-06,000166.SZ,4.63,4.69,4.61,4.65,58723400.0,272476576.00000006
2018-02-06,000157.SZ,2.96,2.99,2.9,2.9,47745000.0,139892850.0
2018-02-06,000100.SZ,2.61,2.64,2.55,2.55,95686500.0,246871170.0
2018-02-07,000166.SZ,4.68,4.7,4.51,4.55,47010600.0,216953919.0
2018-02-07,000157.SZ,2.94,2.98,2.86,2.92,41159600.0,120597627.99999999
2018-02-07,000100.SZ,2.59,2.6,2.52,2.55,76673500.0,197050895.0
2018-02-08,000100.SZ,2.55,2.65,2.53,2.64,113239600.0,293856762.0
2018-02-08,000157.SZ,2.9,2.96,2.89,2.94,35782200.0,104484024.0
2018-02-08,000166.SZ,4.55,4.58,4.52,4.56,22985300.0,104698041.5
2018-02-09,000166.SZ,4.49,4.5,4.22,4.37,52985800.0,234727093.99999997
2018-02-09,000157.SZ,2.88,2.9,2.79,2.82,55480700.0,158119994.99999997
2018-02-09,000100.SZ,2.6,2.62,2.51,2.54,107799600.0,277044972.00000006
2018-02-12,000157.SZ,2.84,2.87,2.83,2.86,21788800.0,62098079.99999999
2018-02-12,000100.SZ,2.56,2.61,2.54,2.59,62957900.0,162116592.5
2018-02-12,000166.SZ,4.37,4.4,4.32,4.34,21832500.0,95080537.50000001
2018-02-13,000166.SZ,4.35,4.39,4.33,4.33,19457600.0,84445984.0
2018-02-13,000157.SZ,2.88,2.91,2.87,2.88,19716300.0,56782944.0
2018-02-13,000100.SZ,2.61,2.64,2.58,2.59,69261800.0,180080679.99999997
2018-02-14,000100.SZ,2.57,2.62,2.54,2.62,70085000.0,181870574.99999997
2018-02-14,000157.SZ,2.88,2.89,2.86,2.88,16595700.0,47795616.0
2018-02-14,000166.SZ,4.32,4.34,4.31,4.34,12143200.0,52580056.0
2018-02-22,000166.SZ,4.37,4.4,4.34,4.35,27738800.0,120941167.99999999
2018-02-22,000157.SZ,2.9,2.92,2.9,2.91,24927900.0,72415549.5
2018-02-22,000100.SZ,2.61,2.65,2.6,2.64,68971500.0,181050187.5
2018-02-23,000100.SZ,2.64,2.65,2.59,2.61,83330800.0,218743350.0
2018-02-23,000157.SZ,2.91,2.92,2.9,2.91,15246200.0,44366442.0
2018-02-23,000166.SZ,4.35,4.39,4.34,4.36,15051800.0,65550589.00000001
2018-02-26,000166.SZ,4.37,4.44,4.35,4.43,27831700.0,122459480.00000001
2018-02-26,000100.SZ,2.63,2.8,2.62,2.79,267577700.0,725135567.0
2018-02-26,000157.SZ,2.92,2.97,2.92,2.94,30898900.0,90533776.99999999
2018-02-27,000100.SZ,2.78,2.84,2.73,2.83,227631100.0,638505235.4999999
2018-02-27,000166.SZ,4.42,4.42,4.38,4.4,23301000.0,102757410.0
2018-02-27,000157.SZ,2.94,2.95,2.91,2.92,22782600.0,66753017.99999999
2018-02-28,000157.SZ,2.91,2.92,2.88,2.91,18066300.0,52572933.0
2018-02-28,000166.SZ,4.38,4.42,4.33,4.38,22719000.0,99509220.0
2018-02-28,000100.SZ,2.79,2.87,2.77,2.85,188003000.0,530168460.00000006
2018-03-01,000157.SZ,2.89,2.92,2.88,2.91,24058600.0,69769940.00000001
2018-03-01,000100.SZ,2.81,2.87,2.8,2.82,122098300.0,343706714.5
2018-03-01,000166.SZ,4.36,4.39,4.34,4.39,16447900.0,71959562.5
2018-03-02,000166.SZ,4.36,4.38,4.34,4.35,14767800.0,64313769.00000001
2018-03-02,000157.SZ,2.9,2.91,2.89,2.89,18337300.0,53086483.5
2018-03-02,000100.SZ,2.79,2.82,2.73,2.77,111595500.0,310235490.0
2018-03-05,000100.SZ,2.78,2.78,2.7,2.74,134496500.0,371210340.0
2018-03-05,000157.SZ,2.89,2.9,2.88,2.9,14145500.0,40951222.5
2018-03-05,000166.SZ,4.34,4.37,4.34,4.36,13701000.0,59599349.99999999
2018-03-06,000166.SZ,4.36,4.41,4.35,4.41,26507200.0,116234072.0
2018-03-06,000157.SZ,2.9,2.94,2.89,2.93,29939400.0,87273351.0
2018-03-06,000100.SZ,2.75,2.92,2.72,2.88,263560100.0,741921681.5
2018-03-07,000100.SZ,2.86,2.93,2.84,2.86,152939500.0,437406970.0
2018-03-07,000157.SZ,2.92,2.97,2.92,2.93,29851100.0,87314467.5
2018-03-07,000166.SZ,4.41,4.42,4.35,4.36,21538100.0,94444568.5
2018-03-08,000157.SZ,2.92,2.94,2.92,2.94,17670700.0,51775150.99999999
2018-03-08,000166.SZ,4.35,4.4,4.35,4.39,15527500.0,67855174.99999999
2018-03-08,000100.SZ,2.86,2.95,2.84,2.9,134584700.0,387603936.0
2018-03-09,000100.SZ,2.9,2.91,2.86,2.9,125911600.0,365143640.0
2018-03-09,000166.SZ,4.39,4.44,4.38,4.42,23386100.0,103015770.49999999
2018-03-09,000157.SZ,2.94,2.94,2.92,2.94,21273500.0,62544090.0
2018-03-12,000166.SZ,4.45,4.48,4.41,4.44,33979300.0,151037988.5
2018-03-12,000157.SZ,2.95,2.96,2.94,2.96,26238400.0,77534472.0
2018-03-12,000100.SZ,2.92,2.98,2.9,2.94,173666400.0,508842551.99999994
2018-03-13,000157.SZ,2.96,2.97,2.92,2.93,22149800.0,65231161.00000001
2018-03-13,000100.SZ,2.97,3.0,2.91,2.92,167190200.0,492375139.00000006
2018-03-13,000166.SZ,4.43,4.43,4.4,4.4,20846700.0,92038180.5
2018-03-14,000166.SZ,4.4,4.41,4.37,4.39,15943700.0,70072561.5
2018-03-14,000157.SZ,2.93,2.93,2.91,2.92,15299500.0,44751037.5
2018-03-14,000100.SZ,2.89,2.95,2.86,2.89,140142300.0,405011247.0
2018-03-15,000100.SZ,2.87,2.94,2.86,2.89,100013100.0,288037728.0
2018-03-15,000157.SZ,2.91,2.92,2.89,2.9,16334700.0,47452303.50000001
2018-03-15,000166.SZ,4.38,4.4,4.35,4.36,15133300.0,66132521.0
2018-03-16,000166.SZ,4.36,4.39,4.35,4.35,16557400.0,72107477.0
2018-03-16,000157.SZ,2.9,2.92,2.9,2.9,13370000.0,38773000.0
2018-03-16,000100.SZ,2.89,2.94,2.88,2.9,123795500.0,358387972.5
2018-03-19,000100.SZ,2.89,2.93,2.87,2.87,110316100.0,317710368.0
2018-03-19,000157.SZ,2.9,2.91,2.89,2.9,10639300.0,30853970.0
2018-03-19,000166.SZ,4.35,4.41,4.34,4.4,20439300.0,89421937.5
2018-03-20,000166.SZ,4.39,4.4,4.36,4.38,11461200.0,50257362.0
2018-03-20,000157.SZ,2.89,2.9,2.87,2.89,15734100.0,45471549.0
2018-03-20,000100.SZ,2.85,2.87,2.81,2.85,95743900.0,272870115.0
2018-03-21,000157.SZ,2.89,2.91,2.88,2.89,15190100.0,43899389.0
2018-03-21,000166.SZ,4.38,4.44,4.37,4.38,31815700.0,139352766.0
2018-03-21,000100.SZ,2.85,2.9,2.81,2.81,110464400.0,312614252.0
2018-03-22,000157.SZ,2.88,2.9,2.87,2.88,16095700.0,46355616.0
2018-03-22,000166.SZ,4.37,4.41,4.34,4.35,18676600.0,81429975.99999999
2018-03-22,000100.SZ,2.82,2.84,2.75,2.78,134198700.0,375756360.0
2018-03-23,000166.SZ,4.3,4.34,4.11,4.32,63702000.0,274555620.00000006
2018-03-23,000100.SZ,2.66,2.68,2.53,2.65,247608400.0,657400302.0000001
2018-03-23,000157.SZ,2.82,2.87,2.74,2.87,68277400.0,194249202.99999997
2018-03-26,000157.SZ,2.82,2.85,2.79,2.84,21441900.0,60680577.0
2018-03-26,000166.SZ,4.24,4.28,4.21,4.27,17342800.0,73793614.0
2018-03-26,000100.SZ,2.59,2.62,2.56,2.61,114462400.0,297602239.99999994
2018-03-27,000166.SZ,4.3,4.32,4.27,4.3,19828300.0,85261690.0
2018-03-27,000157.SZ,2.86,2.87,2.84,2.86,20219900.0,57828914.0
2018-03-27,000100.SZ,2.65,2.68,2.62,2.64,104536900.0,276500100.5
2018-03-28,000166.SZ,4.27,4.29,4.24,4.28,13652400.0,58364010.00000001
2018-03-28,000157.SZ,2.84,2.85,2.82,2.85,17188100.0,48900144.49999999
2018-03-28,000100.SZ,2.61,2.62,2.57,2.6,76661400.0,199702947.0
2018-03-29,000166.SZ,4.28,4.37,4.26,4.32,28014900.0,120464070.00000001
2018-03-29,000100.SZ,2.61,2.65,2.58,2.63,79291500.0,207743730.0
2018-03-29,000157.SZ,2.84,2.88,2.84,2.86,23831100.0,67918634.99999999
2018-03-30,000157.SZ,2.88,2.89,2.86,2.86,15206500.0,43642655.0
2018-03-30,000100.SZ,2.64,2.65,2.62,2.64,60069700.0,158584008.0
2018-03-30,000166.SZ,4.32,4.34,4.31,4.34,14348500.0,62129005.0
2018-04-02,000100.SZ,2.65,2.69,2.64,2.67,91380400.0,243071864.0
2018-04-02,000157.SZ,2.89,2.89,2.86,2.88,23752000.0,68524520.0
2018-04-02,000166.SZ,4.34,4.41,4.32,4.34,22510600.0,97696004.0
2018-04-03,000157.SZ,2.84,2.86,2.84,2.86,20969300.0,59762504.99999999
2018-04-03,000166.SZ,4.32,4.34,4.29,4.3,15987600.0,68906556.00000001
2018-04-03,000100.SZ,2.63,2.64,2.6,2.62,70492000.0,185041500.0
2018-04-04,000100.SZ,2.63,2.65,2.6,2.62,70152900.0,184151362.5
2018-04-04,000166.SZ,4.32,4.34,4.27,4.27,13228100.0,56814689.5
2018-04-04,000157.SZ,2.87,2.88,2.84,2.86,19713600.0,56479464.00000001
2018-04-09,000157.SZ,2.85,2.86,2.81,2.82,27222100.0,77174653.5
2018-04-09,000100.SZ,2.6,2.62,2.52,2.59,85763000.0,222554984.99999997
2018-04-09,000166.SZ,4.27,4.28,4.25,4.25,13637900.0,58097454.0
2018-04-10,000157.SZ,2.83,2.86,2.82,2.85,19795200.0,56218368.0
2018-04-10,000166.SZ,4.26,4.32,4.25,4.29,17501900.0,74820622.5
2018-04-10,000100.SZ,2.6,2.64,2.57,2.64,61727200.0,161725264.0
2018-04-11,000157.SZ,2.86,2.86,2.84,2.86,20645200.0,59045272.0
2018-04-11,000100.SZ,2.64,2.65,2.62,2.64,53237600.0,140547264.0
2018-04-11,000166.SZ,4.31,4.32,4.28,4.29,15548000.0,66856400.0
2018-04-12,000100.SZ,2.64,2.64,2.6,2.62,45920200.0,120770126.0
2018-04-12,000166.SZ,4.29,4.31,4.25,4.25,19581100.0,83611296.99999999
2018-04-12,000157.SZ,2.85,2.86,2.83,2.84,14383600.0,40921342.0
2018-04-13,000157.SZ,2.85,2.86,2.83,2.84,11594700.0,32986921.499999996
2018-04-13,000166.SZ,4.27,4.28,4.23,4.24,12183000.0,51838665.0
2018-04-13,000100.SZ,2.65,2.67,2.61,2.62,61892100.0,163085683.5
2018-04-16,000166.SZ,4.23,4.24,4.17,4.18,15663900.0,65866699.5
2018-04-16,000100.SZ,2.61,2.62,2.56,2.58,59988900.0,155671195.49999997
2018-04-16,000157.SZ,2.85,2.87,2.83,2.84,24426200.0,69492539.0
2018-04-17,000157.SZ,2.84,2.85,2.82,2.82,16170300.0,45761949.0
2018-04-17,000100.SZ,2.59,2.6,2.55,2.55,50022200.0,128557053.99999999
2018-04-17,000166.SZ,4.18,4.23,4.17,4.17,16406300.0,68496302.5
2018-04-18,000166.SZ,4.21,4.21,4.16,4.19,16073900.0,67510380.0
2018-04-18,000157.SZ,2.84,2.84,2.8,2.83,18562100.0,52623553.5
2018-04-18,000100.SZ,2.56,2.58,2.41,2.49,135063300.0,341034832.50000006
2018-04-19,000157.SZ,2.83,2.84,2.82,2.84,15635500.0,44326642.5
2018-04-19,000100.SZ,2.47,2.52,2.46,2.51,54147600.0,134827524.0
2018-04-19,000166.SZ,4.19,4.22,4.18,4.19,18489100.0,77469329.0
2018-04-20,000157.SZ,2.84,2.84,2.8,2.82,23984800.0,67876984.0
2018-04-20,000166.SZ,4.18,4.18,4.1,4.1,19093600.0,79047504.0
2018-04-20,000100.SZ,2.51,2.51,2.44,2.45,73455900.0,182170632.0
2018-04-23,000100.SZ,2.45,2.48,2.43,2.46,68118900.0,167231899.5
2018-04-23,000157.SZ,2.81,2.82,2.8,2.82,16143600.0,45444234.0
2018-04-23,000166.SZ,4.11,4.12,4.05,4.06,19557000.0,79890345.0
2018-04-24,000166.SZ,4.06,4.14,4.06,4.13,17715300.0,72544153.5
2018-04-24,000157.SZ,2.81,2.85,2.8,2.84,24113900.0,68121767.5
2018-04-24,000100.SZ,2.45,2.51,2.44,2.49,64265200.0,158735044.0
2018-04-25,000157.SZ,2.84,2.84,2.82,2.84,14108800.0,40068992.0
2018-04-25,000100.SZ,2.48,2.54,2.47,2.53,68620700.0,171894853.5
2018-04-25,000166.SZ,4.11,4.12,4.07,4.08,17110800.0,70068726.00000001
2018-04-26,000166.SZ,4.09,4.09,4.02,4.02,17588800.0,71322584.0
2018-04-26,000100.SZ,2.52,2.52,2.46,2.49,59109500.0,148069297.5
2018-04-26,000157.SZ,2.84,2.85,2.82,2.83,16522800.0,46842138.0
2018-04-27,000100.SZ,2.5,2.51,2.46,2.47,52860200.0,131357597.00000001
2018-04-27,000166.SZ,4.03,4.07,4.02,4.05,14570300.0,58864012.0
2018-04-27,000157.SZ,2.83,2.86,2.82,2.86,22964500.0,65334002.49999999
2018-05-02,000157.SZ,2.85,2.87,2.84,2.86,26505200.0,75672346.0
2018-05-02,000166.SZ,4.09,4.18,4.09,4.15,44512500.0,183391500.0
2018-05-02,000100.SZ,2.48,2.49,2.47,2.48,49380000.0,122462400.0
2018-05-03,000166.SZ,4.15,4.3,4.14,4.27,56538600.0,238027506.0
2018-05-03,000100.SZ,2.49,2.57,2.47,2.55,83207400.0,209682648.0
2018-05-03,000157.SZ,2.85,2.88,2.84,2.88,27598200.0,79068843.0
2018-05-04,000157.SZ,2.87,2.88,2.86,2.88,16277700.0,46798387.5
2018-05-04,000166.SZ,4.27,4.28,4.24,4.27,26743400.0,114194317.99999999
2018-05-04,000100.SZ,2.54,2.54,2.51,2.52,53480900.0,135306677.0
2018-05-07,000100.SZ,2.53,2.56,2.52,2.55,52045300.0,132195062.0
2018-05-07,000166.SZ,4.27,4.35,4.27,4.29,32836600.0,140540647.99999997
2018-05-07,000157.SZ,2.88,2.9,2.88,2.9,26022200.0,75204157.99999999
2018-05-08,000157.SZ,2.89,2.9,2.88,2.88,21019900.0,60642411.49999999
2018-05-08,000166.SZ,4.29,4.32,4.27,4.31,18115800.0,77897940.0
2018-05-08,000100.SZ,2.55,2.58,2.54,2.57,59127100.0,151365375.99999997
2018-05-09,000100.SZ,2.56,2.57,2.52,2.54,62058900.0,158250195.0
2018-05-09,000157.SZ,2.89,2.9,2.88,2.89,18182700.0,52548003.0
2018-05-09,000166.SZ,4.32,4.32,4.22,4.26,19433000.0,83367570.0
2018-05-10,000166.SZ,4.27,4.31,4.26,4.29,25389800.0,108668343.99999999
2018-05-10,000100.SZ,2.55,2.56,2.52,2.53,55558500.0,141118590.0
2018-05-10,000157.SZ,2.89,2.9,2.89,2.9,19718100.0,57083899.5
2018-05-11,000166.SZ,4.29,4.31,4.27,4.27,16556400.0,70861391.99999999
2018-05-11,000157.SZ,2.91,2.91,2.88,2.88,18395600.0,53255262.0
2018-05-11,000100.SZ,2.54,2.55,2.5,2.51,50650500.0,127892512.5
2018-05-14,000100.SZ,2.51,2.53,2.5,2.52,63421500.0,159505072.49999997
2018-05-14,000157.SZ,2.88,2.9,2.88,2.88,17236400.0,49640832.0
2018-05-14,000166.SZ,4.28,4.31,4.27,4.29,16109800.0,69030493.0
2018-05-15,000166.SZ,4.3,4.3,4.26,4.28,17687700.0,75880233.0
2018-05-15,000100.SZ,2.52,2.52,2.49,2.51,47981000.0,120672214.99999999
2018-05-15,000157.SZ,2.89,2.94,2.88,2.94,46011700.0,134124105.5
2018-05-16,000166.SZ,4.27,4.27,4.22,4.23,16006500.0,68027625.0
2018-05-16,000100.SZ,2.51,2.52,2.49,2.49,44815000.0,112037500.0
2018-05-16,000157.SZ,2.93,2.93,2.9,2.91,23250200.0,67890584.0
2018-05-17,000157.SZ,2.91,2.92,2.89,2.9,16291500.0,47326807.50000001
2018-05-17,000166.SZ,4.23,4.24,4.2,4.2,14964400.0,63074946.0
2018-05-17,000100.SZ,2.49,2.49,2.45,2.46,54706400.0,135398340.0
2018-05-18,000157.SZ,2.9,2.92,2.89,2.92,15742100.0,45809511.0
2018-05-18,000166.SZ,4.2,4.23,4.19,4.22,18136800.0,76355928.0
2018-05-18,000100.SZ,2.45,2.48,2.45,2.47,37639400.0,92592924.0
2018-05-21,000166.SZ,4.25,4.29,4.24,4.27,21447800.0,91367628.0
2018-05-21,000100.SZ,2.5,2.52,2.49,2.5,83476200.0,208690500.0
2018-05-21,000157.SZ,2.93,2.94,2.92,2.93,22138300.0,64865219.0
2018-05-22,000166.SZ,4.27,4.27,4.22,4.25,15967900.0,68023254.0
2018-05-22,000157.SZ,2.93,2.94,2.91,2.93,15430200.0,45210486.0
2018-05-22,000100.SZ,2.5,2.5,2.48,2.49,44470800.0,110954646.0
2018-05-23,000100.SZ,2.52,2.52,2.48,2.48,68411300.0,171028250.0
2018-05-23,000166.SZ,4.25,4.26,4.22,4.22,14312600.0,60613860.99999999
2018-05-23,000157.SZ,2.92,2.93,2.9,2.9,14722300.0,42841893.0
2018-05-24,000157.SZ,2.9,2.91,2.89,2.89,12174600.0,35245467.0
2018-05-24,000166.SZ,4.22,4.23,4.15,4.16,16811700.0,70441022.99999999
2018-05-24,000100.SZ,2.47,2.49,2.45,2.46,56916300.0,140298679.5
2018-05-25,000166.SZ,4.16,4.18,4.11,4.12,15769900.0,65287386.00000001
2018-05-25,000100.SZ,2.46,2.47,2.45,2.45,48272600.0,118509233.0
2018-05-25,000157.SZ,2.89,2.9,2.88,2.88,12389700.0,35744284.5
2018-05-28,000157.SZ,2.88,2.88,2.86,2.86,14543500.0,41739845.0
2018-05-28,000100.SZ,2.46,2.46,2.43,2.43,41200100.0,100734244.50000001
2018-05-28,000166.SZ,4.12,4.14,4.09,4.12,12037600.0,49594912.0
2018-05-29,000100.SZ,2.43,2.46,2.43,2.45,38431300.0,93772372.00000001
2018-05-29,000166.SZ,4.11,4.13,4.06,4.08,15953000.0,65327535.00000001
2018-05-29,000157.SZ,2.86,2.87,2.84,2.84,13447100.0,38324234.99999999
2018-05-30,000157.SZ,2.82,2.82,2.77,2.78,32014300.0,89640040.0
2018-05-30,000100.SZ,2.42,2.43,2.38,2.39,68133800.0,163861789.00000003
2018-05-30,000166.SZ,4.05,4.07,3.95,3.98,29857700.0,119878665.49999999
2018-05-31,000157.SZ,2.79,2.84,2.77,2.84,32259100.0,90809366.5
2018-05-31,000100.SZ,2.41,2.47,2.39,2.44,82869300.0,200958052.5
2018-05-31,000166.SZ,3.99,4.05,3.99,4.05,27224500.0,109442489.99999999
2018-06-01,000166.SZ,4.01,4.12,3.99,4.07,24874400.0,100492576.0
2018-06-01,000157.SZ,2.83,2.88,2.8,2.86,34879700.0,99232746.49999999
2018-06-01,000100.SZ,2.43,2.44,2.41,2.43,49333500.0,119880405.00000001
2018-06-04,000157.SZ,2.86,2.88,2.83,2.86,20339000.0,58169540.0
2018-06-04,000100.SZ,2.45,2.47,2.44,2.46,52933800.0,129952479.0
2018-06-04,000166.SZ,4.07,4.07,4.01,4.03,13309700.0,53904285.00000001
2018-06-05,000157.SZ,2.86,2.86,2.82,2.86,16082700.0,45996522.0
2018-06-05,000100.SZ,2.46,2.52,2.45,2.51,87201100.0,216694733.5
2018-06-05,000166.SZ,4.04,4.06,4.0,4.06,15564800.0,63037440.0
2018-06-06,000157.SZ,2.85,2.87,2.82,2.86,13425200.0,38328946.0
2018-06-06,000100.SZ,2.5,2.51,2.47,2.5,51428600.0,128571500.0
2018-06-06,000166.SZ,4.04,4.09,4.03,4.06,12863300.0,52096365.0
2018-06-07,000157.SZ,2.86,2.88,2.86,2.86,13252000.0,37900720.0
2018-06-07,000100.SZ,2.5,2.51,2.49,2.5,47814500.0,119536250.0
2018-06-07,000166.SZ,4.07,4.14,4.07,4.08,21315600.0,86861070.0
2018-06-08,000166.SZ,4.07,4.09,4.03,4.06,25770400.0,104756675.99999999
2018-06-08,000100.SZ,2.5,2.5,2.45,2.46,52680300.0,130647144.0
2018-06-08,000157.SZ,2.86,2.86,2.8,2.82,16581600.0,47091744.0
2018-06-11,000157.SZ,2.81,2.82,2.79,2.8,14311100.0,40142635.49999999
2018-06-11,000100.SZ,2.44,2.49,2.43,2.45,44805300.0,109548958.50000001
2018-06-11,000166.SZ,4.05,4.13,4.02,4.09,25074100.0,102051587.0
2018-06-12,000100.SZ,2.46,2.47,2.43,2.47,42534900.0,104848528.5
2018-06-12,000166.SZ,4.1,4.14,4.08,4.14,13555500.0,55848659.99999999
2018-06-12,000157.SZ,2.8,2.87,2.8,2.86,27479000.0,77765570.0
2018-06-13,000100.SZ,2.47,2.49,2.45,2.46,41783200.0,102995588.0
2018-06-13,000157.SZ,2.86,2.86,2.83,2.84,13660200.0,38931569.99999999
2018-06-13,000166.SZ,4.14,4.16,4.08,4.08,15705500.0,64549604.99999999
2018-06-14,000166.SZ,4.07,4.13,4.07,4.11,13625600.0,55728704.0
2018-06-14,000157.SZ,2.83,2.86,2.81,2.84,14599100.0,41388448.5
2018-06-14,000100.SZ,2.45,2.47,2.4,2.42,54267600.0,132141606.0
2018-06-15,000100.SZ,2.42,2.43,2.38,2.4,48958900.0,117990949.0
2018-06-15,000157.SZ,2.84,2.84,2.8,2.83,16005500.0,45375592.5
2018-06-15,000166.SZ,4.1,4.14,4.06,4.08,14497800.0,59296002.0
2018-06-19,000166.SZ,4.04,4.06,3.76,3.77,33434000.0,130559770.00000001
2018-06-19,000157.SZ,2.8,2.81,2.7,2.73,49708300.0,137443449.49999997
2018-06-19,000100.SZ,2.36,2.37,2.18,2.28,149483400.0,346801488.0
2018-06-20,000100.SZ,2.26,2.29,2.23,2.27,58127400.0,131658560.99999999
2018-06-20,000157.SZ,2.72,2.77,2.71,2.75,19113600.0,52275696.00000001
2018-06-20,000166.SZ,3.78,3.87,3.78,3.85,24206000.0,92345890.0
2018-06-21,000157.SZ,2.75,2.8,2.73,2.74,18375600.0,50441022.0
2018-06-21,000100.SZ,2.27,2.27,2.17,2.18,77704100.0,172891622.5
2018-06-21,000166.SZ,3.84,3.86,3.76,3.76,17939600.0,68170480.0
2018-06-22,000166.SZ,3.76,3.8,3.71,3.8,14651300.0,55381914.0
2018-06-22,000100.SZ,2.14,2.2,2.08,2.2,107284900.0,232808233.0
2018-06-22,000157.SZ,2.73,2.79,2.71,2.78,19330800.0,53256354.0
2018-06-25,000166.SZ,3.81,3.84,3.76,3.79,14763700.0,56102060.0
2018-06-25,000100.SZ,2.2,2.21,2.18,2.18,60832400.0,133222956.00000003
2018-06-25,000157.SZ,2.8,2.8,2.77,2.78,16848500.0,47007315.0
2018-06-26,000166.SZ,3.73,3.8,3.73,3.8,16469700.0,62008420.49999999
2018-06-26,000157.SZ,2.76,2.78,2.74,2.77,13812600.0,38191838.99999999
2018-06-26,000100.SZ,2.16,2.23,2.14,2.23,72185800.0,158447831.00000003
2018-06-27,000157.SZ,2.77,2.8,2.76,2.77,14284000.0,39566680.0
2018-06-27,000100.SZ,2.22,2.23,2.18,2.21,55475800.0,122878896.99999999
2018-06-27,000166.SZ,3.8,3.81,3.75,3.76,12588000.0,47582640.0
2018-06-28,000166.SZ,3.76,3.86,3.75,3.78,16793200.0,63310363.99999999
2018-06-28,000100.SZ,2.21,2.24,2.19,2.21,43567200.0,96283512.0
2018-06-28,000157.SZ,2.76,2.78,2.74,2.75,13344300.0,36763546.5
2018-06-29,000157.SZ,2.75,2.8,2.75,2.8,14230900.0,39490747.5
2018-06-29,000100.SZ,2.21,2.28,2.21,2.28,54049700.0,121341576.5
2018-06-29,000166.SZ,3.78,3.89,3.78,3.86,17386300.0,66415666.0
2018-07-02,000100.SZ,2.26,2.27,2.19,2.21,52951000.0,118345485.0
2018-07-02,000157.SZ,2.79,2.82,2.74,2.76,18382900.0,51012547.5
2018-07-02,000166.SZ,3.84,3.87,3.78,3.82,16754200.0,64168586.0
2018-07-03,000100.SZ,2.21,2.23,2.17,2.22,47883300.0,106061509.5
2018-07-03,000157.SZ,2.75,2.78,2.75,2.78,16020500.0,44296682.49999999
2018-07-03,000166.SZ,3.82,3.85,3.79,3.85,16197600.0,62117796.0
2018-07-04,000100.SZ,2.21,2.21,2.18,2.18,35267500.0,77412162.50000001
2018-07-04,000157.SZ,2.77,2.78,2.75,2.75,13046000.0,36006960.0
2018-07-04,000166.SZ,3.84,3.86,3.8,3.82,13298900.0,50934787.0
2018-07-05,000166.SZ,3.82,3.86,3.77,3.77,11849600.0,44969232.0
2018-07-05,000157.SZ,2.75,2.76,2.72,2.75,18097100.0,49767025.0
2018-07-05,000100.SZ,2.18,2.2,2.09,2.11,63672700.0,136577941.5
2018-07-06,000100.SZ,2.11,2.16,2.07,2.15,54905600.0,116948928.0
2018-07-06,000166.SZ,3.76,3.85,3.75,3.8,16419400.0,62065332.0
2018-07-06,000157.SZ,2.74,2.75,2.67,2.71,25768900.0,70220252.5
2018-07-09,000100.SZ,2.14,2.2,2.14,2.18,43577100.0,94126536.0
2018-07-09,000166.SZ,3.81,3.87,3.81,3.87,11259700.0,43237248.0
2018-07-09,000157.SZ,2.71,2.75,2.7,2.75,15465800.0,42221634.0
2018-07-10,000166.SZ,3.87,3.88,3.85,3.87,10529000.0,40747230.0
2018-07-10,000157.SZ,2.75,2.75,2.73,2.74,11299900.0,31018225.5
2018-07-10,000100.SZ,2.19,2.2,2.17,2.18,32858200.0,71795167.0
2018-07-11,000166.SZ,3.84,3.85,3.77,3.79,14838100.0,56607351.5
2018-07-11,000157.SZ,2.72,2.72,2.67,2.71,15759400.0,42786771.0
2018-07-11,000100.SZ,2.16,2.16,2.11,2.12,38485800.0,82359612.0
2018-07-12,000100.SZ,2.13,2.26,2.13,2.24,112346200.0,245476447.0
2018-07-12,000166.SZ,3.78,3.89,3.78,3.87,16391300.0,62696722.5
2018-07-12,000157.SZ,2.69,2.75,2.69,2.74,17134800.0,46520982.0
2018-07-13,000100.SZ,2.27,2.29,2.23,2.25,73475700.0,166055081.99999997
2018-07-13,000166.SZ,3.87,3.88,3.85,3.86,10211700.0,39468220.5
2018-07-13,000157.SZ,2.74,2.75,2.73,2.73,11961700.0,32715249.500000004
2018-07-16,000100.SZ,2.25,2.28,2.23,2.25,44776500.0,100747125.0
2018-07-16,000166.SZ,3.86,3.9,3.86,3.88,14726300.0,56990781.0
2018-07-16,000157.SZ,2.73,2.75,2.73,2.74,12787700.0,34974359.50000001
2018-07-17,000157.SZ,2.74,2.74,2.71,2.73,12628600.0,34539221.00000001
2018-07-17,000166.SZ,3.89,3.89,3.84,3.87,8707900.0,33786652.0
2018-07-17,000100.SZ,2.26,2.26,2.2,2.22,52510400.0,117623296.00000001
2018-07-18,000100.SZ,2.23,2.25,2.21,2.21,40916600.0,90834851.99999999
2018-07-18,000157.SZ,2.73,2.75,2.73,2.73,10880600.0,29704038.0
2018-07-18,000166.SZ,3.86,3.88,3.81,3.81,10774800.0,41321358.0
2018-07-19,000166.SZ,3.81,3.85,3.79,3.8,9397800.0,35758629.0
2018-07-19,000157.SZ,2.72,2.74,2.71,2.73,8658000.0,23593050.0
2018-07-19,000100.SZ,2.21,2.23,2.18,2.18,36646100.0,80438189.50000001
2018-07-20,000166.SZ,3.79,3.9,3.79,3.88,23010200.0,88244117.0
2018-07-20,000157.SZ,2.72,2.75,2.7,2.73,17203600.0,46879810.0
2018-07-20,000100.SZ,2.18,2.31,2.16,2.28,110235400.0,245824942.0
2018-07-23,000157.SZ,2.73,2.77,2.73,2.77,25424200.0,69916550.0
2018-07-23,000166.SZ,3.87,3.92,3.86,3.92,17991500.0,70076892.5
2018-07-23,000100.SZ,2.26,2.36,2.25,2.35,132578900.0,305594364.49999994
2018-07-24,000100.SZ,2.34,2.47,2.32,2.43,151421200.0,361139561.99999994
2018-07-24,000166.SZ,3.91,4.02,3.9,3.98,29637500.0,116919937.50000001
2018-07-24,000157.SZ,2.77,2.87,2.76,2.82,59729500.0,166943952.5
2018-07-25,000100.SZ,2.43,2.43,2.39,2.4,77251300.0,186561889.5
2018-07-25,000166.SZ,3.97,3.98,3.93,3.94,18787200.0,74303376.0
2018-07-25,000157.SZ,2.8,2.89,2.8,2.85,43933000.0,124110725.00000001
2018-07-26,000100.SZ,2.41,2.42,2.37,2.4,79544200.0,191303801.00000003
2018-07-26,000166.SZ,3.94,3.96,3.94,3.95,15487600.0,61098582.00000001
2018-07-26,000157.SZ,2.84,2.87,2.82,2.83,22454700.0,63659074.5
2018-07-27,000157.SZ,2.83,2.85,2.82,2.84,15172800.0,43014888.0
2018-07-27,000166.SZ,3.95,3.96,3.91,3.92,13867400.0,54568219.0
2018-07-27,000100.SZ,2.39,2.4,2.35,2.36,49584600.0,117763425.0
2018-07-30,000100.SZ,2.36,2.38,2.34,2.36,58646300.0,138405268.0
2018-07-30,000166.SZ,3.91,3.94,3.89,3.92,14789000.0,57898935.0
2018-07-30,000157.SZ,2.84,2.86,2.82,2.82,21576100.0,61060363.0
2018-07-31,000100.SZ,2.36,2.37,2.34,2.36,56758400.0,133949824.0
2018-07-31,000157.SZ,2.84,2.85,2.82,2.84,19265600.0,54714304.0
2018-07-31,000166.SZ,3.91,3.94,3.89,3.92,8658900.0,33899593.5
2018-08-01,000157.SZ,2.84,2.88,2.8,2.81,30183800.0,85269235.0
2018-08-01,000100.SZ,2.36,2.36,2.28,2.28,91426900.0,212110408.0
2018-08-01,000166.SZ,3.92,3.95,3.87,3.87,15561300.0,60611263.5
2018-08-02,000157.SZ,2.79,2.8,2.71,2.77,33597300.0,93400494.00000001
2018-08-02,000100.SZ,2.27,2.28,2.17,2.21,71048700.0,159149088.00000003
2018-08-02,000166.SZ,3.87,3.87,3.74,3.78,17729900.0,67816867.5
2018-08-03,000157.SZ,2.77,2.78,2.75,2.75,15366600.0,42411816.0
2018-08-03,000100.SZ,2.21,2.23,2.17,2.18,43328600.0,95106277.00000001
2018-08-03,000166.SZ,3.78,3.79,3.76,3.76,8703500.0,32812194.999999996
2018-08-06,000166.SZ,3.76,3.79,3.72,3.73,10735000.0,40202575.0
2018-08-06,000100.SZ,2.18,2.2,2.14,2.16,54460700.0,118179719.0
2018-08-06,000157.SZ,2.75,2.77,2.72,2.73,18720300.0,51293622.00000001
2018-08-07,000157.SZ,2.73,2.84,2.73,2.83,35319900.0,98189322.00000001
2018-08-07,000100.SZ,2.17,2.24,2.16,2.23,81629500.0,179584900.0
2018-08-07,000166.SZ,3.74,3.82,3.73,3.82,13771900.0,52057782.0
2018-08-08,000100.SZ,2.22,2.23,2.18,2.19,56524000.0,124635420.0
2018-08-08,000166.SZ,3.81,3.84,3.79,3.8,13497700.0,51358748.49999999
2018-08-08,000157.SZ,2.82,2.84,2.8,2.81,26177500.0,73689662.5
2018-08-09,000157.SZ,2.82,2.86,2.8,2.84,28836100.0,81606163.0
2018-08-09,000166.SZ,3.8,3.88,3.79,3.86,17262700.0,66116141.0
2018-08-09,000100.SZ,2.18,2.28,2.18,2.25,96208100.0,213100941.5
2018-08-10,000100.SZ,2.23,2.25,2.21,2.23,61134100.0,136329043.0
2018-08-10,000157.SZ,2.83,2.84,2.82,2.84,16261700.0,46101919.5
2018-08-10,000166.SZ,3.86,3.87,3.83,3.86,9700900.0,37445474.0
2018-08-13,000166.SZ,3.83,3.89,3.79,3.87,22481600.0,86554160.0
2018-08-13,000157.SZ,2.82,2.84,2.79,2.84,20208500.0,57190055.0
2018-08-13,000100.SZ,2.2,2.22,2.18,2.22,58551800.0,129399478.0
2018-08-14,000166.SZ,3.87,3.9,3.87,3.89,11768000.0,45659840.0
2018-08-14,000157.SZ,2.84,2.84,2.82,2.84,12110900.0,34394956.0
2018-08-14,000100.SZ,2.21,2.27,2.21,2.26,90873400.0,203102049.0
2018-08-15,000157.SZ,2.84,2.84,2.8,2.8,14136800.0,39865776.0
2018-08-15,000166.SZ,3.89,3.9,3.85,3.86,12425400.0,48148425.0
2018-08-15,000100.SZ,2.25,2.28,2.21,2.21,60915400.0,135841342.0
2018-08-16,000166.SZ,3.83,3.93,3.8,3.87,19443100.0,74855935.0
2018-08-16,000100.SZ,2.18,2.24,2.16,2.2,51582500.0,112965675.00000001
2018-08-16,000157.SZ,2.77,2.81,2.77,2.79,12201200.0,33919336.0
2018-08-17,000100.SZ,2.22,2.24,2.17,2.18,42348500.0,93166700.00000001
2018-08-17,000157.SZ,2.8,2.81,2.76,2.76,14762400.0,41039472.0
2018-08-17,000166.SZ,3.89,3.89,3.79,3.8,13395100.0,51504159.5
2018-08-20,000100.SZ,2.18,2.22,2.17,2.21,38986600.0,85575587.00000001
2018-08-20,000166.SZ,3.8,3.84,3.78,3.83,11037200.0,42106918.0
2018-08-20,000157.SZ,2.77,2.81,2.76,2.8,18065400.0,50312139.0
2018-08-21,000157.SZ,2.8,2.82,2.79,2.81,14650500.0,41094652.49999999
2018-08-21,000166.SZ,3.83,3.91,3.82,3.89,17851400.0,68906404.0
2018-08-21,000100.SZ,2.19,2.24,2.19,2.22,50018200.0,110290131.0
2018-08-22,000100.SZ,2.22,2.22,2.18,2.19,39009500.0,86015947.5
2018-08-22,000157.SZ,2.81,2.82,2.8,2.8,14602200.0,40959170.99999999
2018-08-22,000166.SZ,3.89,3.89,3.87,3.88,10100700.0,39241219.5
2018-08-23,000157.SZ,2.8,2.83,2.8,2.82,20394500.0,57308544.99999999
2018-08-23,000100.SZ,2.19,2.22,2.17,2.2,49929000.0,109594155.00000001
2018-08-23,000166.SZ,3.89,3.93,3.86,3.9,18313500.0,71331082.5
2018-08-24,000100.SZ,2.19,2.22,2.18,2.2,37833700.0,83044971.50000001
2018-08-24,000166.SZ,3.89,3.94,3.87,3.92,15853100.0,61906355.50000001
2018-08-24,000157.SZ,2.82,2.83,2.81,2.82,21900000.0,61758000.0
2018-08-27,000166.SZ,3.93,3.96,3.91,3.95,16704100.0,65814154.00000001
2018-08-27,000157.SZ,2.83,2.85,2.82,2.85,26913500.0,76434340.0
2018-08-27,000100.SZ,2.21,2.28,2.2,2.26,117732300.0,263131690.5
2018-08-28,000157.SZ,2.85,2.85,2.83,2.84,16223700.0,46156426.49999999
2018-08-28,000100.SZ,2.25,2.31,2.25,2.31,93891600.0,214072848.00000003
2018-08-28,000166.SZ,3.94,3.95,3.92,3.94,11692500.0,46068450.0
2018-08-29,000157.SZ,2.84,2.84,2.82,2.83,12020700.0,34078684.5
2018-08-29,000100.SZ,2.29,2.29,2.25,2.27,65258500.0,148789380.00000003
2018-08-29,000166.SZ,3.94,3.94,3.92,3.94,9349600.0,36837424.0
2018-08-30,000100.SZ,2.27,2.28,2.23,2.24,49925400.0,112581777.0
2018-08-30,000166.SZ,3.93,3.94,3.87,3.87,10303200.0,40182480.0
2018-08-30,000157.SZ,2.83,2.83,2.78,2.79,20049400.0,56338814.0
2018-08-31,000100.SZ,2.25,2.28,2.22,2.24,81067500.0,181996537.5
2018-08-31,000166.SZ,3.87,3.94,3.87,3.94,22642900.0,88420524.5
2018-08-31,000157.SZ,2.77,2.77,2.74,2.77,24947100.0,69103467.0
2018-09-03,000157.SZ,2.75,2.75,2.71,2.74,16900500.0,46391872.5
2018-09-03,000166.SZ,3.91,3.93,3.88,3.91,12471100.0,48762001.0
2018-09-03,000100.SZ,2.23,2.23,2.18,2.2,73148700.0,162024370.5
2018-09-04,000100.SZ,2.2,2.22,2.18,2.21,44908900.0,99024124.5
2018-09-04,000166.SZ,3.91,3.96,3.89,3.95,15709100.0,61736763.0
2018-09-04,000157.SZ,2.73,2.75,2.72,2.74,16257300.0,44463715.50000001
2018-09-05,000157.SZ,2.74,2.74,2.68,2.69,22976800.0,62382012.0
2018-09-05,000166.SZ,3.94,3.95,3.91,3.91,12916700.0,50698047.5
2018-09-05,000100.SZ,2.21,2.21,2.18,2.18,48660500.0,106809797.50000001
2018-09-06,000157.SZ,2.69,2.71,2.66,2.67,19182600.0,51409367.99999999
2018-09-06,000100.SZ,2.18,2.19,2.17,2.18,34016300.0,74155534.0
2018-09-06,000166.SZ,3.9,3.94,3.89,3.91,7729600.0,30184088.000000004
2018-09-07,000166.SZ,3.9,3.95,3.9,3.94,13737800.0,53852176.0
2018-09-07,000100.SZ,2.18,2.21,2.17,2.18,32340200.0,70501636.0
2018-09-07,000157.SZ,2.67,2.69,2.64,2.66,17089900.0,45544583.5
2018-09-10,000157.SZ,2.66,2.67,2.63,2.64,12788200.0,33888730.00000001
2018-09-10,000100.SZ,2.18,2.18,2.14,2.14,45342400.0,97939584.0
2018-09-10,000166.SZ,3.94,3.94,3.85,3.85,16863500.0,65683332.5
2018-09-11,000157.SZ,2.64,2.66,2.62,2.66,12149500.0,32196175.000000004
2018-09-11,000100.SZ,2.14,2.16,2.12,2.13,50244800.0,107272647.99999999
2018-09-11,000166.SZ,3.84,3.87,3.83,3.87,10257100.0,39541120.5
2018-09-12,000157.SZ,2.65,2.66,2.64,2.65,7270900.0,19267885.0
2018-09-12,000166.SZ,3.85,3.92,3.85,3.9,9872300.0,38255162.5
2018-09-12,000100.SZ,2.12,2.14,2.11,2.13,33224200.0,70601425.0
2018-09-13,000166.SZ,3.92,3.95,3.9,3.95,16184800.0,63687188.0
2018-09-13,000100.SZ,2.15,2.15,2.13,2.14,29440600.0,63150087.0
2018-09-13,000157.SZ,2.66,2.67,2.64,2.66,9379500.0,24949470.0
2018-09-14,000100.SZ,2.15,2.15,2.13,2.14,27572700.0,59143441.5
2018-09-14,000166.SZ,3.95,3.96,3.94,3.94,14184400.0,55957458.00000001
2018-09-14,000157.SZ,2.67,2.67,2.63,2.64,12947100.0,34374550.5
2018-09-17,000157.SZ,2.64,2.64,2.59,2.6,13006800.0,34077816.0
2018-09-17,000100.SZ,2.14,2.14,2.09,2.11,45157100.0,95958837.5
2018-09-17,000166.SZ,3.94,3.96,3.93,3.94,12478500.0,49165290.0
2018-09-18,000100.SZ,2.09,2.15,2.09,2.14,43701000.0,92427615.00000001
2018-09-18,000157.SZ,2.6,2.63,2.57,2.63,18078700.0,47275800.50000001
2018-09-18,000166.SZ,3.94,4.0,3.93,3.99,21835900.0,86579343.5
2018-09-19,000100.SZ,2.14,2.18,2.13,2.16,44571800.0,95829370.00000001
2018-09-19,000157.SZ,2.62,2.67,2.62,2.66,15631800.0,41267952.0
2018-09-19,000166.SZ,3.98,4.0,3.95,3.98,21402600.0,85182348.0
2018-09-20,000157.SZ,2.65,2.67,2.64,2.65,9776400.0,25907460.0
2018-09-20,000166.SZ,3.98,3.98,3.94,3.94,13154400.0,52091424.0
2018-09-20,000100.SZ,2.16,2.18,2.16,2.16,38770500.0,83744280.0
2018-09-21,000100.SZ,2.16,2.24,2.16,2.22,92233600.0,201991584.00000003
2018-09-21,000157.SZ,2.66,2.69,2.65,2.69,14944600.0,39976805.0
2018-09-21,000166.SZ,3.95,4.0,3.94,4.0,22961200.0,91270770.0
2018-09-25,000166.SZ,3.96,4.01,3.95,3.98,14965400.0,59412638.0
2018-09-25,000157.SZ,2.67,2.68,2.66,2.67,9996700.0,26691189.0
2018-09-25,000100.SZ,2.21,2.23,2.2,2.21,53975100.0,119284971.0
2018-09-26,000166.SZ,4.0,4.02,3.96,4.02,27344800.0,109652648.0
2018-09-26,000157.SZ,2.67,2.7,2.67,2.67,15758900.0,42076263.0
2018-09-26,000100.SZ,2.21,2.24,2.21,2.21,52654100.0,116365561.0
2018-09-27,000157.SZ,2.68,2.69,2.66,2.67,12466800.0,33348689.999999996
2018-09-27,000166.SZ,4.02,4.02,3.94,3.95,23925900.0,95344711.5
2018-09-27,000100.SZ,2.21,2.22,2.18,2.18,41836200.0,91830459.00000001
2018-09-28,000157.SZ,2.67,2.69,2.67,2.67,13745000.0,36699150.0
2018-09-28,000166.SZ,3.95,3.98,3.94,3.97,14456500.0,57247740.0
2018-09-28,000100.SZ,2.18,2.21,2.18,2.21,43311200.0,95068084.00000001
2018-10-08,000157.SZ,2.65,2.66,2.59,2.59,20494700.0,53696114.0
2018-10-08,000166.SZ,3.93,3.94,3.85,3.85,21091300.0,82045157.0
2018-10-08,000100.SZ,2.18,2.19,2.15,2.15,56777000.0,122922205.0
2018-10-09,000100.SZ,2.16,2.17,2.12,2.14,42808800.0,92038920.00000001
2018-10-09,000166.SZ,3.86,3.88,3.84,3.85,11400600.0,43949313.0
2018-10-09,000157.SZ,2.59,2.61,2.58,2.59,14473600.0,37486624.0
2018-10-10,000157.SZ,2.59,2.62,2.59,2.6,11285900.0,29286910.499999996
2018-10-10,000166.SZ,3.86,3.88,3.85,3.86,9910800.0,38255688.0
2018-10-10,000100.SZ,2.14,2.16,2.12,2.14,27787700.0,59465678.0
2018-10-11,000157.SZ,2.56,2.56,2.36,2.39,32983900.0,81635152.5
2018-10-11,000166.SZ,3.78,3.79,3.53,3.55,34902500.0,127917662.5
2018-10-11,000100.SZ,2.09,2.1,1.95,1.97,98015600.0,198971667.99999997
2018-10-12,000157.SZ,2.37,2.39,2.29,2.36,26283400.0,62160241.00000001
2018-10-12,000166.SZ,3.53,3.55,3.46,3.46,22594600.0,78968127.0
2018-10-12,000100.SZ,1.96,1.98,1.85,1.95,81678400.0,159681272.0
2018-10-15,000100.SZ,1.96,1.98,1.9,1.91,46717900.0,90399136.5
2018-10-15,000166.SZ,3.49,3.53,3.44,3.46,17142200.0,59569145.0
2018-10-15,000157.SZ,2.37,2.38,2.32,2.32,14698000.0,34466810.0
2018-10-16,000157.SZ,2.33,2.37,2.29,2.32,12855400.0,29888805.000000004
2018-10-16,000166.SZ,3.45,3.5,3.45,3.47,14461900.0,50038174.0
2018-10-16,000100.SZ,1.92,1.93,1.87,1.88,47998700.0,91197530.0
2018-10-17,000157.SZ,2.34,2.35,2.32,2.33,12522800.0,29240738.0
2018-10-17,000166.SZ,3.49,3.52,3.47,3.5,13144800.0,45941076.0
2018-10-17,000100.SZ,1.9,1.92,1.85,1.9,49685700.0,94402830.0
2018-10-18,000157.SZ,2.32,2.33,2.28,2.29,14745100.0,33987455.49999999
2018-10-18,000166.SZ,3.49,3.5,3.42,3.43,14876100.0,51471306.0
2018-10-18,000100.SZ,1.89,1.89,1.82,1.82,60364600.0,111976333.0
2018-10-19,000100.SZ,1.8,1.88,1.78,1.88,70942000.0,130533279.99999999
2018-10-19,000166.SZ,3.41,3.5,3.37,3.5,22723200.0,78508656.0
2018-10-19,000157.SZ,2.27,2.33,2.25,2.32,19114400.0,43867548.0
2018-10-22,000100.SZ,1.89,2.0,1.89,1.97,89809800.0,173332914.0
2018-10-22,000166.SZ,3.52,3.86,3.52,3.86,67045600.0,247398264.0
2018-10-22,000157.SZ,2.33,2.43,2.32,2.4,28152800.0,66581372.00000001
2018-10-23,000166.SZ,3.92,4.03,3.79,3.83,83870500.0,324998187.5
2018-10-23,000100.SZ,1.97,1.99,1.92,1.93,59024200.0,115097190.0
2018-10-23,000157.SZ,2.4,2.41,2.35,2.37,15602100.0,37211008.5
2018-10-24,000157.SZ,2.35,2.4,2.34,2.37,12661600.0,29881376.000000004
2018-10-24,000100.SZ,1.92,1.96,1.92,1.93,42126000.0,81092549.99999999
2018-10-24,000166.SZ,3.77,3.98,3.74,3.88,58395900.0,223364317.5
2018-10-25,000157.SZ,2.33,2.37,2.29,2.37,13630600.0,32031910.0
2018-10-25,000100.SZ,1.89,1.92,1.86,1.92,52829900.0,100640959.49999999
2018-10-25,000166.SZ,3.78,4.01,3.75,3.99,60524000.0,235135740.0
2018-10-26,000157.SZ,2.37,2.4,2.37,2.37,12774600.0,30275802.0
2018-10-26,000166.SZ,3.99,4.01,3.89,3.92,45072800.0,178262924.0
2018-10-26,000100.SZ,1.92,1.94,1.91,1.92,56958700.0,109360704.0
2018-10-29,000157.SZ,2.34,2.35,2.32,2.33,13748400.0,32102514.0
2018-10-29,000100.SZ,1.92,1.92,1.88,1.89,38733000.0,73786364.99999999
2018-10-29,000166.SZ,3.91,3.94,3.84,3.87,23261600.0,90487624.0
2018-10-30,000157.SZ,2.32,2.37,2.31,2.36,13131100.0,30726773.999999996
2018-10-30,000166.SZ,3.88,4.12,3.83,4.02,77467000.0,305994650.0
2018-10-30,000100.SZ,1.89,1.94,1.88,1.92,47918600.0,91284932.99999999
2018-10-31,000100.SZ,1.92,1.95,1.92,1.94,54054100.0,104324413.0
2018-10-31,000157.SZ,2.36,2.41,2.36,2.39,16104700.0,38248662.5
2018-10-31,000166.SZ,4.0,4.02,3.92,3.94,45685200.0,181370244.0
2018-11-01,000157.SZ,2.41,2.45,2.4,2.42,24883100.0,60092686.5
2018-11-01,000100.SZ,1.95,1.98,1.93,1.94,71532000.0,139129740.0
2018-11-01,000166.SZ,3.95,4.17,3.94,3.95,75071800.0,296533610.0
2018-11-02,000166.SZ,4.02,4.04,3.94,4.01,51271600.0,205855473.99999997
2018-11-02,000157.SZ,2.45,2.47,2.44,2.47,22197600.0,54606096.0
2018-11-02,000100.SZ,1.97,2.0,1.96,1.99,79611300.0,157630374.0
2018-11-05,000157.SZ,2.47,2.48,2.44,2.47,16329300.0,40333371.0
2018-11-05,000166.SZ,4.0,4.05,3.97,4.03,46904500.0,188321567.50000003
2018-11-05,000100.SZ,1.99,2.0,1.96,1.98,53290000.0,105780650.0
2018-11-06,000166.SZ,4.02,4.09,3.97,4.0,41488800.0,166370088.0
2018-11-06,000100.SZ,1.97,1.98,1.95,1.98,33765900.0,66687652.5
2018-11-06,000157.SZ,2.47,2.48,2.44,2.47,13972600.0,34512322.0
2018-11-07,000166.SZ,3.98,4.0,3.92,3.92,27023400.0,106742430.0
2018-11-07,000100.SZ,1.97,1.99,1.96,1.97,53619200.0,105629824.0
2018-11-07,000157.SZ,2.47,2.48,2.45,2.46,14344100.0,35358206.5
2018-11-08,000157.SZ,2.47,2.49,2.46,2.46,12000100.0,29580246.5
2018-11-08,000100.SZ,1.99,1.99,1.96,1.96,35379800.0,69875105.0
2018-11-08,000166.SZ,3.95,3.97,3.87,3.88,27765200.0,108700758.0
2018-11-09,000100.SZ,1.96,1.96,1.94,1.94,26849500.0,52356525.0
2018-11-09,000157.SZ,2.46,2.46,2.42,2.43,14985300.0,36639058.50000001
2018-11-09,000166.SZ,3.88,3.91,3.86,3.88,19712000.0,76482560.0
2018-11-12,000166.SZ,3.88,3.94,3.86,3.93,24694700.0,96432803.5
2018-11-12,000157.SZ,2.43,2.56,2.42,2.54,33256100.0,82641408.50000001
2018-11-12,000100.SZ,1.93,1.99,1.92,1.98,50224400.0,98188702.0
2018-11-13,000166.SZ,3.88,4.08,3.87,4.02,67142700.0,265213664.99999997
2018-11-13,000157.SZ,2.52,2.6,2.52,2.58,31524700.0,80387985.0
2018-11-13,000100.SZ,1.96,2.06,1.95,2.04,114788500.0,229577000.0
2018-11-14,000166.SZ,4.0,4.06,3.97,3.99,40986700.0,163741866.5
2018-11-14,000157.SZ,2.59,2.64,2.58,2.59,27968300.0,72437897.0
2018-11-14,000100.SZ,2.03,2.05,2.01,2.02,68489100.0,138690427.5
2018-11-15,000157.SZ,2.61,2.67,2.6,2.65,29528300.0,77659429.0
2018-11-15,000166.SZ,3.99,4.09,3.98,4.06,58890600.0,237034665.00000003
2018-11-15,000100.SZ,2.02,2.04,2.01,2.04,54581200.0,110799836.00000001
2018-11-16,000166.SZ,4.06,4.24,4.04,4.16,79645300.0,327342182.99999994
2018-11-16,000100.SZ,2.03,2.07,2.02,2.05,81124500.0,165493980.0
2018-11-16,000157.SZ,2.66,2.68,2.63,2.67,25402800.0,67698462.0
2018-11-19,000157.SZ,2.67,2.69,2.65,2.67,23573800.0,62942046.0
2018-11-19,000100.SZ,2.05,2.06,2.03,2.04,63297800.0,129444001.0
2018-11-19,000166.SZ,4.12,4.28,4.12,4.24,81518600.0,340747748.0
2018-11-20,000100.SZ,2.03,2.05,2.0,2.01,66979600.0,135298791.99999997
2018-11-20,000166.SZ,4.2,4.24,4.03,4.04,61708300.0,254238196.0
2018-11-20,000157.SZ,2.67,2.67,2.61,2.62,23757200.0,62837794.0
2018-11-21,000166.SZ,4.01,4.09,3.98,4.04,33118400.0,133301560.00000001
2018-11-21,000157.SZ,2.62,2.63,2.59,2.62,19972800.0,52328736.0
2018-11-21,000100.SZ,2.0,2.01,1.98,2.0,46440900.0,92881800.0
2018-11-22,000100.SZ,2.04,2.05,2.0,2.02,50403300.0,102318699.00000001
2018-11-22,000157.SZ,2.63,2.67,2.62,2.64,16640500.0,43847717.5
2018-11-22,000166.SZ,4.06,4.07,3.99,4.03,26659400.0,107837273.0
2018-11-23,000166.SZ,4.03,4.07,3.9,3.93,33836800.0,134670464.0
2018-11-23,000100.SZ,2.01,2.02,1.92,1.92,82721300.0,162547354.5
2018-11-23,000157.SZ,2.67,2.67,2.54,2.54,21461600.0,55907468.0
2018-11-26,000100.SZ,1.92,1.95,1.92,1.92,37340700.0,71694144.0
2018-11-26,000166.SZ,3.92,3.96,3.87,3.88,22761300.0,88769070.0
2018-11-26,000157.SZ,2.52,2.58,2.51,2.55,13677400.0,34672209.0
2018-11-27,000166.SZ,3.91,3.94,3.87,3.91,17495200.0,68406232.0
2018-11-27,000157.SZ,2.57,2.59,2.56,2.57,13373200.0,34369124.0
2018-11-27,000100.SZ,1.93,1.94,1.91,1.92,37083000.0,71384775.0
2018-11-28,000100.SZ,1.92,2.0,1.92,1.98,80217700.0,156424515.0
2018-11-28,000166.SZ,3.91,3.99,3.89,3.98,27854400.0,109885608.00000001
2018-11-28,000157.SZ,2.59,2.61,2.57,2.58,11205300.0,28965700.5
2018-11-29,000166.SZ,4.0,4.03,3.9,3.91,28297700.0,111917403.5
2018-11-29,000157.SZ,2.59,2.61,2.54,2.54,12500100.0,32062756.5
2018-11-29,000100.SZ,1.97,1.98,1.92,1.92,60539200.0,117748743.99999999
2018-11-30,000100.SZ,1.92,1.94,1.9,1.94,39762400.0,76741432.0
2018-11-30,000157.SZ,2.54,2.55,2.51,2.54,16863200.0,42832528.0
2018-11-30,000166.SZ,3.89,3.94,3.83,3.92,31056600.0,121276023.00000001
2018-12-03,000100.SZ,1.99,2.01,1.97,2.0,73257400.0,146148513.0
2018-12-03,000166.SZ,4.08,4.1,4.0,4.02,45168500.0,182932425.0
2018-12-03,000157.SZ,2.58,2.64,2.58,2.63,28440600.0,74087763.0
2018-12-04,000157.SZ,2.65,2.68,2.62,2.68,26097900.0,69550903.5
2018-12-04,000166.SZ,4.01,4.06,4.01,4.06,20749900.0,83725846.5
2018-12-04,000100.SZ,1.99,2.0,1.98,2.0,44038100.0,87856009.5
2018-12-05,000166.SZ,4.01,4.02,3.97,3.99,25407100.0,101628400.0
2018-12-05,000100.SZ,1.97,2.0,1.96,1.99,38586200.0,76400676.0
2018-12-05,000157.SZ,2.65,2.68,2.64,2.67,18818500.0,50057210.0
2018-12-06,000157.SZ,2.67,2.67,2.61,2.61,20612700.0,54417527.99999999
2018-12-06,000100.SZ,1.97,1.98,1.95,1.96,47542100.0,93420226.5
2018-12-06,000166.SZ,3.97,3.97,3.9,3.91,18404000.0,72511760.0
2018-12-07,000100.SZ,1.96,2.01,1.96,2.01,67843300.0,134668950.5
2018-12-07,000166.SZ,3.91,3.94,3.9,3.93,10595500.0,41534360.0
2018-12-07,000157.SZ,2.59,2.67,2.59,2.66,19525300.0,51253912.5
2018-12-10,000157.SZ,2.64,2.65,2.59,2.59,14595200.0,38166448.0
2018-12-10,000166.SZ,3.89,3.91,3.86,3.87,14240300.0,55252364.0
2018-12-10,000100.SZ,2.0,2.0,1.89,1.89,143604500.0,279310752.5
2018-12-11,000100.SZ,1.89,1.91,1.88,1.9,42015500.0,79619372.5
2018-12-11,000166.SZ,3.88,3.89,3.84,3.87,14722500.0,57049687.5
2018-12-11,000157.SZ,2.6,2.62,2.58,2.59,10483500.0,27204682.499999996
2018-12-12,000157.SZ,2.59,2.61,2.59,2.6,9522300.0,24710368.499999996
2018-12-12,000100.SZ,1.9,1.91,1.88,1.91,46570500.0,88716802.49999999
2018-12-12,000166.SZ,3.88,3.93,3.87,3.87,20037300.0,77644537.5
2018-12-13,000100.SZ,1.9,1.93,1.89,1.92,55367900.0,105752689.0
2018-12-13,000166.SZ,3.89,3.92,3.83,3.9,32243500.0,125588432.5
2018-12-13,000157.SZ,2.61,2.65,2.59,2.65,19033700.0,50058631.0
2018-12-14,000157.SZ,2.64,2.67,2.62,2.62,16039600.0,42184148.0
2018-12-14,000166.SZ,3.88,3.89,3.73,3.75,32874000.0,125414310.0
2018-12-14,000100.SZ,1.91,1.92,1.88,1.92,61370600.0,117524699.0
2018-12-17,000100.SZ,1.91,1.92,1.89,1.92,44789600.0,85772084.0
2018-12-17,000166.SZ,3.74,3.76,3.7,3.72,22572100.0,84193933.00000001
2018-12-17,000157.SZ,2.62,2.64,2.59,2.64,15446000.0,40622980.0
2018-12-18,000157.SZ,2.63,2.64,2.58,2.6,16670600.0,43593619.0
2018-12-18,000100.SZ,1.91,1.92,1.9,1.91,40325400.0,77021514.0
2018-12-18,000166.SZ,3.71,3.75,3.69,3.71,16706900.0,61982599.0
2018-12-19,000100.SZ,1.92,1.92,1.89,1.9,25436700.0,48584097.0
2018-12-19,000166.SZ,3.71,3.73,3.67,3.67,14215700.0,52455933.0
2018-12-19,000157.SZ,2.6,2.64,2.59,2.61,12492700.0,32543483.5
2018-12-20,000157.SZ,2.59,2.62,2.57,2.58,16858800.0,43579998.0
2018-12-20,000166.SZ,3.68,3.74,3.66,3.73,24715600.0,91571298.0
2018-12-20,000100.SZ,1.89,1.91,1.89,1.89,30270500.0,57211245.0
2018-12-21,000100.SZ,1.89,1.89,1.87,1.89,31000700.0,58591323.0
2018-12-21,000166.SZ,3.72,3.72,3.62,3.65,26107500.0,96206137.5
2018-12-21,000157.SZ,2.57,2.62,2.55,2.61,16961900.0,43931321.0
2018-12-24,000157.SZ,2.61,2.62,2.59,2.62,10820700.0,28296130.500000004
2018-12-24,000100.SZ,1.87,1.9,1.86,1.89,28811100.0,54164868.0
2018-12-24,000166.SZ,3.64,3.67,3.62,3.66,12944300.0,47246695.00000001
2018-12-25,000166.SZ,3.64,3.64,3.54,3.59,20000500.0,72301807.5
2018-12-25,000100.SZ,1.87,1.9,1.83,1.89,53258800.0,100126544.0
2018-12-25,000157.SZ,2.61,2.61,2.52,2.58,14928500.0,38739457.5
2018-12-26,000166.SZ,3.6,3.61,3.54,3.54,19457300.0,69462561.0
2018-12-26,000100.SZ,1.89,1.9,1.87,1.89,32677200.0,61759908.0
2018-12-26,000157.SZ,2.57,2.59,2.54,2.56,9291400.0,23832441.0
2018-12-27,000100.SZ,1.9,1.91,1.89,1.9,44243700.0,84063030.0
2018-12-27,000166.SZ,3.59,3.62,3.51,3.52,30529300.0,108531661.49999999
2018-12-27,000157.SZ,2.59,2.6,2.54,2.56,9779200.0,25181440.0
2018-12-28,000100.SZ,1.89,1.92,1.89,1.92,46340100.0,88277890.49999999
2018-12-28,000166.SZ,3.53,3.64,3.53,3.59,28439200.0,101243551.99999999
2018-12-28,000157.SZ,2.56,2.56,2.53,2.54,11064000.0,28213199.999999996
2019-01-02,000166.SZ,3.61,3.61,3.55,3.57,24005300.0,86179027.0
2019-01-02,000100.SZ,1.93,1.99,1.92,1.97,89051400.0,173650230.0
2019-01-02,000157.SZ,2.55,2.56,2.48,2.48,15744200.0,39596662.99999999
2019-01-03,000100.SZ,1.97,1.99,1.96,1.99,49923900.0,98849322.0
2019-01-03,000166.SZ,3.57,3.71,3.57,3.64,45574600.0,164296433.0
2019-01-03,000157.SZ,2.47,2.54,2.47,2.52,17576100.0,43852369.5
2019-01-04,000157.SZ,2.5,2.56,2.49,2.54,12980000.0,32709600.0
2019-01-04,000166.SZ,3.61,3.99,3.59,3.9,86119900.0,323380224.5
2019-01-04,000100.SZ,1.97,2.03,1.97,2.02,79339500.0,158282302.5
2019-01-07,000100.SZ,2.12,2.14,2.08,2.09,154941600.0,326152068.0
2019-01-07,000166.SZ,3.88,3.93,3.82,3.87,53273800.0,206435975.0
2019-01-07,000157.SZ,2.56,2.59,2.55,2.58,18833300.0,48401581.00000001
2019-01-08,000166.SZ,3.86,3.94,3.81,3.88,43124900.0,166893363.0
2019-01-08,000157.SZ,2.59,2.62,2.57,2.59,17336200.0,44900758.0
2019-01-08,000100.SZ,2.09,2.3,2.09,2.23,340228100.0,734892696.0
2019-01-09,000100.SZ,2.21,2.28,2.19,2.21,220919300.0,488231653.0
2019-01-09,000166.SZ,3.87,3.95,3.87,3.88,43378000.0,168089750.0
2019-01-09,000157.SZ,2.6,2.63,2.59,2.6,14926400.0,38808640.0
2019-01-10,000166.SZ,3.88,3.9,3.8,3.82,29255800.0,112634829.99999999
2019-01-10,000100.SZ,2.18,2.19,2.11,2.11,185844800.0,398637096.0
2019-01-10,000157.SZ,2.62,2.62,2.58,2.59,11141600.0,29023868.0
2019-01-11,000100.SZ,2.18,2.21,2.12,2.15,141982400.0,307391896.0
2019-01-11,000166.SZ,3.82,3.87,3.8,3.85,22255800.0,85350993.0
2019-01-11,000157.SZ,2.59,2.6,2.56,2.59,11425300.0,29591527.0
2019-01-14,000166.SZ,3.85,3.87,3.79,3.81,20170200.0,77251866.0
2019-01-14,000157.SZ,2.6,2.63,2.59,2.61,18271600.0,47597518.0
2019-01-14,000100.SZ,2.15,2.15,2.11,2.12,77885600.0,166285755.99999997
2019-01-15,000157.SZ,2.61,2.63,2.59,2.62,16266600.0,42537159.0
2019-01-15,000166.SZ,3.8,3.91,3.8,3.89,37097100.0,142638349.5
2019-01-15,000100.SZ,2.13,2.15,2.12,2.14,79803600.0,170380685.99999997
2019-01-16,000100.SZ,2.14,2.14,2.1,2.11,75959600.0,161414150.0
2019-01-16,000157.SZ,2.62,2.64,2.61,2.62,15676600.0,41072692.0
2019-01-16,000166.SZ,3.9,3.9,3.86,3.87,19235800.0,74731083.0
2019-01-17,000166.SZ,3.87,3.87,3.81,3.81,21362500.0,82032000.0
2019-01-17,000157.SZ,2.62,2.64,2.6,2.62,15251100.0,39957882.0
2019-01-17,000100.SZ,2.11,2.12,2.09,2.1,49550500.0,104303802.5
2019-01-18,000100.SZ,2.09,2.11,2.08,2.1,56064200.0,117454498.99999999
2019-01-18,000166.SZ,3.81,3.87,3.81,3.87,17919300.0,68810112.0
2019-01-18,000157.SZ,2.62,2.65,2.62,2.64,20130200.0,52942426.0
2019-01-21,000100.SZ,2.1,2.16,2.09,2.14,123346400.0,261494368.0
2019-01-21,000157.SZ,2.66,2.67,2.63,2.64,14979800.0,39696470.00000001
2019-01-21,000166.SZ,3.87,3.88,3.83,3.87,25986600.0,100568142.0
2019-01-22,000166.SZ,3.85,3.88,3.81,3.83,22449900.0,86207616.0
2019-01-22,000100.SZ,2.15,2.16,2.12,2.13,37821100.0,80937153.99999999
2019-01-22,000157.SZ,2.64,2.66,2.64,2.64,16844800.0,44470272.0
2019-01-23,000157.SZ,2.64,2.65,2.62,2.63,12828800.0,33803888.0
2019-01-23,000166.SZ,3.81,3.84,3.79,3.81,12463400.0,47485554.0
2019-01-23,000100.SZ,2.14,2.16,2.13,2.14,41819100.0,89492874.0
2019-01-24,000157.SZ,2.64,2.67,2.62,2.66,15998800.0,42396820.00000001
2019-01-24,000166.SZ,3.82,3.89,3.81,3.87,27202700.0,104594381.5
2019-01-24,000100.SZ,2.13,2.15,2.11,2.14,62690500.0,133844217.49999999
2019-01-25,000100.SZ,2.13,2.15,2.11,2.14,50931000.0,108737684.99999999
2019-01-25,000157.SZ,2.66,2.68,2.65,2.67,17047700.0,45432120.5
2019-01-25,000166.SZ,3.86,3.89,3.85,3.87,25278800.0,97702562.0
2019-01-28,000100.SZ,2.14,2.15,2.14,2.15,47066700.0,100958071.5
2019-01-28,000166.SZ,3.9,3.94,3.87,3.87,25408800.0,98713188.0
2019-01-28,000157.SZ,2.68,2.7,2.63,2.64,15828400.0,42103544.0
2019-01-29,000157.SZ,2.66,2.67,2.62,2.67,17962300.0,47869529.5
2019-01-29,000166.SZ,3.87,3.89,3.8,3.87,23885800.0,92438046.0
2019-01-29,000100.SZ,2.15,2.16,2.11,2.14,64133600.0,137566572.0
2019-01-30,000100.SZ,2.14,2.18,2.12,2.17,81745000.0,176160475.00000003
2019-01-30,000166.SZ,3.86,3.88,3.83,3.84,12870200.0,49550269.99999999
2019-01-30,000157.SZ,2.65,2.67,2.62,2.64,16398600.0,43374297.0
2019-01-31,000100.SZ,2.17,2.2,2.16,2.16,67624400.0,146406826.0
2019-01-31,000157.SZ,2.64,2.68,2.64,2.66,19444400.0,51527660.00000001
2019-01-31,000166.SZ,3.86,3.92,3.85,3.9,28879600.0,112052848.0
2019-02-01,000166.SZ,3.94,3.99,3.93,3.97,35785800.0,141532839.0
2019-02-01,000100.SZ,2.17,2.23,2.16,2.23,83428600.0,183542920.0
2019-02-01,000157.SZ,2.67,2.68,2.62,2.68,20262500.0,54202187.5
2019-02-11,000100.SZ,2.23,2.29,2.22,2.25,112457700.0,251905248.00000003
2019-02-11,000166.SZ,3.96,4.03,3.94,4.03,33484900.0,133772175.5
2019-02-11,000157.SZ,2.68,2.76,2.68,2.75,28780000.0,78137700.0
2019-02-12,000100.SZ,2.25,2.4,2.25,2.38,235521400.0,545232041.0
2019-02-12,000166.SZ,4.01,4.06,3.99,4.01,39313600.0,157647536.0
2019-02-12,000157.SZ,2.76,2.79,2.74,2.77,25069100.0,69316061.49999999
2019-02-13,000157.SZ,2.78,2.82,2.77,2.81,29920100.0,83626679.5
2019-02-13,000100.SZ,2.42,2.62,2.36,2.62,493007500.0,1242378900.0
2019-02-13,000166.SZ,4.01,4.14,3.97,4.1,72028500.0,292075567.5
2019-02-14,000100.SZ,2.73,2.76,2.5,2.54,570595200.0,1503518351.9999998
2019-02-14,000166.SZ,4.1,4.27,4.09,4.2,89848500.0,372871275.00000006
2019-02-14,000157.SZ,2.81,2.85,2.8,2.84,28920000.0,81699000.0
2019-02-15,000100.SZ,2.5,2.58,2.48,2.53,271129400.0,681890440.9999999
2019-02-15,000157.SZ,2.84,2.85,2.82,2.82,23474900.0,66433967.0
2019-02-15,000166.SZ,4.18,4.19,4.09,4.09,66377700.0,274471789.5
2019-02-18,000157.SZ,2.82,2.92,2.82,2.91,37280800.0,106809492.00000001
2019-02-18,000166.SZ,4.11,4.32,4.11,4.29,81765300.0,343414260.0
2019-02-18,000100.SZ,2.54,2.64,2.5,2.6,341756800.0,878314976.0000001
2019-02-19,000157.SZ,2.91,2.92,2.87,2.89,23993300.0,69580570.00000001
2019-02-19,000100.SZ,2.58,2.58,2.51,2.54,294164000.0,753059840.0
2019-02-19,000166.SZ,4.3,4.4,4.24,4.28,92048100.0,394886349.0
2019-02-20,000100.SZ,2.54,2.57,2.51,2.55,241337700.0,614204446.5
2019-02-20,000166.SZ,4.25,4.33,4.24,4.29,49229500.0,210209964.99999997
2019-02-20,000157.SZ,2.89,2.91,2.86,2.89,20851300.0,60260257.0
2019-02-21,000100.SZ,2.53,2.54,2.47,2.49,292888300.0,735149632.9999999
2019-02-21,000166.SZ,4.27,4.48,4.26,4.32,104230400.0,447669568.0
2019-02-21,000157.SZ,2.89,2.9,2.84,2.89,25711800.0,74307102.0
2019-02-22,000166.SZ,4.38,4.76,4.31,4.76,219598300.0,1003564231.0000001
2019-02-22,000100.SZ,2.47,2.51,2.46,2.51,198316600.0,493808334.00000006
2019-02-22,000157.SZ,2.87,2.94,2.86,2.93,32818300.0,95173070.00000001
2019-02-25,000166.SZ,4.95,5.23,4.95,5.23,397485500.0,2023201195.0
2019-02-25,000157.SZ,2.93,3.04,2.93,3.04,66006700.0,197029999.50000003
2019-02-25,000100.SZ,2.6,2.72,2.55,2.71,559124800.0,1484476344.0000002
2019-02-26,000157.SZ,3.03,3.07,2.99,3.02,63903100.0,193306877.5
2019-02-26,000100.SZ,2.75,2.85,2.64,2.69,548807600.0,1492756671.9999998
2019-02-26,000166.SZ,5.25,5.47,5.04,5.06,394578500.0,2034052167.4999998
2019-02-27,000166.SZ,4.99,5.22,4.91,5.06,217446900.0,1092670672.5
2019-02-27,000157.SZ,3.03,3.06,2.97,2.99,39470200.0,118805301.99999999
2019-02-27,000100.SZ,2.65,2.69,2.51,2.55,429647900.0,1117084539.9999998
2019-02-28,000100.SZ,2.55,2.58,2.51,2.54,171376100.0,436152174.5
2019-02-28,000157.SZ,3.01,3.02,2.97,3.0,34212000.0,102807060.0
2019-02-28,000166.SZ,5.03,5.03,4.81,4.85,135372200.0,668738667.9999999
2019-03-01,000166.SZ,4.9,5.04,4.84,4.98,152609300.0,753889942.0000001
2019-03-01,000157.SZ,3.02,3.03,2.99,3.02,35783900.0,108067378.0
2019-03-01,000100.SZ,2.54,2.58,2.51,2.58,193440900.0,495208704.0
2019-03-04,000157.SZ,3.03,3.15,3.02,3.08,80960200.0,247333410.99999997
2019-03-04,000100.SZ,2.73,2.78,2.69,2.71,539738600.0,1468088991.9999998
2019-03-04,000166.SZ,5.02,5.25,4.9,4.99,267070400.0,1336687352.0
2019-03-05,000166.SZ,4.94,4.99,4.9,4.98,153904300.0,763365328.0000001
2019-03-05,000100.SZ,2.73,2.98,2.69,2.98,676833800.0,1932360499.0
2019-03-05,000157.SZ,3.07,3.14,3.07,3.13,48275100.0,149652809.99999997
2019-03-06,000100.SZ,3.14,3.24,3.05,3.16,1028343200.0,3239281080.0000005
2019-03-06,000157.SZ,3.16,3.16,3.12,3.15,53670900.0,169331689.5
2019-03-06,000166.SZ,4.98,5.29,4.97,5.22,310659200.0,1584361920.0
2019-03-07,000166.SZ,5.25,5.65,5.14,5.43,584310300.0,3120217002.0
2019-03-07,000157.SZ,3.16,3.17,3.12,3.14,56999200.0,179547480.00000003
2019-03-07,000100.SZ,3.09,3.1,3.02,3.07,559257100.0,1722511868.0
2019-03-08,000157.SZ,3.11,3.11,2.95,2.98,79138500.0,240976732.5
2019-03-08,000100.SZ,2.98,3.03,2.85,2.85,470158600.0,1370512319.0
2019-03-08,000166.SZ,5.16,5.24,4.89,4.89,410126000.0,2060883150.0000002
2019-03-11,000166.SZ,4.87,5.07,4.82,4.99,201764800.0,994700464.0
2019-03-11,000157.SZ,2.97,3.07,2.97,3.07,50382200.0,152154244.0
2019-03-11,000100.SZ,2.84,3.09,2.84,3.06,443574100.0,1308543595.0
2019-03-12,000166.SZ,5.02,5.16,4.98,5.03,214653900.0,1078635847.5
2019-03-12,000157.SZ,3.09,3.16,3.09,3.12,56209900.0,174531739.5
2019-03-12,000100.SZ,3.08,3.09,2.98,3.02,359088100.0,1095218705.0
2019-03-13,000157.SZ,3.12,3.13,3.05,3.07,36896700.0,114195286.49999999
2019-03-13,000166.SZ,5.02,5.11,4.91,4.96,177779900.0,887121701.0
2019-03-13,000100.SZ,3.02,3.04,2.89,2.91,284041700.0,842183640.5
2019-03-14,000100.SZ,2.88,3.01,2.84,2.95,310428200.0,904898203.0
2019-03-14,000157.SZ,3.07,3.11,3.02,3.04,39035900.0,119254674.49999999
2019-03-14,000166.SZ,4.91,4.99,4.77,4.83,149373200.0,727447484.0
2019-03-15,000166.SZ,4.87,4.95,4.79,4.88,136558400.0,665722200.0
2019-03-15,000100.SZ,2.95,2.99,2.91,2.95,183829600.0,542297320.0
2019-03-15,000157.SZ,3.04,3.22,3.04,3.2,108864000.0,339655680.0
2019-03-18,000166.SZ,4.88,4.98,4.8,4.98,157317600.0,775575768.0
2019-03-18,000100.SZ,2.93,2.95,2.87,2.95,187475400.0,551177676.0000001
2019-03-18,000157.SZ,3.24,3.34,3.22,3.31,92142200.0,301765705.00000006
2019-03-19,000157.SZ,3.27,3.29,3.21,3.24,48591600.0,158165658.0
2019-03-19,000100.SZ,2.98,3.06,2.96,3.01,265077100.0,793905914.5
2019-03-19,000166.SZ,5.01,5.06,4.92,4.98,146498200.0,731758509.0
2019-03-20,000100.SZ,3.09,3.13,2.93,3.0,323531200.0,985152504.0
2019-03-20,000166.SZ,4.96,5.09,4.92,5.03,168916100.0,843735919.5
2019-03-20,000157.SZ,3.24,3.32,3.21,3.27,51767500.0,168503212.5
2019-03-21,000157.SZ,3.29,3.31,3.22,3.26,41509000.0,135941975.0
2019-03-21,000166.SZ,5.02,5.16,4.98,5.07,233444100.0,1177725484.5
2019-03-21,000100.SZ,3.01,3.06,2.95,2.99,271661100.0,814983300.0
2019-03-22,000157.SZ,3.27,3.27,3.23,3.27,34098200.0,111501114.0
2019-03-22,000100.SZ,3.06,3.23,3.01,3.17,676946600.0,2108688659.0000002
2019-03-22,000166.SZ,5.06,5.09,4.91,4.99,135743200.0,682109580.0
2019-03-25,000157.SZ,3.23,3.3,3.2,3.24,45002100.0,145581793.5
2019-03-25,000166.SZ,4.92,4.96,4.83,4.84,129777100.0,633312248.0
2019-03-25,000100.SZ,3.38,3.49,3.26,3.49,1355460700.0,4656007504.5
2019-03-26,000100.SZ,3.49,3.49,3.19,3.22,967188200.0,3244916411.0000005
2019-03-26,000157.SZ,3.24,3.27,3.14,3.17,55184500.0,176866322.5
2019-03-26,000166.SZ,4.85,4.89,4.64,4.67,127319500.0,606040820.0
2019-03-27,000166.SZ,4.7,4.72,4.64,4.68,76712300.0,359780686.99999994
2019-03-27,000157.SZ,3.18,3.22,3.09,3.2,42321700.0,135006223.00000003
2019-03-27,000100.SZ,3.22,3.31,3.06,3.26,603367100.0,1954909404.0000002
2019-03-28,000166.SZ,4.68,4.73,4.59,4.6,110330700.0,511934447.99999994
2019-03-28,000100.SZ,3.2,3.24,3.14,3.16,388542200.0,1235564196.0
2019-03-28,000157.SZ,3.19,3.19,3.12,3.13,27317400.0,86322984.0
2019-03-29,000157.SZ,3.12,3.2,3.1,3.2,34929100.0,110375956.0
2019-03-29,000166.SZ,4.62,4.92,4.6,4.87,236867600.0,1123936762.0
2019-03-29,000100.SZ,3.13,3.2,3.09,3.19,357368400.0,1129284144.0
2019-04-01,000166.SZ,4.88,5.04,4.82,4.97,232564600.0,1145380655.0
2019-04-01,000157.SZ,3.24,3.34,3.24,3.31,69787500.0,228554062.50000003
2019-04-01,000100.SZ,3.2,3.28,3.2,3.27,415389700.0,1343785679.5000002
2019-04-02,000157.SZ,3.35,3.38,3.32,3.34,59155200.0,197874144.0
2019-04-02,000166.SZ,4.98,5.04,4.92,4.94,153657000.0,762138720.0000001
2019-04-02,000100.SZ,3.28,3.28,3.2,3.22,373848800.0,1215008600.0
2019-04-03,000100.SZ,3.22,3.24,3.19,3.23,239557900.0,772574227.5
2019-04-03,000166.SZ,4.92,5.12,4.89,5.11,232668200.0,1166831023.0000002
2019-04-03,000157.SZ,3.34,3.62,3.34,3.57,142603900.0,492696474.5
2019-04-04,000166.SZ,5.16,5.19,5.03,5.1,202949800.0,1041132474.0
2019-04-04,000157.SZ,3.59,3.64,3.54,3.61,101071200.0,363856319.99999994
2019-04-04,000100.SZ,3.22,3.22,3.19,3.2,259084300.0,831660603.0
2019-04-08,000157.SZ,3.78,3.97,3.77,3.91,208426700.0,801400661.5
2019-04-08,000166.SZ,5.14,5.15,4.91,4.98,189987600.0,961337256.0000001
2019-04-08,000100.SZ,3.21,3.23,3.11,3.14,307485400.0,976266145.0
2019-04-09,000100.SZ,3.14,3.21,3.12,3.18,231229500.0,730685220.0
2019-04-09,000157.SZ,3.92,3.98,3.82,3.89,121666900.0,475109244.50000006
2019-04-09,000166.SZ,5.0,5.09,4.94,5.09,179433600.0,905242512.0
2019-04-10,000100.SZ,3.15,3.18,3.13,3.16,178321900.0,562605594.5
2019-04-10,000166.SZ,5.06,5.11,4.92,4.99,181975500.0,914426887.5000001
2019-04-10,000157.SZ,3.86,4.05,3.82,3.94,114669700.0,447211830.0
2019-04-11,000166.SZ,4.98,5.0,4.9,4.91,105865200.0,523503414.00000006
2019-04-11,000100.SZ,3.16,3.17,3.06,3.07,227593100.0,708952506.5
2019-04-11,000157.SZ,3.94,3.98,3.86,3.87,87940400.0,343407262.0
2019-04-12,000100.SZ,3.07,3.09,3.0,3.02,190549400.0,580222923.0
2019-04-12,000157.SZ,3.84,3.91,3.77,3.82,82052300.0,314260309.0
2019-04-12,000166.SZ,4.9,4.96,4.87,4.91,82733300.0,405806836.5
2019-04-15,000157.SZ,3.93,3.97,3.73,3.74,89039100.0,341464948.5
2019-04-15,000166.SZ,4.98,5.01,4.84,4.84,95730000.0,470034300.0
2019-04-15,000100.SZ,3.06,3.09,3.0,3.01,164006100.0,497758513.5
2019-04-16,000100.SZ,3.0,3.11,2.95,3.09,223712400.0,681204258.0
2019-04-16,000166.SZ,4.82,4.95,4.76,4.94,105851900.0,516557272.00000006
2019-04-16,000157.SZ,3.73,3.83,3.72,3.82,72333800.0,273060095.0
2019-04-17,000166.SZ,4.93,4.97,4.9,4.92,81737900.0,402559157.5
2019-04-17,000157.SZ,3.85,3.87,3.79,3.84,61247800.0,235497790.99999997
2019-04-17,000100.SZ,3.1,3.15,3.08,3.11,176760200.0,548840421.0
2019-04-18,000157.SZ,3.84,3.93,3.77,3.81,57127200.0,218511540.0
2019-04-18,000166.SZ,4.92,4.94,4.89,4.9,56111000.0,275505010.0
2019-04-18,000100.SZ,3.13,3.14,3.07,3.08,177441400.0,550955547.0
2019-04-19,000100.SZ,3.08,3.09,3.03,3.08,177046900.0,545304452.0
2019-04-19,000157.SZ,3.8,3.86,3.77,3.8,41034600.0,155931480.0
2019-04-19,000166.SZ,4.91,4.96,4.88,4.92,65961300.0,324199789.5
2019-04-22,000166.SZ,4.98,4.99,4.84,4.84,83671900.0,410829029.0
2019-04-22,000157.SZ,3.82,3.83,3.66,3.69,67869500.0,254849972.5
2019-04-22,000100.SZ,3.09,3.1,3.03,3.04,161913000.0,496263345.0
2019-04-23,000166.SZ,4.83,4.94,4.78,4.84,90154300.0,435896040.5
2019-04-23,000100.SZ,3.05,3.05,2.96,2.99,152639100.0,460970082.0
2019-04-23,000157.SZ,3.71,3.72,3.67,3.67,49110800.0,181218852.0
2019-04-24,000166.SZ,4.84,4.88,4.78,4.86,63010400.0,305600440.0
2019-04-24,000100.SZ,3.0,3.12,2.95,3.09,262744700.0,800057611.5
2019-04-24,000157.SZ,3.71,3.72,3.64,3.67,38459000.0,141913710.0
2019-04-25,000166.SZ,4.87,4.92,4.76,4.77,94394100.0,454979562.0
2019-04-25,000157.SZ,3.68,3.68,3.52,3.53,63775500.0,229910677.5
2019-04-25,000100.SZ,3.05,3.09,2.94,2.95,178454600.0,535363800.0
2019-04-26,000166.SZ,4.75,4.83,4.72,4.74,80379300.0,381399778.5
2019-04-26,000157.SZ,3.51,3.54,3.45,3.47,49311000.0,172095390.0
2019-04-26,000100.SZ,2.94,2.96,2.9,2.9,139935500.0,408611660.0
2019-04-29,000100.SZ,2.9,2.92,2.76,2.82,213034500.0,609278670.0
2019-04-29,000166.SZ,4.75,4.77,4.47,4.49,113354700.0,523698714.0
2019-04-29,000157.SZ,3.47,3.59,3.47,3.53,58907700.0,206176950.0
2019-04-30,000157.SZ,3.54,3.58,3.51,3.54,44077700.0,156035058.0
2019-04-30,000166.SZ,4.5,4.56,4.5,4.54,53414500.0,241433539.99999997
2019-04-30,000100.SZ,2.86,2.92,2.86,2.89,132444200.0,380777075.0
2019-05-06,000157.SZ,3.43,3.49,3.27,3.35,73077300.0,247732047.0
2019-05-06,000166.SZ,4.41,4.44,4.09,4.15,129213000.0,553031640.0
2019-05-06,000100.SZ,2.8,2.85,2.7,2.72,226603100.0,625424556.0
2019-05-07,000166.SZ,4.17,4.24,4.09,4.21,92015200.0,385543687.99999994
2019-05-07,000157.SZ,3.36,3.46,3.36,3.43,78858800.0,267725626.0
2019-05-07,000100.SZ,2.76,2.8,2.73,2.76,130953100.0,361430556.0
2019-05-08,000166.SZ,4.15,4.23,4.12,4.18,48574100.0,202311126.5
2019-05-08,000157.SZ,3.36,3.44,3.33,3.38,50730900.0,170963133.0
2019-05-08,000100.SZ,2.72,2.88,2.7,2.83,205320400.0,569764110.0000001
2019-05-09,000166.SZ,4.15,4.19,4.1,4.12,54585200.0,225709802.0
2019-05-09,000157.SZ,3.36,3.37,3.29,3.29,37187300.0,123647772.5
2019-05-09,000100.SZ,2.79,2.85,2.78,2.8,131874400.0,368588948.0
2019-05-10,000166.SZ,4.16,4.33,4.13,4.26,83417800.0,351188938.0
2019-05-10,000157.SZ,3.32,3.42,3.25,3.41,50929800.0,171378777.0
2019-05-10,000100.SZ,2.84,2.88,2.71,2.86,174391400.0,497015489.99999994
2019-05-13,000100.SZ,2.83,2.88,2.8,2.84,111398600.0,315815031.0
2019-05-13,000166.SZ,4.22,4.25,4.18,4.19,42780000.0,179889900.0
2019-05-13,000157.SZ,3.36,3.42,3.35,3.4,35040700.0,118437566.0
2019-05-14,000100.SZ,2.8,2.84,2.79,2.81,108115100.0,303262855.49999994
2019-05-14,000157.SZ,3.57,3.67,3.53,3.62,115634500.0,415706027.5
2019-05-14,000166.SZ,4.16,4.23,4.14,4.17,44892200.0,186976013.0
2019-05-15,000100.SZ,2.84,2.87,2.83,2.85,107642600.0,306243197.0
2019-05-15,000157.SZ,3.64,3.69,3.62,3.66,70257100.0,256438415.00000003
2019-05-15,000166.SZ,4.19,4.25,4.19,4.22,44139500.0,185606597.5
2019-05-16,000100.SZ,2.84,2.87,2.83,2.84,90625900.0,257377556.0
2019-05-16,000157.SZ,3.68,3.82,3.65,3.79,93124100.0,347818513.5
2019-05-16,000166.SZ,4.23,4.26,4.2,4.24,42570000.0,180283950.0
2019-05-17,000157.SZ,3.79,3.82,3.66,3.66,90263800.0,336232655.0
2019-05-17,000100.SZ,2.84,2.85,2.73,2.75,164327600.0,459295642.0
2019-05-17,000166.SZ,4.25,4.27,4.05,4.08,69797600.0,290707004.0
2019-05-20,000157.SZ,3.68,3.7,3.62,3.65,65100300.0,238592599.5
2019-05-20,000100.SZ,2.76,2.8,2.71,2.75,125176800.0,344862084.0
2019-05-20,000166.SZ,4.06,4.17,4.05,4.14,44149500.0,181012949.99999997
2019-05-21,000100.SZ,2.75,2.78,2.72,2.76,122481000.0,337435155.0
2019-05-21,000157.SZ,3.64,3.77,3.64,3.7,68445200.0,251193884.0
2019-05-21,000166.SZ,4.13,4.22,4.12,4.19,38266400.0,159188224.0
2019-05-22,000100.SZ,2.76,2.77,2.71,2.72,101580600.0,278330844.0
2019-05-22,000157.SZ,3.71,3.76,3.71,3.74,50242100.0,187151822.5
2019-05-22,000166.SZ,4.19,4.2,4.11,4.12,38186500.0,158664907.5
2019-05-23,000166.SZ,4.11,4.17,4.08,4.11,40515000.0,166516650.0
2019-05-23,000100.SZ,2.7,2.71,2.63,2.64,140472000.0,375060240.0
2019-05-23,000157.SZ,3.72,3.76,3.67,3.69,61251900.0,226938289.5
2019-05-24,000157.SZ,3.7,3.82,3.7,3.82,88800000.0,333888000.0
2019-05-24,000100.SZ,2.63,2.68,2.63,2.63,68620600.0,180472178.0
2019-05-24,000166.SZ,4.09,4.16,4.09,4.12,28119400.0,115430137.00000001
2019-05-27,000157.SZ,3.83,3.91,3.76,3.85,84621900.0,324948096.0
2019-05-27,000100.SZ,2.63,2.74,2.63,2.73,158746600.0,425440887.99999994
2019-05-27,000166.SZ,4.14,4.24,4.09,4.22,52141000.0,217949380.0
2019-05-28,000100.SZ,2.72,2.72,2.68,2.69,142343100.0,385038085.5
2019-05-28,000166.SZ,4.22,4.27,4.18,4.25,64431800.0,272868672.99999994
2019-05-28,000157.SZ,3.84,3.88,3.76,3.82,80870700.0,309734781.0
2019-05-29,000157.SZ,3.79,3.82,3.76,3.77,44478800.0,168129864.0
2019-05-29,000166.SZ,4.23,4.3,4.21,4.23,36014600.0,152341758.00000003
2019-05-29,000100.SZ,2.68,2.69,2.67,2.68,59318600.0,158973848.0
2019-05-30,000166.SZ,4.22,4.24,4.18,4.22,27478800.0,115960536.0
2019-05-30,000157.SZ,3.75,3.8,3.72,3.77,41553200.0,156240032.0
2019-05-30,000100.SZ,2.67,2.71,2.63,2.69,110392200.0,295851095.99999994
2019-05-31,000166.SZ,4.23,4.26,4.21,4.21,28598100.0,120683982.00000001
2019-05-31,000157.SZ,3.75,3.85,3.74,3.84,61369200.0,232896114.0
2019-05-31,000100.SZ,2.68,2.71,2.65,2.67,78492200.0,209966635.0
2019-06-03,000157.SZ,3.84,3.87,3.74,3.79,47025700.0,179403045.5
2019-06-03,000166.SZ,4.22,4.28,4.19,4.22,37269800.0,157278556.0
2019-06-03,000100.SZ,2.67,2.69,2.64,2.65,69523200.0,184931712.0
2019-06-04,000157.SZ,3.75,3.8,3.73,3.77,44680400.0,167998304.0
2019-06-04,000100.SZ,2.64,2.65,2.59,2.59,104509100.0,273291296.5
2019-06-04,000166.SZ,4.21,4.23,4.15,4.18,33870600.0,142087167.0
2019-06-05,000100.SZ,2.62,2.63,2.55,2.58,113337800.0,294678280.0
2019-06-05,000166.SZ,4.23,4.25,4.2,4.21,37833200.0,159656104.00000003
2019-06-05,000157.SZ,3.79,3.83,3.77,3.77,41686100.0,157573458.0
2019-06-06,000157.SZ,3.79,3.8,3.71,3.73,44856300.0,168659688.0
2019-06-06,000100.SZ,2.58,2.58,2.51,2.52,114753900.0,292622445.0
2019-06-06,000166.SZ,4.21,4.24,4.13,4.15,36049500.0,150686910.0
2019-06-10,000157.SZ,3.74,3.77,3.72,3.74,37847100.0,141548154.0
2019-06-10,000166.SZ,4.15,4.18,4.04,4.16,48887400.0,203127147.0
2019-06-10,000100.SZ,2.55,2.58,2.53,2.57,99455300.0,254605567.99999997
2019-06-11,000157.SZ,3.74,3.91,3.74,3.89,76120500.0,290399707.5
2019-06-11,000166.SZ,4.16,4.35,4.14,4.34,86677500.0,368379375.0
2019-06-11,000100.SZ,2.58,2.72,2.55,2.68,174929400.0,460064322.0
2019-06-12,000100.SZ,2.67,2.68,2.61,2.63,101766400.0,269680960.0
2019-06-12,000166.SZ,4.32,4.36,4.27,4.29,52471000.0,225887654.99999997
2019-06-12,000157.SZ,3.89,3.93,3.88,3.89,50836300.0,197753207.0
2019-06-13,000157.SZ,3.88,4.04,3.87,4.02,82442500.0,325647875.0
2019-06-13,000166.SZ,4.29,4.34,4.28,4.31,42517600.0,182825680.0
2019-06-13,000100.SZ,2.63,2.66,2.62,2.63,70911700.0,186497771.0
2019-06-14,000157.SZ,4.03,4.06,3.95,3.97,60670400.0,242681600.0
2019-06-14,000166.SZ,4.32,4.34,4.26,4.27,76861300.0,330119283.5
2019-06-14,000100.SZ,2.63,2.65,2.57,2.58,110983700.0,289112538.5
2019-06-17,000157.SZ,3.99,4.07,3.96,4.04,54651500.0,219425772.50000003
2019-06-17,000100.SZ,2.58,2.58,2.55,2.57,51444000.0,132468300.00000001
2019-06-17,000166.SZ,4.28,4.33,4.27,4.33,44010600.0,189465633.0
2019-06-18,000166.SZ,4.32,4.34,4.28,4.33,42391300.0,183342372.5
2019-06-18,000100.SZ,2.57,2.58,2.55,2.56,44433900.0,113972953.5
2019-06-18,000157.SZ,4.04,4.09,4.0,4.07,50851500.0,206202832.5
2019-06-19,000157.SZ,4.12,4.17,4.09,4.1,54056100.0,222170570.99999997
2019-06-19,000100.SZ,2.63,2.66,2.59,2.59,89468900.0,233513829.0
2019-06-19,000166.SZ,4.53,4.58,4.34,4.37,107905500.0,480179475.0
2019-06-20,000157.SZ,4.07,4.25,4.07,4.21,68787800.0,284781492.00000006
2019-06-20,000100.SZ,2.59,2.66,2.58,2.63,114817000.0,299672370.0
2019-06-20,000166.SZ,4.34,4.67,4.34,4.57,154866500.0,689930257.5
2019-06-21,000157.SZ,4.22,4.26,4.19,4.25,60789700.0,257444379.49999997
2019-06-21,000100.SZ,2.68,2.68,2.63,2.65,168818300.0,449900769.5
2019-06-21,000166.SZ,4.56,4.63,4.54,4.58,105020700.0,479944599.00000006
2019-06-24,000166.SZ,4.64,4.66,4.52,4.57,76782400.0,353582952.00000006
2019-06-24,000100.SZ,2.65,2.66,2.63,2.64,76859100.0,203292319.5
2019-06-24,000157.SZ,4.25,4.27,4.2,4.26,52262000.0,222374810.0
2019-06-25,000157.SZ,4.27,4.28,4.2,4.27,55472000.0,236865439.99999997
2019-06-25,000100.SZ,2.64,2.64,2.57,2.62,115464600.0,303671898.0
2019-06-25,000166.SZ,4.57,4.57,4.44,4.53,79492000.0,361688600.00000006
2019-06-26,000157.SZ,4.25,4.3,4.22,4.28,47445400.0,202354631.00000003
2019-06-26,000100.SZ,2.6,2.63,2.59,2.63,51419400.0,134461731.0
2019-06-26,000166.SZ,4.47,4.5,4.44,4.47,37704300.0,168538221.0
2019-06-27,000157.SZ,4.28,4.34,4.28,4.34,51396600.0,221519346.00000003
2019-06-27,000100.SZ,2.63,2.67,2.63,2.65,86863700.0,229320167.99999997
2019-06-27,000166.SZ,4.49,4.59,4.49,4.51,60267700.0,271204650.0
2019-06-28,000100.SZ,2.64,2.73,2.63,2.68,155055500.0,412447630.0
2019-06-28,000166.SZ,4.5,4.52,4.44,4.47,37707800.0,169119482.99999997
2019-06-28,000157.SZ,4.34,4.52,4.29,4.3,77901700.0,336535344.0
2019-07-01,000157.SZ,4.34,4.36,4.11,4.16,154592500.0,657018125.0
2019-07-01,000166.SZ,4.58,4.61,4.52,4.56,75297700.0,344110489.0
2019-07-01,000100.SZ,2.76,2.9,2.72,2.9,416364100.0,1178310403.0
2019-07-02,000100.SZ,2.89,2.89,2.77,2.8,284604900.0,809700940.4999999
2019-07-02,000166.SZ,4.55,4.55,4.51,4.54,34083900.0,154911325.5
2019-07-02,000157.SZ,4.16,4.17,4.09,4.12,75964400.0,314492616.00000006
2019-07-03,000157.SZ,4.14,4.15,4.09,4.12,50029200.0,206620596.0
2019-07-03,000166.SZ,4.53,4.53,4.44,4.46,37707200.0,169493864.0
2019-07-03,000100.SZ,2.78,2.78,2.72,2.73,148720500.0,409724977.5
2019-07-04,000100.SZ,2.71,2.73,2.68,2.69,127102700.0,343177290.0
2019-07-04,000166.SZ,4.46,4.5,4.44,4.47,39196200.0,175011033.0
2019-07-04,000157.SZ,4.11,4.14,4.0,4.03,51205800.0,208407606.0
2019-07-05,000100.SZ,2.69,2.72,2.68,2.71,63915500.0,172571850.0
2019-07-05,000166.SZ,4.48,4.48,4.43,4.46,26343100.0,117753657.00000001
2019-07-05,000157.SZ,4.07,4.08,4.02,4.04,30717600.0,124559867.99999999
2019-07-08,000166.SZ,4.45,4.45,4.28,4.3,44295400.0,193792375.0
2019-07-08,000100.SZ,2.7,2.7,2.6,2.61,105709000.0,280657395.0
2019-07-08,000157.SZ,4.04,4.05,3.88,3.92,52171400.0,207642172.0
2019-07-09,000166.SZ,4.32,4.34,4.28,4.33,30364100.0,131324732.5
2019-07-09,000157.SZ,3.92,3.98,3.91,3.96,33781100.0,133097534.0
2019-07-09,000100.SZ,2.61,2.63,2.59,2.62,54339100.0,142096746.5
2019-07-10,000157.SZ,3.98,3.99,3.87,3.89,33862600.0,133249331.0
2019-07-10,000166.SZ,4.33,4.34,4.26,4.29,26204100.0,112939671.00000001
2019-07-10,000100.SZ,2.63,2.67,2.59,2.64,94426800.0,248814617.99999997
2019-07-11,000100.SZ,2.64,2.68,2.62,2.63,59225800.0,156059983.0
2019-07-11,000157.SZ,3.91,3.95,3.89,3.9,32688400.0,127648202.00000001
2019-07-11,000166.SZ,4.32,4.35,4.29,4.3,24127200.0,103988232.00000001
2019-07-12,000166.SZ,4.31,4.35,4.29,4.33,29541600.0,127619712.00000001
2019-07-12,000100.SZ,2.63,2.72,2.62,2.68,123774800.0,328622094.00000006
2019-07-12,000157.SZ,3.92,4.01,3.89,4.0,41015000.0,162419400.0
2019-07-15,000100.SZ,2.7,2.72,2.65,2.72,129073800.0,349789998.0
2019-07-15,000157.SZ,4.12,4.23,4.03,4.23,90896700.0,379493722.50000006
2019-07-15,000166.SZ,4.34,4.46,4.29,4.41,51801800.0,226632875.0
2019-07-16,000100.SZ,2.71,2.8,2.69,2.76,202144000.0,552863840.0
2019-07-16,000157.SZ,4.23,4.39,4.22,4.37,86383200.0,371447760.00000006
2019-07-16,000166.SZ,4.4,4.46,4.4,4.45,34680400.0,153460770.00000003
2019-07-17,000157.SZ,4.35,4.45,4.33,4.37,73459900.0,320285163.99999994
2019-07-17,000166.SZ,4.44,4.49,4.41,4.44,37798400.0,167824896.0
2019-07-17,000100.SZ,2.74,2.89,2.72,2.8,340791300.0,943991901.0
2019-07-18,000100.SZ,2.76,2.78,2.72,2.72,222463700.0,609550538.0
2019-07-18,000166.SZ,4.42,4.44,4.4,4.41,30803000.0,135995245.0
2019-07-18,000157.SZ,4.37,4.45,4.37,4.38,68135000.0,298090625.0
2019-07-19,000100.SZ,2.72,2.76,2.72,2.72,114361900.0,311064368.0
2019-07-19,000166.SZ,4.42,4.53,4.42,4.49,48421300.0,215716891.5
2019-07-19,000157.SZ,4.42,4.46,4.38,4.42,46935400.0,207454468.0
2019-07-22,000100.SZ,2.72,2.74,2.63,2.68,121210600.0,327268620.0
2019-07-22,000166.SZ,4.51,4.52,4.37,4.41,41289500.0,184151170.0
2019-07-22,000157.SZ,4.45,4.47,4.31,4.39,60423100.0,267070102.0
2019-07-23,000157.SZ,4.45,4.48,4.37,4.4,48350800.0,213952290.00000003
2019-07-23,000166.SZ,4.42,4.44,4.39,4.41,22122900.0,97672603.5
2019-07-23,000100.SZ,2.68,2.72,2.67,2.69,72239500.0,193963057.5
2019-07-24,000166.SZ,4.42,4.49,4.41,4.43,37495300.0,165916702.5
2019-07-24,000100.SZ,2.71,2.75,2.71,2.73,100530800.0,273443776.0
2019-07-24,000157.SZ,4.42,4.52,4.41,4.52,70420200.0,314778294.0
2019-07-25,000157.SZ,4.52,4.54,4.46,4.48,42283200.0,190274400.0
2019-07-25,000100.SZ,2.74,2.85,2.73,2.81,261677200.0,726154230.0000001
2019-07-25,000166.SZ,4.43,4.44,4.4,4.42,26812200.0,118643985.0
2019-07-26,000166.SZ,4.42,4.42,4.38,4.41,25921600.0,114443864.0
2019-07-26,000100.SZ,2.8,2.83,2.76,2.8,148037200.0,414504160.0
2019-07-26,000157.SZ,4.49,4.61,4.45,4.61,76134100.0,346410155.00000006
2019-07-29,000157.SZ,4.62,4.62,4.33,4.37,102155600.0,459189422.0
2019-07-29,000100.SZ,2.8,2.84,2.78,2.83,168235000.0,473581525.0
2019-07-29,000166.SZ,4.39,4.41,4.33,4.34,33093100.0,144451381.5
2019-07-30,000157.SZ,4.37,4.47,4.36,4.4,57875200.0,253782752.0
2019-07-30,000166.SZ,4.35,4.42,4.35,4.39,30221900.0,132069702.99999997
2019-07-30,000100.SZ,2.82,2.85,2.79,2.8,152939300.0,429759432.99999994
2019-07-31,000166.SZ,4.39,4.39,4.34,4.36,25664800.0,112283500.0
2019-07-31,000157.SZ,4.41,4.45,4.38,4.41,42798900.0,188743149.0
2019-07-31,000100.SZ,2.8,2.8,2.74,2.74,137873800.0,381910426.0
2019-08-01,000157.SZ,4.4,4.42,4.36,4.38,40204800.0,176499072.00000003
2019-08-01,000166.SZ,4.34,4.37,4.3,4.31,30975400.0,133968604.99999999
2019-08-01,000100.SZ,2.73,2.77,2.72,2.76,93717700.0,257255086.5
2019-08-02,000100.SZ,2.68,2.72,2.67,2.69,160526200.0,431012847.0
2019-08-02,000166.SZ,4.25,4.25,4.18,4.2,47640600.0,201281534.99999997
2019-08-02,000157.SZ,4.29,4.32,4.2,4.25,69236600.0,295640282.0
2019-08-05,000100.SZ,2.68,2.71,2.62,2.62,144961500.0,384147975.00000006
2019-08-05,000166.SZ,4.18,4.23,4.15,4.16,33478400.0,139604928.0
2019-08-05,000157.SZ,4.27,4.27,4.13,4.13,53838700.0,226122539.99999997
2019-08-06,000157.SZ,4.05,4.07,3.92,4.06,61271900.0,248457554.49999997
2019-08-06,000166.SZ,4.07,4.16,3.99,4.1,57340500.0,234235942.5
2019-08-06,000100.SZ,2.55,2.56,2.44,2.53,177550900.0,450979286.0
2019-08-07,000100.SZ,2.55,2.56,2.51,2.52,77412800.0,196241448.0
2019-08-07,000166.SZ,4.11,4.13,4.07,4.07,23375700.0,95606613.0
2019-08-07,000157.SZ,4.1,4.13,4.02,4.04,36452200.0,148360454.0
2019-08-08,000100.SZ,2.53,2.55,2.52,2.55,80559200.0,204620368.0
2019-08-08,000166.SZ,4.16,4.19,4.1,4.12,31126100.0,128862054.00000001
2019-08-08,000157.SZ,4.06,4.1,4.03,4.07,29830000.0,121258949.99999999
2019-08-09,000100.SZ,2.56,2.58,2.51,2.52,81593500.0,207247490.0
2019-08-09,000166.SZ,4.13,4.15,4.05,4.06,23559800.0,96477381.0
2019-08-09,000157.SZ,4.09,4.11,3.97,3.99,38367700.0,155005508.0
2019-08-12,000157.SZ,3.98,4.12,3.93,4.12,42897000.0,173732850.0
2019-08-12,000166.SZ,4.08,4.14,4.08,4.13,28766900.0,118088124.50000001
2019-08-12,000100.SZ,2.51,2.58,2.51,2.58,80207900.0,204129105.5
2019-08-13,000100.SZ,2.56,2.66,2.55,2.6,208604500.0,538199610.0
2019-08-13,000157.SZ,4.07,4.07,4.0,4.03,28472000.0,115311600.00000001
2019-08-13,000166.SZ,4.09,4.1,4.06,4.08,22195400.0,90668209.0
2019-08-14,000100.SZ,2.66,2.8,2.64,2.72,362037600.0,973881144.0000001
2019-08-14,000157.SZ,4.1,4.12,4.01,4.02,39428600.0,160080115.99999997
2019-08-14,000166.SZ,4.12,4.14,4.09,4.09,20461300.0,83993636.50000001
2019-08-15,000100.SZ,2.67,2.77,2.63,2.77,250444100.0,681207951.9999999
2019-08-15,000157.SZ,3.9,3.99,3.87,3.98,42541400.0,167613116.0
2019-08-15,000166.SZ,4.01,4.11,3.98,4.09,30043500.0,121676175.0
2019-08-16,000100.SZ,2.75,2.78,2.73,2.75,193411900.0,531882725.0
2019-08-16,000157.SZ,3.98,4.05,3.95,3.98,34104900.0,135737502.0
2019-08-16,000166.SZ,4.08,4.16,4.08,4.12,32701900.0,134077789.99999999
2019-08-19,000100.SZ,2.78,2.81,2.75,2.81,316223800.0,883845521.0
2019-08-19,000166.SZ,4.16,4.34,4.14,4.33,78573200.0,333543234.0
2019-08-19,000157.SZ,4.03,4.09,3.98,4.08,42852700.0,173767698.5
2019-08-20,000157.SZ,4.08,4.13,4.06,4.1,36395000.0,148855550.0
2019-08-20,000100.SZ,2.82,2.82,2.75,2.76,222692500.0,621312075.0
2019-08-20,000166.SZ,4.33,4.41,4.31,4.36,72688800.0,315832836.00000006
2019-08-21,000166.SZ,4.34,4.41,4.33,4.37,35968800.0,156644124.00000003
2019-08-21,000157.SZ,4.08,4.1,4.04,4.04,25990200.0,105520212.00000001
2019-08-21,000100.SZ,2.74,2.75,2.71,2.72,171723000.0,468803790.00000006
2019-08-22,000100.SZ,2.75,2.78,2.72,2.74,200031500.0,549086467.5
2019-08-22,000166.SZ,4.39,4.4,4.34,4.36,27462500.0,120148437.5
2019-08-22,000157.SZ,4.06,4.07,3.98,4.04,22655100.0,91753155.0
2019-08-23,000157.SZ,4.04,4.16,4.01,4.13,40775300.0,166567100.5
2019-08-23,000166.SZ,4.4,4.41,4.33,4.34,29986800.0,131042316.0
2019-08-23,000100.SZ,2.73,2.74,2.68,2.7,182552700.0,495630580.5
2019-08-26,000157.SZ,4.03,4.04,3.95,3.98,50260500.0,201293302.5
2019-08-26,000166.SZ,4.29,4.35,4.26,4.32,28320400.0,121919321.99999999
2019-08-26,000100.SZ,2.63,2.65,2.61,2.63,154286700.0,405774021.0
2019-08-27,000157.SZ,4.01,4.09,4.0,4.03,42541000.0,171014819.99999997
2019-08-27,000166.SZ,4.35,4.44,4.34,4.43,73317900.0,321865581.0
2019-08-27,000100.SZ,2.65,2.7,2.64,2.68,203176300.0,541464839.5
2019-08-28,000157.SZ,4.04,4.06,4.0,4.01,29178000.0,117441450.00000001
2019-08-28,000100.SZ,2.68,2.68,2.62,2.63,117944300.0,313142116.5
2019-08-28,000166.SZ,4.41,4.44,4.36,4.37,32020000.0,140567800.00000003
2019-08-29,000166.SZ,4.38,4.39,4.31,4.33,22279800.0,97028529.00000001
2019-08-29,000157.SZ,4.04,4.04,3.96,3.98,32850900.0,131732109.0
2019-08-29,000100.SZ,2.63,2.65,2.61,2.62,109074500.0,286320562.5
2019-08-30,000100.SZ,2.63,2.64,2.57,2.59,144168300.0,376279263.0
2019-08-30,000166.SZ,4.36,4.39,4.26,4.26,28784300.0,124060333.00000001
2019-08-30,000157.SZ,4.01,4.04,3.93,3.94,34357000.0,136569075.0
2019-09-02,000166.SZ,4.27,4.4,4.27,4.39,42040100.0,182033633.0
2019-09-02,000100.SZ,2.59,2.65,2.58,2.63,152942300.0,399179403.0
2019-09-02,000157.SZ,3.98,4.25,3.94,4.22,92656700.0,379892469.99999994
2019-09-03,000100.SZ,2.63,2.66,2.63,2.64,110047400.0,289974899.0
2019-09-03,000166.SZ,4.39,4.39,4.33,4.36,28180600.0,123290125.0
2019-09-03,000157.SZ,4.24,4.33,4.19,4.3,68821000.0,293865670.0
2019-09-04,000100.SZ,2.64,2.68,2.63,2.68,128446800.0,341668488.0
2019-09-04,000157.SZ,4.3,4.36,4.27,4.34,56375100.0,243540432.00000003
2019-09-04,000166.SZ,4.35,4.43,4.34,4.4,43466300.0,190165062.5
2019-09-05,000157.SZ,4.37,4.48,4.31,4.4,73047300.0,320312410.5
2019-09-05,000100.SZ,2.68,2.76,2.68,2.75,308366800.0,837215862.0
2019-09-05,000166.SZ,4.42,4.63,4.42,4.49,124108100.0,552901585.5
2019-09-06,000100.SZ,2.76,2.77,2.72,2.76,166263600.0,458887535.99999994
2019-09-06,000166.SZ,4.49,4.53,4.47,4.51,53110400.0,238996800.0
2019-09-06,000157.SZ,4.45,4.47,4.4,4.45,46274400.0,205921080.0
2019-09-09,000166.SZ,4.57,4.6,4.51,4.55,70856300.0,323104728.00000006
2019-09-09,000100.SZ,2.78,2.88,2.76,2.86,415604200.0,1172003844.0
2019-09-09,000157.SZ,4.5,4.5,4.39,4.41,50787900.0,226260094.5
2019-09-10,000100.SZ,2.87,2.92,2.83,2.88,358614500.0,1031016687.5
2019-09-10,000157.SZ,4.42,4.45,4.36,4.44,45344600.0,200876578.0
2019-09-10,000166.SZ,4.53,4.57,4.48,4.55,53295300.0,241960662.0
2019-09-11,000166.SZ,4.59,4.62,4.54,4.56,74160800.0,339285659.99999994
2019-09-11,000100.SZ,2.92,3.17,2.89,3.03,826546000.0,2458974349.9999995
2019-09-11,000157.SZ,4.45,4.45,4.37,4.44,38776600.0,172361987.0
2019-09-12,000166.SZ,4.56,4.59,4.52,4.57,43289500.0,197616567.49999997
2019-09-12,000157.SZ,4.45,4.45,4.37,4.42,32832000.0,145609920.00000003
2019-09-12,000100.SZ,3.03,3.03,2.95,3.0,379536200.0,1144301642.9999998
2019-09-16,000166.SZ,4.57,4.57,4.49,4.52,41781400.0,189896463.0
2019-09-16,000100.SZ,3.0,3.03,2.95,2.97,280075100.0,836024173.5000001
2019-09-16,000157.SZ,4.45,4.45,4.34,4.36,34181300.0,150568626.5
2019-09-17,000157.SZ,4.33,4.37,4.24,4.28,41303800.0,177812859.0
2019-09-17,000166.SZ,4.5,4.51,4.39,4.41,49783400.0,221785047.0
2019-09-17,000100.SZ,2.98,3.07,2.93,2.98,328167200.0,977938256.0
2019-09-18,000157.SZ,4.31,4.35,4.29,4.35,29690700.0,128560731.0
2019-09-18,000100.SZ,3.0,3.0,2.91,2.95,218315900.0,649489802.5
2019-09-18,000166.SZ,4.41,4.43,4.36,4.37,33854500.0,148621255.00000003
2019-09-19,000157.SZ,4.35,4.35,4.28,4.33,25254600.0,109604964.0
2019-09-19,000166.SZ,4.39,4.42,4.37,4.41,26499200.0,116596480.00000001
2019-09-19,000100.SZ,2.97,3.12,2.94,3.07,411535700.0,1242837814.0
2019-09-20,000157.SZ,4.34,4.44,4.31,4.39,41947900.0,183102583.5
2019-09-20,000166.SZ,4.41,4.42,4.39,4.42,40558000.0,179063570.0
2019-09-20,000100.SZ,3.06,3.09,3.02,3.05,265409100.0,810824800.4999999
2019-09-23,000157.SZ,4.37,4.38,4.21,4.27,45738000.0,197588160.0
2019-09-23,000166.SZ,4.41,4.41,4.28,4.33,43218800.0,188866156.0
2019-09-23,000100.SZ,3.05,3.14,3.01,3.07,311214800.0,952317287.9999999
2019-09-24,000157.SZ,4.25,4.33,4.23,4.28,25663400.0,109454401.00000001
2019-09-24,000100.SZ,3.08,3.13,3.05,3.08,343161600.0,1056937728.0
2019-09-24,000166.SZ,4.33,4.39,4.31,4.34,23672000.0,102618120.0
2019-09-25,000166.SZ,4.33,4.36,4.3,4.33,23616500.0,102259445.0
2019-09-25,000100.SZ,3.05,3.06,2.92,2.93,340402500.0,1017803475.0000001
2019-09-25,000157.SZ,4.27,4.34,4.22,4.3,31142600.0,133446041.0
2019-09-26,000157.SZ,4.3,4.34,4.22,4.24,27934500.0,119280314.99999999
2019-09-26,000100.SZ,2.94,2.97,2.9,2.91,208693100.0,610427317.5
2019-09-26,000166.SZ,4.34,4.37,4.27,4.28,35598200.0,153428242.00000003
2019-09-27,000100.SZ,2.91,2.97,2.9,2.94,148418000.0,434122650.0
2019-09-27,000166.SZ,4.28,4.32,4.27,4.29,21210800.0,90888278.0
2019-09-27,000157.SZ,4.25,4.27,4.21,4.23,16664000.0,70655360.0
2019-09-30,000100.SZ,2.86,2.91,2.82,2.87,178765300.0,512162584.50000006
2019-09-30,000157.SZ,4.21,4.32,4.21,4.24,21902000.0,92535949.99999999
2019-09-30,000166.SZ,4.3,4.32,4.26,4.26,21852400.0,93528271.99999999
2019-10-08,000157.SZ,4.29,4.49,4.25,4.48,82089300.0,359961580.5
2019-10-08,000166.SZ,4.26,4.31,4.24,4.24,20836700.0,88555975.0
2019-10-08,000100.SZ,2.87,2.91,2.83,2.84,129342300.0,369272266.5
2019-10-09,000157.SZ,4.47,4.48,4.41,4.48,42319000.0,189377524.99999997
2019-10-09,000166.SZ,4.24,4.26,4.2,4.26,16762900.0,71242325.0
2019-10-09,000100.SZ,2.82,2.83,2.78,2.82,115478000.0,325647960.0
2019-10-10,000166.SZ,4.27,4.29,4.25,4.29,17998300.0,77032723.99999999
2019-10-10,000157.SZ,4.48,4.53,4.42,4.5,42459100.0,190641359.0
2019-10-10,000100.SZ,2.82,2.86,2.79,2.85,144185500.0,408765892.5
2019-10-11,000166.SZ,4.29,4.36,4.26,4.33,30326700.0,130708077.00000001
2019-10-11,000157.SZ,4.5,4.54,4.45,4.53,36633400.0,165399801.00000003
2019-10-11,000100.SZ,2.84,2.87,2.8,2.84,110022700.0,312464468.0
2019-10-14,000157.SZ,4.54,4.57,4.48,4.52,43568100.0,197363492.99999997
2019-10-14,000166.SZ,4.35,4.42,4.34,4.38,43968900.0,191924248.5
2019-10-14,000100.SZ,2.88,2.92,2.86,2.88,135087600.0,389052288.0
2019-10-15,000100.SZ,2.88,2.88,2.8,2.82,124386100.0,354500384.99999994
2019-10-15,000166.SZ,4.37,4.38,4.33,4.33,24533900.0,106722464.99999999
2019-10-15,000157.SZ,4.48,4.5,4.39,4.48,60673400.0,271816832.0
2019-10-16,000100.SZ,2.84,2.86,2.81,2.82,96262500.0,272422875.0
2019-10-16,000157.SZ,4.5,4.55,4.43,4.48,31826200.0,142899638.0
2019-10-16,000166.SZ,4.33,4.41,4.33,4.38,32134200.0,139944441.0
2019-10-17,000157.SZ,4.5,4.5,4.42,4.45,24039300.0,107575867.49999999
2019-10-17,000166.SZ,4.39,4.41,4.35,4.36,18583200.0,81301500.0
2019-10-17,000100.SZ,2.82,2.84,2.8,2.82,68425500.0,192959910.0
2019-10-18,000166.SZ,4.38,4.38,4.26,4.27,29359400.0,126979404.99999999
2019-10-18,000100.SZ,2.83,2.84,2.74,2.74,121403800.0,338109583.0
2019-10-18,000157.SZ,4.45,4.48,4.36,4.42,26931700.0,119442089.50000001
2019-10-21,000157.SZ,4.37,4.4,4.34,4.38,24989900.0,109330812.5
2019-10-21,000100.SZ,2.74,2.74,2.68,2.7,127875900.0,347822448.0
2019-10-21,000166.SZ,4.25,4.29,4.22,4.28,24496100.0,104475866.50000001
2019-10-22,000100.SZ,2.71,2.74,2.68,2.71,108454100.0,293910611.0
2019-10-22,000166.SZ,4.3,4.3,4.25,4.29,17171800.0,73752881.0
2019-10-22,000157.SZ,4.39,4.42,4.36,4.42,20962400.0,92339371.99999999
2019-10-23,000100.SZ,2.7,2.73,2.68,2.71,110684200.0,299400761.0
2019-10-23,000166.SZ,4.29,4.31,4.25,4.27,12412300.0,53124643.99999999
2019-10-23,000157.SZ,4.39,4.47,4.39,4.43,27087100.0,119454111.0
2019-10-24,000166.SZ,4.28,4.3,4.24,4.28,16486300.0,70561364.0
2019-10-24,000157.SZ,4.44,4.46,4.35,4.36,20477600.0,90101440.0
2019-10-24,000100.SZ,2.69,2.75,2.69,2.72,76278500.0,206333342.5
2019-10-25,000100.SZ,2.71,2.73,2.69,2.72,83996400.0,228050226.0
2019-10-25,000157.SZ,4.38,4.47,4.38,4.47,30338600.0,134248305.0
2019-10-25,000166.SZ,4.28,4.33,4.26,4.33,22208500.0,95607592.5
2019-10-28,000166.SZ,4.35,4.39,4.33,4.37,29546000.0,128820559.99999999
2019-10-28,000157.SZ,4.47,4.53,4.45,4.48,27801300.0,124410817.49999999
2019-10-28,000100.SZ,2.73,2.77,2.72,2.77,109165300.0,300204575.0
2019-10-29,000166.SZ,4.37,4.38,4.31,4.31,20011300.0,86849042.0
2019-10-29,000157.SZ,4.48,4.49,4.39,4.42,22355100.0,99480195.0
2019-10-29,000100.SZ,2.76,2.76,2.7,2.7,96163200.0,262525536.0
2019-10-30,000166.SZ,4.31,4.32,4.27,4.28,16552800.0,71094276.0
2019-10-30,000157.SZ,4.39,4.4,4.28,4.34,33037800.0,144209997.0
2019-10-30,000100.SZ,2.69,2.7,2.66,2.68,68169900.0,183036181.5
2019-10-31,000166.SZ,4.29,4.3,4.25,4.27,15566100.0,66622907.99999999
2019-10-31,000100.SZ,2.68,2.69,2.65,2.65,74460000.0,198435900.0
2019-10-31,000157.SZ,4.39,4.39,4.28,4.35,31241000.0,136523169.99999997
2019-11-01,000166.SZ,4.26,4.31,4.25,4.3,21097900.0,90299011.99999999
2019-11-01,000157.SZ,4.35,4.45,4.28,4.41,33665300.0,147454014.0
2019-11-01,000100.SZ,2.63,2.76,2.63,2.73,150944800.0,404532063.99999994
2019-11-04,000157.SZ,4.41,4.45,4.36,4.41,27184000.0,119881440.0
2019-11-04,000100.SZ,2.74,2.79,2.72,2.78,152745700.0,421578131.99999994
2019-11-04,000166.SZ,4.32,4.33,4.28,4.29,22209400.0,95611467.0
2019-11-05,000166.SZ,4.3,4.38,4.27,4.34,46825000.0,202284000.0
2019-11-05,000157.SZ,4.41,4.44,4.36,4.41,26847100.0,118395711.0
2019-11-05,000100.SZ,2.78,2.8,2.76,2.78,127327600.0,353970728.0
2019-11-06,000157.SZ,4.39,4.56,4.39,4.5,69893400.0,310676163.0
2019-11-06,000100.SZ,2.77,2.87,2.77,2.81,201467700.0,562094883.0
2019-11-06,000166.SZ,4.34,4.36,4.32,4.32,28516600.0,123476878.0
2019-11-07,000157.SZ,4.51,4.53,4.48,4.52,28883700.0,130409905.49999999
2019-11-07,000100.SZ,2.81,2.95,2.8,2.92,302702500.0,867242662.5000001
2019-11-07,000166.SZ,4.32,4.37,4.31,4.36,32859700.0,142611098.0
2019-11-08,000100.SZ,2.92,2.96,2.85,2.9,260300300.0,757473873.0
2019-11-08,000157.SZ,4.55,4.56,4.44,4.44,30858000.0,138706710.0
2019-11-08,000166.SZ,4.39,4.41,4.29,4.3,42017800.0,182567341.0
2019-11-11,000166.SZ,4.26,4.3,4.21,4.23,34445100.0,146219449.5
2019-11-11,000100.SZ,2.88,2.9,2.81,2.81,179311800.0,510142070.99999994
2019-11-11,000157.SZ,4.46,4.47,4.3,4.3,42885000.0,187836300.0
2019-11-12,000157.SZ,4.32,4.39,4.3,4.37,25572700.0,111113381.50000001
2019-11-12,000166.SZ,4.23,4.26,4.2,4.24,23722700.0,100465634.50000001
2019-11-12,000100.SZ,2.82,2.88,2.8,2.83,186261300.0,526188172.50000006
2019-11-13,000166.SZ,4.24,4.25,4.21,4.25,20913700.0,88778656.5
2019-11-13,000157.SZ,4.41,4.42,4.36,4.41,24697500.0,108915975.0
2019-11-13,000100.SZ,2.81,2.83,2.74,2.75,170777900.0,474762562.00000006
2019-11-14,000100.SZ,2.76,2.88,2.73,2.85,275620200.0,773114660.9999999
2019-11-14,000166.SZ,4.25,4.27,4.22,4.23,17100600.0,72506544.0
2019-11-14,000157.SZ,4.44,4.58,4.43,4.5,69318400.0,309853248.00000006
2019-11-15,000166.SZ,4.23,4.25,4.19,4.2,17552200.0,73982523.0
2019-11-15,000100.SZ,2.83,2.88,2.8,2.8,150875600.0,424714814.0
2019-11-15,000157.SZ,4.54,4.56,4.44,4.45,34710700.0,156024596.5
2019-11-18,000157.SZ,4.44,4.55,4.42,4.55,48193800.0,216631131.0
2019-11-18,000100.SZ,2.84,2.87,2.8,2.84,197107500.0,559785300.0
2019-11-18,000166.SZ,4.19,4.24,4.16,4.23,25498200.0,107347422.00000001
2019-11-19,000166.SZ,4.22,4.25,4.21,4.24,21011200.0,88877376.00000001
2019-11-19,000157.SZ,4.58,4.59,4.53,4.57,41596600.0,190304445.0
2019-11-19,000100.SZ,2.82,2.83,2.77,2.83,174795000.0,493795875.00000006
2019-11-20,000166.SZ,4.23,4.24,4.19,4.19,16196700.0,68188107.00000001
2019-11-20,000157.SZ,4.58,4.58,4.49,4.5,31254500.0,141895430.0
2019-11-20,000100.SZ,2.82,2.83,2.78,2.8,147580200.0,414700361.99999994
2019-11-21,000166.SZ,4.19,4.22,4.18,4.22,15138000.0,63655290.0
2019-11-21,000100.SZ,2.79,2.85,2.77,2.8,131963500.0,368837982.5
2019-11-21,000157.SZ,4.49,4.5,4.43,4.45,25345500.0,113294385.00000001
2019-11-22,000157.SZ,4.48,4.53,4.37,4.41,33678500.0,149700932.5
2019-11-22,000100.SZ,2.8,2.85,2.79,2.8,180275500.0,504771399.99999994
2019-11-22,000166.SZ,4.2,4.26,4.18,4.2,23280900.0,97779780.0
2019-11-25,000100.SZ,2.8,2.9,2.79,2.89,295051100.0,839420379.4999999
2019-11-25,000166.SZ,4.19,4.22,4.17,4.21,20018300.0,84076860.0
2019-11-25,000157.SZ,4.4,4.53,4.39,4.53,36502700.0,162984555.5
2019-11-26,000157.SZ,4.52,4.54,4.46,4.54,44102100.0,199782512.99999997
2019-11-26,000166.SZ,4.21,4.28,4.19,4.28,44188600.0,187580607.0
2019-11-26,000100.SZ,2.9,3.07,2.9,3.01,415715600.0,1228439598.0
2019-11-27,000166.SZ,4.24,4.26,4.21,4.24,18395100.0,77995224.0
2019-11-27,000100.SZ,3.0,3.04,2.97,3.0,185321600.0,555964800.0
2019-11-27,000157.SZ,4.5,4.56,4.47,4.5,35528300.0,159877350.0
2019-11-28,000157.SZ,4.53,4.55,4.44,4.45,29173900.0,130990811.0
2019-11-28,000100.SZ,3.02,3.05,3.0,3.01,159301500.0,480294022.49999994
2019-11-28,000166.SZ,4.22,4.25,4.21,4.23,10987500.0,46422187.49999999
2019-11-29,000100.SZ,3.01,3.13,3.01,3.09,346341100.0,1056340354.9999999
2019-11-29,000166.SZ,4.23,4.27,4.22,4.24,17656300.0,74774430.5
2019-11-29,000157.SZ,4.45,4.5,4.4,4.42,21964100.0,97410783.50000001
2019-12-02,000157.SZ,4.43,4.48,4.39,4.43,27056700.0,119861180.99999999
2019-12-02,000166.SZ,4.29,4.32,4.24,4.25,30158500.0,128776794.99999999
2019-12-02,000100.SZ,3.14,3.15,3.03,3.05,264919200.0,819924923.9999999
2019-12-03,000100.SZ,3.03,3.1,2.99,3.09,224319700.0,686418281.9999999
2019-12-03,000166.SZ,4.23,4.28,4.22,4.28,23892200.0,101661311.00000001
2019-12-03,000157.SZ,4.41,4.45,4.37,4.45,23996800.0,106305824.0
2019-12-04,000157.SZ,4.44,4.44,4.4,4.42,17766900.0,78707367.0
2019-12-04,000166.SZ,4.26,4.28,4.25,4.28,16898200.0,72155314.0
2019-12-04,000100.SZ,3.08,3.2,3.06,3.17,325961200.0,1018628750.0
2019-12-05,000166.SZ,4.28,4.33,4.27,4.32,33519400.0,144133420.00000003
2019-12-05,000157.SZ,4.45,4.53,4.41,4.49,36460800.0,162979776.00000003
2019-12-05,000100.SZ,3.17,3.21,3.13,3.18,226243200.0,718322160.0
2019-12-06,000100.SZ,3.18,3.23,3.15,3.19,166953500.0,531746897.5
2019-12-06,000157.SZ,4.47,4.51,4.45,4.48,31702600.0,141869135.0
2019-12-06,000166.SZ,4.33,4.33,4.29,4.33,24632800.0,106660024.0
2019-12-09,000157.SZ,4.5,4.51,4.45,4.48,23796300.0,106845387.0
2019-12-09,000100.SZ,3.22,3.32,3.21,3.3,306434300.0,998975817.9999999
2019-12-09,000166.SZ,4.33,4.34,4.31,4.33,23869500.0,103354935.0
2019-12-10,000166.SZ,4.33,4.33,4.31,4.32,16522900.0,71461542.5
2019-12-10,000100.SZ,3.27,3.33,3.25,3.33,223318500.0,736951050.0
2019-12-10,000157.SZ,4.48,4.48,4.45,4.48,25748500.0,115353280.00000001
2019-12-11,000100.SZ,3.31,3.32,3.13,3.14,449710500.0,1450316362.5
2019-12-11,000157.SZ,4.49,4.77,4.48,4.74,147890300.0,682513734.5
2019-12-11,000166.SZ,4.33,4.35,4.29,4.32,26743900.0,115667367.5
2019-12-12,000157.SZ,4.76,4.77,4.67,4.68,63009900.0,297406728.0
2019-12-12,000166.SZ,4.32,4.32,4.26,4.27,21932600.0,94200517.0
2019-12-12,000100.SZ,3.17,3.22,3.13,3.15,249100900.0,787158844.0
2019-12-13,000157.SZ,4.7,4.74,4.63,4.7,63228500.0,297173950.0
2019-12-13,000100.SZ,3.18,3.21,3.13,3.17,290979100.0,923858642.5
2019-12-13,000166.SZ,4.3,4.43,4.3,4.39,107142200.0,465532859.0
2019-12-16,000100.SZ,3.24,3.49,3.24,3.49,937966900.0,3156258618.5
2019-12-16,000166.SZ,4.38,4.43,4.34,4.41,80176300.0,352374838.49999994
2019-12-16,000157.SZ,4.73,4.74,4.63,4.68,46676900.0,219614814.5
2019-12-17,000166.SZ,4.41,4.61,4.39,4.51,144658200.0,645175572.0
2019-12-17,000157.SZ,4.71,4.76,4.66,4.73,53168100.0,250953432.00000003
2019-12-17,000100.SZ,3.49,3.71,3.46,3.59,924278300.0,3271945182.0
2019-12-18,000166.SZ,4.49,4.57,4.48,4.52,88112800.0,396948164.0
2019-12-18,000157.SZ,4.77,4.82,4.71,4.79,53047900.0,253568961.99999997
2019-12-18,000100.SZ,3.58,3.61,3.51,3.58,464540700.0,1663055706.0
2019-12-19,000157.SZ,4.79,4.85,4.77,4.82,41875900.0,201213699.5
2019-12-19,000100.SZ,3.57,3.64,3.53,3.57,375680600.0,1341179742.0
2019-12-19,000166.SZ,4.5,4.52,4.46,4.49,55329700.0,248707001.5
2019-12-20,000166.SZ,4.49,4.57,4.48,4.51,98510400.0,443296800.0
2019-12-20,000100.SZ,3.56,3.62,3.5,3.51,337882100.0,1194413223.5
2019-12-20,000157.SZ,4.79,4.83,4.76,4.77,36769900.0,175760121.99999997
2019-12-23,000100.SZ,3.57,3.72,3.51,3.54,502125200.0,1785055085.9999998
2019-12-23,000157.SZ,4.77,4.91,4.72,4.75,52046800.0,247742768.0
2019-12-23,000166.SZ,4.5,4.54,4.36,4.38,77442100.0,343842923.99999994
2019-12-24,000166.SZ,4.39,4.42,4.37,4.41,31073300.0,136722520.0
2019-12-24,000157.SZ,4.75,4.79,4.74,4.78,25892100.0,123375856.50000001
2019-12-24,000100.SZ,3.52,3.61,3.45,3.6,351883200.0,1252704192.0
2019-12-25,000157.SZ,4.78,4.87,4.76,4.85,32903700.0,158431315.49999997
2019-12-25,000100.SZ,3.57,3.63,3.55,3.61,285635700.0,1025432163.0
2019-12-25,000166.SZ,4.4,4.45,4.38,4.41,38791600.0,170876998.0
2019-12-26,000166.SZ,4.41,4.48,4.4,4.47,62668900.0,278249915.99999994
2019-12-26,000157.SZ,4.86,4.9,4.8,4.85,32311800.0,156873789.0
2019-12-26,000100.SZ,3.67,3.87,3.64,3.78,490757800.0,1828072804.9999998
2019-12-27,000166.SZ,4.46,4.52,4.39,4.41,79678700.0,353375034.50000006
2019-12-27,000157.SZ,4.85,4.89,4.84,4.86,37822500.0,183628237.50000003
2019-12-27,000100.SZ,3.76,3.79,3.63,3.64,359582800.0,1330456360.0
2019-12-30,000166.SZ,4.4,4.6,4.38,4.58,156371100.0,702106239.0
2019-12-30,000157.SZ,4.86,4.92,4.82,4.89,49744700.0,242505412.5
2019-12-30,000100.SZ,3.62,3.62,3.49,3.59,286422000.0,1032551310.0
2019-12-31,000100.SZ,3.58,3.63,3.54,3.6,214719800.0,770844082.0
2019-12-31,000157.SZ,4.91,4.97,4.89,4.97,40896700.0,202029697.99999997
2019-12-31,000166.SZ,4.57,4.6,4.52,4.57,100030900.0,457141213.0
2020-01-02,000100.SZ,3.63,3.72,3.59,3.68,364974100.0,1333980335.5
2020-01-02,000166.SZ,4.62,4.7,4.57,4.59,122490300.0,564067831.5
2020-01-02,000157.SZ,5.02,5.16,5.0,5.11,72029200.0,364827897.99999994
2020-01-03,000166.SZ,4.58,4.65,4.57,4.6,74171800.0,340448562.0
2020-01-03,000157.SZ,5.13,5.14,5.06,5.08,31539500.0,161009147.5
2020-01-03,000100.SZ,3.7,3.81,3.66,3.75,347712500.0,1295229062.5
2020-01-06,000100.SZ,3.67,3.8,3.64,3.72,324902400.0,1200514368.0
2020-01-06,000166.SZ,4.58,4.65,4.56,4.57,92397600.0,422719020.0
2020-01-06,000157.SZ,5.05,5.1,4.88,4.94,60331900.0,301357840.5
2020-01-07,000157.SZ,4.94,5.0,4.94,4.97,34250200.0,169709741.0
2020-01-07,000166.SZ,4.58,4.62,4.55,4.6,72277500.0,331753725.0
2020-01-07,000100.SZ,3.74,3.76,3.63,3.68,297684100.0,1104408011.0
2020-01-08,000166.SZ,4.56,4.58,4.47,4.5,84802100.0,384153512.99999994
2020-01-08,000157.SZ,4.95,4.95,4.85,4.87,35529300.0,174448863.0
2020-01-08,000100.SZ,3.88,3.98,3.77,3.8,786213000.0,3019057920.0
2020-01-09,000166.SZ,4.53,4.57,4.5,4.52,60764000.0,274957100.0
2020-01-09,000100.SZ,3.89,3.96,3.81,3.85,428076300.0,1656655281.0
2020-01-09,000157.SZ,4.91,4.96,4.89,4.94,34416400.0,169500770.00000003
2020-01-10,000157.SZ,4.95,4.97,4.89,4.96,34904400.0,172951302.0
2020-01-10,000100.SZ,3.85,3.87,3.71,3.76,337361500.0,1283660507.5
2020-01-10,000166.SZ,4.57,4.58,4.48,4.5,69143100.0,313563958.5
2020-01-13,000157.SZ,4.97,4.99,4.88,4.94,39719800.0,196811609.0
2020-01-13,000166.SZ,4.5,4.54,4.44,4.53,61930300.0,279615304.50000006
2020-01-13,000100.SZ,3.76,3.84,3.71,3.84,290935600.0,1105555280.0
2020-01-14,000100.SZ,3.83,4.03,3.82,3.92,436935700.0,1693125837.5
2020-01-14,000166.SZ,4.53,4.55,4.5,4.51,46678000.0,210984559.99999997
2020-01-14,000157.SZ,4.95,4.99,4.92,4.94,27857900.0,137757315.5
2020-01-15,000100.SZ,3.91,3.94,3.84,3.9,248113800.0,968884389.0000001
2020-01-15,000157.SZ,4.94,4.94,4.85,4.89,31593200.0,155280578.0
2020-01-15,000166.SZ,4.5,4.52,4.47,4.48,41054600.0,184335154.0
2020-01-16,000166.SZ,4.48,4.5,4.46,4.47,35973500.0,160981412.5
2020-01-16,000157.SZ,4.9,5.0,4.89,4.95,59745100.0,294244617.50000006
2020-01-16,000100.SZ,3.92,4.03,3.89,3.96,315144900.0,1241670906.0
2020-01-17,000157.SZ,4.97,5.11,4.95,5.11,59002000.0,297370080.0
2020-01-17,000166.SZ,4.48,4.53,4.47,4.49,43707000.0,196025895.0
2020-01-17,000100.SZ,3.96,4.01,3.86,3.92,235244600.0,926863724.0
2020-01-20,000100.SZ,3.95,4.21,3.92,4.19,530118200.0,2157581074.0
2020-01-20,000166.SZ,4.49,4.52,4.45,4.52,44519600.0,200560798.0
2020-01-20,000157.SZ,5.11,5.12,5.03,5.1,39164600.0,199935283.00000003
2020-01-21,000157.SZ,5.1,5.11,4.87,4.87,54343300.0,270901350.49999994
2020-01-21,000100.SZ,4.13,4.18,4.09,4.11,287497800.0,1184490936.0
2020-01-21,000166.SZ,4.5,4.51,4.44,4.46,48170000.0,215801600.00000003
2020-01-22,000100.SZ,4.07,4.19,3.97,4.13,343909200.0,1410027719.9999998
2020-01-22,000157.SZ,4.85,4.97,4.67,4.95,54202400.0,265591760.00000003
2020-01-22,000166.SZ,4.44,4.49,4.37,4.46,55052600.0,244984070.0
2020-01-23,000166.SZ,4.42,4.43,4.25,4.3,69337100.0,302309755.99999994
2020-01-23,000157.SZ,4.85,4.9,4.63,4.68,46299800.0,220618547.0
2020-01-23,000100.SZ,4.05,4.24,3.99,4.08,446644600.0,1815610298.9999998
2020-02-03,000100.SZ,3.67,3.76,3.67,3.67,371557000.0,1363614190.0
2020-02-03,000166.SZ,3.87,3.87,3.87,3.87,32369800.0,125271126.0
2020-02-03,000157.SZ,4.22,4.22,4.22,4.22,16395700.0,69189854.0
2020-02-04,000100.SZ,3.67,4.03,3.66,3.96,610602500.0,2329448537.5
2020-02-04,000166.SZ,3.71,3.91,3.71,3.86,97433500.0,368785797.5
2020-02-04,000157.SZ,3.98,4.38,3.98,4.34,80525600.0,334986496.0
2020-02-05,000166.SZ,3.88,4.0,3.86,3.91,67546800.0,263094786.0
2020-02-05,000100.SZ,3.93,4.1,3.9,4.01,562190000.0,2231894300.0
2020-02-05,000157.SZ,4.32,4.49,4.32,4.34,47913900.0,207467187.0
2020-02-06,000100.SZ,3.99,4.42,3.96,4.42,799706200.0,3362764571.0
2020-02-06,000157.SZ,4.36,4.5,4.27,4.45,45003300.0,198239536.5
2020-02-06,000166.SZ,3.92,4.01,3.88,3.99,76171500.0,301258282.5
2020-02-07,000166.SZ,3.98,3.99,3.93,3.97,54177200.0,215354370.0
2020-02-07,000157.SZ,4.42,4.48,4.39,4.44,36664500.0,162423735.0
2020-02-07,000100.SZ,4.47,4.67,4.42,4.59,783716900.0,3550237556.9999995
2020-02-10,000100.SZ,4.47,4.62,4.42,4.51,535486800.0,2404335732.0
2020-02-10,000157.SZ,4.43,4.67,4.39,4.62,47070600.0,212994465.00000003
2020-02-10,000166.SZ,3.94,4.03,3.93,4.0,46761400.0,185642758.0
2020-02-11,000100.SZ,4.5,4.53,4.35,4.43,445642500.0,1989793762.5
2020-02-11,000166.SZ,4.0,4.07,3.98,4.0,47574800.0,190299200.0
2020-02-11,000157.SZ,4.61,4.73,4.59,4.65,35433900.0,164058957.00000003
2020-02-12,000100.SZ,4.38,4.49,4.33,4.47,478949700.0,2119352422.5
2020-02-12,000166.SZ,3.98,4.07,3.98,4.05,53944900.0,216588773.49999997
2020-02-12,000157.SZ,4.61,4.68,4.59,4.62,31438400.0,145088216.0
2020-02-13,000166.SZ,4.04,4.07,3.98,3.98,43719900.0,175316799.0
2020-02-13,000100.SZ,4.44,4.63,4.32,4.58,669667900.0,3020202229.0
2020-02-13,000157.SZ,4.59,4.76,4.58,4.67,50328500.0,233020955.0
2020-02-14,000166.SZ,3.98,4.07,3.97,4.01,53034100.0,211871229.5
2020-02-14,000157.SZ,4.63,4.69,4.62,4.67,25198200.0,117171630.00000001
2020-02-14,000100.SZ,4.53,4.61,4.44,4.48,448426600.0,2020161833.0000002
2020-02-17,000157.SZ,4.68,4.77,4.66,4.76,31524500.0,148795640.0
2020-02-17,000100.SZ,4.52,4.7,4.45,4.67,535221300.0,2459341873.5
2020-02-17,000166.SZ,4.08,4.2,4.06,4.19,95026000.0,392932510.0
2020-02-18,000166.SZ,4.17,4.25,4.16,4.19,60383600.0,252403447.99999997
2020-02-18,000157.SZ,4.76,4.77,4.69,4.74,25444900.0,120863275.0
2020-02-18,000100.SZ,4.71,5.05,4.67,4.96,715525800.0,3459567243.0
2020-02-19,000100.SZ,4.9,5.06,4.87,4.91,489966800.0,2403287154.0
2020-02-19,000157.SZ,4.71,4.79,4.71,4.72,25192600.0,118783109.0
2020-02-19,000166.SZ,4.19,4.27,4.17,4.19,61984700.0,259715893.00000003
2020-02-20,000157.SZ,4.72,4.79,4.69,4.78,38567600.0,183196100.0
2020-02-20,000166.SZ,4.2,4.43,4.17,4.41,129911000.0,559266855.0
2020-02-20,000100.SZ,4.96,5.4,4.92,5.4,696511400.0,3607929052.0
2020-02-21,000166.SZ,4.4,4.5,4.35,4.38,118316600.0,519409874.00000006
2020-02-21,000157.SZ,4.78,4.88,4.76,4.83,33325500.0,160129027.5
2020-02-21,000100.SZ,5.55,5.66,5.33,5.38,939622000.0,5135034230.0
2020-02-24,000157.SZ,4.82,4.88,4.74,4.77,36807200.0,176490524.0
2020-02-24,000166.SZ,4.36,4.41,4.33,4.36,78361800.0,341657448.0
2020-02-24,000100.SZ,5.48,5.88,5.33,5.78,873684800.0,4918845424.000001
2020-02-25,000166.SZ,4.29,4.45,4.25,4.45,135364300.0,591541991.0
2020-02-25,000157.SZ,4.61,4.76,4.56,4.66,45485700.0,210826219.5
2020-02-25,000100.SZ,5.6,5.94,5.48,5.93,1069165600.0,6163739684.0
2020-02-26,000100.SZ,5.78,5.87,5.33,5.36,1056855400.0,5886684578.0
2020-02-26,000157.SZ,4.62,4.79,4.61,4.7,48624600.0,226590636.0
2020-02-26,000166.SZ,4.4,4.49,4.35,4.35,119676900.0,523586437.5
2020-02-27,000100.SZ,5.36,5.44,5.12,5.19,794283900.0,4189847572.5000005
2020-02-27,000157.SZ,4.74,4.93,4.74,4.89,71104800.0,342369611.99999994
2020-02-27,000166.SZ,4.37,4.43,4.32,4.34,82706500.0,360186807.50000006
2020-02-28,000100.SZ,4.9,5.04,4.68,4.74,1158169500.0,5582376990.0
2020-02-28,000157.SZ,4.84,4.89,4.65,4.67,69249500.0,329281372.5
2020-02-28,000166.SZ,4.24,4.28,4.12,4.17,95314500.0,400797472.5
2020-03-02,000166.SZ,4.17,4.39,4.17,4.33,102157900.0,434171075.0
2020-03-02,000157.SZ,4.71,5.09,4.69,5.02,99923100.0,486125881.5
2020-03-02,000100.SZ,4.87,5.21,4.87,5.13,1061958900.0,5309794500.0
2020-03-03,000100.SZ,5.23,5.49,5.04,5.16,973181500.0,5055677892.5
2020-03-03,000157.SZ,5.12,5.17,4.85,4.94,90844300.0,456946829.0
2020-03-03,000166.SZ,4.37,4.43,4.31,4.34,106613300.0,464300921.50000006
2020-03-04,000166.SZ,4.32,4.39,4.29,4.39,104366700.0,454516978.50000006
2020-03-04,000100.SZ,5.12,5.14,4.8,5.0,725482200.0,3670939932.0000005
2020-03-04,000157.SZ,4.91,4.99,4.83,4.97,67018600.0,331071883.99999994
2020-03-05,000157.SZ,4.98,5.01,4.91,4.97,50362300.0,250552442.49999997
2020-03-05,000100.SZ,5.15,5.19,4.89,5.04,653124500.0,3327669327.5000005
2020-03-05,000166.SZ,4.43,4.53,4.35,4.46,190843700.0,848300246.5
2020-03-06,000166.SZ,4.41,4.42,4.36,4.37,93221800.0,409243702.00000006
2020-03-06,000157.SZ,4.93,4.93,4.82,4.85,52484100.0,256647248.99999997
2020-03-06,000100.SZ,4.91,5.19,4.88,5.13,677050600.0,3398794011.9999995
2020-03-09,000100.SZ,4.92,5.06,4.75,4.79,705952300.0,3427398416.5000005
2020-03-09,000157.SZ,4.77,4.78,4.59,4.59,71296900.0,333669492.0
2020-03-09,000166.SZ,4.31,4.36,4.24,4.27,94518100.0,405482648.99999994
2020-03-10,000166.SZ,4.25,4.38,4.24,4.37,113466300.0,489039753.00000006
2020-03-10,000100.SZ,4.77,4.97,4.57,4.97,867318800.0,4223842555.9999995
2020-03-10,000157.SZ,4.52,4.68,4.5,4.64,55564900.0,254487242.0
2020-03-11,000100.SZ,4.93,4.93,4.68,4.7,749442300.0,3608564674.4999995
2020-03-11,000157.SZ,4.65,4.67,4.56,4.56,38483200.0,177215136.00000003
2020-03-11,000166.SZ,4.36,4.37,4.27,4.27,75478200.0,325688432.99999994
2020-03-12,000166.SZ,4.24,4.27,4.14,4.17,76985900.0,323725709.5
2020-03-12,000100.SZ,4.51,4.57,4.34,4.43,855398500.0,3823631295.0
2020-03-12,000157.SZ,4.51,4.51,4.39,4.42,45990600.0,205348029.0
2020-03-13,000157.SZ,4.1,4.44,4.1,4.31,52511600.0,220811278.0
2020-03-13,000100.SZ,4.21,4.5,4.13,4.4,699230400.0,3010186872.0
2020-03-13,000166.SZ,3.97,4.17,3.92,4.12,82962300.0,335582503.5
2020-03-16,000157.SZ,4.35,4.37,4.03,4.04,69217300.0,290366573.5
2020-03-16,000100.SZ,4.37,4.37,3.96,3.96,854690400.0,3559785516.0
2020-03-16,000166.SZ,4.14,4.16,3.96,3.99,69068200.0,280762232.99999994
2020-03-17,000157.SZ,4.03,4.16,4.01,4.13,52261300.0,213226104.0
2020-03-17,000100.SZ,4.07,4.16,3.88,4.1,823882400.0,3365559604.0
2020-03-17,000166.SZ,4.01,4.07,3.92,4.0,63937000.0,256067685.0
2020-03-18,000157.SZ,4.15,4.26,4.05,4.05,51736400.0,212119239.99999997
2020-03-18,000166.SZ,4.01,4.05,3.89,3.91,55955400.0,221583384.0
2020-03-18,000100.SZ,4.11,4.21,3.95,3.95,696795300.0,2808085059.0
2020-03-19,000166.SZ,3.91,3.96,3.84,3.92,68896800.0,269730972.0
2020-03-19,000100.SZ,3.95,4.09,3.85,4.06,693042700.0,2775636013.5
2020-03-19,000157.SZ,4.04,4.2,3.93,4.04,81998700.0,331274748.0
2020-03-20,000166.SZ,3.94,4.09,3.88,4.05,88752100.0,354564639.5
2020-03-20,000157.SZ,4.1,4.18,4.04,4.16,55003100.0,227162803.0
2020-03-20,000100.SZ,4.14,4.15,3.92,4.02,573129500.0,2338368360.0
2020-03-23,000100.SZ,3.81,3.84,3.62,3.69,716414100.0,2686552875.0
2020-03-23,000157.SZ,4.09,4.22,4.04,4.19,51619500.0,213704730.00000003
2020-03-23,000166.SZ,3.94,4.06,3.93,3.94,54951200.0,216507728.0
2020-03-24,000166.SZ,4.01,4.03,3.92,3.99,54475400.0,217901600.0
2020-03-24,000157.SZ,4.22,4.29,4.13,4.22,61426300.0,259218985.99999997
2020-03-24,000100.SZ,3.79,3.8,3.51,3.72,702545000.0,2638056475.0
2020-03-25,000157.SZ,4.32,4.36,4.22,4.27,54488800.0,234029396.0
2020-03-25,000100.SZ,3.77,3.9,3.76,3.82,782241200.0,2968605354.0
2020-03-25,000166.SZ,4.05,4.08,4.0,4.03,54177700.0,218877908.0
2020-03-26,000166.SZ,4.0,4.02,3.96,3.97,31832800.0,126853708.00000001
2020-03-26,000100.SZ,3.77,3.78,3.65,3.66,521019100.0,1935585956.5
2020-03-26,000157.SZ,4.26,4.33,4.22,4.31,43431700.0,186104834.5
2020-03-27,000166.SZ,4.0,4.06,3.98,3.98,37884000.0,151157160.0
2020-03-27,000100.SZ,3.75,3.76,3.62,3.62,427243000.0,1574390455.0
2020-03-27,000157.SZ,4.35,4.47,4.31,4.43,58637400.0,257418185.99999997
2020-03-30,000166.SZ,3.94,3.96,3.92,3.93,34185700.0,134520729.5
2020-03-30,000100.SZ,3.51,3.53,3.37,3.45,544096000.0,1893454080.0
2020-03-30,000157.SZ,4.37,4.45,4.36,4.43,37936900.0,166922360.0
2020-03-31,000166.SZ,3.97,3.98,3.92,3.93,30803100.0,121672245.0
2020-03-31,000157.SZ,4.35,4.37,4.21,4.23,75742500.0,324935325.0
2020-03-31,000100.SZ,3.49,3.51,3.32,3.34,516777700.0,1764795845.5
2020-04-01,000166.SZ,3.93,3.98,3.9,3.91,32887400.0,128918608.0
2020-04-01,000157.SZ,4.16,4.25,4.15,4.16,48417500.0,201416800.0
2020-04-01,000100.SZ,3.33,3.67,3.33,3.52,966429300.0,3310020352.5
2020-04-02,000166.SZ,3.89,3.97,3.88,3.96,32582900.0,127887882.5
2020-04-02,000157.SZ,4.13,4.22,4.1,4.21,36445900.0,151979403.0
2020-04-02,000100.SZ,3.53,3.69,3.5,3.68,793040700.0,2858911723.5
2020-04-03,000157.SZ,4.22,4.3,4.21,4.27,40866800.0,173479565.99999997
2020-04-03,000100.SZ,3.63,3.65,3.53,3.55,500955100.0,1798428809.0
2020-04-03,000166.SZ,3.94,3.96,3.91,3.92,27953600.0,109857647.99999999
2020-04-07,000100.SZ,3.67,3.81,3.63,3.74,732041900.0,2712215239.5
2020-04-07,000157.SZ,4.39,4.52,4.35,4.49,71959400.0,319499735.99999994
2020-04-07,000166.SZ,3.96,4.0,3.94,3.98,53962200.0,214229934.0
2020-04-08,000166.SZ,3.95,3.98,3.94,3.95,31383400.0,123964430.0
2020-04-08,000157.SZ,4.49,4.55,4.46,4.53,45962000.0,207288620.0
2020-04-08,000100.SZ,3.7,3.8,3.67,3.72,559087400.0,2074214254.0
2020-04-09,000157.SZ,4.54,4.56,4.5,4.53,30450100.0,138091203.5
2020-04-09,000166.SZ,3.98,4.0,3.95,3.95,43935500.0,174204257.5
2020-04-09,000100.SZ,3.75,3.76,3.63,3.67,349687800.0,1297341738.0
2020-04-10,000166.SZ,3.97,3.97,3.91,3.92,31480100.0,124188994.50000001
2020-04-10,000100.SZ,3.65,3.66,3.51,3.55,375493300.0,1351775879.9999998
2020-04-10,000157.SZ,4.58,4.77,4.57,4.63,77908900.0,358770484.50000006
2020-04-13,000100.SZ,3.49,3.56,3.43,3.47,263349700.0,916456956.0000001
2020-04-13,000157.SZ,4.71,4.91,4.71,4.83,92421600.0,440851031.99999994
2020-04-13,000166.SZ,3.91,3.92,3.89,3.9,23621200.0,92240786.0
2020-04-14,000166.SZ,3.91,3.99,3.9,3.97,45437500.0,179023750.00000003
2020-04-14,000157.SZ,4.88,4.94,4.81,4.86,72981100.0,355417957.0
2020-04-14,000100.SZ,3.51,3.6,3.48,3.6,367613100.0,1306864570.5
2020-04-15,000100.SZ,3.59,3.68,3.55,3.57,456652800.0,1634817024.0
2020-04-15,000166.SZ,3.95,3.99,3.92,3.92,35671200.0,140366172.0
2020-04-15,000157.SZ,4.87,4.88,4.71,4.76,61584100.0,296527441.49999994
2020-04-16,000157.SZ,4.68,4.76,4.68,4.74,34717900.0,163521309.0
2020-04-16,000100.SZ,3.54,3.6,3.48,3.59,273084000.0,973544460.0
2020-04-16,000166.SZ,3.91,3.99,3.91,3.93,40401900.0,158375448.0
2020-04-17,000100.SZ,3.67,3.8,3.63,3.72,712575700.0,2632967211.5
2020-04-17,000166.SZ,3.95,3.97,3.92,3.93,33283600.0,131137384.00000001
2020-04-17,000157.SZ,4.75,4.88,4.75,4.78,58198300.0,277314899.50000006
2020-04-20,000166.SZ,3.93,3.95,3.92,3.93,23988400.0,94274412.0
2020-04-20,000157.SZ,4.82,4.88,4.78,4.8,39783600.0,191359116.00000003
2020-04-20,000100.SZ,3.69,3.72,3.64,3.72,298027700.0,1104192628.5
2020-04-21,000157.SZ,4.78,4.8,4.65,4.71,49153000.0,233230985.0
2020-04-21,000166.SZ,3.92,3.92,3.85,3.88,33692700.0,131401530.0
2020-04-21,000100.SZ,3.66,3.67,3.54,3.59,385675400.0,1398073325.0
2020-04-22,000100.SZ,3.51,3.59,3.5,3.58,256678200.0,909924219.0
2020-04-22,000157.SZ,4.72,4.73,4.65,4.7,28709600.0,135222216.0
2020-04-22,000166.SZ,3.85,3.89,3.84,3.88,21768600.0,84135639.0
2020-04-23,000100.SZ,3.59,3.59,3.5,3.5,269146900.0,954125760.5
2020-04-23,000166.SZ,3.88,3.89,3.85,3.85,19935400.0,77050321.0
2020-04-23,000157.SZ,4.73,4.75,4.59,4.59,57980500.0,270189130.0
2020-04-24,000100.SZ,3.5,3.52,3.39,3.42,228984200.0,792285332.0
2020-04-24,000157.SZ,4.62,4.71,4.57,4.6,43781400.0,201832253.99999997
2020-04-24,000166.SZ,3.85,3.86,3.8,3.81,25686100.0,98377763.0
2020-04-27,000100.SZ,3.42,3.48,3.4,3.44,161521200.0,554017716.0
2020-04-27,000157.SZ,4.61,4.65,4.5,4.58,41768900.0,191928095.50000003
2020-04-27,000166.SZ,3.82,3.84,3.78,3.79,26041200.0,99086766.0
2020-04-28,000166.SZ,3.82,3.84,3.74,3.81,42451100.0,161950946.5
2020-04-28,000157.SZ,4.6,4.65,4.5,4.6,37911600.0,174393360.0
2020-04-28,000100.SZ,3.45,3.46,3.25,3.41,292268000.0,1002479240.0
2020-04-29,000166.SZ,3.79,3.83,3.78,3.82,22610900.0,86034474.5
2020-04-29,000157.SZ,4.6,4.65,4.53,4.62,31203000.0,143845829.99999997
2020-04-29,000100.SZ,3.34,3.51,3.33,3.48,306045800.0,1043616178.0
2020-04-30,000166.SZ,3.84,3.9,3.83,3.9,49484300.0,191504241.0
2020-04-30,000100.SZ,3.53,3.83,3.5,3.83,824464100.0,3034027888.0
2020-04-30,000157.SZ,4.7,4.79,4.68,4.76,52143800.0,246640174.00000003
2020-05-06,000100.SZ,3.75,4.0,3.74,3.96,759538400.0,2928020532.0
2020-05-06,000157.SZ,4.72,4.9,4.72,4.88,80759800.0,387647040.0
2020-05-06,000166.SZ,3.85,3.99,3.84,3.96,62881600.0,245552648.00000003
2020-05-07,000166.SZ,3.96,4.0,3.92,3.94,40876200.0,161460990.0
2020-05-07,000100.SZ,3.94,3.98,3.86,3.89,419539200.0,1642495968.0
2020-05-07,000157.SZ,4.89,5.0,4.84,4.97,84881400.0,418465302.0
2020-05-08,000157.SZ,4.97,5.17,4.96,5.13,97528300.0,492517915.0
2020-05-08,000166.SZ,3.97,4.04,3.94,4.0,52790900.0,210371736.50000003
2020-05-08,000100.SZ,3.94,3.98,3.89,3.91,423186300.0,1661006227.5
2020-05-11,000157.SZ,5.15,5.24,5.14,5.17,93552400.0,482730384.0
2020-05-11,000100.SZ,3.95,4.08,3.93,3.99,506717900.0,2011670063.0
2020-05-11,000166.SZ,4.01,4.02,3.98,4.0,41852700.0,167620063.5
2020-05-12,000100.SZ,3.98,3.98,3.87,3.98,330162100.0,1314045158.0
2020-05-12,000166.SZ,4.06,4.08,4.0,4.01,52096900.0,210210991.5
2020-05-12,000157.SZ,5.2,5.31,5.14,5.18,80363500.0,417086564.99999994
2020-05-13,000157.SZ,5.16,5.23,5.1,5.21,53943500.0,279697047.5
2020-05-13,000100.SZ,3.95,4.1,3.91,4.03,393660400.0,1570704996.0
2020-05-13,000166.SZ,3.99,4.05,3.95,4.04,36511000.0,146591665.00000003
2020-05-14,000157.SZ,5.17,5.2,5.1,5.11,54968700.0,282539118.00000006
2020-05-14,000166.SZ,4.01,4.03,3.99,4.0,21753800.0,87123969.0
2020-05-14,000100.SZ,3.98,4.17,3.97,4.12,494276400.0,2001819420.0
2020-05-15,000100.SZ,4.14,4.41,4.08,4.28,631223700.0,2657451777.0
2020-05-15,000166.SZ,4.0,4.03,3.97,3.98,23198900.0,92563611.0
2020-05-15,000157.SZ,5.14,5.18,5.06,5.08,42303400.0,216170373.99999997
2020-05-18,000100.SZ,4.25,4.31,4.01,4.04,561207800.0,2326206330.9999995
2020-05-18,000157.SZ,5.14,5.17,5.06,5.11,38512700.0,197377587.5
2020-05-18,000166.SZ,3.99,4.01,3.97,3.98,21729900.0,86593651.5
2020-05-19,000100.SZ,4.08,4.21,4.07,4.2,381717500.0,1580310450.0000002
2020-05-19,000166.SZ,4.01,4.03,3.99,4.0,27068800.0,108410544.0
2020-05-19,000157.SZ,5.14,5.24,5.12,5.17,50978800.0,262795713.99999997
2020-05-20,000157.SZ,5.18,5.19,5.06,5.08,39424900.0,202249737.0
2020-05-20,000166.SZ,3.98,4.02,3.97,4.0,29398000.0,117298020.0
2020-05-20,000100.SZ,4.17,4.39,4.15,4.26,523307600.0,2205741534.0
2020-05-21,000157.SZ,5.11,5.12,4.91,4.94,46911600.0,235730790.00000003
2020-05-21,000166.SZ,4.0,4.02,3.98,4.0,24537100.0,98148400.0
2020-05-21,000100.SZ,4.27,4.37,4.18,4.22,440974800.0,1871938025.9999998
2020-05-22,000157.SZ,4.94,4.95,4.74,4.79,52826900.0,257002868.5
2020-05-22,000100.SZ,4.19,4.21,4.01,4.08,464721400.0,1921622989.0
2020-05-22,000166.SZ,3.99,4.0,3.94,3.96,33205500.0,131991862.5
2020-05-25,000166.SZ,3.95,3.99,3.94,3.97,23670100.0,93733596.0
2020-05-25,000100.SZ,4.03,4.11,3.98,4.04,229813500.0,927297472.5
2020-05-25,000157.SZ,4.8,4.87,4.76,4.82,35392300.0,170236963.00000003
2020-05-26,000157.SZ,4.83,4.88,4.79,4.83,48076400.0,232209012.0
2020-05-26,000100.SZ,4.08,4.16,4.05,4.15,299117000.0,1230866455.0
2020-05-26,000166.SZ,3.99,3.99,3.94,3.96,28607000.0,113712825.0
2020-05-27,000100.SZ,4.15,4.15,4.01,4.03,255301300.0,1044182317.0
2020-05-27,000166.SZ,3.95,3.96,3.85,3.86,32680600.0,127617743.00000001
2020-05-27,000157.SZ,4.84,4.86,4.72,4.77,39855600.0,191506158.0
2020-05-28,000166.SZ,3.87,3.94,3.86,3.9,28872800.0,112170828.0
2020-05-28,000157.SZ,4.78,4.88,4.71,4.76,40365400.0,192542957.99999997
2020-05-28,000100.SZ,4.01,4.14,4.0,4.08,265416700.0,1073610551.5
2020-05-29,000100.SZ,4.1,4.36,4.06,4.31,646980600.0,2720553423.0
2020-05-29,000157.SZ,4.75,4.79,4.68,4.74,50882700.0,241438411.5
2020-05-29,000166.SZ,3.88,3.91,3.85,3.85,24631300.0,95199974.5
2020-06-01,000100.SZ,4.34,4.52,4.3,4.45,525223800.0,2308358601.0
2020-06-01,000157.SZ,4.79,4.89,4.78,4.87,58569900.0,282892617.0
2020-06-01,000166.SZ,3.92,4.05,3.92,4.02,78919100.0,313308827.0
2020-06-02,000100.SZ,4.45,4.8,4.43,4.72,769513400.0,3528218939.0
2020-06-02,000166.SZ,4.01,4.06,4.0,4.02,41766300.0,167691694.5
2020-06-02,000157.SZ,4.88,4.91,4.79,4.84,41250100.0,200475485.99999997
2020-06-03,000157.SZ,4.85,4.94,4.79,4.81,49304800.0,238142184.0
2020-06-03,000100.SZ,4.77,4.9,4.67,4.71,739187800.0,3503750172.0
2020-06-03,000166.SZ,4.02,4.04,3.98,3.98,33154900.0,132619600.0
2020-06-04,000166.SZ,4.0,4.01,3.96,3.97,26274600.0,104704281.00000001
2020-06-04,000100.SZ,4.81,4.9,4.74,4.78,500157200.0,2398253774.0
2020-06-04,000157.SZ,4.79,4.82,4.75,4.77,31579100.0,150948097.99999997
2020-06-05,000166.SZ,3.95,4.01,3.95,4.0,33456600.0,132989985.0
2020-06-05,000100.SZ,4.79,4.88,4.67,4.76,406746200.0,1942213105.0000002
2020-06-05,000157.SZ,4.77,4.79,4.69,4.72,25979200.0,123271303.99999999
2020-06-08,000100.SZ,4.89,5.16,4.89,4.96,774585600.0,3814834080.0
2020-06-08,000166.SZ,4.02,4.03,3.97,3.98,28029900.0,112119600.0
2020-06-08,000157.SZ,4.78,4.79,4.69,4.71,40938300.0,194252233.5
2020-06-09,000166.SZ,3.97,4.02,3.97,4.02,50727900.0,202657960.5
2020-06-09,000157.SZ,4.74,4.8,4.72,4.77,49845100.0,237013450.5
2020-06-09,000100.SZ,4.94,4.94,4.74,4.75,541071600.0,2621491902.0000005
2020-06-10,000100.SZ,4.72,4.96,4.72,4.93,498969300.0,2407526872.4999995
2020-06-10,000157.SZ,4.77,4.79,4.7,4.75,45089200.0,214624592.0
2020-06-10,000166.SZ,4.01,4.01,3.97,3.97,31361300.0,125131587.0
2020-06-11,000166.SZ,3.98,4.02,3.93,3.95,44841400.0,177796151.0
2020-06-11,000100.SZ,4.93,4.96,4.78,4.81,409157700.0,1992597998.9999998
2020-06-11,000157.SZ,4.75,4.84,4.71,4.76,61044500.0,290266597.5
2020-06-12,000157.SZ,4.67,4.68,4.59,4.65,69955600.0,325993096.0
2020-06-12,000166.SZ,3.91,3.94,3.88,3.92,45870500.0,179583007.5
2020-06-12,000100.SZ,4.62,4.81,4.6,4.75,352659600.0,1652210226.0000002
2020-06-15,000100.SZ,4.69,4.73,4.55,4.6,358230800.0,1663982065.9999998
2020-06-15,000157.SZ,4.64,4.65,4.56,4.56,40767000.0,187528200.0
2020-06-15,000166.SZ,3.92,3.97,3.9,3.9,40964500.0,160171195.0
2020-06-16,000166.SZ,3.92,3.94,3.91,3.93,29678600.0,116488505.0
2020-06-16,000157.SZ,4.61,4.79,4.59,4.77,70092400.0,328733355.99999994
2020-06-16,000100.SZ,4.73,4.83,4.71,4.78,320787300.0,1525343611.5000002
2020-06-17,000100.SZ,4.78,4.8,4.69,4.78,263929800.0,1261584444.0
2020-06-17,000166.SZ,3.92,3.97,3.92,3.95,37482000.0,147491670.0
2020-06-17,000157.SZ,4.76,4.79,4.7,4.76,33291200.0,158466112.0
2020-06-18,000166.SZ,3.95,4.0,3.93,3.98,39982400.0,158530216.0
2020-06-18,000157.SZ,4.77,4.78,4.72,4.77,27067400.0,129111497.99999999
2020-06-18,000100.SZ,4.76,5.08,4.74,5.06,602255200.0,2957073032.0
2020-06-19,000100.SZ,5.06,5.14,5.0,5.07,397183000.0,2011731894.9999998
2020-06-19,000166.SZ,3.99,4.15,3.97,4.1,137330900.0,555503490.5
2020-06-19,000157.SZ,4.77,4.81,4.74,4.78,39035700.0,186395467.5
2020-06-22,000166.SZ,4.17,4.51,4.14,4.38,354532200.0,1515625155.0000002
2020-06-22,000157.SZ,4.78,4.79,4.68,4.7,38767900.0,183759846.0
2020-06-22,000100.SZ,5.12,5.22,5.05,5.08,415613100.0,2119626809.9999998
2020-06-23,000166.SZ,4.33,4.36,4.25,4.34,186016500.0,806381527.5
2020-06-23,000100.SZ,5.18,5.21,5.03,5.07,345409600.0,1770224200.0
2020-06-23,000157.SZ,4.68,4.74,4.63,4.66,59700000.0,278799000.0
2020-06-24,000157.SZ,4.66,4.71,4.62,4.65,35018300.0,163010186.5
2020-06-24,000100.SZ,5.2,5.2,4.97,5.07,308884500.0,1586121907.5
2020-06-24,000166.SZ,4.33,4.41,4.27,4.32,119017000.0,514748525.0
2020-06-29,000100.SZ,5.02,5.16,4.97,5.08,293178700.0,1480552435.0
2020-06-29,000166.SZ,4.33,4.35,4.18,4.29,129339500.0,557453245.0000001
2020-06-29,000157.SZ,4.61,4.65,4.59,4.62,31930800.0,147360642.0
2020-06-30,000166.SZ,4.31,4.6,4.28,4.5,186443900.0,821285379.4999999
2020-06-30,000100.SZ,5.08,5.15,5.04,5.11,310387100.0,1581422274.5000002
2020-06-30,000157.SZ,4.65,4.8,4.65,4.78,51654400.0,243550496.0
2020-07-01,000166.SZ,4.47,4.64,4.43,4.56,190872000.0,861787079.9999999
2020-07-01,000157.SZ,4.83,5.19,4.82,5.13,133198100.0,663326538.0
2020-07-01,000100.SZ,5.11,5.12,4.93,5.02,339970600.0,1721951088.9999998
2020-07-02,000157.SZ,5.2,5.37,5.13,5.33,145031600.0,763591374.0000001
2020-07-02,000100.SZ,5.01,5.22,4.93,5.21,537228700.0,2745238656.9999995
2020-07-02,000166.SZ,4.51,4.87,4.5,4.82,300349600.0,1401130884.0
2020-07-03,000100.SZ,5.2,5.2,5.03,5.1,440651000.0,2269352650.0
2020-07-03,000157.SZ,5.34,5.55,5.31,5.37,134668200.0,721148211.0
2020-07-03,000166.SZ,4.9,5.3,4.87,5.3,497486000.0,2537178600.0
2020-07-06,000166.SZ,5.51,5.82,5.4,5.82,602740700.0,3414526065.5
2020-07-06,000157.SZ,5.58,5.59,5.37,5.48,164077400.0,907348022.0
2020-07-06,000100.SZ,5.07,5.4,5.06,5.37,618243800.0,3227232636.0000005
2020-07-07,000166.SZ,6.0,6.07,5.56,5.67,684567400.0,3994450779.0
2020-07-07,000157.SZ,5.58,5.8,5.58,5.71,179683900.0,1014315615.4999999
2020-07-07,000100.SZ,5.49,5.88,5.49,5.62,790082000.0,4388905510.0
2020-07-08,000166.SZ,5.58,6.15,5.54,5.98,610177200.0,3526824216.0
2020-07-08,000157.SZ,5.62,5.69,5.51,5.67,107418900.0,606379690.5
2020-07-08,000100.SZ,5.7,5.75,5.47,5.67,584998400.0,3325715904.0000005
2020-07-09,000100.SZ,5.6,5.81,5.56,5.67,586683500.0,3305961522.5
2020-07-09,000157.SZ,5.67,5.77,5.64,5.72,82696200.0,470954859.0
2020-07-09,000166.SZ,5.82,5.96,5.71,5.82,498473600.0,2901116352.0
2020-07-10,000100.SZ,5.57,5.63,5.44,5.45,473135500.0,2606976605.0
2020-07-10,000157.SZ,5.71,5.9,5.65,5.74,87143100.0,498894247.49999994
2020-07-10,000166.SZ,5.57,5.7,5.46,5.5,461917500.0,2556713362.5
2020-07-13,000157.SZ,5.72,6.02,5.72,5.96,102845300.0,600616552.0
2020-07-13,000166.SZ,5.46,5.68,5.44,5.6,420592900.0,2325878736.9999995
2020-07-13,000100.SZ,5.41,5.77,5.4,5.77,556635200.0,3111590768.0
2020-07-14,000100.SZ,5.77,5.81,5.45,5.58,573795000.0,3256286625.0
2020-07-14,000157.SZ,5.93,5.93,5.72,5.81,90283800.0,529965905.99999994
2020-07-14,000166.SZ,5.56,5.71,5.49,5.62,337347700.0,1885773643.0
2020-07-15,000100.SZ,5.56,5.61,5.25,5.3,503289400.0,2732861442.0
2020-07-15,000166.SZ,5.65,5.71,5.41,5.43,322494100.0,1786617314.0
2020-07-15,000157.SZ,6.1,6.34,6.02,6.13,167358900.0,1023399673.5
2020-07-16,000100.SZ,5.46,5.67,5.11,5.2,705758300.0,3761691739.0
2020-07-16,000166.SZ,5.46,5.59,5.14,5.16,344393200.0,1828727892.0000002
2020-07-16,000157.SZ,6.24,6.36,5.93,5.97,123859600.0,756162858.0
2020-07-17,000100.SZ,5.2,5.5,5.13,5.46,526369200.0,2805547836.0
2020-07-17,000157.SZ,6.02,6.18,5.89,6.06,103872800.0,627391711.9999999
2020-07-17,000166.SZ,5.2,5.25,4.87,4.96,311833700.0,1584115196.0
2020-07-20,000166.SZ,5.07,5.29,5.04,5.23,287328100.0,1479739715.0
2020-07-20,000100.SZ,5.52,5.55,5.28,5.53,460353900.0,2543455297.5
2020-07-20,000157.SZ,6.17,6.67,6.17,6.62,177411800.0,1134548461.0
2020-07-21,000157.SZ,6.66,6.66,6.45,6.63,107340300.0,713276293.5
2020-07-21,000100.SZ,5.62,5.98,5.59,5.74,803678300.0,4564892744.0
2020-07-21,000166.SZ,5.23,5.25,5.13,5.16,203160700.0,1055419836.5
2020-07-22,000157.SZ,6.62,6.63,6.48,6.53,77125600.0,507100820.0
2020-07-22,000100.SZ,5.65,5.89,5.62,5.76,522061300.0,2978359716.5
2020-07-22,000166.SZ,5.18,5.38,5.14,5.18,294657400.0,1526325332.0
2020-07-23,000100.SZ,5.66,5.7,5.43,5.54,612379200.0,3429323520.0
2020-07-23,000157.SZ,6.47,6.54,6.23,6.46,100874000.0,652150410.0
2020-07-23,000166.SZ,5.13,5.22,4.94,5.16,277721200.0,1428875574.0
2020-07-24,000166.SZ,5.13,5.24,4.86,4.9,242446600.0,1215869699.0000002
2020-07-24,000157.SZ,6.4,6.5,6.08,6.13,106848000.0,669402720.0000001
2020-07-24,000100.SZ,5.45,5.49,5.0,5.03,728442400.0,3817038176.0
2020-07-27,000100.SZ,5.04,5.08,4.79,4.98,393511000.0,1971490110.0
2020-07-27,000157.SZ,6.17,6.31,6.06,6.11,65752200.0,403718508.00000006
2020-07-27,000166.SZ,4.92,5.12,4.81,5.05,208422600.0,1038986660.9999999
2020-07-28,000100.SZ,5.02,5.15,4.96,5.06,326768900.0,1646915255.9999998
2020-07-28,000166.SZ,5.06,5.07,4.96,5.03,133014500.0,671058152.5
2020-07-28,000157.SZ,6.2,6.3,6.08,6.19,72115600.0,446756142.0
2020-07-29,000166.SZ,5.03,5.24,5.0,5.18,227710100.0,1162460060.5
2020-07-29,000157.SZ,6.1,6.27,6.02,6.24,84426900.0,520913973.0
2020-07-29,000100.SZ,5.02,5.24,4.95,5.21,430841000.0,2203751715.0
2020-07-30,000100.SZ,5.22,5.23,5.05,5.08,353767000.0,1821900050.0000002
2020-07-30,000166.SZ,5.21,5.22,5.12,5.15,146362800.0,758159304.0
2020-07-30,000157.SZ,6.27,6.34,6.11,6.13,73330700.0,454650339.99999994
2020-07-31,000100.SZ,5.07,5.22,5.07,5.16,370356500.0,1894373497.5
2020-07-31,000166.SZ,5.13,5.27,5.11,5.2,179777300.0,928549754.5
2020-07-31,000157.SZ,6.16,6.29,6.02,6.14,73099200.0,449560080.0
2020-08-03,000166.SZ,5.23,5.28,5.16,5.27,215400500.0,1130852625.0
2020-08-03,000100.SZ,5.2,5.3,5.14,5.23,476533100.0,2485120116.5
2020-08-03,000157.SZ,6.16,6.36,6.16,6.3,75287600.0,469041748.00000006
2020-08-04,000166.SZ,5.26,5.31,5.22,5.24,158780900.0,833599725.0
2020-08-04,000100.SZ,5.2,5.21,5.07,5.12,386406400.0,1993857024.0
2020-08-04,000157.SZ,6.34,6.35,6.19,6.27,69533200.0,438406826.0
2020-08-05,000166.SZ,5.2,5.22,5.15,5.17,123797200.0,641888482.0000001
2020-08-05,000100.SZ,5.16,5.3,5.07,5.3,493729600.0,2582205808.0
2020-08-05,000157.SZ,6.22,6.24,6.1,6.17,50010300.0,309813808.5
2020-08-06,000166.SZ,5.17,5.31,5.03,5.24,232784000.0,1211640720.0
2020-08-06,000157.SZ,6.2,6.2,6.03,6.09,49753300.0,305734028.5
2020-08-06,000100.SZ,5.39,5.68,5.21,5.59,814221600.0,4470076584.0
2020-08-07,000166.SZ,5.16,5.16,4.97,5.04,225165800.0,1148345580.0
2020-08-07,000157.SZ,6.04,6.17,5.97,6.1,49896300.0,302870541.0
2020-08-07,000100.SZ,5.52,5.58,5.3,5.43,498911900.0,2731542652.5
2020-08-10,000100.SZ,5.35,5.44,5.25,5.35,289867300.0,1550790055.0
2020-08-10,000166.SZ,4.99,5.15,4.98,5.07,144488300.0,726776149.0
2020-08-10,000157.SZ,6.07,6.2,6.04,6.19,52567900.0,322241227.00000006
2020-08-11,000166.SZ,5.07,5.16,4.97,4.98,141139400.0,709225485.0
2020-08-11,000157.SZ,6.17,6.23,6.07,6.09,52336700.0,320823971.0
2020-08-11,000100.SZ,5.38,5.4,5.11,5.15,321205600.0,1691147484.0000002
2020-08-12,000100.SZ,5.12,5.21,5.03,5.19,307841000.0,1586920355.0
2020-08-12,000166.SZ,4.97,5.01,4.88,4.94,107060500.0,530484777.5
2020-08-12,000157.SZ,6.04,6.1,5.81,5.95,71307700.0,427489661.5
2020-08-13,000157.SZ,5.98,6.06,5.93,5.98,35116700.0,209997866.00000003
2020-08-13,000166.SZ,4.96,5.03,4.93,4.97,83717100.0,415655401.5
2020-08-13,000100.SZ,5.21,5.28,5.09,5.16,272149400.0,1411094639.0000002
2020-08-14,000100.SZ,5.12,5.25,5.1,5.19,239955800.0,1236972149.0
2020-08-14,000166.SZ,4.96,5.07,4.94,5.07,95262200.0,477739933.00000006
2020-08-14,000157.SZ,5.98,6.02,5.87,6.01,31559300.0,189198003.5
2020-08-17,000166.SZ,5.13,5.39,5.13,5.28,255334200.0,1329014511.0
2020-08-17,000157.SZ,6.01,6.26,6.01,6.22,75349000.0,460759135.0
2020-08-17,000100.SZ,5.28,5.56,5.26,5.49,593050900.0,3193579096.5
2020-08-18,000157.SZ,6.25,6.36,6.2,6.33,63354000.0,398496660.0
2020-08-18,000166.SZ,5.28,5.31,5.21,5.24,125013800.0,657572588.0
2020-08-18,000100.SZ,5.55,5.63,5.45,5.56,420226700.0,2334359318.5
2020-08-19,000157.SZ,6.29,6.35,6.21,6.3,52641600.0,331378872.0
2020-08-19,000100.SZ,5.52,5.6,5.37,5.39,337938300.0,1843453426.5
2020-08-19,000166.SZ,5.26,5.32,5.2,5.22,147602900.0,773439196.0
2020-08-20,000166.SZ,5.23,5.24,5.09,5.12,120394500.0,623041537.5000001
2020-08-20,000100.SZ,5.3,5.43,5.26,5.34,244198300.0,1299134956.0
2020-08-20,000157.SZ,6.27,6.36,6.17,6.2,41774800.0,260465877.99999997
2020-08-21,000166.SZ,5.15,5.22,5.11,5.17,88620200.0,457280232.0
2020-08-21,000100.SZ,5.49,5.55,5.35,5.4,337412400.0,1837210518.0
2020-08-21,000157.SZ,6.31,6.32,6.11,6.2,45084400.0,282002922.0
2020-08-24,000157.SZ,6.3,6.62,6.27,6.39,113226400.0,718421508.0
2020-08-24,000100.SZ,5.47,5.69,5.4,5.59,472431900.0,2612548406.9999995
2020-08-24,000166.SZ,5.17,5.21,5.12,5.15,73547600.0,379505616.0
2020-08-25,000166.SZ,5.16,5.24,5.12,5.15,99463400.0,512733827.0
2020-08-25,000100.SZ,5.59,5.59,5.4,5.46,338025000.0,1867588125.0000002
2020-08-25,000157.SZ,6.42,6.64,6.37,6.52,97786900.0,632681243.0
2020-08-26,000100.SZ,5.43,5.46,5.3,5.31,253842300.0,1363133150.9999998
2020-08-26,000157.SZ,6.53,6.57,6.3,6.34,67373300.0,433547185.50000006
2020-08-26,000166.SZ,5.14,5.15,4.98,5.0,121605800.0,616541406.0
2020-08-27,000100.SZ,5.32,5.49,5.32,5.49,263125000.0,1422190625.0
2020-08-27,000157.SZ,6.34,6.39,6.27,6.35,37208300.0,236086663.5
2020-08-27,000166.SZ,5.05,5.06,5.0,5.05,59712000.0,301545600.0
2020-08-28,000166.SZ,5.03,5.21,5.01,5.19,118624800.0,606172728.0
2020-08-28,000157.SZ,6.32,6.47,6.22,6.45,52107500.0,332706387.5
2020-08-28,000100.SZ,5.47,5.61,5.39,5.58,387348000.0,2140097700.0000002
2020-08-31,000157.SZ,6.52,6.66,6.33,6.33,69244100.0,444893342.5
2020-08-31,000100.SZ,5.73,6.06,5.62,5.84,834976500.0,4830339052.5
2020-08-31,000166.SZ,5.21,5.29,5.1,5.1,149733600.0,771876707.9999999
2020-09-01,000166.SZ,5.09,5.15,5.08,5.14,85324100.0,436432771.5
2020-09-01,000157.SZ,6.33,6.45,6.33,6.4,46187200.0,293981528.0
2020-09-01,000100.SZ,5.86,6.0,5.82,5.91,489858800.0,2882819038.0
2020-09-02,000157.SZ,6.4,6.42,6.21,6.33,55321400.0,352120711.0
2020-09-02,000166.SZ,5.15,5.19,5.09,5.14,99640200.0,512648828.99999994
2020-09-02,000100.SZ,5.91,6.3,5.89,6.24,737164500.0,4478274337.5
2020-09-03,000100.SZ,6.18,6.2,6.03,6.15,433175100.0,2670524491.5
2020-09-03,000157.SZ,6.34,6.62,6.3,6.39,81333300.0,517686454.5
2020-09-03,000166.SZ,5.13,5.2,5.06,5.1,90873700.0,464818975.5
2020-09-04,000157.SZ,6.26,6.36,6.2,6.3,46377200.0,291248816.0
2020-09-04,000100.SZ,6.01,6.29,5.97,6.13,466070300.0,2829046721.0
2020-09-04,000166.SZ,4.99,5.05,4.98,5.03,92418800.0,463018188.0
2020-09-07,000166.SZ,5.0,5.05,4.88,4.91,111350900.0,551743709.5
2020-09-07,000100.SZ,6.13,6.25,5.72,5.79,599475500.0,3572873980.0
2020-09-07,000157.SZ,6.29,6.34,6.07,6.1,46885100.0,290453194.5
2020-09-08,000157.SZ,6.1,6.2,6.04,6.18,37710300.0,231541242.0
2020-09-08,000166.SZ,4.91,5.02,4.9,4.98,77116500.0,381341092.5
2020-09-08,000100.SZ,5.8,5.87,5.66,5.81,421317300.0,2445746926.5
2020-09-09,000100.SZ,5.67,5.73,5.51,5.58,362592300.0,2039581687.5
2020-09-09,000166.SZ,4.94,5.01,4.91,4.94,75935100.0,375119394.0
2020-09-09,000157.SZ,6.1,6.11,5.92,5.95,54954800.0,331102670.0
2020-09-10,000100.SZ,5.65,5.68,5.42,5.44,406308000.0,2252977860.0
2020-09-10,000157.SZ,6.01,6.05,5.93,5.94,40841200.0,244026170.0
2020-09-10,000166.SZ,4.98,4.99,4.77,4.77,95463800.0,465386025.0
2020-09-11,000157.SZ,5.93,6.01,5.9,5.95,33928300.0,201534101.99999997
2020-09-11,000166.SZ,4.75,4.79,4.71,4.77,58389800.0,277935448.0
2020-09-11,000100.SZ,5.49,5.79,5.35,5.77,447473500.0,2519275805.0
2020-09-14,000157.SZ,5.98,6.01,5.92,6.0,37260900.0,223192791.0
2020-09-14,000100.SZ,5.76,5.85,5.71,5.81,310216000.0,1794599560.0
2020-09-14,000166.SZ,4.79,4.8,4.73,4.77,43572100.0,208274637.99999997
2020-09-15,000100.SZ,5.77,5.77,5.59,5.73,296121200.0,1702696900.0
2020-09-15,000166.SZ,4.77,4.78,4.72,4.76,45692800.0,217726192.0
2020-09-15,000157.SZ,5.98,6.19,5.92,6.17,59370100.0,360673357.5
2020-09-16,000157.SZ,6.13,6.22,6.07,6.16,36596700.0,224886721.49999997
2020-09-16,000100.SZ,5.67,5.79,5.58,5.6,272256500.0,1534165377.5
2020-09-16,000166.SZ,4.76,4.79,4.72,4.74,51337000.0,243850750.0
2020-09-17,000166.SZ,4.74,4.75,4.66,4.69,60231300.0,283990579.5
2020-09-17,000157.SZ,6.17,6.38,6.13,6.33,75569300.0,472308125.0
2020-09-18,000157.SZ,6.31,6.39,6.26,6.38,58858800.0,373459086.0
2020-09-18,000166.SZ,4.69,4.92,4.68,4.9,121207300.0,581189003.5
2020-09-18,000100.SZ,5.66,5.67,5.45,5.67,324698000.0,1839414170.0
2020-09-21,000100.SZ,5.61,5.71,5.49,5.49,278215800.0,1544097690.0000002
2020-09-21,000166.SZ,5.03,5.05,4.86,4.86,129872900.0,642221490.5
2020-09-21,000157.SZ,6.39,6.5,6.32,6.38,51022700.0,325779939.5
2020-09-22,000157.SZ,6.3,6.36,6.21,6.23,44097900.0,276273343.5
2020-09-22,000166.SZ,4.81,5.03,4.8,4.88,121867900.0,590449975.5
2020-09-22,000100.SZ,5.42,5.48,5.28,5.3,308578400.0,1653980223.9999998
2020-09-23,000166.SZ,4.88,4.92,4.84,4.85,61186400.0,297671836.0
2020-09-23,000157.SZ,6.27,6.33,6.16,6.19,32844400.0,204620612.0
2020-09-23,000100.SZ,5.32,5.35,5.16,5.26,278792100.0,1474810209.0
2020-09-24,000166.SZ,4.82,4.89,4.79,4.79,57786300.0,277663171.5
2020-09-24,000100.SZ,5.23,5.24,5.07,5.08,283863300.0,1463315311.5
2020-09-24,000157.SZ,6.16,6.19,6.0,6.02,39048900.0,237807801.0
2020-09-25,000157.SZ,6.05,6.07,5.98,6.04,27533400.0,166439403.0
2020-09-25,000100.SZ,5.11,5.15,5.01,5.06,191580400.0,974186334.0
2020-09-25,000166.SZ,4.81,4.9,4.79,4.87,71192300.0,344570732.0
2020-09-28,000166.SZ,4.86,4.96,4.85,4.92,79993400.0,391167726.00000006
2020-09-28,000157.SZ,6.05,6.1,5.96,5.98,28468500.0,171238027.50000003
2020-09-28,000100.SZ,5.07,5.11,5.03,5.06,161135800.0,816152826.9999999
2020-09-29,000166.SZ,4.95,4.96,4.89,4.91,60575300.0,298636229.0
2020-09-29,000100.SZ,5.08,5.27,5.07,5.16,251599000.0,1288186880.0
2020-09-29,000157.SZ,6.04,6.04,5.92,5.95,40310700.0,241662646.5
2020-09-30,000100.SZ,5.16,5.16,5.04,5.07,175285200.0,896583798.0
2020-09-30,000157.SZ,5.92,6.17,5.91,6.03,49479200.0,295638220.0
2020-09-30,000166.SZ,4.9,4.92,4.78,4.8,61560600.0,298568910.0
2020-10-09,000100.SZ,5.32,5.4,5.26,5.35,302070400.0,1611545584.0
2020-10-09,000166.SZ,4.86,4.91,4.84,4.89,53901700.0,262770787.5
2020-10-09,000157.SZ,6.19,6.36,6.17,6.19,56703300.0,350993427.0
2020-10-12,000100.SZ,5.35,5.44,5.28,5.43,343203300.0,1849865787.0
2020-10-12,000166.SZ,4.91,5.06,4.91,5.05,126860200.0,631763796.0
2020-10-12,000157.SZ,6.19,6.46,6.16,6.42,79420200.0,500744361.0
2020-10-13,000157.SZ,6.36,6.43,6.29,6.39,44052500.0,280834687.5
2020-10-13,000166.SZ,5.0,5.02,4.95,4.98,76447800.0,381474522.0
2020-10-13,000100.SZ,5.41,5.42,5.32,5.37,179796300.0,969102057.0000001
2020-10-14,000157.SZ,6.34,6.5,6.32,6.5,62929000.0,404004180.0
2020-10-14,000100.SZ,5.37,5.37,5.21,5.22,229619600.0,1215835782.0
2020-10-14,000166.SZ,4.99,4.99,4.91,4.92,56502300.0,279968896.5
2020-10-15,000166.SZ,4.92,4.99,4.91,4.92,48440100.0,238325292.0
2020-10-15,000157.SZ,6.54,6.6,6.39,6.42,79228300.0,513399384.00000006
2020-10-15,000100.SZ,5.21,5.28,5.12,5.18,163303700.0,848362721.5
2020-10-16,000100.SZ,5.17,5.23,4.98,5.02,320595700.0,1633435091.5
2020-10-16,000157.SZ,6.42,6.63,6.42,6.59,87937700.0,572034738.5
2020-10-16,000166.SZ,4.93,4.99,4.92,4.93,70347700.0,346814161.0
2020-10-19,000166.SZ,4.96,5.01,4.87,4.88,78785300.0,387623676.0
2020-10-19,000157.SZ,6.6,6.63,6.39,6.42,71843100.0,467698581.0
2020-10-19,000100.SZ,5.03,5.06,4.83,4.88,294659900.0,1460039804.5
2020-10-20,000157.SZ,6.46,6.49,6.29,6.39,63366300.0,407128477.5
2020-10-20,000100.SZ,4.87,5.04,4.77,5.04,282275000.0,1398672625.0
2020-10-20,000166.SZ,4.86,4.86,4.79,4.86,52451200.0,254912832.00000003
2020-10-21,000166.SZ,4.86,4.89,4.81,4.83,37651700.0,182422486.50000003
2020-10-21,000100.SZ,5.02,5.04,4.92,5.01,164707200.0,826006608.0
2020-10-21,000157.SZ,6.41,6.45,6.31,6.42,41021800.0,263154847.0
2020-10-22,000100.SZ,4.97,5.12,4.92,5.07,221208600.0,1110467172.0
2020-10-22,000166.SZ,4.82,4.89,4.79,4.85,43044500.0,208120157.5
2020-10-22,000157.SZ,6.39,6.39,6.19,6.24,45157900.0,285172138.5
2020-10-23,000166.SZ,4.85,4.87,4.79,4.8,44429400.0,214371854.99999997
2020-10-23,000157.SZ,6.23,6.25,5.93,5.95,94689500.0,576659055.0
2020-10-23,000100.SZ,5.07,5.15,5.0,5.04,149145400.0,753929997.0
2020-10-26,000100.SZ,4.99,5.01,4.93,4.97,144054500.0,717391410.0000001
2020-10-26,000157.SZ,5.92,6.0,5.8,5.95,40199100.0,238581658.50000003
2020-10-26,000166.SZ,4.77,4.78,4.67,4.69,63119100.0,298553343.0
2020-10-27,000166.SZ,4.67,4.7,4.64,4.66,42213800.0,196927377.0
2020-10-27,000100.SZ,4.93,4.97,4.81,4.96,204278100.0,1010155204.5
2020-10-27,000157.SZ,5.97,5.99,5.82,5.89,50314600.0,298365578.0
2020-10-28,000166.SZ,4.67,4.69,4.61,4.68,39011800.0,182380165.0
2020-10-28,000157.SZ,5.89,5.9,5.7,5.82,56119900.0,328582014.5
2020-10-28,000100.SZ,4.93,5.08,4.84,5.06,225053400.0,1124141732.9999998
2020-10-29,000166.SZ,4.62,4.74,4.61,4.7,49840800.0,232258128.0
2020-10-29,000157.SZ,5.73,5.84,5.69,5.79,54079100.0,311495616.0
2020-10-29,000100.SZ,4.92,5.23,4.9,5.15,342242200.0,1723189477.0
2020-10-30,000100.SZ,5.21,5.22,4.97,4.97,263818100.0,1342834129.0
2020-10-30,000157.SZ,5.8,5.82,5.57,5.65,71976200.0,412063745.0
2020-10-30,000166.SZ,4.71,4.73,4.55,4.56,68603800.0,317978613.0
2020-11-02,000100.SZ,4.96,5.2,4.95,5.18,335368400.0,1700317788.0
2020-11-02,000166.SZ,4.57,4.69,4.57,4.62,66775000.0,306831125.00000006
2020-11-02,000157.SZ,5.69,5.71,5.49,5.53,90742900.0,509067669.0
2020-11-03,000157.SZ,5.57,5.65,5.5,5.55,86444200.0,480629752.00000006
2020-11-03,000166.SZ,4.61,4.77,4.58,4.73,71183400.0,332426478.0
2020-11-03,000100.SZ,5.16,5.3,5.14,5.25,311694400.0,1622369352.0
2020-11-04,000100.SZ,5.22,5.31,5.16,5.3,264427500.0,1390888650.0
2020-11-04,000166.SZ,4.7,4.72,4.65,4.68,47532800.0,222928831.99999997
2020-11-04,000157.SZ,5.54,5.62,5.49,5.6,53998200.0,300769974.0
2020-11-05,000157.SZ,5.63,5.7,5.59,5.66,71564300.0,403980473.49999994
2020-11-05,000166.SZ,4.73,4.77,4.71,4.75,61320000.0,290656800.0
2020-11-05,000100.SZ,5.35,5.42,5.28,5.37,358493500.0,1921525159.9999998
2020-11-06,000166.SZ,4.74,4.78,4.69,4.74,67281900.0,318916206.0
2020-11-06,000157.SZ,5.65,5.72,5.6,5.72,67909500.0,386065507.50000006
2020-11-06,000100.SZ,5.35,5.57,5.34,5.49,364753300.0,1976962886.0
2020-11-09,000166.SZ,4.76,4.93,4.74,4.86,127996400.0,615662684.0000001
2020-11-09,000157.SZ,5.77,5.86,5.73,5.8,81847800.0,473489523.0
2020-11-09,000100.SZ,5.59,5.7,5.45,5.61,508887400.0,2849769440.0
2020-11-10,000157.SZ,5.82,5.82,5.71,5.74,51452600.0,297396028.0
2020-11-10,000100.SZ,5.59,5.82,5.52,5.8,458116700.0,2608974606.5
2020-11-10,000166.SZ,4.86,4.9,4.78,4.79,76311700.0,368203952.5
2020-11-11,000166.SZ,4.8,4.8,4.71,4.72,62406000.0,297052560.0
2020-11-11,000100.SZ,5.63,5.99,5.54,5.6,645447500.0,3624187712.5
2020-11-11,000157.SZ,5.74,6.0,5.72,5.92,95962600.0,559461958.0
2020-11-12,000166.SZ,4.73,4.75,4.68,4.68,43469500.0,204523997.5
2020-11-12,000100.SZ,5.49,5.77,5.44,5.67,363581500.0,2028784770.0
2020-11-12,000157.SZ,5.92,5.93,5.79,5.86,63349700.0,373129733.00000006
2020-11-13,000166.SZ,4.68,4.68,4.64,4.66,43956000.0,205274520.0
2020-11-13,000157.SZ,5.84,5.84,5.64,5.7,65229400.0,376373638.0
2020-11-13,000100.SZ,5.61,5.99,5.57,5.92,661067600.0,3811054714.0000005
2020-11-16,000166.SZ,4.68,4.73,4.66,4.71,48170400.0,226160028.0
2020-11-16,000157.SZ,5.7,5.92,5.7,5.91,90017900.0,522553909.5
2020-11-16,000100.SZ,5.86,5.93,5.77,5.93,405160200.0,2388419379.0
2020-11-17,000157.SZ,5.91,6.04,5.86,5.91,64761400.0,382739874.0
2020-11-17,000100.SZ,5.78,5.84,5.54,5.68,511252000.0,2929473960.0
2020-11-17,000166.SZ,4.71,4.72,4.66,4.71,45034900.0,212114379.0
2020-11-18,000166.SZ,4.71,4.78,4.7,4.73,57819400.0,272907568.00000006
2020-11-18,000157.SZ,5.95,5.99,5.88,5.91,42691100.0,253158223.0
2020-11-18,000100.SZ,5.68,5.82,5.63,5.75,289627700.0,1655222305.5
2020-11-19,000100.SZ,5.73,5.83,5.6,5.68,253074000.0,1443787170.0
2020-11-19,000166.SZ,4.72,4.81,4.7,4.78,58718200.0,278911450.0
2020-11-19,000157.SZ,5.86,5.91,5.76,5.89,42699500.0,250859562.5
2020-11-20,000157.SZ,5.89,5.99,5.86,5.97,57330800.0,339971644.0
2020-11-20,000166.SZ,4.77,4.8,4.76,4.79,45263000.0,216357139.99999997
2020-11-20,000100.SZ,5.65,5.73,5.59,5.68,202064600.0,1144695959.0
2020-11-23,000166.SZ,4.77,4.96,4.77,4.88,136603300.0,659110922.4999999
2020-11-23,000157.SZ,6.02,6.22,5.99,6.14,79497500.0,483344800.0
2020-11-23,000100.SZ,5.71,5.86,5.65,5.85,366457400.0,2118123771.9999998
2020-11-24,000166.SZ,4.88,4.92,4.85,4.85,64590200.0,314231323.0
2020-11-24,000157.SZ,6.18,6.28,6.12,6.19,74051100.0,458006053.50000006
2020-11-24,000100.SZ,5.82,5.99,5.82,5.87,304569100.0,1780206389.5000002
2020-11-25,000157.SZ,6.24,6.27,6.12,6.15,53428600.0,330990177.0
2020-11-25,000166.SZ,4.88,4.91,4.77,4.77,71882900.0,346834992.49999994
2020-11-25,000100.SZ,5.88,5.94,5.76,5.77,252023100.0,1468034557.4999998
2020-11-26,000166.SZ,4.76,4.82,4.75,4.79,45610700.0,217791092.50000003
2020-11-26,000157.SZ,6.17,6.18,6.05,6.16,39194700.0,241635325.5
2020-11-26,000100.SZ,5.79,5.81,5.57,5.64,272768800.0,1558873692.0
2020-11-27,000157.SZ,6.18,6.34,6.16,6.32,67629800.0,422686250.0
2020-11-27,000166.SZ,4.78,4.89,4.77,4.87,71784400.0,346359730.0
2020-11-27,000100.SZ,5.65,5.68,5.5,5.61,215691600.0,1214343708.0000002
2020-11-30,000100.SZ,5.61,5.87,5.54,5.78,362116100.0,2062251189.5
2020-11-30,000166.SZ,4.89,5.01,4.86,4.88,168484100.0,823044828.5
2020-11-30,000157.SZ,6.41,6.75,6.39,6.53,174818500.0,1131075695.0
2020-12-01,000157.SZ,6.57,7.19,6.57,7.19,290686400.0,1999922432.0000002
2020-12-01,000100.SZ,5.82,6.07,5.75,6.01,487011200.0,2880671248.0
2020-12-01,000166.SZ,4.84,5.04,4.83,5.01,154243000.0,759646775.0
2020-12-02,000166.SZ,4.97,5.06,4.95,4.98,137093100.0,682038172.5
2020-12-02,000100.SZ,6.1,6.61,6.1,6.61,865357800.0,5499348819.0
2020-12-02,000157.SZ,7.44,7.91,7.34,7.91,491383100.0,3771365292.5000005
2020-12-03,000157.SZ,7.86,7.96,7.67,7.72,316363500.0,2464471665.0
2020-12-03,000100.SZ,6.86,6.91,6.25,6.29,1312822100.0,8631805307.5
2020-12-03,000166.SZ,4.96,5.05,4.92,5.0,124170900.0,618371082.0
2020-12-04,000157.SZ,7.87,7.92,7.66,7.8,214522300.0,1680782220.5
2020-12-04,000166.SZ,4.98,4.98,4.86,4.91,93812900.0,463904790.5
2020-12-04,000100.SZ,6.15,6.2,5.87,5.93,875005800.0,5285035032.0
2020-12-07,000100.SZ,5.95,6.0,5.82,5.82,462644500.0,2722662882.5
2020-12-07,000166.SZ,4.91,4.92,4.83,4.83,69035800.0,336204346.0
2020-12-07,000157.SZ,7.88,8.47,7.79,8.26,291533800.0,2352677766.0
2020-12-08,000157.SZ,8.1,8.15,7.62,7.72,261224600.0,2066286586.0
2020-12-08,000166.SZ,4.82,4.86,4.79,4.82,56116700.0,270482494.0
2020-12-08,000100.SZ,5.87,5.98,5.76,5.91,472205800.0,2781292162.0000005
2020-12-09,000157.SZ,7.79,7.86,7.53,7.56,166492200.0,1277827635.0
2020-12-09,000100.SZ,5.86,5.87,5.66,5.68,407390900.0,2350645493.0
2020-12-09,000166.SZ,4.82,4.86,4.67,4.68,73866900.0,350867775.0
2020-12-10,000157.SZ,7.55,7.6,7.43,7.5,132034000.0,993555850.0
2020-12-10,000166.SZ,4.67,4.71,4.62,4.66,65672400.0,306361746.0
2020-12-10,000100.SZ,5.61,5.69,5.54,5.63,224627700.0,1262407674.0
2020-12-11,000100.SZ,5.63,5.68,5.38,5.54,346370800.0,1934480918.0
2020-12-11,000166.SZ,4.67,4.67,4.56,4.6,78131900.0,362141356.5
2020-12-11,000157.SZ,7.51,7.61,7.23,7.4,147954500.0,1103000797.5
2020-12-14,000157.SZ,7.38,7.39,7.17,7.28,102016900.0,747783877.0
2020-12-14,000166.SZ,4.59,4.62,4.57,4.59,46263100.0,212347629.0
2020-12-14,000100.SZ,5.55,5.77,5.49,5.75,346786500.0,1959343725.0000002
2020-12-15,000100.SZ,5.77,5.94,5.7,5.87,426162600.0,2480266332.0
2020-12-15,000157.SZ,7.36,7.61,7.09,7.25,148997600.0,1088427468.0
2020-12-15,000166.SZ,4.58,4.62,4.58,4.6,40640900.0,186541731.0
2020-12-16,000157.SZ,7.25,7.31,7.11,7.2,120142600.0,868030285.0
2020-12-16,000166.SZ,4.6,4.62,4.55,4.56,43126000.0,197517080.0
2020-12-16,000100.SZ,5.77,5.91,5.68,5.72,293528700.0,1686322381.4999998
2020-12-17,000166.SZ,4.56,4.67,4.52,4.66,72137500.0,332553874.99999994
2020-12-17,000100.SZ,5.66,5.84,5.58,5.82,267335100.0,1534503474.0
2020-12-17,000157.SZ,7.18,7.34,7.08,7.32,129882400.0,941647400.0
2020-12-18,000100.SZ,5.8,5.82,5.65,5.69,243108600.0,1396658907.0
2020-12-18,000157.SZ,7.26,7.28,7.02,7.17,147436300.0,1063752904.5
2020-12-18,000166.SZ,4.64,4.67,4.6,4.6,55224300.0,255136265.99999997
2020-12-21,000166.SZ,4.61,4.68,4.58,4.65,48890500.0,226363015.00000003
2020-12-21,000100.SZ,5.65,5.86,5.63,5.85,331649500.0,1906984625.0
2020-12-21,000157.SZ,7.04,7.31,6.99,7.25,104086300.0,743696613.5
2020-12-22,000166.SZ,4.65,4.66,4.52,4.54,60935300.0,279997703.50000006
2020-12-22,000100.SZ,5.87,5.98,5.58,5.59,535655800.0,3069307734.0
2020-12-22,000157.SZ,7.19,7.5,7.12,7.21,142033400.0,1022640480.0
2020-12-23,000157.SZ,7.21,7.35,7.11,7.18,104157100.0,749410334.5
2020-12-23,000100.SZ,5.55,5.73,5.52,5.68,359026200.0,2015932113.0
2020-12-23,000166.SZ,4.55,4.61,4.53,4.58,49222800.0,224702081.99999997
2020-12-24,000157.SZ,7.17,7.22,6.92,6.95,98162400.0,693026544.0
2020-12-24,000100.SZ,5.63,5.65,5.41,5.54,362229000.0,2023048965.0
2020-12-24,000166.SZ,4.57,4.6,4.53,4.55,39091400.0,178256784.00000003
2020-12-25,000166.SZ,4.54,4.6,4.51,4.59,48976800.0,223579091.99999997
2020-12-25,000100.SZ,5.54,5.63,5.48,5.6,192373800.0,1071522066.0
2020-12-25,000157.SZ,6.95,7.15,6.92,7.08,83118800.0,583078382.0
2020-12-28,000166.SZ,4.58,4.65,4.56,4.59,55749300.0,255610540.5
2020-12-28,000100.SZ,5.59,5.69,5.51,5.67,237364400.0,1336361572.0
2020-12-28,000157.SZ,7.07,7.34,7.05,7.25,122962300.0,880410068.0
2020-12-29,000166.SZ,4.62,4.67,4.59,4.62,68263500.0,315377370.0
2020-12-29,000100.SZ,5.64,5.74,5.52,5.53,305932400.0,1708632454.0
2020-12-29,000157.SZ,7.18,7.24,7.07,7.08,80544500.0,574282285.0
2020-12-30,000157.SZ,7.08,7.79,7.08,7.69,188656900.0,1393231206.5
2020-12-30,000166.SZ,4.61,4.67,4.59,4.66,70054100.0,324700753.5
2020-12-30,000100.SZ,5.46,5.81,5.42,5.73,464788300.0,2600490538.5000005
2020-12-31,000157.SZ,7.63,7.67,7.45,7.56,127756100.0,970307579.5
2020-12-31,000166.SZ,4.68,4.83,4.67,4.77,139587500.0,659550937.5
2020-12-31,000100.SZ,5.74,5.94,5.73,5.84,412144400.0,2386316076.0
2021-01-04,000166.SZ,4.8,4.83,4.68,4.77,116348500.0,556727572.5
2021-01-04,000157.SZ,7.63,7.9,7.6,7.8,166836500.0,1287143597.5
2021-01-04,000100.SZ,5.87,5.97,5.8,5.92,393512900.0,2319758545.5
2021-01-05,000157.SZ,7.79,8.24,7.66,8.21,194131600.0,1553052800.0
2021-01-05,000100.SZ,5.88,6.11,5.84,6.1,491611800.0,2944754682.0
2021-01-05,000166.SZ,4.74,4.77,4.68,4.75,94176200.0,446866069.0
2021-01-06,000100.SZ,6.12,6.18,5.96,6.01,372833900.0,2261237603.5
2021-01-06,000157.SZ,8.17,8.4,8.07,8.19,148782600.0,1217041668.0
2021-01-06,000166.SZ,4.74,4.78,4.68,4.7,78355100.0,369836072.00000006
2021-01-07,000166.SZ,4.7,4.74,4.62,4.72,94765600.0,446345976.0
2021-01-07,000157.SZ,8.18,8.84,8.18,8.79,225394200.0,1912469786.9999998
2021-01-07,000100.SZ,5.99,6.14,5.97,6.06,376543700.0,2268675792.5
2021-01-08,000166.SZ,4.73,4.77,4.68,4.75,89729900.0,425319726.0
2021-01-08,000100.SZ,5.98,6.26,5.95,6.16,483081500.0,2932304705.0
2021-01-08,000157.SZ,8.82,9.08,8.44,9.05,210061600.0,1876900396.0
2021-01-11,000166.SZ,4.76,4.77,4.61,4.61,83464100.0,391029308.50000006
2021-01-11,000157.SZ,9.05,9.5,8.65,8.73,259931900.0,2310794591.0
2021-01-11,000100.SZ,6.27,6.48,6.06,6.45,758660300.0,4825079508.0
2021-01-12,000166.SZ,4.61,4.82,4.56,4.79,173308500.0,814549950.0
2021-01-12,000157.SZ,8.61,9.14,8.55,9.02,174847700.0,1541282475.5
2021-01-12,000100.SZ,6.68,7.1,6.41,7.1,979441600.0,6748352624.0
2021-01-13,000100.SZ,7.38,7.8,7.33,7.62,1281256300.0,9609422250.0
2021-01-13,000166.SZ,4.77,4.8,4.65,4.68,123121500.0,581749087.5
2021-01-13,000157.SZ,9.18,9.92,9.18,9.66,323912700.0,3051257634.0
2021-01-14,000100.SZ,7.82,7.83,7.33,7.51,1092630700.0,8375014315.5
2021-01-14,000166.SZ,4.66,4.69,4.62,4.64,86223700.0,400940205.00000006
2021-01-14,000157.SZ,9.39,9.54,8.7,8.73,269694500.0,2443432170.0
2021-01-15,000157.SZ,8.7,9.24,8.69,9.0,211133400.0,1868530590.0
2021-01-15,000166.SZ,4.64,4.68,4.6,4.63,80199300.0,371723755.5
2021-01-15,000100.SZ,7.59,7.9,7.37,7.69,960333400.0,7336947176.000001
2021-01-18,000166.SZ,4.61,4.68,4.59,4.62,67096000.0,309648040.0
2021-01-18,000100.SZ,7.52,8.46,7.49,8.32,1232517200.0,9761536224.0
2021-01-18,000157.SZ,8.95,9.08,8.52,8.95,173986800.0,1557181859.9999998
2021-01-19,000166.SZ,4.62,4.71,4.6,4.65,98110700.0,454743094.5
2021-01-19,000100.SZ,8.17,8.17,7.49,7.49,1153416000.0,9031247280.0
2021-01-19,000157.SZ,9.0,9.26,8.66,8.67,132282300.0,1168714120.5
2021-01-20,000166.SZ,4.63,4.68,4.59,4.61,97549800.0,450680076.0
2021-01-20,000157.SZ,8.66,8.83,8.6,8.64,107907300.0,933398145.0
2021-01-20,000100.SZ,7.33,7.63,7.29,7.52,630882100.0,4684299592.5
2021-01-21,000100.SZ,7.55,8.27,7.55,8.09,966536200.0,7558313084.0
2021-01-21,000157.SZ,8.97,9.21,8.75,8.87,202995200.0,1810717184.0
2021-01-21,000166.SZ,4.61,4.67,4.56,4.6,115178100.0,530395150.50000006
2021-01-22,000166.SZ,4.58,4.6,4.5,4.5,114412300.0,519431842.0
2021-01-22,000100.SZ,8.04,8.33,7.96,8.2,715547500.0,5810245699.999999
2021-01-22,000157.SZ,8.78,9.1,8.61,8.92,159911000.0,1415212350.0
2021-01-25,000166.SZ,4.5,4.5,4.31,4.35,138184700.0,611467297.5
2021-01-25,000157.SZ,8.99,9.34,8.71,9.31,212103000.0,1940742450.0
2021-01-25,000100.SZ,8.1,8.12,7.67,7.82,768043500.0,6113626260.0
2021-01-26,000166.SZ,4.31,4.37,4.27,4.28,70178500.0,301416657.5
2021-01-26,000157.SZ,9.1,9.12,8.73,8.82,160504700.0,1438122112.0000002
2021-01-26,000100.SZ,7.74,7.98,7.6,7.76,537776600.0,4167768650.0
2021-01-27,000100.SZ,7.8,7.89,7.38,7.72,487109500.0,3779969720.0
2021-01-27,000157.SZ,8.76,9.33,8.69,9.27,186821100.0,1684192216.5
2021-01-27,000166.SZ,4.29,4.34,4.29,4.31,43142700.0,185513610.0
2021-01-28,000157.SZ,9.01,9.26,8.89,9.05,125209200.0,1130639076.0000002
2021-01-28,000100.SZ,7.58,7.76,7.24,7.33,556699700.0,4150196263.5
2021-01-28,000166.SZ,4.3,4.3,4.21,4.25,68045700.0,290895367.5
2021-01-29,000157.SZ,9.17,9.62,9.1,9.5,246609800.0,2302102483.0
2021-01-29,000100.SZ,7.47,7.48,6.85,7.09,609146500.0,4434586520.0
2021-01-29,000166.SZ,4.27,4.29,4.2,4.23,56305400.0,239297950.0
2021-02-01,000100.SZ,7.18,7.58,7.1,7.45,487013900.0,3562506678.4999995
2021-02-01,000166.SZ,4.24,4.27,4.21,4.24,37617100.0,159496504.0
2021-02-01,000157.SZ,9.51,10.43,9.36,10.37,218596100.0,2172845234.0
2021-02-02,000166.SZ,4.23,4.27,4.22,4.26,40195800.0,170631171.0
2021-02-02,000157.SZ,10.21,10.79,10.18,10.53,227571800.0,2359919566.0
2021-02-02,000100.SZ,7.57,7.78,7.4,7.73,508501200.0,3890034180.0
2021-02-03,000166.SZ,4.24,4.29,4.23,4.28,54470500.0,232044330.0
2021-02-03,000100.SZ,7.71,7.85,7.51,7.53,519391400.0,3957762468.0
2021-02-03,000157.SZ,10.58,10.76,10.26,10.53,182759600.0,1929027578.0
2021-02-04,000157.SZ,10.37,10.44,9.62,9.89,210107000.0,2128383909.9999998
2021-02-04,000100.SZ,7.43,7.8,7.36,7.76,561668000.0,4265868460.0
2021-02-04,000166.SZ,4.25,4.28,4.09,4.17,70069400.0,294992174.0
2021-02-05,000166.SZ,4.15,4.2,4.13,4.18,42450200.0,176805083.0
2021-02-05,000100.SZ,7.73,7.74,6.98,6.98,900349600.0,6622071308.0
2021-02-05,000157.SZ,10.04,10.28,9.37,9.39,211500100.0,2054723471.5
2021-02-08,000100.SZ,6.98,7.29,6.72,7.13,575345900.0,4059065324.5
2021-02-08,000166.SZ,4.17,4.2,4.14,4.19,32509200.0,135888456.0
2021-02-08,000157.SZ,9.74,10.33,9.74,10.33,161150900.0,1617149281.5
2021-02-09,000157.SZ,10.69,11.36,10.6,11.23,337337400.0,3697217904.0000005
2021-02-09,000166.SZ,4.17,4.26,4.14,4.25,53073700.0,223440277.0
2021-02-09,000100.SZ,7.26,7.6,7.16,7.48,456640700.0,3365441959.0
2021-02-10,000157.SZ,11.24,11.58,11.01,11.37,225435300.0,2548546066.5
2021-02-10,000100.SZ,7.48,7.57,7.37,7.53,342976200.0,2574036381.0000005
2021-02-10,000166.SZ,4.24,4.26,4.21,4.23,33854400.0,143373384.0
2021-02-18,000157.SZ,11.83,11.9,10.85,10.92,240148000.0,2731683500.0
2021-02-18,000166.SZ,4.27,4.32,4.26,4.28,63183500.0,270109462.5
2021-02-18,000100.SZ,7.68,7.95,7.52,7.61,508107400.0,3884481073.0
2021-02-19,000157.SZ,10.95,11.33,10.65,11.14,215636400.0,2381704038.0
2021-02-19,000100.SZ,7.56,7.88,7.4,7.83,438554500.0,3374676877.5
2021-02-19,000166.SZ,4.27,4.38,4.25,4.37,70661400.0,305257248.0
2021-02-22,000100.SZ,7.82,7.97,7.62,7.65,561729600.0,4344978456.0
2021-02-22,000157.SZ,10.96,10.98,10.6,10.62,195159600.0,2105772083.9999998
2021-02-22,000166.SZ,4.38,4.45,4.34,4.34,85471300.0,372654867.99999994
2021-02-23,000157.SZ,10.38,10.92,10.33,10.66,138269800.0,1454598296.0
2021-02-23,000100.SZ,7.48,7.76,7.4,7.45,487991200.0,3642854308.0
2021-02-23,000166.SZ,4.32,4.37,4.31,4.32,48545700.0,209717424.0
2021-02-24,000157.SZ,10.74,10.84,10.44,10.47,140667800.0,1491782019.0
2021-02-24,000166.SZ,4.33,4.39,4.32,4.36,59765400.0,259680663.00000003
2021-02-24,000100.SZ,7.43,7.46,7.0,7.18,570907800.0,4170481479.0
2021-02-25,000166.SZ,4.37,4.41,4.34,4.39,61850800.0,270906504.0
2021-02-25,000100.SZ,7.26,7.3,7.0,7.05,329649100.0,2358639310.5
2021-02-25,000157.SZ,10.64,11.03,10.24,10.99,181558100.0,1963550851.5000002
2021-02-26,000100.SZ,6.81,6.97,6.74,6.79,378464200.0,2573556560.0
2021-02-26,000166.SZ,4.34,4.39,4.31,4.34,59510000.0,258273400.0
2021-02-26,000157.SZ,10.67,10.99,10.48,10.98,149599500.0,1619414587.5
2021-03-01,000157.SZ,11.08,11.99,10.83,11.99,215844800.0,2489769768.0
2021-03-01,000100.SZ,6.89,7.08,6.89,7.0,276968700.0,1923547621.5
2021-03-01,000166.SZ,4.35,4.36,4.3,4.33,75355700.0,327043738.0
2021-03-02,000100.SZ,7.04,7.1,6.75,6.88,305720400.0,2127813984.0
2021-03-02,000166.SZ,4.34,4.36,4.27,4.29,46493500.0,200619452.49999997
2021-03-02,000157.SZ,11.91,12.1,11.61,11.76,169457200.0,2005525962.0000002
2021-03-03,000100.SZ,6.87,7.16,6.82,7.1,308333100.0,2153706703.5
2021-03-03,000166.SZ,4.29,4.34,4.28,4.33,42226600.0,181996646.00000003
2021-03-03,000157.SZ,11.6,11.95,11.47,11.87,123316500.0,1447119127.5
2021-03-04,000100.SZ,7.08,7.2,6.91,7.14,345123300.0,2453826663.0
2021-03-04,000166.SZ,4.31,4.33,4.28,4.29,39338800.0,169156840.0
2021-03-04,000157.SZ,11.68,11.68,10.69,10.83,252293600.0,2839564467.9999995
2021-03-05,000157.SZ,10.31,10.56,9.95,10.32,183953100.0,1897476226.5000002
2021-03-05,000166.SZ,4.27,4.37,4.27,4.36,66552000.0,287171879.99999994
2021-03-05,000100.SZ,7.0,7.54,6.86,7.38,462767100.0,3327295449.0
2021-03-08,000100.SZ,7.63,7.85,7.37,7.47,650477700.0,4911106635.0
2021-03-08,000157.SZ,10.34,10.63,9.44,9.49,217547400.0,2156982471.0
2021-03-08,000166.SZ,4.37,4.4,4.32,4.33,62572100.0,272188635.0
2021-03-09,000157.SZ,9.34,9.66,8.8,9.48,176953600.0,1665133376.0
2021-03-09,000100.SZ,7.48,7.56,6.72,7.09,623509900.0,4542269621.5
2021-03-09,000166.SZ,4.3,4.35,4.24,4.26,69086800.0,295691503.99999994
2021-03-10,000100.SZ,7.19,7.49,6.89,7.47,523793600.0,3839407088.0
2021-03-10,000157.SZ,9.6,9.7,9.28,9.44,104663400.0,996395568.0
2021-03-10,000166.SZ,4.27,4.29,4.21,4.21,53308100.0,226026344.0
2021-03-11,000157.SZ,9.55,10.1,9.53,9.95,137068600.0,1336418850.0
2021-03-11,000100.SZ,7.26,7.5,7.07,7.37,527216000.0,3856585039.9999995
2021-03-11,000166.SZ,4.22,4.27,4.2,4.25,43025600.0,182213415.99999997
2021-03-12,000100.SZ,7.41,7.82,7.3,7.71,679367200.0,5136016032.0
2021-03-12,000166.SZ,4.24,4.3,4.2,4.26,59602400.0,253310200.0
2021-03-12,000157.SZ,9.98,10.01,9.68,9.86,89955700.0,892360544.0
2021-03-15,000157.SZ,9.73,9.83,9.52,9.62,81133000.0,784961775.0
2021-03-15,000166.SZ,4.24,4.27,4.22,4.23,39446300.0,167055080.5
2021-03-15,000100.SZ,7.71,8.15,7.59,7.9,672629000.0,5249869345.0
2021-03-16,000100.SZ,7.96,8.0,7.63,7.76,490842200.0,3858019691.9999995
2021-03-16,000157.SZ,9.7,9.85,9.47,9.53,83709800.0,804869726.9999999
2021-03-16,000166.SZ,4.24,4.27,4.23,4.26,34397700.0,146190225.0
2021-03-17,000166.SZ,4.27,4.28,4.23,4.25,34153200.0,145492632.0
2021-03-17,000100.SZ,7.65,8.37,7.55,8.27,815464000.0,6491093440.0
2021-03-17,000157.SZ,9.39,9.7,9.34,9.63,69211300.0,658199463.0000001
2021-03-18,000100.SZ,8.18,8.42,8.09,8.31,585862600.0,4830437137.000001
2021-03-18,000166.SZ,4.25,4.26,4.2,4.21,48808600.0,206460378.00000003
2021-03-18,000157.SZ,9.69,9.87,9.54,9.74,80724400.0,784237546.0
2021-03-19,000166.SZ,4.2,4.2,4.16,4.16,46334500.0,193678210.0
2021-03-19,000157.SZ,9.51,9.65,9.3,9.38,93790200.0,885848439.0
2021-03-19,000100.SZ,8.11,8.3,7.76,7.79,698980300.0,5556893384.999999
2021-03-22,000100.SZ,7.75,8.56,7.75,8.45,977661200.0,7919055720.0
2021-03-22,000166.SZ,4.18,4.23,4.15,4.21,45217500.0,189687412.5
2021-03-22,000157.SZ,9.35,10.09,9.32,9.91,127702800.0,1229777963.9999998
2021-03-23,000166.SZ,4.21,4.27,4.2,4.24,49275400.0,208188564.99999997
2021-03-23,000100.SZ,8.42,8.52,8.05,8.19,755675400.0,6275884197.0
2021-03-23,000157.SZ,9.95,9.97,9.53,9.65,80545600.0,789346880.0
2021-03-24,000157.SZ,9.57,9.67,8.93,9.05,147948700.0,1377402397.0
2021-03-24,000166.SZ,4.24,4.34,4.22,4.26,73254100.0,311329925.0
2021-03-24,000100.SZ,8.2,8.24,7.95,8.06,465867000.0,3787498709.9999995
2021-03-25,000100.SZ,7.87,7.92,7.52,7.58,632214000.0,4883853150.0
2021-03-25,000166.SZ,4.24,4.3,4.24,4.27,49079700.0,208834123.5
2021-03-25,000157.SZ,8.97,9.13,8.93,9.03,66646900.0,599822100.0
2021-03-26,000166.SZ,4.26,4.29,4.25,4.27,30697300.0,130923984.49999999
2021-03-26,000157.SZ,9.12,9.43,9.09,9.32,83414400.0,769080767.9999999
2021-03-26,000100.SZ,7.66,7.89,7.57,7.8,459615500.0,3552827815.0
2021-03-29,000166.SZ,4.27,4.3,4.24,4.25,44111200.0,187913712.0
2021-03-29,000157.SZ,9.32,9.47,9.12,9.37,64698600.0,604608416.9999999
2021-03-29,000100.SZ,7.81,7.86,7.53,7.56,481082300.0,3697117475.5
2021-03-30,000157.SZ,9.41,9.74,9.41,9.66,89606900.0,854401791.5
2021-03-30,000100.SZ,7.58,7.83,7.52,7.69,407366300.0,3110241700.5
2021-03-30,000166.SZ,4.25,4.27,4.23,4.26,27893600.0,118687268.0
2021-03-31,000166.SZ,4.25,4.26,4.19,4.2,43421600.0,183456259.99999997
2021-03-31,000100.SZ,7.67,7.76,7.59,7.71,269614600.0,2073336273.9999998
2021-03-31,000157.SZ,9.92,9.92,9.34,9.7,135983300.0,1333996172.9999998
2021-04-01,000166.SZ,4.21,4.21,4.18,4.2,28786200.0,121045971.0
2021-04-01,000100.SZ,7.7,7.8,7.6,7.75,305875900.0,2362891327.5
2021-04-01,000157.SZ,9.68,10.22,9.64,9.98,137864200.0,1355205086.0
2021-04-02,000157.SZ,9.99,10.09,9.8,9.98,81838700.0,817159419.5
2021-04-02,000166.SZ,4.2,4.21,4.19,4.2,27175500.0,114137100.0
2021-04-02,000100.SZ,7.76,8.17,7.66,8.13,603849500.0,4797584277.5
2021-04-06,000100.SZ,8.14,8.15,7.98,8.11,321057100.0,2608588937.5
2021-04-06,000166.SZ,4.2,4.21,4.19,4.19,28680800.0,120315956.00000001
2021-04-06,000157.SZ,9.99,10.06,9.79,9.92,62691800.0,624096869.0
2021-04-07,000100.SZ,8.11,8.32,8.04,8.21,425049200.0,3468401472.0
2021-04-07,000166.SZ,4.19,4.21,4.17,4.2,41413000.0,173727535.0
2021-04-07,000157.SZ,10.0,10.15,9.77,10.15,92649700.0,933445727.4999999
2021-04-08,000166.SZ,4.19,4.26,4.19,4.21,53661100.0,225376620.0
2021-04-08,000100.SZ,8.14,8.14,7.93,7.99,353709600.0,2852667924.0000005
2021-04-08,000157.SZ,10.08,10.18,10.0,10.06,59397300.0,598130811.0
2021-04-09,000157.SZ,10.08,10.15,9.58,9.82,100591200.0,1000882439.9999999
2021-04-09,000100.SZ,7.97,8.11,7.68,7.71,515043400.0,4037940256.0
2021-04-09,000166.SZ,4.2,4.21,4.18,4.2,31601800.0,132727560.0
2021-04-12,000157.SZ,9.7,9.75,9.07,9.15,142415200.0,1342263260.0
2021-04-12,000100.SZ,7.54,7.8,7.24,7.36,691208900.0,5149506305.0
2021-04-12,000166.SZ,4.19,4.2,4.15,4.17,34330700.0,143502326.0
2021-04-13,000157.SZ,9.08,9.34,9.03,9.31,69257500.0,636822712.5
2021-04-13,000100.SZ,7.33,7.5,7.12,7.29,499496700.0,3651320877.0000005
2021-04-13,000166.SZ,4.16,4.17,4.11,4.13,40383400.0,167389192.99999997
2021-04-14,000166.SZ,4.13,4.15,4.12,4.14,29686400.0,122753264.0
2021-04-14,000157.SZ,9.24,9.53,9.24,9.41,67545800.0,629864585.0
2021-04-14,000100.SZ,7.31,7.66,7.28,7.53,516557100.0,3832853682.0
2021-04-15,000166.SZ,4.13,4.13,4.11,4.11,24476200.0,100841944.0
2021-04-15,000100.SZ,7.52,7.54,7.4,7.51,258324700.0,1941310120.5
2021-04-15,000157.SZ,9.39,9.43,9.17,9.41,44227500.0,415738500.0
2021-04-16,000157.SZ,9.48,9.51,9.24,9.41,50588800.0,477811216.0
2021-04-16,000100.SZ,7.54,7.57,7.38,7.43,223894500.0,1675850332.4999998
2021-04-16,000166.SZ,4.12,4.15,4.11,4.13,34606800.0,142753050.0
2021-04-19,000166.SZ,4.13,4.2,4.11,4.19,48980300.0,203758048.0
2021-04-19,000157.SZ,9.31,9.53,9.21,9.5,89210100.0,839020990.5000001
2021-04-19,000100.SZ,7.41,7.57,7.37,7.52,336430100.0,2511450696.5
2021-04-20,000157.SZ,9.44,9.58,9.29,9.47,75287900.0,711847094.5
2021-04-20,000166.SZ,4.19,4.2,4.14,4.16,41357100.0,172665892.50000003
2021-04-20,000100.SZ,7.46,7.47,7.34,7.38,326615100.0,2423484042.0
2021-04-21,000100.SZ,7.34,7.58,7.31,7.45,372010700.0,2751019126.5
2021-04-21,000166.SZ,4.14,4.17,4.13,4.13,23210000.0,95973350.0
2021-04-21,000157.SZ,9.38,9.42,9.26,9.31,46616900.0,435634930.50000006
2021-04-22,000100.SZ,7.43,7.48,7.37,7.42,234309000.0,1739744325.0
2021-04-22,000157.SZ,9.31,9.37,9.2,9.28,48488700.0,450702466.5
2021-04-22,000166.SZ,4.14,4.17,4.13,4.14,24803200.0,102685247.99999999
2021-04-23,000157.SZ,9.24,9.49,9.2,9.38,59820100.0,556925131.0
2021-04-23,000100.SZ,7.43,7.55,7.38,7.54,302707800.0,2265767883.0
2021-04-23,000166.SZ,4.14,4.14,4.11,4.12,22093500.0,91246155.0
2021-04-26,000157.SZ,9.36,9.46,9.07,9.08,97988300.0,903452125.9999999
2021-04-26,000100.SZ,7.57,7.83,7.54,7.62,513369600.0,3899042112.0000005
2021-04-26,000166.SZ,4.11,4.14,4.08,4.09,40181400.0,164743740.0
2021-04-27,000157.SZ,9.03,9.08,8.79,9.03,72057300.0,650677419.0
2021-04-27,000166.SZ,4.08,4.1,4.06,4.08,31837900.0,129898632.0
2021-04-27,000100.SZ,7.64,7.7,7.52,7.69,300865500.0,2306134057.5
2021-04-28,000166.SZ,4.08,4.08,4.03,4.04,27842500.0,113040550.00000001
2021-04-28,000100.SZ,7.68,7.69,7.39,7.48,411439000.0,3118707620.0
2021-04-28,000157.SZ,9.0,9.15,8.95,9.08,39159500.0,354001879.99999994
2021-04-29,000157.SZ,9.12,9.18,9.01,9.07,44434700.0,404133596.49999994
2021-04-29,000100.SZ,7.43,7.62,7.42,7.45,258280900.0,1921609895.9999998
2021-04-29,000166.SZ,4.04,4.14,4.04,4.12,54037700.0,220473816.0
2021-04-30,000100.SZ,7.46,7.51,7.36,7.43,241392000.0,1797163440.0
2021-04-30,000157.SZ,9.15,9.18,8.87,9.02,57151200.0,519218652.00000006
2021-04-30,000166.SZ,4.11,4.12,4.05,4.09,43072200.0,176596019.99999997
2021-05-06,000166.SZ,4.1,4.12,4.08,4.1,37572500.0,154047250.0
2021-05-06,000157.SZ,8.99,8.99,8.62,8.82,82840800.0,737697324.0000001
2021-05-06,000100.SZ,7.33,7.49,7.24,7.35,234188100.0,1718940654.0
2021-05-07,000100.SZ,7.36,7.39,6.96,7.01,412382800.0,2962970418.0
2021-05-07,000157.SZ,8.84,9.05,8.68,8.69,67716600.0,593535999.0
2021-05-07,000166.SZ,4.09,4.11,4.08,4.08,40523500.0,165538497.5
2021-05-10,000166.SZ,4.09,4.11,4.08,4.1,33055100.0,135360634.5
2021-05-10,000157.SZ,8.61,8.61,8.26,8.46,99219300.0,846836725.5
2021-05-10,000100.SZ,7.0,7.1,6.92,7.05,232060300.0,1630223607.5
2021-05-11,000157.SZ,8.33,8.51,8.21,8.5,70474500.0,593042917.4999999
2021-05-11,000166.SZ,4.09,4.18,4.08,4.16,56011600.0,231047850.0
2021-05-11,000100.SZ,6.97,7.14,6.93,7.11,235103000.0,1655125120.0
2021-05-12,000100.SZ,7.07,7.14,6.98,7.05,185767900.0,1311521374.0
2021-05-12,000157.SZ,8.39,8.47,8.27,8.4,55806600.0,468496407.0
2021-05-12,000166.SZ,4.14,4.18,4.14,4.18,31850500.0,132498080.0
2021-05-13,000100.SZ,6.96,7.0,6.75,6.79,292664400.0,2012067750.0
2021-05-13,000157.SZ,8.3,8.35,8.19,8.22,48247300.0,398522698.00000006
2021-05-13,000166.SZ,4.16,4.19,4.15,4.18,40185300.0,167572701.0
2021-05-14,000166.SZ,4.19,4.37,4.18,4.36,166281500.0,710853412.5
2021-05-14,000100.SZ,6.81,7.09,6.79,7.05,304723200.0,2111731776.0
2021-05-14,000157.SZ,8.26,8.47,8.19,8.44,62094000.0,518484900.0
2021-05-17,000100.SZ,7.05,7.2,7.01,7.07,256245500.0,1809093230.0000002
2021-05-17,000166.SZ,4.25,4.29,4.2,4.22,104816400.0,443897453.99999994
2021-05-17,000157.SZ,8.44,8.74,8.41,8.53,73526100.0,623868958.5
2021-05-18,000157.SZ,8.53,8.56,8.35,8.39,41805300.0,353672838.00000006
2021-05-18,000166.SZ,4.2,4.26,4.18,4.21,62107700.0,261162878.5
2021-05-18,000100.SZ,7.05,7.22,6.94,7.22,235506200.0,1680336737.0
2021-05-19,000100.SZ,7.19,7.22,7.13,7.18,183851400.0,1320972309.0
2021-05-19,000157.SZ,8.34,8.47,8.25,8.31,40241300.0,335008822.5
2021-05-19,000166.SZ,4.21,4.22,4.17,4.18,38213300.0,160304793.5
2021-05-20,000100.SZ,7.18,7.18,6.98,7.05,244557500.0,1740026612.5
2021-05-20,000157.SZ,8.37,8.55,8.21,8.25,71052600.0,590447105.9999999
2021-05-20,000166.SZ,4.18,4.25,4.17,4.21,61897100.0,259658334.50000003
2021-05-21,000100.SZ,7.09,7.27,7.05,7.1,269457000.0,1911797415.0
2021-05-21,000157.SZ,8.26,8.3,7.93,7.98,90157200.0,732076464.0000001
2021-05-21,000166.SZ,4.2,4.23,4.17,4.18,38798100.0,162564038.99999997
2021-05-24,000166.SZ,4.18,4.26,4.18,4.23,64541800.0,271398269.0
2021-05-24,000100.SZ,7.1,7.11,6.87,6.93,306784100.0,2152090461.5
2021-05-24,000157.SZ,8.0,8.11,7.87,8.11,68462900.0,551468659.5
2021-05-25,000166.SZ,4.22,4.36,4.22,4.33,135976100.0,581297827.5
2021-05-25,000100.SZ,6.93,6.98,6.83,6.95,328623900.0,2280649866.0
2021-05-25,000157.SZ,8.11,8.18,7.92,8.17,72871600.0,593174824.0
2021-05-26,000166.SZ,4.31,4.38,4.3,4.31,112978300.0,486936472.99999994
2021-05-26,000157.SZ,8.17,8.51,8.17,8.47,112531400.0,936261248.0
2021-05-26,000100.SZ,6.91,6.97,6.86,6.88,256760600.0,1770364337.0
2021-05-27,000100.SZ,6.84,7.01,6.82,6.99,381026100.0,2634795481.5
2021-05-27,000157.SZ,8.43,8.57,8.28,8.48,71048200.0,600712531.0
2021-05-27,000166.SZ,4.3,4.33,4.27,4.33,85499100.0,368928616.49999994
2021-05-28,000166.SZ,4.3,4.39,4.28,4.34,97355700.0,420576624.0
2021-05-28,000157.SZ,8.48,8.49,8.25,8.34,59903000.0,503784230.0
2021-05-28,000100.SZ,6.98,6.98,6.78,6.79,490801600.0,3379169016.0
2021-05-31,000157.SZ,8.36,8.4,8.11,8.21,70322200.0,582619427.0
2021-05-31,000100.SZ,6.78,6.86,6.66,6.76,359263800.0,2432215926.0
2021-05-31,000166.SZ,4.34,4.34,4.3,4.33,60464300.0,262112740.5
2021-06-01,000166.SZ,4.31,4.32,4.25,4.29,68828300.0,295961690.0
2021-06-01,000100.SZ,6.76,6.88,6.68,6.83,324450500.0,2204641147.5
2021-06-01,000157.SZ,8.21,8.37,8.15,8.34,66705900.0,551991322.5
2021-06-02,000100.SZ,6.82,6.83,6.69,6.7,276452000.0,1868815520.0
2021-06-02,000157.SZ,8.4,8.49,8.13,8.15,67581800.0,559239395.0
2021-06-02,000166.SZ,4.29,4.31,4.23,4.25,54421900.0,232381512.99999997
2021-06-03,000166.SZ,4.25,4.29,4.21,4.21,64017100.0,270792333.0
2021-06-03,000100.SZ,6.68,6.75,6.61,6.62,243472500.0,1619092125.0
2021-06-03,000157.SZ,8.15,8.16,7.98,7.98,63490600.0,512051689.00000006
2021-06-04,000100.SZ,6.59,6.6,6.38,6.44,398071300.0,2593434519.5
2021-06-04,000157.SZ,7.94,7.95,7.8,7.82,78394000.0,617744720.0000001
2021-06-04,000166.SZ,4.21,4.33,4.2,4.28,78152500.0,331757362.5
2021-06-07,000100.SZ,6.44,6.61,6.42,6.57,259087500.0,1685364187.5000002
2021-06-07,000157.SZ,7.82,7.89,7.77,7.87,41032300.0,321898393.5
2021-06-07,000166.SZ,4.28,4.3,4.24,4.25,44971200.0,191802168.00000003
2021-06-08,000100.SZ,6.56,6.56,6.4,6.42,261493700.0,1697094113.0
2021-06-08,000157.SZ,7.84,7.86,7.71,7.73,59350900.0,462046756.5
2021-06-08,000166.SZ,4.23,4.3,4.23,4.26,48825600.0,207264672.0
2021-06-09,000100.SZ,6.39,6.47,6.27,6.31,292350700.0,1856426945.0
2021-06-09,000157.SZ,7.69,7.76,7.53,7.66,78636700.0,603536672.5
2021-06-09,000166.SZ,4.28,4.3,4.24,4.25,38474600.0,164094169.00000003
2021-06-10,000157.SZ,7.63,7.73,7.56,7.56,66887700.0,508012081.5
2021-06-10,000166.SZ,4.25,4.29,4.24,4.24,47789700.0,202867276.5
2021-06-10,000100.SZ,6.27,6.35,6.21,6.27,363152600.0,2276966802.0
2021-06-11,000100.SZ,6.29,6.51,6.21,6.4,536129900.0,3401744215.5000005
2021-06-11,000157.SZ,7.66,7.66,7.31,7.39,127685600.0,960834140.0
2021-06-11,000166.SZ,4.24,4.27,4.18,4.2,61666200.0,260231364.00000003
2021-06-15,000100.SZ,6.41,6.43,6.24,6.32,267654200.0,1703618983.0
2021-06-15,000166.SZ,4.2,4.2,4.14,4.14,42636000.0,177792120.0
2021-06-15,000157.SZ,7.34,7.37,7.18,7.18,71440400.0,518657304.0
2021-06-16,000157.SZ,7.17,7.24,7.02,7.05,57549000.0,409173389.99999994
2021-06-16,000166.SZ,4.14,4.19,4.13,4.17,35899100.0,149160760.49999997
2021-06-16,000100.SZ,6.27,6.38,6.08,6.09,313012800.0,1934419104.0
2021-06-17,000100.SZ,6.04,6.1,5.9,6.0,517825200.0,3117307704.0
2021-06-17,000166.SZ,4.16,4.2,4.15,4.18,46800900.0,195159753.0
2021-06-17,000157.SZ,6.99,7.07,6.95,6.97,76056200.0,530872276.00000006
2021-06-18,000100.SZ,6.11,6.49,6.09,6.36,744005700.0,4638875539.5
2021-06-18,000166.SZ,4.18,4.21,4.16,4.19,41463600.0,173525166.00000003
2021-06-18,000157.SZ,7.0,7.03,6.85,7.02,88062600.0,617318826.0
2021-06-21,000100.SZ,6.36,6.46,6.27,6.31,430746200.0,2728777177.0
2021-06-21,000166.SZ,4.19,4.22,4.17,4.18,42436600.0,177597171.00000003
2021-06-21,000157.SZ,7.01,7.01,6.89,6.9,69776900.0,485298339.5
2021-06-22,000100.SZ,6.37,6.53,6.31,6.48,449383000.0,2887285775.0000005
2021-06-22,000166.SZ,4.18,4.2,4.17,4.19,37203000.0,155694555.00000003
2021-06-22,000157.SZ,6.92,7.17,6.91,7.05,115370800.0,805865037.9999999
2021-06-23,000100.SZ,6.44,6.52,6.41,6.46,309482700.0,1996163415.0
2021-06-23,000166.SZ,4.19,4.2,4.15,4.2,42628700.0,178827396.5
2021-06-23,000157.SZ,7.05,7.07,6.92,6.97,70610200.0,494977502.0
2021-06-24,000100.SZ,6.47,6.55,6.32,6.54,367507700.0,2390637588.5
2021-06-24,000166.SZ,4.2,4.25,4.19,4.22,52556900.0,221264549.0
2021-06-24,000157.SZ,6.97,7.0,6.87,6.92,60130000.0,417602850.0
2021-06-25,000157.SZ,6.95,7.28,6.9,7.2,137393800.0,972061135.0
2021-06-25,000166.SZ,4.22,4.32,4.21,4.3,101197900.0,431103054.0
2021-06-25,000100.SZ,6.51,6.53,6.38,6.5,334079100.0,2173184545.5
2021-06-28,000166.SZ,4.3,4.3,4.25,4.26,41406200.0,177218535.99999997
2021-06-28,000157.SZ,7.2,7.2,6.97,6.99,114417900.0,811795000.5000001
2021-06-28,000100.SZ,6.51,6.56,6.43,6.53,285497200.0,1861441743.9999998
2021-06-29,000100.SZ,6.51,6.51,6.37,6.38,245847500.0,1584487137.5
2021-06-29,000157.SZ,6.99,7.05,6.89,7.01,76657900.0,536605300.0
2021-06-29,000166.SZ,4.27,4.28,4.2,4.22,45641900.0,193749865.49999997
2021-06-30,000166.SZ,4.21,4.25,4.2,4.23,36677300.0,154778206.00000003
2021-06-30,000100.SZ,6.36,6.45,6.32,6.4,209842700.0,1338796426.0000002
2021-06-30,000157.SZ,7.1,7.14,6.93,7.05,70841600.0,501204319.99999994
2021-07-01,000157.SZ,7.06,7.08,6.92,6.95,60348000.0,422737740.0
2021-07-01,000166.SZ,4.26,4.29,4.18,4.19,49980000.0,211165499.99999997
2021-07-01,000100.SZ,6.4,6.43,6.12,6.17,288818500.0,1815224272.5
2021-07-02,000166.SZ,4.17,4.18,4.11,4.11,55021200.0,227787768.00000003
2021-07-02,000157.SZ,6.93,6.94,6.73,6.77,85373000.0,584805050.0
2021-07-02,000100.SZ,6.17,6.28,6.11,6.2,228969400.0,1416175739.0
2021-07-05,000100.SZ,6.2,6.31,6.09,6.24,190128400.0,1182598648.0000002
2021-07-05,000157.SZ,6.76,6.76,6.5,6.6,100216700.0,669447556.0
2021-07-05,000166.SZ,4.11,4.12,4.06,4.08,43501600.0,178139052.00000003
2021-07-06,000100.SZ,6.22,6.61,6.15,6.61,559681300.0,3590355539.5
2021-07-06,000157.SZ,6.6,6.79,6.58,6.75,73119800.0,488074665.0
2021-07-06,000166.SZ,4.08,4.11,4.06,4.09,39214400.0,160190824.0
2021-07-07,000100.SZ,6.52,6.7,6.49,6.67,491532900.0,3241659475.5
2021-07-07,000166.SZ,4.08,4.11,4.06,4.08,42441400.0,173160912.0
2021-07-07,000157.SZ,6.78,6.87,6.68,6.76,64126900.0,434139113.0
2021-07-08,000166.SZ,4.09,4.1,4.04,4.06,38537700.0,157041127.49999997
2021-07-08,000100.SZ,6.63,6.93,6.61,6.78,489864900.0,3284544154.5
2021-07-08,000157.SZ,6.75,6.78,6.59,6.61,67706400.0,452278752.0
2021-07-09,000100.SZ,6.71,6.83,6.68,6.74,323863000.0,2177978675.0
2021-07-09,000166.SZ,4.05,4.09,4.04,4.07,34272700.0,139147162.00000003
2021-07-09,000157.SZ,6.57,6.83,6.53,6.79,74974500.0,500829660.0
2021-07-12,000157.SZ,6.87,6.91,6.65,6.65,87384500.0,590719220.0
2021-07-12,000166.SZ,4.11,4.12,4.07,4.07,68134900.0,278671741.0
2021-07-12,000100.SZ,6.78,6.81,6.61,6.7,476619600.0,3212416104.0
2021-07-13,000100.SZ,6.67,6.77,6.63,6.72,297923500.0,1994597832.5
2021-07-13,000157.SZ,6.62,6.74,6.53,6.69,68736000.0,457438080.0
2021-07-13,000166.SZ,4.07,4.08,4.05,4.07,36321600.0,147828912.0
2021-07-14,000100.SZ,6.95,7.02,6.78,6.84,486871300.0,3356977613.5
2021-07-14,000166.SZ,4.08,4.08,4.02,4.02,44145500.0,178789275.0
2021-07-14,000157.SZ,6.68,6.68,6.4,6.42,120315500.0,788066525.0
2021-07-15,000157.SZ,6.42,6.57,6.33,6.55,98010100.0,635595498.5
2021-07-15,000166.SZ,4.02,4.05,4.0,4.03,33926300.0,136553357.5
2021-07-15,000100.SZ,6.83,6.83,6.56,6.71,475901200.0,3221851124.0
2021-07-16,000166.SZ,4.04,4.08,4.03,4.04,44615700.0,180247428.0
2021-07-16,000100.SZ,6.67,7.11,6.66,7.0,813756400.0,5562024994.0
2021-07-16,000157.SZ,6.51,6.51,6.4,6.43,68344900.0,442191503.0
2021-07-19,000157.SZ,6.4,6.41,6.17,6.31,110490200.0,702165221.0
2021-07-19,000166.SZ,4.04,4.05,4.01,4.03,34186800.0,137943738.0
2021-07-19,000100.SZ,6.97,7.07,6.86,6.9,443503400.0,3075696079.0
2021-07-20,000157.SZ,6.23,6.43,6.19,6.38,66361600.0,418409888.0
2021-07-20,000100.SZ,6.84,6.87,6.73,6.86,302682600.0,2073375810.0
2021-07-20,000166.SZ,4.01,4.03,4.01,4.02,28284800.0,113563471.99999999
2021-07-21,000157.SZ,6.38,6.5,6.25,6.27,93092500.0,588810062.4999999
2021-07-21,000100.SZ,6.85,6.86,6.67,6.72,451061500.0,3060452277.5
2021-07-21,000166.SZ,4.02,4.07,4.02,4.06,40735700.0,164572227.99999997
2021-07-22,000166.SZ,4.05,4.1,4.04,4.08,48464200.0,197006972.99999997
2021-07-22,000100.SZ,6.72,6.78,6.67,6.72,310816200.0,2088684864.0
2021-07-22,000157.SZ,6.23,6.62,6.22,6.48,194626800.0,1236853314.0
2021-07-23,000157.SZ,6.48,6.61,6.43,6.47,116207500.0,752443562.5
2021-07-23,000166.SZ,4.12,4.19,4.08,4.15,99253700.0,410414049.5
2021-07-23,000100.SZ,6.72,6.72,6.41,6.45,475020300.0,3128008675.5
2021-07-26,000157.SZ,6.42,6.45,6.02,6.15,119633700.0,751897804.5
2021-07-26,000100.SZ,6.4,6.51,6.25,6.36,295969700.0,1888286686.0000002
2021-07-26,000166.SZ,4.13,4.17,4.09,4.1,56925600.0,234248844.0
2021-07-27,000166.SZ,4.1,4.12,4.02,4.04,54811100.0,223081177.00000003
2021-07-27,000100.SZ,6.38,6.61,6.37,6.4,405182100.0,2589113619.0
2021-07-27,000157.SZ,6.13,6.2,5.88,5.89,103772000.0,623669720.0
2021-07-28,000166.SZ,4.02,4.05,3.95,3.96,67103500.0,267742964.99999997
2021-07-28,000100.SZ,6.34,6.34,6.06,6.1,379127300.0,2358171806.0
2021-07-28,000157.SZ,5.88,5.91,5.73,5.87,74204200.0,435949675.0
2021-07-29,000157.SZ,5.93,5.97,5.85,5.9,61007100.0,360856996.5
2021-07-29,000100.SZ,6.22,6.25,6.06,6.16,310541900.0,1922254360.9999998
2021-07-29,000166.SZ,3.98,4.0,3.94,3.98,49384300.0,196549514.0
2021-07-30,000100.SZ,6.06,6.22,5.98,6.18,323903400.0,1982288807.9999998
2021-07-30,000166.SZ,3.95,3.98,3.92,3.97,44624100.0,176711436.0
2021-07-30,000157.SZ,5.89,6.06,5.8,6.03,69650000.0,415114000.0
2021-08-02,000100.SZ,6.19,6.5,6.08,6.42,428535700.0,2701917588.5
2021-08-02,000166.SZ,3.96,4.12,3.92,4.05,71676200.0,287063181.0
2021-08-02,000157.SZ,6.03,6.63,5.89,6.63,197575400.0,1250652282.0
2021-08-03,000100.SZ,6.38,6.39,6.23,6.27,264770700.0,1674674677.4999998
2021-08-03,000166.SZ,4.05,4.13,4.01,4.08,60453300.0,245742664.49999997
2021-08-03,000157.SZ,6.65,6.89,6.57,6.71,258919800.0,1729584264.0
2021-08-04,000166.SZ,4.07,4.1,4.04,4.07,30335400.0,123465078.00000001
2021-08-04,000157.SZ,6.7,7.13,6.64,6.89,225269900.0,1530708970.5
2021-08-04,000100.SZ,6.27,6.4,6.26,6.3,267332700.0,1680186019.5
2021-08-05,000100.SZ,6.3,6.5,6.23,6.32,318481000.0,2009615110.0000002
2021-08-05,000157.SZ,6.88,7.01,6.76,6.86,151813100.0,1042955997.0
2021-08-05,000166.SZ,4.05,4.1,4.02,4.02,38381400.0,154868949.0
2021-08-06,000100.SZ,6.26,6.46,6.17,6.42,330590100.0,2095941234.0
2021-08-06,000166.SZ,4.02,4.04,3.99,4.0,34495500.0,138326955.0
2021-08-06,000157.SZ,6.76,6.88,6.65,6.77,101374600.0,685799169.0
2021-08-09,000157.SZ,6.77,7.28,6.74,7.18,211896300.0,1477976692.5
2021-08-09,000166.SZ,3.99,4.1,3.99,4.07,46120200.0,185864406.0
2021-08-09,000100.SZ,6.44,6.66,6.41,6.59,365456900.0,2380951703.5
2021-08-10,000100.SZ,6.56,6.63,6.46,6.56,383591400.0,2516359584.0
2021-08-10,000157.SZ,7.17,7.3,6.98,7.25,230131200.0,1659245952.0
2021-08-10,000166.SZ,4.07,4.1,4.03,4.09,45106200.0,184033296.0
2021-08-11,000100.SZ,6.56,6.62,6.48,6.5,309063700.0,2018185960.9999998
2021-08-11,000166.SZ,4.08,4.11,4.06,4.07,42018200.0,171224165.0
2021-08-11,000157.SZ,7.3,7.45,7.13,7.14,186153700.0,1344029714.0
2021-08-12,000166.SZ,4.06,4.08,4.05,4.06,28508800.0,115745727.99999999
2021-08-12,000100.SZ,6.47,6.51,6.38,6.43,290365000.0,1872854249.9999998
2021-08-12,000157.SZ,7.13,7.13,6.91,6.97,137365700.0,968428185.0
2021-08-13,000166.SZ,4.06,4.08,4.04,4.07,36923700.0,150094840.49999997
2021-08-13,000100.SZ,6.44,6.47,6.26,6.31,299324900.0,1908196237.5
2021-08-13,000157.SZ,6.97,7.09,6.88,6.97,101345700.0,706379529.0
2021-08-16,000100.SZ,6.32,6.52,6.32,6.37,302205500.0,1917493897.5000002
2021-08-16,000157.SZ,6.97,7.0,6.78,6.8,99923800.0,687975363.0
2021-08-16,000166.SZ,4.07,4.12,4.06,4.1,49793900.0,203408081.5
2021-08-17,000166.SZ,4.09,4.18,4.08,4.11,101938500.0,417947849.99999994
2021-08-17,000157.SZ,6.78,6.89,6.63,6.65,97411700.0,654119565.5
2021-08-17,000100.SZ,6.43,6.46,6.17,6.18,298124800.0,1879676864.0
2021-08-18,000166.SZ,4.09,4.34,4.09,4.32,224744200.0,945049361.0
2021-08-18,000157.SZ,6.65,6.78,6.58,6.77,94632500.0,634984075.0
2021-08-18,000100.SZ,6.16,6.25,6.09,6.21,228370900.0,1412474016.5
2021-08-19,000100.SZ,6.22,6.32,6.19,6.2,253232600.0,1572574446.0
2021-08-19,000166.SZ,4.3,4.38,4.25,4.29,153665000.0,659991175.0
2021-08-19,000157.SZ,6.72,6.73,6.39,6.41,173833100.0,1141214301.5
2021-08-20,000100.SZ,6.17,6.17,6.0,6.08,290055700.0,1776591162.5
2021-08-20,000166.SZ,4.28,4.32,4.24,4.3,84265600.0,361499424.0
2021-08-20,000157.SZ,6.34,6.46,6.3,6.41,83635000.0,533173125.0
2021-08-23,000157.SZ,6.41,6.54,6.41,6.5,92377800.0,596298699.0
2021-08-23,000166.SZ,4.31,4.34,4.27,4.28,58610200.0,251730809.0
2021-08-23,000100.SZ,6.01,6.12,5.95,6.09,226079100.0,1367778555.0
2021-08-24,000157.SZ,6.53,6.53,6.38,6.43,86349200.0,559542816.0
2021-08-24,000166.SZ,4.28,4.39,4.23,4.37,130945500.0,566339287.5
2021-08-24,000100.SZ,6.07,6.08,5.96,5.98,328618800.0,1979928270.0
2021-08-25,000157.SZ,6.46,6.46,6.34,6.36,82520500.0,528956405.0
2021-08-25,000166.SZ,4.37,4.37,4.31,4.32,77484300.0,336669283.50000006
2021-08-25,000100.SZ,5.98,6.04,5.95,6.0,208662000.0,1249885380.0
2021-08-26,000166.SZ,4.33,4.38,4.3,4.31,69250100.0,299160432.0
2021-08-26,000100.SZ,6.0,6.02,5.95,5.96,209985700.0,1255714486.0
2021-08-26,000157.SZ,6.38,6.4,6.23,6.26,106280100.0,671690232.0
2021-08-27,000157.SZ,6.23,6.38,6.11,6.3,83349000.0,522181485.00000006
2021-08-27,000100.SZ,5.96,6.05,5.91,5.99,224747600.0,1342866910.0
2021-08-27,000166.SZ,4.29,4.36,4.29,4.29,53980600.0,231576774.0
2021-08-30,000157.SZ,6.26,6.26,5.9,5.97,245768500.0,1502874377.5
2021-08-30,000100.SZ,6.0,6.03,5.94,5.97,229662400.0,1374529463.9999998
2021-08-30,000166.SZ,4.3,4.33,4.24,4.27,62258400.0,266777244.0
2021-08-31,000157.SZ,6.08,6.36,6.04,6.24,191484000.0,1179541440.0
2021-08-31,000100.SZ,5.98,6.0,5.87,5.96,264495000.0,1579035150.0000002
2021-08-31,000166.SZ,4.26,4.35,4.24,4.35,90736400.0,390620202.0
2021-09-01,000166.SZ,4.32,4.52,4.31,4.44,167179200.0,732244896.0000001
2021-09-01,000100.SZ,5.94,6.02,5.86,6.01,346370000.0,2069560749.9999998
2021-09-01,000157.SZ,6.28,6.87,6.19,6.87,298734600.0,1964179995.0
2021-09-02,000166.SZ,4.41,4.53,4.38,4.5,144926400.0,645647112.0
2021-09-02,000157.SZ,7.16,7.17,6.88,7.04,382525300.0,2715929630.0
2021-09-02,000100.SZ,6.0,6.07,5.96,6.07,300685000.0,1814633975.0
2021-09-03,000157.SZ,6.95,7.06,6.79,6.84,228859300.0,1577984873.5
2021-09-03,000100.SZ,6.06,6.06,5.99,6.0,207181100.0,1249302032.9999998
2021-09-03,000166.SZ,4.96,4.96,4.8,4.94,734191100.0,3634245945.0
2021-09-06,000100.SZ,5.9,5.95,5.86,5.92,298054300.0,1761500913.0
2021-09-06,000166.SZ,4.96,5.43,4.93,5.43,798710500.0,4149301047.5
2021-09-06,000157.SZ,6.88,7.23,6.88,7.12,283629500.0,1985406500.0
2021-09-07,000157.SZ,7.13,7.18,6.97,7.16,203556300.0,1454409763.5
2021-09-07,000100.SZ,5.89,5.93,5.86,5.91,215488500.0,1271382150.0
2021-09-07,000166.SZ,5.32,5.81,5.11,5.61,948043800.0,5181059367.0
2021-09-08,000100.SZ,5.91,6.26,5.89,6.19,592526000.0,3584782300.0000005
2021-09-08,000166.SZ,5.46,5.79,5.35,5.39,566632000.0,3073978600.0
2021-09-08,000157.SZ,7.11,7.11,6.93,6.97,201508300.0,1418618432.0
2021-09-09,000166.SZ,5.29,5.78,5.25,5.69,580218600.0,3185400114.0
2021-09-09,000157.SZ,6.95,7.26,6.92,7.1,217073000.0,1524937825.0
2021-09-09,000100.SZ,6.13,6.23,6.08,6.11,304367100.0,1862726652.0
2021-09-10,000166.SZ,5.72,6.25,5.61,5.96,767108300.0,4479912472.0
2021-09-10,000157.SZ,7.1,7.36,6.99,7.31,266123400.0,1917419097.0
2021-09-10,000100.SZ,6.11,6.21,6.07,6.12,262802000.0,1607034230.0
2021-09-13,000166.SZ,5.83,6.12,5.79,6.06,489814100.0,2911944824.5
2021-09-13,000157.SZ,7.37,7.37,7.14,7.22,181485800.0,1323938911.0
2021-09-13,000100.SZ,6.1,6.1,5.94,5.96,288396900.0,1739033306.9999998
2021-09-14,000100.SZ,5.94,5.95,5.88,5.9,240401000.0,1423173920.0
2021-09-14,000166.SZ,5.99,6.01,5.65,5.69,485164000.0,2833357760.0
2021-09-14,000157.SZ,7.18,7.22,6.86,6.91,202412900.0,1425998880.5
2021-09-15,000100.SZ,5.87,5.91,5.86,5.9,166452400.0,979572374.0
2021-09-15,000166.SZ,5.65,5.76,5.52,5.54,404583400.0,2263644123.0000005
2021-09-15,000157.SZ,6.86,6.98,6.8,6.88,104187700.0,715769499.0
2021-09-16,000157.SZ,6.85,7.01,6.81,6.97,131407600.0,908026516.0
2021-09-16,000100.SZ,5.89,5.9,5.74,5.76,300697300.0,1751561772.4999998
2021-09-16,000166.SZ,5.54,5.68,5.44,5.61,425797000.0,2373818275.0
2021-09-17,000157.SZ,6.95,6.97,6.81,6.89,82956000.0,574055520.0
2021-09-17,000166.SZ,5.56,5.64,5.43,5.51,335529700.0,1857156889.5
2021-09-17,000100.SZ,5.73,5.74,5.53,5.58,289332100.0,1636173025.5
2021-09-22,000100.SZ,5.5,5.53,5.46,5.49,167126800.0,918361766.0
2021-09-22,000157.SZ,6.72,6.76,6.6,6.62,121454300.0,810100181.0
2021-09-22,000166.SZ,5.43,5.6,5.38,5.48,233380900.0,1273092809.5
2021-09-23,000100.SZ,5.43,5.55,5.41,5.49,162779000.0,888773340.0
2021-09-23,000166.SZ,5.56,5.64,5.48,5.59,321579400.0,1792805154.9999998
2021-09-23,000157.SZ,6.68,6.91,6.68,6.8,103345100.0,696545974.0
2021-09-24,000100.SZ,5.5,5.52,5.32,5.38,217700700.0,1184291808.0
2021-09-24,000166.SZ,5.59,5.6,5.3,5.34,296246200.0,1618985483.0
2021-09-24,000157.SZ,6.76,6.76,6.53,6.54,88054000.0,585559100.0
2021-09-27,000157.SZ,6.5,6.5,6.27,6.32,98205600.0,629497896.0
2021-09-27,000166.SZ,5.31,5.44,5.11,5.18,271481600.0,1423920991.9999998
2021-09-27,000100.SZ,5.39,5.68,5.36,5.56,300603300.0,1645803067.5
2021-09-28,000166.SZ,5.16,5.25,5.15,5.17,188420200.0,973190333.0
2021-09-28,000100.SZ,5.55,5.55,5.4,5.43,163143000.0,895655070.0
2021-09-28,000157.SZ,6.36,6.46,6.34,6.41,58426500.0,373053202.5
2021-09-29,000166.SZ,5.11,5.14,4.99,5.08,183062600.0,932703947.0000001
2021-09-29,000100.SZ,5.37,5.39,5.22,5.22,199985000.0,1058920575.0
2021-09-29,000157.SZ,6.34,6.45,6.29,6.38,60830700.0,386883251.99999994
2021-09-30,000157.SZ,6.43,6.6,6.43,6.53,80891900.0,524179512.00000006
2021-09-30,000100.SZ,5.22,5.28,5.21,5.24,112368000.0,587684640.0
2021-09-30,000166.SZ,5.11,5.13,4.96,5.09,166444200.0,848865420.0
2021-10-08,000166.SZ,5.14,5.17,5.06,5.1,147129600.0,753303551.9999999
2021-10-08,000100.SZ,5.35,5.45,5.32,5.42,219667300.0,1182908410.5
2021-10-08,000157.SZ,6.57,6.65,6.46,6.6,83855800.0,552190443.0
2021-10-11,000157.SZ,6.57,6.61,6.49,6.5,66267600.0,433058766.0
2021-10-11,000100.SZ,5.39,5.47,5.35,5.41,148255300.0,800578620.0
2021-10-11,000166.SZ,5.1,5.12,4.96,4.97,151449000.0,762545715.0
2021-10-12,000100.SZ,5.39,5.51,5.35,5.49,197233100.0,1072948063.9999999
2021-10-12,000166.SZ,4.94,5.02,4.85,4.98,161766800.0,802363328.0000001
2021-10-12,000157.SZ,6.47,6.47,6.23,6.29,92789000.0,591993820.0
2021-10-13,000157.SZ,6.26,6.34,6.23,6.31,45232700.0,284287519.5
2021-10-13,000100.SZ,5.45,5.48,5.4,5.47,118632700.0,647734542.0
2021-10-13,000166.SZ,4.96,5.03,4.88,4.99,108443300.0,539505417.5
2021-10-14,000100.SZ,5.46,5.46,5.35,5.36,143893000.0,778461130.0
2021-10-14,000166.SZ,4.99,4.99,4.92,4.94,76647400.0,380554341.0
2021-10-14,000157.SZ,6.3,6.36,6.25,6.3,41292600.0,260143380.0
2021-10-15,000157.SZ,6.3,6.31,6.19,6.2,47062300.0,294139375.0
2021-10-15,000100.SZ,5.37,5.45,5.34,5.37,157341700.0,844924929.0
2021-10-15,000166.SZ,4.91,4.97,4.86,4.87,112897700.0,552069753.0000001
2021-10-18,000157.SZ,6.2,6.25,6.11,6.24,43065000.0,267864300.00000003
2021-10-18,000100.SZ,5.36,5.36,5.24,5.3,144603900.0,770738787.0
2021-10-18,000166.SZ,4.89,5.01,4.86,4.99,112508800.0,555793472.0
2021-10-19,000157.SZ,6.24,6.36,6.19,6.35,60551100.0,381169174.5
2021-10-19,000100.SZ,5.3,5.41,5.28,5.38,140501000.0,750275340.0
2021-10-19,000166.SZ,4.96,5.06,4.95,4.99,120962100.0,601786447.5
2021-10-20,000166.SZ,4.99,5.04,4.96,5.0,100314500.0,501070927.5
2021-10-20,000157.SZ,6.35,6.36,6.19,6.23,57372800.0,360874912.0
2021-10-20,000100.SZ,5.36,5.4,5.31,5.32,94495600.0,504606504.0
2021-10-21,000166.SZ,4.99,5.14,4.97,5.08,192425000.0,968859875.0
2021-10-21,000100.SZ,5.28,5.3,5.21,5.22,175243400.0,920027850.0
2021-10-21,000157.SZ,6.24,6.27,6.18,6.23,38391600.0,239371626.0
2021-10-22,000100.SZ,5.21,5.3,5.2,5.24,123914000.0,647450650.0
2021-10-22,000157.SZ,6.23,6.4,6.19,6.38,82579500.0,520663747.5
2021-10-22,000166.SZ,5.06,5.1,4.99,5.02,116945800.0,589406831.9999999
2021-10-25,000157.SZ,6.34,6.34,6.25,6.29,54001300.0,341018209.5
2021-10-25,000166.SZ,5.01,5.11,4.91,5.11,177222300.0,896744838.0000001
2021-10-25,000100.SZ,5.26,5.26,5.15,5.2,138242200.0,723006706.0
2021-10-26,000166.SZ,5.05,5.12,4.98,4.99,102543200.0,514766863.99999994
2021-10-26,000157.SZ,6.29,6.35,6.24,6.27,44223100.0,277721068.0
2021-10-26,000100.SZ,5.19,5.3,5.18,5.27,186404400.0,974895012.0000001
2021-10-27,000157.SZ,6.24,6.25,6.06,6.08,68570700.0,422395512.0
2021-10-27,000166.SZ,4.97,4.98,4.82,4.82,131953600.0,645912872.0
2021-10-27,000100.SZ,5.29,5.31,5.13,5.14,182618400.0,952354956.0
2021-10-28,000100.SZ,5.14,5.14,4.93,5.0,218200500.0,1106276535.0
2021-10-28,000166.SZ,4.83,4.86,4.76,4.78,97091100.0,466522735.5
2021-10-28,000157.SZ,6.08,6.08,5.83,5.87,81462800.0,486740230.0
2021-10-29,000157.SZ,5.74,5.85,5.58,5.77,82292700.0,473594488.5
2021-10-29,000166.SZ,4.77,4.79,4.58,4.74,148988900.0,708442219.5
2021-10-29,000100.SZ,5.0,5.07,4.95,5.07,143273600.0,721382576.0
2021-11-01,000166.SZ,4.82,5.13,4.81,4.95,247816600.0,1210584091.0
2021-11-01,000157.SZ,5.77,5.83,5.66,5.75,59025600.0,339987456.0
2021-11-01,000100.SZ,5.04,5.39,5.04,5.33,363913200.0,1886889942.0000002
2021-11-02,000100.SZ,5.31,5.35,5.1,5.13,270160900.0,1410239898.0
2021-11-02,000166.SZ,4.94,5.11,4.86,4.95,178916900.0,884744070.5
2021-11-02,000157.SZ,5.77,5.81,5.5,5.55,103746300.0,587204058.0
2021-11-03,000100.SZ,5.13,5.35,5.06,5.22,213940700.0,1107143122.5
2021-11-03,000157.SZ,5.54,5.6,5.5,5.54,52107700.0,288676658.0
2021-11-03,000166.SZ,4.96,4.99,4.87,4.92,97571200.0,482001727.99999994
2021-11-04,000100.SZ,5.24,5.25,5.17,5.23,140737000.0,736758195.0
2021-11-04,000166.SZ,4.97,5.05,4.89,4.93,113389800.0,561279509.9999999
2021-11-04,000157.SZ,5.57,5.58,5.51,5.58,49201000.0,274295575.0
2021-11-05,000100.SZ,5.19,5.24,5.17,5.18,118100400.0,612350574.0
2021-11-05,000166.SZ,4.9,5.01,4.86,4.95,127043100.0,625687267.5000001
2021-11-05,000157.SZ,5.56,5.67,5.51,5.61,60766300.0,339379785.5
2021-11-08,000157.SZ,5.62,5.7,5.62,5.65,44243500.0,249312122.5
2021-11-08,000166.SZ,4.91,5.02,4.88,4.99,104127800.0,515432610.0
2021-11-08,000100.SZ,5.18,5.2,5.09,5.17,109179200.0,565002360.0
2021-11-09,000100.SZ,5.17,5.25,5.14,5.21,106827100.0,554432649.0
2021-11-09,000157.SZ,5.66,5.68,5.54,5.57,46390400.0,260482096.0
2021-11-09,000166.SZ,5.04,5.27,5.0,5.2,271232400.0,1388709888.0
2021-11-10,000157.SZ,5.55,5.55,5.41,5.47,74078600.0,408173086.0
2021-11-10,000100.SZ,5.2,5.33,5.17,5.29,205279300.0,1076689928.5
2021-11-10,000166.SZ,5.14,5.26,5.14,5.23,184811600.0,958248146.0000001
2021-11-11,000166.SZ,5.2,5.37,5.19,5.33,265514100.0,1397931736.5000002
2021-11-11,000100.SZ,5.28,5.4,5.25,5.38,221954900.0,1183019617.0
2021-11-11,000157.SZ,5.45,5.59,5.43,5.58,70288200.0,387639423.00000006
2021-11-12,000157.SZ,5.58,5.58,5.44,5.47,66411300.0,366922432.5
2021-11-12,000100.SZ,5.38,5.44,5.34,5.35,148624700.0,797371515.5
2021-11-12,000166.SZ,5.31,5.32,5.15,5.21,205487500.0,1080864250.0
2021-11-15,000166.SZ,5.24,5.27,4.96,4.98,218667300.0,1117389903.0
2021-11-15,000100.SZ,5.35,5.4,5.29,5.37,132694100.0,711240375.9999999
2021-11-15,000157.SZ,5.45,5.5,5.44,5.48,43690900.0,238770768.5
2021-11-16,000157.SZ,5.48,5.52,5.43,5.45,42776900.0,233775758.5
2021-11-16,000100.SZ,5.36,5.53,5.34,5.45,230978100.0,1248436630.5
2021-11-16,000166.SZ,4.95,4.96,4.77,4.79,178306400.0,868352168.0
2021-11-17,000100.SZ,5.44,5.45,5.36,5.37,163858000.0,885652490.0
2021-11-17,000166.SZ,4.76,4.83,4.74,4.77,90893500.0,433107527.5
2021-11-17,000157.SZ,5.44,5.48,5.39,5.47,40863200.0,222908756.0
2021-11-18,000157.SZ,5.47,5.47,5.42,5.45,37539100.0,204963486.0
2021-11-18,000100.SZ,5.35,5.36,5.25,5.27,158489500.0,841579244.9999999
2021-11-18,000166.SZ,4.77,4.78,4.71,4.71,92138200.0,436735068.0
2021-11-19,000100.SZ,5.25,5.33,5.24,5.32,110173000.0,582264305.0
2021-11-19,000166.SZ,4.71,4.83,4.7,4.79,121123900.0,575338525.0
2021-11-19,000157.SZ,5.44,5.47,5.39,5.46,66902100.0,364616445.0
2021-11-22,000166.SZ,4.76,4.82,4.74,4.75,103300000.0,491191500.0
2021-11-22,000157.SZ,5.46,5.58,5.45,5.53,75071500.0,412517892.5
2021-11-22,000100.SZ,5.33,5.4,5.31,5.38,165610700.0,886845298.5000001
2021-11-23,000166.SZ,4.76,4.85,4.74,4.77,104971300.0,500188244.49999994
2021-11-23,000100.SZ,5.38,5.41,5.33,5.35,126046400.0,676238936.0
2021-11-23,000157.SZ,5.53,5.69,5.5,5.69,105464100.0,591653601.0
2021-11-24,000157.SZ,5.68,5.68,5.59,5.62,58717800.0,331755570.0
2021-11-24,000100.SZ,5.35,5.39,5.3,5.35,98594100.0,527478434.99999994
2021-11-24,000166.SZ,4.76,4.8,4.75,4.77,70753800.0,337141857.0
2021-11-25,000166.SZ,4.77,4.78,4.69,4.7,84250500.0,398926117.49999994
2021-11-25,000100.SZ,5.35,5.35,5.28,5.28,109249900.0,580663218.5
2021-11-25,000157.SZ,5.62,5.66,5.57,5.62,42425600.0,238431872.0
2021-11-26,000157.SZ,5.6,5.62,5.56,5.57,36586800.0,204337278.0
2021-11-26,000100.SZ,5.27,5.27,5.17,5.17,143251700.0,747773874.0
2021-11-26,000166.SZ,4.7,4.74,4.67,4.69,58012600.0,272369157.0
2021-11-29,000166.SZ,4.62,4.66,4.61,4.64,68942400.0,319203312.0
2021-11-29,000100.SZ,5.09,5.14,5.07,5.12,105859600.0,540413258.0
2021-11-29,000157.SZ,5.5,5.53,5.47,5.49,41706200.0,229175569.0
2021-11-30,000157.SZ,5.5,5.56,5.49,5.53,39496200.0,217821543.00000003
2021-11-30,000100.SZ,5.12,5.18,5.1,5.14,99882100.0,512395173.0
2021-11-30,000166.SZ,4.64,4.76,4.64,4.67,92578700.0,430953848.49999994
2021-12-01,000157.SZ,5.56,5.66,5.54,5.62,60043600.0,335643724.0
2021-12-01,000166.SZ,4.67,4.76,4.66,4.73,74039300.0,347984710.0
2021-12-01,000100.SZ,5.12,5.15,5.1,5.14,91374500.0,468751185.0
2021-12-02,000166.SZ,4.72,4.77,4.7,4.75,90005900.0,426177936.49999994
2021-12-02,000100.SZ,5.14,5.14,5.08,5.09,125041900.0,639589318.5
2021-12-02,000157.SZ,5.61,5.99,5.58,5.89,170926800.0,982829100.0
2021-12-03,000100.SZ,5.12,5.13,5.07,5.11,102574200.0,524667033.0
2021-12-03,000157.SZ,5.84,5.91,5.76,5.86,95043900.0,556006815.0
2021-12-03,000166.SZ,4.74,4.77,4.69,4.74,77586300.0,367759062.0
2021-12-06,000166.SZ,4.76,4.9,4.74,4.78,172097500.0,820905074.9999999
2021-12-06,000100.SZ,5.11,5.17,5.09,5.1,122786800.0,626826614.0
2021-12-06,000157.SZ,5.88,5.99,5.78,5.8,79544000.0,464536960.0
2021-12-07,000166.SZ,4.83,4.85,4.74,4.77,90088200.0,432423360.0
2021-12-07,000100.SZ,5.12,5.14,5.07,5.1,102630100.0,524439810.99999994
2021-12-07,000157.SZ,5.88,6.06,5.86,6.04,156183400.0,930853064.0
2021-12-08,000100.SZ,5.11,5.15,5.1,5.15,121405200.0,622808676.0000001
2021-12-08,000166.SZ,4.78,4.82,4.74,4.82,94539300.0,453788640.00000006
2021-12-08,000157.SZ,6.0,6.0,5.9,6.0,86694300.0,520165800.0
2021-12-09,000157.SZ,5.98,6.04,5.96,5.98,75244300.0,449960914.00000006
2021-12-09,000166.SZ,4.82,4.96,4.79,4.89,179528900.0,871612809.5000001
2021-12-09,000100.SZ,5.17,5.42,5.15,5.42,547125800.0,2897031111.0
2021-12-10,000166.SZ,4.86,4.95,4.83,4.92,163997800.0,801949242.0000001
2021-12-10,000100.SZ,5.39,5.57,5.37,5.44,475359900.0,2574073858.5
2021-12-10,000157.SZ,5.95,5.96,5.85,5.85,74485200.0,439462680.0
2021-12-13,000166.SZ,4.99,5.05,4.88,4.88,169918800.0,838549278.0000001
2021-12-13,000100.SZ,5.41,5.51,5.38,5.46,306036900.0,1663310551.5000002
2021-12-13,000157.SZ,5.92,6.11,5.89,5.97,109193500.0,649155357.5
2021-12-14,000166.SZ,4.84,4.88,4.77,4.79,93853400.0,451904120.99999994
2021-12-14,000157.SZ,5.92,5.92,5.84,5.86,65191200.0,383976168.00000006
2021-12-14,000100.SZ,5.46,5.47,5.36,5.36,174064200.0,941687322.0
2021-12-15,000100.SZ,5.36,5.42,5.33,5.36,147912200.0,792809392.0
2021-12-15,000157.SZ,5.86,5.92,5.84,5.85,44201600.0,258800368.00000003
2021-12-15,000166.SZ,4.8,4.85,4.77,4.79,72742400.0,348799808.0
2021-12-16,000166.SZ,4.8,4.83,4.77,4.81,80240200.0,385554161.0
2021-12-16,000157.SZ,5.84,5.9,5.83,5.88,45046200.0,263970731.99999997
2021-12-16,000100.SZ,5.38,5.4,5.33,5.36,123972900.0,665734473.0
2021-12-17,000100.SZ,5.35,5.35,5.28,5.28,143875100.0,764696156.4999999
2021-12-17,000157.SZ,5.89,5.93,5.85,5.85,42590400.0,250005647.99999997
2021-12-17,000166.SZ,4.8,4.85,4.78,4.79,82305400.0,394654393.0
2021-12-20,000166.SZ,4.78,4.78,4.7,4.71,75320900.0,357397670.5
2021-12-20,000157.SZ,5.83,5.9,5.75,5.8,59323600.0,344966734.0
2021-12-20,000100.SZ,5.25,5.3,5.19,5.19,134938400.0,704378448.0000001
2021-12-21,000100.SZ,5.19,5.24,5.18,5.22,96992600.0,504846483.0
2021-12-21,000157.SZ,5.8,5.86,5.78,5.83,45290600.0,263364838.99999997
2021-12-21,000166.SZ,4.71,4.78,4.7,4.76,64756500.0,306622027.49999994
2021-12-22,000100.SZ,5.24,5.26,5.2,5.23,102392600.0,536025261.00000006
2021-12-22,000157.SZ,5.81,5.81,5.7,5.73,62523100.0,360758287.0
2021-12-22,000166.SZ,4.76,4.78,4.73,4.74,42108600.0,200015850.0
2021-12-23,000166.SZ,4.74,4.75,4.71,4.72,52266900.0,247222437.00000003
2021-12-23,000157.SZ,5.73,5.73,5.65,5.72,48596400.0,278214390.0
2021-12-23,000100.SZ,5.22,5.24,5.18,5.21,96230200.0,501840493.0
2021-12-24,000100.SZ,5.2,5.21,5.13,5.14,104901000.0,542338170.0
2021-12-24,000157.SZ,5.7,5.72,5.65,5.65,35759500.0,202935162.50000003
2021-12-24,000166.SZ,4.73,4.74,4.68,4.68,46829900.0,220334679.5
2021-12-27,000166.SZ,4.69,4.72,4.68,4.7,39357400.0,184782993.0
2021-12-27,000157.SZ,5.67,5.73,5.67,5.69,32857200.0,186628896.0
2021-12-27,000100.SZ,5.15,5.18,5.14,5.17,76933300.0,396975828.0
2021-12-28,000166.SZ,4.71,4.74,4.68,4.73,46204200.0,218083824.00000003
2021-12-28,000157.SZ,5.7,5.77,5.69,5.76,42420400.0,243068892.00000003
2021-12-28,000100.SZ,5.18,5.21,5.15,5.19,92277800.0,478460393.00000006
2021-12-29,000100.SZ,5.2,5.2,5.13,5.13,104112600.0,537741579.0
2021-12-29,000157.SZ,5.75,5.75,5.66,5.69,39156800.0,223976896.00000003
2021-12-29,000166.SZ,4.73,4.74,4.68,4.7,41394700.0,195176010.5
2021-12-30,000157.SZ,5.67,5.7,5.65,5.66,36682700.0,207807495.5
2021-12-30,000100.SZ,5.13,5.22,5.12,5.19,140678400.0,725900544.0
2021-12-30,000166.SZ,4.69,4.75,4.68,4.73,58881000.0,277329510.00000006
2021-12-31,000166.SZ,4.73,4.75,4.72,4.74,49853300.0,236055375.50000003
2021-12-31,000100.SZ,5.18,5.2,5.14,5.16,124948000.0,645981160.0
2021-12-31,000157.SZ,5.66,5.7,5.66,5.68,26341900.0,149358573.0
2022-01-04,000157.SZ,5.68,5.72,5.66,5.71,44245700.0,251979261.5
2022-01-04,000166.SZ,4.74,4.79,4.71,4.74,71476800.0,338800032.0
2022-01-04,000100.SZ,5.17,5.24,5.14,5.22,161264100.0,837766999.5
2022-01-05,000157.SZ,5.72,5.78,5.7,5.75,72619100.0,416470538.49999994
2022-01-05,000166.SZ,4.74,4.77,4.73,4.74,55790700.0,264447918.0
2022-01-05,000100.SZ,5.2,5.31,5.19,5.3,226362800.0,1188404700.0
2022-01-06,000157.SZ,5.72,5.89,5.71,5.88,121626500.0,705433700.0
2022-01-06,000100.SZ,5.28,5.29,5.23,5.25,136383400.0,718058601.0000001
2022-01-06,000166.SZ,4.73,4.74,4.68,4.7,64853600.0,305784724.0
2022-01-07,000100.SZ,5.26,5.39,5.24,5.31,219817000.0,1161732845.0
2022-01-07,000157.SZ,5.86,6.13,5.84,6.08,199492900.0,1190972613.0000002
2022-01-07,000166.SZ,4.7,4.74,4.7,4.7,47055100.0,221158970.0
2022-01-10,000100.SZ,5.33,5.41,5.3,5.37,179337900.0,959457764.9999999
2022-01-10,000166.SZ,4.71,4.74,4.7,4.73,38829500.0,183275240.00000003
2022-01-10,000157.SZ,6.12,6.19,6.02,6.08,102266600.0,623826260.0
2022-01-11,000157.SZ,6.08,6.12,5.97,6.02,81210600.0,491324130.0
2022-01-11,000100.SZ,5.34,5.36,5.25,5.26,161370400.0,855263120.0
2022-01-11,000166.SZ,4.71,4.75,4.71,4.74,54121100.0,255722197.49999997
2022-01-12,000166.SZ,4.74,4.76,4.71,4.74,53869400.0,255340956.0
2022-01-12,000100.SZ,5.26,5.3,5.24,5.29,99223000.0,523401325.00000006
2022-01-12,000157.SZ,6.01,6.02,5.9,5.97,62790400.0,376114496.0
2022-01-13,000157.SZ,5.95,6.03,5.91,5.92,65220400.0,387083074.00000006
2022-01-13,000100.SZ,5.29,5.35,5.24,5.24,131029000.0,689867685.0000001
2022-01-13,000166.SZ,4.75,4.83,4.74,4.75,66641400.0,316546650.0
2022-01-14,000166.SZ,4.74,4.74,4.65,4.65,74753200.0,350966274.0
2022-01-14,000100.SZ,5.2,5.21,5.14,5.15,118609300.0,613803127.5000001
2022-01-14,000157.SZ,5.91,5.95,5.85,5.92,57959500.0,342830442.5
2022-01-17,000100.SZ,5.14,5.19,5.14,5.17,70441000.0,363123354.99999994
2022-01-17,000166.SZ,4.63,4.68,4.62,4.65,42597100.0,197650544.00000003
2022-01-17,000157.SZ,5.92,5.95,5.87,5.92,40139400.0,237625248.0
2022-01-18,000157.SZ,5.92,6.06,5.85,6.05,95077200.0,569037042.0
2022-01-18,000166.SZ,4.65,4.69,4.63,4.69,52065600.0,243146352.0
2022-01-18,000100.SZ,5.16,5.19,5.14,5.18,78846900.0,407638473.0
2022-01-19,000100.SZ,5.16,5.19,5.1,5.13,116317200.0,598451994.0
2022-01-19,000166.SZ,4.68,4.72,4.64,4.66,49229100.0,229899897.0
2022-01-19,000157.SZ,6.02,6.15,6.0,6.07,85570500.0,517273672.5
2022-01-20,000157.SZ,6.04,6.11,5.94,6.04,73277300.0,442594892.0
2022-01-20,000166.SZ,4.65,4.74,4.64,4.7,91297100.0,426813942.50000006
2022-01-20,000100.SZ,5.13,5.15,5.1,5.11,94326500.0,482951680.0
2022-01-21,000100.SZ,5.15,5.17,5.08,5.09,137619500.0,704611840.0
2022-01-21,000166.SZ,4.69,4.7,4.63,4.65,60318300.0,281686461.0
2022-01-21,000157.SZ,6.0,6.05,5.92,5.95,47205800.0,282054655.0
2022-01-24,000157.SZ,5.97,5.98,5.86,5.89,32506200.0,192761766.0
2022-01-24,000166.SZ,4.63,4.66,4.62,4.62,40453800.0,187098825.0
2022-01-24,000100.SZ,5.06,5.07,4.99,5.02,101837400.0,513260495.99999994
2022-01-25,000100.SZ,4.99,5.0,4.82,4.82,188150300.0,922877221.5
2022-01-25,000157.SZ,5.87,5.89,5.63,5.63,56110700.0,322636525.0
2022-01-25,000166.SZ,4.61,4.62,4.41,4.42,81813800.0,369389307.00000006
2022-01-26,000100.SZ,4.79,4.88,4.78,4.84,116878500.0,562769977.5
2022-01-26,000157.SZ,5.63,5.73,5.63,5.7,28728500.0,162746952.5
2022-01-26,000166.SZ,4.43,4.49,4.42,4.48,54516000.0,242868780.0
2022-01-27,000166.SZ,4.47,4.47,4.34,4.36,58260100.0,257218341.5
2022-01-27,000100.SZ,4.83,4.83,4.64,4.66,161198400.0,764886408.0
2022-01-27,000157.SZ,5.69,5.7,5.58,5.59,34684500.0,195620580.00000003
2022-01-28,000157.SZ,5.61,5.66,5.53,5.58,31030000.0,173612850.00000003
2022-01-28,000100.SZ,4.67,4.75,4.62,4.69,136723300.0,639865044.0
2022-01-28,000166.SZ,4.37,4.43,4.32,4.32,51505200.0,223790094.00000003
2022-02-07,000166.SZ,4.37,4.45,4.35,4.42,66988500.0,294414457.5
2022-02-07,000157.SZ,5.66,5.77,5.63,5.74,40879200.0,233011440.0
2022-02-07,000100.SZ,4.78,4.83,4.73,4.81,105872400.0,507658158.0
2022-02-08,000166.SZ,4.41,4.5,4.39,4.5,69602800.0,310080474.0
2022-02-08,000100.SZ,4.81,4.89,4.77,4.89,114621100.0,555912335.0
2022-02-08,000157.SZ,5.86,6.0,5.81,5.95,79018900.0,466606604.5
2022-02-09,000166.SZ,4.49,4.53,4.48,4.49,44352600.0,199143174.0
2022-02-09,000100.SZ,4.89,4.97,4.88,4.94,94669000.0,465298135.0
2022-02-09,000157.SZ,5.94,6.0,5.9,5.97,63266500.0,376752007.5
2022-02-10,000157.SZ,5.96,5.99,5.9,5.95,39903100.0,237622960.5
2022-02-10,000100.SZ,4.94,4.97,4.89,4.95,94299200.0,466309544.0
2022-02-10,000166.SZ,4.5,4.51,4.47,4.49,39037400.0,175473113.0
2022-02-11,000166.SZ,4.49,4.55,4.48,4.5,59992700.0,269667186.5
2022-02-11,000100.SZ,4.92,4.95,4.89,4.89,82741300.0,405846076.49999994
2022-02-11,000157.SZ,5.92,6.05,5.9,6.01,79726400.0,475567976.0
2022-02-14,000166.SZ,4.48,4.48,4.36,4.38,70469300.0,312178999.0
2022-02-14,000157.SZ,5.98,5.98,5.83,5.85,50000000.0,295750000.0
2022-02-14,000100.SZ,4.85,4.87,4.8,4.82,82928400.0,400958814.0
2022-02-15,000100.SZ,4.78,4.85,4.78,4.8,61510100.0,294633379.0
2022-02-15,000157.SZ,5.85,5.92,5.84,5.9,27113500.0,159291812.5
2022-02-15,000166.SZ,4.38,4.41,4.37,4.4,37581800.0,164984102.00000003
2022-02-16,000157.SZ,5.92,6.0,5.91,5.93,36466400.0,216063420.0
2022-02-16,000100.SZ,4.83,4.9,4.82,4.84,58219800.0,281492733.0
2022-02-16,000166.SZ,4.42,4.46,4.37,4.39,41543800.0,183000438.99999997
2022-02-17,000166.SZ,4.38,4.4,4.37,4.37,39435600.0,172530750.0
2022-02-17,000157.SZ,5.93,5.94,5.86,5.89,27337100.0,161562261.0
2022-02-17,000100.SZ,4.84,4.86,4.75,4.76,102310000.0,491088000.0
2022-02-18,000157.SZ,5.83,5.91,5.81,5.91,27709100.0,162652417.0
2022-02-18,000166.SZ,4.37,4.41,4.35,4.39,33912900.0,148538502.0
2022-02-18,000100.SZ,4.73,4.79,4.71,4.79,72104900.0,343219324.0
2022-02-21,000100.SZ,4.77,4.88,4.75,4.87,94497200.0,455476504.0
2022-02-21,000166.SZ,4.4,4.45,4.38,4.44,42698500.0,188727370.0
2022-02-21,000157.SZ,5.9,5.9,5.85,5.88,26413000.0,155572570.00000003
2022-02-22,000166.SZ,4.42,4.43,4.36,4.37,46199800.0,203048120.99999997
2022-02-22,000157.SZ,5.84,5.84,5.71,5.72,46720000.0,270041599.99999994
2022-02-22,000100.SZ,4.83,4.83,4.75,4.78,100380400.0,482327822.0
2022-02-23,000100.SZ,4.77,4.88,4.75,4.86,133513100.0,642865576.4999999
2022-02-23,000166.SZ,4.37,4.39,4.36,4.38,40895200.0,178916500.0
2022-02-23,000157.SZ,5.79,5.84,5.74,5.79,36827000.0,213228330.0
2022-02-24,000100.SZ,4.83,4.85,4.67,4.7,181900900.0,866757788.5000001
2022-02-24,000166.SZ,4.37,4.37,4.22,4.25,87157900.0,375650549.00000006
2022-02-24,000157.SZ,5.77,5.79,5.58,5.64,59970400.0,342131132.0
2022-02-25,000166.SZ,4.27,4.3,4.25,4.27,40369700.0,172378618.99999997
2022-02-25,000157.SZ,5.66,5.7,5.63,5.66,35828600.0,202789876.0
2022-02-25,000100.SZ,4.73,4.78,4.7,4.72,99258600.0,468996884.99999994
2022-02-28,000157.SZ,5.62,5.64,5.54,5.58,47009700.0,263254319.99999997
2022-02-28,000100.SZ,4.7,4.7,4.6,4.65,115749900.0,541130782.5000001
2022-02-28,000166.SZ,4.27,4.28,4.23,4.24,37178700.0,158195368.5
2022-03-01,000166.SZ,4.25,4.28,4.24,4.27,37779200.0,160939392.0
2022-03-01,000157.SZ,5.58,5.63,5.58,5.62,24352200.0,136372320.0
2022-03-01,000100.SZ,4.65,4.68,4.63,4.66,75754000.0,352634870.0
2022-03-02,000100.SZ,4.63,4.64,4.61,4.63,62490500.0,289331015.0
2022-03-02,000157.SZ,5.59,5.64,5.57,5.64,22870300.0,128416734.5
2022-03-02,000166.SZ,4.25,4.33,4.25,4.31,48497100.0,207567587.99999997
2022-03-03,000166.SZ,4.31,4.35,4.3,4.31,43218100.0,186270010.99999997
2022-03-03,000100.SZ,4.64,4.66,4.62,4.63,74148300.0,343677370.5
2022-03-03,000157.SZ,5.66,5.69,5.62,5.67,29988800.0,169886552.0
2022-03-04,000166.SZ,4.3,4.31,4.25,4.26,38337600.0,164084927.99999997
2022-03-04,000100.SZ,4.61,4.62,4.5,4.51,136254100.0,621318696.0000001
2022-03-04,000157.SZ,5.66,5.66,5.58,5.62,27115900.0,152933676.00000003
2022-03-07,000166.SZ,4.26,4.27,4.19,4.2,48261000.0,204144030.00000003
2022-03-07,000157.SZ,5.57,5.59,5.54,5.56,35426600.0,197149028.99999997
2022-03-07,000100.SZ,4.48,4.48,4.32,4.34,154187000.0,679964670.0
2022-03-08,000157.SZ,5.55,5.58,5.32,5.36,57856800.0,315608844.0
2022-03-08,000100.SZ,4.32,4.37,4.17,4.22,174873400.0,746709417.9999999
2022-03-08,000166.SZ,4.2,4.24,4.12,4.12,55515700.0,230945312.0
2022-03-09,000166.SZ,4.12,4.15,3.9,4.01,88849000.0,361171184.99999994
2022-03-09,000157.SZ,5.39,5.41,4.94,5.2,56810000.0,300808950.0
2022-03-09,000100.SZ,4.23,4.29,3.97,4.17,230168500.0,966707700.0
2022-03-10,000100.SZ,4.25,4.32,4.22,4.27,164846000.0,702243960.0
2022-03-10,000157.SZ,5.3,5.35,5.26,5.31,39044300.0,207130011.5
2022-03-10,000166.SZ,4.08,4.1,4.0,4.0,51098900.0,206439556.0
2022-03-11,000100.SZ,4.22,4.29,4.14,4.27,149055800.0,632741870.9999999
2022-03-11,000157.SZ,5.29,5.43,5.18,5.42,42412100.0,227116795.50000003
2022-03-11,000166.SZ,3.96,4.1,3.9,4.09,85583000.0,344471575.00000006
2022-03-14,000100.SZ,4.22,4.34,4.2,4.2,120927000.0,509102670.0
2022-03-14,000166.SZ,4.04,4.12,4.02,4.04,61895400.0,250057416.0
2022-03-14,000157.SZ,5.37,5.46,5.35,5.38,35282300.0,189642362.5
2022-03-15,000100.SZ,4.18,4.18,3.92,3.93,195696300.0,793548496.5
2022-03-15,000166.SZ,4.02,4.07,3.91,3.92,77780800.0,308789776.0
2022-03-15,000157.SZ,5.37,5.37,5.11,5.13,48306100.0,253607025.0
2022-03-16,000100.SZ,3.98,4.08,3.85,4.06,198471300.0,797854625.9999999
2022-03-16,000157.SZ,5.23,5.32,5.05,5.29,51621400.0,271528564.0
2022-03-16,000166.SZ,3.96,4.12,3.9,4.11,114156700.0,460622284.5
2022-03-17,000100.SZ,4.14,4.16,4.05,4.07,158849700.0,652078018.5000001
2022-03-17,000157.SZ,5.35,5.42,5.32,5.34,46074900.0,246270340.5
2022-03-17,000166.SZ,4.12,4.14,4.04,4.05,114649900.0,468344841.5
2022-03-18,000166.SZ,4.03,4.09,4.02,4.06,64328100.0,260207164.5
2022-03-18,000157.SZ,5.3,5.37,5.24,5.33,34917000.0,185583854.99999997
2022-03-18,000100.SZ,4.02,4.11,4.02,4.08,106274200.0,430410510.0
2022-03-21,000166.SZ,4.04,4.06,4.0,4.01,64819700.0,260899292.50000003
2022-03-21,000157.SZ,5.31,5.35,5.24,5.3,31202000.0,165526610.0
2022-03-21,000100.SZ,4.17,4.27,4.14,4.17,239210100.0,997506117.0
2022-03-22,000100.SZ,4.16,4.22,4.12,4.17,115018800.0,479053302.0
2022-03-22,000157.SZ,5.24,5.34,5.24,5.33,31443000.0,166176255.0
2022-03-22,000166.SZ,4.0,4.07,3.99,4.03,57947200.0,232658008.00000003
2022-03-23,000166.SZ,4.02,4.04,4.0,4.02,37662500.0,151403249.99999997
2022-03-23,000157.SZ,5.34,5.36,5.31,5.35,23071100.0,123315029.5
2022-03-23,000100.SZ,4.18,4.2,4.14,4.17,100658600.0,420249655.0
2022-03-24,000100.SZ,4.18,4.18,4.12,4.12,83956500.0,348419475.00000006
2022-03-24,000157.SZ,5.33,5.33,5.26,5.27,23600700.0,125083710.0
2022-03-24,000166.SZ,4.0,4.01,3.96,3.98,48549200.0,193711308.0
2022-03-25,000157.SZ,5.29,5.29,5.2,5.22,22698900.0,119282719.5
2022-03-25,000166.SZ,3.96,4.01,3.95,3.96,45526700.0,180285732.0
2022-03-25,000100.SZ,4.12,4.14,4.07,4.07,84949200.0,347866974.00000006
2022-03-28,000100.SZ,4.04,4.14,3.97,4.14,141393900.0,578301051.0
2022-03-28,000166.SZ,3.94,4.0,3.91,3.99,41385400.0,164093111.0
2022-03-28,000157.SZ,5.2,5.24,5.09,5.2,20895800.0,108658160.0
2022-03-29,000100.SZ,4.11,4.14,4.06,4.07,79749600.0,326175864.0
2022-03-29,000166.SZ,4.0,4.01,3.98,4.0,34500700.0,138002800.0
2022-03-29,000157.SZ,5.2,5.22,5.13,5.17,17925400.0,92943199.00000001
2022-03-30,000166.SZ,4.01,4.11,4.0,4.08,81548100.0,329862064.5
2022-03-30,000157.SZ,5.19,5.33,5.18,5.32,33453100.0,175796040.50000003
2022-03-30,000100.SZ,4.09,4.16,4.07,4.15,114923500.0,473484820.0
2022-03-31,000157.SZ,5.28,5.33,5.24,5.26,30277900.0,159564533.0
2022-03-31,000100.SZ,4.13,4.16,4.11,4.11,79908800.0,329224256.0
2022-03-31,000166.SZ,4.07,4.11,4.05,4.05,61773500.0,250800410.00000003
2022-04-01,000166.SZ,4.04,4.12,4.03,4.11,71959400.0,293234555.0
2022-04-01,000100.SZ,4.07,4.11,4.05,4.09,121990300.0,497720424.0
2022-04-01,000157.SZ,5.23,5.28,5.18,5.27,26538700.0,139328175.0
2022-04-06,000100.SZ,4.07,4.13,4.07,4.12,99026700.0,405514336.50000006
2022-04-06,000166.SZ,4.1,4.16,4.08,4.14,80172100.0,330309051.99999994
2022-04-06,000157.SZ,5.24,5.47,5.21,5.43,55013400.0,293496489.0
2022-04-07,000166.SZ,4.13,4.17,4.04,4.05,71449800.0,292229682.0
2022-04-07,000157.SZ,5.39,5.43,5.31,5.31,43298400.0,231646439.99999997
2022-04-07,000100.SZ,4.12,4.12,4.02,4.02,99066400.0,403200248.0
2022-04-08,000100.SZ,4.04,4.08,3.97,4.08,111491400.0,452655084.00000006
2022-04-08,000157.SZ,5.35,5.73,5.32,5.66,153892300.0,847177111.5
2022-04-08,000166.SZ,4.05,4.11,4.0,4.11,59300000.0,241944000.0
2022-04-11,000157.SZ,5.62,5.62,5.47,5.51,76846900.0,427652998.49999994
2022-04-11,000100.SZ,4.07,4.07,3.94,3.97,109660300.0,440834406.00000006
2022-04-11,000166.SZ,4.1,4.12,4.01,4.03,57935000.0,235505774.99999997
2022-04-12,000166.SZ,4.03,4.15,4.0,4.13,79313800.0,323600304.0
2022-04-12,000100.SZ,3.94,4.06,3.92,4.05,119735800.0,478344521.0
2022-04-12,000157.SZ,5.48,5.58,5.43,5.53,61279800.0,337345299.00000006
2022-04-13,000157.SZ,5.47,5.48,5.35,5.38,49136300.0,266564427.5
2022-04-13,000100.SZ,4.04,4.07,3.98,3.99,94605800.0,379842287.00000006
2022-04-13,000166.SZ,4.12,4.15,4.08,4.09,60824800.0,249685804.00000003
2022-04-14,000100.SZ,4.01,4.05,4.0,4.02,69997400.0,281039561.0
2022-04-14,000157.SZ,5.38,5.5,5.37,5.43,41021700.0,221722288.49999997
2022-04-14,000166.SZ,4.12,4.15,4.1,4.12,64076200.0,263993944.0
2022-04-15,000100.SZ,3.99,4.02,3.97,3.98,71184900.0,283671826.5
2022-04-15,000157.SZ,5.39,5.46,5.27,5.29,45011100.0,240359274.0
2022-04-15,000166.SZ,4.09,4.12,4.05,4.06,56039000.0,228358924.99999997
2022-04-18,000100.SZ,3.97,3.99,3.92,3.98,62532700.0,248567482.5
2022-04-18,000157.SZ,5.24,5.26,5.15,5.2,30618100.0,159826482.00000003
2022-04-18,000166.SZ,4.03,4.03,3.99,4.0,52033400.0,208914101.00000003
2022-04-19,000166.SZ,4.0,4.05,4.0,4.01,38640600.0,154755603.0
2022-04-19,000100.SZ,3.96,3.99,3.92,3.94,84025600.0,331901120.0
2022-04-19,000157.SZ,5.19,5.24,5.17,5.2,24889700.0,129301991.5
2022-04-20,000157.SZ,5.2,5.23,5.11,5.12,32011700.0,165180372.0
2022-04-20,000166.SZ,4.01,4.02,3.97,3.98,42890000.0,171345550.0
2022-04-20,000100.SZ,3.95,3.98,3.9,3.91,83721800.0,329026674.0
2022-04-21,000166.SZ,3.97,4.02,3.94,3.96,66583700.0,264004370.5
2022-04-21,000157.SZ,5.13,5.13,4.97,4.98,37459800.0,189359289.0
2022-04-21,000100.SZ,3.89,3.89,3.71,3.73,189645300.0,722548593.0
2022-04-22,000166.SZ,3.94,4.0,3.93,3.99,47880900.0,189847768.5
2022-04-22,000157.SZ,4.95,5.02,4.89,4.98,25104900.0,124645828.5
2022-04-22,000100.SZ,3.71,3.79,3.61,3.74,132106500.0,492096712.5
2022-04-25,000166.SZ,3.93,4.0,3.84,3.84,99867600.0,387985626.0
2022-04-25,000100.SZ,3.66,3.72,3.46,3.47,187784700.0,669452455.5000001
2022-04-25,000157.SZ,4.87,4.91,4.65,4.65,46912400.0,223303024.0
2022-04-26,000166.SZ,3.85,3.87,3.66,3.67,90011100.0,338441736.0
2022-04-26,000100.SZ,3.5,3.61,3.45,3.48,180126300.0,628640787.0
2022-04-26,000157.SZ,4.68,4.7,4.51,4.53,34977100.0,161069545.50000003
2022-04-27,000166.SZ,3.63,3.75,3.61,3.73,64798600.0,238458847.99999997
2022-04-27,000157.SZ,4.35,4.61,4.32,4.59,65243600.0,291638892.0
2022-04-27,000100.SZ,3.43,3.56,3.37,3.54,167356300.0,583236705.5
2022-04-28,000100.SZ,3.49,3.51,3.39,3.41,158906900.0,548228805.0
2022-04-28,000157.SZ,4.55,4.59,4.36,4.44,51879100.0,233196554.5
2022-04-28,000166.SZ,3.7,3.72,3.62,3.66,57390100.0,211195568.0
2022-04-29,000166.SZ,3.74,3.82,3.71,3.78,79241900.0,297949544.0
2022-04-29,000100.SZ,3.45,3.5,3.4,3.5,163568400.0,568400190.0
2022-04-29,000157.SZ,4.47,4.62,4.41,4.59,55477800.0,251314433.99999997
2022-05-05,000166.SZ,3.75,3.76,3.7,3.73,69144100.0,258598934.0
2022-05-05,000100.SZ,3.49,3.54,3.46,3.5,133127300.0,465279913.5
2022-05-05,000157.SZ,4.59,4.72,4.57,4.69,45738400.0,212226176.00000003
2022-05-06,000166.SZ,3.68,3.68,3.63,3.63,46810000.0,171090550.0
2022-05-06,000100.SZ,3.45,3.46,3.42,3.44,110894100.0,382030174.50000006
2022-05-06,000157.SZ,4.59,4.66,4.58,4.59,26687000.0,122493330.0
2022-05-09,000100.SZ,3.43,3.45,3.4,3.4,95812800.0,327200712.0
2022-05-09,000157.SZ,4.59,4.63,4.54,4.55,20206100.0,92341877.0
2022-05-09,000166.SZ,3.63,3.67,3.63,3.66,29246100.0,106602034.5
2022-05-10,000157.SZ,4.54,4.6,4.44,4.58,35831800.0,163393008.00000003
2022-05-10,000166.SZ,3.63,3.71,3.62,3.69,46540900.0,170339694.0
2022-05-10,000100.SZ,3.36,3.41,3.31,3.39,174679200.0,589542300.0
2022-05-11,000100.SZ,3.4,3.7,3.39,3.61,382836300.0,1341841231.5
2022-05-11,000157.SZ,4.59,4.7,4.56,4.6,45686400.0,209929008.0
2022-05-11,000166.SZ,3.69,3.77,3.67,3.68,65072600.0,239792531.0
2022-05-12,000166.SZ,3.67,3.72,3.65,3.68,41342300.0,151932952.5
2022-05-12,000157.SZ,4.58,4.63,4.54,4.59,29043800.0,133165823.0
2022-05-12,000100.SZ,3.57,3.61,3.52,3.56,158443300.0,564850364.5
2022-05-13,000157.SZ,4.6,4.71,4.6,4.64,42191400.0,194924267.99999997
2022-05-13,000166.SZ,3.68,3.72,3.67,3.7,38743100.0,142962039.00000003
2022-05-13,000100.SZ,3.58,3.59,3.52,3.56,90601600.0,323447712.0
2022-05-16,000166.SZ,3.72,3.74,3.68,3.69,39422800.0,146061474.0
2022-05-16,000100.SZ,3.57,3.58,3.5,3.52,110371600.0,391267322.0
2022-05-16,000157.SZ,4.68,4.73,4.63,4.64,34027600.0,158568616.0
2022-05-17,000157.SZ,4.64,4.64,4.55,4.62,26948400.0,124771092.0
2022-05-17,000166.SZ,3.69,3.71,3.66,3.69,30499700.0,112543893.0
2022-05-17,000100.SZ,3.5,3.55,3.47,3.55,98624000.0,347649600.0
2022-05-18,000100.SZ,3.55,3.56,3.51,3.52,75655100.0,267440778.5
2022-05-18,000166.SZ,3.7,3.73,3.68,3.71,35545200.0,131694966.0
2022-05-18,000157.SZ,4.63,4.63,4.57,4.58,26186700.0,120589753.50000001
2022-05-19,000157.SZ,4.51,4.55,4.49,4.55,29069800.0,131686193.99999999
2022-05-19,000166.SZ,3.68,3.7,3.66,3.7,30461100.0,112401459.00000001
2022-05-19,000100.SZ,3.47,3.59,3.45,3.59,145187100.0,512510463.00000006
2022-05-20,000100.SZ,3.6,3.85,3.59,3.73,326590600.0,1196954549.0
2022-05-20,000166.SZ,3.7,3.75,3.69,3.74,53199700.0,197902884.0
2022-05-20,000157.SZ,4.55,4.67,4.55,4.65,46987200.0,216141119.99999997
2022-05-23,000157.SZ,4.65,4.67,4.62,4.66,29611000.0,137839205.0
2022-05-23,000166.SZ,3.74,3.76,3.71,3.75,44737300.0,167541188.5
2022-05-23,000100.SZ,3.71,3.76,3.66,3.74,170256100.0,634203972.5
2022-05-24,000100.SZ,3.74,3.82,3.63,3.63,158401000.0,583707685.0
2022-05-24,000166.SZ,3.75,3.78,3.67,3.67,56896400.0,211085644.0
2022-05-24,000157.SZ,4.67,4.7,4.5,4.51,42993900.0,197342001.0
2022-05-25,000157.SZ,4.5,4.55,4.5,4.55,23416300.0,105958757.50000001
2022-05-25,000100.SZ,3.65,3.67,3.61,3.64,101442300.0,369757183.5
2022-05-25,000166.SZ,3.67,3.7,3.67,3.7,32415800.0,119452223.0
2022-05-26,000100.SZ,3.66,3.7,3.58,3.68,123471100.0,453138937.0
2022-05-26,000166.SZ,3.7,3.78,3.68,3.75,58458700.0,217758657.5
2022-05-26,000157.SZ,4.57,4.77,4.56,4.71,74159700.0,344101008.00000006
2022-05-27,000100.SZ,3.69,3.74,3.66,3.69,108677000.0,401018130.0
2022-05-27,000166.SZ,3.76,3.77,3.72,3.74,41619700.0,156073875.0
2022-05-27,000157.SZ,4.74,4.75,4.66,4.7,44030400.0,207823488.00000003
2022-05-30,000100.SZ,3.71,3.74,3.68,3.72,105445300.0,391729289.5
2022-05-30,000166.SZ,3.74,3.75,3.71,3.72,33456300.0,124791999.00000001
2022-05-30,000157.SZ,4.72,4.74,4.63,4.66,29354900.0,137674481.0
2022-05-31,000157.SZ,4.67,4.7,4.64,4.7,29847500.0,139835537.5
2022-05-31,000100.SZ,3.73,3.81,3.7,3.8,165569100.0,623367661.5
2022-05-31,000166.SZ,3.72,3.76,3.71,3.75,49213900.0,183813916.50000003
2022-06-01,000100.SZ,3.8,3.82,3.69,3.74,134518100.0,507133237.0
2022-06-01,000157.SZ,4.7,4.71,4.67,4.7,29357400.0,137979780.0
2022-06-01,000166.SZ,3.75,3.75,3.72,3.73,30802900.0,115202846.0
2022-06-02,000157.SZ,4.7,4.79,4.69,4.78,38432800.0,182171472.0
2022-06-02,000166.SZ,3.73,3.75,3.71,3.75,41044300.0,153505682.0
2022-06-02,000100.SZ,3.77,3.77,3.73,3.76,93836000.0,353292539.99999994
2022-06-06,000100.SZ,3.76,3.83,3.71,3.8,161239000.0,609483420.0
2022-06-06,000166.SZ,3.75,3.81,3.73,3.8,70811800.0,267314545.0
2022-06-06,000157.SZ,4.78,4.82,4.76,4.82,41829300.0,200780640.00000003
2022-06-07,000100.SZ,3.78,3.81,3.75,3.77,113578600.0,428759215.0
2022-06-07,000157.SZ,4.82,4.86,4.76,4.79,34889200.0,167642606.0
2022-06-07,000166.SZ,3.8,3.85,3.76,3.77,82498400.0,312256444.0
2022-06-08,000157.SZ,4.79,4.81,4.7,4.77,41594500.0,198821709.99999997
2022-06-08,000100.SZ,3.76,3.77,3.67,3.75,147102200.0,552368761.0
2022-06-08,000166.SZ,3.77,3.84,3.76,3.83,105805800.0,402062040.0
2022-06-09,000157.SZ,4.77,4.79,4.69,4.72,28350700.0,134524071.49999997
2022-06-09,000166.SZ,3.83,3.88,3.79,3.8,139621500.0,532656022.5
2022-06-09,000100.SZ,3.75,3.75,3.64,3.66,119313000.0,442054665.0
2022-06-10,000100.SZ,3.64,3.72,3.62,3.71,155492400.0,571434570.0
2022-06-10,000157.SZ,4.7,4.74,4.67,4.74,34536700.0,163013224.00000003
2022-06-10,000166.SZ,3.77,3.91,3.75,3.87,201975800.0,771547556.0
2022-06-13,000157.SZ,4.68,4.86,4.67,4.78,60473500.0,286039655.0
2022-06-13,000166.SZ,3.83,3.88,3.81,3.85,122534500.0,470532480.0
2022-06-13,000100.SZ,3.68,3.7,3.64,3.66,111779300.0,410230031.0
2022-06-14,000100.SZ,3.64,3.7,3.56,3.7,153786600.0,564396822.0
2022-06-14,000157.SZ,4.74,4.84,4.68,4.83,49940300.0,238964335.5
2022-06-14,000166.SZ,3.81,4.05,3.78,4.03,183807300.0,720524616.0
2022-06-15,000157.SZ,4.86,4.95,4.84,4.87,74250400.0,361228196.0
2022-06-15,000166.SZ,4.05,4.3,4.03,4.12,331913700.0,1355867464.5
2022-06-15,000100.SZ,3.7,4.07,3.69,4.05,664676800.0,2575622600.0
2022-06-16,000157.SZ,4.89,4.91,4.81,4.82,49000300.0,237896456.50000003
2022-06-16,000166.SZ,4.14,4.15,3.99,4.0,172547300.0,702267511.0
2022-06-16,000100.SZ,4.06,4.09,3.87,3.89,508045200.0,2019479669.9999998
2022-06-17,000157.SZ,4.77,4.82,4.74,4.78,42218300.0,201592382.50000003
2022-06-17,000100.SZ,3.84,3.89,3.78,3.87,267184800.0,1029997404.0
2022-06-17,000166.SZ,3.97,4.04,3.91,3.99,106763000.0,424916740.00000006
2022-06-20,000100.SZ,3.87,3.9,3.83,3.87,194054900.0,750992463.0
2022-06-20,000166.SZ,3.97,4.01,3.94,3.95,66752600.0,264340296.0
2022-06-20,000157.SZ,4.78,4.84,4.76,4.84,40344700.0,194058007.00000003
2022-06-21,000157.SZ,4.82,4.85,4.77,4.82,30565400.0,147325228.0
2022-06-21,000166.SZ,3.95,3.99,3.93,3.96,66738700.0,263951558.5
2022-06-21,000100.SZ,3.86,3.92,3.83,3.87,170699700.0,659754340.5
2022-06-22,000166.SZ,3.96,3.97,3.87,3.88,88161100.0,345591512.0
2022-06-22,000100.SZ,3.87,3.88,3.77,3.78,160567400.0,614170305.0
2022-06-22,000157.SZ,4.82,4.82,4.71,4.71,39353300.0,187518474.50000003
2022-06-23,000157.SZ,4.7,4.75,4.69,4.75,29649900.0,140095777.5
2022-06-23,000100.SZ,3.76,3.84,3.75,3.83,124182300.0,471271828.5
2022-06-23,000166.SZ,3.88,4.0,3.86,3.97,91413500.0,358797987.5
2022-06-24,000100.SZ,3.83,3.89,3.81,3.88,168453000.0,649386315.0
2022-06-24,000166.SZ,3.98,3.98,3.93,3.94,63860700.0,252888372.0
2022-06-24,000157.SZ,4.78,4.78,4.7,4.73,39636800.0,188472984.00000003
2022-06-27,000157.SZ,4.71,4.87,4.71,4.82,77671400.0,370104221.00000006
2022-06-27,000100.SZ,3.89,3.96,3.87,3.93,222111300.0,868455183.0
2022-06-27,000166.SZ,3.94,3.97,3.91,3.92,64644100.0,254051312.99999997
2022-06-28,000100.SZ,3.92,4.19,3.87,4.15,460358400.0,1857546144.0
2022-06-28,000157.SZ,4.83,4.88,4.82,4.88,47722400.0,231692252.00000003
2022-06-28,000166.SZ,3.91,4.0,3.89,3.99,67277200.0,265744940.0
2022-06-29,000100.SZ,4.14,4.19,4.02,4.03,290106100.0,1185083418.5
2022-06-29,000157.SZ,4.87,4.94,4.82,4.82,59887100.0,290152999.50000006
2022-06-29,000166.SZ,3.97,4.01,3.93,3.94,78479800.0,310387609.0
2022-06-30,000166.SZ,3.94,4.0,3.93,3.97,54786900.0,216682189.5
2022-06-30,000100.SZ,4.05,4.22,4.04,4.15,290710700.0,1191913870.0
2022-06-30,000157.SZ,4.83,4.9,4.82,4.88,43283000.0,210138965.00000003
2022-07-01,000166.SZ,3.97,3.98,3.91,3.92,50813600.0,200459652.0
2022-07-01,000100.SZ,4.15,4.23,4.09,4.16,214473200.0,891136146.0
2022-07-01,000157.SZ,4.9,5.31,4.9,5.12,166532900.0,834329829.0
2022-07-04,000100.SZ,4.11,4.14,4.04,4.09,172364500.0,706694449.9999999
2022-07-04,000157.SZ,5.16,5.18,5.07,5.11,87148900.0,447509601.5
2022-07-04,000166.SZ,3.91,3.94,3.88,3.92,52715600.0,206381574.0
2022-07-05,000157.SZ,5.08,5.11,4.94,5.02,73535300.0,371353265.0
2022-07-05,000100.SZ,4.08,4.09,4.02,4.06,141684400.0,576655508.0
2022-07-05,000166.SZ,3.91,3.93,3.86,3.88,53009800.0,206473171.0
2022-07-06,000166.SZ,3.88,3.88,3.85,3.86,43930000.0,170009100.0
2022-07-06,000157.SZ,4.99,5.0,4.92,4.97,47222600.0,235168548.00000003
2022-07-06,000100.SZ,4.03,4.09,3.96,3.98,149164300.0,597403021.5
2022-07-07,000166.SZ,3.86,3.88,3.85,3.85,31133700.0,120020413.5
2022-07-07,000157.SZ,4.95,5.01,4.95,5.0,46420100.0,230939997.49999997
2022-07-07,000100.SZ,4.15,4.36,4.13,4.16,445188900.0,1849759879.5
2022-07-08,000100.SZ,4.17,4.24,4.11,4.11,224291900.0,928568466.0000001
2022-07-08,000166.SZ,3.87,3.88,3.85,3.86,32223500.0,124543827.5
2022-07-08,000157.SZ,5.02,5.07,5.0,5.02,48518000.0,243560359.99999997
2022-07-11,000166.SZ,3.85,3.87,3.82,3.83,35165000.0,135033600.0
2022-07-11,000100.SZ,4.11,4.13,4.01,4.02,160465200.0,652291037.9999999
2022-07-11,000157.SZ,5.02,5.03,4.94,4.97,33324900.0,166457875.49999997
2022-07-12,000166.SZ,3.84,3.9,3.83,3.86,44653900.0,171917514.99999997
2022-07-12,000157.SZ,4.96,4.99,4.91,4.92,30991000.0,153095539.99999997
2022-07-12,000100.SZ,4.02,4.09,4.01,4.02,118100200.0,474762803.99999994
2022-07-13,000166.SZ,3.85,3.88,3.85,3.86,33726200.0,130014501.0
2022-07-13,000157.SZ,4.96,5.05,4.91,4.99,36712100.0,182642697.5
2022-07-13,000100.SZ,4.02,4.02,3.95,3.99,110292000.0,441719460.0
2022-07-14,000157.SZ,4.96,4.96,4.92,4.93,26455500.0,130822447.50000001
2022-07-14,000100.SZ,3.99,4.05,3.94,4.01,132309600.0,529238400.0
2022-07-14,000166.SZ,3.86,3.87,3.83,3.86,26531900.0,102413134.0
2022-07-15,000166.SZ,3.85,3.86,3.73,3.74,56940600.0,216089577.0
2022-07-15,000100.SZ,3.89,3.9,3.72,3.73,328394600.0,1251183426.0
2022-07-15,000157.SZ,4.89,4.89,4.74,4.75,59830900.0,288384938.0
2022-07-18,000157.SZ,4.75,4.86,4.72,4.84,29600600.0,141934877.0
2022-07-18,000100.SZ,3.71,3.78,3.69,3.78,120432300.0,451018963.5
2022-07-18,000166.SZ,3.74,3.82,3.74,3.79,39540200.0,148868853.0
2022-07-19,000157.SZ,4.83,4.86,4.79,4.85,21058600.0,101923624.0
2022-07-19,000100.SZ,3.77,3.81,3.76,3.79,103378400.0,390770352.0
2022-07-19,000166.SZ,3.8,3.84,3.77,3.82,38605800.0,147088097.99999997
2022-07-20,000157.SZ,4.88,5.06,4.86,5.05,70395100.0,349511671.5
2022-07-20,000100.SZ,3.79,3.83,3.77,3.8,96255200.0,365288484.0
2022-07-20,000166.SZ,3.83,3.85,3.82,3.84,25658700.0,98401114.5
2022-07-21,000166.SZ,3.83,3.88,3.82,3.83,37274100.0,142759803.0
2022-07-21,000100.SZ,3.78,3.8,3.75,3.75,126476500.0,476184022.49999994
2022-07-21,000157.SZ,5.27,5.38,5.16,5.16,135912100.0,708781601.5
2022-07-22,000157.SZ,5.15,5.23,5.11,5.18,69435200.0,358632808.0
2022-07-22,000166.SZ,3.84,3.88,3.82,3.84,34394000.0,132072960.0
2022-07-22,000100.SZ,3.75,3.8,3.73,3.77,104149000.0,391600240.0
2022-07-25,000157.SZ,5.21,5.31,5.21,5.24,59052000.0,308546700.0
2022-07-25,000166.SZ,3.85,3.86,3.81,3.81,19903400.0,76230022.0
2022-07-25,000100.SZ,3.76,3.76,3.69,3.7,83229600.0,310446408.0
2022-07-26,000100.SZ,3.7,3.71,3.65,3.7,73361000.0,271435700.0
2022-07-26,000157.SZ,5.26,5.27,5.2,5.22,37919500.0,198698180.0
2022-07-26,000166.SZ,3.82,3.86,3.81,3.84,21888700.0,83833721.0
2022-07-27,000157.SZ,5.21,5.21,5.16,5.18,29699700.0,154289941.5
2022-07-27,000166.SZ,3.84,3.85,3.8,3.82,26264400.0,100592652.0
2022-07-27,000100.SZ,3.7,3.71,3.68,3.7,47961300.0,177456810.0
2022-07-28,000100.SZ,3.72,3.93,3.71,3.83,265148400.0,1000935210.0000001
2022-07-28,000157.SZ,5.19,5.24,5.18,5.2,30327800.0,157552921.0
2022-07-28,000166.SZ,3.83,3.88,3.83,3.85,38380400.0,147380736.0
2022-07-29,000166.SZ,3.86,3.87,3.81,3.82,36610300.0,140583552.0
2022-07-29,000157.SZ,5.18,5.22,5.11,5.12,45131100.0,232425165.00000003
2022-07-29,000100.SZ,3.82,3.85,3.81,3.84,102173800.0,391325654.0
2022-08-01,000166.SZ,3.81,3.83,3.77,3.79,31475800.0,119608040.0
2022-08-01,000100.SZ,3.83,3.88,3.79,3.86,88741100.0,341209529.5
2022-08-01,000157.SZ,5.12,5.18,5.09,5.16,25456100.0,130844354.00000001
2022-08-02,000166.SZ,3.77,3.77,3.66,3.72,74023400.0,277217633.0
2022-08-02,000157.SZ,5.12,5.13,5.01,5.06,52374900.0,266588241.0
2022-08-02,000100.SZ,3.83,3.83,3.7,3.77,173932400.0,660943120.0
2022-08-03,000157.SZ,5.06,5.11,4.92,4.95,34954600.0,174947773.0
2022-08-03,000166.SZ,3.71,3.75,3.71,3.72,35652400.0,132448666.0
2022-08-03,000100.SZ,3.77,3.88,3.72,3.73,116863400.0,438237750.0
2022-08-04,000100.SZ,3.76,3.79,3.7,3.75,80027200.0,300502136.0
2022-08-04,000157.SZ,4.96,5.0,4.92,4.98,22335900.0,111009423.00000001
2022-08-04,000166.SZ,3.73,3.75,3.71,3.74,28618600.0,106890471.00000001
2022-08-05,000157.SZ,4.98,5.05,4.96,5.05,21090400.0,105768356.00000001
2022-08-05,000100.SZ,3.75,3.88,3.73,3.86,145918600.0,555220273.0
2022-08-05,000166.SZ,3.77,3.82,3.76,3.81,48757000.0,184789030.0
2022-08-08,000100.SZ,3.86,3.9,3.82,3.83,81160600.0,312062507.0
2022-08-08,000157.SZ,5.05,5.07,5.01,5.04,15044200.0,75897989.0
2022-08-08,000166.SZ,3.82,3.87,3.8,3.86,35001600.0,134406144.0
2022-08-09,000166.SZ,3.86,3.86,3.83,3.83,27235400.0,104720113.0
2022-08-09,000157.SZ,5.04,5.04,4.98,4.99,20157700.0,101090865.50000001
2022-08-09,000100.SZ,3.82,3.84,3.8,3.83,72168800.0,276045660.0
2022-08-10,000100.SZ,3.83,3.83,3.79,3.8,60862500.0,232190437.5
2022-08-10,000157.SZ,4.99,5.01,4.97,4.98,15737100.0,78449443.5
2022-08-10,000166.SZ,3.83,3.89,3.81,3.83,31998600.0,122554638.0
2022-08-11,000100.SZ,3.82,3.89,3.81,3.89,169262800.0,652508094.0
2022-08-11,000166.SZ,3.86,3.98,3.85,3.96,111013000.0,434060830.0
2022-08-11,000157.SZ,4.99,5.11,4.99,5.11,30292100.0,152975105.00000003
2022-08-12,000100.SZ,3.89,3.93,3.85,3.86,107239900.0,415554612.5
2022-08-12,000157.SZ,5.1,5.15,5.08,5.14,23283000.0,119208959.99999999
2022-08-12,000166.SZ,3.94,3.99,3.93,3.97,79669000.0,315090895.0
2022-08-15,000100.SZ,3.85,3.92,3.83,3.9,139669100.0,541217762.5
2022-08-15,000166.SZ,3.96,3.98,3.94,3.95,43337600.0,171400208.0
2022-08-15,000157.SZ,5.12,5.16,5.1,5.13,21243800.0,108874475.0
2022-08-16,000100.SZ,3.9,3.91,3.86,3.87,92021700.0,357504304.5
2022-08-16,000166.SZ,3.96,3.99,3.95,3.96,35122900.0,139086684.0
2022-08-16,000157.SZ,5.13,5.16,5.12,5.13,19080100.0,97880913.0
2022-08-17,000166.SZ,3.97,4.03,3.95,4.02,64232900.0,256610435.5
2022-08-17,000157.SZ,5.14,5.16,5.06,5.12,18582200.0,95326686.0
2022-08-17,000100.SZ,3.86,4.02,3.86,3.99,232763100.0,913595167.5
2022-08-18,000166.SZ,4.01,4.01,3.95,3.96,38901600.0,155022876.0
2022-08-18,000100.SZ,3.97,3.99,3.93,3.96,130664700.0,518085535.5
2022-08-18,000157.SZ,5.11,5.11,5.03,5.06,23420300.0,119092225.5
2022-08-19,000166.SZ,3.96,4.0,3.95,3.97,40510200.0,160622943.0
2022-08-19,000100.SZ,3.96,4.04,3.92,3.92,138752400.0,546684456.0
2022-08-19,000157.SZ,5.05,5.08,5.01,5.02,24836800.0,125053288.0
2022-08-22,000166.SZ,3.95,3.99,3.95,3.95,36939300.0,145910235.0
2022-08-22,000100.SZ,3.9,3.99,3.86,3.96,120919000.0,475211669.99999994
2022-08-22,000157.SZ,5.01,5.03,4.98,5.03,24605100.0,123517601.99999999
2022-08-23,000166.SZ,3.95,4.02,3.95,3.96,49381900.0,195305414.5
2022-08-23,000157.SZ,5.01,5.01,4.98,4.99,23039900.0,115199500.0
2022-08-23,000100.SZ,3.95,4.02,3.92,3.95,119770100.0,473091895.0
2022-08-24,000100.SZ,3.95,3.95,3.81,3.81,154995500.0,601382540.0
2022-08-24,000166.SZ,3.96,4.03,3.92,3.93,63110600.0,248971317.00000003
2022-08-24,000157.SZ,5.01,5.01,4.89,4.91,28700100.0,142352496.0
2022-08-25,000157.SZ,4.91,4.93,4.84,4.9,20621200.0,101146986.0
2022-08-25,000166.SZ,3.95,4.0,3.92,3.98,53036300.0,210288929.5
2022-08-25,000100.SZ,3.82,3.83,3.73,3.77,103750000.0,393731250.0
2022-08-26,000100.SZ,3.79,3.8,3.73,3.73,88457900.0,332601704.0
2022-08-26,000157.SZ,4.9,4.91,4.87,4.87,14738400.0,71997084.0
2022-08-26,000166.SZ,3.99,4.0,3.95,3.95,37683100.0,149601907.0
2022-08-29,000100.SZ,3.68,3.69,3.62,3.67,135420000.0,497668500.0
2022-08-29,000157.SZ,4.81,4.88,4.79,4.86,15350500.0,74219667.5
2022-08-29,000166.SZ,3.93,3.95,3.92,3.93,37884500.0,148886085.0
2022-08-30,000100.SZ,3.64,3.67,3.62,3.64,84499600.0,307578544.0
2022-08-30,000166.SZ,3.93,3.96,3.9,3.94,42174200.0,165955477.0
2022-08-30,000157.SZ,4.87,4.92,4.86,4.87,13016300.0,63389381.0
2022-08-31,000157.SZ,4.87,4.88,4.81,4.81,21634300.0,104710012.0
2022-08-31,000100.SZ,3.63,3.65,3.54,3.59,143125200.0,516681972.0
2022-08-31,000166.SZ,3.94,3.98,3.92,3.96,76696800.0,302952360.0
2022-09-01,000100.SZ,3.59,3.61,3.52,3.53,100879300.0,359130307.99999994
2022-09-01,000166.SZ,3.96,4.0,3.94,3.98,61429300.0,243874320.99999997
2022-09-01,000157.SZ,4.81,4.9,4.81,4.86,18297600.0,88468896.0
2022-09-02,000100.SZ,3.53,3.56,3.52,3.55,71373500.0,252662190.0
2022-09-02,000157.SZ,4.86,4.88,4.85,4.86,13585900.0,66027474.00000001
2022-09-02,000166.SZ,3.98,4.0,3.93,3.95,48718700.0,193169645.5
2022-09-05,000100.SZ,3.55,3.55,3.49,3.53,69366000.0,245555640.0
2022-09-05,000166.SZ,3.94,4.03,3.93,4.02,57443100.0,228623537.99999997
2022-09-05,000157.SZ,4.86,4.87,4.83,4.86,16407700.0,79741422.0
2022-09-06,000100.SZ,3.52,3.61,3.52,3.6,76188600.0,271231416.0
2022-09-06,000157.SZ,4.86,4.94,4.86,4.91,15476300.0,75601725.5
2022-09-06,000166.SZ,4.03,4.05,4.01,4.04,64595800.0,260644053.0
2022-09-07,000166.SZ,4.03,4.03,4.0,4.02,37896800.0,152534620.0
2022-09-07,000100.SZ,3.58,3.59,3.56,3.57,61624800.0,220308660.0
2022-09-07,000157.SZ,4.91,4.91,4.88,4.89,10930200.0,53557980.00000001
2022-09-08,000100.SZ,3.58,3.59,3.56,3.57,56217900.0,200978992.5
2022-09-08,000166.SZ,4.02,4.03,3.99,4.01,34292100.0,137682781.5
2022-09-08,000157.SZ,4.89,4.91,4.87,4.91,12976200.0,63583380.00000001
2022-09-09,000166.SZ,4.01,4.08,4.0,4.05,63218800.0,254771763.99999997
2022-09-09,000157.SZ,4.9,5.03,4.9,5.01,38221300.0,189386541.5
2022-09-09,000100.SZ,3.57,3.6,3.56,3.6,83083700.0,297855064.5
2022-09-13,000100.SZ,3.6,3.62,3.58,3.59,67663000.0,243248484.99999997
2022-09-13,000166.SZ,4.06,4.07,4.02,4.03,49419400.0,199901473.0
2022-09-13,000157.SZ,5.01,5.06,4.99,5.01,17504100.0,87695541.0
2022-09-14,000157.SZ,4.96,5.03,4.94,4.98,18213100.0,90519107.00000001
2022-09-14,000166.SZ,3.98,4.0,3.96,3.98,49280000.0,196134400.0
2022-09-14,000100.SZ,3.55,3.57,3.53,3.55,68873900.0,244502345.0
2022-09-15,000157.SZ,5.01,5.02,4.92,4.96,23967400.0,119477488.99999999
2022-09-15,000100.SZ,3.55,3.59,3.51,3.53,77578400.0,274627536.0
2022-09-15,000166.SZ,3.98,4.01,3.94,3.96,54440100.0,216127197.0
2022-09-16,000100.SZ,3.52,3.53,3.43,3.43,100827500.0,350375562.5
2022-09-16,000157.SZ,4.96,4.98,4.81,4.82,27247300.0,133239297.00000001
2022-09-16,000166.SZ,3.95,3.95,3.79,3.8,100255700.0,388490837.5
2022-09-19,000166.SZ,3.82,3.84,3.78,3.79,40158800.0,152804234.0
2022-09-19,000100.SZ,3.41,3.42,3.32,3.34,91813200.0,309869550.0
2022-09-19,000157.SZ,4.82,4.88,4.78,4.85,21926000.0,106012210.0
2022-09-20,000100.SZ,3.36,3.38,3.32,3.33,52098700.0,174270151.5
2022-09-20,000157.SZ,4.85,4.89,4.83,4.83,10483300.0,50739172.0
2022-09-20,000166.SZ,3.8,3.84,3.79,3.8,29744200.0,113027960.0
2022-09-21,000166.SZ,3.79,3.82,3.76,3.79,43033200.0,163095828.0
2022-09-21,000157.SZ,4.83,4.91,4.81,4.88,18997400.0,92232377.00000001
2022-09-21,000100.SZ,3.33,3.37,3.25,3.35,77614200.0,259231428.0
2022-09-22,000100.SZ,3.32,3.34,3.29,3.3,52039500.0,172250744.99999997
2022-09-22,000157.SZ,4.87,4.91,4.85,4.88,16716300.0,81491962.5
2022-09-22,000166.SZ,3.77,3.81,3.77,3.8,28426100.0,107592788.5
2022-09-23,000166.SZ,3.79,3.84,3.78,3.81,39882900.0,151555020.0
2022-09-23,000100.SZ,3.29,3.32,3.25,3.26,66611000.0,218151025.0
2022-09-23,000157.SZ,4.86,4.93,4.85,4.86,14564900.0,70785414.0
2022-09-26,000100.SZ,3.23,3.25,3.16,3.16,77901200.0,248894334.00000003
2022-09-26,000157.SZ,4.86,4.86,4.72,4.74,21472900.0,103069920.00000001
2022-09-26,000166.SZ,3.79,3.81,3.72,3.72,45757000.0,171817535.0
2022-09-27,000166.SZ,3.73,3.76,3.71,3.75,29010900.0,108500766.0
2022-09-27,000157.SZ,4.74,4.81,4.72,4.81,13115200.0,62625080.00000001
2022-09-27,000100.SZ,3.16,3.25,3.14,3.25,74802500.0,239742012.5
2022-09-28,000157.SZ,4.81,4.81,4.66,4.66,18136200.0,85874906.99999999
2022-09-28,000100.SZ,3.24,3.24,3.18,3.19,53681000.0,172584415.0
2022-09-28,000166.SZ,3.75,3.75,3.7,3.71,30188900.0,112604597.0
2022-09-29,000166.SZ,3.74,3.75,3.61,3.65,53305900.0,196965300.50000003
2022-09-29,000100.SZ,3.21,3.25,3.11,3.12,82936900.0,262495288.5
2022-09-29,000157.SZ,4.7,4.72,4.59,4.62,16000200.0,74560932.0
2022-09-30,000157.SZ,4.61,4.67,4.6,4.62,13463400.0,62133591.0
2022-09-30,000100.SZ,3.14,3.19,3.12,3.14,63942400.0,200779136.0
2022-09-30,000166.SZ,3.64,3.68,3.63,3.66,33277700.0,121463605.00000001
2022-10-10,000100.SZ,3.18,3.18,3.12,3.17,82404700.0,261634922.5
2022-10-10,000166.SZ,3.66,3.69,3.62,3.62,35164400.0,127998416.0
2022-10-10,000157.SZ,4.62,4.71,4.61,4.62,12734100.0,58831542.0
2022-10-11,000100.SZ,3.14,3.24,3.12,3.21,83645300.0,265573827.5
2022-10-11,000157.SZ,4.63,4.66,4.61,4.65,11043500.0,51241840.00000001
2022-10-11,000166.SZ,3.63,3.71,3.62,3.68,33990700.0,124236008.50000001
2022-10-12,000166.SZ,3.66,3.75,3.66,3.74,43080400.0,159397480.0
2022-10-12,000100.SZ,3.21,3.53,3.19,3.48,350449900.0,1172254915.5
2022-10-12,000157.SZ,4.66,4.86,4.64,4.86,31499500.0,149937620.0
2022-10-13,000157.SZ,4.86,4.93,4.82,4.9,22483700.0,109720456.00000001
2022-10-13,000100.SZ,3.43,3.45,3.39,3.4,181742300.0,620649954.5
2022-10-13,000166.SZ,3.73,3.76,3.71,3.76,33746100.0,126379144.5
2022-10-14,000100.SZ,3.42,3.58,3.42,3.55,277879300.0,968409360.5
2022-10-14,000166.SZ,3.76,3.79,3.76,3.76,37758500.0,141971960.0
2022-10-14,000157.SZ,4.91,4.95,4.89,4.9,19516000.0,95725980.0
2022-10-17,000166.SZ,3.75,3.77,3.73,3.76,30925000.0,116123375.0
2022-10-17,000157.SZ,4.91,4.91,4.86,4.86,23153700.0,113105824.5
2022-10-17,000100.SZ,3.53,3.83,3.52,3.77,377469700.0,1377764405.0
2022-10-18,000166.SZ,3.77,3.78,3.74,3.75,31214600.0,117366896.0
2022-10-18,000100.SZ,3.85,3.86,3.65,3.74,263498600.0,999977187.0
2022-10-18,000157.SZ,4.89,4.9,4.79,4.8,24468100.0,118547944.5
2022-10-19,000157.SZ,4.79,4.81,4.72,4.72,16757600.0,79682388.0
2022-10-19,000166.SZ,3.74,3.76,3.71,3.72,22275300.0,83086869.00000001
2022-10-19,000100.SZ,3.7,3.77,3.66,3.68,158562400.0,585095256.0000001
2022-10-20,000157.SZ,4.73,4.76,4.69,4.7,15274000.0,72016910.0
2022-10-20,000100.SZ,3.64,3.74,3.6,3.7,152416800.0,559369656.0
2022-10-20,000166.SZ,3.71,3.77,3.7,3.75,30474500.0,113669885.0
2022-10-21,000100.SZ,3.7,3.76,3.64,3.66,145896500.0,536899120.0
2022-10-21,000157.SZ,4.7,4.76,4.66,4.67,16417000.0,76913645.00000001
2022-10-21,000166.SZ,3.83,3.85,3.75,3.76,46183500.0,175266382.5
2022-10-24,000157.SZ,4.67,4.72,4.56,4.59,29311300.0,135711319.0
2022-10-24,000100.SZ,3.68,3.72,3.59,3.61,124049700.0,452161156.5
2022-10-24,000166.SZ,3.76,3.82,3.69,3.71,51874000.0,193749390.0
2022-10-25,000157.SZ,4.61,4.66,4.51,4.62,17605200.0,81247998.0
2022-10-25,000100.SZ,3.56,3.61,3.5,3.56,150535000.0,535904600.0
2022-10-25,000166.SZ,3.71,3.76,3.66,3.73,40081200.0,149102064.0
2022-10-26,000166.SZ,3.73,3.78,3.72,3.74,40276400.0,150432354.0
2022-10-26,000100.SZ,3.56,3.7,3.54,3.69,179334400.0,650087200.0
2022-10-26,000157.SZ,4.63,4.71,4.63,4.66,15955000.0,74110975.0
2022-10-27,000100.SZ,3.7,3.75,3.64,3.64,108383400.0,397767078.0
2022-10-27,000166.SZ,3.74,3.76,3.72,3.74,32157600.0,120269424.0
2022-10-27,000157.SZ,4.69,4.71,4.66,4.66,13007600.0,60810530.00000001
2022-10-28,000157.SZ,4.66,4.68,4.55,4.58,16120600.0,74477172.0
2022-10-28,000100.SZ,3.64,3.66,3.52,3.54,112863900.0,405181401.0
2022-10-28,000166.SZ,3.73,3.75,3.67,3.68,48432300.0,179441671.5
2022-10-31,000100.SZ,3.5,3.57,3.35,3.38,209635200.0,721145088.0
2022-10-31,000166.SZ,3.69,3.74,3.67,3.69,40540200.0,149593338.0
2022-10-31,000157.SZ,4.56,4.56,4.43,4.46,22771400.0,102699014.0
2022-11-01,000166.SZ,3.7,3.78,3.69,3.77,48841600.0,182423376.00000003
2022-11-01,000100.SZ,3.43,3.57,3.41,3.57,172375700.0,603314950.0
2022-11-01,000157.SZ,4.47,4.59,4.46,4.59,31574600.0,143032937.99999997
2022-11-02,000166.SZ,3.77,3.8,3.76,3.78,38359100.0,144805602.5
2022-11-02,000100.SZ,3.59,3.64,3.53,3.55,143233400.0,511343238.0
2022-11-02,000157.SZ,4.57,4.62,4.53,4.6,25590800.0,117333818.0
2022-11-03,000157.SZ,4.59,4.6,4.55,4.58,16237400.0,74448479.0
2022-11-03,000100.SZ,3.51,3.53,3.44,3.48,133255000.0,465726225.0
2022-11-03,000166.SZ,3.76,3.77,3.75,3.76,24315700.0,91427032.0
2022-11-04,000100.SZ,3.47,3.61,3.47,3.6,183328200.0,648065187.0
2022-11-04,000166.SZ,3.76,3.84,3.76,3.82,57786900.0,219012351.0
2022-11-04,000157.SZ,4.58,4.67,4.57,4.66,26661500.0,123176130.0
2022-11-07,000166.SZ,3.81,3.87,3.79,3.84,48138800.0,184130910.0
2022-11-07,000100.SZ,3.6,3.69,3.58,3.59,149145500.0,536178072.49999994
2022-11-07,000157.SZ,4.66,4.69,4.63,4.67,20474200.0,95512143.0
2022-11-08,000157.SZ,4.68,4.69,4.63,4.66,14813200.0,69177644.0
2022-11-08,000166.SZ,3.83,3.85,3.79,3.81,30893700.0,118013934.00000001
2022-11-08,000100.SZ,3.61,3.69,3.51,3.57,188310400.0,676034336.0
2022-11-09,000157.SZ,4.66,4.67,4.64,4.65,11784300.0,54855916.5
2022-11-09,000166.SZ,3.81,3.82,3.78,3.79,23804700.0,90457860.0
2022-11-09,000100.SZ,3.62,3.67,3.57,3.62,142946700.0,517467054.0
2022-11-10,000166.SZ,3.78,3.82,3.76,3.8,27712200.0,105029238.0
2022-11-10,000100.SZ,3.59,3.6,3.51,3.53,140591000.0,500503959.99999994
2022-11-10,000157.SZ,4.64,4.65,4.58,4.62,19334700.0,89519661.0
2022-11-11,000100.SZ,3.62,3.68,3.57,3.64,243491200.0,883873056.0
2022-11-11,000166.SZ,3.86,3.9,3.82,3.86,76063700.0,293605882.0
2022-11-11,000157.SZ,4.7,4.81,4.66,4.76,49813800.0,235619274.00000003
2022-11-14,000100.SZ,3.66,3.72,3.62,3.64,167639000.0,611882350.0
2022-11-14,000166.SZ,3.87,3.93,3.86,3.87,74296900.0,287529003.0
2022-11-14,000157.SZ,4.76,4.88,4.76,4.81,67043000.0,320800755.0
2022-11-15,000166.SZ,3.86,4.0,3.84,3.96,122262000.0,478044420.0
2022-11-15,000100.SZ,3.64,3.88,3.61,3.85,481979000.0,1805011355.0
2022-11-15,000157.SZ,4.79,4.86,4.77,4.84,28119200.0,135393948.0
2022-11-16,000157.SZ,4.86,4.87,4.78,4.8,19481700.0,94096611.0
2022-11-16,000166.SZ,3.95,3.95,3.91,3.91,56698000.0,222823140.0
2022-11-16,000100.SZ,3.85,3.94,3.83,3.9,416964900.0,1615738987.5
2022-11-17,000100.SZ,3.89,3.92,3.77,3.8,320373200.0,1231834954.0
2022-11-17,000157.SZ,4.8,4.81,4.74,4.78,18793500.0,90020865.0
2022-11-17,000166.SZ,3.9,3.93,3.88,3.93,49635300.0,194322199.5
2022-11-18,000100.SZ,3.81,3.84,3.72,3.76,261461600.0,989632156.0
2022-11-18,000166.SZ,3.93,3.93,3.87,3.87,43200400.0,168481560.00000003
2022-11-18,000157.SZ,4.79,4.8,4.72,4.73,18688200.0,88955832.0
2022-11-21,000157.SZ,4.73,4.73,4.67,4.69,18866200.0,88859802.00000001
2022-11-21,000100.SZ,3.74,3.76,3.64,3.7,170767300.0,635254356.0
2022-11-21,000166.SZ,3.86,3.88,3.83,3.85,34595300.0,133364881.5
2022-11-22,000166.SZ,3.84,3.9,3.83,3.87,44603700.0,171947263.5
2022-11-22,000157.SZ,4.7,4.78,4.67,4.72,26038200.0,122639922.0
2022-11-22,000100.SZ,3.72,3.79,3.7,3.71,211122700.0,784320830.5
2022-11-23,000100.SZ,3.71,3.72,3.64,3.66,150591300.0,554928940.5
2022-11-23,000166.SZ,3.86,3.91,3.86,3.89,40813700.0,158153087.5
2022-11-23,000157.SZ,4.72,4.82,4.7,4.77,27809900.0,131957975.49999999
2022-11-24,000100.SZ,3.68,3.7,3.6,3.61,134912100.0,491754604.5
2022-11-24,000157.SZ,4.78,4.82,4.76,4.8,18075300.0,86580687.0
2022-11-24,000166.SZ,3.89,3.91,3.85,3.86,35498500.0,137556687.5
2022-11-25,000166.SZ,3.84,3.91,3.84,3.89,45772200.0,176909553.0
2022-11-25,000100.SZ,3.6,3.64,3.57,3.6,127780100.0,460008360.0
2022-11-25,000157.SZ,4.78,4.86,4.76,4.83,30836300.0,148168421.5
2022-11-28,000100.SZ,3.55,3.56,3.46,3.51,201631300.0,711758489.0
2022-11-28,000157.SZ,4.8,4.81,4.71,4.75,20975500.0,100158012.50000001
2022-11-28,000166.SZ,3.85,3.86,3.8,3.84,45025600.0,173123432.0
2022-11-29,000100.SZ,3.51,3.59,3.51,3.56,202798900.0,716894111.5
2022-11-29,000166.SZ,3.84,3.96,3.84,3.94,85778600.0,333678754.0
2022-11-29,000157.SZ,4.78,4.93,4.77,4.93,54894200.0,266511341.00000003
2022-11-30,000166.SZ,3.94,3.96,3.92,3.92,55502200.0,218123645.99999997
2022-11-30,000100.SZ,3.55,3.56,3.47,3.48,320925900.0,1128054538.5
2022-11-30,000157.SZ,4.91,4.93,4.85,4.87,29229100.0,142930299.00000003
2022-12-01,000157.SZ,4.91,4.92,4.84,4.85,26832200.0,130941136.0
2022-12-01,000100.SZ,3.51,3.54,3.48,3.5,227804300.0,798454071.5
2022-12-01,000166.SZ,3.95,4.0,3.91,3.92,89781400.0,353289809.0
2022-12-02,000100.SZ,3.49,3.5,3.41,3.43,289194100.0,1000611586.0
2022-12-02,000166.SZ,3.92,3.94,3.9,3.91,46681400.0,182757681.0
2022-12-02,000157.SZ,4.84,4.86,4.81,4.83,21186300.0,102435760.5
2022-12-05,000157.SZ,4.84,4.99,4.84,4.97,47159600.0,231317837.99999997
2022-12-05,000166.SZ,3.94,4.0,3.93,3.99,92544500.0,366938942.5
2022-12-05,000100.SZ,3.44,3.5,3.44,3.5,250537700.0,869365818.9999999
2022-12-06,000157.SZ,4.97,4.98,4.91,4.95,22489300.0,111546928.0
2022-12-06,000166.SZ,3.98,4.01,3.96,3.97,57925400.0,230253465.0
2022-12-06,000100.SZ,3.48,3.5,3.46,3.5,155138200.0,541432318.0
2022-12-07,000157.SZ,4.92,4.96,4.88,4.91,25377200.0,124728938.0
2022-12-07,000166.SZ,3.97,3.99,3.93,3.95,57986000.0,229624560.0
2022-12-07,000100.SZ,3.49,3.49,3.44,3.44,184016600.0,637617519.0
2022-12-08,000100.SZ,3.44,3.45,3.41,3.42,134078500.0,459889254.99999994
2022-12-08,000166.SZ,3.95,3.96,3.93,3.94,36712300.0,144830023.5
2022-12-08,000157.SZ,4.94,4.95,4.89,4.91,20636000.0,101632300.00000001
2022-12-09,000157.SZ,4.91,5.02,4.88,4.98,55697700.0,275425126.5
2022-12-09,000166.SZ,3.95,3.96,3.91,3.96,63393500.0,250721292.5
2022-12-09,000100.SZ,3.42,3.44,3.41,3.44,109475600.0,375501307.99999994
2022-12-12,000166.SZ,3.95,3.95,3.87,3.88,60185900.0,235627798.5
2022-12-12,000100.SZ,3.44,3.44,3.39,3.41,110288400.0,377737770.0
2022-12-12,000157.SZ,4.96,4.97,4.85,4.86,35432900.0,173975539.0
2022-12-13,000166.SZ,3.88,3.91,3.87,3.89,31874500.0,123832432.5
2022-12-13,000157.SZ,4.86,4.88,4.82,4.86,18002700.0,87493122.0
2022-12-13,000100.SZ,3.4,3.41,3.38,3.38,113251300.0,383921906.99999994
2022-12-14,000166.SZ,3.88,3.92,3.87,3.89,35403200.0,137541432.0
2022-12-14,000157.SZ,4.86,4.89,4.84,4.86,14873100.0,72283266.0
2022-12-14,000100.SZ,3.39,3.41,3.37,3.38,83729300.0,283423680.5
2022-12-15,000166.SZ,3.88,3.91,3.86,3.87,27683300.0,107272787.5
2022-12-15,000157.SZ,4.84,4.86,4.78,4.79,18045100.0,86887156.49999999
2022-12-15,000100.SZ,3.37,3.41,3.36,3.38,69104200.0,233226675.0
2022-12-16,000157.SZ,4.77,4.86,4.76,4.82,17768200.0,85198519.0
2022-12-16,000166.SZ,3.85,3.89,3.84,3.89,32279300.0,124920891.0
2022-12-16,000100.SZ,3.37,3.41,3.36,3.4,83913700.0,284047874.5
2022-12-19,000100.SZ,3.4,3.41,3.3,3.31,135565500.0,454822252.5
2022-12-19,000157.SZ,4.8,4.83,4.67,4.69,21252300.0,100842163.5
2022-12-19,000166.SZ,3.88,3.9,3.77,3.79,53765800.0,206191843.0
2022-12-20,000157.SZ,4.69,4.71,4.63,4.65,18584400.0,86789148.0
2022-12-20,000100.SZ,3.3,3.33,3.27,3.33,75828000.0,251369820.0
2022-12-20,000166.SZ,3.78,3.8,3.76,3.77,33783400.0,127532335.0
2022-12-21,000157.SZ,4.65,4.69,4.62,4.64,14270700.0,66287401.49999999
2022-12-21,000166.SZ,3.77,3.79,3.76,3.76,20067400.0,75553761.0
2022-12-21,000100.SZ,3.32,3.32,3.23,3.25,138351400.0,454484349.0
2022-12-22,000157.SZ,4.66,4.68,4.57,4.58,19755400.0,91269948.0
2022-12-22,000166.SZ,3.77,3.79,3.73,3.75,24871800.0,93517968.0
2022-12-22,000100.SZ,3.25,3.26,3.19,3.2,110904700.0,357667657.5
2022-12-23,000100.SZ,3.19,3.28,3.18,3.23,99526800.0,319481028.0
2022-12-23,000166.SZ,3.74,3.77,3.73,3.76,19094900.0,71605875.0
2022-12-23,000157.SZ,4.58,4.61,4.54,4.56,13663100.0,62440367.00000001
2022-12-26,000157.SZ,4.57,4.61,4.57,4.61,10411600.0,47789244.0
2022-12-26,000166.SZ,3.76,3.77,3.75,3.76,24079900.0,90540424.0
2022-12-26,000100.SZ,3.22,3.25,3.22,3.25,53354700.0,172602454.50000003
2022-12-27,000157.SZ,4.62,4.64,4.61,4.63,9228900.0,42683662.5
2022-12-27,000100.SZ,3.25,3.26,3.23,3.25,51407200.0,167073400.0
2022-12-27,000166.SZ,3.77,3.79,3.76,3.78,20717100.0,78207052.5
2022-12-28,000157.SZ,4.65,4.65,4.56,4.56,17908100.0,82466800.50000001
2022-12-28,000166.SZ,3.77,3.79,3.76,3.78,19890200.0,75085505.0
2022-12-28,000100.SZ,3.25,3.25,3.21,3.23,69009500.0,223590780.0
2022-12-29,000100.SZ,3.22,3.23,3.19,3.2,83964100.0,269524761.0
2022-12-29,000166.SZ,3.76,3.78,3.75,3.76,28723500.0,108000360.0
2022-12-29,000157.SZ,4.55,4.56,4.51,4.52,13801200.0,62588442.0
2022-12-30,000166.SZ,3.78,3.79,3.76,3.77,30837000.0,116409675.0
2022-12-30,000157.SZ,4.51,4.56,4.51,4.54,13010300.0,58871607.50000001
2022-12-30,000100.SZ,3.21,3.23,3.19,3.22,74646900.0,239989783.5
2023-01-03,000157.SZ,4.54,4.58,4.51,4.57,18733400.0,85330637.0
2023-01-03,000166.SZ,3.76,3.79,3.73,3.77,46493100.0,175046521.5
2023-01-03,000100.SZ,3.22,3.27,3.19,3.27,112566000.0,365276670.0
2023-01-04,000166.SZ,3.77,3.79,3.76,3.78,33025700.0,124672017.5
2023-01-04,000157.SZ,4.58,4.64,4.56,4.61,16581000.0,76189695.00000001
2023-01-04,000100.SZ,3.26,3.35,3.25,3.33,164097600.0,540701592.0
2023-01-05,000157.SZ,4.63,4.64,4.61,4.63,14021400.0,64919082.0
2023-01-05,000166.SZ,3.79,3.82,3.78,3.81,40737000.0,154800600.0
2023-01-05,000100.SZ,3.32,3.33,3.3,3.32,100023200.0,332077024.0
2023-01-06,000100.SZ,3.32,3.4,3.31,3.34,179182000.0,596676060.0
2023-01-06,000166.SZ,3.8,3.82,3.79,3.8,32766200.0,124511560.0
2023-01-06,000157.SZ,4.64,4.64,4.61,4.62,11393900.0,52753757.0
2023-01-09,000157.SZ,4.62,4.69,4.62,4.68,19777200.0,91963980.0
2023-01-09,000100.SZ,3.36,3.36,3.32,3.34,87868200.0,294358469.99999994
2023-01-09,000166.SZ,3.8,3.86,3.8,3.82,44562800.0,169784267.99999997
2023-01-10,000157.SZ,4.68,4.68,4.64,4.66,13098500.0,61169995.0
2023-01-10,000100.SZ,3.35,3.38,3.32,3.35,101942300.0,341506705.0
2023-01-10,000166.SZ,3.83,3.85,3.8,3.81,37176000.0,142012320.0
2023-01-11,000166.SZ,3.81,3.83,3.79,3.8,25748700.0,97973803.5
2023-01-11,000157.SZ,4.66,4.7,4.64,4.68,18341900.0,85656673.0
2023-01-11,000100.SZ,3.35,3.4,3.32,3.33,155188000.0,518327920.0
2023-01-12,000166.SZ,3.79,3.82,3.77,3.81,33368400.0,126799920.0
2023-01-12,000157.SZ,4.68,4.69,4.63,4.65,13524000.0,63089460.0
2023-01-12,000100.SZ,3.33,3.36,3.3,3.34,95613200.0,318870022.0
2023-01-13,000157.SZ,4.65,4.76,4.64,4.76,29328200.0,137989181.0
2023-01-13,000100.SZ,3.34,3.35,3.32,3.34,78130100.0,260954534.0
2023-01-13,000166.SZ,3.82,3.86,3.8,3.86,55778400.0,214189056.0
2023-01-16,000100.SZ,3.33,3.46,3.32,3.45,281659700.0,954826383.0
2023-01-16,000157.SZ,4.78,4.86,4.76,4.83,32389200.0,155630106.0
2023-01-16,000166.SZ,3.86,3.99,3.85,3.94,151051100.0,589099290.0
2023-01-17,000100.SZ,3.45,3.51,3.44,3.48,163830900.0,567674068.5
2023-01-17,000157.SZ,4.81,4.86,4.8,4.84,22065700.0,106467002.49999999
2023-01-17,000166.SZ,3.94,3.97,3.92,3.96,79210100.0,312879895.0
2023-01-18,000166.SZ,3.96,3.98,3.95,3.96,52815400.0,209148984.0
2023-01-18,000100.SZ,3.47,3.51,3.46,3.5,144456300.0,503430205.50000006
2023-01-18,000157.SZ,4.85,4.9,4.82,4.83,19133300.0,92605172.0
2023-01-19,000100.SZ,3.47,3.59,3.46,3.57,218406700.0,768791584.0
2023-01-19,000166.SZ,3.96,4.02,3.95,4.02,72527700.0,289385523.0
2023-01-19,000157.SZ,4.84,4.85,4.81,4.83,15476700.0,74829844.5
2023-01-20,000100.SZ,3.6,3.72,3.54,3.57,241808000.0,866881680.0
2023-01-20,000157.SZ,4.84,4.87,4.83,4.87,20514700.0,99598868.50000001
2023-01-20,000166.SZ,4.01,4.02,3.97,3.99,73749000.0,294996000.0
2023-01-30,000166.SZ,4.03,4.05,3.95,3.96,70872400.0,283135238.0
2023-01-30,000100.SZ,3.6,3.74,3.57,3.67,409436300.0,1488300950.5
2023-01-30,000157.SZ,4.91,4.95,4.88,4.9,30340000.0,148817700.0
2023-01-31,000166.SZ,3.96,3.98,3.93,3.94,55812000.0,220457400.0
2023-01-31,000100.SZ,3.64,3.66,3.6,3.64,187984300.0,684262852.0
2023-01-31,000157.SZ,4.89,4.91,4.85,4.86,25886000.0,126194250.0
2023-02-01,000157.SZ,4.88,4.89,4.83,4.89,24333100.0,118867193.5
2023-02-01,000100.SZ,3.64,3.67,3.61,3.66,147751000.0,539291150.0
2023-02-01,000166.SZ,3.95,4.03,3.94,4.01,67415300.0,268312894.0
2023-02-02,000166.SZ,4.13,4.16,4.01,4.02,160264000.0,653075799.9999999
2023-02-02,000100.SZ,3.67,3.7,3.62,3.63,188929900.0,689594135.0
2023-02-02,000157.SZ,4.9,4.91,4.83,4.84,24340400.0,118537748.0
2023-02-03,000166.SZ,4.0,4.03,3.95,3.98,76216600.0,304104234.0
2023-02-03,000100.SZ,3.63,3.64,3.56,3.61,200087000.0,724314940.0
2023-02-03,000157.SZ,4.84,4.84,4.76,4.8,24190400.0,116597728.0
2023-02-06,000157.SZ,4.84,4.86,4.77,4.79,28529400.0,137369061.0
2023-02-06,000166.SZ,3.98,3.98,3.95,3.96,39475400.0,156717338.0
2023-02-06,000100.SZ,3.59,3.64,3.57,3.58,134158600.0,480958581.0
2023-02-07,000166.SZ,3.96,3.98,3.94,3.96,45171700.0,178879932.0
2023-02-07,000157.SZ,4.8,4.81,4.77,4.8,20439000.0,98107200.0
2023-02-07,000100.SZ,3.58,3.62,3.57,3.59,87200000.0,312612000.0
2023-02-08,000100.SZ,3.59,3.61,3.54,3.55,85510600.0,305272842.0
2023-02-08,000157.SZ,4.81,4.83,4.77,4.78,16462000.0,78935290.0
2023-02-08,000166.SZ,3.97,3.98,3.92,3.93,40564400.0,160229380.0
2023-02-09,000100.SZ,3.53,3.63,3.53,3.63,165149800.0,591236284.0
2023-02-09,000157.SZ,4.8,4.87,4.77,4.86,31372000.0,151526760.0
2023-02-09,000166.SZ,3.92,3.97,3.91,3.97,39347400.0,155225493.0
2023-02-10,000100.SZ,3.63,3.7,3.61,3.64,147187800.0,535027652.99999994
2023-02-10,000157.SZ,4.86,5.09,4.86,5.06,141059700.0,699656112.0
2023-02-10,000166.SZ,3.96,3.99,3.95,3.95,31315600.0,123853198.0
2023-02-13,000100.SZ,3.64,3.65,3.61,3.62,121010300.0,439267389.0
2023-02-13,000157.SZ,5.07,5.49,5.07,5.38,194762100.0,1017631972.4999999
2023-02-13,000166.SZ,3.95,3.99,3.95,3.98,37727900.0,149591123.5
2023-02-14,000100.SZ,3.63,3.67,3.6,3.64,112961300.0,410614325.5
2023-02-14,000166.SZ,3.98,4.0,3.96,3.98,33093300.0,131711334.0
2023-02-14,000157.SZ,5.39,5.44,5.29,5.42,91966000.0,497076229.99999994
2023-02-15,000157.SZ,5.41,5.48,5.38,5.43,77411700.0,419571414.0
2023-02-15,000166.SZ,3.99,3.99,3.95,3.96,29660000.0,117898500.0
2023-02-15,000100.SZ,3.74,3.97,3.74,3.88,767985500.0,2926024755.0
2023-02-16,000166.SZ,3.97,4.03,3.91,3.94,79112000.0,312887960.0
2023-02-16,000100.SZ,4.01,4.02,3.8,3.83,676118100.0,2650382952.0
2023-02-16,000157.SZ,5.41,5.43,5.23,5.27,69499200.0,371125728.0
2023-02-17,000166.SZ,3.94,3.95,3.89,3.9,46529900.0,182397208.0
2023-02-17,000157.SZ,5.28,5.44,5.28,5.36,66123600.0,351777552.0
2023-02-17,000100.SZ,3.87,3.88,3.72,3.72,359120500.0,1362862297.5
2023-02-20,000100.SZ,3.71,3.91,3.7,3.86,380220200.0,1439133457.0
2023-02-20,000166.SZ,3.94,4.02,3.92,4.01,89723300.0,356650117.49999994
2023-02-20,000157.SZ,5.37,5.77,5.37,5.74,179376600.0,996437013.0
2023-02-21,000157.SZ,5.74,5.84,5.63,5.73,100337100.0,575433268.5
2023-02-21,000166.SZ,4.01,4.02,3.98,4.02,55701900.0,223643128.49999997
2023-02-21,000100.SZ,3.84,3.91,3.83,3.89,226694900.0,876175788.5
2023-02-22,000166.SZ,4.0,4.03,3.99,4.0,42409600.0,169638400.0
2023-02-22,000157.SZ,5.69,5.76,5.65,5.71,58655500.0,334336350.0
2023-02-22,000100.SZ,3.85,3.98,3.83,3.92,230597300.0,895870510.5
2023-02-23,000166.SZ,4.01,4.06,4.0,4.02,53747000.0,215794204.99999997
2023-02-23,000100.SZ,3.91,3.96,3.84,3.9,239249400.0,934268907.0
2023-02-23,000157.SZ,5.71,5.73,5.65,5.69,41884200.0,238739940.0
2023-02-24,000100.SZ,3.88,3.91,3.82,3.85,135044000.0,521945060.0
2023-02-24,000166.SZ,4.02,4.04,3.97,4.0,37679400.0,151094394.0
2023-02-24,000157.SZ,5.69,5.7,5.57,5.62,48989000.0,277032795.0
2023-02-27,000166.SZ,3.97,4.0,3.95,3.96,31686700.0,125637765.5
2023-02-27,000100.SZ,3.82,3.88,3.81,3.83,133836700.0,511925377.5
2023-02-27,000157.SZ,5.57,5.67,5.56,5.6,41791900.0,233407761.5
2023-02-28,000157.SZ,5.6,5.63,5.53,5.6,36702900.0,205536240.0
2023-02-28,000100.SZ,3.83,3.87,3.78,3.84,163195000.0,625852825.0
2023-02-28,000166.SZ,3.96,4.0,3.95,4.0,37292200.0,148422956.0
2023-03-01,000166.SZ,4.0,4.04,3.98,4.03,61530600.0,247045359.00000003
2023-03-01,000157.SZ,5.6,5.7,5.57,5.67,49509100.0,278983778.5
2023-03-01,000100.SZ,3.84,3.91,3.83,3.88,191255800.0,738247388.0
2023-03-02,000100.SZ,3.87,3.89,3.84,3.86,103046200.0,398273563.0
2023-03-02,000157.SZ,5.65,5.74,5.64,5.72,42613600.0,242258316.00000003
2023-03-02,000166.SZ,4.03,4.05,4.01,4.03,54736500.0,220588095.0
2023-03-03,000166.SZ,4.05,4.07,4.02,4.06,59756500.0,242312607.49999997
2023-03-03,000100.SZ,3.87,3.89,3.8,3.86,128101600.0,495112684.0
2023-03-03,000157.SZ,5.68,5.73,5.67,5.72,34343300.0,195756809.99999997
2023-03-06,000157.SZ,5.72,5.72,5.59,5.62,81654400.0,462980448.0
2023-03-06,000100.SZ,3.86,3.89,3.79,3.81,156513400.0,600228889.0
2023-03-06,000166.SZ,4.07,4.08,4.01,4.02,49232200.0,199144249.0
2023-03-07,000166.SZ,4.02,4.06,3.99,3.99,65714400.0,263186172.0
2023-03-07,000100.SZ,3.89,4.02,3.77,3.77,416205100.0,1594065533.0
2023-03-07,000157.SZ,5.6,5.67,5.54,5.55,42575500.0,237358412.49999997
2023-03-08,000100.SZ,3.77,3.8,3.72,3.79,148355600.0,560784168.0
2023-03-08,000157.SZ,5.52,5.57,5.49,5.56,29055300.0,160966361.99999997
2023-03-08,000166.SZ,3.98,4.0,3.96,3.98,37023500.0,147353530.0
2023-03-09,000157.SZ,5.57,5.57,5.42,5.45,36591800.0,201620818.0
2023-03-09,000100.SZ,3.78,3.82,3.76,3.77,98533100.0,371962452.5
2023-03-09,000166.SZ,3.98,3.99,3.95,3.96,30010100.0,119140096.99999999
2023-03-10,000100.SZ,3.73,3.75,3.7,3.7,150281700.0,558296515.5
2023-03-10,000166.SZ,3.95,3.96,3.92,3.93,41880200.0,165007988.00000003
2023-03-10,000157.SZ,5.44,5.47,5.35,5.37,36853900.0,199195329.5
2023-03-13,000157.SZ,5.37,5.48,5.36,5.41,31424300.0,169376977.00000003
2023-03-13,000166.SZ,3.92,3.95,3.9,3.94,43787600.0,172085268.0
2023-03-13,000100.SZ,3.68,3.72,3.65,3.7,151978800.0,560801772.0
2023-03-14,000100.SZ,3.7,3.7,3.58,3.64,159719800.0,586171666.0
2023-03-14,000157.SZ,5.46,5.46,5.29,5.32,30481200.0,164293668.00000003
2023-03-14,000166.SZ,3.93,3.94,3.89,3.9,40732000.0,159465780.0
2023-03-15,000100.SZ,3.66,3.74,3.65,3.69,136787500.0,502694062.5
2023-03-15,000157.SZ,5.36,5.47,5.32,5.41,29030600.0,156329781.0
2023-03-15,000166.SZ,3.92,3.95,3.91,3.94,29299900.0,115148606.99999999
2023-03-16,000157.SZ,5.41,5.44,5.26,5.28,37811000.0,202099795.00000003
2023-03-16,000166.SZ,3.92,3.94,3.9,3.91,27638900.0,108206293.5
2023-03-16,000100.SZ,3.65,3.68,3.61,3.62,114237000.0,415251495.0
2023-03-17,000157.SZ,5.33,5.41,5.32,5.34,28916900.0,154271661.5
2023-03-17,000166.SZ,3.93,3.98,3.92,3.95,53934200.0,212500748.00000003
2023-03-17,000100.SZ,3.64,3.7,3.64,3.65,137014500.0,499417852.5
2023-03-20,000157.SZ,5.37,5.52,5.32,5.33,54190600.0,289919710.0
2023-03-20,000100.SZ,3.64,3.7,3.63,3.66,144262200.0,526557030.00000006
2023-03-20,000166.SZ,3.95,3.98,3.92,3.92,47138900.0,185491571.5
2023-03-21,000100.SZ,3.72,3.73,3.64,3.7,187088200.0,694097222.0
2023-03-21,000166.SZ,3.94,3.96,3.92,3.95,30048200.0,118540149.00000001
2023-03-21,000157.SZ,5.34,5.38,5.28,5.31,29034300.0,154607647.49999997
2023-03-22,000166.SZ,3.96,3.97,3.94,3.96,35685800.0,141315768.0
2023-03-22,000100.SZ,3.71,3.96,3.7,3.93,529693400.0,2023428788.0000002
2023-03-22,000157.SZ,5.33,5.36,5.28,5.3,22971300.0,122092459.49999999
2023-03-23,000166.SZ,3.95,4.01,3.95,4.01,46736600.0,186011668.0
2023-03-23,000157.SZ,5.29,5.3,5.21,5.27,31857200.0,168206015.99999997
2023-03-23,000100.SZ,3.93,3.98,3.91,3.98,282593400.0,1117656897.0
2023-03-24,000157.SZ,5.28,5.29,5.13,5.2,41364400.0,216749456.0
2023-03-24,000166.SZ,4.01,4.02,3.97,4.0,39367600.0,157667238.0
2023-03-24,000100.SZ,4.0,4.02,3.9,3.98,227051000.0,905933490.0
2023-03-27,000157.SZ,5.2,5.21,5.11,5.15,28670100.0,148367767.50000003
2023-03-27,000166.SZ,4.0,4.02,3.96,3.99,37360500.0,149255197.5
2023-03-27,000100.SZ,3.97,3.99,3.83,3.87,253670000.0,994386400.0
2023-03-28,000100.SZ,3.88,3.89,3.79,3.8,180659100.0,693730944.0
2023-03-28,000166.SZ,3.99,4.0,3.97,3.98,29333400.0,116893599.00000001
2023-03-28,000157.SZ,5.16,5.21,5.12,5.13,22032900.0,113359270.49999999
2023-03-29,000100.SZ,3.8,3.85,3.77,3.83,160484400.0,612247986.0
2023-03-29,000166.SZ,3.99,4.0,3.95,3.96,28591900.0,113652802.5
2023-03-29,000157.SZ,5.16,5.16,5.1,5.14,22463800.0,115688570.00000001
2023-03-30,000166.SZ,3.97,4.0,3.93,3.98,41430900.0,164687827.5
2023-03-30,000100.SZ,3.82,3.89,3.79,3.86,158302700.0,607882368.0
2023-03-30,000157.SZ,5.17,5.21,5.07,5.15,30731400.0,158574024.0
2023-03-31,000166.SZ,3.97,3.98,3.95,3.95,32866600.0,130151736.0
2023-03-31,000100.SZ,3.84,3.85,3.77,3.83,155588400.0,596681514.0
2023-03-31,000157.SZ,5.17,5.25,5.15,5.18,34290500.0,177453337.5
2023-04-03,000157.SZ,5.21,5.41,5.17,5.37,55455100.0,293357479.0
2023-04-03,000166.SZ,3.95,4.03,3.95,4.02,87926200.0,350385907.0
2023-04-03,000100.SZ,3.81,3.91,3.78,3.9,190062900.0,732692479.5
2023-04-04,000157.SZ,5.37,5.39,5.32,5.37,33674700.0,180833139.0
2023-04-04,000100.SZ,3.89,3.96,3.86,3.95,254948600.0,999398512.0
2023-04-04,000166.SZ,4.03,4.05,4.0,4.03,62489700.0,251833491.00000003
2023-04-06,000166.SZ,4.03,4.04,4.0,4.01,39254000.0,157801079.99999997
2023-04-06,000100.SZ,3.95,4.06,3.93,4.02,309032000.0,1231492520.0
2023-04-06,000157.SZ,5.37,5.41,5.32,5.38,24900000.0,133837500.0
2023-04-07,000100.SZ,4.09,4.11,3.96,4.01,196052100.0,794011005.0
2023-04-07,000166.SZ,4.02,4.04,4.0,4.02,45478800.0,182824775.99999997
2023-04-07,000157.SZ,5.41,5.41,5.32,5.33,19005100.0,102057387.0
2023-04-10,000157.SZ,5.34,5.36,5.28,5.3,18601800.0,98961576.0
2023-04-10,000166.SZ,4.04,4.05,3.99,4.0,47834200.0,192293483.99999997
2023-04-10,000100.SZ,3.98,4.04,3.91,3.92,201911000.0,797548450.0
2023-04-11,000100.SZ,3.93,3.98,3.92,3.95,129904300.0,511822942.00000006
2023-04-11,000166.SZ,4.01,4.07,4.0,4.03,71253800.0,286440275.99999994
2023-04-11,000157.SZ,5.32,5.34,5.26,5.34,20240700.0,107882931.0
2023-04-12,000166.SZ,4.03,4.07,4.02,4.05,47731300.0,192834452.0
2023-04-12,000100.SZ,3.92,4.01,3.91,3.98,165667600.0,654387020.0
2023-04-12,000157.SZ,5.37,5.38,5.28,5.3,24913900.0,132915656.5
2023-04-13,000166.SZ,4.04,4.04,4.01,4.01,40976400.0,164930010.0
2023-04-13,000100.SZ,3.96,3.98,3.87,3.87,190470300.0,745691224.5
2023-04-13,000157.SZ,5.29,5.32,5.25,5.27,19421100.0,102543407.99999999
2023-04-14,000157.SZ,5.27,5.28,5.21,5.23,30562700.0,160454175.0
2023-04-14,000166.SZ,4.03,4.04,3.99,4.02,37186400.0,149675260.0
2023-04-14,000100.SZ,3.89,3.9,3.83,3.86,129343100.0,501204512.5
2023-04-17,000100.SZ,3.86,3.89,3.83,3.87,109248600.0,422245839.0
2023-04-17,000166.SZ,4.07,4.36,4.07,4.27,287086200.0,1197149454.0
2023-04-17,000157.SZ,5.25,5.37,5.22,5.35,33178200.0,175844460.0
2023-04-18,000157.SZ,5.36,5.46,5.33,5.38,42028100.0,225690897.0
2023-04-18,000100.SZ,3.86,3.87,3.79,3.84,148027600.0,569906260.0
2023-04-18,000166.SZ,4.26,4.33,4.23,4.26,135193600.0,575924736.0
2023-04-19,000166.SZ,4.24,4.31,4.23,4.27,119547900.0,508676314.5
2023-04-19,000100.SZ,3.83,3.84,3.77,3.77,141651600.0,538276080.0
2023-04-19,000157.SZ,5.4,5.41,5.34,5.35,23572800.0,126703800.0
2023-04-20,000166.SZ,4.25,4.31,4.22,4.29,95184200.0,406436533.99999994
2023-04-20,000100.SZ,3.77,3.82,3.75,3.78,123865800.0,467593395.0
2023-04-20,000157.SZ,5.33,5.37,5.3,5.35,19308100.0,103105254.0
2023-04-21,000166.SZ,4.31,4.31,4.16,4.17,113727700.0,482205448.0
2023-04-21,000100.SZ,3.78,3.8,3.64,3.65,223760900.0,831271743.5
2023-04-21,000157.SZ,5.36,5.46,5.24,5.26,45256000.0,240309360.00000003
2023-04-24,000157.SZ,5.26,5.27,5.02,5.05,49671300.0,256055551.49999997
2023-04-24,000166.SZ,4.17,4.2,4.1,4.12,79299400.0,328696012.99999994
2023-04-24,000100.SZ,3.64,3.66,3.52,3.55,188420500.0,677371697.5
2023-04-25,000166.SZ,4.12,4.2,4.11,4.16,79081200.0,327396168.00000006
2023-04-25,000157.SZ,5.07,5.15,5.01,5.09,31451900.0,159775652.0
2023-04-25,000100.SZ,3.54,3.57,3.44,3.49,174587600.0,613675414.0
2023-04-26,000100.SZ,3.48,3.5,3.4,3.47,149149100.0,518293122.5
2023-04-26,000166.SZ,4.15,4.16,4.09,4.15,75281800.0,312419470.0
2023-04-26,000157.SZ,5.08,5.13,5.05,5.1,17223900.0,87669651.0
2023-04-27,000166.SZ,4.13,4.25,4.13,4.23,103536500.0,432782570.0
2023-04-27,000100.SZ,3.46,3.5,3.42,3.47,131838600.0,456820749.0
2023-04-27,000157.SZ,5.11,5.17,5.06,5.16,21692400.0,111390474.0
2023-04-28,000157.SZ,5.16,5.42,5.16,5.41,49170700.0,259867149.5
2023-04-28,000166.SZ,4.23,4.32,4.21,4.29,107412500.0,457577250.0
2023-04-28,000100.SZ,3.45,3.47,3.43,3.46,173418200.0,599159881.0
2023-05-04,000166.SZ,4.29,4.45,4.26,4.43,152352200.0,664255591.9999999
2023-05-04,000157.SZ,5.4,5.52,5.36,5.49,47520300.0,258748033.5
2023-05-04,000100.SZ,3.45,3.46,3.34,3.39,273986100.0,937032462.0
2023-05-05,000166.SZ,4.45,4.71,4.45,4.56,230382000.0,1037870910.0
2023-05-05,000157.SZ,5.52,5.52,5.43,5.49,38325400.0,210981327.0
2023-05-05,000100.SZ,3.39,3.44,3.35,3.42,153447900.0,522490099.50000006
2023-05-08,000166.SZ,4.57,4.69,4.52,4.64,224177000.0,1032335085.0000001
2023-05-08,000157.SZ,5.5,5.54,5.46,5.51,40600300.0,223504651.5
2023-05-08,000100.SZ,3.43,3.45,3.34,3.4,219745000.0,750429175.0
2023-05-09,000166.SZ,4.66,4.88,4.6,4.64,387553300.0,1802122845.0000002
2023-05-09,000100.SZ,3.39,3.49,3.35,3.42,215150800.0,732588474.0
2023-05-09,000157.SZ,5.52,5.6,5.47,5.48,45075400.0,247914700.0
2023-05-10,000166.SZ,4.59,4.68,4.47,4.51,234152100.0,1065392055.0
2023-05-10,000100.SZ,3.42,3.46,3.4,3.46,148053800.0,509305072.0
2023-05-10,000157.SZ,5.49,5.52,5.42,5.45,27245200.0,149031244.00000003
2023-05-11,000157.SZ,5.47,5.49,5.42,5.43,17634100.0,96105844.99999999
2023-05-11,000166.SZ,4.54,4.59,4.48,4.54,123951200.0,562738448.0
2023-05-11,000100.SZ,3.47,3.52,3.44,3.48,138439900.0,481078652.5
2023-05-12,000100.SZ,3.48,3.49,3.43,3.45,106956700.0,370604965.5
2023-05-12,000166.SZ,4.55,4.56,4.49,4.51,85749900.0,388447046.99999994
2023-05-12,000157.SZ,5.43,5.47,5.37,5.37,17902900.0,96675660.0
2023-05-15,000157.SZ,5.37,5.41,5.27,5.37,26631400.0,143010618.0
2023-05-15,000166.SZ,4.51,4.56,4.35,4.51,159342100.0,718632871.0
2023-05-15,000100.SZ,3.45,3.47,3.38,3.46,144625100.0,499679720.5
2023-05-16,000157.SZ,5.38,5.38,5.32,5.33,19191700.0,102771553.50000001
2023-05-16,000166.SZ,4.52,4.59,4.47,4.5,80816200.0,364481062.0
2023-05-16,000100.SZ,3.46,3.49,3.42,3.47,135064800.0,467999532.0
2023-05-17,000100.SZ,3.46,3.5,3.45,3.46,73854100.0,255535186.0
2023-05-17,000166.SZ,4.49,4.55,4.44,4.51,66977000.0,301396500.0
2023-05-17,000157.SZ,5.34,5.42,5.31,5.36,20610700.0,110267245.0
2023-05-18,000100.SZ,3.47,3.49,3.46,3.47,73473700.0,254953739.0
2023-05-18,000166.SZ,4.51,4.55,4.46,4.48,58398000.0,262499010.0
2023-05-18,000157.SZ,5.37,5.42,5.35,5.39,18275000.0,98319500.0
2023-05-19,000157.SZ,5.38,5.39,5.26,5.27,25205000.0,134216624.99999999
2023-05-19,000166.SZ,4.48,4.5,4.43,4.46,55019600.0,245937612.00000003
2023-05-19,000100.SZ,3.47,3.54,3.45,3.5,128219700.0,446845654.50000006
2023-05-22,000166.SZ,4.45,4.49,4.43,4.46,44521000.0,198341055.0
2023-05-22,000157.SZ,5.22,5.27,5.19,5.26,25351100.0,132839764.0
2023-05-22,000100.SZ,3.5,3.52,3.46,3.46,114207500.0,397442100.0
2023-05-23,000166.SZ,4.47,4.49,4.35,4.36,60401600.0,266673064.0
2023-05-23,000157.SZ,5.26,5.28,5.21,5.21,17073000.0,89377154.99999999
2023-05-23,000100.SZ,3.49,3.6,3.47,3.49,261044000.0,911043560.0
2023-05-24,000157.SZ,5.21,5.21,5.07,5.08,31697100.0,163081579.5
2023-05-24,000166.SZ,4.35,4.45,4.33,4.38,91561500.0,399665947.5
2023-05-24,000100.SZ,3.47,3.47,3.35,3.37,186737200.0,638641224.0
2023-05-25,000100.SZ,3.35,3.4,3.25,3.32,187687900.0,625939146.5
2023-05-25,000157.SZ,5.08,5.13,5.06,5.11,17565200.0,89494694.00000001
2023-05-25,000166.SZ,4.4,4.45,4.34,4.44,65741300.0,290576546.0
2023-05-26,000100.SZ,3.3,3.37,3.3,3.35,82824500.0,275391462.5
2023-05-26,000157.SZ,5.11,5.16,5.07,5.16,14897400.0,76498149.0
2023-05-26,000166.SZ,4.43,4.5,4.38,4.5,59612400.0,266169366.0
2023-05-29,000100.SZ,3.4,3.64,3.4,3.54,383553200.0,1330929604.0
2023-05-29,000166.SZ,4.5,4.51,4.44,4.48,53400800.0,239769592.0
2023-05-29,000157.SZ,5.21,5.26,5.13,5.17,25514300.0,132419216.99999999
2023-05-30,000157.SZ,5.21,5.37,5.13,5.21,55337800.0,288309938.0
2023-05-30,000166.SZ,4.46,4.52,4.43,4.48,43865200.0,196077444.00000003
2023-05-30,000100.SZ,3.5,3.6,3.47,3.59,233682300.0,828403753.5
2023-05-31,000166.SZ,4.48,4.5,4.44,4.48,45377200.0,203289856.00000003
2023-05-31,000157.SZ,5.23,5.3,5.16,5.28,45421700.0,238691033.50000003
2023-05-31,000100.SZ,3.59,3.69,3.58,3.68,286455900.0,1041267196.4999999
2023-06-01,000157.SZ,5.3,5.36,5.24,5.3,48812100.0,258704130.0
2023-06-01,000100.SZ,3.68,3.68,3.6,3.62,177689600.0,648567040.0000001
2023-06-01,000166.SZ,4.47,4.53,4.42,4.43,51580000.0,229530999.99999997
2023-06-02,000100.SZ,3.61,3.69,3.59,3.68,156708700.0,571203211.5
2023-06-02,000157.SZ,5.32,5.42,5.3,5.39,50206600.0,268856343.0
2023-06-02,000166.SZ,4.43,4.46,4.4,4.45,41053300.0,182276651.99999997
2023-06-05,000157.SZ,5.42,5.42,5.36,5.4,35769900.0,193515159.0
2023-06-05,000166.SZ,4.46,4.46,4.38,4.39,38901800.0,172140465.0
2023-06-05,000100.SZ,3.68,3.72,3.64,3.7,156302800.0,576757332.0000001
2023-06-06,000166.SZ,4.38,4.41,4.29,4.3,51542000.0,223692280.0
2023-06-06,000157.SZ,5.39,5.42,5.31,5.32,30663000.0,164200365.0
2023-06-06,000100.SZ,3.71,3.72,3.61,3.62,155251300.0,568996014.5
2023-06-07,000157.SZ,5.32,5.35,5.28,5.29,18783500.0,99646467.5
2023-06-07,000100.SZ,3.61,3.69,3.6,3.66,171928700.0,624960824.5
2023-06-07,000166.SZ,4.3,4.36,4.29,4.31,34232600.0,147371343.0
2023-06-08,000166.SZ,4.31,4.39,4.29,4.38,37304100.0,162086314.5
2023-06-08,000100.SZ,3.65,3.7,3.61,3.68,181705500.0,665950657.5
2023-06-08,000157.SZ,5.31,5.38,5.26,5.38,31088300.0,166166963.5
2023-06-09,000157.SZ,5.37,5.4,5.34,5.4,22637600.0,121903476.0
2023-06-09,000166.SZ,4.38,4.39,4.32,4.34,35229100.0,153598875.99999997
2023-06-09,000100.SZ,3.67,3.78,3.66,3.71,526479800.0,1942710462.0
2023-06-12,000100.SZ,3.74,3.75,3.68,3.69,253903700.0,943252245.5
2023-06-12,000157.SZ,5.39,5.42,5.35,5.37,22485700.0,120973066.0
2023-06-12,000166.SZ,4.33,4.34,4.25,4.26,45290300.0,194521838.5
2023-06-13,000100.SZ,3.68,3.69,3.6,3.66,183759500.0,674397365.0
2023-06-13,000166.SZ,4.26,4.28,4.25,4.27,27262300.0,116273709.49999999
2023-06-13,000157.SZ,5.37,5.39,5.34,5.38,16674700.0,89626512.5
2023-06-14,000157.SZ,5.4,5.54,5.38,5.5,52025200.0,283537340.0
2023-06-14,000166.SZ,4.28,4.33,4.27,4.28,35017600.0,149875328.0
2023-06-14,000100.SZ,3.67,3.7,3.64,3.67,133994800.0,491760916.0
2023-06-15,000166.SZ,4.28,4.37,4.27,4.34,48859100.0,210582721.00000003
2023-06-15,000100.SZ,3.66,3.7,3.64,3.7,135259500.0,497754960.0
2023-06-15,000157.SZ,5.5,5.56,5.47,5.54,41091700.0,226826183.99999997
2023-06-16,000157.SZ,5.54,5.62,5.52,5.57,39416100.0,218956435.5
2023-06-16,000100.SZ,3.69,3.75,3.68,3.75,149599100.0,556508652.0
2023-06-16,000166.SZ,4.34,4.43,4.33,4.4,53467700.0,233653849.0
2023-06-19,000157.SZ,5.58,5.6,5.53,5.56,25725400.0,143290478.0
2023-06-19,000100.SZ,3.73,3.75,3.69,3.72,150391800.0,560209455.0
2023-06-19,000166.SZ,4.4,4.41,4.34,4.37,31220700.0,136902769.5
2023-06-20,000100.SZ,3.71,3.74,3.68,3.71,105115300.0,389977763.0
2023-06-20,000157.SZ,5.56,5.62,5.54,5.59,27072400.0,150928629.99999997
2023-06-20,000166.SZ,4.36,4.41,4.33,4.36,33734700.0,147083292.0
2023-06-21,000157.SZ,5.58,5.59,5.52,5.52,24696200.0,137063910.0
2023-06-21,000166.SZ,4.36,4.38,4.29,4.3,33880900.0,146704297.0
2023-06-21,000100.SZ,3.7,3.71,3.63,3.63,166323300.0,609574894.5
2023-06-26,000166.SZ,4.28,4.29,4.19,4.2,56165800.0,238142992.0
2023-06-26,000100.SZ,3.57,3.7,3.5,3.6,823923700.0,2953766464.5
2023-06-26,000157.SZ,5.52,5.59,5.47,5.49,31168000.0,171579840.0
2023-06-27,000166.SZ,4.2,4.25,4.2,4.24,25574700.0,107925234.00000001
2023-06-27,000157.SZ,5.51,5.55,5.47,5.54,24758800.0,136792370.0
2023-06-27,000100.SZ,3.6,3.65,3.55,3.58,384141600.0,1379068344.0
2023-06-28,000166.SZ,4.25,4.27,4.2,4.26,36634500.0,155879797.5
2023-06-28,000157.SZ,5.55,5.58,5.52,5.57,21427300.0,119135788.00000001
2023-06-28,000100.SZ,3.6,3.69,3.54,3.66,302278500.0,1097270955.0
2023-06-29,000157.SZ,5.62,5.67,5.57,5.63,37689600.0,212004000.0
2023-06-29,000100.SZ,3.64,3.76,3.6,3.67,284766800.0,1040822654.0000001
2023-06-29,000166.SZ,4.26,4.31,4.23,4.3,33648900.0,144017291.99999997
2023-06-30,000157.SZ,5.59,5.64,5.52,5.63,42967800.0,241049357.99999997
2023-06-30,000166.SZ,4.29,4.39,4.28,4.38,42548600.0,184448181.0
2023-06-30,000100.SZ,3.66,3.79,3.65,3.75,321453900.0,1190986699.5
2023-07-03,000100.SZ,3.81,3.94,3.77,3.79,410283900.0,1559078820.0
2023-07-03,000157.SZ,5.63,5.67,5.57,5.62,31965900.0,179808187.5
2023-07-03,000166.SZ,4.4,4.42,4.36,4.41,37070500.0,163295552.5
2023-07-04,000166.SZ,4.39,4.41,4.35,4.37,26824700.0,117492186.0
2023-07-04,000157.SZ,5.62,5.67,5.57,5.6,26189800.0,146924778.0
2023-07-04,000100.SZ,3.84,3.86,3.75,3.82,215492500.0,825336275.0
2023-07-05,000166.SZ,4.36,4.38,4.31,4.32,26838800.0,116480392.0
2023-07-05,000100.SZ,3.81,3.84,3.77,3.8,166788200.0,634629101.0
2023-07-05,000157.SZ,5.6,5.62,5.56,5.57,18988200.0,106049097.0
2023-07-06,000166.SZ,4.32,4.37,4.3,4.31,25559900.0,110290968.49999999
2023-07-06,000157.SZ,5.56,5.58,5.52,5.56,21098300.0,117306547.99999999
2023-07-06,000100.SZ,3.79,3.99,3.79,3.9,479467500.0,1843552537.4999998
2023-07-07,000157.SZ,5.57,5.67,5.52,5.6,24274900.0,135575316.5
2023-07-07,000166.SZ,4.31,4.38,4.29,4.37,23969500.0,104027630.0
2023-07-07,000100.SZ,3.92,4.06,3.91,3.96,397256400.0,1565190216.0
2023-07-10,000166.SZ,4.38,4.46,4.38,4.45,49756300.0,219674064.5
2023-07-10,000157.SZ,5.62,5.62,5.53,5.55,19821500.0,110703077.5
2023-07-10,000100.SZ,3.98,4.02,3.94,3.98,277329400.0,1103771012.0
2023-07-11,000157.SZ,5.55,5.62,5.52,5.62,22659700.0,126554424.5
2023-07-11,000100.SZ,3.96,4.02,3.96,4.0,215684600.0,858424708.0
2023-07-11,000166.SZ,4.44,4.46,4.42,4.42,26708800.0,118319983.99999999
2023-07-12,000166.SZ,4.43,4.46,4.38,4.4,27381400.0,120888881.0
2023-07-12,000157.SZ,5.62,5.66,5.52,5.54,20403800.0,113853204.0
2023-07-12,000100.SZ,4.01,4.05,3.98,3.99,235276600.0,941106400.0
2023-07-13,000100.SZ,3.99,4.07,3.99,4.05,242444600.0,974627291.9999999
2023-07-13,000157.SZ,5.57,5.59,5.54,5.58,14772000.0,82353900.0
2023-07-13,000166.SZ,4.42,4.46,4.36,4.46,41940800.0,186217151.99999997
2023-07-14,000157.SZ,5.58,5.82,5.57,5.77,68125100.0,386609942.5
2023-07-14,000166.SZ,4.46,4.47,4.44,4.46,27317000.0,121833820.0
2023-07-14,000100.SZ,4.1,4.29,4.08,4.27,632401900.0,2646601951.4999995
2023-07-17,000166.SZ,4.45,4.46,4.41,4.45,25527100.0,113595595.0
2023-07-17,000100.SZ,4.27,4.31,4.17,4.26,491204100.0,2094985486.4999998
2023-07-17,000157.SZ,5.76,5.88,5.73,5.84,43796600.0,254020280.0
2023-07-18,000157.SZ,5.84,5.92,5.77,5.89,42237100.0,247720591.5
2023-07-18,000100.SZ,4.26,4.26,4.14,4.21,300427500.0,1272310462.4999998
2023-07-18,000166.SZ,4.44,4.46,4.42,4.43,23637700.0,104833199.50000001
2023-07-19,000157.SZ,5.87,5.93,5.87,5.9,33721400.0,198450439.0
2023-07-19,000100.SZ,4.19,4.26,4.16,4.19,163006700.0,682998073.0000001
2023-07-19,000166.SZ,4.42,4.46,4.42,4.44,43328000.0,191943040.0
2023-07-20,000157.SZ,5.9,5.94,5.81,5.82,52322400.0,306609264.0
2023-07-20,000100.SZ,4.19,4.22,4.1,4.11,179992000.0,746966800.0000001
2023-07-20,000166.SZ,4.46,4.46,4.4,4.41,28890600.0,128129811.00000001
2023-07-21,000100.SZ,4.13,4.17,4.03,4.06,336663800.0,1378638261.0
2023-07-21,000166.SZ,4.41,4.45,4.39,4.42,24698500.0,109043877.5
2023-07-21,000157.SZ,5.86,5.86,5.74,5.77,40095900.0,233157658.49999997
2023-07-24,000100.SZ,4.07,4.12,4.05,4.06,146168800.0,594176171.9999999
2023-07-24,000166.SZ,4.41,4.45,4.37,4.41,41086800.0,181192788.0
2023-07-24,000157.SZ,5.82,5.82,5.7,5.76,32942200.0,190735338.0
2023-07-25,000166.SZ,4.57,4.64,4.47,4.61,152979500.0,702175905.0
2023-07-25,000157.SZ,5.79,6.01,5.78,5.99,76880200.0,452824378.00000006
2023-07-25,000100.SZ,4.1,4.13,4.03,4.06,281836900.0,1149894552.0
2023-07-26,000157.SZ,5.99,6.0,5.85,5.89,42521700.0,252578897.99999997
2023-07-26,000166.SZ,4.61,4.65,4.55,4.58,64864700.0,298053296.50000006
2023-07-26,000100.SZ,4.05,4.09,3.93,4.02,281505700.0,1135875499.5
2023-07-27,000166.SZ,4.59,4.61,4.54,4.55,43066600.0,196814362.0
2023-07-27,000100.SZ,4.0,4.04,3.98,4.01,182219800.0,729790299.0
2023-07-27,000157.SZ,5.91,5.94,5.85,5.87,34608600.0,203844654.00000003
2023-07-28,000157.SZ,5.86,6.0,5.84,5.99,44306100.0,262513642.50000003
2023-07-28,000166.SZ,4.55,4.86,4.53,4.83,236420400.0,1108811676.0
2023-07-28,000100.SZ,3.98,4.12,3.96,4.08,264991900.0,1067917357.0000001
2023-07-31,000157.SZ,6.01,6.09,5.96,6.01,42584500.0,255932845.0
2023-07-31,000166.SZ,4.85,4.96,4.77,4.78,220846100.0,1063373971.4999999
2023-07-31,000100.SZ,4.09,4.13,4.05,4.09,215069400.0,879633846.0
2023-08-01,000157.SZ,6.02,6.05,5.95,5.98,34189500.0,205137000.0
2023-08-01,000100.SZ,4.08,4.1,4.06,4.09,139580500.0,570186342.5
2023-08-01,000166.SZ,4.76,4.83,4.71,4.74,165928500.0,788160375.0
2023-08-02,000166.SZ,4.73,4.82,4.71,4.73,97884800.0,462995104.00000006
2023-08-02,000100.SZ,4.08,4.1,4.06,4.09,122289900.0,499554241.5
2023-08-02,000157.SZ,5.99,6.09,5.96,6.05,49355300.0,297118906.0
2023-08-03,000100.SZ,4.07,4.1,4.05,4.1,121468500.0,496198822.5
2023-08-03,000166.SZ,4.75,4.85,4.67,4.83,147057400.0,704404946.0
2023-08-03,000157.SZ,6.02,6.08,5.96,6.06,31997400.0,193264295.99999997
2023-08-04,000157.SZ,6.06,6.15,5.97,5.98,32442800.0,195305656.0
2023-08-04,000166.SZ,4.89,5.04,4.83,4.89,315663800.0,1543595982.0
2023-08-04,000100.SZ,4.1,4.13,4.05,4.07,193466600.0,790311061.0
2023-08-07,000100.SZ,4.07,4.1,4.0,4.02,155096200.0,627364129.0
2023-08-07,000166.SZ,4.83,4.87,4.75,4.84,142606500.0,689502427.5
2023-08-07,000157.SZ,5.96,5.98,5.87,5.95,29169200.0,173702586.0
2023-08-08,000166.SZ,4.8,4.94,4.7,4.84,167265700.0,806220674.0
2023-08-08,000100.SZ,4.0,4.03,3.93,3.95,192017500.0,763269562.5
2023-08-08,000157.SZ,5.95,5.95,5.87,5.91,23553200.0,139670476.0
2023-08-09,000100.SZ,3.94,3.95,3.84,3.86,204822600.0,798808140.0
2023-08-09,000166.SZ,4.84,4.88,4.8,4.82,90940600.0,439243098.0
2023-08-09,000157.SZ,5.88,5.9,5.8,5.85,35517800.0,208311897.0
2023-08-10,000157.SZ,5.83,5.89,5.82,5.89,17077100.0,100071805.99999999
2023-08-10,000166.SZ,4.83,4.87,4.8,4.86,98865900.0,479005285.50000006
2023-08-10,000100.SZ,3.86,3.88,3.83,3.88,133047300.0,514893051.0
2023-08-11,000166.SZ,4.86,4.86,4.69,4.7,129712200.0,620024316.0
2023-08-11,000157.SZ,5.89,5.89,5.68,5.69,33852700.0,196007133.0
2023-08-11,000100.SZ,3.88,3.88,3.71,3.71,225530200.0,855887109.0
2023-08-14,000166.SZ,4.62,4.65,4.57,4.61,111208400.0,513226766.0
2023-08-14,000157.SZ,5.63,5.66,5.55,5.65,27519600.0,155210544.00000003
2023-08-14,000100.SZ,3.7,3.84,3.66,3.8,236050900.0,885190875.0
2023-08-15,000166.SZ,4.6,4.65,4.58,4.65,87105400.0,402862475.0
2023-08-15,000157.SZ,5.67,5.75,5.61,5.72,26231700.0,149389531.5
2023-08-15,000100.SZ,3.81,3.85,3.77,3.84,158593300.0,606619372.5
2023-08-16,000166.SZ,4.64,4.77,4.6,4.7,91747400.0,428460358.0
2023-08-16,000157.SZ,5.71,5.72,5.63,5.67,17059900.0,97070830.99999999
2023-08-16,000100.SZ,3.82,3.83,3.73,3.78,124063300.0,471440540.0
2023-08-17,000166.SZ,4.7,4.71,4.6,4.67,99690500.0,467049992.50000006
2023-08-17,000157.SZ,5.63,5.67,5.58,5.65,27350600.0,154257384.00000003
2023-08-17,000100.SZ,3.76,3.78,3.72,3.76,125444300.0,471670568.0
2023-08-18,000166.SZ,4.67,4.74,4.58,4.6,73308700.0,339785824.5
2023-08-18,000157.SZ,5.64,5.66,5.55,5.55,19661800.0,110007771.0
2023-08-18,000100.SZ,3.77,3.77,3.68,3.68,138660700.0,516511107.5
2023-08-21,000166.SZ,4.57,4.62,4.42,4.42,105916500.0,476094667.5
2023-08-21,000157.SZ,5.54,5.59,5.46,5.48,21868300.0,120494333.0
2023-08-21,000100.SZ,3.68,3.72,3.66,3.66,106256500.0,389961355.0
2023-08-22,000100.SZ,3.67,3.8,3.67,3.77,216170800.0,804155376.0
2023-08-22,000166.SZ,4.46,4.49,4.41,4.47,104439100.0,466320581.5
2023-08-22,000157.SZ,5.49,5.55,5.42,5.5,23215200.0,127567524.0
2023-08-23,000166.SZ,4.44,4.47,4.37,4.38,91575600.0,403848396.0
2023-08-23,000157.SZ,5.5,5.52,5.42,5.43,22059300.0,120554074.5
2023-08-23,000100.SZ,3.77,3.78,3.62,3.63,187405200.0,693399240.0
2023-08-24,000100.SZ,3.65,3.71,3.61,3.67,160938000.0,589033080.0
2023-08-24,000166.SZ,4.43,4.47,4.38,4.4,71010700.0,313512240.5
2023-08-24,000157.SZ,5.43,5.48,5.37,5.38,23718700.0,128199573.49999999
2023-08-25,000157.SZ,5.37,5.43,5.31,5.38,22010000.0,118303750.0
2023-08-25,000100.SZ,3.66,3.67,3.62,3.63,119292800.0,434822256.0
2023-08-25,000166.SZ,4.39,4.47,4.37,4.43,76794100.0,338661981.0
2023-08-28,000100.SZ,3.81,3.84,3.61,3.62,231991200.0,861847308.0
2023-08-28,000157.SZ,5.65,5.67,5.52,5.55,42379800.0,237326879.99999997
2023-08-28,000166.SZ,4.88,4.88,4.44,4.45,357620200.0,1668298233.0
2023-08-29,000166.SZ,4.41,4.45,4.27,4.35,225724000.0,988671120.0
2023-08-29,000100.SZ,3.62,3.78,3.62,3.75,248871600.0,917091846.0
2023-08-29,000157.SZ,5.54,5.57,5.48,5.48,35524200.0,195738342.0
2023-08-30,000166.SZ,4.33,4.33,4.23,4.23,131646900.0,563448732.0
2023-08-30,000100.SZ,3.8,3.9,3.78,3.87,313220600.0,1201201001.0
2023-08-30,000157.SZ,5.49,5.55,5.48,5.5,21288900.0,116982505.5
2023-08-31,000100.SZ,3.86,3.94,3.84,3.9,236787200.0,918734336.0
2023-08-31,000166.SZ,4.25,4.28,4.16,4.16,91537000.0,384913085.0
2023-08-31,000157.SZ,5.62,5.8,5.57,5.63,65166300.0,366560437.5
2023-09-01,000100.SZ,3.91,3.94,3.9,3.93,134584600.0,527571632.0
2023-09-01,000166.SZ,4.18,4.21,4.15,4.17,73761800.0,307955515.0
2023-09-01,000157.SZ,5.63,5.89,5.61,5.87,69716900.0,400872175.0
2023-09-04,000100.SZ,3.96,4.06,3.93,4.01,271000600.0,1079937391.0
2023-09-04,000157.SZ,5.87,6.13,5.87,6.07,108311900.0,646622043.0000001
2023-09-04,000166.SZ,4.19,4.23,4.15,4.22,90923800.0,382334579.0
2023-09-05,000157.SZ,6.09,6.16,6.02,6.14,103503800.0,632925737.0
2023-09-05,000166.SZ,4.21,4.22,4.14,4.16,89265000.0,373574025.00000006
2023-09-05,000100.SZ,4.01,4.05,3.98,4.04,166940900.0,671937122.5
2023-09-06,000100.SZ,4.0,4.01,3.91,3.94,265957400.0,1055850877.9999999
2023-09-06,000157.SZ,6.12,6.12,5.99,6.09,61202400.0,373640652.0
2023-09-06,000166.SZ,4.14,4.18,4.12,4.16,57286200.0,237737730.00000003
2023-09-07,000166.SZ,4.16,4.19,4.12,4.12,59357500.0,245740050.00000003
2023-09-07,000157.SZ,6.1,6.19,6.02,6.03,43165000.0,261795724.99999997
2023-09-07,000100.SZ,3.94,3.95,3.84,3.85,212150700.0,826326976.5
2023-09-08,000100.SZ,3.87,3.89,3.82,3.85,139344500.0,537869770.0
2023-09-08,000157.SZ,6.03,6.03,5.94,6.0,29603700.0,178066255.50000003
2023-09-08,000166.SZ,4.12,4.15,4.1,4.13,46046800.0,189943050.0
2023-09-11,000157.SZ,6.02,6.09,6.0,6.07,37353000.0,225798885.0
2023-09-11,000166.SZ,4.13,4.21,4.12,4.18,82298600.0,341950682.99999994
2023-09-11,000100.SZ,3.88,3.89,3.83,3.85,178765100.0,690927111.5
2023-09-12,000157.SZ,6.09,6.09,6.0,6.02,26965700.0,163277313.5
2023-09-12,000166.SZ,4.18,4.2,4.16,4.16,40636300.0,169453371.0
2023-09-12,000100.SZ,3.86,3.91,3.82,3.9,195820200.0,759782376.0
2023-09-13,000166.SZ,4.17,4.17,4.1,4.12,59530100.0,246752264.49999997
2023-09-13,000100.SZ,3.89,3.9,3.79,3.82,174033300.0,670898371.5
2023-09-13,000157.SZ,6.02,6.05,5.95,5.98,22036700.0,132220200.0
2023-09-14,000157.SZ,6.01,6.04,5.95,6.02,32485100.0,195397876.5
2023-09-14,000100.SZ,3.81,3.82,3.76,3.79,131004500.0,497817100.0
2023-09-14,000166.SZ,4.13,4.16,4.11,4.15,57871000.0,239585940.00000003
2023-09-15,000100.SZ,3.81,3.84,3.78,3.8,130405200.0,496191785.99999994
2023-09-15,000166.SZ,4.16,4.19,4.14,4.15,72861400.0,302739117.0
2023-09-15,000157.SZ,6.01,6.05,5.95,5.97,37157100.0,222571029.0
2023-09-18,000157.SZ,5.97,6.0,5.93,5.95,23999900.0,143039404.0
2023-09-18,000100.SZ,3.79,3.82,3.74,3.79,114883900.0,435409981.0
2023-09-18,000166.SZ,4.14,4.17,4.12,4.16,43790200.0,181729330.00000003
2023-09-19,000166.SZ,4.17,4.18,4.14,4.15,59994300.0,249576288.0
2023-09-19,000100.SZ,3.79,3.81,3.75,3.8,124150800.0,471152286.0
2023-09-19,000157.SZ,5.96,6.01,5.93,5.99,26306800.0,157183130.0
2023-09-20,000157.SZ,5.98,6.03,5.92,6.0,33208600.0,198919514.0
2023-09-20,000100.SZ,3.79,3.86,3.76,3.77,149147800.0,563778684.0
2023-09-20,000166.SZ,4.15,4.17,4.12,4.15,39122900.0,162360035.0
2023-09-21,000166.SZ,4.15,4.17,4.1,4.1,57848300.0,238624237.5
2023-09-21,000100.SZ,3.74,3.77,3.71,3.74,175086700.0,654824258.0
2023-09-21,000157.SZ,5.99,6.04,5.96,5.98,27526600.0,164746701.0
2023-09-22,000166.SZ,4.09,4.22,4.09,4.21,116851900.0,484935385.00000006
2023-09-22,000157.SZ,5.97,6.03,5.94,6.02,29096700.0,174434716.49999997
2023-09-22,000100.SZ,3.75,3.85,3.73,3.84,178192700.0,676241296.5
2023-09-25,000157.SZ,6.01,6.03,5.96,5.99,28404600.0,170427600.0
2023-09-25,000166.SZ,4.2,4.2,4.15,4.16,54977900.0,229807621.99999997
2023-09-25,000100.SZ,3.85,3.86,3.76,3.78,146695600.0,559643714.0
2023-09-26,000157.SZ,6.02,6.08,6.0,6.03,25345800.0,152708445.0
2023-09-26,000100.SZ,3.77,3.8,3.74,3.76,137723500.0,518528977.49999994
2023-09-26,000166.SZ,4.16,4.18,4.14,4.15,37936900.0,157627819.5
2023-09-27,000100.SZ,3.76,3.81,3.74,3.8,146539100.0,553917798.0
2023-09-27,000166.SZ,4.15,4.17,4.13,4.14,45814600.0,189901516.99999997
2023-09-27,000157.SZ,6.02,6.08,6.0,6.01,24080700.0,144845410.5
2023-09-28,000157.SZ,6.0,6.02,5.95,5.97,25361600.0,151789176.0
2023-09-28,000100.SZ,3.8,3.9,3.79,3.89,199309800.0,766346181.0
2023-09-28,000166.SZ,4.15,4.17,4.12,4.13,56005000.0,231860700.00000003
2023-10-09,000166.SZ,4.12,4.19,4.08,4.17,91419800.0,378935070.99999994
2023-10-09,000100.SZ,3.88,3.94,3.78,3.9,202535100.0,787861538.9999999
2023-10-09,000157.SZ,5.94,6.07,5.92,6.02,32835200.0,196354496.0
2023-10-10,000157.SZ,6.06,6.06,5.83,5.85,45447400.0,270639267.0
2023-10-10,000166.SZ,4.17,4.19,4.1,4.11,64898300.0,268678962.00000006
2023-10-10,000100.SZ,3.9,3.91,3.88,3.9,108884400.0,424649160.0
2023-10-11,000100.SZ,3.9,3.93,3.89,3.91,136922100.0,534680800.50000006
2023-10-11,000157.SZ,5.86,5.95,5.83,5.84,30654500.0,179328825.0
2023-10-11,000166.SZ,4.12,4.17,4.1,4.11,53361500.0,219582572.5
2023-10-12,000166.SZ,4.18,4.24,4.15,4.19,75823900.0,317323021.50000006
2023-10-12,000100.SZ,3.92,3.95,3.9,3.94,125194000.0,492012419.99999994
2023-10-12,000157.SZ,5.86,5.9,5.84,5.86,19445500.0,113950630.0
2023-10-13,000100.SZ,3.92,4.02,3.9,3.98,247849400.0,979005130.0
2023-10-13,000157.SZ,5.85,5.87,5.76,5.81,25431400.0,148265062.0
2023-10-13,000166.SZ,4.15,4.2,4.13,4.18,52659500.0,219326817.5
2023-10-16,000166.SZ,4.17,4.22,4.13,4.19,67076200.0,280378516.0
2023-10-16,000100.SZ,3.97,3.97,3.83,3.85,203678700.0,796383717.0
2023-10-16,000157.SZ,5.82,5.83,5.73,5.75,22797400.0,131882959.0
2023-10-17,000100.SZ,3.9,3.92,3.79,3.87,256095400.0,994930629.0
2023-10-17,000157.SZ,5.77,5.79,5.71,5.75,18254000.0,105143040.0
2023-10-17,000166.SZ,4.21,4.25,4.18,4.22,87370900.0,368268343.5
2023-10-18,000166.SZ,4.21,4.23,4.17,4.18,64984500.0,272609977.5
2023-10-18,000157.SZ,5.75,5.78,5.67,5.68,18629100.0,106465306.5
2023-10-18,000100.SZ,3.85,3.89,3.79,3.85,160083100.0,616319935.0
2023-10-19,000166.SZ,4.16,4.21,4.14,4.14,64341400.0,267016810.00000003
2023-10-19,000157.SZ,5.64,5.7,5.56,5.57,22481100.0,126006565.50000001
2023-10-19,000100.SZ,3.83,3.86,3.74,3.74,175925000.0,665876125.0
2023-10-20,000157.SZ,5.57,5.6,5.51,5.53,19042500.0,105685875.00000001
2023-10-20,000100.SZ,3.74,3.75,3.67,3.67,176345000.0,653358225.0
2023-10-20,000166.SZ,4.12,4.17,4.11,4.13,48584200.0,200409825.0
2023-10-23,000166.SZ,4.11,4.12,4.0,4.0,70351600.0,285275738.0
2023-10-23,000100.SZ,3.66,3.66,3.55,3.58,181642000.0,657544040.0
2023-10-23,000157.SZ,5.53,5.55,5.45,5.48,22013700.0,121185418.50000001
2023-10-24,000166.SZ,4.02,4.16,4.01,4.15,76667200.0,313185512.0
2023-10-24,000100.SZ,3.6,3.62,3.54,3.6,156562500.0,563625000.0
2023-10-24,000157.SZ,5.51,5.56,5.4,5.43,30775800.0,168343626.0
2023-10-25,000100.SZ,3.64,3.66,3.6,3.64,133328200.0,485314648.0
2023-10-25,000166.SZ,4.19,4.21,4.16,4.17,69839500.0,291929110.0
2023-10-25,000157.SZ,5.62,5.72,5.56,5.64,60881100.0,342760593.0
2023-10-26,000166.SZ,4.15,4.21,4.14,4.19,44519200.0,185645064.0
2023-10-26,000157.SZ,5.62,5.69,5.56,5.68,27942900.0,157877385.0
2023-10-26,000100.SZ,3.62,3.67,3.58,3.67,148183300.0,540128128.5
2023-10-27,000166.SZ,4.18,4.24,4.17,4.22,59728900.0,250861379.99999997
2023-10-27,000157.SZ,5.68,5.82,5.65,5.81,28345500.0,162844897.49999997
2023-10-27,000100.SZ,3.66,3.68,3.62,3.66,179208600.0,655903476.0
2023-10-30,000157.SZ,5.78,5.79,5.63,5.72,38930700.0,223851525.0
2023-10-30,000166.SZ,4.22,4.22,4.18,4.19,50963100.0,214299835.5
2023-10-30,000100.SZ,3.66,3.89,3.62,3.87,406203300.0,1529355424.5
2023-10-31,000100.SZ,3.84,3.85,3.72,3.74,276991200.0,1049796648.0
2023-10-31,000157.SZ,5.76,5.81,5.58,5.6,49876300.0,283297384.0
2023-10-31,000166.SZ,4.18,4.21,4.17,4.19,37884300.0,158545795.50000003
2023-11-01,000166.SZ,4.21,4.23,4.17,4.17,53531000.0,224294889.99999997
2023-11-01,000100.SZ,3.74,3.75,3.69,3.69,206780500.0,768189557.5
2023-11-01,000157.SZ,5.62,5.62,5.46,5.48,45881500.0,254642325.00000003
2023-11-02,000100.SZ,3.74,3.76,3.7,3.7,186368200.0,693289704.0
2023-11-02,000157.SZ,5.47,5.55,5.45,5.49,31376900.0,171945412.0
2023-11-02,000166.SZ,4.18,4.21,4.15,4.15,42193300.0,175735094.5
2023-11-03,000166.SZ,4.15,4.2,4.15,4.18,40044200.0,166784093.0
2023-11-03,000157.SZ,5.54,5.67,5.49,5.61,35299900.0,196796942.5
2023-11-03,000100.SZ,3.7,3.86,3.7,3.84,339017300.0,1278095221.0
2023-11-06,000100.SZ,3.86,4.0,3.86,3.95,442114900.0,1726458684.5
2023-11-06,000157.SZ,5.65,5.66,5.52,5.62,38541500.0,217181352.5
2023-11-06,000166.SZ,4.29,4.35,4.25,4.33,149183300.0,642980023.0000001
2023-11-07,000166.SZ,4.31,4.4,4.29,4.38,107298900.0,466213720.5
2023-11-07,000100.SZ,3.95,3.99,3.92,3.95,258800100.0,1022260395.0
2023-11-07,000157.SZ,5.62,5.66,5.6,5.64,24058800.0,135451044.0
2023-11-08,000157.SZ,5.64,5.67,5.58,5.59,21139100.0,118696046.5
2023-11-08,000100.SZ,3.95,3.96,3.9,3.93,249325400.0,982342076.0000001
2023-11-08,000166.SZ,4.38,4.41,4.29,4.32,99659400.0,433518389.99999994
2023-11-09,000166.SZ,4.31,4.33,4.28,4.3,51215700.0,220483588.5
2023-11-09,000157.SZ,5.6,5.66,5.58,5.63,20662000.0,116017130.0
2023-11-09,000100.SZ,3.92,3.96,3.9,3.92,177178700.0,694540504.0
2023-11-10,000157.SZ,5.61,5.65,5.58,5.61,14655200.0,82215672.0
2023-11-10,000166.SZ,4.3,4.33,4.29,4.32,51219500.0,220756045.00000003
2023-11-10,000100.SZ,3.9,3.93,3.88,3.9,139968800.0,545878320.0
2023-11-13,000157.SZ,5.61,5.62,5.56,5.61,15219300.0,85380273.0
2023-11-13,000166.SZ,4.3,4.31,4.26,4.29,55036800.0,236383056.0
2023-11-13,000100.SZ,3.91,3.96,3.9,3.92,136058000.0,532667070.0
2023-11-14,000100.SZ,3.92,4.0,3.91,3.95,193579400.0,761734939.0
2023-11-14,000157.SZ,5.59,5.66,5.58,5.65,18492100.0,103925602.0
2023-11-14,000166.SZ,4.29,4.5,4.28,4.4,183860600.0,798874307.0000001
2023-11-15,000157.SZ,5.68,5.73,5.65,5.72,21656100.0,123439769.99999999
2023-11-15,000166.SZ,4.43,4.49,4.4,4.42,129847400.0,574574745.0
2023-11-15,000100.SZ,4.0,4.02,3.96,3.98,191968900.0,765955911.0
2023-11-16,000157.SZ,5.71,5.75,5.68,5.72,22421500.0,128138872.5
2023-11-16,000100.SZ,3.97,4.01,3.94,3.96,151670700.0,601374325.5
2023-11-16,000166.SZ,4.41,4.44,4.38,4.39,66441700.0,292343480.0
2023-11-17,000157.SZ,5.71,5.71,5.63,5.66,17514200.0,99568227.00000001
2023-11-17,000100.SZ,3.94,4.03,3.94,3.97,201322200.0,796229301.0
2023-11-17,000166.SZ,4.38,4.42,4.37,4.41,53007300.0,232967083.49999997
2023-11-20,000100.SZ,3.97,3.98,3.91,3.92,159024100.0,627350074.5
2023-11-20,000157.SZ,5.67,5.68,5.58,5.67,19659700.0,111470499.0
2023-11-20,000166.SZ,4.41,4.42,4.32,4.36,62639600.0,274674646.0
2023-11-21,000157.SZ,5.68,5.75,5.62,5.62,25925300.0,146477945.0
2023-11-21,000166.SZ,4.37,4.42,4.33,4.36,58093600.0,253578564.0
2023-11-21,000100.SZ,3.93,3.96,3.9,3.9,155498400.0,608776236.0
2023-11-22,000166.SZ,4.34,4.38,4.32,4.32,38641800.0,167318994.0
2023-11-22,000100.SZ,3.9,3.91,3.86,3.86,145367700.0,564026676.0
2023-11-22,000157.SZ,5.61,5.64,5.54,5.54,22179500.0,123650712.5
2023-11-23,000157.SZ,5.54,5.66,5.54,5.63,18081700.0,100986294.5
2023-11-23,000100.SZ,3.88,3.91,3.85,3.9,125323600.0,487508803.99999994
2023-11-23,000166.SZ,4.33,4.35,4.3,4.33,38609900.0,167180867.0
2023-11-24,000157.SZ,5.63,5.65,5.59,5.63,14421900.0,81195297.0
2023-11-24,000100.SZ,3.91,3.94,3.89,3.91,134867800.0,527333098.0
2023-11-24,000166.SZ,4.34,4.41,4.31,4.35,63895400.0,277625513.0
2023-11-27,000166.SZ,4.33,4.37,4.28,4.35,73048500.0,317030490.0
2023-11-27,000100.SZ,3.93,3.96,3.9,3.95,192194700.0,757247118.0000001
2023-11-27,000157.SZ,5.61,5.67,5.54,5.64,22452800.0,126297000.0
2023-11-28,000157.SZ,5.64,5.64,5.57,5.59,23395800.0,131367417.0
2023-11-28,000100.SZ,3.97,4.05,3.94,3.99,240035600.0,955341688.0000001
2023-11-28,000166.SZ,4.34,4.37,4.31,4.34,45775600.0,198666104.0
2023-11-29,000100.SZ,4.0,4.07,3.96,3.97,168073600.0,669773296.0
2023-11-29,000157.SZ,5.61,5.63,5.54,5.54,21024000.0,117208800.0
2023-11-29,000166.SZ,4.34,4.36,4.27,4.28,54029800.0,232868438.00000003
2023-11-30,000100.SZ,3.98,4.01,3.92,3.98,184293600.0,733488528.0
2023-11-30,000157.SZ,5.55,5.65,5.53,5.62,26019700.0,145320024.5
2023-11-30,000166.SZ,4.29,4.32,4.27,4.3,45021200.0,193366054.0
2023-12-01,000157.SZ,5.62,5.64,5.57,5.58,21806300.0,122115279.99999999
2023-12-01,000100.SZ,3.97,4.0,3.9,3.98,167462300.0,665662642.5
2023-12-01,000166.SZ,4.31,4.38,4.3,4.37,62656100.0,271927474.0
2023-12-04,000166.SZ,4.36,4.42,4.35,4.39,59583200.0,260676500.0
2023-12-04,000157.SZ,5.6,5.64,5.57,5.62,20159200.0,113093111.99999999
2023-12-04,000100.SZ,3.98,3.99,3.93,3.94,149886700.0,593551332.0
2023-12-05,000100.SZ,3.92,3.94,3.89,3.9,193055400.0,754846614.0
2023-12-05,000157.SZ,5.61,5.61,5.52,5.53,24174200.0,134650294.0
2023-12-05,000166.SZ,4.38,4.38,4.28,4.29,71267200.0,308943312.0
2023-12-06,000166.SZ,4.29,4.31,4.25,4.26,47707900.0,203951272.50000003
2023-12-06,000157.SZ,5.52,5.57,5.47,5.53,17715300.0,97877032.5
2023-12-06,000100.SZ,3.89,3.95,3.87,3.92,183113500.0,715058217.5
2023-12-07,000166.SZ,4.26,4.36,4.24,4.34,67301300.0,289395590.0
2023-12-07,000100.SZ,3.91,3.94,3.9,3.9,179598700.0,701332923.5
2023-12-07,000157.SZ,5.54,5.62,5.52,5.6,23815700.0,132653449.0
2023-12-08,000166.SZ,4.34,4.37,4.3,4.31,57488800.0,248639059.99999997
2023-12-08,000100.SZ,3.9,4.01,3.9,3.97,374212500.0,1472526187.5
2023-12-08,000157.SZ,5.6,5.71,5.52,5.53,28161500.0,156718747.5
2023-12-11,000100.SZ,3.97,3.97,3.82,3.86,373642800.0,1462811562.0
2023-12-11,000166.SZ,4.31,4.38,4.22,4.37,78826400.0,342106576.0
2023-12-11,000157.SZ,5.51,5.56,5.43,5.55,28265900.0,156310426.99999997
2023-12-12,000157.SZ,5.55,5.59,5.51,5.55,13115000.0,72788250.0
2023-12-12,000166.SZ,4.36,4.38,4.34,4.37,43982100.0,191981866.5
2023-12-12,000100.SZ,3.84,3.86,3.78,3.81,206042900.0,788114092.5
2023-12-13,000157.SZ,5.56,5.56,5.46,5.46,19301400.0,106350714.0
2023-12-13,000100.SZ,3.8,3.81,3.75,3.75,168880200.0,637522755.0
2023-12-13,000166.SZ,4.37,4.39,4.33,4.33,41955000.0,182504249.99999997
2023-12-14,000157.SZ,5.47,5.51,5.41,5.42,21235000.0,115624575.0
2023-12-14,000100.SZ,3.77,3.78,3.71,3.72,160904600.0,602587727.0
2023-12-14,000166.SZ,4.35,4.37,4.3,4.31,34264900.0,148367017.0
2023-12-15,000166.SZ,4.32,4.34,4.27,4.27,44359600.0,190524482.0
2023-12-15,000157.SZ,5.45,5.52,5.41,5.41,18502900.0,100470747.0
2023-12-15,000100.SZ,3.73,3.81,3.7,3.72,212924900.0,793145252.5
2023-12-18,000166.SZ,4.27,4.31,4.24,4.26,49457100.0,210934531.49999997
2023-12-18,000100.SZ,3.72,3.73,3.68,3.7,117015700.0,434128247.0
2023-12-18,000157.SZ,5.42,5.47,5.32,5.43,19549600.0,106056580.0
2023-12-19,000166.SZ,4.26,4.28,4.22,4.25,41191900.0,175271534.5
2023-12-19,000157.SZ,5.43,5.51,5.38,5.5,19885200.0,108672618.0
2023-12-19,000100.SZ,3.7,3.76,3.68,3.72,126659500.0,469906745.0
2023-12-20,000100.SZ,3.74,3.78,3.71,3.72,155272800.0,579167544.0000001
2023-12-20,000157.SZ,5.52,5.62,5.49,5.56,35771900.0,198176325.99999997
2023-12-20,000166.SZ,4.25,4.26,4.16,4.16,53453800.0,224773229.0
2023-12-21,000166.SZ,4.15,4.17,4.12,4.14,51876900.0,215029750.49999997
2023-12-21,000157.SZ,5.57,5.63,5.49,5.62,35638900.0,199399645.50000003
2023-12-21,000100.SZ,3.71,3.74,3.69,3.71,176304100.0,654088211.0
2023-12-22,000166.SZ,4.14,4.23,4.12,4.19,78516000.0,327019140.0
2023-12-22,000157.SZ,5.63,5.66,5.6,5.63,28343900.0,159576157.0
2023-12-22,000100.SZ,3.71,3.8,3.7,3.72,182005600.0,676150804.0
2023-12-25,000166.SZ,4.17,4.21,4.16,4.21,33647700.0,140983862.99999997
2023-12-25,000157.SZ,5.61,5.69,5.61,5.68,24876600.0,140428407.0
2023-12-25,000100.SZ,3.73,3.78,3.72,3.78,131678000.0,494450890.0
2023-12-26,000100.SZ,3.78,3.8,3.74,3.75,145393100.0,547405021.5
2023-12-26,000157.SZ,5.68,5.7,5.59,5.63,18036200.0,101994710.99999999
2023-12-26,000166.SZ,4.2,4.21,4.15,4.16,30555700.0,127722825.99999999
2023-12-27,000100.SZ,3.76,3.94,3.75,3.93,361710800.0,1390778026.0
2023-12-27,000157.SZ,5.63,5.71,5.6,5.7,22887300.0,129656554.5
2023-12-27,000166.SZ,4.16,4.21,4.13,4.2,36641200.0,153160216.0
2023-12-28,000100.SZ,3.93,3.97,3.91,3.96,283721600.0,1119281712.0
2023-12-28,000157.SZ,5.72,5.74,5.68,5.73,28376900.0,162457752.5
2023-12-28,000166.SZ,4.2,4.27,4.19,4.25,63995200.0,270379720.0
2023-12-29,000166.SZ,4.24,4.26,4.22,4.23,50953100.0,215786378.50000003
2023-12-29,000157.SZ,5.71,5.75,5.68,5.69,23113100.0,131744670.0
2023-12-29,000100.SZ,3.97,4.1,3.94,4.1,421473000.0,1700643555.0
2024-01-02,000100.SZ,4.08,4.1,4.01,4.07,263615200.0,1074231940.0
2024-01-02,000157.SZ,5.71,5.82,5.66,5.78,36905400.0,212021523.0
2024-01-02,000166.SZ,4.23,4.24,4.17,4.17,56673200.0,238027440.0
2024-01-03,000166.SZ,4.17,4.21,4.16,4.18,39034200.0,162967785.0
2024-01-03,000100.SZ,4.07,4.12,4.01,4.06,254043300.0,1032686014.4999999
2024-01-03,000157.SZ,5.77,5.82,5.75,5.82,22462800.0,130171926.0
2024-01-04,000157.SZ,5.82,5.82,5.75,5.81,21602200.0,125616792.99999999
2024-01-04,000166.SZ,4.17,4.18,4.12,4.14,41428300.0,172134586.49999997
2024-01-04,000100.SZ,4.05,4.05,3.97,3.98,251588900.0,1010129433.4999999
2024-01-05,000166.SZ,4.15,4.24,4.13,4.17,71990500.0,299480480.0
2024-01-05,000157.SZ,5.8,5.85,5.75,5.77,22756500.0,131646352.5
2024-01-05,000100.SZ,3.99,4.08,3.96,4.03,288237500.0,1155832375.0
2024-01-08,000157.SZ,5.75,5.79,5.72,5.73,22932800.0,131634272.0
2024-01-08,000100.SZ,4.05,4.22,4.04,4.09,421435100.0,1715240857.0000002
2024-01-08,000166.SZ,4.16,4.16,4.05,4.06,61364800.0,252209327.99999997
2024-01-09,000100.SZ,4.09,4.18,4.05,4.09,258089600.0,1055586464.0
2024-01-09,000166.SZ,4.06,4.09,4.0,4.04,44229400.0,179129070.0
2024-01-09,000157.SZ,5.72,5.77,5.67,5.75,29624300.0,169895360.49999997
2024-01-10,000157.SZ,5.73,5.8,5.71,5.75,25798000.0,148080520.0
2024-01-10,000100.SZ,4.08,4.1,4.01,4.02,177418500.0,718544925.0
2024-01-10,000166.SZ,4.04,4.08,4.01,4.03,35675600.0,143951046.0
2024-01-11,000166.SZ,4.02,4.07,4.01,4.04,47130800.0,189937123.99999997
2024-01-11,000157.SZ,5.75,5.8,5.67,5.75,25544000.0,146878000.0
2024-01-11,000100.SZ,4.02,4.1,3.99,4.08,176212100.0,713659005.0
2024-01-12,000100.SZ,4.08,4.1,4.03,4.05,124731000.0,507031514.99999994
2024-01-12,000157.SZ,5.72,5.82,5.71,5.75,24569300.0,140904935.5
2024-01-12,000166.SZ,4.04,4.1,4.03,4.04,44578700.0,180097948.0
2024-01-15,000166.SZ,4.03,4.05,4.0,4.0,45894100.0,184264811.50000003
2024-01-15,000100.SZ,4.03,4.11,4.02,4.08,140892900.0,571320709.5
2024-01-15,000157.SZ,5.73,5.82,5.7,5.81,26468600.0,152723822.0
2024-01-16,000100.SZ,4.09,4.12,4.03,4.12,175153400.0,719004707.0000001
2024-01-16,000157.SZ,5.8,6.0,5.78,6.0,64080600.0,378075540.0
2024-01-16,000166.SZ,4.0,4.05,3.99,4.04,52159600.0,209681591.99999997
2024-01-17,000157.SZ,6.0,6.28,5.99,6.14,107031700.0,649682419.0
2024-01-17,000100.SZ,4.1,4.13,4.01,4.02,174409400.0,708102163.9999999
2024-01-17,000166.SZ,4.03,4.06,4.0,4.0,39896800.0,160185652.00000003
2024-01-18,000100.SZ,4.0,4.07,3.95,4.06,237471900.0,957011756.9999999
2024-01-18,000166.SZ,3.99,4.01,3.87,4.0,77249400.0,308611353.0
2024-01-18,000157.SZ,6.09,6.2,6.04,6.18,83060800.0,509578008.0
2024-01-19,000166.SZ,3.99,4.0,3.95,3.98,47867000.0,190749995.00000003
2024-01-19,000100.SZ,4.05,4.13,4.02,4.08,230410400.0,936618275.9999999
2024-01-19,000157.SZ,6.18,6.29,6.11,6.18,64597000.0,399209460.0
2024-01-22,000157.SZ,6.17,6.22,6.0,6.04,60005400.0,366332967.0
2024-01-22,000166.SZ,3.99,4.06,3.9,3.94,95273700.0,377760220.5
2024-01-22,000100.SZ,4.06,4.08,3.9,3.91,278623900.0,1110316241.5
2024-01-23,000157.SZ,6.02,6.19,5.95,6.14,61654200.0,374857536.0
2024-01-23,000100.SZ,3.91,4.04,3.9,4.0,234777100.0,928543430.5
2024-01-23,000166.SZ,3.94,4.01,3.89,3.99,63115300.0,250252164.5
2024-01-24,000166.SZ,4.0,4.16,3.97,4.12,98735300.0,400865318.00000006
2024-01-24,000100.SZ,4.0,4.07,3.94,4.07,222129800.0,896293743.0
2024-01-24,000157.SZ,6.13,6.36,6.12,6.29,67527000.0,419342670.0
2024-01-25,000157.SZ,6.27,6.34,6.22,6.32,65072000.0,409628240.0
2024-01-25,000166.SZ,4.1,4.22,4.09,4.22,116408600.0,484259776.0
2024-01-25,000100.SZ,4.07,4.1,4.01,4.08,216657000.0,882877275.0
2024-01-26,000100.SZ,4.06,4.14,4.04,4.11,242201000.0,989391085.0
2024-01-26,000166.SZ,4.21,4.26,4.17,4.23,103242300.0,435682506.00000006
2024-01-26,000157.SZ,6.32,6.41,6.29,6.36,56856400.0,360469576.0
2024-01-29,000166.SZ,4.23,4.31,4.22,4.26,95636400.0,405976518.0
2024-01-29,000157.SZ,6.36,6.5,6.36,6.43,69228700.0,442717536.5
2024-01-29,000100.SZ,4.14,4.16,4.0,4.05,246135100.0,1007923234.4999999
2024-01-30,000166.SZ,4.22,4.29,4.2,4.21,64634000.0,272432310.0
2024-01-30,000100.SZ,4.01,4.04,3.95,3.95,198653100.0,790639338.0
2024-01-30,000157.SZ,6.4,6.52,6.36,6.43,67461200.0,432763598.0
2024-01-31,000157.SZ,6.4,6.43,6.24,6.28,57803600.0,366474824.0
2024-01-31,000100.SZ,3.93,3.95,3.85,3.86,191963600.0,747698222.0
2024-01-31,000166.SZ,4.21,4.24,4.15,4.17,72367800.0,303221081.99999994
2024-02-01,000100.SZ,3.86,4.06,3.85,3.98,255091000.0,999956720.0
2024-02-01,000166.SZ,4.16,4.22,4.14,4.15,74820900.0,310880839.5
2024-02-01,000157.SZ,6.24,6.34,6.2,6.28,54208900.0,339347714.0
2024-02-02,000100.SZ,3.98,4.03,3.8,3.9,226962400.0,894231856.0
2024-02-02,000157.SZ,6.29,6.5,6.25,6.41,80201700.0,509280795.0
2024-02-02,000166.SZ,4.16,4.21,4.01,4.13,95433800.0,395573100.99999994
2024-02-05,000166.SZ,4.14,4.2,4.01,4.09,114645800.0,471767467.0
2024-02-05,000157.SZ,6.41,6.57,6.36,6.49,85088100.0,548818245.0
2024-02-05,000100.SZ,3.86,3.91,3.74,3.83,308468300.0,1186060613.5
2024-02-06,000100.SZ,3.8,3.97,3.79,3.96,290038500.0,1125349380.0
2024-02-06,000166.SZ,4.06,4.33,4.03,4.29,135935700.0,567531547.5
2024-02-06,000157.SZ,6.44,6.79,6.4,6.79,104261500.0,689689822.5
2024-02-07,000166.SZ,4.29,4.36,4.25,4.32,150927000.0,649740735.0
2024-02-07,000157.SZ,6.8,6.83,6.63,6.73,95010600.0,642746709.0
2024-02-07,000100.SZ,3.94,4.05,3.9,4.01,282380500.0,1122462487.5
2024-02-08,000166.SZ,4.33,4.37,4.22,4.27,159931300.0,687704590.0
2024-02-08,000100.SZ,4.0,4.02,3.94,3.96,305000500.0,1213901990.0
2024-02-08,000157.SZ,6.7,6.84,6.64,6.75,73773700.0,496128132.5
2024-02-19,000100.SZ,4.0,4.13,3.96,4.13,368707100.0,1498794361.4999998
2024-02-19,000157.SZ,6.77,6.91,6.67,6.91,75836300.0,518720292.0
2024-02-19,000166.SZ,4.24,4.24,4.16,4.2,121509000.0,512767980.00000006
2024-02-20,000100.SZ,4.1,4.17,4.07,4.15,216743100.0,894065287.5
2024-02-20,000166.SZ,4.19,4.26,4.17,4.25,89270900.0,376723198.00000006
2024-02-20,000157.SZ,6.9,7.13,6.83,7.11,65819700.0,461066998.50000006
2024-02-21,000100.SZ,4.12,4.29,4.11,4.21,361865000.0,1507167725.0
2024-02-21,000166.SZ,4.25,4.35,4.21,4.29,102040800.0,435714215.99999994
2024-02-21,000157.SZ,7.06,7.19,7.0,7.01,65198900.0,458674261.5
2024-02-22,000157.SZ,6.98,7.1,6.96,7.1,47834100.0,336752064.0
2024-02-22,000166.SZ,4.28,4.34,4.27,4.34,75040100.0,323422831.00000006
2024-02-22,000100.SZ,4.19,4.23,4.14,4.21,195967400.0,823063080.0
2024-02-23,000166.SZ,4.33,4.35,4.29,4.33,70443800.0,305021654.0
2024-02-23,000157.SZ,7.09,7.15,6.85,6.95,72943100.0,512060561.99999994
2024-02-23,000100.SZ,4.21,4.26,4.16,4.21,183080600.0,770769326.0
2024-02-26,000157.SZ,6.98,7.06,6.93,6.98,52228000.0,364551440.0
2024-02-26,000166.SZ,4.32,4.37,4.3,4.3,78132800.0,336752368.00000006
2024-02-26,000100.SZ,4.22,4.29,4.18,4.19,198985500.0,836734027.5
2024-02-27,000157.SZ,6.97,7.05,6.91,6.98,48797400.0,340361865.0
2024-02-27,000166.SZ,4.28,4.36,4.28,4.36,81793600.0,353348352.0
2024-02-27,000100.SZ,4.18,4.22,4.16,4.22,199620900.0,838407779.9999999
2024-02-28,000157.SZ,6.97,6.97,6.76,6.79,75120400.0,516828352.0
2024-02-28,000166.SZ,4.37,4.45,4.3,4.31,126187300.0,547652882.0
2024-02-28,000100.SZ,4.23,4.24,4.1,4.1,247100100.0,1029171916.5
2024-02-29,000100.SZ,4.08,4.31,4.07,4.31,398287500.0,1670816062.5
2024-02-29,000166.SZ,4.28,4.37,4.28,4.37,89354000.0,386456050.0
2024-02-29,000157.SZ,6.77,7.0,6.76,6.97,57148000.0,392606759.99999994
2024-03-01,000100.SZ,4.35,4.63,4.27,4.6,635577900.0,2844211102.5
2024-03-01,000166.SZ,4.36,4.38,4.31,4.35,81800500.0,356241177.50000006
2024-03-01,000157.SZ,6.99,7.11,6.93,6.97,50058400.0,349407632.0
2024-03-04,000157.SZ,6.94,7.05,6.93,6.97,40729700.0,283275063.5
2024-03-04,000166.SZ,4.37,4.38,4.29,4.31,75427300.0,327354482.0
2024-03-04,000100.SZ,4.62,4.62,4.46,4.5,402326900.0,1834610664.0000002
2024-03-05,000157.SZ,6.97,7.02,6.91,7.0,35373000.0,247080404.99999997
2024-03-05,000166.SZ,4.3,4.32,4.28,4.3,64801200.0,278645160.0
2024-03-05,000100.SZ,4.49,4.65,4.47,4.58,450777500.0,2044275962.5
2024-03-06,000100.SZ,4.55,4.66,4.52,4.56,327419900.0,1491397644.5
2024-03-06,000166.SZ,4.3,4.36,4.28,4.31,62425000.0,268739625.0
2024-03-06,000157.SZ,7.01,7.27,6.98,7.2,79973200.0,568209586.0
2024-03-07,000157.SZ,7.21,7.31,7.17,7.18,47541500.0,342061092.5
2024-03-07,000166.SZ,4.31,4.34,4.27,4.27,65307700.0,280170032.99999994
2024-03-07,000100.SZ,4.52,4.54,4.41,4.44,291938500.0,1307884480.0000002
2024-03-08,000157.SZ,7.18,7.22,7.02,7.07,60049800.0,427854825.0
2024-03-08,000166.SZ,4.27,4.29,4.24,4.27,42248700.0,180401948.99999997
2024-03-08,000100.SZ,4.44,4.52,4.43,4.5,206444400.0,922806468.0000001
2024-03-11,000157.SZ,7.06,7.13,6.84,6.93,61198500.0,428083507.49999994
2024-03-11,000166.SZ,4.29,4.36,4.29,4.36,89639500.0,387690837.5
2024-03-11,000100.SZ,4.5,4.58,4.45,4.52,233655300.0,1053785403.0
2024-03-12,000100.SZ,4.52,4.52,4.41,4.43,250615600.0,1121504810.0
2024-03-12,000166.SZ,4.37,4.41,4.34,4.37,67587000.0,295355190.0
2024-03-12,000157.SZ,6.91,6.91,6.71,6.79,55849700.0,382570445.0
2024-03-13,000157.SZ,6.78,6.84,6.65,6.66,63390900.0,425986848.00000006
2024-03-13,000166.SZ,4.37,4.38,4.3,4.31,48046500.0,208521810.0
2024-03-13,000100.SZ,4.43,4.48,4.41,4.41,171086500.0,756202330.0
2024-03-14,000157.SZ,6.68,6.92,6.67,6.87,78564900.0,532277197.5
2024-03-14,000166.SZ,4.31,4.34,4.26,4.28,55046200.0,236423429.0
2024-03-14,000100.SZ,4.39,4.44,4.34,4.38,196669700.0,862396634.5
2024-03-15,000100.SZ,4.37,4.46,4.36,4.46,216164500.0,954366267.5
2024-03-15,000157.SZ,6.86,6.92,6.76,6.79,45163300.0,308239522.5
2024-03-15,000166.SZ,4.28,4.33,4.23,4.3,64653200.0,277362228.0
2024-03-18,000157.SZ,6.8,7.01,6.78,6.96,59054000.0,406291520.0
2024-03-18,000166.SZ,4.33,4.41,4.32,4.39,100241600.0,437053375.99999994
2024-03-18,000100.SZ,4.44,4.51,4.36,4.46,283345200.0,1260886140.0
2024-03-19,000157.SZ,6.92,6.98,6.84,6.84,34160000.0,235020800.0
2024-03-19,000100.SZ,4.44,4.51,4.41,4.42,223852300.0,991665688.9999999
2024-03-19,000166.SZ,4.4,4.4,4.35,4.36,61995800.0,271541604.00000006
2024-03-20,000166.SZ,4.38,4.38,4.32,4.35,48890600.0,213407469.0
2024-03-20,000157.SZ,6.83,6.88,6.73,6.77,36517800.0,248321040.0
2024-03-20,000100.SZ,4.4,4.47,4.33,4.38,235448100.0,1033617159.0000001
2024-03-21,000100.SZ,4.41,4.5,4.34,4.34,290955700.0,1272931187.5
2024-03-21,000166.SZ,4.38,4.4,4.34,4.36,61246600.0,267647642.0
2024-03-21,000157.SZ,6.79,6.81,6.7,6.73,32929500.0,222603420.0
2024-03-22,000100.SZ,4.32,4.33,4.24,4.27,284382600.0,1221423267.0
2024-03-22,000166.SZ,4.35,4.36,4.26,4.29,60005900.0,259225488.00000003
2024-03-22,000157.SZ,6.7,6.83,6.7,6.73,50205400.0,337129261.0
2024-03-25,000157.SZ,6.76,7.06,6.74,6.93,75772800.0,518664816.0
2024-03-25,000100.SZ,4.25,4.31,4.21,4.22,202589500.0,857966532.4999999
2024-03-25,000166.SZ,4.27,4.3,4.23,4.24,66608400.0,283418742.0
2024-03-26,000166.SZ,4.24,4.28,4.21,4.26,49217100.0,209172675.0
2024-03-26,000100.SZ,4.22,4.3,4.2,4.26,218388800.0,925968512.0
2024-03-26,000157.SZ,6.91,7.05,6.89,7.03,56772700.0,395705719.00000006
2024-03-27,000157.SZ,7.03,7.09,6.91,6.91,38084700.0,265450359.00000003
2024-03-27,000100.SZ,4.26,4.4,4.25,4.31,334810900.0,1434664706.5
2024-03-27,000166.SZ,4.25,4.29,4.22,4.24,50393300.0,213919558.5
2024-03-28,000100.SZ,4.31,4.48,4.29,4.44,320605100.0,1402647312.5
2024-03-28,000166.SZ,4.22,4.26,4.18,4.21,71591200.0,301756908.0
2024-03-28,000157.SZ,6.91,7.05,6.84,7.0,36744200.0,255555911.0
2024-03-29,000166.SZ,4.2,4.25,4.2,4.25,60025700.0,253608582.49999997
2024-03-29,000100.SZ,4.44,4.46,4.39,4.45,152376200.0,677312209.0
2024-03-29,000157.SZ,7.04,7.16,6.96,7.16,62541000.0,444041100.0
2024-04-01,000100.SZ,4.5,4.9,4.5,4.9,983210400.0,4621088880.0
2024-04-01,000157.SZ,7.19,7.48,7.19,7.42,82511400.0,602745777.0
2024-04-01,000166.SZ,4.28,4.33,4.27,4.32,70502400.0,303160320.00000006
2024-04-02,000100.SZ,4.87,4.89,4.72,4.77,723280700.0,3486212974.0
2024-04-02,000157.SZ,7.43,7.51,7.32,7.4,42168100.0,312676461.5
2024-04-02,000166.SZ,4.32,4.37,4.29,4.3,73287700.0,315869987.00000006
2024-04-03,000157.SZ,7.4,7.41,7.32,7.39,32898900.0,243287365.5
2024-04-03,000100.SZ,4.81,4.91,4.7,4.88,649511200.0,3146881764.0
2024-04-03,000166.SZ,4.29,4.33,4.29,4.32,45314400.0,195078492.0
2024-04-08,000100.SZ,4.83,4.92,4.79,4.86,388035800.0,1880033451.0000002
2024-04-08,000166.SZ,4.3,4.33,4.24,4.28,66620200.0,285800658.0
2024-04-08,000157.SZ,7.29,7.62,7.29,7.55,65120500.0,483194110.0
2024-04-09,000100.SZ,4.85,4.89,4.69,4.78,326502800.0,1572110981.9999998
2024-04-09,000166.SZ,4.28,4.3,4.24,4.25,52986600.0,225987849.00000003
2024-04-09,000157.SZ,7.52,7.65,7.41,7.44,40583200.0,303562336.0
2024-04-10,000166.SZ,4.25,4.27,4.2,4.23,56321500.0,238803160.0
2024-04-10,000100.SZ,4.76,4.76,4.68,4.73,213629300.0,1013671028.5
2024-04-10,000157.SZ,7.45,7.78,7.45,7.66,75666200.0,571658141.0
2024-04-11,000157.SZ,7.62,8.09,7.58,7.95,106554500.0,829526782.5
2024-04-11,000166.SZ,4.21,4.27,4.21,4.22,53602200.0,225933273.0
2024-04-11,000100.SZ,4.7,4.75,4.68,4.69,238624600.0,1120342497.0
2024-04-12,000157.SZ,7.95,8.0,7.84,7.89,47809400.0,378650448.0
2024-04-12,000166.SZ,4.22,4.23,4.14,4.15,52952400.0,221605794.00000003
2024-04-12,000100.SZ,4.71,4.73,4.61,4.63,284993900.0,1330921513.0
2024-04-15,000100.SZ,4.6,4.77,4.56,4.75,318582000.0,1489370850.0
2024-04-15,000166.SZ,4.13,4.27,4.13,4.26,81658900.0,342559085.5
2024-04-15,000157.SZ,7.88,8.11,7.84,8.06,84167100.0,670811787.0
2024-04-16,000166.SZ,4.25,4.29,4.21,4.23,79322900.0,336329096.0
2024-04-16,000157.SZ,8.0,8.05,7.8,7.91,62319900.0,495754804.5
2024-04-16,000100.SZ,4.71,4.74,4.6,4.61,249477900.0,1162567014.0
2024-04-17,000166.SZ,4.23,4.26,4.18,4.25,85176900.0,361150056.0
2024-04-17,000157.SZ,7.89,8.17,7.77,8.15,85027500.0,681920550.0
2024-04-17,000100.SZ,4.62,4.78,4.62,4.78,289636700.0,1361292490.0
2024-04-18,000100.SZ,4.76,4.86,4.72,4.74,292093800.0,1387445550.0
2024-04-18,000157.SZ,8.11,8.31,7.99,8.04,66395700.0,536145277.49999994
2024-04-18,000166.SZ,4.24,4.37,4.23,4.33,101857300.0,436458530.5
2024-04-19,000100.SZ,4.74,4.77,4.68,4.74,198210500.0,939517770.0
2024-04-19,000157.SZ,7.95,8.1,7.93,8.03,40772700.0,325773873.0
2024-04-19,000166.SZ,4.31,4.41,4.3,4.35,88289600.0,382293968.0
2024-04-22,000166.SZ,4.34,4.42,4.34,4.36,62655800.0,272552730.0
2024-04-22,000157.SZ,8.0,8.06,7.64,7.69,91347600.0,716621922.0
2024-04-22,000100.SZ,4.72,4.73,4.61,4.66,242108900.0,1135490740.9999998
2024-04-23,000100.SZ,4.69,4.74,4.53,4.55,300855800.0,1389953796.0
2024-04-23,000157.SZ,7.69,7.72,7.42,7.47,67501300.0,511659854.0
2024-04-23,000166.SZ,4.37,4.38,4.34,4.35,47459200.0,206922111.99999997
2024-04-24,000166.SZ,4.35,4.37,4.31,4.34,47863700.0,207967776.5
2024-04-24,000157.SZ,7.5,7.53,7.37,7.49,60477700.0,453280361.5
2024-04-24,000100.SZ,4.52,4.64,4.52,4.61,244347500.0,1115446337.4999998
2024-04-25,000157.SZ,7.45,7.55,7.41,7.45,39820000.0,296659000.0
2024-04-25,000100.SZ,4.58,4.7,4.53,4.61,238976700.0,1098097936.5000002
2024-04-25,000166.SZ,4.32,4.39,4.3,4.37,50606700.0,219886111.50000003
2024-04-26,000166.SZ,4.49,4.6,4.4,4.58,207783200.0,942296812.0
2024-04-26,000157.SZ,7.42,7.53,7.33,7.52,63690500.0,475768035.0
2024-04-26,000100.SZ,4.61,4.73,4.59,4.7,267932000.0,1247223460.0
2024-04-29,000166.SZ,4.59,4.63,4.53,4.56,175861400.0,804565904.9999999
2024-04-29,000157.SZ,7.52,7.61,7.4,7.41,59142400.0,441498016.0
2024-04-29,000100.SZ,4.69,4.71,4.52,4.59,410410500.0,1904304720.0000002
2024-04-30,000157.SZ,7.43,7.45,7.22,7.42,80821200.0,600097410.0
2024-04-30,000100.SZ,4.57,4.66,4.52,4.55,357262700.0,1629117912.0000002
2024-04-30,000166.SZ,4.53,4.55,4.45,4.48,96707100.0,435665485.50000006
2024-05-06,000100.SZ,4.63,4.75,4.62,4.7,443946200.0,2071009023.0
2024-05-06,000166.SZ,4.53,4.56,4.45,4.46,105286200.0,473261469.0
2024-05-06,000157.SZ,7.43,7.71,7.23,7.65,112819500.0,850659030.0
2024-05-07,000157.SZ,7.59,7.69,7.48,7.59,66379000.0,503816610.0
2024-05-07,000166.SZ,4.46,4.47,4.42,4.45,76818100.0,342224635.5
2024-05-07,000100.SZ,4.69,4.7,4.33,4.35,885575000.0,4002798999.9999995
2024-05-08,000157.SZ,7.58,7.58,7.47,7.5,34224100.0,258049714.0
2024-05-08,000166.SZ,4.44,4.46,4.39,4.4,68412400.0,302382808.0
2024-05-08,000100.SZ,4.39,4.45,4.3,4.42,478989300.0,2109947866.4999998
2024-05-09,000100.SZ,4.4,4.54,4.38,4.48,357064800.0,1585367712.0000002
2024-05-09,000166.SZ,4.41,4.44,4.41,4.42,60478500.0,267012577.5
2024-05-09,000157.SZ,7.49,8.02,7.48,7.92,97469400.0,751001727.0
2024-05-10,000166.SZ,4.42,4.48,4.42,4.47,67710000.0,300970950.0
2024-05-10,000100.SZ,4.48,4.5,4.42,4.48,221610900.0,992816832.0000001
2024-05-10,000157.SZ,7.9,7.92,7.72,7.84,49633800.0,390618006.0
2024-05-13,000100.SZ,4.45,4.48,4.35,4.46,254764100.0,1134974065.5
2024-05-13,000166.SZ,4.46,4.51,4.41,4.48,71437800.0,319326966.00000006
2024-05-13,000157.SZ,7.78,7.89,7.68,7.79,50922600.0,396432441.0
2024-05-14,000157.SZ,7.78,7.87,7.59,7.6,55691000.0,428263790.0
2024-05-14,000100.SZ,4.48,4.55,4.41,4.41,241250000.0,1072356250.0000001
2024-05-14,000166.SZ,4.49,4.5,4.44,4.49,61658800.0,276848012.0
2024-05-15,000166.SZ,4.51,4.52,4.4,4.4,68982000.0,307314810.0
2024-05-15,000157.SZ,7.55,7.69,7.54,7.57,36096500.0,272889540.0
2024-05-15,000100.SZ,4.4,4.44,4.34,4.35,216799600.0,948498250.0
2024-05-16,000166.SZ,4.41,4.43,4.37,4.39,52884700.0,232692680.00000003
2024-05-16,000157.SZ,7.56,7.62,7.48,7.51,34516900.0,260084841.5
2024-05-16,000100.SZ,4.35,4.38,4.31,4.33,192669500.0,836185630.0
2024-05-17,000166.SZ,4.39,4.46,4.37,4.44,57163200.0,252375528.0
2024-05-17,000100.SZ,4.33,4.43,4.3,4.43,246408100.0,1079267478.0
2024-05-17,000157.SZ,7.49,7.53,7.21,7.31,66542400.0,492413760.0
2024-05-20,000157.SZ,7.31,7.41,7.19,7.36,57183000.0,419437305.0
2024-05-20,000166.SZ,4.45,4.49,4.43,4.43,69488100.0,308527163.99999994
2024-05-20,000100.SZ,4.43,4.47,4.22,4.26,518574900.0,2253207940.5
2024-05-21,000166.SZ,4.43,4.44,4.41,4.42,51703000.0,228785775.0
2024-05-21,000100.SZ,4.26,4.34,4.22,4.29,280110300.0,1197471532.5
2024-05-21,000157.SZ,7.32,7.42,7.25,7.37,31667600.0,232598522.00000003
2024-05-22,000157.SZ,7.36,7.38,7.22,7.25,37128500.0,271223692.5
2024-05-22,000100.SZ,4.28,4.41,4.28,4.38,318484600.0,1379038318.0
2024-05-22,000166.SZ,4.43,4.44,4.41,4.42,46453900.0,205558507.5
2024-05-23,000100.SZ,4.38,4.38,4.26,4.3,192090900.0,833674506.0
2024-05-23,000166.SZ,4.42,4.42,4.36,4.38,59632400.0,262382560.00000003
2024-05-23,000157.SZ,7.21,7.26,7.05,7.1,54227700.0,387999193.49999994
2024-05-24,000157.SZ,7.11,7.28,7.07,7.19,46225100.0,330509465.0
2024-05-24,000100.SZ,4.28,4.3,4.2,4.22,197661700.0,840062225.0
2024-05-24,000166.SZ,4.37,4.4,4.32,4.33,45065100.0,196033184.99999997
2024-05-27,000166.SZ,4.33,4.4,4.32,4.39,55802400.0,243298463.99999997
2024-05-27,000100.SZ,4.23,4.26,4.16,4.25,207397900.0,879367096.0
2024-05-27,000157.SZ,7.15,7.26,7.13,7.24,34135200.0,245602764.0
2024-05-28,000157.SZ,7.25,7.29,7.09,7.11,33664300.0,241709674.0
2024-05-28,000100.SZ,4.25,4.26,4.07,4.1,406311000.0,1696348425.0
2024-05-28,000166.SZ,4.39,4.4,4.32,4.34,41525400.0,181258371.0
2024-05-29,000157.SZ,7.09,7.11,6.98,7.0,37110900.0,261446290.5
2024-05-29,000100.SZ,4.08,4.14,4.06,4.11,223347500.0,914608012.5000001
2024-05-29,000166.SZ,4.32,4.38,4.32,4.35,38216100.0,165666793.5
2024-05-30,000100.SZ,4.1,4.12,4.06,4.11,200526300.0,823160461.5000001
2024-05-30,000157.SZ,6.99,7.01,6.84,6.86,56812700.0,393427947.50000006
2024-05-30,000166.SZ,4.35,4.37,4.31,4.34,38387400.0,166793253.0
2024-05-31,000157.SZ,6.89,7.02,6.88,7.0,49963000.0,346993035.0
2024-05-31,000100.SZ,4.12,4.19,4.07,4.08,242865800.0,995749779.9999999
2024-05-31,000166.SZ,4.35,4.4,4.33,4.34,48682000.0,211523290.0
2024-06-03,000100.SZ,4.08,4.14,4.04,4.12,242450500.0,994047049.9999999
2024-06-03,000157.SZ,6.97,7.11,6.96,7.04,47098300.0,329923591.5
2024-06-03,000166.SZ,4.34,4.38,4.31,4.35,56994400.0,247640668.0
2024-06-04,000166.SZ,4.34,4.36,4.25,4.27,77124300.0,332020111.5
2024-06-04,000100.SZ,4.15,4.29,4.12,4.28,353383200.0,1489510188.0
2024-06-04,000157.SZ,7.02,7.18,6.96,7.17,42399600.0,300825162.0
2024-06-05,000166.SZ,4.27,4.33,4.24,4.28,65185800.0,278669295.0
2024-06-05,000100.SZ,4.28,4.36,4.24,4.29,244852800.0,1049194248.0
2024-06-05,000157.SZ,7.16,7.18,6.9,6.91,48793400.0,343261569.0
2024-06-06,000166.SZ,4.28,4.31,4.24,4.26,57362100.0,244936166.99999997
2024-06-06,000100.SZ,4.29,4.35,4.29,4.34,263335300.0,1136291819.4999998
2024-06-06,000157.SZ,6.9,7.02,6.84,6.97,51057800.0,354085843.0
2024-06-07,000157.SZ,6.95,7.15,6.93,7.07,46655800.0,327057158.0
2024-06-07,000100.SZ,4.34,4.41,4.27,4.34,258223200.0,1120688688.0
2024-06-07,000166.SZ,4.26,4.28,4.2,4.28,59019400.0,252012837.99999997
2024-06-11,000166.SZ,4.26,4.3,4.24,4.24,45917500.0,195149375.0
2024-06-11,000100.SZ,4.32,4.36,4.27,4.34,171290100.0,741686133.0
2024-06-11,000157.SZ,7.05,7.1,6.84,6.95,47726400.0,334084800.0
2024-06-12,000100.SZ,4.33,4.38,4.27,4.27,187282600.0,805315180.0
2024-06-12,000157.SZ,6.91,7.09,6.87,7.04,33647900.0,234694102.5
2024-06-12,000166.SZ,4.24,4.25,4.21,4.22,41921900.0,177329637.00000003
2024-06-13,000100.SZ,4.28,4.32,4.2,4.21,181537400.0,770626263.0
2024-06-13,000166.SZ,4.22,4.27,4.21,4.24,46572400.0,197001252.00000003
2024-06-13,000157.SZ,7.03,7.05,6.87,6.9,28811900.0,200674883.5
2024-06-14,000100.SZ,4.19,4.24,4.16,4.21,159455300.0,669712260.0
2024-06-14,000166.SZ,4.23,4.3,4.15,4.29,116937100.0,498152046.0
2024-06-14,000157.SZ,6.87,7.04,6.87,6.96,32932500.0,227728237.5
2024-06-17,000157.SZ,6.97,7.01,6.77,6.79,43078500.0,296380080.0
2024-06-17,000166.SZ,4.25,4.34,4.23,4.34,88195700.0,378800531.5
2024-06-17,000100.SZ,4.17,4.25,4.11,4.17,246515100.0,1027967967.0
2024-06-18,000157.SZ,6.79,6.97,6.65,6.91,58867100.0,403239635.0
2024-06-18,000100.SZ,4.16,4.32,4.15,4.27,327270800.0,1379446422.0
2024-06-18,000166.SZ,4.33,4.37,4.31,4.33,53349100.0,231001603.0
2024-06-19,000166.SZ,4.34,4.36,4.32,4.33,44406800.0,192503478.0
2024-06-19,000157.SZ,6.91,6.93,6.78,6.84,28370600.0,195047875.0
2024-06-19,000100.SZ,4.26,4.32,4.2,4.21,225778500.0,956171947.4999999
2024-06-20,000157.SZ,6.81,6.91,6.75,6.78,27629800.0,187744491.0
2024-06-20,000100.SZ,4.19,4.2,4.06,4.08,289622400.0,1197588624.0
2024-06-20,000166.SZ,4.32,4.34,4.27,4.29,40238000.0,173224590.0
2024-06-21,000166.SZ,4.29,4.31,4.24,4.26,58326600.0,249346215.00000003
2024-06-21,000100.SZ,4.06,4.13,4.02,4.11,211771200.0,865085352.0
2024-06-21,000157.SZ,6.78,6.92,6.77,6.88,41274900.0,281907567.0
2024-06-24,000100.SZ,4.1,4.16,4.09,4.1,192403700.0,788855169.9999999
2024-06-24,000157.SZ,6.89,6.97,6.77,6.79,43640100.0,298498284.0
2024-06-24,000166.SZ,4.25,4.27,4.2,4.2,48802600.0,206190984.99999997
2024-06-25,000157.SZ,6.78,6.93,6.77,6.83,43050400.0,292957972.0
2024-06-25,000100.SZ,4.1,4.12,4.05,4.08,188402000.0,770564180.0
2024-06-25,000166.SZ,4.21,4.22,4.13,4.13,58235300.0,242841201.0
2024-06-26,000100.SZ,4.06,4.19,4.05,4.16,180792600.0,743057585.9999999
2024-06-26,000157.SZ,6.79,6.84,6.7,6.8,31746800.0,215719506.0
2024-06-26,000166.SZ,4.13,4.21,4.13,4.21,55708700.0,232305279.0
2024-06-27,000166.SZ,4.21,4.23,4.18,4.2,46328200.0,194810081.0
2024-06-27,000100.SZ,4.14,4.21,4.11,4.12,166738900.0,688631657.0
2024-06-27,000157.SZ,6.79,6.79,6.57,6.57,63108400.0,421564112.0
2024-06-28,000166.SZ,4.19,4.22,4.09,4.11,86032400.0,357034460.00000006
2024-06-28,000157.SZ,6.56,6.77,6.56,6.7,55354700.0,367001661.0
2024-06-28,000100.SZ,4.1,4.25,4.09,4.19,232754300.0,964766573.4999999
2024-07-01,000157.SZ,6.72,6.82,6.66,6.8,40447500.0,273425100.0
2024-07-01,000100.SZ,4.18,4.21,4.15,4.21,138923300.0,582783243.5
2024-07-01,000166.SZ,4.11,4.14,4.04,4.12,55757500.0,229442112.5
2024-07-02,000166.SZ,4.12,4.21,4.12,4.15,60691800.0,250960593.0
2024-07-02,000100.SZ,4.21,4.21,4.06,4.13,253901200.0,1058768004.0
2024-07-02,000157.SZ,6.84,6.87,6.48,6.65,71082600.0,479452137.0
2024-07-03,000100.SZ,4.12,4.2,4.11,4.18,194190200.0,805889330.0000001
2024-07-03,000157.SZ,6.6,6.63,6.4,6.42,53933400.0,351106434.0
2024-07-03,000166.SZ,4.17,4.19,4.12,4.13,34237000.0,142083550.0
2024-07-04,000100.SZ,4.18,4.27,4.09,4.09,304378500.0,1258605097.5
2024-07-04,000157.SZ,6.43,6.47,6.35,6.4,39217500.0,251580262.5
2024-07-04,000166.SZ,4.13,4.15,4.07,4.08,43352900.0,177963654.50000003
2024-07-05,000157.SZ,6.4,6.46,6.34,6.44,27456000.0,176267520.0
2024-07-05,000166.SZ,4.08,4.11,4.04,4.06,56507100.0,229983897.00000003
2024-07-05,000100.SZ,4.1,4.12,4.05,4.09,178783700.0,732119251.5
2024-07-08,000100.SZ,4.08,4.1,3.94,3.96,317790900.0,1277519417.9999998
2024-07-08,000166.SZ,4.05,4.08,3.99,4.0,50644100.0,203842502.50000003
2024-07-08,000157.SZ,6.43,6.43,6.32,6.34,33694000.0,215136190.0
2024-07-09,000157.SZ,6.32,6.5,6.26,6.47,48995500.0,313326222.5
2024-07-09,000166.SZ,4.01,4.05,3.97,4.02,60426200.0,242611192.99999997
2024-07-09,000100.SZ,3.95,3.99,3.87,3.9,372816200.0,1463303585.0
2024-07-10,000100.SZ,3.94,4.07,3.92,4.03,359557200.0,1432835442.0
2024-07-10,000166.SZ,4.01,4.09,4.0,4.06,53278700.0,214979554.5
2024-07-10,000157.SZ,6.43,6.46,6.36,6.38,37902300.0,242764231.49999997
2024-07-11,000157.SZ,6.43,6.71,6.43,6.63,52125000.0,340376249.99999994
2024-07-11,000166.SZ,4.1,4.13,4.06,4.09,56366800.0,230822046.0
2024-07-11,000100.SZ,4.07,4.17,4.01,4.16,299411400.0,1232077911.0
2024-07-12,000157.SZ,6.58,6.63,6.48,6.49,31645500.0,206803342.5
2024-07-12,000166.SZ,4.09,4.1,4.05,4.08,37556200.0,153417077.0
2024-07-12,000100.SZ,4.14,4.16,4.04,4.15,296430400.0,1228704007.9999998
2024-07-15,000166.SZ,4.08,4.12,4.07,4.09,32087400.0,131077029.0
2024-07-15,000100.SZ,4.11,4.12,3.93,3.95,324143400.0,1306297902.0
2024-07-15,000157.SZ,6.45,6.52,6.4,6.43,26384900.0,169918756.0
2024-07-16,000166.SZ,4.09,4.15,4.08,4.11,47693200.0,195542119.99999997
2024-07-16,000157.SZ,6.43,6.44,6.31,6.33,30601300.0,195236294.0
2024-07-16,000100.SZ,3.95,4.0,3.92,3.99,231626500.0,919557205.0
2024-07-17,000157.SZ,6.34,6.36,6.17,6.24,40530400.0,254936216.0
2024-07-17,000100.SZ,3.98,4.01,3.91,3.93,243433200.0,962778306.0
2024-07-17,000166.SZ,4.11,4.15,4.11,4.12,45142800.0,185762622.0
2024-07-18,000100.SZ,3.91,3.92,3.79,3.87,309644200.0,1204515938.0
2024-07-18,000157.SZ,6.23,6.3,6.18,6.25,29368700.0,183260688.0
2024-07-18,000166.SZ,4.12,4.15,4.07,4.14,53404700.0,220561411.0
2024-07-19,000157.SZ,6.25,6.37,6.2,6.36,36907300.0,232700526.5
2024-07-19,000100.SZ,3.84,3.88,3.81,3.86,193875800.0,746421829.9999999
2024-07-19,000166.SZ,4.14,4.19,4.12,4.18,56206400.0,233818624.0
2024-07-22,000100.SZ,3.85,3.87,3.8,3.83,189072500.0,726038400.0
2024-07-22,000157.SZ,6.36,6.37,6.21,6.24,34710700.0,218677410.00000003
2024-07-22,000166.SZ,4.2,4.22,4.13,4.16,54039600.0,225885527.99999997
2024-07-23,000166.SZ,4.16,4.2,4.12,4.13,52817500.0,218928537.49999997
2024-07-23,000100.SZ,3.83,3.85,3.71,3.73,225112000.0,850923360.0
2024-07-23,000157.SZ,6.23,6.29,6.11,6.11,29229800.0,180347866.0
2024-07-24,000100.SZ,3.7,3.71,3.58,3.62,361389600.0,1322685936.0
2024-07-24,000166.SZ,4.1,4.14,4.08,4.1,42230500.0,173145049.99999997
2024-07-24,000157.SZ,6.1,6.16,6.06,6.09,41884300.0,255284808.5
2024-07-25,000166.SZ,4.1,4.15,4.09,4.11,46674600.0,191599233.00000003
2024-07-25,000100.SZ,3.59,3.67,3.54,3.66,228019500.0,826570687.5
2024-07-25,000157.SZ,6.06,6.08,5.88,5.94,63378100.0,380268600.0
2024-07-26,000157.SZ,5.96,6.2,5.95,6.18,53818300.0,326677081.0
2024-07-26,000100.SZ,3.66,3.76,3.65,3.75,243924700.0,903741013.5
2024-07-26,000166.SZ,4.13,4.19,4.12,4.16,54891100.0,227523609.49999997
2024-07-29,000166.SZ,4.16,4.22,4.16,4.2,51232800.0,214153104.0
2024-07-29,000100.SZ,3.76,3.77,3.7,3.73,170116500.0,637086292.5
2024-07-29,000157.SZ,6.16,6.18,6.08,6.1,28515900.0,174802467.0
2024-07-30,000100.SZ,3.73,3.73,3.64,3.68,213438100.0,790788160.5
2024-07-30,000166.SZ,4.21,4.21,4.17,4.21,46677700.0,196513117.0
2024-07-30,000157.SZ,6.07,6.08,5.93,6.02,29356500.0,177460042.5
2024-07-31,000100.SZ,3.68,3.82,3.67,3.8,301401300.0,1127240862.0
2024-07-31,000157.SZ,6.04,6.2,5.96,6.16,39945900.0,243669990.0
2024-07-31,000166.SZ,4.21,4.41,4.2,4.37,127734700.0,547981863.0
2024-08-01,000157.SZ,6.18,6.24,6.12,6.14,35354100.0,217781256.0
2024-08-01,000100.SZ,3.8,3.82,3.76,3.78,152909200.0,579525868.0
2024-08-01,000166.SZ,4.34,4.42,4.32,4.42,115721800.0,506861484.0
2024-08-02,000166.SZ,4.4,4.43,4.35,4.36,61860000.0,270946800.00000006
2024-08-02,000100.SZ,3.78,3.81,3.72,3.73,161961300.0,608164681.5
2024-08-02,000157.SZ,6.1,6.12,6.0,6.02,26682800.0,161697768.0
2024-08-05,000157.SZ,6.0,6.08,5.92,5.93,36050600.0,215041829.0
2024-08-05,000100.SZ,3.7,3.76,3.59,3.6,247044700.0,901713155.0000001
2024-08-05,000166.SZ,4.35,4.4,4.32,4.33,62377800.0,270719652.0
2024-08-06,000100.SZ,3.62,3.67,3.59,3.66,157810900.0,574431676.0
2024-08-06,000157.SZ,5.96,6.01,5.9,5.96,30017000.0,178901320.0
2024-08-06,000166.SZ,4.34,4.38,4.28,4.31,45342700.0,196107177.49999997
2024-08-07,000100.SZ,3.65,3.67,3.62,3.62,107048700.0,389122024.5
2024-08-07,000157.SZ,5.94,6.06,5.94,5.98,27435500.0,163515580.00000003
2024-08-07,000166.SZ,4.33,4.37,4.3,4.34,39925800.0,173078343.0
2024-08-08,000100.SZ,3.61,3.66,3.59,3.65,122058600.0,443072718.0
2024-08-08,000166.SZ,4.34,4.41,4.33,4.38,51053200.0,222591951.99999997
2024-08-08,000157.SZ,5.96,6.01,5.9,5.94,25569200.0,152136740.0
2024-08-09,000157.SZ,5.96,6.11,5.9,5.92,44892200.0,266659667.99999997
2024-08-09,000166.SZ,4.39,4.41,4.35,4.37,36902200.0,161631636.0
2024-08-09,000100.SZ,3.66,3.7,3.6,3.6,160368200.0,582136566.0
2024-08-12,000157.SZ,5.92,5.96,5.86,5.92,26080000.0,154393600.0
2024-08-12,000166.SZ,4.36,4.38,4.34,4.37,29653200.0,129436218.0
2024-08-12,000100.SZ,3.6,3.61,3.55,3.56,140320600.0,502347748.0
2024-08-13,000166.SZ,4.38,4.42,4.35,4.42,40094600.0,176416240.0
2024-08-13,000100.SZ,3.56,3.61,3.55,3.61,121488300.0,435535555.5
2024-08-13,000157.SZ,5.91,5.96,5.77,5.89,40596100.0,239516990.0
2024-08-14,000166.SZ,4.42,4.44,4.4,4.41,41546700.0,183428680.5
2024-08-14,000157.SZ,5.89,5.9,5.76,5.77,25522500.0,148796175.0
2024-08-14,000100.SZ,3.61,3.64,3.58,3.59,80357700.0,289287720.0
2024-08-15,000157.SZ,5.75,5.95,5.73,5.94,46535700.0,272001166.5
2024-08-15,000100.SZ,3.58,3.74,3.57,3.72,291023500.0,1062235775.0000001
2024-08-15,000166.SZ,4.39,4.45,4.35,4.39,67582900.0,296688931.0
2024-08-16,000166.SZ,4.39,4.42,4.37,4.41,51390900.0,226119960.00000003
2024-08-16,000157.SZ,5.94,6.03,5.91,5.93,38674200.0,229531377.00000003
2024-08-16,000100.SZ,3.72,3.74,3.68,3.7,158033600.0,586304656.0
2024-08-19,000100.SZ,3.7,3.75,3.68,3.73,157586700.0,585434590.5
2024-08-19,000157.SZ,5.93,6.16,5.91,6.16,50695100.0,306451879.5
2024-08-19,000166.SZ,4.41,4.43,4.4,4.42,44112300.0,194755804.5
2024-08-20,000157.SZ,6.18,6.2,6.04,6.08,34916500.0,214038145.0
2024-08-20,000100.SZ,3.73,3.76,3.72,3.73,128502800.0,479315444.0
2024-08-20,000166.SZ,4.43,4.44,4.37,4.38,50002700.0,220261893.49999997
2024-08-21,000166.SZ,4.41,4.44,4.37,4.4,48379700.0,213112578.5
2024-08-21,000100.SZ,3.73,3.8,3.71,3.73,176414200.0,658024966.0
2024-08-21,000157.SZ,6.04,6.1,5.88,5.92,37440500.0,223894190.00000003
2024-08-22,000157.SZ,5.9,5.96,5.82,5.84,26438200.0,155192234.0
2024-08-22,000100.SZ,3.73,3.76,3.71,3.73,120267000.0,448595910.0
2024-08-22,000166.SZ,4.41,4.42,4.35,4.35,44393500.0,194443530.0
2024-08-23,000166.SZ,4.37,4.42,4.35,4.4,42317700.0,185563114.5
2024-08-23,000100.SZ,3.73,3.76,3.7,3.75,151426300.0,566334362.0
2024-08-23,000157.SZ,5.85,5.99,5.82,5.95,30063700.0,177375830.0
2024-08-26,000157.SZ,5.95,6.0,5.83,5.91,30645200.0,181726036.0
2024-08-26,000166.SZ,4.4,4.42,4.35,4.38,45467600.0,199602764.00000003
2024-08-26,000100.SZ,3.76,3.79,3.73,3.78,163020500.0,614587284.9999999
2024-08-27,000157.SZ,5.91,5.94,5.79,5.82,25395800.0,148946367.0
2024-08-27,000100.SZ,3.78,3.78,3.62,3.65,213754500.0,794097967.5
2024-08-27,000166.SZ,4.38,4.39,4.32,4.35,31600300.0,137935309.5
2024-08-28,000166.SZ,4.35,4.36,4.3,4.32,34686000.0,150363810.0
2024-08-28,000157.SZ,5.79,5.86,5.76,5.81,32012600.0,185673080.0
2024-08-28,000100.SZ,3.63,3.68,3.6,3.65,119981100.0,436731203.99999994
2024-08-29,000100.SZ,3.64,3.81,3.63,3.79,269064700.0,999575360.5
2024-08-29,000157.SZ,5.77,5.82,5.73,5.73,37543300.0,215873975.0
2024-08-29,000166.SZ,4.31,4.39,4.31,4.32,48090900.0,207512233.49999997
2024-08-30,000166.SZ,4.32,4.42,4.31,4.37,79405500.0,345016897.50000006
2024-08-30,000157.SZ,5.75,5.87,5.56,5.78,79047600.0,455709414.00000006
2024-08-30,000100.SZ,3.79,3.83,3.77,3.79,238901600.0,905437064.0
2024-09-02,000157.SZ,5.77,5.8,5.62,5.62,58162200.0,331233729.0
2024-09-02,000166.SZ,4.35,4.35,4.06,4.06,138202700.0,581142353.5
2024-09-02,000100.SZ,3.78,3.82,3.73,3.73,177196500.0,665372857.5
2024-09-03,000100.SZ,3.72,3.8,3.72,3.79,141901100.0,532838630.5
2024-09-03,000157.SZ,5.62,5.64,5.53,5.6,52389900.0,293907339.0
2024-09-03,000166.SZ,4.09,4.15,4.08,4.13,86761000.0,356587709.99999994
2024-09-04,000157.SZ,5.56,5.57,5.48,5.52,46221800.0,256068771.99999997
2024-09-04,000166.SZ,4.11,4.17,4.11,4.15,61222900.0,252850577.00000006
2024-09-04,000100.SZ,3.76,3.81,3.73,3.79,117585800.0,443886395.0
2024-09-05,000100.SZ,3.78,3.8,3.73,3.75,116374300.0,438149239.49999994
2024-09-05,000166.SZ,4.15,4.18,4.12,4.16,42349700.0,175963003.5
2024-09-05,000157.SZ,5.53,5.58,5.48,5.51,37239200.0,205560383.99999997
2024-09-06,000157.SZ,5.5,5.53,5.43,5.44,29271500.0,160115105.00000003
2024-09-06,000166.SZ,4.22,4.32,4.17,4.26,102903900.0,436312536.0
2024-09-06,000100.SZ,3.75,3.77,3.72,3.73,87038300.0,325523242.0
2024-09-09,000166.SZ,4.19,4.28,4.18,4.2,60976600.0,255796837.00000003
2024-09-09,000100.SZ,3.71,3.73,3.65,3.68,130404000.0,481842780.00000006
2024-09-09,000157.SZ,5.43,5.43,5.29,5.33,43489900.0,233975662.0
2024-09-10,000100.SZ,3.68,3.72,3.64,3.71,124733400.0,460889913.00000006
2024-09-10,000157.SZ,5.35,5.42,5.27,5.4,39104000.0,210184000.0
2024-09-10,000166.SZ,4.21,4.22,4.13,4.16,49618800.0,207654678.00000003
2024-09-11,000157.SZ,5.36,5.49,5.33,5.48,39299200.0,213001664.0
2024-09-11,000166.SZ,4.14,4.16,4.08,4.11,40219000.0,165903375.0
2024-09-11,000100.SZ,3.7,3.7,3.62,3.64,110825800.0,406730686.0
2024-09-12,000166.SZ,4.11,4.13,4.07,4.09,34790100.0,142639410.0
2024-09-12,000157.SZ,5.49,5.58,5.36,5.37,37300400.0,202541172.0
2024-09-12,000100.SZ,3.65,3.67,3.59,3.59,149476100.0,541103482.0
2024-09-13,000157.SZ,5.35,5.38,5.26,5.26,34944700.0,185381633.5
2024-09-13,000166.SZ,4.1,4.13,4.08,4.09,38854300.0,159108358.5
2024-09-13,000100.SZ,3.59,3.62,3.52,3.52,140976100.0,501170035.49999994
2024-09-18,000157.SZ,5.27,5.44,5.23,5.42,39032700.0,208629781.5
2024-09-18,000166.SZ,4.09,4.09,4.02,4.06,42717100.0,174072182.49999997
2024-09-18,000100.SZ,3.53,3.54,3.45,3.5,135865800.0,477568286.99999994
2024-09-19,000166.SZ,4.08,4.13,4.05,4.09,55704300.0,227552065.5
2024-09-19,000157.SZ,5.46,5.58,5.4,5.52,60199800.0,330496902.0
2024-09-19,000100.SZ,3.52,3.59,3.49,3.59,157486600.0,559864863.0
2024-09-20,000100.SZ,3.59,3.63,3.57,3.63,159384200.0,575376962.0
2024-09-20,000157.SZ,5.5,5.5,5.36,5.46,48464100.0,265583268.00000003
2024-09-20,000166.SZ,4.09,4.12,4.03,4.1,58374700.0,239044396.5
2024-09-23,000100.SZ,3.62,3.67,3.6,3.62,123704700.0,447811014.0
2024-09-23,000157.SZ,5.48,5.6,5.46,5.58,51462900.0,284589837.0
2024-09-23,000166.SZ,4.1,4.12,4.07,4.1,44651900.0,183072789.99999997
2024-09-24,000157.SZ,5.6,5.86,5.57,5.85,83721300.0,479304442.5
2024-09-24,000166.SZ,4.13,4.38,4.12,4.37,143253500.0,608827375.0
2024-09-24,000100.SZ,3.64,3.73,3.61,3.73,282912300.0,1042531825.5
2024-09-25,000157.SZ,5.96,6.18,5.93,5.96,95217100.0,567493916.0
2024-09-25,000166.SZ,4.43,4.61,4.43,4.49,170943500.0,762408010.0
2024-09-25,000100.SZ,3.74,3.88,3.74,3.79,354046700.0,1332985825.5
2024-09-26,000100.SZ,3.8,3.9,3.75,3.9,269786500.0,1038678024.9999999
2024-09-26,000157.SZ,5.96,6.25,5.92,6.25,72626100.0,443382340.50000006
2024-09-26,000166.SZ,4.47,4.69,4.45,4.68,168494700.0,770863252.4999999
2024-09-27,000166.SZ,4.77,5.02,4.67,5.02,281506100.0,1377972359.4999998
2024-09-27,000157.SZ,6.31,6.68,6.31,6.52,116042800.0,744414561.9999999
2024-09-27,000100.SZ,4.07,4.17,3.99,4.13,468833800.0,1922218579.9999998
2024-09-30,000166.SZ,5.44,5.53,5.17,5.53,494083400.0,2710047449.0
2024-09-30,000157.SZ,6.74,6.99,6.5,6.93,188181200.0,1286218502.0
2024-09-30,000100.SZ,4.25,4.46,4.17,4.44,751587600.0,3265648122.0000005
2024-10-08,000157.SZ,7.62,7.62,6.73,7.01,215799500.0,1578573342.5
2024-10-08,000166.SZ,6.08,6.08,6.08,6.08,134810900.0,819650272.0
2024-10-08,000100.SZ,4.88,4.89,4.44,4.65,1180011200.0,5622753368.000001
2024-10-09,000100.SZ,4.56,4.56,4.18,4.19,763900200.0,3342063375.0
2024-10-09,000166.SZ,6.06,6.22,5.47,5.48,784854600.0,4528611042.0
2024-10-09,000157.SZ,6.82,6.83,6.3,6.3,173200800.0,1136197248.0
2024-10-10,000166.SZ,5.56,5.64,5.22,5.31,400098900.0,2174537521.5
2024-10-10,000157.SZ,6.32,6.71,6.3,6.52,128237000.0,823281540.0
2024-10-10,000100.SZ,4.19,4.34,4.18,4.24,439292200.0,1851616623.0
2024-10-11,000166.SZ,5.23,5.3,5.1,5.17,259778000.0,1350845600.0
2024-10-11,000100.SZ,4.21,4.23,4.04,4.07,347045000.0,1436766300.0000002
2024-10-11,000157.SZ,6.52,6.52,6.29,6.34,70430500.0,452868115.0
2024-10-14,000157.SZ,6.38,6.52,6.35,6.5,77472000.0,498919679.99999994
2024-10-14,000100.SZ,4.07,4.19,4.04,4.16,303570600.0,1249193019.0
2024-10-14,000166.SZ,5.16,5.18,4.94,5.14,255806200.0,1317401930.0
2024-10-15,000166.SZ,5.11,5.13,4.96,4.97,167163000.0,842501520.0
2024-10-15,000157.SZ,6.5,6.51,6.29,6.3,70681700.0,452362880.0
2024-10-15,000100.SZ,4.15,4.16,4.04,4.04,286578400.0,1173538548.0000002
2024-10-16,000157.SZ,6.26,6.34,6.19,6.24,50085200.0,313032500.0
2024-10-16,000100.SZ,4.01,4.03,3.96,3.99,276656200.0,1106624800.0
2024-10-16,000166.SZ,4.9,5.04,4.89,4.96,160251700.0,790040881.0
2024-10-17,000157.SZ,6.24,6.31,6.14,6.15,52434200.0,324829869.0
2024-10-17,000166.SZ,5.02,5.14,4.92,4.93,187366000.0,932145849.9999999
2024-10-17,000100.SZ,4.0,4.06,3.92,3.93,292872700.0,1161240255.5
2024-10-18,000157.SZ,6.18,6.43,6.16,6.34,94451000.0,591263260.0
2024-10-18,000100.SZ,3.91,4.08,3.91,4.02,452048300.0,1792371509.5
2024-10-18,000166.SZ,4.9,5.41,4.86,5.17,353992500.0,1782352237.5
2024-10-21,000100.SZ,4.06,4.14,4.03,4.06,514847400.0,2090280443.9999998
2024-10-21,000166.SZ,5.14,5.14,5.02,5.07,218337300.0,1114611916.5
2024-10-21,000157.SZ,6.36,6.39,6.22,6.26,75068400.0,473681604.00000006
2024-10-22,000166.SZ,5.06,5.13,5.05,5.1,141967000.0,721192360.0
2024-10-22,000157.SZ,6.26,6.32,6.22,6.27,56139700.0,351715220.5
2024-10-22,000100.SZ,4.06,4.15,4.01,4.14,461495400.0,1892131139.9999998
2024-10-23,000100.SZ,4.16,4.37,4.1,4.23,713329900.0,2992418930.5
2024-10-23,000157.SZ,6.28,6.38,6.23,6.34,75687300.0,477586863.00000006
2024-10-23,000166.SZ,5.11,5.22,5.05,5.11,199182800.0,1017824108.0000001
2024-10-24,000166.SZ,5.08,5.14,5.03,5.08,119840100.0,608787708.0
2024-10-24,000100.SZ,4.2,4.2,4.09,4.12,351641200.0,1462827392.0
2024-10-24,000157.SZ,6.31,6.42,6.28,6.3,72645900.0,458032399.5
2024-10-25,000100.SZ,4.13,4.37,4.12,4.34,793628600.0,3361017120.9999995
2024-10-25,000157.SZ,6.3,6.34,6.26,6.28,67041600.0,421691664.0
2024-10-25,000166.SZ,5.08,5.19,5.07,5.12,142113500.0,724778850.0
2024-10-28,000100.SZ,4.36,4.38,4.23,4.31,569044200.0,2466806607.0
2024-10-28,000157.SZ,6.29,6.34,6.21,6.34,61205200.0,386510837.99999994
2024-10-28,000166.SZ,5.11,5.14,5.08,5.14,115107700.0,589926962.5
2024-10-29,000166.SZ,5.16,5.22,5.03,5.05,155200100.0,792296510.5000001
2024-10-29,000100.SZ,4.32,4.33,4.24,4.25,469590700.0,2012196149.5
2024-10-29,000157.SZ,6.35,6.37,6.15,6.17,85161700.0,533112242.0
2024-10-30,000166.SZ,5.06,5.09,4.99,5.05,109647000.0,554265585.0
2024-10-30,000100.SZ,4.22,4.68,4.19,4.68,1839407900.0,8185365154.999999
2024-10-30,000157.SZ,6.15,6.33,6.14,6.23,64284700.0,397922293.0
2024-10-31,000100.SZ,4.86,5.14,4.71,5.14,2842379700.0,14211898500.0
2024-10-31,000157.SZ,6.26,6.48,6.22,6.36,119654700.0,755021157.0
2024-10-31,000166.SZ,5.05,5.23,5.04,5.15,227698600.0,1161262860.0
2024-11-01,000166.SZ,5.16,5.23,5.1,5.11,173964700.0,893308734.5
2024-11-01,000157.SZ,6.37,6.61,6.32,6.52,122186300.0,787490703.5
2024-11-01,000100.SZ,5.66,5.66,4.91,5.03,3843857700.0,20545419406.500004
2024-11-04,000166.SZ,5.16,5.33,5.13,5.32,211931500.0,1110521060.0
2024-11-04,000157.SZ,6.61,6.63,6.44,6.6,96999200.0,640679716.0
2024-11-04,000100.SZ,4.86,5.17,4.85,4.97,1845606600.0,9071156439.0
2024-11-05,000100.SZ,4.9,5.26,4.84,5.13,2126629400.0,10665046441.000002
2024-11-05,000166.SZ,5.33,5.55,5.25,5.5,291617700.0,1579109845.5
2024-11-05,000157.SZ,6.6,6.77,6.53,6.76,116514600.0,778317528.0
2024-11-06,000157.SZ,6.77,6.86,6.7,6.75,103763900.0,701443964.0
2024-11-06,000166.SZ,5.54,5.62,5.42,5.47,288998400.0,1590936192.0
2024-11-06,000100.SZ,5.14,5.18,4.96,4.98,1552087300.0,7853561738.000001
2024-11-07,000166.SZ,5.41,5.84,5.4,5.79,332872700.0,1864087120.0
2024-11-07,000157.SZ,6.71,6.91,6.68,6.91,80552400.0,548561844.0
2024-11-07,000100.SZ,4.88,5.03,4.8,5.0,1377406900.0,6804390085.999999
2024-11-08,000157.SZ,6.94,6.97,6.77,6.8,84477700.0,580361799.0
2024-11-08,000166.SZ,5.9,5.91,5.63,5.65,264843000.0,1529468325.0
2024-11-08,000100.SZ,5.04,5.19,4.97,5.08,1614630700.0,8170031342.000001
2024-11-11,000166.SZ,5.57,5.63,5.5,5.6,189619300.0,1059023790.5
2024-11-11,000100.SZ,5.08,5.23,4.98,5.19,1449133500.0,7441300522.5
2024-11-11,000157.SZ,6.81,6.84,6.65,6.76,84194600.0,571260361.0
2024-11-12,000157.SZ,6.77,6.85,6.63,6.66,67375700.0,452427825.5
2024-11-12,000166.SZ,5.57,5.67,5.44,5.49,162618700.0,899281411.0
2024-11-12,000100.SZ,5.2,5.27,5.01,5.04,1131318400.0,5792350208.0
2024-11-13,000166.SZ,5.46,5.55,5.39,5.5,131319100.0,719628668.0
2024-11-13,000157.SZ,6.62,6.71,6.61,6.68,46847600.0,311536540.0
2024-11-13,000100.SZ,5.0,5.03,4.88,4.97,777075900.0,3873723361.4999995
2024-11-14,000157.SZ,6.69,6.71,6.54,6.56,46151100.0,305751037.5
2024-11-14,000166.SZ,5.47,5.58,5.43,5.47,133594100.0,730759727.0
2024-11-14,000100.SZ,4.94,4.96,4.77,4.78,744546800.0,3618497448.0
2024-11-15,000166.SZ,5.44,5.53,5.26,5.26,155332000.0,831026200.0
2024-11-15,000157.SZ,6.53,6.58,6.4,6.41,59445500.0,384612385.00000006
2024-11-15,000100.SZ,4.75,4.92,4.74,4.77,731807900.0,3483405604.0
2024-11-18,000157.SZ,6.43,6.52,6.36,6.39,61169100.0,392093931.0
2024-11-18,000100.SZ,4.82,4.9,4.62,4.66,708924800.0,3360303552.0
2024-11-18,000166.SZ,5.27,5.37,5.19,5.26,135345100.0,712591951.5
2024-11-19,000157.SZ,6.39,6.46,6.34,6.45,43024300.0,276216006.0
2024-11-19,000166.SZ,5.27,5.32,5.2,5.32,101046200.0,535039629.0
2024-11-19,000100.SZ,4.64,4.7,4.55,4.7,675709600.0,3155563832.0
2024-11-20,000100.SZ,4.68,4.7,4.62,4.68,516299300.0,2416280724.0
2024-11-20,000166.SZ,5.28,5.34,5.25,5.3,80239600.0,424467484.0
2024-11-20,000157.SZ,6.46,6.54,6.4,6.48,53451300.0,345829911.00000006
2024-11-21,000157.SZ,6.46,6.51,6.43,6.49,34001500.0,220159712.5
2024-11-21,000166.SZ,5.3,5.35,5.27,5.33,85259000.0,453151584.99999994
2024-11-21,000100.SZ,4.66,4.73,4.62,4.67,561514900.0,2619467008.5
2024-11-22,000166.SZ,5.32,5.33,5.08,5.1,111338900.0,580075669.0
2024-11-22,000100.SZ,4.64,4.7,4.43,4.45,651743000.0,2962171935.0
2024-11-22,000157.SZ,6.46,6.5,6.33,6.33,48288700.0,308806236.5
2024-11-25,000100.SZ,4.43,4.48,4.34,4.41,485677900.0,2146696318.0
2024-11-25,000166.SZ,5.1,5.12,5.01,5.09,87365000.0,445124675.0
2024-11-25,000157.SZ,6.32,6.5,6.31,6.36,58623100.0,371670454.0
2024-11-26,000157.SZ,6.34,6.37,6.27,6.29,34711300.0,219201859.49999997
2024-11-26,000100.SZ,4.38,4.45,4.38,4.39,328731800.0,1441488943.0
2024-11-26,000166.SZ,5.08,5.18,5.07,5.09,64615000.0,328567275.0
2024-11-27,000166.SZ,5.08,5.17,5.04,5.17,81678500.0,418602312.5
2024-11-27,000100.SZ,4.39,4.51,4.34,4.51,509479600.0,2267184219.9999995
2024-11-27,000157.SZ,6.27,6.48,6.26,6.48,49462800.0,315325350.0
2024-11-28,000166.SZ,5.17,5.2,5.12,5.13,68590200.0,353239530.0
2024-11-28,000100.SZ,4.53,4.53,4.44,4.44,368913500.0,1654577047.5
2024-11-28,000157.SZ,6.45,6.48,6.37,6.38,40797600.0,261716604.0
2024-11-29,000157.SZ,6.37,6.43,6.35,6.39,42474700.0,270988586.0
2024-11-29,000100.SZ,4.43,4.58,4.42,4.54,543905100.0,2439414373.4999995
2024-11-29,000166.SZ,5.12,5.32,5.1,5.18,143576700.0,739420005.0
2024-12-02,000157.SZ,6.37,6.42,6.35,6.39,54122400.0,345300912.0
2024-12-02,000166.SZ,5.14,5.27,5.13,5.26,110869800.0,576522959.9999999
2024-12-02,000100.SZ,4.51,4.59,4.49,4.58,464969300.0,2113285468.5
2024-12-03,000100.SZ,4.56,4.58,4.5,4.55,387274900.0,1764037169.5
2024-12-03,000166.SZ,5.25,5.28,5.19,5.26,88422900.0,464662339.5
2024-12-03,000157.SZ,6.39,6.45,6.34,6.4,43958800.0,281116526.0
2024-12-04,000157.SZ,6.39,6.41,6.35,6.38,37120500.0,237014392.5
2024-12-04,000166.SZ,5.24,5.27,5.17,5.2,74927200.0,391119984.00000006
2024-12-04,000100.SZ,4.54,4.58,4.45,4.47,353659500.0,1593236047.5
2024-12-05,000100.SZ,4.46,4.49,4.43,4.46,288725200.0,1287714392.0
2024-12-05,000166.SZ,5.18,5.27,5.17,5.25,77257400.0,402897341.0
2024-12-05,000157.SZ,6.34,6.47,6.27,6.46,76756300.0,491240320.0
2024-12-06,000157.SZ,6.44,6.5,6.4,6.43,64063800.0,412250553.00000006
2024-12-06,000166.SZ,5.25,5.36,5.22,5.33,113692500.0,601433325.0
2024-12-06,000100.SZ,4.46,4.59,4.43,4.57,526714600.0,2378116419.0000005
2024-12-09,000100.SZ,4.55,4.64,4.52,4.61,505746100.0,2316317138.0
2024-12-09,000166.SZ,5.31,5.34,5.22,5.27,86354800.0,456816891.99999994
2024-12-09,000157.SZ,6.44,6.48,6.36,6.39,51434400.0,329951676.0
2024-12-10,000100.SZ,4.72,4.9,4.66,4.76,1019496600.0,4832413884.0
2024-12-10,000166.SZ,5.51,5.53,5.27,5.29,151084400.0,815855760.0
2024-12-10,000157.SZ,6.52,6.67,6.49,6.55,129526100.0,846453063.5
2024-12-11,000100.SZ,4.77,4.98,4.73,4.97,1106794500.0,5390089214.999999
2024-12-11,000166.SZ,5.28,5.35,5.27,5.32,85558000.0,453457400.00000006
2024-12-11,000157.SZ,6.55,6.62,6.51,6.57,52114300.0,341869808.0
2024-12-12,000157.SZ,6.58,6.62,6.52,6.62,48344900.0,319076340.0
2024-12-12,000100.SZ,4.96,4.96,4.83,4.9,800073700.0,3944363341.0
2024-12-12,000166.SZ,5.33,5.43,5.3,5.39,107737000.0,577470319.9999999
2024-12-13,000100.SZ,4.86,4.98,4.83,4.86,685642500.0,3332222550.0
2024-12-13,000166.SZ,5.34,5.34,5.23,5.26,127280400.0,674586120.0
2024-12-13,000157.SZ,6.61,6.61,6.48,6.49,61169300.0,400658915.00000006
2024-12-16,000157.SZ,6.49,6.51,6.37,6.39,54901400.0,353565016.0
2024-12-16,000166.SZ,5.24,5.26,5.17,5.2,76263000.0,398092860.00000006
2024-12-16,000100.SZ,4.86,4.92,4.78,4.82,480187300.0,2324106532.0
2024-12-17,000157.SZ,6.39,6.49,6.37,6.41,38503600.0,246423040.0
2024-12-17,000166.SZ,5.18,5.23,5.15,5.19,73621400.0,381726959.00000006
2024-12-17,000100.SZ,4.81,4.95,4.79,4.86,586243400.0,2834486839.0
2024-12-18,000157.SZ,6.41,6.47,6.39,6.39,32470400.0,207810560.0
2024-12-18,000100.SZ,4.88,5.0,4.83,4.9,631135300.0,3086251617.0000005
2024-12-18,000166.SZ,5.21,5.29,5.2,5.22,82913600.0,432394424.0
2024-12-19,000100.SZ,4.85,5.03,4.83,5.02,895089500.0,4417266682.5
2024-12-19,000166.SZ,5.19,5.22,5.14,5.21,71808100.0,373402120.0
2024-12-19,000157.SZ,6.37,6.41,6.32,6.41,33008100.0,210921759.00000003
2024-12-20,000166.SZ,5.21,5.29,5.19,5.25,67651200.0,353815776.0
2024-12-20,000157.SZ,6.4,6.44,6.32,6.32,46548100.0,296045916.0
2024-12-20,000100.SZ,5.01,5.01,4.9,4.92,616925500.0,3063035107.5
2024-12-23,000166.SZ,5.25,5.29,5.19,5.2,70808100.0,369972322.5
2024-12-23,000157.SZ,6.33,6.5,6.3,6.48,84459500.0,540963097.5
2024-12-23,000100.SZ,4.92,5.16,4.92,4.99,958576400.0,4749746062.0
2024-12-24,000166.SZ,5.2,5.34,5.2,5.32,116215900.0,611295634.0
2024-12-24,000157.SZ,6.46,6.63,6.44,6.62,88857400.0,581127396.0
2024-12-24,000100.SZ,5.0,5.06,4.91,5.03,668927400.0,3354670911.0000005
2024-12-25,000100.SZ,5.04,5.04,4.89,4.97,497976700.0,2492373383.5
2024-12-25,000157.SZ,6.63,6.63,6.53,6.58,38313800.0,253062649.00000003
2024-12-25,000166.SZ,5.32,5.34,5.26,5.32,72648800.0,386491616.0
2024-12-26,000157.SZ,6.6,6.61,6.52,6.6,37810100.0,249546660.0
2024-12-26,000166.SZ,5.31,5.31,5.26,5.27,70065100.0,370644378.99999994
2024-12-26,000100.SZ,4.95,5.03,4.94,5.02,388219900.0,1935276201.4999998
2024-12-27,000166.SZ,5.28,5.46,5.27,5.36,177107900.0,942214028.0
2024-12-27,000100.SZ,5.02,5.12,4.99,5.01,482500000.0,2419737500.0
2024-12-27,000157.SZ,6.61,6.64,6.45,6.47,70356200.0,460129548.0
2024-12-30,000157.SZ,6.45,6.57,6.44,6.56,56691800.0,368780159.0
2024-12-30,000166.SZ,5.36,5.45,5.34,5.42,110161600.0,593771024.0000001
2024-12-30,000100.SZ,5.01,5.08,4.98,5.03,403428400.0,2025210567.9999998
2024-12-31,000157.SZ,6.55,6.75,6.53,6.61,97706700.0,642910086.0
2024-12-31,000166.SZ,5.42,5.44,5.19,5.19,121871200.0,646526716.0
2024-12-31,000100.SZ,5.03,5.05,4.87,4.88,457894900.0,2268869229.5
2025-01-02,000100.SZ,4.88,4.96,4.76,4.8,587702400.0,2844479616.0
2025-01-02,000166.SZ,5.18,5.19,4.86,4.91,170593400.0,860643703.0
2025-01-02,000157.SZ,6.6,6.68,6.34,6.4,73692600.0,479001900.0
2025-01-03,000166.SZ,4.92,4.93,4.8,4.82,96188800.0,468439456.0
2025-01-03,000157.SZ,6.41,6.54,6.38,6.42,65431900.0,419745638.5
2025-01-03,000100.SZ,4.81,4.9,4.7,4.73,489907000.0,2336856390.0
2025-01-06,000100.SZ,4.74,4.81,4.67,4.74,367839000.0,1743556860.0
2025-01-06,000157.SZ,6.41,6.49,6.37,6.47,50408900.0,324633316.0
2025-01-06,000166.SZ,4.81,4.87,4.78,4.83,77574400.0,373908608.0
2025-01-07,000166.SZ,4.83,4.9,4.81,4.88,63602500.0,308790137.5
2025-01-07,000157.SZ,6.43,6.57,6.29,6.37,67294800.0,430686720.0
2025-01-07,000100.SZ,4.77,5.0,4.77,4.92,653613600.0,3166757892.0
2025-01-08,000157.SZ,6.36,6.4,6.23,6.35,52799300.0,335539551.5
2025-01-08,000166.SZ,4.87,4.88,4.74,4.86,85710900.0,416983528.5
2025-01-08,000100.SZ,4.87,4.88,4.68,4.8,527908900.0,2552439531.5
2025-01-09,000100.SZ,4.78,4.81,4.74,4.75,304371500.0,1450330197.5000002
2025-01-09,000157.SZ,6.33,6.35,6.2,6.28,47734300.0,300964761.5
2025-01-09,000166.SZ,4.82,4.85,4.75,4.77,62168900.0,298099875.5
2025-01-10,000157.SZ,6.27,6.31,6.16,6.16,30073000.0,186903695.0
2025-01-10,000166.SZ,4.76,4.81,4.72,4.72,57605600.0,273050544.0
2025-01-10,000100.SZ,4.77,4.78,4.63,4.63,358593100.0,1685387569.9999998
2025-01-13,000166.SZ,4.67,4.79,4.65,4.77,60152900.0,283921688.0
2025-01-13,000157.SZ,6.13,6.18,6.02,6.05,41622600.0,253481634.0
2025-01-13,000100.SZ,4.59,4.71,4.56,4.67,275408100.0,1275139503.0
2025-01-14,000100.SZ,4.65,4.83,4.65,4.82,355843200.0,1684917552.0
2025-01-14,000157.SZ,6.06,6.49,6.03,6.48,88171600.0,552835932.0
2025-01-14,000166.SZ,4.77,4.91,4.76,4.89,98824800.0,477323784.0
2025-01-15,000157.SZ,6.45,6.62,6.45,6.53,74698300.0,484791967.0
2025-01-15,000166.SZ,4.89,4.97,4.86,4.95,90432700.0,444928884.0
2025-01-15,000100.SZ,4.81,4.81,4.7,4.71,262144000.0,1247805440.0
2025-01-16,000157.SZ,6.56,6.82,6.56,6.72,103824900.0,689397336.0
2025-01-16,000166.SZ,4.97,4.99,4.87,4.91,64792900.0,320076925.99999994
2025-01-16,000100.SZ,4.74,4.82,4.72,4.8,299926000.0,1430647019.9999998
2025-01-17,000100.SZ,4.77,4.83,4.75,4.77,208084300.0,992562110.9999999
2025-01-17,000166.SZ,4.89,4.96,4.88,4.92,48161100.0,236230195.49999997
2025-01-17,000157.SZ,6.71,6.75,6.6,6.72,51576900.0,346338883.5
2025-01-20,000100.SZ,4.8,4.94,4.79,4.89,438521100.0,2124634729.5
2025-01-20,000157.SZ,6.74,6.84,6.65,6.66,37916700.0,254041890.0
2025-01-20,000166.SZ,4.96,4.99,4.91,4.92,54336600.0,268422803.99999997
2025-01-21,000166.SZ,4.96,4.96,4.9,4.93,46863900.0,231741985.5
2025-01-21,000100.SZ,4.94,5.09,4.91,5.03,653026600.0,3255337601.0
2025-01-21,000157.SZ,6.7,6.71,6.55,6.63,49384400.0,329147026.0
2025-01-22,000157.SZ,6.62,6.62,6.47,6.52,36797700.0,241760889.0
2025-01-22,000166.SZ,4.9,4.93,4.85,4.92,54448400.0,267341644.0
2025-01-22,000100.SZ,5.01,5.05,4.95,4.98,333431900.0,1665492340.5
2025-01-23,000100.SZ,5.01,5.03,4.84,4.84,412423400.0,2031185245.0
2025-01-23,000157.SZ,6.58,6.6,6.48,6.5,45918900.0,300309606.0
2025-01-23,000166.SZ,4.99,5.06,4.95,4.96,92115300.0,458273617.49999994
2025-01-24,000166.SZ,4.94,5.0,4.93,4.94,80329300.0,396826742.00000006
2025-01-24,000100.SZ,4.84,4.95,4.84,4.89,282457200.0,1374154278.0
2025-01-24,000157.SZ,6.49,6.64,6.47,6.61,45804200.0,300017510.00000006
2025-01-27,000157.SZ,6.72,6.79,6.66,6.7,53174700.0,356802237.0
2025-01-27,000100.SZ,4.89,4.94,4.84,4.86,225501100.0,1099317862.5
2025-01-27,000166.SZ,4.94,4.96,4.86,4.86,67400300.0,330261470.0
2025-02-05,000157.SZ,6.63,6.68,6.38,6.39,75450700.0,491184057.0
2025-02-05,000166.SZ,4.89,4.93,4.86,4.88,61281000.0,299357685.0
2025-02-05,000100.SZ,4.89,4.93,4.83,4.91,232882100.0,1141122290.0
2025-02-06,000157.SZ,6.39,6.4,6.29,6.38,61516500.0,392782852.5
2025-02-06,000100.SZ,4.91,4.95,4.81,4.93,308623100.0,1518425652.0
2025-02-06,000166.SZ,4.87,4.91,4.8,4.91,101397900.0,495835731.00000006
2025-02-07,000157.SZ,6.36,6.46,6.26,6.45,82051300.0,525538576.5
2025-02-07,000100.SZ,4.91,5.02,4.9,4.94,495308000.0,2439391900.0000005
2025-02-07,000166.SZ,4.89,5.07,4.88,4.99,130375700.0,644055957.9999999
2025-02-10,000166.SZ,4.99,5.06,4.98,5.02,67660300.0,338639801.5
2025-02-10,000100.SZ,4.94,4.96,4.86,4.9,407439200.0,2004600864.0
2025-02-10,000157.SZ,6.48,6.62,6.46,6.49,71455500.0,463388917.5
2025-02-11,000157.SZ,6.5,6.56,6.45,6.49,42133500.0,273657082.5
2025-02-11,000100.SZ,4.9,4.9,4.8,4.81,323897500.0,1572522362.5000002
2025-02-11,000166.SZ,5.01,5.02,4.94,4.97,57683200.0,287839168.0
2025-02-12,000166.SZ,4.97,5.05,4.95,5.03,68764100.0,343820500.0
2025-02-12,000100.SZ,4.8,4.86,4.73,4.85,347453700.0,1676464102.4999998
2025-02-12,000157.SZ,6.49,6.54,6.41,6.46,51684600.0,334657785.0
2025-02-13,000166.SZ,5.03,5.07,4.99,5.0,80450200.0,403457753.00000006
2025-02-13,000100.SZ,4.83,4.84,4.72,4.74,346560900.0,1658293906.5
2025-02-13,000157.SZ,6.46,6.49,6.37,6.38,51370000.0,329795400.0
2025-02-14,000157.SZ,6.38,6.61,6.36,6.61,108442500.0,704334037.5
2025-02-14,000100.SZ,4.71,4.84,4.7,4.82,347356900.0,1655155628.5000002
2025-02-14,000166.SZ,4.99,5.02,4.97,5.01,51730300.0,258651500.0
2025-02-17,000166.SZ,5.11,5.17,5.04,5.07,125203900.0,637287851.0
2025-02-17,000100.SZ,4.8,4.89,4.78,4.84,361525100.0,1742550982.0
2025-02-17,000157.SZ,6.63,6.74,6.51,6.65,84302600.0,559769264.0
2025-02-18,000157.SZ,6.65,6.71,6.51,6.53,65274600.0,430159614.0
2025-02-18,000100.SZ,4.84,5.01,4.73,4.73,707526300.0,3385513345.5
2025-02-18,000166.SZ,5.06,5.07,4.95,4.97,76185300.0,382069279.5
2025-02-19,000157.SZ,6.52,6.73,6.5,6.72,74910200.0,495905523.99999994
2025-02-19,000100.SZ,4.71,4.78,4.64,4.7,618183400.0,2908552897.0
2025-02-19,000166.SZ,4.96,5.03,4.94,5.01,76018300.0,378951225.49999994
2025-02-20,000157.SZ,6.72,6.78,6.67,6.77,71770800.0,484094045.99999994
2025-02-20,000100.SZ,4.69,4.76,4.66,4.7,385589900.0,1810344580.5
2025-02-20,000166.SZ,5.0,5.01,4.96,4.97,59237900.0,295300931.49999994
2025-02-21,000166.SZ,4.98,5.08,4.95,5.06,112036500.0,562423230.0
2025-02-21,000100.SZ,4.72,4.78,4.64,4.72,471229000.0,2224200880.0
2025-02-21,000157.SZ,6.79,6.86,6.68,6.72,83129800.0,561541799.0
2025-02-24,000166.SZ,5.03,5.09,4.99,5.02,73176600.0,367712415.0
2025-02-24,000157.SZ,6.88,7.06,6.82,6.97,157706400.0,1092116820.0
2025-02-24,000100.SZ,4.74,4.77,4.7,4.73,384985800.0,1822907763.0000002
2025-02-25,000100.SZ,4.7,4.74,4.64,4.71,366554700.0,1724639863.5
2025-02-25,000157.SZ,6.88,7.03,6.82,6.86,96329700.0,661785039.0
2025-02-25,000166.SZ,4.99,5.04,4.97,4.99,58606800.0,292447932.0
2025-02-26,000157.SZ,6.86,7.01,6.84,6.97,98444600.0,680744409.0
2025-02-26,000166.SZ,4.99,5.1,4.97,5.08,98794800.0,497431818.0
2025-02-26,000100.SZ,4.7,4.74,4.64,4.68,394027200.0,1847987567.9999998
2025-02-27,000100.SZ,4.67,4.68,4.52,4.58,519543500.0,2402888687.5
2025-02-27,000157.SZ,7.02,7.64,7.02,7.43,216330700.0,1562989307.5
2025-02-27,000166.SZ,5.05,5.16,5.0,5.11,140134800.0,711884784.0
2025-02-28,000166.SZ,5.07,5.16,4.92,4.95,127604100.0,639296541.0
2025-02-28,000157.SZ,7.44,7.55,7.29,7.32,133009200.0,981607896.0000001
2025-02-28,000100.SZ,4.55,4.6,4.47,4.48,311882600.0,1408149939.0000002
2025-03-03,000100.SZ,4.49,4.57,4.48,4.53,299179600.0,1349299996.0
2025-03-03,000166.SZ,4.95,5.0,4.91,4.92,91161600.0,449882496.00000006
2025-03-03,000157.SZ,7.32,7.59,7.32,7.43,136190600.0,1004405675.0
2025-03-04,000100.SZ,4.61,4.73,4.57,4.7,621726200.0,2894135461.0
2025-03-04,000166.SZ,4.91,4.97,4.9,4.96,68178800.0,336462378.00000006
2025-03-04,000157.SZ,7.34,7.43,7.22,7.23,102596700.0,747416959.5
2025-03-05,000100.SZ,4.66,4.69,4.56,4.65,357850200.0,1665792681.0
2025-03-05,000157.SZ,7.26,7.78,7.26,7.55,198639500.0,1470925497.4999998
2025-03-05,000166.SZ,4.96,4.97,4.91,4.97,62173300.0,308690434.5
2025-03-06,000100.SZ,4.67,4.69,4.64,4.67,308118800.0,1438914796.0
2025-03-06,000157.SZ,7.51,7.58,7.39,7.53,114701600.0,862556032.0
2025-03-06,000166.SZ,4.97,5.06,4.96,5.04,114806800.0,574608034.0
2025-03-07,000100.SZ,4.66,4.66,4.61,4.63,219166900.0,1018030250.4999999
2025-03-07,000157.SZ,7.45,7.58,7.44,7.58,91772900.0,689673343.5
2025-03-07,000166.SZ,5.01,5.01,4.92,4.93,90345800.0,449018626.0
2025-03-10,000166.SZ,4.94,4.94,4.87,4.89,62236200.0,305890923.0
2025-03-10,000157.SZ,7.61,7.87,7.58,7.68,103716800.0,792914936.0
2025-03-10,000100.SZ,4.62,4.65,4.55,4.57,229216100.0,1053247979.5000001
2025-03-11,000157.SZ,7.55,7.69,7.5,7.61,66184600.0,501679268.0
2025-03-11,000100.SZ,4.54,4.57,4.49,4.57,228405000.0,1040384774.9999999
2025-03-11,000166.SZ,4.85,4.9,4.84,4.9,71476200.0,348446475.0
2025-03-12,000166.SZ,4.9,4.97,4.88,4.91,81672300.0,400602631.5
2025-03-12,000157.SZ,7.62,7.62,7.48,7.52,54882800.0,415462796.0
2025-03-12,000100.SZ,4.57,4.57,4.52,4.52,189299500.0,860366227.5
2025-03-13,000157.SZ,7.49,7.55,7.33,7.43,86465000.0,645028900.0
2025-03-13,000166.SZ,4.9,4.95,4.86,4.89,60731500.0,297280692.5
2025-03-13,000100.SZ,4.54,4.56,4.51,4.55,251738100.0,1144149664.5
2025-03-14,000100.SZ,4.54,4.62,4.53,4.61,282695000.0,1293329625.0
2025-03-14,000157.SZ,7.42,7.46,7.3,7.42,62226300.0,461719146.0
2025-03-14,000166.SZ,4.9,5.04,4.89,5.01,140052000.0,693957660.0
2025-03-17,000166.SZ,5.02,5.02,4.97,4.98,72472200.0,362361000.0
2025-03-17,000157.SZ,7.46,7.47,7.37,7.39,42015400.0,311964345.0
2025-03-17,000100.SZ,4.62,4.65,4.6,4.61,189802700.0,875939460.5
2025-03-18,000166.SZ,5.0,5.01,4.97,4.98,56739200.0,283128608.0
2025-03-18,000157.SZ,7.4,7.46,7.33,7.44,51838400.0,384640928.0
2025-03-18,000100.SZ,4.62,4.69,4.61,4.64,295320000.0,1367331600.0
2025-03-19,000100.SZ,4.65,4.66,4.57,4.58,196324500.0,906037567.5
2025-03-19,000166.SZ,4.98,5.0,4.96,4.98,51598500.0,256960530.00000003
2025-03-19,000157.SZ,7.42,7.48,7.36,7.39,32982400.0,244234671.99999997
2025-03-20,000100.SZ,4.58,4.6,4.53,4.54,195383600.0,890949216.0000001
2025-03-20,000166.SZ,4.98,4.99,4.94,4.96,47167900.0,234424463.00000003
2025-03-20,000157.SZ,7.41,7.43,7.3,7.34,43674500.0,322099437.5
2025-03-21,000100.SZ,4.53,4.55,4.42,4.42,333884700.0,1494134032.5
2025-03-21,000157.SZ,7.32,7.46,7.27,7.34,50375100.0,369249483.0
2025-03-21,000166.SZ,4.95,4.97,4.87,4.88,72032500.0,354039737.5
2025-03-24,000166.SZ,4.89,4.9,4.81,4.86,71247900.0,347333512.5
2025-03-24,000157.SZ,7.32,7.46,7.28,7.34,60900700.0,446402131.0
2025-03-24,000100.SZ,4.43,4.47,4.38,4.42,215365600.0,952992780.0
2025-03-25,000100.SZ,4.43,4.43,4.36,4.38,212279400.0,935090756.9999999
2025-03-25,000157.SZ,7.16,7.28,6.98,7.15,119557800.0,855436059.0
2025-03-25,000166.SZ,4.86,4.88,4.82,4.86,49908000.0,242552880.00000003
2025-03-26,000100.SZ,4.37,4.39,4.36,4.38,150277900.0,657465812.5
2025-03-26,000166.SZ,4.87,4.9,4.85,4.9,49743400.0,242996509.0
2025-03-26,000157.SZ,7.13,7.17,7.03,7.05,49498600.0,350945074.0
2025-03-27,000157.SZ,7.04,7.06,6.93,6.96,47662300.0,333636100.0
2025-03-27,000166.SZ,4.88,4.93,4.86,4.92,59319900.0,290667510.0
2025-03-27,000100.SZ,4.37,4.39,4.34,4.36,186092800.0,812295072.0
2025-03-28,000166.SZ,4.92,4.97,4.91,4.94,71032200.0,350188746.0
2025-03-28,000157.SZ,6.97,6.99,6.83,6.87,49323600.0,341319312.0
2025-03-28,000100.SZ,4.37,4.38,4.29,4.3,213391900.0,925053886.5
2025-03-31,000157.SZ,6.91,7.02,6.86,6.88,57829700.0,398735781.5
2025-03-31,000166.SZ,4.94,4.96,4.78,4.78,95731400.0,465254604.00000006
2025-03-31,000100.SZ,4.27,4.37,4.26,4.32,212587300.0,913062453.5
2025-04-01,000157.SZ,6.91,6.94,6.79,6.86,40523100.0,279001543.5
2025-04-01,000166.SZ,4.81,4.82,4.76,4.78,68565700.0,328772531.5
2025-04-01,000100.SZ,4.33,4.39,4.32,4.34,166137600.0,720206496.0
2025-04-02,000166.SZ,4.77,4.82,4.77,4.8,55519400.0,265660329.0
2025-04-02,000157.SZ,6.86,7.05,6.84,6.97,55497200.0,383763138.0
2025-04-02,000100.SZ,4.34,4.39,4.32,4.38,180233300.0,785817187.9999999
2025-04-03,000100.SZ,4.35,4.37,4.24,4.26,256983600.0,1106314398.0
2025-04-03,000157.SZ,6.93,7.02,6.88,6.91,41866800.0,289718256.0
2025-04-03,000166.SZ,4.77,4.84,4.76,4.81,69865700.0,334656702.99999994
2025-04-07,000157.SZ,6.59,6.59,6.22,6.22,81836400.0,524162141.99999994
2025-04-07,000166.SZ,4.65,4.65,4.33,4.33,174430000.0,783190700.0
2025-04-07,000100.SZ,3.97,3.98,3.83,3.83,347995400.0,1357182060.0000002
2025-04-08,000100.SZ,3.76,3.82,3.7,3.74,422449500.0,1584185625.0
2025-04-08,000166.SZ,4.36,4.46,4.33,4.44,135356800.0,595569920.0
2025-04-08,000157.SZ,6.32,6.36,6.22,6.35,74704900.0,473255541.5
2025-04-09,000166.SZ,4.42,4.52,4.38,4.49,117806900.0,524829739.5
2025-04-09,000157.SZ,6.3,6.62,6.18,6.56,79533700.0,511401691.0
2025-04-09,000100.SZ,3.71,3.77,3.57,3.73,431204500.0,1604080740.0
2025-04-10,000100.SZ,3.85,3.95,3.81,3.9,485041100.0,1879534262.5
2025-04-10,000157.SZ,6.59,6.81,6.54,6.77,62632400.0,418384432.0
2025-04-10,000166.SZ,4.56,4.6,4.51,4.58,91468800.0,418012416.0
2025-04-11,000157.SZ,6.68,6.93,6.62,6.88,55674600.0,377473787.99999994
2025-04-11,000100.SZ,3.86,3.9,3.81,3.86,261796800.0,1010535648.0
2025-04-11,000166.SZ,4.55,4.6,4.53,4.55,61346000.0,279124300.0
2025-04-14,000157.SZ,6.96,7.07,6.82,6.84,47248300.0,326013270.0
2025-04-14,000100.SZ,3.94,3.98,3.87,3.88,260373200.0,1018059212.0
2025-04-14,000166.SZ,4.57,4.59,4.55,4.57,52567200.0,240232104.00000003
2025-04-15,000100.SZ,3.88,3.92,3.84,3.9,217840000.0,847397599.9999999
2025-04-15,000157.SZ,6.84,6.86,6.74,6.81,27054100.0,184644232.49999997
2025-04-15,000166.SZ,4.56,4.57,4.51,4.55,44779100.0,203968800.5
2025-04-16,000166.SZ,4.54,4.56,4.46,4.54,60514900.0,274737646.0
2025-04-16,000100.SZ,3.91,3.93,3.83,3.91,239784900.0,937558959.0
2025-04-16,000157.SZ,6.74,6.79,6.64,6.72,35655500.0,239961515.00000003
2025-04-17,000157.SZ,6.72,6.8,6.69,6.72,20636100.0,138674592.0
2025-04-17,000100.SZ,3.88,3.99,3.87,3.95,262810700.0,1028903890.5
2025-04-17,000166.SZ,4.52,4.56,4.51,4.55,47184800.0,213983068.0
2025-04-18,000157.SZ,6.7,6.77,6.69,6.73,23007500.0,154495362.5
2025-04-18,000100.SZ,3.95,3.99,3.92,3.98,171508900.0,680032788.5
2025-04-18,000166.SZ,4.54,4.61,4.52,4.59,46041500.0,210179447.49999997
2025-04-21,000157.SZ,6.7,6.91,6.67,6.88,39213000.0,266256270.0
2025-04-21,000166.SZ,4.59,4.62,4.57,4.59,37369500.0,171526005.0
2025-04-21,000100.SZ,3.97,4.0,3.95,3.97,153700700.0,610191779.0
2025-04-22,000100.SZ,3.96,3.98,3.92,3.92,202070500.0,796157770.0
2025-04-22,000157.SZ,6.89,6.92,6.82,6.82,24181200.0,165762126.0
2025-04-22,000166.SZ,4.58,4.62,4.58,4.59,42452600.0,194645171.0
2025-04-23,000100.SZ,3.95,3.97,3.9,3.91,186044900.0,731156457.0
2025-04-23,000166.SZ,4.6,4.62,4.55,4.57,50971500.0,233704327.5
2025-04-23,000157.SZ,6.82,6.91,6.8,6.86,26244500.0,179512380.0
2025-04-24,000157.SZ,6.85,6.88,6.78,6.8,21691700.0,148045852.49999997
2025-04-24,000166.SZ,4.58,4.6,4.55,4.58,43170800.0,197722264.0
2025-04-24,000100.SZ,3.91,3.92,3.86,3.9,155466200.0,607095511.0
2025-04-25,000157.SZ,6.82,6.82,6.72,6.77,18938700.0,128688466.5
2025-04-25,000100.SZ,3.91,3.99,3.9,3.96,230220200.0,905916487.0
2025-04-25,000166.SZ,4.58,4.63,4.58,4.6,49104700.0,225390573.0
2025-04-28,000100.SZ,3.94,3.96,3.9,3.91,159921600.0,627692280.0
2025-04-28,000166.SZ,4.6,4.6,4.53,4.58,47837700.0,219575043.0
2025-04-28,000157.SZ,6.8,6.81,6.69,6.7,15731800.0,106189650.0
2025-04-29,000100.SZ,3.96,4.07,3.95,3.96,403634500.0,1598392620.0
2025-04-29,000166.SZ,4.58,4.61,4.54,4.55,45260400.0,206613725.99999997
2025-04-29,000157.SZ,6.67,6.7,6.62,6.66,18353900.0,122328743.5
2025-04-30,000166.SZ,4.57,4.63,4.56,4.58,42673100.0,195229432.5
2025-04-30,000100.SZ,3.97,4.07,3.96,4.03,354296300.0,1417185200.0
2025-04-30,000157.SZ,6.83,6.93,6.69,6.71,61513100.0,416443687.0
2025-05-06,000166.SZ,4.61,4.64,4.6,4.62,68014900.0,313888763.5
2025-05-06,000100.SZ,4.04,4.16,4.04,4.16,299330700.0,1227255870.0
2025-05-06,000157.SZ,6.78,7.06,6.77,6.99,65784400.0,452925594.0
2025-05-07,000166.SZ,4.68,4.74,4.62,4.63,82994900.0,386341259.49999994
2025-05-07,000100.SZ,4.2,4.22,4.11,4.13,216686100.0,902497606.5
2025-05-07,000157.SZ,7.04,7.08,6.86,6.9,52163100.0,363576807.00000006
2025-05-08,000157.SZ,6.91,7.0,6.86,6.95,33778900.0,234087777.0
2025-05-08,000100.SZ,4.14,4.16,4.11,4.13,175387400.0,725226899.0
2025-05-08,000166.SZ,4.62,4.66,4.61,4.64,51211800.0,237110634.0
2025-05-09,000157.SZ,6.96,6.99,6.88,6.98,36120300.0,251758491.00000003
2025-05-09,000100.SZ,4.14,4.17,4.12,4.14,172972500.0,716106150.0
2025-05-09,000166.SZ,4.64,4.64,4.59,4.6,44561300.0,205873205.99999997
2025-05-12,000166.SZ,4.62,4.67,4.6,4.66,63699600.0,295566144.00000006
2025-05-12,000100.SZ,4.17,4.28,4.16,4.27,299479800.0,1263804756.0
2025-05-12,000157.SZ,7.02,7.05,6.97,7.04,34920100.0,245488302.99999997
2025-05-13,000157.SZ,7.1,7.12,6.96,6.99,49847400.0,351174933.0
2025-05-13,000166.SZ,4.68,4.68,4.64,4.65,46156400.0,215319606.0
2025-05-13,000100.SZ,4.31,4.32,4.18,4.2,261160700.0,1111238778.5
2025-05-14,000100.SZ,4.19,4.22,4.12,4.2,210544100.0,883232499.5000001
2025-05-14,000157.SZ,6.98,7.0,6.89,6.95,46930000.0,326867450.0
2025-05-14,000166.SZ,4.65,4.82,4.63,4.77,125007700.0,588786267.0
2025-05-15,000166.SZ,4.74,4.77,4.68,4.69,67104800.0,316399132.0
2025-05-15,000157.SZ,6.94,6.97,6.77,6.78,47447300.0,325488478.0
2025-05-15,000100.SZ,4.2,4.2,4.14,4.16,135846900.0,567840042.0
2025-05-16,000166.SZ,4.68,4.69,4.6,4.61,71853200.0,333758113.99999994
2025-05-16,000157.SZ,6.76,6.81,6.73,6.77,25019300.0,169255564.5
2025-05-16,000100.SZ,4.14,4.22,4.13,4.2,140421200.0,585556404.0
2025-05-19,000100.SZ,4.19,4.21,4.14,4.18,113523900.0,475097521.50000006
2025-05-19,000166.SZ,4.6,4.64,4.6,4.62,42708500.0,196886184.99999997
2025-05-19,000157.SZ,6.78,6.81,6.72,6.76,33642600.0,227760402.0
2025-05-20,000157.SZ,6.76,6.78,6.72,6.73,32029800.0,216041001.0
2025-05-20,000100.SZ,4.2,4.27,4.19,4.25,178223900.0,752995977.4999999
2025-05-20,000166.SZ,4.62,4.65,4.61,4.63,44465800.0,205654325.0
2025-05-21,000100.SZ,4.25,4.26,4.22,4.24,111512800.0,473371836.0
2025-05-21,000157.SZ,6.75,6.78,6.72,6.73,28370800.0,191219192.0
2025-05-21,000166.SZ,4.63,4.65,4.62,4.64,40746100.0,188858173.5
2025-05-22,000157.SZ,6.72,6.72,6.63,6.64,40734100.0,272103788.0
2025-05-22,000166.SZ,4.63,4.64,4.59,4.6,39634700.0,182914140.5
2025-05-22,000100.SZ,4.24,4.31,4.22,4.23,151446300.0,641375080.5
2025-05-23,000166.SZ,4.6,4.63,4.54,4.55,53187100.0,243330982.49999997
2025-05-23,000157.SZ,6.64,6.68,6.57,6.57,34333400.0,226772107.0
2025-05-23,000100.SZ,4.23,4.27,4.17,4.17,146402800.0,614891760.0
2025-05-26,000100.SZ,4.2,4.32,4.2,4.29,294295200.0,1249283124.0
2025-05-26,000157.SZ,6.54,6.59,6.51,6.57,35814800.0,234766014.0
2025-05-26,000166.SZ,4.54,4.56,4.51,4.53,35830400.0,162490864.0
2025-05-27,000166.SZ,4.53,4.56,4.51,4.55,35616200.0,161697548.0
2025-05-27,000100.SZ,4.29,4.31,4.25,4.29,144163200.0,618460128.0
2025-05-27,000157.SZ,6.58,6.6,6.5,6.53,20714300.0,135782236.5
2025-05-28,000166.SZ,4.54,4.56,4.51,4.53,32400800.0,146937628.0
2025-05-28,000100.SZ,4.28,4.31,4.25,4.26,135306000.0,577756620.0
2025-05-28,000157.SZ,6.54,6.57,6.49,6.5,32666500.0,212985580.0
2025-05-29,000157.SZ,6.5,6.58,6.5,6.54,40043500.0,261083619.99999997
2025-05-29,000100.SZ,4.26,4.28,4.24,4.25,155915000.0,663418325.0
2025-05-29,000166.SZ,4.53,4.58,4.51,4.57,45898200.0,208836810.00000003
2025-05-30,000166.SZ,4.56,4.61,4.53,4.59,58855500.0,269263912.49999994
2025-05-30,000100.SZ,4.24,4.25,4.14,4.15,237690800.0,997112906.0000001
2025-05-30,000157.SZ,6.54,6.56,6.47,6.52,36384400.0,237590131.99999997
2025-06-03,000157.SZ,6.5,6.52,6.42,6.44,50595800.0,327354826.00000006
2025-06-03,000166.SZ,4.58,4.65,4.56,4.65,74194100.0,342405771.5
2025-06-03,000100.SZ,4.15,4.18,4.11,4.14,192293200.0,797055313.9999999
2025-06-04,000157.SZ,6.45,6.47,6.43,6.45,27290400.0,176023080.0
2025-06-04,000166.SZ,4.65,4.7,4.64,4.68,71500900.0,333551698.5
2025-06-04,000100.SZ,4.14,4.22,4.13,4.21,197517000.0,824633475.0
2025-06-05,000166.SZ,4.68,4.72,4.67,4.71,67436200.0,316612959.0
2025-06-05,000100.SZ,4.21,4.23,4.16,4.17,197545800.0,827716901.9999999
2025-06-05,000157.SZ,6.45,6.47,6.4,6.41,35986000.0,231389980.0
2025-06-06,000166.SZ,4.71,4.73,4.65,4.65,47081400.0,220340952.0
2025-06-06,000100.SZ,4.19,4.2,4.14,4.18,151552000.0,634245120.0000001
2025-06-06,000157.SZ,6.41,6.5,6.4,6.45,41988000.0,269982840.0
2025-06-09,000157.SZ,6.46,6.49,6.44,6.46,34435800.0,222455268.0
2025-06-09,000100.SZ,4.18,4.19,4.14,4.15,175350900.0,730336498.5
2025-06-09,000166.SZ,4.69,4.78,4.68,4.73,91062300.0,428903433.00000006
2025-06-10,000166.SZ,4.73,4.73,4.65,4.68,67129200.0,315842886.0
2025-06-10,000100.SZ,4.15,4.16,4.1,4.13,189765100.0,785627514.0000001
2025-06-10,000157.SZ,6.46,6.5,6.41,6.47,47046300.0,304154329.5
2025-06-11,000100.SZ,4.13,4.2,4.12,4.18,174699400.0,725876006.9999999
2025-06-11,000157.SZ,6.48,6.59,6.46,6.56,57890700.0,377447364.0
2025-06-11,000166.SZ,4.69,4.8,4.68,4.75,103284500.0,487502840.00000006
2025-06-12,000100.SZ,4.17,4.26,4.16,4.24,232270900.0,976699134.5
2025-06-12,000166.SZ,4.74,4.77,4.72,4.73,56502900.0,267541231.50000003
2025-06-12,000157.SZ,6.56,6.59,6.51,6.54,27213000.0,178245150.0
2025-06-13,000157.SZ,6.53,6.56,6.5,6.51,33882400.0,220913248.0
2025-06-13,000100.SZ,4.22,4.23,4.13,4.17,186522400.0,782461468.0
2025-06-13,000166.SZ,4.72,4.73,4.67,4.7,67792000.0,319300320.0
2025-06-16,000157.SZ,6.51,6.53,6.48,6.5,28563000.0,185802315.0
2025-06-16,000100.SZ,4.16,4.19,4.14,4.17,103526200.0,431186623.0
2025-06-16,000166.SZ,4.68,4.74,4.67,4.73,53338000.0,250955290.0
2025-06-17,000100.SZ,4.18,4.25,4.17,4.23,163624700.0,688041863.5
2025-06-17,000166.SZ,4.72,4.75,4.7,4.75,56680700.0,268383114.49999997
2025-06-17,000157.SZ,6.51,6.58,6.5,6.56,31842400.0,208090084.0
2025-06-18,000100.SZ,4.22,4.26,4.2,4.24,143883200.0,608625936.0000001
2025-06-18,000166.SZ,4.75,4.76,4.65,4.68,64560900.0,304404643.5
2025-06-18,000157.SZ,6.55,6.58,6.52,6.54,19457300.0,127348028.5
2025-06-19,000157.SZ,6.54,6.55,6.42,6.49,37273000.0,242833595.00000003
2025-06-19,000100.SZ,4.24,4.24,4.16,4.19,136138400.0,573823356.0
2025-06-19,000166.SZ,4.67,4.67,4.61,4.64,68444800.0,318610543.99999994
2025-06-20,000100.SZ,4.2,4.25,4.19,4.22,141594200.0,596111582.0
2025-06-20,000166.SZ,4.64,4.68,4.63,4.64,59864300.0,277770352.0
2025-06-20,000157.SZ,6.47,6.5,6.45,6.45,21322100.0,137740766.0
2025-06-23,000100.SZ,4.19,4.24,4.17,4.2,141076600.0,591816337.0
2025-06-23,000166.SZ,4.62,4.73,4.61,4.71,76788400.0,358217886.0
2025-06-23,000157.SZ,6.42,6.49,6.41,6.47,24647900.0,158855715.5
2025-06-24,000100.SZ,4.21,4.24,4.18,4.19,212743700.0,893523540.0
2025-06-24,000166.SZ,4.73,4.82,4.71,4.78,122194500.0,581034847.5000001
2025-06-24,000157.SZ,6.49,6.58,6.48,6.58,38514900.0,251694871.5
2025-06-25,000157.SZ,6.57,6.63,6.56,6.63,38682100.0,255301860.0
2025-06-25,000100.SZ,4.2,4.21,4.13,4.2,297260900.0,1248495780.0
2025-06-25,000166.SZ,4.79,4.96,4.77,4.94,216612400.0,1053819326.0
2025-06-26,000157.SZ,6.63,6.65,6.58,6.6,36701200.0,242778438.0
2025-06-26,000100.SZ,4.2,4.29,4.16,4.16,367173100.0,1534783558.0
2025-06-26,000166.SZ,4.97,4.98,4.89,4.91,134743300.0,665631901.9999999
2025-06-27,000100.SZ,4.17,4.22,4.16,4.21,266690600.0,1117433613.9999998
2025-06-27,000166.SZ,4.93,5.09,4.91,4.92,161213500.0,793976487.5
2025-06-27,000157.SZ,6.63,6.63,6.59,6.61,32057600.0,212221312.0
2025-06-30,000100.SZ,4.22,4.23,4.18,4.2,215557300.0,907496233.0
2025-06-30,000166.SZ,4.94,4.94,4.85,4.87,83619200.0,410152176.0
2025-06-30,000157.SZ,6.61,6.67,6.6,6.61,29460400.0,194733244.0
2025-07-01,000157.SZ,6.61,6.66,6.61,6.61,31061200.0,205314532.0
2025-07-01,000100.SZ,4.2,4.25,4.17,4.24,241225700.0,1017972454.0000001
2025-07-01,000166.SZ,4.88,4.89,4.82,4.84,61961300.0,301131917.99999994
2025-07-02,000157.SZ,6.63,6.77,6.61,6.7,64469200.0,429687218.0
2025-07-02,000100.SZ,4.24,4.31,4.22,4.31,291808800.0,1247482620.0
2025-07-02,000166.SZ,4.85,4.87,4.83,4.84,54960200.0,266282169.0
2025-07-03,000157.SZ,6.71,6.72,6.64,6.67,35556400.0,237872315.99999997
2025-07-03,000166.SZ,4.85,4.89,4.84,4.87,61236500.0,297609389.99999994
2025-07-03,000100.SZ,4.31,4.39,4.28,4.38,285133600.0,1238905492.0
2025-07-04,000157.SZ,6.65,6.68,6.61,6.61,40886500.0,271077495.00000006
2025-07-04,000166.SZ,4.87,4.93,4.82,4.88,79476000.0,387445500.0
2025-07-04,000100.SZ,4.38,4.38,4.3,4.31,206500400.0,897244238.0
2025-07-07,000157.SZ,6.62,6.63,6.57,6.62,22197100.0,146944802.0
2025-07-07,000166.SZ,4.86,4.89,4.85,4.87,45575400.0,221724321.0
2025-07-07,000100.SZ,4.31,4.32,4.2,4.22,275983200.0,1177068348.0
2025-07-08,000100.SZ,4.22,4.27,4.2,4.26,225218700.0,954927288.0
2025-07-08,000157.SZ,6.63,6.81,6.62,6.73,60880800.0,406683744.0
2025-07-08,000166.SZ,4.87,4.93,4.86,4.91,74372700.0,363682503.00000006
2025-07-09,000166.SZ,4.92,4.96,4.9,4.91,73485200.0,361179758.0
2025-07-09,000157.SZ,6.72,6.74,6.67,6.69,32446300.0,217552441.5
2025-07-09,000100.SZ,4.27,4.28,4.23,4.24,196443500.0,835867092.5
2025-07-10,000100.SZ,4.27,4.36,4.26,4.34,356550400.0,1534949472.0
2025-07-10,000157.SZ,6.69,6.72,6.67,6.72,26264600.0,176104143.0
2025-07-10,000166.SZ,4.9,4.98,4.89,4.97,84633600.0,417666816.00000006
2025-07-11,000157.SZ,6.73,6.78,6.71,6.74,40544100.0,273064513.5
2025-07-11,000166.SZ,4.99,5.22,4.97,5.12,215872500.0,1091235487.5
2025-07-11,000100.SZ,4.37,4.43,4.31,4.38,339712800.0,1486243500.0
2025-07-14,000157.SZ,6.74,6.82,6.74,6.79,37245400.0,251965131.00000003
2025-07-14,000100.SZ,4.38,4.46,4.38,4.44,261039500.0,1151184195.0
2025-07-14,000166.SZ,5.12,5.13,5.04,5.06,95409000.0,485631810.0
2025-07-15,000166.SZ,5.1,5.12,5.0,5.05,96561800.0,490051134.99999994
2025-07-15,000157.SZ,6.78,6.82,6.7,6.75,31898500.0,215793352.50000003
2025-07-15,000100.SZ,4.44,4.46,4.34,4.37,249150900.0,1097509714.5
2025-07-16,000100.SZ,4.38,4.39,4.33,4.34,197077700.0,859258771.9999999
2025-07-16,000157.SZ,6.75,6.78,6.73,6.77,24225500.0,163764380.0
2025-07-16,000166.SZ,5.03,5.08,4.98,5.02,90629700.0,455414242.50000006
2025-07-17,000100.SZ,4.35,4.48,4.34,4.47,310231200.0,1368119592.0
2025-07-17,000166.SZ,5.02,5.08,5.0,5.07,63241700.0,319054376.5
2025-07-17,000157.SZ,6.78,6.82,6.78,6.79,34743200.0,235732612.0
2025-07-18,000100.SZ,4.47,4.51,4.39,4.42,297110200.0,1320654839.0
2025-07-18,000157.SZ,6.8,6.82,6.74,6.79,38141400.0,259170813.0
2025-07-18,000166.SZ,5.07,5.09,5.05,5.09,63764700.0,323924676.0
2025-07-21,000100.SZ,4.42,4.56,4.4,4.55,411565200.0,1845869921.9999998
2025-07-21,000157.SZ,6.95,7.14,6.87,7.12,146668300.0,1031811490.5
2025-07-21,000166.SZ,5.09,5.21,5.08,5.19,98989100.0,508803974.00000006
2025-07-22,000166.SZ,5.19,5.22,5.12,5.22,84101400.0,437747787.0
2025-07-22,000157.SZ,7.18,7.79,7.09,7.68,294755900.0,2190036337.0
2025-07-22,000100.SZ,4.53,4.58,4.5,4.57,338621500.0,1540727825.0000002
2025-07-23,000100.SZ,4.55,4.59,4.52,4.54,245125000.0,1114093125.0
2025-07-23,000157.SZ,7.68,7.68,7.24,7.25,274268800.0,2047416592.0
2025-07-23,000166.SZ,5.22,5.29,5.19,5.2,122281800.0,637088178.0
2025-07-24,000100.SZ,4.54,4.56,4.51,4.55,258731500.0,1175934667.5
2025-07-24,000157.SZ,7.25,7.34,7.22,7.34,140629800.0,1025894391.0
2025-07-24,000166.SZ,5.2,5.33,5.18,5.31,140161000.0,736546055.0
2025-07-25,000166.SZ,5.32,5.34,5.26,5.28,93627800.0,496227340.00000006
2025-07-25,000100.SZ,4.55,4.56,4.5,4.52,208159000.0,944001065.0
2025-07-25,000157.SZ,7.35,7.35,7.19,7.2,110243200.0,802019280.0
2025-07-28,000166.SZ,5.27,5.35,5.23,5.29,94973000.0,501457439.99999994
2025-07-28,000157.SZ,7.2,7.2,7.09,7.17,97832100.0,702923638.5
2025-07-28,000100.SZ,4.52,4.55,4.48,4.51,227881600.0,1028885423.9999999
2025-07-29,000157.SZ,7.23,7.24,7.13,7.19,68052400.0,490657804.00000006
2025-07-29,000166.SZ,5.27,5.3,5.19,5.29,97714400.0,515932031.99999994
2025-07-29,000100.SZ,4.5,4.5,4.41,4.46,296248700.0,1327194176.0000002
2025-07-30,000100.SZ,4.44,4.47,4.39,4.42,206122000.0,913120460.0
2025-07-30,000166.SZ,5.28,5.31,5.21,5.26,76909200.0,405311483.99999994
2025-07-30,000157.SZ,7.16,7.19,7.1,7.13,62541000.0,446855445.0
2025-07-31,000157.SZ,7.14,7.15,6.97,6.99,80430700.0,568242895.5
2025-07-31,000100.SZ,4.41,4.42,4.3,4.32,359633800.0,1569801537.0
2025-07-31,000166.SZ,5.24,5.25,5.1,5.14,94115600.0,488459963.99999994
2025-08-01,000100.SZ,4.32,4.37,4.3,4.34,287319100.0,1244091703.0
2025-08-01,000166.SZ,5.12,5.17,5.08,5.11,73501200.0,375958638.0
2025-08-01,000157.SZ,7.0,7.02,6.87,6.92,71976700.0,500957832.0
2025-08-04,000157.SZ,6.89,6.94,6.86,6.92,43382700.0,299557543.5
2025-08-04,000166.SZ,5.09,5.13,5.06,5.11,69433000.0,354108300.0
2025-08-04,000100.SZ,4.33,4.35,4.3,4.34,214558300.0,930110230.5
2025-08-05,000157.SZ,6.94,6.96,6.91,6.96,45693400.0,317569130.0
2025-08-05,000100.SZ,4.34,4.48,4.33,4.37,513105700.0,2234575323.5
2025-08-05,000166.SZ,5.13,5.2,5.12,5.18,71868000.0,370479539.99999994
2025-08-06,000157.SZ,6.96,7.08,6.94,7.07,62294100.0,436993111.50000006
2025-08-06,000100.SZ,4.38,4.42,4.35,4.39,250558300.0,1098698145.5
2025-08-06,000166.SZ,5.16,5.2,5.14,5.18,53938000.0,278859460.0
2025-08-07,000166.SZ,5.2,5.24,5.16,5.22,72925000.0,379939250.0
2025-08-07,000157.SZ,7.09,7.12,6.99,7.04,61450000.0,434144249.99999994
2025-08-07,000100.SZ,4.39,4.43,4.35,4.37,200556800.0,878438784.0
2025-08-08,000157.SZ,7.02,7.19,7.01,7.16,95408300.0,676444847.0
2025-08-08,000100.SZ,4.36,4.36,4.33,4.33,186009500.0,808211277.5000001
2025-08-08,000166.SZ,5.21,5.23,5.16,5.2,54346600.0,282874053.0
2025-08-11,000166.SZ,5.19,5.26,5.18,5.23,84966900.0,442677549.00000006
2025-08-11,000157.SZ,7.2,7.22,7.12,7.17,58733100.0,421997323.5
2025-08-11,000100.SZ,4.33,4.41,4.32,4.4,240721700.0,1050750220.5
2025-08-12,000157.SZ,7.17,7.18,7.1,7.12,48173700.0,344201086.5
2025-08-12,000100.SZ,4.4,4.4,4.35,4.38,165279000.0,725574810.0000001
2025-08-12,000166.SZ,5.23,5.26,5.21,5.25,67475400.0,353571096.0
2025-08-13,000100.SZ,4.37,4.39,4.35,4.37,186073500.0,813141195.0
2025-08-13,000166.SZ,5.27,5.36,5.25,5.3,126982300.0,671101455.5
2025-08-13,000157.SZ,7.12,7.14,7.1,7.12,47585300.0,338807336.0
2025-08-14,000100.SZ,4.38,4.39,4.3,4.32,242024200.0,1052805269.9999999
2025-08-14,000157.SZ,7.13,7.17,7.03,7.05,58991500.0,418249735.0
2025-08-14,000166.SZ,5.3,5.37,5.27,5.29,133769200.0,708307914.0
2025-08-15,000166.SZ,5.28,5.46,5.26,5.42,199607000.0,1067897449.9999999
2025-08-15,000100.SZ,4.33,4.41,4.32,4.4,284058700.0,1239916225.5
2025-08-15,000157.SZ,7.04,7.13,7.02,7.13,48306200.0,342249427.0
2025-08-18,000157.SZ,7.15,7.19,7.11,7.13,76483600.0,546092904.0
2025-08-18,000100.SZ,4.42,4.49,4.4,4.47,324170600.0,1440938317.0
2025-08-18,000166.SZ,5.46,5.53,5.39,5.46,195340200.0,1066557492.0
2025-08-19,000166.SZ,5.44,5.47,5.38,5.39,118901700.0,643852705.5
2025-08-19,000100.SZ,4.46,4.47,4.41,4.42,230858600.0,1025012183.9999999
2025-08-19,000157.SZ,7.12,7.14,7.04,7.06,60254000.0,427200860.0
2025-08-20,000166.SZ,5.37,5.45,5.33,5.45,136220600.0,736953446.0
2025-08-20,000100.SZ,4.41,4.53,4.4,4.52,384002400.0,1714570716.0
2025-08-20,000157.SZ,7.07,7.13,7.04,7.13,46276600.0,328563860.0
2025-08-21,000166.SZ,5.51,5.52,5.4,5.43,107934200.0,590400074.0
2025-08-21,000100.SZ,4.52,4.57,4.5,4.52,327259200.0,1479211583.9999998
2025-08-21,000157.SZ,7.15,7.19,7.11,7.14,66043800.0,471882951.0
2025-08-22,000100.SZ,4.51,4.69,4.5,4.69,632221400.0,2908218440.0
2025-08-22,000166.SZ,5.41,5.58,5.4,5.57,176005100.0,966267999.0
2025-08-22,000157.SZ,7.13,7.17,7.11,7.17,56438300.0,403533845.0
2025-08-25,000166.SZ,5.6,5.66,5.53,5.61,180364400.0,1010942462.0000001
2025-08-25,000157.SZ,7.19,7.28,7.19,7.28,105528400.0,763497974.0
2025-08-25,000100.SZ,4.73,4.77,4.59,4.65,575880800.0,2700880952.0
2025-08-26,000100.SZ,4.63,4.71,4.61,4.69,401386800.0,1870462488.0
2025-08-26,000157.SZ,7.28,7.29,7.2,7.28,63181500.0,459961320.0
2025-08-26,000166.SZ,5.57,5.61,5.53,5.56,104496700.0,581524135.5
2025-08-27,000166.SZ,5.54,5.58,5.36,5.36,184097800.0,1003333010.0
2025-08-27,000100.SZ,4.69,4.78,4.56,4.57,674578200.0,3123297066.0000005
2025-08-27,000157.SZ,7.26,7.3,7.1,7.1,105448200.0,757118076.0
2025-08-28,000100.SZ,4.57,4.62,4.49,4.61,508614500.0,2334540555.0
2025-08-28,000157.SZ,7.1,7.16,6.96,7.12,73694700.0,523969316.99999994
2025-08-28,000166.SZ,5.36,5.43,5.3,5.42,154486700.0,832683313.0000001
2025-08-29,000166.SZ,5.43,5.49,5.31,5.34,285729500.0,1538653357.5
2025-08-29,000157.SZ,7.12,7.19,6.98,6.99,125838500.0,887790617.5
2025-08-29,000100.SZ,4.61,4.63,4.54,4.55,613881600.0,2811577728.0
2025-09-01,000100.SZ,4.59,4.6,4.47,4.5,502198200.0,2282490819.0
2025-09-01,000166.SZ,5.37,5.41,5.26,5.3,192235700.0,1025577459.5
2025-09-01,000157.SZ,7.11,7.28,7.01,7.03,230873700.0,1632277059.0
2025-09-02,000166.SZ,5.31,5.31,5.2,5.27,162658400.0,860462935.9999999
2025-09-02,000100.SZ,4.49,4.5,4.3,4.33,699942200.0,3086745102.0
2025-09-02,000157.SZ,7.1,7.11,6.95,7.04,110438800.0,780802316.0
2025-09-03,000166.SZ,5.29,5.32,5.11,5.13,136714300.0,712281503.0
2025-09-03,000157.SZ,7.05,7.18,6.93,6.97,104142600.0,730039626.0
2025-09-03,000100.SZ,4.34,4.35,4.22,4.23,476340900.0,2041120756.5
2025-09-04,000157.SZ,6.97,6.99,6.81,6.89,91346200.0,633029166.0
2025-09-04,000100.SZ,4.25,4.33,4.17,4.22,554147400.0,2346814238.9999995
2025-09-04,000166.SZ,5.13,5.18,5.09,5.15,129717500.0,666747950.0000001
2025-09-05,000166.SZ,5.15,5.19,5.1,5.17,110143900.0,568342524.0
2025-09-05,000100.SZ,4.22,4.3,4.19,4.3,504932700.0,2151013302.0
2025-09-05,000157.SZ,6.89,6.96,6.86,6.92,73407000.0,506875334.99999994
2025-09-08,000100.SZ,4.3,4.33,4.26,4.31,440403000.0,1895934914.9999998
2025-09-08,000166.SZ,5.15,5.2,5.13,5.16,109940000.0,566740700.0
2025-09-08,000157.SZ,6.95,7.04,6.91,7.0,114904100.0,801456097.5
2025-09-09,000166.SZ,5.14,5.19,5.12,5.14,110129800.0,566067172.0
2025-09-09,000157.SZ,7.0,7.08,6.98,7.02,93825500.0,657716755.0
2025-09-09,000100.SZ,4.3,4.35,4.28,4.3,359034700.0,1543849210.0
2025-09-10,000100.SZ,4.29,4.31,4.26,4.29,292637900.0,1255416591.0
2025-09-10,000166.SZ,5.14,5.17,5.1,5.13,80268900.0,412180801.5
2025-09-10,000157.SZ,7.01,7.02,6.92,6.94,67296900.0,469395877.5
2025-09-11,000100.SZ,4.28,4.35,4.26,4.34,405750000.0,1748782500.0000002
2025-09-11,000157.SZ,6.92,6.99,6.88,6.99,61945000.0,430827475.0
2025-09-11,000166.SZ,5.13,5.28,5.11,5.27,137493100.0,714964119.9999999
2025-09-12,000166.SZ,5.26,5.28,5.16,5.19,104231000.0,544606975.0
2025-09-12,000100.SZ,4.34,4.36,4.3,4.33,391014000.0,1695045690.0
2025-09-12,000157.SZ,6.99,7.01,6.87,6.9,127953500.0,888637057.5
2025-09-15,000157.SZ,6.9,6.93,6.86,6.92,63002700.0,435348657.0
2025-09-15,000166.SZ,5.19,5.22,5.16,5.19,77220700.0,400775433.00000006
2025-09-15,000100.SZ,4.34,4.36,4.29,4.33,413665300.0,1793239075.5
2025-09-16,000157.SZ,6.91,7.01,6.89,6.99,102814400.0,714560080.0
2025-09-16,000166.SZ,5.18,5.22,5.13,5.2,90830200.0,471408737.99999994
2025-09-16,000100.SZ,4.33,4.34,4.25,4.28,451049700.0,1941768958.4999998
2025-09-17,000157.SZ,7.02,7.34,7.0,7.33,269665700.0,1934851397.5
2025-09-17,000166.SZ,5.19,5.26,5.17,5.25,96637200.0,504446184.00000006
2025-09-17,000100.SZ,4.26,4.32,4.25,4.29,339546600.0,1451561715.0000002
2025-09-18,000100.SZ,4.3,4.47,4.27,4.33,759369600.0,3276679823.9999995
2025-09-18,000157.SZ,7.36,7.4,7.14,7.23,213165600.0,1555043052.0
2025-09-18,000166.SZ,5.22,5.24,5.06,5.09,144634900.0,745592909.4999999
2025-09-19,000157.SZ,7.18,7.38,7.15,7.36,161823700.0,1176458299.0
2025-09-19,000166.SZ,5.09,5.1,5.03,5.04,81815000.0,414392974.99999994
2025-09-19,000100.SZ,4.33,4.36,4.29,4.32,343779100.0,1486844607.5
2025-09-22,000166.SZ,5.04,5.09,5.02,5.08,72881000.0,368777860.00000006
2025-09-22,000100.SZ,4.32,4.33,4.25,4.29,289042400.0,1244327532.0
2025-09-22,000157.SZ,7.36,7.38,7.24,7.34,102307500.0,751960125.0
2025-09-23,000100.SZ,4.28,4.3,4.14,4.24,394381100.0,1680063486.0
2025-09-23,000157.SZ,7.34,7.44,7.24,7.41,163588800.0,1206467400.0
2025-09-23,000166.SZ,5.06,5.06,4.97,5.04,93817100.0,473776355.0
2025-09-24,000166.SZ,5.02,5.11,5.01,5.09,77948800.0,394031184.0
2025-09-24,000100.SZ,4.22,4.35,4.2,4.35,492714100.0,2111279918.5
2025-09-24,000157.SZ,7.42,7.58,7.38,7.57,148224400.0,1110941878.0
2025-09-25,000157.SZ,7.55,7.56,7.36,7.36,112448400.0,838302822.0
2025-09-25,000100.SZ,4.34,4.4,4.32,4.38,384664400.0,1677136783.9999998
2025-09-25,000166.SZ,5.08,5.12,5.05,5.06,63967500.0,324315225.0
2025-09-26,000166.SZ,5.05,5.11,5.03,5.06,64332500.0,325200787.5
2025-09-26,000100.SZ,4.36,4.36,4.25,4.27,384535300.0,1659269819.4999998
2025-09-26,000157.SZ,7.36,7.53,7.36,7.4,100242000.0,739785960.0000001
2025-09-29,000166.SZ,5.06,5.31,5.04,5.24,213002000.0,1096960300.0
2025-09-29,000100.SZ,4.26,4.27,4.18,4.25,456917700.0,1944184813.5
2025-09-29,000157.SZ,7.38,7.58,7.3,7.56,115517300.0,862914231.0
2025-09-30,000100.SZ,4.24,4.29,4.22,4.23,363677200.0,1540172942.0
2025-09-30,000166.SZ,5.21,5.25,5.19,5.22,112998400.0,589286656.0
2025-09-30,000157.SZ,7.56,7.68,7.51,7.61,93374700.0,708247099.5
2025-10-09,000157.SZ,7.65,7.66,7.49,7.64,108696900.0,830987800.5
2025-10-09,000166.SZ,5.24,5.31,5.19,5.3,129464900.0,682280023.0
2025-10-09,000100.SZ,4.25,4.5,4.24,4.42,928833400.0,4026492789.0
2025-10-10,000157.SZ,7.6,7.76,7.57,7.6,91740400.0,697227040.0
2025-10-10,000100.SZ,4.4,4.4,4.26,4.28,614764900.0,2668079666.0
2025-10-10,000166.SZ,5.26,5.36,5.25,5.3,149272000.0,788156159.9999999
2025-10-13,000157.SZ,7.41,7.63,7.34,7.63,108808000.0,818236160.0
2025-10-13,000100.SZ,4.17,4.22,4.13,4.21,607619300.0,2545924866.9999995
2025-10-13,000166.SZ,5.19,5.27,5.17,5.25,130571800.0,681584796.0000001
2025-10-14,000166.SZ,5.26,5.34,5.25,5.27,129500600.0,681820659.0
2025-10-14,000157.SZ,7.66,8.02,7.65,7.7,187838200.0,1442597376.0
2025-10-14,000100.SZ,4.21,4.29,4.14,4.15,594642200.0,2485604396.0
2025-10-15,000100.SZ,4.15,4.17,4.11,4.16,428283200.0,1779516696.0
2025-10-15,000157.SZ,7.72,7.95,7.68,7.93,164256100.0,1285303982.5
2025-10-15,000166.SZ,5.28,5.33,5.24,5.32,118022200.0,625517660.0000001
2025-10-16,000100.SZ,4.15,4.16,4.11,4.12,290340800.0,1200559208.0
2025-10-16,000166.SZ,5.3,5.36,5.29,5.33,106816600.0,567730229.0
2025-10-16,000157.SZ,7.89,7.96,7.82,7.85,94644700.0,744853788.9999999
2025-10-17,000157.SZ,7.82,7.84,7.5,7.55,119420900.0,917749616.5
2025-10-17,000100.SZ,4.12,4.13,4.02,4.03,410248300.0,1671761822.5
2025-10-17,000166.SZ,5.32,5.36,5.21,5.23,114272300.0,602786382.5
2025-10-20,000166.SZ,5.27,5.28,5.2,5.21,84739800.0,444036552.0
2025-10-20,000100.SZ,4.06,4.08,4.02,4.04,215461000.0,872617050.0
2025-10-20,000157.SZ,7.66,7.73,7.55,7.61,80635500.0,615652042.5
2025-10-21,000157.SZ,7.64,7.76,7.59,7.73,76148000.0,585197380.0
2025-10-21,000166.SZ,5.22,5.33,5.21,5.26,101201500.0,530295860.0
2025-10-21,000100.SZ,4.05,4.09,4.03,4.08,234534400.0,953382335.9999999
2025-10-22,000100.SZ,4.08,4.1,4.05,4.07,216770700.0,883340602.5
2025-10-22,000157.SZ,7.71,7.84,7.69,7.76,66473500.0,514172522.49999994
2025-10-22,000166.SZ,5.26,5.28,5.22,5.26,59959700.0,315388022.0
2025-10-23,000157.SZ,7.69,7.72,7.57,7.71,63387300.0,488082210.0
2025-10-23,000166.SZ,5.26,5.32,5.21,5.31,82961000.0,438448885.0
2025-10-23,000100.SZ,4.06,4.12,4.03,4.11,286985700.0,1172336584.5
2025-10-24,000100.SZ,4.11,4.14,4.09,4.1,226071400.0,928023097.0000001
2025-10-24,000166.SZ,5.31,5.36,5.3,5.34,90518600.0,482011544.99999994
2025-10-24,000157.SZ,7.71,7.81,7.7,7.73,51083400.0,394363848.00000006
2025-10-27,000166.SZ,5.38,5.43,5.36,5.4,136691000.0,736764490.0000001
2025-10-27,000157.SZ,7.75,7.89,7.63,7.69,108374000.0,836647280.0000001
2025-10-27,000100.SZ,4.12,4.14,4.1,4.12,296520200.0,1221663224.0
2025-10-28,000100.SZ,4.12,4.14,4.1,4.12,213837100.0,881008852.0
2025-10-28,000166.SZ,5.39,5.41,5.32,5.34,88844600.0,476651279.0
2025-10-28,000157.SZ,7.66,7.66,7.52,7.54,78376200.0,595659120.0
2025-10-29,000100.SZ,4.11,4.19,4.08,4.18,427883200.0,1773575863.9999998
2025-10-29,000166.SZ,5.33,5.43,5.32,5.43,120551500.0,648567070.0
2025-10-29,000157.SZ,7.54,7.61,7.48,7.59,57233200.0,432969158.0
2025-10-30,000166.SZ,5.42,5.42,5.33,5.33,113825000.0,611809375.0
2025-10-30,000157.SZ,7.62,7.75,7.6,7.63,71700800.0,546718600.0
2025-10-30,000100.SZ,4.17,4.29,4.15,4.21,580833500.0,2433692364.9999995
2025-10-31,000100.SZ,4.28,4.31,4.23,4.23,500312200.0,2128828411.0000005
2025-10-31,000157.SZ,7.63,7.88,7.63,7.76,121235200.0,932904864.0
2025-10-31,000166.SZ,5.43,5.47,5.35,5.35,159141600.0,857773224.0
2025-11-03,000166.SZ,5.33,5.35,5.29,5.35,93265200.0,498036168.0
2025-11-03,000100.SZ,4.25,4.27,4.2,4.26,383085600.0,1630029228.0
2025-11-03,000157.SZ,7.81,7.88,7.74,7.87,89358900.0,700573776.0
2025-11-04,000157.SZ,7.86,7.96,7.76,7.8,66789700.0,522963351.0
2025-11-04,000100.SZ,4.25,4.26,4.16,4.17,294280700.0,1238921747.0
2025-11-04,000166.SZ,5.34,5.36,5.3,5.34,71633900.0,382525026.0
2025-11-05,000166.SZ,5.31,5.36,5.3,5.33,58761100.0,312609052.0
2025-11-05,000100.SZ,4.14,4.24,4.12,4.21,287813800.0,1201622615.0
2025-11-05,000157.SZ,7.88,7.99,7.77,7.96,96667500.0,765606600.0
2025-11-06,000157.SZ,7.98,8.22,7.95,8.2,147186900.0,1190742021.0
2025-11-06,000100.SZ,4.21,4.22,4.18,4.21,266832900.0,1123366509.0
2025-11-06,000166.SZ,5.34,5.43,5.33,5.39,103579100.0,555701871.5
2025-11-07,000100.SZ,4.19,4.26,4.16,4.22,389717800.0,1638763349.0
2025-11-07,000157.SZ,8.15,8.27,8.1,8.2,78052900.0,638082457.5
2025-11-07,000166.SZ,5.37,5.39,5.34,5.35,65784600.0,352605455.99999994
2025-11-10,000157.SZ,8.23,8.27,7.97,8.09,104548900.0,853119024.0
2025-11-10,000166.SZ,5.35,5.43,5.34,5.41,89035900.0,479013142.0
2025-11-10,000100.SZ,4.22,4.36,4.2,4.34,741865300.0,3175183483.9999995
2025-11-11,000157.SZ,8.08,8.12,7.99,8.02,51030800.0,410797940.00000006
2025-11-11,000100.SZ,4.34,4.38,4.32,4.32,362302900.0,1568771557.0
2025-11-11,000166.SZ,5.41,5.42,5.33,5.35,80267000.0,431836460.0
2025-11-12,000100.SZ,4.33,4.35,4.26,4.31,338772400.0,1463496768.0
2025-11-12,000157.SZ,8.02,8.02,7.86,7.91,65972600.0,525471759.0
2025-11-12,000166.SZ,5.34,5.36,5.28,5.3,92784800.0,493615136.0
2025-11-13,000166.SZ,5.3,5.36,5.3,5.34,87364000.0,464776480.0
2025-11-13,000100.SZ,4.33,4.37,4.3,4.33,315978300.0,1368186039.0
2025-11-13,000157.SZ,7.89,7.97,7.88,7.94,48473000.0,383663795.0
2025-11-14,000166.SZ,5.32,5.37,5.3,5.3,65801500.0,349405965.00000006
2025-11-14,000157.SZ,7.91,7.94,7.83,7.84,47657500.0,375302812.5
2025-11-14,000100.SZ,4.32,4.35,4.28,4.28,288463200.0,1240391760.0000002
2025-11-17,000100.SZ,4.28,4.32,4.21,4.23,292198900.0,1243306319.5000002
2025-11-17,000166.SZ,5.3,5.3,5.22,5.24,86786900.0,457366962.99999994
2025-11-17,000157.SZ,7.84,7.87,7.68,7.69,65985700.0,512378960.50000006
2025-11-18,000166.SZ,5.22,5.24,5.19,5.21,67168400.0,350283206.0
2025-11-18,000100.SZ,4.22,4.24,4.14,4.16,297383800.0,1246038121.9999998
2025-11-18,000157.SZ,7.7,7.71,7.57,7.6,51460800.0,393675120.0
2025-11-19,000166.SZ,5.19,5.23,5.18,5.21,60387800.0,314016560.0
2025-11-19,000157.SZ,7.6,7.69,7.59,7.65,41162200.0,313861775.0
2025-11-19,000100.SZ,4.16,4.17,4.08,4.11,259634600.0,1073589071.0
2025-11-20,000157.SZ,7.66,7.68,7.58,7.59,33842400.0,258048300.0
2025-11-20,000166.SZ,5.36,5.42,5.24,5.24,170592300.0,904139190.0000001
2025-11-20,000100.SZ,4.12,4.15,4.08,4.08,231515100.0,949211909.9999999
2025-11-21,000100.SZ,4.05,4.06,3.97,3.97,372847400.0,1495118074.0
2025-11-21,000157.SZ,7.52,7.55,7.38,7.43,82616100.0,617555347.5
2025-11-21,000166.SZ,5.2,5.25,5.05,5.06,128986400.0,661700232.0
2025-11-24,000157.SZ,7.46,7.56,7.41,7.5,67093800.0,501861624.0
2025-11-24,000100.SZ,3.99,4.01,3.96,3.99,229573900.0,915999861.0
2025-11-24,000166.SZ,5.07,5.09,5.01,5.03,103170700.0,521012035.00000006
2025-11-25,000100.SZ,4.01,4.04,4.0,4.01,178829600.0,717106696.0
2025-11-25,000157.SZ,7.53,7.58,7.48,7.56,51637700.0,389606446.5
2025-11-25,000166.SZ,5.04,5.07,5.01,5.03,65708300.0,330841290.5
2025-11-26,000166.SZ,5.04,5.08,5.02,5.03,64865700.0,326598799.5
2025-11-26,000100.SZ,4.01,4.03,3.99,4.0,164077100.0,657128785.5
2025-11-26,000157.SZ,7.57,7.76,7.56,7.75,71602200.0,548472852.0
2025-11-27,000157.SZ,7.72,7.73,7.58,7.61,52285500.0,400768357.5
2025-11-27,000100.SZ,4.0,4.02,3.98,3.99,140070600.0,559582047.0
2025-11-27,000166.SZ,5.03,5.06,5.01,5.03,55532200.0,279326966.0
2025-11-28,000157.SZ,7.6,7.71,7.6,7.68,33521700.0,256105788.0
2025-11-28,000100.SZ,3.99,4.01,3.97,4.01,129611700.0,518446800.0
2025-11-28,000166.SZ,5.02,5.05,5.0,5.04,54984900.0,276574046.99999994
2025-12-01,000166.SZ,5.03,5.08,5.02,5.07,61976100.0,312979305.00000006
2025-12-01,000100.SZ,4.0,4.12,3.99,4.12,328809100.0,1334964946.0000002
2025-12-01,000157.SZ,7.7,7.72,7.61,7.68,36270600.0,278920914.0
2025-12-02,000166.SZ,5.06,5.07,5.0,5.01,64911700.0,326830409.5
2025-12-02,000100.SZ,4.11,4.13,4.06,4.09,192166000.0,787880599.9999999
2025-12-02,000157.SZ,7.67,7.78,7.64,7.77,44447400.0,343133928.0
2025-12-03,000100.SZ,4.1,4.32,4.09,4.26,710619700.0,2970390346.0
2025-12-03,000157.SZ,7.78,7.93,7.77,7.84,48671400.0,380123634.0
2025-12-03,000166.SZ,5.01,5.03,4.94,4.95,73167500.0,364374150.00000006
2025-12-04,000100.SZ,4.23,4.29,4.22,4.28,391982700.0,1667886388.5000002
2025-12-04,000157.SZ,7.83,8.01,7.81,7.99,66258900.0,524107899.0
2025-12-04,000166.SZ,4.95,5.0,4.94,4.98,56728400.0,281656506.0
2025-12-05,000166.SZ,4.97,5.1,4.96,5.08,116022300.0,583012057.5
2025-12-05,000157.SZ,7.98,8.24,7.96,8.21,98959600.0,801077962.0000001
2025-12-05,000100.SZ,4.27,4.47,4.26,4.46,809699000.0,3534336135.0
2025-12-08,000157.SZ,8.22,8.23,8.07,8.15,70451100.0,576642253.5
2025-12-08,000166.SZ,5.14,5.24,5.12,5.16,166413900.0,857031585.0
2025-12-08,000100.SZ,4.44,4.5,4.38,4.39,514337000.0,2270797855.0
2025-12-09,000100.SZ,4.39,4.43,4.34,4.38,344025200.0,1508550502.0
2025-12-09,000166.SZ,5.14,5.17,5.1,5.13,100590500.0,516532217.5
2025-12-09,000157.SZ,8.13,8.21,8.02,8.07,72641500.0,588396150.0000001
2025-12-10,000100.SZ,4.36,4.45,4.33,4.4,308008200.0,1349075916.0000002
2025-12-10,000157.SZ,8.06,8.24,8.03,8.23,66645600.0,542828412.0
2025-12-10,000166.SZ,5.11,5.14,5.06,5.13,73499500.0,376317440.0
2025-12-11,000166.SZ,5.13,5.14,5.07,5.08,69941900.0,357053399.50000006
2025-12-11,000157.SZ,8.24,8.3,8.11,8.13,48816900.0,399566326.5
2025-12-11,000100.SZ,4.39,4.42,4.33,4.34,279508700.0,1220055475.5
2025-12-12,000166.SZ,5.08,5.13,5.07,5.12,83267700.0,424665270.0
2025-12-12,000100.SZ,4.35,4.45,4.33,4.41,415477600.0,1819791888.0
2025-12-12,000157.SZ,8.11,8.27,8.1,8.24,70800700.0,578795722.5
2025-12-15,000157.SZ,8.21,8.22,8.11,8.14,45813000.0,374521275.00000006
2025-12-15,000166.SZ,5.09,5.19,5.07,5.14,81389400.0,416306781.0
2025-12-15,000100.SZ,4.39,4.49,4.38,4.42,325815700.0,1435218158.4999998
2025-12-16,000100.SZ,4.43,4.5,4.39,4.47,518594600.0,2307745969.9999995
2025-12-16,000166.SZ,5.13,5.16,5.09,5.1,67403600.0,344769414.0
2025-12-16,000157.SZ,8.13,8.13,7.89,7.95,64910000.0,521876400.00000006
2025-12-17,000166.SZ,5.11,5.23,5.06,5.19,111548400.0,574474260.0
2025-12-17,000100.SZ,4.46,4.59,4.45,4.58,509498400.0,2302932768.0
2025-12-17,000157.SZ,7.96,8.07,7.91,8.03,43089400.0,344499752.99999994
2025-12-18,000100.SZ,4.55,4.57,4.46,4.5,363557700.0,1645098592.5000002
2025-12-18,000166.SZ,5.22,5.23,5.13,5.17,84940100.0,441263819.5
2025-12-18,000157.SZ,8.0,8.06,7.94,7.97,32022000.0,255695669.99999997
2025-12-19,000157.SZ,7.98,8.08,7.97,7.99,36277800.0,289678233.0
2025-12-19,000100.SZ,4.5,4.56,4.44,4.5,324805400.0,1461624300.0
2025-12-19,000166.SZ,5.16,5.21,5.13,5.17,73861700.0,381495680.5
2025-12-22,000100.SZ,4.49,4.5,4.37,4.4,373645700.0,1660855136.5
2025-12-22,000166.SZ,5.16,5.2,5.14,5.16,60181500.0,310536540.0
2025-12-22,000157.SZ,8.03,8.05,7.89,7.97,47124400.0,376995200.0
2025-12-23,000166.SZ,5.16,5.18,5.12,5.13,58485700.0,300908926.5
2025-12-23,000157.SZ,7.98,8.06,7.88,8.02,51162500.0,409300000.0
2025-12-23,000100.SZ,4.4,4.46,4.38,4.4,262151800.0,1153467920.0
2025-12-24,000157.SZ,8.01,8.11,7.97,8.03,37068400.0,297288568.0
2025-12-24,000166.SZ,5.14,5.2,5.13,5.19,64866400.0,335034956.0
2025-12-24,000100.SZ,4.39,4.44,4.35,4.44,255814500.0,1129421017.5
2025-12-25,000157.SZ,8.03,8.09,8.0,8.01,30679700.0,246051194.0
2025-12-25,000100.SZ,4.43,4.44,4.37,4.38,192738100.0,849011330.4999999
2025-12-25,000166.SZ,5.18,5.25,5.18,5.22,71524800.0,371928959.99999994
2025-12-26,000100.SZ,4.37,4.39,4.31,4.35,301675900.0,1315306923.9999998
2025-12-26,000157.SZ,7.99,8.15,7.98,8.14,47977000.0,386934505.00000006
2025-12-26,000166.SZ,5.21,5.28,5.19,5.24,90994300.0,475445217.49999994
2025-12-29,000100.SZ,4.36,4.48,4.34,4.4,423839800.0,1856418324.0000002
2025-12-29,000166.SZ,5.25,5.25,5.19,5.22,70257400.0,367797488.99999994
2025-12-29,000157.SZ,8.14,8.15,8.0,8.06,55166500.0,446848650.00000006
2025-12-30,000166.SZ,5.2,5.24,5.19,5.2,63064600.0,327935920.0
2025-12-30,000157.SZ,8.02,8.23,7.98,8.13,56862700.0,459166302.49999994
2025-12-30,000100.SZ,4.37,4.5,4.36,4.45,390725000.0,1723097250.0
2025-12-31,000100.SZ,4.45,4.49,4.39,4.45,280507400.0,1248257930.0
2025-12-31,000166.SZ,5.21,5.24,5.18,5.19,69436700.0,361070840.0
2025-12-31,000157.SZ,8.17,8.22,8.11,8.2,51776000.0,423786559.99999994
2026-01-05,000157.SZ,8.21,8.3,8.18,8.26,79095400.0,651350619.0
2026-01-05,000100.SZ,4.46,4.53,4.42,4.46,397577100.0,1773193866.0
2026-01-05,000166.SZ,5.18,5.24,5.17,5.21,121977200.0,633671554.0
2026-01-06,000100.SZ,4.55,4.91,4.55,4.83,1569359800.0,7360297461.999999
2026-01-06,000166.SZ,5.21,5.4,5.2,5.4,232572500.0,1233797112.5
2026-01-06,000157.SZ,8.29,8.52,8.25,8.39,120785700.0,1007352738.0
2026-01-07,000157.SZ,8.39,8.39,8.17,8.2,92868200.0,770341719.0
2026-01-07,000100.SZ,4.78,4.79,4.59,4.62,1020313400.0,4795472980.0
2026-01-07,000166.SZ,5.4,5.4,5.31,5.35,118653900.0,637764712.5
2026-01-08,000157.SZ,8.17,8.2,8.03,8.11,88404000.0,719608560.0
2026-01-08,000166.SZ,5.32,5.33,5.22,5.24,157275900.0,830416752.0
2026-01-08,000100.SZ,4.62,4.63,4.54,4.55,617620500.0,2831789992.5
2026-01-09,000166.SZ,5.25,5.3,5.23,5.27,116899500.0,614891370.0
2026-01-09,000157.SZ,8.16,8.37,8.12,8.34,98649700.0,813860025.0
2026-01-09,000100.SZ,4.55,4.81,4.53,4.67,850405300.0,3920368432.9999995
2026-01-12,000157.SZ,8.43,8.9,8.43,8.63,150071500.0,1280109895.0000002
2026-01-12,000100.SZ,4.65,4.74,4.64,4.68,574880800.0,2681818932.0
2026-01-12,000166.SZ,5.28,5.37,5.25,5.35,156356400.0,831034265.9999999
2026-01-13,000166.SZ,5.36,5.39,5.27,5.29,121008400.0,644369730.0
2026-01-13,000100.SZ,4.67,4.77,4.6,4.67,596346400.0,2784937688.0
2026-01-13,000157.SZ,8.7,8.81,8.54,8.57,83540900.0,721375671.5
2026-01-14,000166.SZ,5.27,5.37,5.23,5.26,155037700.0,816273490.5
2026-01-14,000157.SZ,8.59,8.65,8.38,8.38,116778600.0,990866420.9999999
2026-01-14,000100.SZ,4.78,5.13,4.76,4.86,1687406300.0,8133298366.000001
2026-01-15,000166.SZ,5.24,5.26,5.15,5.17,132607300.0,690220996.5
2026-01-15,000157.SZ,8.35,8.52,8.35,8.44,54537700.0,457843991.5
2026-01-15,000100.SZ,4.83,4.98,4.83,4.85,727208900.0,3519691076.0
2026-01-16,000157.SZ,8.46,8.73,8.36,8.52,143606700.0,1219220883.0
2026-01-16,000100.SZ,4.88,4.91,4.7,4.74,703321200.0,3382974972.0000005
2026-01-16,000166.SZ,5.19,5.21,5.1,5.1,110788300.0,570005803.5
2026-01-19,000166.SZ,5.1,5.13,5.02,5.06,157232000.0,798738560.0
2026-01-19,000100.SZ,4.72,4.93,4.68,4.88,649573500.0,3117952800.0
2026-01-19,000157.SZ,8.47,8.7,8.45,8.64,79077200.0,676505446.0
2026-01-20,000100.SZ,4.89,4.89,4.77,4.87,494311600.0,2412240608.0
2026-01-20,000157.SZ,8.65,8.79,8.54,8.75,77970800.0,678345960.0
2026-01-20,000166.SZ,5.06,5.1,5.05,5.09,110189700.0,559212727.4999999
2026-01-21,000166.SZ,5.07,5.09,5.02,5.04,102557800.0,518429679.0
2026-01-21,000157.SZ,8.69,8.89,8.57,8.74,91524200.0,797633403.0
2026-01-21,000100.SZ,4.88,4.98,4.84,4.89,651694100.0,3183525678.5
2026-01-22,000100.SZ,4.9,4.92,4.77,4.82,525750000.0,2555145000.0
2026-01-22,000157.SZ,8.75,8.78,8.61,8.63,87452900.0,759965701.0000001
2026-01-22,000166.SZ,5.05,5.08,5.03,5.04,83660200.0,422065709.0
2026-01-23,000100.SZ,4.81,5.03,4.79,4.95,1010679800.0,4932117424.0
2026-01-23,000166.SZ,5.05,5.06,5.01,5.02,124059700.0,624640589.5
2026-01-23,000157.SZ,8.65,9.01,8.58,8.63,162469500.0,1403736480.0
2026-01-26,000100.SZ,4.96,5.05,4.9,4.93,568898800.0,2813204566.0
2026-01-26,000157.SZ,8.64,8.79,8.53,8.55,134405900.0,1155218710.5
2026-01-26,000166.SZ,5.02,5.11,5.02,5.05,158001000.0,795535035.0
2026-01-27,000166.SZ,5.06,5.06,4.98,4.99,132305500.0,664835137.5
2026-01-27,000157.SZ,8.56,8.64,8.47,8.54,81497600.0,696804480.0
2026-01-27,000100.SZ,4.9,5.04,4.88,5.0,663742000.0,3285522900.0
2026-01-28,000166.SZ,5.01,5.07,4.99,5.03,172687500.0,866891249.9999999
2026-01-28,000157.SZ,8.55,8.62,8.33,8.5,120932800.0,1030952120.0
2026-01-28,000100.SZ,4.97,5.03,4.91,4.96,527384200.0,2618462553.0
2026-01-29,000157.SZ,8.5,8.62,8.35,8.54,129368800.0,1102222176.0
2026-01-29,000100.SZ,4.95,5.0,4.83,4.84,619858500.0,3034207357.4999995
2026-01-29,000166.SZ,5.03,5.1,4.96,5.09,210289600.0,1064065376.0000001
2026-01-30,000100.SZ,4.83,4.86,4.58,4.76,675490500.0,3238976947.5
2026-01-30,000157.SZ,8.53,8.67,8.37,8.54,74035100.0,631889578.5
2026-01-30,000166.SZ,5.06,5.08,4.99,4.99,145934000.0,733318350.0
2026-02-02,000166.SZ,5.01,5.05,4.94,4.95,141215400.0,703252692.0000001
2026-02-02,000157.SZ,8.53,8.66,8.37,8.41,99112200.0,839480333.9999999
2026-02-02,000100.SZ,4.68,4.78,4.65,4.66,368694400.0,1721802848.0
2026-02-03,000100.SZ,4.74,4.75,4.61,4.7,430152200.0,2030318384.0000002
2026-02-03,000157.SZ,8.49,9.11,8.45,9.1,212237800.0,1866631451.0
2026-02-03,000166.SZ,4.97,4.99,4.9,4.94,129239900.0,640383704.5
2026-02-04,000166.SZ,4.93,5.01,4.92,5.0,112498300.0,558554059.5
2026-02-04,000157.SZ,9.01,9.2,9.01,9.19,120566900.0,1097158790.0
2026-02-04,000100.SZ,4.67,4.84,4.66,4.83,529832200.0,2516702950.0
2026-02-05,000157.SZ,9.11,9.16,9.0,9.12,84304100.0,768431871.4999999
2026-02-05,000166.SZ,5.0,5.04,4.97,5.02,96180700.0,481865307.0
2026-02-05,000100.SZ,4.8,4.89,4.74,4.87,484537900.0,2342740746.5
2026-02-06,000100.SZ,4.81,4.89,4.76,4.81,385742700.0,1855422386.9999998
2026-02-06,000166.SZ,4.99,5.04,4.97,4.99,74232300.0,370419177.0
2026-02-06,000157.SZ,9.04,9.18,8.91,9.08,79907200.0,723959231.9999999
2026-02-09,000166.SZ,5.02,5.05,5.01,5.03,72515200.0,364388880.0
2026-02-09,000157.SZ,9.27,9.52,9.26,9.35,115164600.0,1072182425.9999999
2026-02-09,000100.SZ,4.85,4.87,4.77,4.81,374378000.0,1808245740.0
2026-02-10,000166.SZ,5.03,5.04,5.01,5.02,62753900.0,315338347.5
2026-02-10,000100.SZ,4.8,4.81,4.7,4.74,406093200.0,1937064563.9999998
2026-02-10,000157.SZ,9.34,9.48,9.19,9.42,78648200.0,737720115.9999999
2026-02-11,000157.SZ,9.42,9.61,9.39,9.49,68155100.0,644406470.5
2026-02-11,000100.SZ,4.73,4.76,4.62,4.63,355049100.0,1661629788.0
2026-02-11,000166.SZ,5.02,5.04,5.01,5.01,52088200.0,261222322.99999997
2026-02-12,000166.SZ,5.02,5.02,4.97,4.98,65393200.0,326966000.0
2026-02-12,000157.SZ,9.51,9.67,9.44,9.6,71144000.0,679780920.0
2026-02-12,000100.SZ,4.62,4.64,4.51,4.54,446920300.0,2046894974.0
2026-02-13,000100.SZ,4.53,4.55,4.47,4.47,307524800.0,1383861600.0
2026-02-13,000166.SZ,4.98,5.01,4.93,4.94,76552400.0,379699904.00000006
2026-02-13,000157.SZ,9.54,9.54,9.3,9.34,83929200.0,792291648.0
2026-02-24,000100.SZ,4.57,4.73,4.57,4.71,733314900.0,3402581136.0000005
2026-02-24,000157.SZ,9.45,9.86,9.44,9.7,123918700.0,1186521552.5
2026-02-24,000166.SZ,4.97,4.98,4.93,4.93,77059300.0,381443534.99999994
2026-02-25,000166.SZ,4.94,5.01,4.93,4.96,109227300.0,540675135.0
2026-02-25,000100.SZ,4.69,4.82,4.68,4.77,453041900.0,2142888187.0000002
2026-02-25,000157.SZ,9.65,9.73,9.55,9.64,89727700.0,865423666.5
2026-02-26,000166.SZ,4.97,4.97,4.91,4.92,88779500.0,439014627.5
2026-02-26,000157.SZ,9.68,9.89,9.64,9.73,87783500.0,851938867.5
2026-02-26,000100.SZ,4.78,4.82,4.7,4.73,336666400.0,1600848732.0000002
2026-02-27,000166.SZ,4.91,4.94,4.9,4.93,84037600.0,413464992.0
2026-02-27,000100.SZ,4.75,4.91,4.74,4.87,661156000.0,3180160360.0000005
2026-02-27,000157.SZ,9.72,9.79,9.62,9.72,77283700.0,751197564.0
2026-03-02,000157.SZ,9.57,9.87,9.56,9.67,84038500.0,808450370.0000001
2026-03-02,000166.SZ,4.9,4.91,4.84,4.89,106294200.0,520310108.99999994
2026-03-02,000100.SZ,4.8,4.93,4.78,4.85,542906600.0,2619524344.9999995
2026-03-03,000100.SZ,4.85,4.9,4.65,4.66,498267500.0,2369261962.5
2026-03-03,000166.SZ,4.9,4.95,4.85,4.87,123424800.0,602930148.0
2026-03-03,000157.SZ,9.66,9.72,9.29,9.3,116182200.0,1101407256.0
2026-03-04,000100.SZ,4.63,4.79,4.61,4.65,421814200.0,1957217888.0000002
2026-03-04,000166.SZ,4.84,4.85,4.73,4.73,137040100.0,655736878.5
2026-03-04,000157.SZ,9.21,9.36,9.18,9.31,67411000.0,624225860.0000001
2026-03-05,000157.SZ,9.42,9.66,9.38,9.46,70316300.0,663785872.0000001
2026-03-05,000100.SZ,4.75,4.98,4.75,4.88,792256100.0,3814713121.4999995
2026-03-05,000166.SZ,4.77,4.79,4.75,4.76,62072700.0,295776415.5
2026-03-06,000166.SZ,4.76,4.82,4.75,4.82,67560900.0,323616711.0
2026-03-06,000157.SZ,9.43,9.63,9.35,9.59,54826200.0,521397162.0
2026-03-06,000100.SZ,4.81,4.82,4.64,4.75,634171700.0,3031340725.9999995
2026-03-09,000157.SZ,9.44,9.47,8.97,9.1,110137500.0,1020974625.0
2026-03-09,000100.SZ,4.64,4.71,4.56,4.68,560352700.0,2611243582.0
2026-03-09,000166.SZ,4.77,4.8,4.75,4.77,82137600.0,391796351.99999994
2026-03-10,000166.SZ,4.79,4.82,4.78,4.8,57951300.0,277876483.5
2026-03-10,000157.SZ,9.23,9.62,9.23,9.51,91271100.0,855210207.0000001
2026-03-10,000100.SZ,4.77,4.84,4.72,4.74,384433200.0,1827979866.0
2026-03-11,000157.SZ,9.52,9.57,9.31,9.54,71162700.0,678180531.0
2026-03-11,000166.SZ,4.81,4.84,4.78,4.82,65467100.0,315224086.49999994
2026-03-11,000100.SZ,4.71,4.82,4.71,4.79,418581400.0,1988261650.0
2026-03-12,000100.SZ,4.77,4.85,4.72,4.8,435186300.0,2082366445.5
2026-03-12,000157.SZ,9.48,9.51,9.0,9.07,125392900.0,1163019147.5
2026-03-12,000166.SZ,4.81,4.89,4.81,4.88,95938500.0,464822032.5
2026-03-13,000166.SZ,4.86,4.91,4.83,4.85,77574200.0,376622741.00000006
2026-03-13,000100.SZ,4.76,4.83,4.72,4.74,391003600.0,1857267100.0
2026-03-13,000157.SZ,9.03,9.16,8.89,8.91,65146300.0,584362310.9999999
2026-03-16,000100.SZ,4.72,4.74,4.52,4.57,656408600.0,3049017946.9999995
2026-03-16,000166.SZ,4.86,4.88,4.83,4.87,65828000.0,320253220.0
2026-03-16,000157.SZ,8.9,8.91,8.64,8.7,72426800.0,637355840.0
2026-03-17,000157.SZ,8.76,8.88,8.62,8.62,71848100.0,624359989.0
2026-03-17,000166.SZ,4.87,4.96,4.86,4.9,104686800.0,511395018.0
2026-03-17,000100.SZ,4.58,4.62,4.48,4.48,400718200.0,1815253446.0
2026-03-18,000157.SZ,8.69,8.69,8.43,8.6,70646300.0,610737263.5
2026-03-18,000166.SZ,4.88,4.89,4.84,4.87,72111400.0,351543075.0
2026-03-18,000100.SZ,4.51,4.52,4.39,4.48,370099100.0,1663595454.5
2026-03-19,000166.SZ,4.85,4.91,4.84,4.85,100271500.0,486316774.99999994
2026-03-19,000100.SZ,4.42,4.44,4.36,4.38,313157900.0,1377894760.0
2026-03-19,000157.SZ,8.51,8.56,8.25,8.32,87633600.0,737436743.9999999
2026-03-20,000157.SZ,8.36,8.51,8.28,8.28,64930500.0,540221760.0
2026-03-20,000100.SZ,4.4,4.47,4.33,4.34,342585500.0,1497098635.0
2026-03-20,000166.SZ,4.86,4.88,4.8,4.81,76162200.0,368244237.0
2026-03-23,000166.SZ,4.76,4.77,4.56,4.6,132990400.0,622395072.0
2026-03-23,000157.SZ,8.12,8.2,7.82,7.89,103070200.0,825076950.9999999
2026-03-23,000100.SZ,4.26,4.27,4.1,4.12,547796500.0,2295267334.9999995
2026-03-24,000100.SZ,4.18,4.29,4.12,4.28,344033500.0,1455261705.0000002
2026-03-24,000157.SZ,8.03,8.18,7.94,8.17,85051300.0,688915530.0
2026-03-24,000166.SZ,4.64,4.69,4.58,4.66,76101500.0,353871975.0
2026-03-25,000166.SZ,4.66,4.73,4.65,4.7,75494000.0,353311920.0
2026-03-25,000157.SZ,8.26,8.42,8.25,8.35,62514000.0,519178770.0
2026-03-25,000100.SZ,4.29,4.32,4.23,4.26,330880000.0,1414512000.0
2026-03-26,000100.SZ,4.25,4.28,4.17,4.19,241153700.0,1017668614.0000001
2026-03-26,000157.SZ,8.37,8.4,8.18,8.24,50249500.0,417322097.5
2026-03-26,000166.SZ,4.7,4.71,4.61,4.62,61718200.0,287606812.0
2026-03-27,000157.SZ,8.12,8.39,8.08,8.27,46232300.0,378873698.5
2026-03-27,000100.SZ,4.17,4.26,4.16,4.25,222957000.0,938648970.0
2026-03-27,000166.SZ,4.59,4.68,4.59,4.66,59617100.0,275729087.5
2026-03-30,000166.SZ,4.6,4.65,4.58,4.63,77194400.0,356252156.0
2026-03-30,000100.SZ,4.19,4.28,4.18,4.28,306362800.0,1297446458.0
2026-03-30,000157.SZ,8.18,8.21,8.06,8.14,67731100.0,552685776.0
2026-03-31,000157.SZ,8.35,8.54,8.3,8.37,101770900.0,850804724.0
2026-03-31,000100.SZ,4.25,4.28,4.18,4.19,312217400.0,1317557428.0000002
2026-03-31,000166.SZ,4.63,4.7,4.6,4.61,74225700.0,342922734.0
2026-04-01,000100.SZ,4.25,4.26,4.19,4.24,301631100.0,1280424019.5
2026-04-01,000157.SZ,8.59,8.7,8.51,8.65,95806200.0,825849444.0000001
2026-04-01,000166.SZ,4.67,4.7,4.64,4.67,66167600.0,309002692.0
2026-04-02,000166.SZ,4.66,4.66,4.59,4.6,71664300.0,331805709.0
2026-04-02,000157.SZ,8.57,8.62,8.22,8.3,100516300.0,847854990.5
2026-04-02,000100.SZ,4.21,4.22,4.1,4.12,360442500.0,1501243012.5
2026-04-03,000100.SZ,4.12,4.15,4.07,4.08,208994400.0,856877039.9999999
2026-04-03,000157.SZ,8.32,8.34,8.16,8.23,42322000.0,350214550.0
2026-04-03,000166.SZ,4.61,4.62,4.56,4.57,50171600.0,230287644.0
2026-04-07,000157.SZ,8.21,8.25,8.08,8.1,63259400.0,515880407.00000006
2026-04-07,000166.SZ,4.58,4.59,4.52,4.55,54987900.0,251019763.49999997
2026-04-07,000100.SZ,4.09,4.11,4.03,4.06,201792800.0,822305659.9999999
2026-04-08,000157.SZ,8.42,8.64,8.42,8.6,110049400.0,936520394.0
2026-04-08,000166.SZ,4.62,4.68,4.6,4.67,98771800.0,458795010.99999994
2026-04-08,000100.SZ,4.17,4.24,4.1,4.23,463759000.0,1947787800.0
2026-04-09,000166.SZ,4.64,4.64,4.56,4.57,75115100.0,345905035.50000006
2026-04-09,000100.SZ,4.18,4.22,4.16,4.21,258618200.0,1084903349.0
2026-04-09,000157.SZ,8.47,8.6,8.42,8.53,61854900.0,525766650.0
2026-04-10,000157.SZ,8.59,8.69,8.48,8.53,62763900.0,537258983.9999999
2026-04-10,000100.SZ,4.26,4.32,4.25,4.26,347657000.0,1481018820.0
2026-04-10,000166.SZ,4.6,4.73,4.6,4.65,145305100.0,672036087.5
2026-04-13,000100.SZ,4.22,4.29,4.18,4.25,284025000.0,1202845874.9999998
2026-04-13,000166.SZ,4.62,4.71,4.6,4.68,82709200.0,384597780.0
2026-04-13,000157.SZ,8.47,8.53,8.37,8.47,58135600.0,492408532.00000006
2026-04-14,000100.SZ,4.3,4.35,4.27,4.3,322858900.0,1388293270.0
2026-04-14,000157.SZ,8.54,8.58,8.37,8.46,63876900.0,542953650.0
2026-04-14,000166.SZ,4.7,4.72,4.65,4.7,56272500.0,264480750.0
2026-04-15,000157.SZ,8.54,8.59,8.42,8.45,61757800.0,524632510.99999994
2026-04-15,000166.SZ,4.71,4.72,4.67,4.68,54121500.0,254100442.50000003
2026-04-15,000100.SZ,4.32,4.33,4.26,4.27,271031900.0,1164082010.5
2026-04-16,000166.SZ,4.7,4.72,4.67,4.68,70175400.0,329122625.99999994
2026-04-16,000157.SZ,8.45,8.46,7.84,7.98,269682200.0,2215439273.0
2026-04-16,000100.SZ,4.28,4.28,4.18,4.25,325095200.0,1386531028.0000002
2026-04-17,000166.SZ,4.68,4.69,4.64,4.67,58809100.0,274932542.5
2026-04-17,000157.SZ,7.94,7.94,7.82,7.85,98180200.0,775132679.0
2026-04-17,000100.SZ,4.24,4.27,4.2,4.22,238224800.0,1007690904.0000001
2026-04-20,000166.SZ,4.67,4.68,4.65,4.67,52069300.0,243163631.0
2026-04-20,000157.SZ,7.85,7.94,7.75,7.92,94190000.0,742688150.0
2026-04-20,000100.SZ,4.23,4.33,4.22,4.29,383103900.0,1632022614.0
2026-04-21,000100.SZ,4.28,4.3,4.2,4.26,354824100.0,1515098906.9999998
2026-04-21,000166.SZ,4.66,4.66,4.61,4.63,56358200.0,261783838.99999997
2026-04-21,000157.SZ,7.92,8.03,7.88,7.95,74635600.0,592233486.0
2026-04-22,000166.SZ,4.61,4.68,4.6,4.62,80967400.0,373664551.0
2026-04-22,000157.SZ,7.91,7.93,7.81,7.84,78104900.0,615076087.5
2026-04-22,000100.SZ,4.23,4.29,4.22,4.27,335367700.0,1425312725.0
2026-04-23,000157.SZ,7.84,7.92,7.79,7.79,58738900.0,459044503.5
2026-04-23,000100.SZ,4.27,4.28,4.16,4.18,382951500.0,1617970087.4999998
2026-04-23,000166.SZ,4.62,4.63,4.56,4.58,81265500.0,373821300.0
2026-04-24,000166.SZ,4.57,4.58,4.53,4.56,58436700.0,266763535.49999997
2026-04-24,000100.SZ,4.17,4.17,4.09,4.15,285344400.0,1187032704.0
2026-04-24,000157.SZ,7.75,7.81,7.69,7.78,53681600.0,416837624.00000006
2026-04-27,000157.SZ,7.78,7.81,7.69,7.72,61815100.0,479067025.0
2026-04-27,000100.SZ,4.14,4.26,4.12,4.22,377929000.0,1579743220.0
2026-04-27,000166.SZ,4.56,4.59,4.54,4.55,59115100.0,269269280.5
2026-04-28,000166.SZ,4.56,4.65,4.54,4.61,96070100.0,440481408.5
2026-04-28,000100.SZ,4.22,4.25,4.15,4.18,310035000.0,1302146999.9999998
2026-04-28,000157.SZ,7.7,7.93,7.68,7.87,95430300.0,742924885.5
2026-04-29,000100.SZ,4.16,4.25,4.14,4.24,417338200.0,1752820440.0
2026-04-29,000157.SZ,7.77,7.93,7.57,7.89,138664900.0,1085746167.0
2026-04-29,000166.SZ,4.61,4.68,4.6,4.67,76473200.0,354835648.00000006
2026-04-30,000166.SZ,4.65,4.73,4.64,4.67,105158300.0,490037678.0
2026-04-30,000100.SZ,4.33,4.38,4.18,4.19,695794300.0,2964083718.0
2026-04-30,000157.SZ,7.84,7.96,7.72,7.74,121465500.0,946216245.0
2026-05-06,000157.SZ,7.81,7.82,7.62,7.81,110629500.0,864016395.0
2026-05-06,000166.SZ,4.68,4.73,4.67,4.71,87355600.0,410134542.0
2026-05-06,000100.SZ,4.21,4.24,4.16,4.21,599708800.0,2524774048.0
2026-05-07,000166.SZ,4.73,4.73,4.66,4.68,75303200.0,354301556.0
2026-05-07,000157.SZ,7.81,7.93,7.73,7.84,98901700.0,773905802.4999999
2026-05-07,000100.SZ,4.27,4.33,4.21,4.22,690066300.0,2929331443.4999995
2026-05-08,000100.SZ,4.2,4.21,4.1,4.14,649310100.0,2707623117.0
2026-05-08,000157.SZ,7.83,7.83,7.54,7.57,141308300.0,1088073910.0
2026-05-08,000166.SZ,4.67,4.71,4.65,4.67,69020000.0,322323400.0
2026-05-11,000166.SZ,4.67,4.72,4.64,4.7,99136500.0,464454502.50000006
2026-05-11,000157.SZ,7.65,8.21,7.65,8.0,283219000.0,2216188675.0
2026-05-11,000100.SZ,4.16,4.3,4.16,4.26,913525900.0,3845944039.0
2026-05-12,000157.SZ,8.02,8.03,7.62,7.63,187106000.0,1464104449.9999998
2026-05-12,000166.SZ,4.7,4.74,4.68,4.71,110420200.0,519527041.0
2026-05-12,000100.SZ,4.27,4.27,4.18,4.19,532919300.0,2254248639.0
2026-05-13,000166.SZ,4.71,4.71,4.63,4.68,99049000.0,465035055.0
2026-05-13,000157.SZ,7.64,7.73,7.53,7.67,98355000.0,752907524.9999999
2026-05-13,000100.SZ,4.18,4.29,4.17,4.29,551519200.0,2335683811.9999995
2026-05-14,000166.SZ,4.68,4.7,4.59,4.6,87691600.0,406889024.0
2026-05-14,000100.SZ,4.29,4.33,4.2,4.2,462341100.0,1962637969.5
2026-05-14,000157.SZ,7.66,7.66,7.4,7.4,118481800.0,892167954.0
2026-05-15,000166.SZ,4.59,4.6,4.45,4.47,131127500.0,594007574.9999999
2026-05-15,000100.SZ,4.23,4.25,4.09,4.1,676399300.0,2817203084.5
2026-05-15,000157.SZ,7.4,7.46,7.31,7.33,78607600.0,578944974.0
2026-05-18,000157.SZ,7.31,7.32,7.07,7.11,86686400.0,625008944.0
2026-05-18,000100.SZ,4.1,4.17,4.04,4.14,431744400.0,1778786927.9999998
2026-05-18,000166.SZ,4.45,4.46,4.36,4.4,102479000.0,453469575.00000006
2026-05-19,000166.SZ,4.39,4.45,4.38,4.45,94659600.0,418395432.0
2026-05-19,000100.SZ,4.12,4.23,4.08,4.22,484609400.0,2020821198.0
2026-05-19,000157.SZ,7.1,7.13,7.0,7.07,62129200.0,440185382.0
2026-05-20,000157.SZ,7.07,7.1,6.94,7.06,60974800.0,430786961.99999994
2026-05-20,000166.SZ,4.42,4.44,4.38,4.4,65256300.0,287780283.0
2026-05-20,000100.SZ,4.19,4.21,4.1,4.15,448676300.0,1870980171.0
2026-05-21,000166.SZ,4.42,4.55,4.39,4.4,137649000.0,607032090.0
2026-05-21,000100.SZ,4.47,4.56,4.16,4.29,2388194000.0,10460289720.0
2026-05-21,000157.SZ,7.06,7.36,7.06,7.08,104701400.0,740238898.0
2026-05-22,000157.SZ,7.1,7.14,6.97,7.1,66055700.0,468995470.0
2026-05-22,000166.SZ,4.42,4.43,4.33,4.35,97620700.0,428066769.5
2026-05-22,000100.SZ,4.17,4.36,4.05,4.3,1959677600.0,8299234635.999999
2026-05-25,000100.SZ,4.3,4.42,4.25,4.35,1238183900.0,5355145367.499999
2026-05-25,000157.SZ,7.15,7.3,7.1,7.28,75023000.0,541290945.0
2026-05-25,000166.SZ,4.37,4.4,4.34,4.38,73147000.0,320018125.0
2026-05-26,000166.SZ,4.38,4.48,4.36,4.43,106360200.0,468516680.99999994
2026-05-26,000157.SZ,7.24,7.3,7.17,7.24,63695100.0,461152524.0
2026-05-26,000100.SZ,4.3,4.64,4.29,4.56,1675259700.0,7421400471.0
2026-05-27,000100.SZ,4.57,4.83,4.52,4.59,1570370600.0,7192297348.0
2026-05-27,000166.SZ,4.42,4.49,4.35,4.38,83306300.0,366547720.0
2026-05-27,000157.SZ,7.23,7.23,7.01,7.06,77423800.0,553193051.0
2026-05-28,000100.SZ,4.51,4.6,4.39,4.5,980113800.0,4415412669.0
2026-05-28,000166.SZ,4.39,4.4,4.27,4.29,97185800.0,421786372.0
2026-05-28,000157.SZ,7.02,7.09,6.89,7.02,54905900.0,385439418.0
2026-05-29,000157.SZ,7.02,7.16,7.01,7.02,70766900.0,496783637.99999994
2026-05-29,000166.SZ,4.29,4.39,4.27,4.34,118937000.0,513213154.99999994
2026-05-29,000100.SZ,4.48,4.48,4.18,4.2,1115623200.0,4841804688.0
2026-06-01,000100.SZ,4.19,4.44,4.19,4.32,1025329400.0,4362776597.000001
2026-06-01,000166.SZ,4.34,4.38,4.29,4.36,98722200.0,429441569.99999994
2026-06-01,000157.SZ,6.99,7.08,6.95,7.03,59114700.0,414394047.0
2026-06-02,000157.SZ,7.01,7.02,6.86,6.93,58721500.0,409288855.0
2026-06-02,000166.SZ,4.36,4.41,4.34,4.39,91041000.0,398304375.0
2026-06-02,000100.SZ,4.3,4.36,4.18,4.34,785849900.0,3394871568.0
2026-06-03,000100.SZ,4.57,4.78,4.57,4.65,2385333300.0,10996386513.0
2026-06-03,000166.SZ,4.39,4.39,4.31,4.34,96888500.0,422918302.5
2026-06-03,000157.SZ,6.95,7.13,6.89,7.06,72119000.0,505193595.0
2026-06-04,000100.SZ,4.63,4.93,4.59,4.83,2130546500.0,10077484945.0
2026-06-04,000157.SZ,7.03,7.28,7.01,7.19,85708000.0,609383880.0
2026-06-04,000166.SZ,4.32,4.36,4.21,4.25,89850600.0,385009821.0
2026-06-05,000166.SZ,4.24,4.33,4.24,4.26,86675100.0,368369175.0
2026-06-05,000157.SZ,7.17,7.39,7.16,7.32,106094800.0,768656826.0
2026-06-05,000100.SZ,4.8,5.05,4.73,4.8,1885117800.0,9048565440.0
2026-06-08,000166.SZ,4.23,4.25,4.17,4.19,100865400.0,424643334.00000006
2026-06-08,000100.SZ,4.65,4.8,4.52,4.56,1301208500.0,5992065142.500001
2026-06-08,000157.SZ,7.35,7.65,7.32,7.48,158068200.0,1172075703.0
2026-06-09,000157.SZ,7.44,7.46,7.25,7.42,91482100.0,679712003.0
2026-06-09,000100.SZ,4.65,4.81,4.54,4.77,1217831500.0,5735986365.0
2026-06-09,000166.SZ,4.22,4.24,4.16,4.23,78075600.0,329869410.0
2026-06-10,000100.SZ,4.68,4.69,4.49,4.58,1021078100.0,4727591603.0
2026-06-10,000157.SZ,7.36,7.4,7.12,7.18,74115400.0,538818958.0
2026-06-10,000166.SZ,4.21,4.32,4.2,4.31,105491300.0,449392938.0
2026-06-11,000166.SZ,4.29,4.39,4.28,4.35,107774500.0,465585840.00000006
2026-06-11,000100.SZ,4.55,4.6,4.45,4.51,892782800.0,4044306083.9999995
2026-06-11,000157.SZ,7.14,7.21,6.96,7.09,69000000.0,490935000.0
2026-06-12,000100.SZ,4.59,4.65,4.45,4.55,1201376600.0,5490291062.0
2026-06-12,000157.SZ,7.16,7.28,7.1,7.15,70101000.0,501572655.0
2026-06-12,000166.SZ,4.36,4.47,4.34,4.46,148805600.0,656232696.0
2026-06-15,000100.SZ,4.57,4.66,4.53,4.62,924068900.0,4246096595.5000005
2026-06-15,000157.SZ,7.34,7.47,7.34,7.43,101467700.0,749338964.5
2026-06-15,000166.SZ,4.48,4.62,4.46,4.52,158488700.0,713199150.0
2026-06-16,000100.SZ,4.6,4.78,4.59,4.65,1052758300.0,4869007137.5
2026-06-16,000157.SZ,7.45,7.45,7.37,7.38,64318900.0,476924643.5
2026-06-16,000166.SZ,4.5,4.54,4.47,4.53,101645800.0,458930787.00000006
2026-06-17,000157.SZ,7.36,7.47,7.33,7.43,59721400.0,441639753.0
2026-06-17,000100.SZ,4.6,5.12,4.59,5.12,2131314800.0,10358189927.999998
2026-06-17,000166.SZ,4.52,4.54,4.48,4.5,108536400.0,489499164.0
2026-06-18,000166.SZ,4.49,4.5,4.33,4.34,108974500.0,481122417.5
2026-06-18,000157.SZ,7.43,7.46,7.27,7.38,64321400.0,476299966.99999994
2026-06-18,000100.SZ,5.21,5.24,4.98,5.0,1804161700.0,9210245478.5
2026-06-22,000166.SZ,4.33,4.59,4.32,4.56,189642500.0,842960912.5
2026-06-22,000157.SZ,7.31,7.6,7.21,7.53,103432100.0,767466182.0
2026-06-22,000100.SZ,5.1,5.17,4.9,4.99,1495375000.0,7544166875.0
2026-06-23,000166.SZ,4.54,4.65,4.51,4.54,189587500.0,860727250.0
2026-06-23,000157.SZ,7.57,7.57,7.15,7.18,88034000.0,649250750.0
2026-06-23,000100.SZ,4.94,5.01,4.8,4.85,1122654700.0,5495394756.499999
2026-06-24,000166.SZ,4.5,4.6,4.4,4.43,164246500.0,733360622.5
2026-06-24,000157.SZ,7.17,7.22,7.04,7.08,73234700.0,521797237.5
2026-06-24,000100.SZ,4.8,4.95,4.75,4.85,1176594400.0,5677067979.999999
2026-06-25,000166.SZ,4.41,4.58,4.37,4.53,198118900.0,885591483.0000001
2026-06-25,000157.SZ,7.1,7.35,7.09,7.14,78819400.0,561194127.9999999
2026-06-25,000100.SZ,5.07,5.34,5.02,5.34,2258480500.0,11755391002.5
2026-06-26,000100.SZ,5.36,5.67,5.29,5.4,2440347200.0,13129067936.000002
2026-06-26,000157.SZ,7.11,7.26,7.07,7.11,71633100.0,509311341.0
2026-06-26,000166.SZ,4.5,4.56,4.32,4.33,162733100.0,718466636.5
2026-06-29,000157.SZ,7.06,7.11,6.74,7.02,97577600.0,686946303.9999999
2026-06-29,000166.SZ,4.33,4.41,4.29,4.39,127580900.0,556252723.9999999
2026-06-29,000100.SZ,5.43,5.57,5.2,5.29,1708460900.0,9157350423.999998
2026-06-30,000157.SZ,6.99,7.05,6.75,6.78,96322100.0,663177658.5
2026-06-30,000166.SZ,4.38,4.46,4.29,4.33,148133300.0,645120521.5000001
2026-06-30,000100.SZ,5.35,5.82,5.33,5.82,1171830500.0,6544673342.5
2026-07-01,000100.SZ,5.98,6.26,5.86,6.12,2605923700.0,15765838385.000002
2026-07-01,000166.SZ,4.32,4.57,4.31,4.52,190496100.0,841992762.0
2026-07-01,000157.SZ,6.76,6.88,6.66,6.81,75762800.0,514050598.0
2026-07-02,000100.SZ,5.88,6.18,5.51,5.92,2469846000.0,14572091400.0
2026-07-02,000166.SZ,4.53,4.56,4.43,4.45,147724300.0,663282107.0
2026-07-02,000157.SZ,6.73,6.93,6.72,6.79,66999900.0,452919324.0
2026-07-03,000100.SZ,5.77,5.95,5.48,5.65,1663171100.0,9496706981.0
2026-07-03,000157.SZ,6.87,7.02,6.86,6.98,82106000.0,568584050.0
2026-07-03,000166.SZ,4.47,4.52,4.41,4.49,147092100.0,658972608.0000001
2026-07-06,000157.SZ,6.99,7.13,6.96,7.09,78963700.0,555904448.0
2026-07-06,000166.SZ,4.54,4.59,4.49,4.59,157422700.0,718634625.4999999
2026-07-06,000100.SZ,5.6,5.63,5.18,5.19,1648447800.0,8893375881.0
2026-07-07,000166.SZ,4.56,4.59,4.46,4.48,117447100.0,530860891.99999994
2026-07-07,000157.SZ,7.21,7.45,7.2,7.22,111128400.0,801791406.0
2026-07-07,000100.SZ,5.19,5.41,5.12,5.26,1221272100.0,6381146722.5
2026-07-08,000166.SZ,4.46,4.52,4.44,4.5,89272600.0,399941248.00000006
2026-07-08,000157.SZ,7.16,7.16,6.93,6.96,73292800.0,517447168.00000006
2026-07-08,000100.SZ,5.19,5.31,4.93,5.04,1172413500.0,5996895052.5
2026-07-09,000100.SZ,5.05,5.38,5.05,5.36,1382947000.0,7198239135.0
2026-07-09,000157.SZ,6.95,6.95,6.8,6.91,64184200.0,444796506.0
2026-07-09,000166.SZ,4.47,4.52,4.44,4.52,100113000.0,450007934.99999994
2026-07-10,000166.SZ,4.5,4.5,4.39,4.44,121321200.0,542305764.0000001
2026-07-10,000157.SZ,6.91,7.13,6.86,7.07,71474300.0,499605357.0
2026-07-10,000100.SZ,5.37,5.49,5.12,5.12,1307688900.0,6858828280.5
2026-07-13,000157.SZ,7.04,7.05,6.78,6.8,64218500.0,444392020.0
2026-07-13,000166.SZ,4.42,4.46,4.4,4.44,90531900.0,401056317.0
2026-07-13,000100.SZ,5.07,5.11,4.76,4.81,1099352100.0,5430799373.999999
2026-07-14,000157.SZ,6.8,6.94,6.75,6.94,50426700.0,346431429.0
2026-07-14,000100.SZ,4.99,5.16,4.91,5.13,1127272400.0,5703998344.000001
2026-07-14,000166.SZ,4.42,4.5,4.39,4.5,100616100.0,448747806.0
2026-07-15,000157.SZ,6.92,7.22,6.91,7.16,79043800.0,556468352.0
2026-07-15,000100.SZ,5.23,5.24,4.95,5.02,828052200.0,4243767525.0
2026-07-15,000166.SZ,4.48,4.61,4.48,4.59,128874000.0,584443590.0
2026-07-16,000166.SZ,4.56,4.59,4.51,4.57,92730600.0,423315188.99999994
2026-07-16,000157.SZ,7.14,7.19,7.06,7.09,39839800.0,283460177.0
2026-07-16,000100.SZ,4.9,5.07,4.88,4.98,659625400.0,3258549476.0000005
2026-07-17,000100.SZ,4.96,5.06,4.85,5.0,915428400.0,4558833432.0
2026-07-17,000157.SZ,7.08,7.11,6.96,7.0,51207400.0,360500096.0
2026-07-17,000166.SZ,4.56,4.6,4.5,4.51,115455900.0,523592506.5
2026-07-20,000166.SZ,4.52,4.64,4.52,4.64,153464000.0,702865120.0
2026-07-20,000157.SZ,7.03,7.2,6.94,7.18,67650400.0,480656092.0
2026-07-20,000100.SZ,5.01,5.1,4.89,4.97,836572800.0,4174498272.0
2026-07-21,000166.SZ,4.64,4.71,4.59,4.61,122248700.0,565400237.5
2026-07-21,000157.SZ,7.19,7.33,7.16,7.27,70821100.0,512036553.00000006
2026-07-21,000100.SZ,5.0,5.35,4.99,5.35,1204324300.0,6232378252.5
2026-07-22,000166.SZ,4.59,4.61,4.52,4.6,70645500.0,324616072.5
2026-07-22,000157.SZ,7.27,7.32,7.21,7.32,49660600.0,362274077.0
2026-07-22,000100.SZ,5.24,5.32,5.13,5.15,852378900.0,4428108385.5
2026-07-23,000100.SZ,5.15,5.19,5.06,5.16,602774800.0,3107304094.0
2026-07-23,000157.SZ,7.3,7.52,7.24,7.49,57364900.0,424213435.5
2026-07-23,000166.SZ,4.6,4.68,4.58,4.66,86894100.0,402319683.0
2026-07-24,000100.SZ,5.07,5.11,5.02,5.04,427524200.0,2161134831.0
2026-07-24,000157.SZ,7.45,7.48,7.35,7.39,43840900.0,325299478.0
2026-07-24,000166.SZ,4.64,4.66,4.56,4.57,67984900.0,313070464.5
2026-07-27,000100.SZ,5.05,5.11,4.91,5.1,504234500.0,2558990087.4999995
2026-07-27,000166.SZ,4.56,4.61,4.53,4.59,63462200.0,290339564.99999994
2026-07-27,000157.SZ,7.4,7.5,7.36,7.46,45553400.0,338461762.0
2026-07-28,000157.SZ,7.42,7.56,7.41,7.54,48577100.0,363356708.0
2026-07-28,000100.SZ,4.99,5.04,4.9,4.91,525575800.0,2601600210.0
2026-07-28,000166.SZ,4.57,4.58,4.53,4.54,58959000.0,268558245.0
2026-07-29,000166.SZ,4.55,4.63,4.54,4.6,75758600.0,346595594.99999994
2026-07-29,000157.SZ,7.53,7.67,7.51,7.61,46715600.0,353637092.0
2026-07-29,000100.SZ,4.88,4.96,4.78,4.93,533903300.0,2618795686.4999995
2026-07-30,000166.SZ,4.59,4.64,4.57,4.63,84631900.0,390153058.99999994
2026-07-30,000157.SZ,7.58,7.75,7.56,7.73,59823700.0,457950423.5
2026-07-30,000100.SZ,4.85,4.88,4.7,4.72,720687900.0,3448491601.5
2026-07-31,000166.SZ,4.63,4.66,4.6,4.62,74692100.0,345450962.5
2026-07-31,000157.SZ,7.69,7.69,7.56,7.6,49600600.0,379196587.0
2026-07-31,000100.SZ,4.87,4.92,4.73,4.73,716022200.0,3436906560.0000005
2026-08-03,000100.SZ,4.66,4.72,4.65,4.7,439371500.0,2056258619.9999998
2026-08-03,000157.SZ,7.6,7.64,7.52,7.54,52409900.0,396742943.0
2026-08-03,000166.SZ,4.58,4.64,4.57,4.61,68601900.0,315225730.50000006
2026-08-04,000157.SZ,7.52,7.55,7.27,7.34,71937000.0,534491910.0
2026-08-04,000100.SZ,4.72,4.79,4.71,4.77,427006900.0,2026147740.4999998
2026-08-04,000166.SZ,4.62,4.65,4.58,4.6,65472900.0,301830068.99999994
2026-08-05,000157.SZ,7.34,7.4,7.28,7.29,60011500.0,438984122.49999994
2026-08-05,000166.SZ,4.6,4.61,4.56,4.57,80065400.0,367099859.0
2026-08-05,000100.SZ,4.75,4.9,4.73,4.87,746997500.0,3593057975.0000005
2026-08-06,000166.SZ,4.56,4.57,4.43,4.47,109268000.0,493345019.99999994
2026-08-06,000157.SZ,7.3,7.37,7.22,7.27,46593900.0,339436561.5
2026-08-06,000100.SZ,4.78,4.86,4.75,4.82,531895900.0,2553100320.0000005
2026-08-07,000157.SZ,7.27,7.3,7.18,7.22,53550500.0,387973372.49999994
2026-08-07,000166.SZ,4.46,4.48,4.43,4.47,66509300.0,296964024.5
2026-08-07,000100.SZ,4.79,4.88,4.77,4.86,550604600.0,2656667195.0
2026-08-10,000157.SZ,7.22,7.3,7.15,7.24,49952700.0,361158021.0
2026-08-10,000166.SZ,4.47,4.51,4.46,4.49,50346900.0,225554112.00000003
2026-08-10,000100.SZ,4.86,4.88,4.77,4.87,479121300.0,2330925124.5
2026-08-11,000100.SZ,4.84,5.09,4.83,5.0,858571400.0,4224171288.0
2026-08-11,000166.SZ,4.49,4.51,4.46,4.47,44591500.0,199769920.00000003
2026-08-11,000157.SZ,7.21,7.23,7.07,7.08,66185100.0,472892539.5
2026-08-12,000100.SZ,4.97,5.13,4.95,5.09,569026900.0,2862205306.9999995
2026-08-12,000166.SZ,4.46,4.5,4.45,4.49,50178200.0,224547444.99999997
2026-08-12,000157.SZ,7.09,7.1,7.02,7.09,47403500.0,336090815.0
2026-08-13,000100.SZ,5.12,5.34,5.07,5.17,858600300.0,4417498543.5
2026-08-13,000157.SZ,7.09,7.1,6.96,6.97,58708500.0,412720754.99999994
2026-08-13,000166.SZ,4.49,4.53,4.48,4.49,56019500.0,251527555.0
2026-08-14,000157.SZ,6.96,6.98,6.89,6.93,33487800.0,232572771.0
2026-08-14,000100.SZ,5.18,5.24,5.08,5.14,445933500.0,2301016860.0
2026-08-14,000166.SZ,4.48,4.5,4.45,4.46,48350300.0,216125841.00000003
2026-08-17,000157.SZ,6.98,6.98,6.88,6.93,34718900.0,241469949.5
2026-08-17,000100.SZ,5.14,5.2,5.11,5.19,428940100.0,2215475616.5
2026-08-17,000166.SZ,4.47,4.49,4.44,4.48,42012100.0,188004147.49999997
2026-08-18,000157.SZ,6.93,6.96,6.91,6.93,39673700.0,274938741.0
2026-08-18,000100.SZ,5.18,5.28,5.17,5.24,564885300.0,2943052413.0
2026-08-18,000166.SZ,4.47,4.48,4.4,4.42,58206200.0,258726559.00000003
2026-08-19,000100.SZ,5.11,5.2,5.01,5.05,559917800.0,2844382424.0
2026-08-19,000157.SZ,6.93,6.94,6.86,6.87,39579100.0,273095790.0
2026-08-19,000166.SZ,4.42,4.45,4.39,4.41,54594200.0,241033393.0
2026-08-20,000166.SZ,4.41,4.44,4.4,4.43,48266800.0,213339256.0
2026-08-20,000157.SZ,6.88,7.03,6.88,7.02,41975200.0,291727639.99999994
2026-08-20,000100.SZ,5.1,5.14,5.0,5.03,412989900.0,2091793843.4999998
2026-08-21,000100.SZ,5.01,5.06,4.95,5.03,290153000.0,1456568059.9999998
2026-08-21,000166.SZ,4.42,4.43,4.38,4.41,35352100.0,156079521.5
2026-08-21,000157.SZ,7.01,7.02,6.93,6.96,29979000.0,209403314.99999997
2026-08-24,000157.SZ,6.95,7.16,6.94,7.07,68973100.0,483501431.0
2026-08-24,000166.SZ,4.4,4.45,4.4,4.44,54390200.0,240404684.0
2026-08-24,000100.SZ,5.05,5.06,4.87,4.92,430564100.0,2146362038.4999998
2026-08-25,000157.SZ,7.04,7.11,7.02,7.07,29060300.0,205020416.5
2026-08-25,000166.SZ,4.43,4.47,4.43,4.47,41908700.0,186493714.99999997
2026-08-25,000100.SZ,4.87,4.93,4.83,4.91,255298600.0,1248410154.0000002
2026-08-26,000157.SZ,7.08,7.1,7.05,7.08,29573400.0,209379672.0
2026-08-26,000166.SZ,4.46,4.56,4.45,4.56,90433600.0,407855536.0
2026-08-26,000100.SZ,4.91,4.96,4.89,4.91,297900200.0,1462689982.0
2026-08-27,000166.SZ,4.55,4.58,4.52,4.57,74206400.0,338381184.00000006
2026-08-27,000100.SZ,4.94,4.99,4.9,4.97,376849500.0,1867289272.5
2026-08-27,000157.SZ,7.06,7.1,6.98,7.09,43687900.0,309091892.49999994
2026-08-28,000157.SZ,6.97,6.97,6.77,6.82,96812400.0,667521498.0
2026-08-28,000166.SZ,4.57,4.59,4.53,4.58,57339400.0,262327755.0
2026-08-28,000100.SZ,4.94,4.99,4.9,4.96,368719000.0,1825159050.0
2026-08-31,000157.SZ,6.79,6.82,6.68,6.69,73128700.0,492887438.0
2026-08-31,000100.SZ,4.94,5.1,4.92,5.09,526203200.0,2638909048.0000005
2026-08-31,000166.SZ,4.57,4.59,4.54,4.57,62951500.0,287688355.0
2026-09-01,000100.SZ,5.09,5.1,5.0,5.0,416602400.0,2101759108.0
2026-09-01,000157.SZ,6.7,6.75,6.69,6.73,45806600.0,307591319.0
2026-09-01,000166.SZ,4.56,4.61,4.54,4.58,74632200.0,341069154.0
2026-09-02,000157.SZ,6.69,6.71,6.58,6.59,51515500.0,342062920.0
2026-09-02,000166.SZ,4.56,4.58,4.51,4.52,58936300.0,267570801.99999994
2026-09-02,000100.SZ,4.96,4.98,4.85,4.89,383062200.0,1886581335.0
2026-09-03,000166.SZ,4.54,4.6,4.53,4.54,71550700.0,324840178.0
2026-09-03,000157.SZ,6.59,6.63,6.57,6.59,34844000.0,229621960.0
2026-09-03,000100.SZ,4.92,4.95,4.85,4.88,289500000.0,1418550000.0
2026-09-04,000157.SZ,6.59,6.66,6.59,6.62,31236900.0,206319724.5
2026-09-04,000100.SZ,4.9,4.93,4.78,4.8,360702700.0,1749408094.9999998
2026-09-04,000166.SZ,4.55,4.61,4.54,4.59,89487700.0,408958789.0
2026-09-07,000166.SZ,4.59,4.6,4.51,4.52,94700800.0,431362144.0
2026-09-07,000157.SZ,6.61,6.65,6.6,6.64,23266900.0,154143212.5
2026-09-07,000100.SZ,4.82,4.84,4.78,4.81,288257000.0,1387957454.9999998
2026-09-08,000166.SZ,4.52,4.57,4.51,4.54,69987100.0,317041562.99999994
2026-09-08,000157.SZ,6.65,6.73,6.64,6.68,36632600.0,244156279.0
2026-09-08,000100.SZ,4.81,4.83,4.74,4.76,329097800.0,1574732973.0
