trade_date,wind_code,open,high,low,close,volume,amt
2019-11-26,09988.HK,176.00458804337,178.35759055732,176.00458804337,176.56930864672,74549578,13142117606.030903
2019-11-27,09988.HK,178.82819106011,183.81655638968,178.1693503562,181.84003427796,53617241,9669017579.496803
2019-11-28,09988.HK,185.41659809916,192.19324533934,185.32247799861,192.00500513822,41816834,7891288265.295692
2019-11-29,09988.HK,192.00500513822,192.75796594268,185.88719860195,186.73427950697,36509531,6913796826.835694
2019-12-02,09988.HK,186.35779910474,187.20488000976,182.59299508242,184.00479659079,26592325,4924401256.289567
2019-12-03,09988.HK,180.42823276959,182.78123528354,179.20467146234,181.27531367461,19911922,3601106401.960144
2019-12-04,09988.HK,178.82819106011,180.33411266903,177.41638955174,177.88699005453,19276308,3438075849.7207923
2019-12-05,09988.HK,180.14587246792,182.40475488131,179.67527196513,181.0870734735,17932572,3238917905.933311
2019-12-06,09988.HK,184.56951719414,186.4519192053,183.91067649024,185.88719860195,19205791,3557457129.063051
2019-12-09,09988.HK,185.41659809916,186.64015940642,184.47539709358,185.04011769693,8558132,1585208737.0347116
2019-12-10,09988.HK,183.534196088,184.94599759637,182.31063478075,183.91067649024,6639899,1219898420.9936917
2019-12-11,09988.HK,184.6636372947,186.73427950697,183.91067649024,185.98131870251,6534411,1210973238.7813425
2019-12-12,09988.HK,187.86372071367,189.3696423226,187.86372071367,188.42844131702,8825275,1660440905.1326988
2019-12-13,09988.HK,190.87556393152,191.06380413264,187.67548051255,190.12260312706,18576570,3538819560.1177025
2019-12-16,09988.HK,189.74612272483,190.87556393152,188.2402011159,189.18140212148,6616578,1253601762.246274
2019-12-17,09988.HK,191.25204433376,193.69916694826,190.31084332818,191.8167649371,11225195,2150011041.2416058
2019-12-18,09988.HK,191.8167649371,191.8167649371,189.74612272483,190.68732373041,8179646,1564374019.4264219
2019-12-19,09988.HK,192.00500513822,193.32268654603,190.68732373041,192.75796594268,7525360,1447739936.0266807
2019-12-20,09988.HK,192.9462061438,196.14628956277,192.75796594268,194.82860815496,16804751,3258229599.1809506
2019-12-23,09988.HK,196.71101016612,197.84045137281,195.58156895942,196.14628956277,9892858,1943240740.2406735
2019-12-24,09988.HK,197.46397097058,198.59341217728,196.71101016612,198.02869157393,7770434,1536574815.8931935
2019-12-27,09988.HK,198.59341217728,201.04053479178,198.40517197616,200.28757398732,10774808,2148933020.3871107
2019-12-30,09988.HK,198.59341217728,199.53461318286,198.02869157393,198.21693177504,9970904,1978278922.8777814
2019-12-31,09988.HK,195.58156895942,195.95804936165,194.07564735049,195.01684835607,8813067,1721185010.9476867
2020-01-02,09988.HK,195.76980916054,198.59341217728,195.76980916054,197.6522111717,9516678,1872035342.8056905
2020-01-03,09988.HK,202.35821619959,202.35821619959,198.78165237839,199.53461318286,11307103,2272121808.3943944
2020-01-06,09988.HK,198.59341217728,199.34637298174,196.89925036723,198.59341217728,11303411,2244782959.7322006
2020-01-07,09988.HK,199.34637298174,201.41701519402,199.15813278062,200.0993337862,11676599,2332083670.100411
2020-01-08,09988.HK,197.6522111717,199.15813278062,195.58156895942,198.40517197616,15095573,2989356569.7487454
2020-01-09,09988.HK,201.41701519402,203.11117700406,200.66405438955,202.92293680294,12261435,2478894019.656923
2020-01-10,09988.HK,203.86413780852,206.12302022191,203.67589760741,205.18181921633,11860220,2425687520.2126336
2020-01-13,09988.HK,206.87598102638,211.39374585316,206.68774082526,209.69958404311,17692255,3685080561.9892554
2020-01-14,09988.HK,211.77022625539,214.02910866878,209.69958404311,210.45254484758,16784465,3543391661.8904057
2020-01-15,09988.HK,207.25246142861,208.57014283642,205.37005941745,207.81718203196,21735164,4510803386.018508
2020-01-16,09988.HK,206.49950062414,207.62894183084,205.74653981968,206.49950062414,12993720,2683196691.2499003
2020-01-17,09988.HK,205.9347800208,208.19366243419,203.48765740629,207.44070162972,21245436,4391171169.687649
2020-01-20,09988.HK,208.00542223307,209.69958404311,207.25246142861,207.25246142861,11229916,2331655575.9292192
2020-01-21,09988.HK,205.18181921633,206.12302022191,201.98173579736,203.11117700406,20241728,4132277886.899081
2020-01-22,09988.HK,203.11117700406,206.87598102638,199.91109358509,205.55829961857,14632484,2989924788.9845037
2020-01-23,09988.HK,203.29941720517,204.05237800964,199.72285338397,200.85229459067,16013394,3235920298.3806167
2020-01-24,09988.HK,200.85229459067,202.73469660183,199.34637298174,201.98173579736,7583855,1527517437.7642066
2020-01-29,09988.HK,193.69916694826,197.27573076947,193.51092674715,195.20508855719,24946947,4850986925.08446
2020-01-30,09988.HK,195.01684835607,195.01684835607,188.05196091479,189.93436292595,26416987,5084625572.035688
2020-01-31,09988.HK,192.75796594268,192.75796594268,187.86372071367,188.61668151813,18257747,3481520912.776831
2020-02-03,09988.HK,189.3696423226,193.88740714938,188.2402011159,192.9462061438,23784275,4546552638.391593
2020-02-04,09988.HK,196.14628956277,202.16997599848,195.01684835607,200.66405438955,25035681,4967208594.345281
2020-02-05,09988.HK,202.92293680294,205.74653981968,201.41701519402,202.92293680294,23975014,4865080250.771602
2020-02-06,09988.HK,202.54645640071,206.31126042303,201.2287749929,204.61709861299,18777127,3822680891.131866
2020-02-07,09988.HK,202.35821619959,203.48765740629,201.60525539513,202.73469660183,14223318,2880882659.160434
2020-02-10,09988.HK,198.78165237839,202.16997599848,198.78165237839,200.0993337862,23432236,4673336701.860704
2020-02-11,09988.HK,199.34637298174,201.04053479178,195.01684835607,199.72285338397,29376694,5861667273.881097
2020-02-12,09988.HK,199.53461318286,203.11117700406,197.84045137281,202.35821619959,24402441,4903583028.664151
2020-02-13,09988.HK,204.61709861299,205.18181921633,202.35821619959,204.42885841187,20547490,4202433855.75437
2020-02-14,09988.HK,201.79349559625,204.24061821075,201.2287749929,202.35821619959,15926098,3218279884.464152
2020-02-17,09988.HK,201.79349559625,204.99357901522,200.85229459067,204.61709861299,15531105,3156002805.888049
2020-02-18,09988.HK,203.11117700406,203.29941720517,200.85229459067,201.41701519402,13177196,2665273638.0598855
2020-02-19,09988.HK,201.98173579736,204.05237800964,201.41701519402,201.41701519402,10179246,2053147561.2170005
2020-02-20,09988.HK,204.05237800964,204.05237800964,201.2287749929,202.92293680294,12728604,2590113810.0123324
2020-02-21,09988.HK,200.47581418844,201.41701519402,199.53461318286,200.0993337862,15106823,3025708929.3258476
2020-02-24,09988.HK,194.26388755161,195.39332875831,192.9462061438,193.13444634492,30852998,5976200010.456486
2020-02-25,09988.HK,191.44028453487,195.20508855719,191.06380413264,194.45212775273,23465654,4527608913.983085
2020-02-26,09988.HK,189.93436292595,192.38148554045,189.18140212148,191.06380413264,29014994,5527329765.607993
2020-02-27,09988.HK,191.06380413264,193.51092674715,189.55788252371,193.13444634492,23397941,4494723998.488585
2020-02-28,09988.HK,188.80492171925,190.12260312706,187.76960061311,188.2402011159,38816951,7317871028.940499
2020-03-02,09988.HK,189.3696423226,192.9462061438,188.80492171925,192.56972574157,17004513,3247346474.729482
2020-03-03,09988.HK,194.07564735049,194.45212775273,190.49908352929,191.25204433376,19156355,3690737026.6170206
2020-03-04,09988.HK,191.06380413264,191.25204433376,188.80492171925,190.31084332818,14553445,2775157478.107717
2020-03-05,09988.HK,193.13444634492,195.95804936165,192.00500513822,195.01684835607,19343293,3754062110.8652983
2020-03-06,09988.HK,192.9462061438,193.13444634492,190.87556393152,191.8167649371,12734463,2449874909.4998956
2020-03-09,09988.HK,182.12239457964,186.82839960753,182.12239457964,182.12239457964,56936906,10369485660.675873
2020-03-10,09988.HK,185.41659809916,189.18140212148,182.21651468019,187.581360412,28569375,5328159275.469887
2020-03-11,09988.HK,188.2402011159,188.61668151813,185.13423779749,185.41659809916,17860192,3336791088.0432105
2020-03-12,09988.HK,180.71059307127,180.89883327238,176.19282824448,177.69874985341,41842108,7498301217.431748
2020-03-13,09988.HK,168.28673979762,182.59299508242,166.59257798757,180.42823276959,53292364,9291922625.150885
2020-03-16,09988.HK,174.12218603221,174.21630613277,167.53377899315,168.75734030041,47207430,8093230618.890158
2020-03-17,09988.HK,171.29858301547,174.96926693723,164.71017597641,172.42802422217,36872240,6336984978.226
2020-03-18,09988.HK,167.34553879204,171.11034281435,162.63953376414,162.82777396526,58603973,9674733953.074682
2020-03-19,09988.HK,165.74549708255,166.12197748478,157.74528853513,163.76897497083,34599488,5700516010.818628
2020-03-20,09988.HK,166.59257798757,172.23978402105,166.59257798757,172.23978402105,27899247,4726583879.635953
2020-03-23,09988.HK,162.35717346247,166.49845788702,160.00417094852,160.00417094852,37535058,6049925879.712243
2020-03-24,09988.HK,163.48661466916,164.71017597641,160.19241114963,164.23957547362,26729551,4379986956.728567
2020-03-25,09988.HK,170.35738200989,171.0162227138,167.34553879204,169.13382070264,28012053,4754922781.708568
2020-03-26,09988.HK,170.35738200989,171.6750634177,167.81613929483,170.26326190933,17816738,3034374385.0500183
2020-03-27,09988.HK,175.06338703779,175.06338703779,172.14566392049,173.08686492607,23922455,4164304367.9220514
2020-03-30,09988.HK,169.60442120543,171.39270311603,167.06317849036,169.69854130599,18129547,3075704503.0450134
2020-03-31,09988.HK,174.31042623333,174.78102673612,171.95742371938,172.61626442328,13598127,2358776599.6191483
2020-04-01,09988.HK,174.49866643444,176.3810684456,170.45150211045,173.18098502663,22814764,3966114597.843283
2020-04-02,09988.HK,172.42802422217,175.53398754058,171.48682321659,175.06338703779,12304930,2137928745.5775096
2020-04-03,09988.HK,172.71038452384,174.02806593165,171.86330361882,172.89862472496,9290512,1605442323.8670437
2020-04-06,09988.HK,175.06338703779,178.54583075843,174.31042623333,177.5105096523,18253609,3217873026.8936486
2020-04-07,09988.HK,180.23999256848,180.42823276959,177.41638955174,180.23999256848,16381930,2952678941.45736
2020-04-08,09988.HK,178.26347045676,180.23999256848,177.88699005453,178.92231116066,9180063,1639493988.9760787
2020-04-09,09988.HK,180.05175236736,180.61647297071,178.1693503562,180.42823276959,13161858,2372293188.107323
2020-04-14,09988.HK,182.59299508242,186.35779910474,182.59299508242,185.41659809916,18233007,3354960744.2734504
2020-04-15,09988.HK,187.29900011032,189.3696423226,185.22835789805,186.26367900419,20722474,3870571452.660389
2020-04-16,09988.HK,188.2402011159,190.87556393152,188.14608101534,190.87556393152,19818106,3756678208.9904323
2020-04-17,09988.HK,197.6522111717,199.34637298174,194.07564735049,195.39332875831,33397811,6563430328.487714
2020-04-20,09988.HK,193.32268654603,195.39332875831,191.44028453487,193.69916694826,22875450,4426649529.2579775
2020-04-21,09988.HK,194.82860815496,195.58156895942,188.80492171925,192.19324533934,17778769,3440386065.613501
2020-04-22,09988.HK,189.18140212148,194.45212775273,188.80492171925,193.51092674715,12962733,2480369240.1361213
2020-04-23,09988.HK,192.38148554045,193.13444634492,190.49908352929,192.38148554045,16359183,3147203927.7680755
2020-04-24,09988.HK,186.92251970809,188.80492171925,185.69895840084,186.35779910474,23966198,4473055015.085704
2020-04-27,09988.HK,186.82839960753,190.49908352929,186.82839960753,188.80492171925,13936896,2617581266.7329574
2020-04-28,09988.HK,186.35779910474,187.48724031144,184.75775739526,187.29900011032,19944823,3726259361.5454555
2020-04-29,09988.HK,184.94599759637,186.26367900419,184.94599759637,185.41659809916,14850119,2749964309.6137543
2020-05-04,09988.HK,178.63995085899,178.73407095955,177.13402925006,178.54583075843,26903568,4804785982.1887045
2020-05-05,09988.HK,176.66342874727,178.07523025564,175.91046794281,177.41638955174,27110375,4799618327.009011
2020-05-06,09988.HK,178.73407095955,184.09891669135,178.35759055732,182.21651468019,23022901,4155064799.5378776
2020-05-07,09988.HK,178.73407095955,179.67527196513,178.35759055732,179.2987915629,20506910,3671073844.3951273
2020-05-08,09988.HK,181.18119357406,183.34595588689,180.33411266903,182.02827447908,17851592,3241933617.1108446
2020-05-11,09988.HK,185.32247799861,187.76960061311,184.94599759637,187.01663980865,19839300,3693473729.9567866
2020-05-12,09988.HK,187.20488000976,187.95784081423,185.60483830028,187.95784081423,14037259,2633128139.6755204
2020-05-13,09988.HK,184.00479659079,185.7930785014,182.8753553841,184.75775739526,26074457,4807641678.559719
2020-05-14,09988.HK,183.06359558521,184.38127699303,182.68711518298,183.06359558521,19248894,3523771746.6785755
2020-05-15,09988.HK,183.534196088,185.51071819972,182.68711518298,185.32247799861,16672799,3074936593.4272785
2020-05-18,09988.HK,186.64015940642,191.06380413264,185.7930785014,191.06380413264,26818890,5064800525.359031
2020-05-19,09988.HK,197.6522111717,199.34637298174,193.51092674715,197.46397097058,45308325,8951026196.630808
2020-05-20,09988.HK,198.59341217728,199.15813278062,196.33452976389,198.59341217728,22533385,4474981815.054338
2020-05-21,09988.HK,197.08749056835,197.27573076947,193.51092674715,194.07564735049,23271613,4551498582.756434
2020-05-22,09988.HK,192.9462061438,192.9462061438,184.47539709358,186.54603930586,40226609,7632843088.117751
2020-05-25,09988.HK,182.31063478075,187.86372071367,179.11055136178,186.54603930586,40103124,7396152469.561455
2020-05-26,09988.HK,188.2402011159,191.25204433376,188.2402011159,189.18140212148,26834881,5064031904.852154
2020-05-27,09988.HK,187.20488000976,187.86372071367,184.56951719414,185.69895840084,33136407,6178346680.7179365
2020-05-28,09988.HK,183.91067649024,184.94599759637,180.23999256848,182.12239457964,30919109,5658708211.007183
2020-05-29,09988.HK,181.65179407685,184.75775739526,180.71059307127,182.8753553841,19459191,3546701713.0230865
2020-06-01,09988.HK,188.2402011159,192.00500513822,188.2402011159,190.87556393152,26826195,5085116720.368136
2020-06-02,09988.HK,189.74612272483,189.93436292595,187.76960061311,188.2402011159,22818103,4312465434.994566
2020-06-03,09988.HK,195.76980916054,197.46397097058,194.64036795384,197.27573076947,38794267,7623956809.601985
2020-06-04,09988.HK,200.47581418844,200.47581418844,195.20508855719,198.59341217728,22860283,4561417725.65571
2020-06-05,09988.HK,199.53461318286,201.04053479178,197.08749056835,199.72285338397,22415326,4474743135.514797
2020-06-08,09988.HK,201.98173579736,201.98173579736,198.40517197616,199.91109358509,17992461,3615520529.421693
2020-06-09,09988.HK,200.28757398732,201.98173579736,199.15813278062,199.91109358509,23063431,4614977177.924108
2020-06-10,09988.HK,201.60525539513,204.05237800964,201.2287749929,202.92293680294,19038860,3850877808.656073
2020-06-11,09988.HK,205.18181921633,207.62894183084,199.34637298174,200.47581418844,33036598,6700774080.212379
2020-06-12,09988.HK,195.95804936165,201.41701519402,195.20508855719,199.53461318286,25058536,4955233561.053728
2020-06-15,09988.HK,197.46397097058,199.91109358509,193.32268654603,194.64036795384,31716109,6218011976.349924
2020-06-16,09988.HK,198.78165237839,201.79349559625,198.59341217728,200.66405438955,18039173,3602835104.2470703
2020-06-17,09988.HK,203.29941720517,205.55829961857,201.60525539513,204.99357901522,21385682,4365812089.998232
2020-06-18,09988.HK,205.9347800208,205.9347800208,202.54645640071,204.99357901522,16168952,3322140456.3460865
2020-06-19,09988.HK,204.24061821075,206.87598102638,203.48765740629,206.12302022191,27295880,5600618315.510637
2020-06-22,09988.HK,203.48765740629,203.48765740629,200.0993337862,200.47581418844,28166629,5689144616.980399
2020-06-23,09988.HK,203.29941720517,207.06422122749,199.53461318286,207.06422122749,40290287,8266834383.408051
2020-06-24,09988.HK,209.69958404311,211.58198605427,208.3819026353,208.3819026353,30207600,6314619158.493369
2020-06-26,09988.HK,204.24061821075,204.24061821075,201.79349559625,201.98173579736,33158894,6734941988.492697
2020-06-29,09988.HK,198.59341217728,199.15813278062,196.33452976389,197.08749056835,33824007,6691756812.117253
2020-06-30,09988.HK,198.21693177504,199.72285338397,196.14628956277,197.27573076947,24171917,4779907906.567452
2020-07-02,09988.HK,199.34637298174,202.35821619959,197.84045137281,201.79349559625,31018228,6221323951.721065
2020-07-03,09988.HK,207.06422122749,208.3819026353,204.42885841187,207.81718203196,31233712,6479143131.780761
2020-07-06,09988.HK,210.82902524981,213.46438806543,209.88782424423,212.14670665762,42489587,8986032079.884712
2020-07-07,09988.HK,219.48807450114,224.9470403335,218.35863329445,218.73511369668,46585757,10207479478.574455
2020-07-08,09989.HK,15.970621098328,16.160953527453,15.140079589423,15.27850317424,103317473,1614290276.6523445
2020-07-08,09988.HK,217.41743228887,224.57055993127,217.41743228887,223.81759912681,31883443,7034045986.872521
2020-07-09,09988.HK,239.81801622166,248.28882527187,237.18265340604,246.2181830596,61690256,14991848779.463972
2020-07-09,09989.HK,15.399623810956,15.953318150226,15.174685485627,15.503441499569,24972500,385863399.2335428
2020-07-10,09988.HK,241.88865843393,246.59466346183,238.12385441162,240.38273682501,44519242,10735178477.605202
2020-07-10,09989.HK,15.399623810956,15.659168032489,15.053564848912,15.122776641321,10794500,164737025.84105203
2020-07-13,09989.HK,14.88053536789,15.884106357817,14.707505886868,15.58995624008,16649975,253666461.75520512
2020-07-13,09988.HK,239.0650554172,243.20633984175,236.42969260157,239.44153581943,30979669,7411987905.414549
2020-07-14,09989.HK,15.555350343876,15.555350343876,14.984353056503,15.209291381832,4520000,69528090.30010007
2020-07-14,09988.HK,230.02952576363,231.91192777479,224.38231973016,226.26472174131,53646972,12239402359.829294
2020-07-15,09988.HK,229.6530453614,230.7824865681,224.9470403335,229.08832475805,23131222,5305624236.408582
2020-07-15,09989.HK,15.572653291978,16.212862371759,15.399623810956,16.14365057935,28379000,450038493.7822086
2020-07-16,09989.HK,16.195559423657,16.420497748986,15.053564848912,15.19198843373,12213002,191668092.37868157
2020-07-16,09988.HK,228.52360415471,228.52360415471,217.98215289221,219.48807450114,34282035,7679376024.044301
2020-07-17,09989.HK,15.209291381832,15.503441499569,14.897838315992,15.27850317424,5987000,91265213.00360154
2020-07-17,09988.HK,221.55871671342,226.45296194243,219.67631470226,224.75880013239,20224245,4513217404.240644
2020-07-20,09989.HK,15.27850317424,15.399623810956,14.967050108401,15.053564848912,2244000,34032580.32197654
2020-07-20,09988.HK,224.00583932792,227.58240314913,221.3704765123,225.51176093685,11353749,2551855002.244266
2020-07-21,09989.HK,15.27850317424,15.365017914751,14.88053536789,14.88053536789,4613500,69569362.15705837
2020-07-21,09988.HK,236.99441320492,242.45337903728,236.05321219934,241.88865843393,45185546,10819296531.079275
2020-07-22,09989.HK,14.88053536789,15.122776641321,14.603688198255,14.603688198255,3119500,45988017.70729466
2020-07-22,09988.HK,236.61793280269,239.81801622166,233.04136898149,233.41784938372,36503672,8579016010.598077
2020-07-23,09988.HK,230.59424636698,233.41784938372,227.77064335024,232.10016797591,31183903,7214308867.755245
2020-07-23,09989.HK,14.603688198255,14.915141264094,14.1711144957,14.638294094459,7253500,106053359.2801005
2020-07-24,09988.HK,229.84128556252,230.02952576363,223.25287852346,224.9470403335,27470849,6246710713.826178
2020-07-24,09989.HK,14.361446924824,14.517173457744,13.85966142986,13.876964377962,6609000,93313830.15005633
2020-07-27,09989.HK,13.928873222269,14.067296807087,12.977211076648,13.409784779203,7087500,96881369.2927164
2020-07-27,09988.HK,226.64120214355,229.84128556252,221.74695691453,224.9470403335,18243796,4119341885.8749175
2020-07-28,09988.HK,229.6530453614,231.15896697033,228.52360415471,230.21776596475,14674368,3374156758.9292464
2020-07-28,09989.HK,13.409784779203,13.703934896941,13.046422869057,13.686631948838,5133000,69542953.53251722
2020-07-29,09989.HK,13.686631948838,14.257629236211,13.548208364021,13.755843741247,4964160,68114420.06084618
2020-07-29,09988.HK,227.95888355136,229.6530453614,227.01768254578,228.71184435582,10549764,2408884202.5644813
2020-07-30,09989.HK,13.790449637451,14.32684102862,13.669329000736,14.032690910882,4520000,62880297.63923258
2020-07-30,09988.HK,231.53544737256,234.92377099265,229.08832475805,230.40600616586,21715110,5015554738.573339
2020-07-31,09989.HK,14.032690910882,14.413355769131,13.876964377962,13.894267326065,3596000,50212670.91003071
2020-07-31,09988.HK,234.3590503893,234.3590503893,230.59424636698,231.53544737256,14687907,3421507527.4689536
2020-08-03,09988.HK,230.40600616586,232.10016797591,229.08832475805,231.15896697033,18274346,4217399010.285721
2020-08-03,09989.HK,13.928873222269,14.274932184313,13.738540793145,13.825055533656,2269500,31493770.655785896
2020-08-04,09988.HK,236.05321219934,240.00625642278,235.67673179711,238.87681521608,24914559,5916336094.45655
2020-08-04,09989.HK,13.842358481758,14.01538796278,13.600117208327,13.600117208327,1841300,25264915.24407675
2020-08-05,09989.HK,13.600117208327,13.998085014678,13.340572986794,13.738540793145,2588000,35376223.45390476
2020-08-05,09988.HK,240.75921722724,240.94745742835,237.18265340604,240.75921722724,18116054,4361606980.28641
2020-08-06,09989.HK,14.101902703291,16.178256475555,13.928873222269,16.109044683146,27539780,416001422.30702496
2020-08-06,09988.HK,241.88865843393,242.6416192384,238.31209461273,241.88865843393,15966937,3862220970.2290792
2020-08-07,09989.HK,16.45510364519,16.85307145154,15.088170745116,15.814894565409,23935100,386192817.0852541
2020-08-07,09988.HK,240.94745742835,241.13569762947,226.45296194243,234.54729059041,36237559,8615384492.759974
2020-08-10,09988.HK,230.40600616586,230.40600616586,226.26472174131,228.14712375247,26039892,5970336989.667641
2020-08-10,09989.HK,15.607259188182,15.607259188182,14.897838315992,15.572653291978,5052000,78760458.92488416
2020-08-11,09988.HK,227.77064335024,232.28840817702,227.39416294801,229.6530453614,16702416,3820040368.558158
2020-08-11,09989.HK,15.659168032489,15.918712254022,15.140079589423,15.243897278036,4757200,73506031.14761476
2020-08-12,09988.HK,227.95888355136,230.21776596475,224.00583932792,229.08832475805,15796928,3609970921.1323757
2020-08-12,09989.HK,15.243897278036,15.399623810956,14.794020627379,15.19198843373,3292500,50105076.85299478
2020-08-13,09988.HK,233.2296091826,236.24145240046,231.72368757368,233.60608958483,12489234,2915210140.7299724
2020-08-13,09989.HK,15.140079589423,15.19198843373,14.88053536789,14.897838315992,1174000,17632257.810478605
2020-08-14,09988.HK,231.72368757368,234.17081018818,230.02952576363,232.28840817702,12607886,2925105802.922955
2020-08-14,09989.HK,14.897838315992,15.070867797014,14.845929471686,14.897838315992,727000,10830728.455726184
2020-08-17,09989.HK,15.018958952708,15.122776641321,14.811323575481,14.932444212197,1055700,15809848.160595104
2020-08-17,09988.HK,228.33536395359,232.10016797591,227.01768254578,228.52360415471,20853111,4763465386.65392
2020-08-18,09989.HK,15.018958952708,15.070867797014,14.672899990664,14.776717679277,1501000,22361655.312304743
2020-08-18,09988.HK,234.73553079153,237.74737400938,233.04136898149,237.18265340604,23158760,5464519983.733658
2020-08-19,09988.HK,237.18265340604,240.94745742835,236.24145240046,240.38273682501,15227171,3635984930.364964
2020-08-19,09989.HK,14.534476405846,14.72480883497,14.465264613437,14.534476405846,815000,11845598.27076449
2020-08-20,09989.HK,14.551779353948,14.551779353948,14.1711144957,14.257629236211,1320500,19021412.021652482
2020-08-20,09988.HK,239.0650554172,240.75921722724,235.67673179711,240.00625642278,22881516,5480938943.503746
2020-08-21,09989.HK,14.223023340006,14.499870509642,14.101902703291,14.119205651393,844500,11967506.191618228
2020-08-21,09988.HK,236.99441320492,243.39458004286,235.86497199823,237.9356142105,32079272,7617704765.213358
2020-08-24,09988.HK,245.65346245625,250.35946748415,243.95930064621,248.85354587522,43488850,10752770554.638025
2020-08-24,09989.HK,14.119205651393,14.344143976722,14.01538796278,14.101902703291,800500,11295498.618962271
2020-08-25,09988.HK,254.12427150647,258.26555593102,250.9241880875,253.371310702,30708120,7792117618.96378
2020-08-25,09989.HK,14.032690910882,14.032690910882,13.565511312123,13.669329000736,2036500,28207581.77500503
2020-08-26,09988.HK,263.34804136115,263.91276196449,260.52443834441,263.91276196449,31949336,8422816282.540396
2020-08-26,09989.HK,13.565511312123,13.928873222269,13.513602467816,13.686631948838,1027500,14000788.600318713
2020-08-27,09988.HK,265.98340417677,267.30108558458,261.6538795511,264.10100216561,28072548,7440409970.548984
2020-08-27,09989.HK,13.669329000736,13.928873222269,13.427087727305,13.928873222269,1249000,17235077.288266625
2020-08-28,09988.HK,260.71267854552,263.15980116003,259.01851673548,260.71267854552,29542320,7702057377.648887
2020-08-28,09989.HK,14.084599755189,14.413355769131,13.928873222269,14.153811547598,1815000,25626358.257279202
2020-08-31,09988.HK,266.17164437789,270.68940920467,264.47748256784,266.17164437789,26933353,7168894856.620177
2020-08-31,09989.HK,14.465264613437,14.465264613437,13.894267326065,14.032690910882,3346500,47684204.081066765
2020-09-01,09988.HK,262.59508055668,268.61876699239,261.84211975222,266.17164437789,24207208,6399983046.9849615
2020-09-01,09989.HK,13.998085014678,14.188417443802,13.686631948838,13.721237845043,2486500,34462048.14534813
2020-09-02,09988.HK,272.94829161806,274.83069362922,270.50116900355,274.07773282475,24662027,6745385292.25562
2020-09-02,09989.HK,13.634723104532,13.928873222269,13.565511312123,13.703934896941,1056500,14441646.089278113
2020-09-03,09989.HK,13.703934896941,13.738540793145,13.513602467816,13.600117208327,1384000,18894404.056845456
2020-09-03,09988.HK,270.87764940578,272.19533081359,266.73636498123,267.4893257857,28987875,7803057290.489361
2020-09-04,09988.HK,252.24186949531,259.2067569366,249.60650667969,257.88907552879,78861798,20114921770.01984
2020-09-04,09989.HK,13.427087727305,13.530905415919,13.202149401977,13.444390675408,1492500,20052840.758024577
2020-09-07,09988.HK,255.25371271316,258.45379613213,249.7947468808,249.98298708192,47493625,11997761178.152552
2020-09-07,09989.HK,13.444390675408,13.444390675408,12.977211076648,13.098331713364,1927000,25573913.02158182
2020-09-08,09989.HK,12.99451402475,13.202149401977,12.700363907013,12.838787491831,1883000,24322053.377861015
2020-09-08,09988.HK,254.12427150647,255.81843331651,246.78290366295,253.74779110424,27608738,7010853357.0693445
2020-09-09,09989.HK,12.648455062706,12.786878647524,12.198578412049,12.28509315256,1745000,21754520.817819584
2020-09-09,09988.HK,246.59466346183,249.04178607634,243.39458004286,247.72410466853,27066740,6689798787.05237
2020-09-10,09989.HK,12.371607893071,12.5965462184,11.956337138619,12.008245982925,1592000,19406363.685292814
2020-09-10,09988.HK,251.11242828861,252.24186949531,246.59466346183,247.15938406518,25531787,6360884890.560467
2020-09-11,09989.HK,11.956337138619,12.04285187913,11.73139881329,12.025548931027,2162000,25924418.84128733
2020-09-11,09988.HK,247.91234486964,251.30066848973,245.46522225514,250.35946748415,20757663,5171479181.619605
2020-09-14,09989.HK,12.025548931027,12.354304944969,12.025548931027,12.267790204458,1210000,14697470.176968424
2020-09-14,09988.HK,251.11242828861,252.80659009866,248.47706547299,252.43010969642,16063671,4044370832.3482623
2020-09-15,09989.HK,12.44081968548,12.544637374093,12.215881360152,12.423516737378,952000,11835424.137280408
2020-09-15,09988.HK,252.24186949531,253.74779110424,250.54770768527,251.67714889196,19666515,4955165466.949261
2020-09-16,09989.HK,12.475425581684,12.873393388035,12.250487256356,12.873393388035,990000,12547665.390010905
2020-09-16,09988.HK,253.93603130535,256.94787452321,253.371310702,256.94787452321,20927130,5345666956.091017
2020-09-17,09988.HK,254.87723231093,255.6301931154,249.98298708192,252.05362929419,19364862,4908323089.262123
2020-09-17,09989.HK,12.700363907013,12.821484543728,12.302396100663,12.319699048765,1022000,12785252.170402559
2020-09-18,09989.HK,12.319699048765,12.527334425991,12.267790204458,12.44081968548,519300,6429068.689346714
2020-09-18,09988.HK,250.9241880875,253.74779110424,248.85354587522,253.74779110424,20935638,5282814932.5509
2020-09-21,09988.HK,251.30066848973,252.43010969642,246.59466346183,246.59466346183,20930001,5210474897.820742
2020-09-21,09989.HK,12.44081968548,12.510031477889,12.04285187913,12.04285187913,1434500,17560913.42971652
2020-09-22,09989.HK,12.198578412049,12.579243270298,12.112063671538,12.527334425991,1364000,16863072.55554328
2020-09-22,09988.HK,251.30066848973,251.30066848973,246.97114386406,249.23002627745,16372015,4097348021.344346
2020-09-23,09989.HK,12.527334425991,13.132937609568,12.527334425991,13.046422869057,3114500,39824733.547713496
2020-09-23,09988.HK,251.11242828861,253.371310702,249.23002627745,251.30066848973,20296916,5098718211.304918
2020-09-24,09989.HK,13.046422869057,13.046422869057,12.631152114604,12.717666855115,1029700,13264641.594489956
2020-09-24,09988.HK,248.47706547299,249.7947468808,245.65346245625,245.65346245625,16462927,4067417404.8852696
2020-09-25,09989.HK,12.717666855115,12.838787491831,12.458122633582,12.458122633582,884500,11133992.901376247
2020-09-25,09988.HK,248.85354587522,248.85354587522,240.38273682501,242.82985943951,15319675,3766214986.157468
2020-09-28,09989.HK,12.458122633582,12.5965462184,12.146669567743,12.163972515845,1292000,15905873.466529842
2020-09-28,09988.HK,246.59466346183,249.04178607634,245.84170265737,247.91234486964,11818697,2922214247.92306
2020-09-29,09989.HK,12.163972515845,12.215881360152,12.112063671538,12.112063671538,445000,5401418.051692718
2020-09-29,09988.HK,252.43010969642,254.12427150647,249.7947468808,249.7947468808,16607941,4170460393.383966
2020-09-30,09988.HK,253.55955090312,259.77147753994,252.99483029977,259.39499713771,35325185,9060107153.066853
2020-09-30,09989.HK,12.112063671538,12.527334425991,12.04285187913,12.233184308254,573000,6974913.546210408
2020-10-05,09989.HK,12.233184308254,12.683060958911,12.233184308254,12.631152114604,478000,5942576.405063062
2020-10-05,09988.HK,268.24228659016,268.24228659016,262.21860015445,265.41868357342,25233089,6732957377.981979
2020-10-06,09989.HK,12.613849166502,12.977211076648,12.613849166502,12.821484543728,512000,6511445.42981888
2020-10-06,09988.HK,263.34804136115,264.66572276896,261.08915894776,263.53628156226,18023022,4748023871.751863
2020-10-07,09988.HK,267.11284538347,272.00709061248,265.98340417677,271.25412980801,21555736,5802448194.173046
2020-10-07,09989.HK,12.648455062706,12.942605180444,12.648455062706,12.717666855115,240000,3043934.63013852
2020-10-08,09989.HK,12.665758010809,12.856090439933,12.665758010809,12.734969803217,162000,2057458.952936106
2020-10-08,09988.HK,272.76005141694,272.76005141694,268.43052679128,272.57181121583,17175080,4683059183.633418
2020-10-09,09988.HK,273.88949262364,275.7718946348,267.11284538347,269.37172779686,22209544,6032791989.211396
2020-10-09,09989.HK,12.717666855115,12.873393388035,12.561940322195,12.683060958911,288500,3664054.9871732504
2020-10-12,09989.HK,12.631152114604,12.838787491831,12.631152114604,12.717666855115,730000,9252318.923947435
2020-10-12,09988.HK,271.0658896069,275.7718946348,270.68940920467,274.83069362922,15212791,4152305314.192599
2020-10-14,09988.HK,280.47789966269,280.47789966269,277.27781624372,280.10141926046,27640402,7747318863.961036
2020-10-14,09989.HK,12.631152114604,12.804181595626,12.561940322195,12.561940322195,489000,6159711.100797355
2020-10-15,09989.HK,12.561940322195,12.717666855115,12.267790204458,12.28509315256,441500,5484982.639552167
2020-10-15,09988.HK,273.32477202029,273.88949262364,267.4893257857,268.05404638904,26871063,7273712168.171334
2020-10-16,09988.HK,272.94829161806,276.71309564038,271.81885041136,276.71309564038,18581210,5106686832.7702
2020-10-16,09989.HK,12.44081968548,12.561940322195,12.077457775334,12.198578412049,542500,6683436.733954742
2020-10-19,09989.HK,12.04285187913,12.198578412049,12.025548931027,12.060154827232,429500,5176120.690191239
2020-10-19,09988.HK,280.66613986381,281.79558107051,278.03077704819,279.72493885823,19704407,5521086947.1540575
2020-10-20,09989.HK,12.025548931027,12.198578412049,11.956337138619,12.094760723436,317500,3829099.1576460013
2020-10-20,09988.HK,280.28965946158,282.73678207608,278.78373785265,281.79558107051,19447954,5465703950.973511
2020-10-21,09989.HK,12.112063671538,12.233184308254,11.939034190516,11.939034190516,711000,8550165.289960196
2020-10-21,09988.HK,282.36030167385,285.93686549506,281.60734086939,282.54854187497,17439667,4925911058.423259
2020-10-22,09988.HK,281.04262026604,283.86622328278,279.53669865711,282.36030167385,14381076,4051170119.5198126
2020-10-22,09989.HK,11.939034190516,11.939034190516,11.627581124677,11.835216501903,594000,7060952.455648444
2020-10-23,09988.HK,280.28965946158,282.73678207608,279.53669865711,280.47789966269,15074407,4226619209.3179054
2020-10-23,09989.HK,11.939034190516,12.025548931027,11.644884072779,11.662187020881,617000,7280976.7437159745
2020-10-27,09988.HK,279.16021825488,282.9250222772,276.90133584149,282.36030167385,18285289,5133782493.163544
2020-10-27,09989.HK,11.644884072779,11.679489968983,11.073886785406,11.143098577815,1687000,19221663.36577604
2020-10-28,09988.HK,286.5015860984,291.2075911263,286.31334589729,289.32518911514,27847200,8017581687.363246
2020-10-28,09989.HK,11.143098577815,11.143098577815,10.554798342341,10.71052487526,1327000,14499879.161115265
2020-10-29,09989.HK,10.658616030954,11.437248695553,10.46828360183,11.333431006939,1065000,11710765.047678024
2020-10-29,09988.HK,282.36030167385,287.6310273051,281.41910066827,284.80742428836,24070737,6826072583.262214
2020-10-30,09989.HK,11.333431006939,11.333431006939,10.606707186647,11.073886785406,1647000,18452426.201996107
2020-10-30,09988.HK,283.30150267943,285.18390469059,275.39541423256,275.96013483591,26853552,7509080732.3116665
2020-11-02,09989.HK,10.86625140818,10.900857304384,10.554798342341,10.745130771465,593500,6413177.661809653
2020-11-02,09988.HK,280.85438006493,280.85438006493,274.26597302587,280.28965946158,18371445,5154513429.619553
2020-11-03,09988.HK,282.73678207608,283.86622328278,281.41910066827,282.17206147274,17260262,4875237322.884821
2020-11-03,09989.HK,10.641313082852,10.831645511976,10.554798342341,10.658616030954,834500,8887395.422735555
2020-11-04,09989.HK,10.693221927158,11.0219779411,10.572101290443,10.797039615771,609000,6543784.63982188
2020-11-04,09988.HK,256.00667351763,265.41868357342,256.00667351763,260.90091874664,101173866,26148769737.06395
2020-11-05,09989.HK,11.039280889202,11.073886785406,10.46828360183,10.71052487526,1855210,20175228.576143775
2020-11-05,09988.HK,268.80700719351,277.27781624372,268.80700719351,277.27781624372,42593676,11629880019.00129
2020-11-06,09988.HK,266.17164437789,272.76005141694,265.41868357342,265.41868357342,52373045,13920502083.679358
2020-11-06,09989.HK,10.71052487526,10.935463200589,10.606707186647,10.814342563874,1365500,14696103.244068738
2020-11-09,09989.HK,10.814342563874,11.143098577815,10.814342563874,11.039280889202,1325000,14478025.53766285
2020-11-09,09988.HK,274.26597302587,275.7718946348,272.38357101471,273.13653181917,35794135,9796899578.880758
2020-11-10,09989.HK,11.073886785406,11.143098577815,10.675918979056,10.727827823363,654000,7129160.677067463
2020-11-10,09988.HK,266.73636498123,267.11284538347,256.94787452321,259.2067569366,63855746,16792245201.815992
2020-11-11,09989.HK,11.004674992998,11.004674992998,10.727827823363,10.831645511976,732500,7997552.384946726
2020-11-11,09988.HK,240.00625642278,243.58282024398,233.79432978595,233.79432978595,116686276,27643012985.656834
2020-11-12,09989.HK,10.762433719567,10.952766148691,10.762433719567,10.86625140818,226000,2444041.4194354108
2020-11-12,09988.HK,242.6416192384,243.39458004286,237.37089360715,238.12385441162,54771508,13166124993.07293
2020-11-13,09989.HK,10.883554356282,10.883554356282,10.727827823363,10.814342563874,692500,7512896.808604014
2020-11-13,09988.HK,243.39458004286,244.71226145067,237.55913380827,241.88865843393,42011134,10193649579.801191
2020-11-16,09989.HK,10.779736667669,10.814342563874,10.71052487526,10.727827823363,520000,5591966.76766832
2020-11-16,09988.HK,238.50033481385,239.62977602054,230.59424636698,239.0650554172,40495713,9669675490.764803
2020-11-17,09989.HK,10.71052487526,10.71052487526,10.606707186647,10.658616030954,386500,4129586.4801258557
2020-11-17,09988.HK,240.00625642278,240.57097702612,235.11201119376,235.11201119376,27731447,6587858528.569948
2020-11-18,09988.HK,236.24145240046,237.18265340604,233.04136898149,235.30025139488,21190712,4996152220.558179
2020-11-18,09989.HK,10.658616030954,10.727827823363,10.641313082852,10.658616030954,317649,3385698.7236165074
2020-11-19,09989.HK,10.624010134749,10.675918979056,10.624010134749,10.658616030954,480500,5113150.936310146
2020-11-19,09988.HK,235.30025139488,235.30025139488,230.59424636698,230.7824865681,19558960,4558046814.254204
2020-11-20,09988.HK,236.24145240046,240.00625642278,234.54729059041,238.12385441162,24969028,5922220314.009708
2020-11-20,09989.HK,10.641313082852,10.727827823363,10.589404238545,10.658616030954,678500,7226000.951858686
2020-11-23,09988.HK,247.72410466853,250.54770768527,245.27698205402,248.47706547299,44892281,11137801181.260963
2020-11-23,09989.HK,10.658616030954,11.108492681611,10.658616030954,10.970069096793,2593500,28046997.439405926
2020-11-24,09988.HK,256.94787452321,258.45379613213,252.05362929419,254.12427150647,41400443,10579306625.294722
2020-11-24,09989.HK,10.987372044895,11.143098577815,10.814342563874,10.918160252487,1723500,18877092.457268942
2020-11-25,09988.HK,258.64203633325,258.83027653437,249.04178607634,251.30066848973,27982144,7134645099.053061
2020-11-25,09989.HK,10.918160252487,10.935463200589,10.46828360183,10.554798342341,1741000,18692210.456797775
2020-11-26,09989.HK,10.589404238545,10.641313082852,10.053012847377,10.277951172705,2435500,25411222.052049693
2020-11-26,09988.HK,254.12427150647,255.81843331651,251.48890869085,253.18307050089,18539582,4702633033.173748
2020-11-27,09989.HK,10.295254120808,10.433677705625,10.226042328399,10.399071809421,664000,6870516.208836027
2020-11-27,09988.HK,255.06547251205,255.06547251205,251.48890869085,253.74779110424,11575149,2944794669.767418
2020-11-30,09989.HK,10.399071809421,10.779736667669,10.399071809421,10.745130771465,1067000,11280432.076902682
2020-11-30,09988.HK,248.47706547299,249.23002627745,243.39458004286,246.02994285848,19453729,4810002664.34058
2020-12-01,09989.HK,10.727827823363,11.143098577815,10.675918979056,11.073886785406,1188300,12953488.734800102
2020-12-01,09988.HK,241.70041823282,244.33578104844,239.62977602054,242.07689863505,19622885,4746553327.2533865
2020-12-02,09989.HK,11.125795629713,11.316128058837,10.918160252487,11.0219779411,906500,10038478.370970992
2020-12-02,09988.HK,241.88865843393,242.07689863505,239.0650554172,240.19449662389,17518631,4222718452.386866
2020-12-03,09988.HK,240.19449662389,243.20633984175,239.62977602054,242.26513883617,14374923,3467660055.173216
2020-12-03,09989.HK,11.039280889202,11.471854591757,11.039280889202,11.350733955042,1590900,17810137.30785389
2020-12-04,09988.HK,243.77106044509,250.9241880875,243.20633984175,248.47706547299,28041474,6901681512.240283
2020-12-04,09989.HK,11.41994574745,11.541066384166,11.402642799348,11.506460487961,982500,11262597.063145654
2020-12-07,09988.HK,245.65346245625,245.84170265737,240.00625642278,242.82985943951,16021766,3913182739.158272
2020-12-07,09989.HK,11.316128058837,11.662187020881,11.17770447402,11.592975228472,890500,10200278.238674333
2020-12-08,09989.HK,11.592975228472,11.766004709494,11.437248695553,11.506460487961,685500,7917331.591807411
2020-12-08,09988.HK,241.88865843393,243.95930064621,240.38273682501,242.82985943951,11781749,2855415956.6184416
2020-12-09,09989.HK,11.558369332268,11.662187020881,11.160401525917,11.246916266428,1216500,13871314.965406844
2020-12-09,09988.HK,246.59466346183,247.3476242663,244.14754084732,245.46522225514,17024320,4188492476.8045635
2020-12-10,09988.HK,240.57097702612,241.13569762947,238.12385441162,240.38273682501,21316945,5126231932.855139
2020-12-10,09989.HK,10.987372044895,11.264219214531,10.918160252487,11.125795629713,497000,5495122.167140088
2020-12-11,09989.HK,11.073886785406,11.316128058837,10.848948460078,10.848948460078,767500,8412888.025454486
2020-12-11,09988.HK,243.77106044509,245.27698205402,241.88865843393,243.20633984175,12567160,3059961452.894382
2020-12-11,09992.HK,73.774053354,78.223461241109,65.066609962023,66.023471873229,98464984,6882580542.36935
2020-12-14,09988.HK,243.58282024398,243.58282024398,235.30025139488,236.8061730038,22655912,5441825378.395149
2020-12-14,09989.HK,10.848948460078,11.333431006939,10.848948460078,11.091189733509,835000,9160007.695822572
2020-12-14,09992.HK,66.932490688875,71.716800244906,58.559948965821,71.286212384863,23282238,1609020370.50705
2020-12-15,09989.HK,11.004674992998,11.212310370224,10.900857304384,10.935463200589,637500,6993419.049205856
2020-12-15,09988.HK,235.30025139488,235.30025139488,230.59424636698,231.53544737256,27969305,6528535021.857327
2020-12-15,09992.HK,69.563860944692,71.716800244906,66.21484425547,69.659547135813,8216735,571980924.9971842
2020-12-16,09989.HK,10.935463200589,11.108492681611,10.71052487526,10.814342563874,1086588,11816538.97299816
2020-12-16,09988.HK,234.17081018818,237.55913380827,232.28840817702,236.24145240046,16279191,3828965535.711313
2020-12-16,09992.HK,69.659547135813,73.152093111716,68.463469746805,68.798371415727,6943372,480682417.4245217
2020-12-17,09988.HK,240.38273682501,242.82985943951,239.44153581943,242.82985943951,18134098,4381312287.74762
2020-12-17,09989.HK,10.727827823363,11.004674992998,10.727827823363,10.86625140818,691500,7466152.894305992
2020-12-17,09992.HK,68.798371415727,71.286212384863,68.798371415727,69.707390231373,3195720,221312816.3054352
2020-12-18,09988.HK,242.26513883617,242.26513883617,237.74737400938,240.57097702612,23943869,5780482353.337747
2020-12-18,09992.HK,69.707390231373,77.314442425463,68.941900702408,73.678367162879,10326516,740337658.9519306
2020-12-18,09989.HK,10.883554356282,10.935463200589,10.485586549932,10.485586549932,3208000,34276102.013567254
2020-12-21,09988.HK,240.00625642278,240.00625642278,233.79432978595,235.30025139488,14314027,3401775093.088848
2020-12-21,09989.HK,10.485586549932,10.693221927158,10.450980653727,10.554798342341,802500,8442454.438024541
2020-12-21,09992.HK,73.008563825035,84.969337715112,73.008563825035,83.964632708346,10604794,832334206.3790097
2020-12-22,09989.HK,10.572101290443,10.658616030954,10.295254120808,10.347162965114,988500,10339346.358309047
2020-12-22,09988.HK,237.18265340604,237.37089360715,233.04136898149,234.17081018818,12519867,2950641337.094488
2020-12-22,09992.HK,84.203848186147,92.28933133584,82.098751981494,85.256396288474,10311671,873709144.3009298
2020-12-23,09992.HK,87.026590824206,89.466588697782,85.304239384035,85.734827244077,4864370,420187729.60440683
2020-12-23,09989.HK,10.520192446136,10.520192446136,10.087618743581,10.295254120808,1758500,18301981.393985514
2020-12-23,09988.HK,234.54729059041,235.11201119376,230.7824865681,233.79432978595,15189316,3556894433.9242854
2020-12-24,09988.HK,225.88824133908,225.88824133908,212.89966746209,214.78206947324,69173505,15241354974.163786
2020-12-24,09992.HK,84.825808428431,88.031295830972,81.47679173921,82.481496745976,2392634,200152573.4043311
2020-12-24,09989.HK,10.295254120808,10.399071809421,10.277951172705,10.364465913216,321500,3321049.995469358
2020-12-28,09989.HK,10.364465913216,10.433677705625,10.122224639786,10.15683053599,1250050,12826323.31316498
2020-12-28,09992.HK,73.82189644956,76.453266705377,68.941900702408,74.300327405163,18389087,1361916230.5489886
2020-12-28,09988.HK,206.49950062414,206.87598102638,195.01684835607,197.6522111717,104426789,21102132765.846497
2020-12-29,09989.HK,10.15683053599,10.260648224603,10.104921691683,10.122224639786,651500,6605902.223509032
2020-12-29,09988.HK,203.48765740629,211.77022625539,203.48765740629,208.94662323865,42704055,8806308102.273478
2020-12-29,09992.HK,74.156798118482,79.084636961194,71.286212384863,74.730915265206,4979081,370661992.4210833
2020-12-30,09992.HK,75.592090985291,80.854831496926,75.592090985291,78.366990527789,3554014,273586365.56231374
2020-12-30,09988.HK,216.28799108217,222.499917719,215.91151067994,222.31167751788,40430776,8866462477.421427
2020-12-30,09989.HK,10.122224639786,10.226042328399,10.104921691683,10.174133484092,722500,7332059.372250928
2020-12-31,09992.HK,78.46267671891,79.467381725677,77.027383852101,77.840716476626,1361410,106396501.26516733
2020-12-31,09988.HK,219.29983430003,219.29983430003,215.53503027771,218.92335389779,15576728,3413041702.9251266
2020-12-31,09989.HK,10.122224639786,10.260648224603,10.122224639786,10.243345276501,293000,2983555.9927360457
2021-01-04,09992.HK,77.792873381066,80.280714350202,71.764643340467,74.635229074085,5336586,406722838.78436226
2021-01-04,09989.HK,10.243345276501,10.502889498034,10.191436432194,10.450980653727,535113,5536901.415751047
2021-01-04,09988.HK,211.58198605427,215.15854987548,210.26430464646,214.2173488699,27907724,5941545159.223649
2021-01-05,09989.HK,10.31255706891,10.381768861319,10.139527587888,10.260648224603,706500,7267484.769933467
2021-01-05,09988.HK,207.06422122749,211.01726545093,206.31126042303,209.88782424423,35061260,7309432036.907899
2021-01-05,09992.HK,74.635229074085,78.079931954428,73.774053354,77.505814807704,3059244,232718287.82454988
2021-01-06,09989.HK,10.260648224603,10.277951172705,10.122224639786,10.208739380297,1188000,12158816.2373106
2021-01-06,09988.HK,214.59382927213,218.92335389779,214.40558907101,216.47623128329,31462508,6781272614.3926935
2021-01-06,09992.HK,79.419538630116,83.964632708346,74.539542882965,76.548952896498,6657448,519176060.98843664
2021-01-07,09989.HK,10.208739380297,10.208739380297,9.9318922106614,9.9491951587636,1051000,10592994.600276344
2021-01-07,09988.HK,208.00542223307,208.75838303754,203.67589760741,208.00542223307,47362360,9851627689.754665
2021-01-07,09992.HK,76.97954075654,77.984245763307,72.912877633914,73.439151685077,3926274,295292500.6237587
2021-01-08,09988.HK,210.26430464646,213.0879076632,206.68774082526,211.01726545093,29880895,6294135180.757626
2021-01-08,09989.HK,9.8799833663548,10.070315795479,9.8453774701504,9.9145892625592,906500,8971890.04405527
2021-01-08,09992.HK,73.486994780638,77.410128616583,73.486994780638,75.974835749774,2796580,208990983.01236978
2021-01-11,09992.HK,75.592090985291,75.639934080852,70.80778142926,71.764643340467,5278040,388877369.0203619
2021-01-11,09988.HK,213.84086846766,216.85271168552,207.06422122749,208.00542223307,49219037,10381434095.155993
2021-01-11,09989.HK,10.035709899275,10.174133484092,9.8626804182526,9.9664981068658,780500,7805861.674396446
2021-01-12,09988.HK,208.00542223307,208.00542223307,204.42885841187,207.06422122749,36773693,7631821821.119045
2021-01-12,09989.HK,10.381768861319,10.935463200589,10.174133484092,10.191436432194,3885000,39963451.282649
2021-01-12,09992.HK,72.721505251673,73.917582640681,69.659547135813,71.860329531587,5101476,368790380.091383
2021-01-13,09989.HK,10.208739380297,10.347162965114,10.035709899275,10.122224639786,1061500,10790659.153659053
2021-01-13,09992.HK,72.912877633914,74.587385978525,70.233664282537,72.434446678311,3622879,263287884.4784747
2021-01-13,09988.HK,208.57014283642,212.33494685874,208.00542223307,210.64078504869,25521304,5349404765.3389845
2021-01-14,09989.HK,10.087618743581,10.537495394238,10.087618743581,10.450980653727,1211500,12441256.58491932
2021-01-14,09992.HK,72.721505251673,75.113660029688,71.477584767105,75.113660029688,4753735,351384599.71439534
2021-01-14,09988.HK,218.17039309333,221.55871671342,215.91151067994,221.18223631118,56102214,12324327618.157257
2021-01-15,09989.HK,10.31255706891,10.485586549932,10.035709899275,10.070315795479,1274500,12988985.73283189
2021-01-15,09992.HK,75.592090985291,76.070521940895,71.764643340467,72.817191442793,4240839,314689936.44151664
2021-01-15,09988.HK,224.00583932792,229.84128556252,222.31167751788,226.82944234466,56724043,12786599951.75627
2021-01-18,09992.HK,72.673662156112,72.817191442793,71.238369289303,71.764643340467,2246496,162240037.77242136
2021-01-18,09988.HK,224.57055993127,229.27656495917,222.68815792011,227.77064335024,28459710,6436749733.221412
2021-01-18,09989.HK,10.104921691683,10.347162965114,10.035709899275,10.208739380297,1039500,10558025.342161605
2021-01-19,09989.HK,10.364465913216,10.658616030954,10.243345276501,10.624010134749,2330500,24456821.714891218
2021-01-19,09988.HK,230.59424636698,234.17081018818,227.95888355136,229.84128556252,35728468,8225328084.30306
2021-01-19,09992.HK,71.860329531587,75.592090985291,71.286212384863,73.152093111716,5500028,398786192.4430003
2021-01-20,09988.HK,230.7824865681,254.12427150647,230.02952576363,249.41826647857,105283224,25278541723.99062
2021-01-20,09992.HK,74.635229074085,83.534044848303,73.486994780638,81.094046974727,10048443,782418376.9038762
2021-01-20,09989.HK,10.814342563874,10.814342563874,10.537495394238,10.727827823363,1557000,16770579.646464005
2021-01-21,09988.HK,244.33578104844,247.15938406518,240.19449662389,243.39458004286,52014003,12684404232.49698
2021-01-21,09992.HK,82.433653650416,84.68227914175,79.419538630116,79.563067916797,4512399,365496922.2015852
2021-01-21,09989.HK,10.883554356282,10.918160252487,10.606707186647,10.658616030954,939000,10114048.996807301
2021-01-22,09988.HK,237.55913380827,238.50033481385,232.66488857925,235.86497199823,39959960,9459004165.531754
2021-01-22,09989.HK,10.658616030954,11.091189733509,10.589404238545,10.831645511976,2255600,24236716.968116455
2021-01-22,09992.HK,80.376400541322,81.333262452529,74.730915265206,76.644639087618,4289041,336734838.41557425
2021-01-25,09992.HK,76.644639087618,81.189733165848,73.726210258439,78.079931954428,4895518,378728461.28930753
2021-01-25,09988.HK,237.74737400938,247.3476242663,236.24145240046,242.82985943951,47792619,11484022309.148426
2021-01-25,09989.HK,10.831645511976,11.004674992998,10.46828360183,10.848948460078,2249500,24385248.070067734
2021-01-26,09988.HK,240.38273682501,240.94745742835,237.37089360715,238.50033481385,33317774,7977658976.644673
2021-01-26,09992.HK,78.079931954428,78.701892196712,74.730915265206,77.505814807704,3690826,287119959.6895463
2021-01-26,09989.HK,10.848948460078,10.848948460078,10.277951172705,10.329860017012,1242500,13157334.766392164
2021-01-27,09988.HK,246.40642326072,247.72410466853,240.19449662389,244.71226145067,34684877,8517195585.808171
2021-01-27,09992.HK,78.46267671891,80.376400541322,73.86973954512,73.86973954512,4093262,311768245.43086797
2021-01-27,09989.HK,10.329860017012,10.381768861319,10.139527587888,10.226042328399,1358912,13966831.184003577
2021-01-28,09992.HK,72.912877633914,73.86973954512,69.659547135813,69.659547135813,5522968,393711469.84280473
2021-01-28,09988.HK,237.9356142105,242.45337903728,235.67673179711,236.8061730038,34740164,8246303772.738943
2021-01-28,09989.HK,10.226042328399,10.226042328399,9.9491951587636,10.070315795479,1439000,14603229.670130221
2021-01-29,09992.HK,71.190526193743,73.199936207276,69.659547135813,70.80778142926,2790982,198157360.3031321
2021-01-29,09988.HK,236.8061730038,239.0650554172,227.77064335024,232.28840817702,34866053,8177738264.731636
2021-01-29,09989.HK,10.104921691683,10.31255706891,10.053012847377,10.070315795479,1822776,18387469.342949603
2021-02-01,09988.HK,231.53544737256,237.18265340604,230.59424636698,236.42969260157,27611659,6460646934.426474
2021-02-01,09989.HK,10.070315795479,10.727827823363,10.070315795479,10.675918979056,4496500,46642722.331848316
2021-02-01,09992.HK,70.425036664778,74.635229074085,69.372488562451,73.439151685077,1991022,143218382.0083525
2021-02-02,09989.HK,10.745130771465,10.762433719567,10.433677705625,10.450980653727,753640,7987118.70724085
2021-02-02,09988.HK,244.71226145067,246.02994285848,240.75921722724,244.71226145067,35793652,8759145526.498297
2021-02-02,09992.HK,74.635229074085,77.218756234342,73.917582640681,76.548952896498,2150999,162598512.117271
2021-02-03,09989.HK,10.502889498034,10.727827823363,10.295254120808,10.624010134749,1760500,18596953.401757237
2021-02-03,09988.HK,235.11201119376,250.35946748415,232.66488857925,245.65346245625,58494910,14061166556.132353
2021-02-03,09992.HK,77.505814807704,77.553657903264,75.592090985291,76.548952896498,1497424,115342653.23734848
2021-02-04,09992.HK,76.548952896498,76.548952896498,73.82189644956,75.44856169861,1553509,118064753.4505658
2021-02-04,09988.HK,245.46522225514,251.67714889196,242.26513883617,246.78290366295,72252607,17783105194.223133
2021-02-04,09989.HK,10.745130771465,10.762433719567,10.329860017012,10.433677705625,955500,10118175.749929748
2021-02-05,09992.HK,75.592090985291,78.46267671891,75.592090985291,76.548952896498,2888667,219742406.40343788
2021-02-05,09988.HK,244.52402124956,246.02994285848,241.32393783059,242.82985943951,30738742,7490322600.600053
2021-02-05,09989.HK,10.433677705625,10.433677705625,10.174133484092,10.174133484092,1233500,12709867.551257959
2021-02-08,09992.HK,76.596795992058,77.984245763307,75.974835749774,76.453266705377,1636200,125210256.29277158
2021-02-08,09988.HK,244.33578104844,246.97114386406,240.38273682501,241.32393783059,14861452,3608804300.2270994
2021-02-08,09989.HK,10.15683053599,10.226042328399,10.00110400307,10.226042328399,887000,9039804.115356522
2021-02-09,09992.HK,76.548952896498,77.266599329902,74.635229074085,75.30503241193,1905526,144680858.60441378
2021-02-09,09989.HK,9.9491951587636,10.260648224603,9.9491951587636,10.070315795479,456000,4564448.497567313
2021-02-09,09988.HK,240.75921722724,242.26513883617,238.12385441162,240.38273682501,21534617,5180603851.5734005
2021-02-10,09988.HK,243.39458004286,247.53586446741,242.26513883617,246.59466346183,28952395,7093181061.849485
2021-02-10,09992.HK,76.261894323136,84.012475803906,76.070521940895,83.438358657182,7667808,612275438.7022531
2021-02-10,09989.HK,10.053012847377,10.15683053599,9.9664981068658,10.139527587888,585500,5911366.212423829
2021-02-11,09992.HK,84.203848186147,93.054820864805,84.203848186147,90.71050918235,5287978,462471636.82437503
2021-02-11,09989.HK,10.018406951172,10.277951172705,10.018406951172,10.260648224603,99500,1008882.9949948062
2021-02-11,09988.HK,245.65346245625,246.59466346183,242.45337903728,245.65346245625,13576585,3335135113.581587
2021-02-16,09989.HK,10.174133484092,10.641313082852,10.174133484092,10.554798342341,1137500,11789579.976283768
2021-02-16,09992.HK,90.471293704548,93.77246729821,86.16541510412,87.026590824206,5974146,530199138.43295884
2021-02-16,09988.HK,249.23002627745,250.35946748415,247.72410466853,248.66530567411,35490449,8835264442.982456
2021-02-17,09989.HK,10.433677705625,10.727827823363,10.416374757523,10.658616030954,621000,6549157.20520778
2021-02-17,09992.HK,87.265806302007,102.95834164579,87.265806302007,100.47050067665,6910704,648695023.7913165
2021-02-17,09988.HK,247.91234486964,253.55955090312,246.78290366295,251.30066848973,36931302,9218293279.352465
2021-02-18,09992.HK,100.47050067665,102.38422449907,93.102663960365,93.77246729821,4593850,446161529.21565527
2021-02-18,09989.HK,10.727827823363,12.458122633582,10.46828360183,11.766004709494,13852500,155797907.58070078
2021-02-18,09988.HK,247.91234486964,248.28882527187,244.71226145067,245.0887418529,29507989,7273735321.998378
2021-02-19,09989.HK,12.077457775334,12.700363907013,12.04285187913,12.631152114604,10692900,132103347.34605902
2021-02-19,09992.HK,92.097958953599,96.643053031828,88.653256073256,95.112073973898,3307278,309577811.6401932
2021-02-19,09988.HK,240.94745742835,242.82985943951,237.55913380827,241.88865843393,27537542,6648059909.837201
2021-02-22,09988.HK,240.94745742835,241.32393783059,235.11201119376,235.86497199823,30923499,7372354342.280209
2021-02-22,09992.HK,98.652463045361,99.609324956568,91.284626329073,94.729329209416,3802504,367667519.28797925
2021-02-22,09989.HK,12.406213789276,12.527334425991,11.88712534621,11.921731242414,4830500,58758069.23778927
2021-02-23,09992.HK,90.901881564591,93.724624202649,90.136392035626,90.232078226747,2585204,234134118.69420305
2021-02-23,09989.HK,11.921731242414,12.025548931027,11.523763436064,12.025548931027,2738000,32783826.55744073
2021-02-23,09988.HK,231.91192777479,234.17081018818,228.90008455694,233.04136898149,24370829,5665648644.116777
2021-02-24,09992.HK,90.997567755712,95.207760165019,84.203848186147,86.021885817439,5295859,468735033.1902269
2021-02-24,09989.HK,12.094760723436,12.094760723436,11.195007422122,11.489157539859,3261000,38453578.7283025
2021-02-24,09988.HK,233.04136898149,234.17081018818,225.88824133908,228.52360415471,31209824,7202680788.072765
2021-02-25,09989.HK,11.489157539859,11.817913553801,11.41994574745,11.471854591757,1618500,18581199.06751025
2021-02-25,09988.HK,229.08832475805,234.17081018818,225.13528053462,229.08832475805,27601154,6323102131.248951
2021-02-25,09992.HK,89.083843933299,95.39913254726,86.11757200856,92.28933133584,3495719,317014827.4393296
2021-02-26,09992.HK,87.552864875369,90.040705844505,84.969337715112,86.021885817439,6354600,551499055.3762589
2021-02-26,09988.HK,219.11159409891,220.61751570784,217.22919208775,218.73511369668,42971525,9407470375.102945
2021-02-26,09989.HK,11.229613318326,11.679489968983,10.918160252487,11.091189733509,2140000,23883259.26546345
2021-03-01,09989.HK,11.246916266428,11.506460487961,10.970069096793,10.987372044895,1297500,14424494.541970795
2021-03-01,09988.HK,220.99399611007,222.68815792011,218.73511369668,220.80575590895,25781049,5695030527.495102
2021-03-01,09992.HK,89.036000837739,93.724624202649,87.600707970929,93.246193247046,3692196,336510793.9355334
2021-03-02,09988.HK,220.80575590895,221.55871671342,215.53503027771,215.91151067994,28438280,6209743954.044749
2021-03-02,09989.HK,11.0219779411,11.229613318326,10.918160252487,11.0219779411,1182000,13027977.926380198
2021-03-02,09992.HK,93.77246729821,95.590504929501,87.122277015326,88.988157742178,2309600,211051969.79664007
2021-03-03,09992.HK,88.988157742178,90.71050918235,86.596002964163,90.279921322307,1861588,166861652.38474825
2021-03-03,09988.HK,216.09975088106,220.24103530561,214.02910866878,218.73511369668,18744515,4075384320.800208
2021-03-03,09989.HK,11.039280889202,11.039280889202,10.831645511976,10.987372044895,853500,9399874.139625896
2021-03-04,09992.HK,87.552864875369,88.079138926533,79.897969585719,79.99365577684,3859799,323347946.43343776
2021-03-04,09988.HK,217.41743228887,217.60567248998,213.65262826655,213.84086846766,17756272,3828769845.245376
2021-03-04,09989.HK,10.987372044895,10.987372044895,10.381768861319,10.416374757523,1890500,20231891.664985612
2021-03-05,09992.HK,74.635229074085,77.123070043221,70.80778142926,71.477584767105,8010470,585216155.9452187
2021-03-05,09989.HK,10.295254120808,10.537495394238,10.208739380297,10.329860017012,874500,9018331.156761795
2021-03-05,09988.HK,210.64078504869,216.28799108217,208.19366243419,213.65262826655,26560051,5634627348.308427
2021-03-08,09989.HK,10.364465913216,10.537495394238,9.9491951587636,9.9664981068658,1747000,17759097.071541455
2021-03-08,09988.HK,215.34679007659,217.98215289221,207.25246142861,207.62894183084,24540546,5190027702.878977
2021-03-08,09992.HK,73.678367162879,74.730915265206,64.109748050817,65.449354726505,8230856,572570122.2397839
2021-03-09,09992.HK,63.152886139611,64.923080675342,55.35446156328,58.368576583579,12338170,749676232.8636906
2021-03-09,09989.HK,9.983801054968,10.15683053599,9.8799833663548,10.035709899275,1120251,11213438.583000837
2021-03-09,09988.HK,210.82902524981,216.47623128329,205.74653981968,210.82902524981,35249748,7431670011.141439
2021-03-10,09992.HK,63.631317095214,64.109748050817,57.363871576813,60.234457310432,10658502,660111802.1170633
2021-03-10,09988.HK,217.41743228887,217.98215289221,214.59382927213,214.97030967436,30292760,6549109047.117028
2021-03-10,09989.HK,10.070315795479,10.191436432194,9.8453774701504,9.9491951587636,1423362,14247505.575426327
2021-03-11,09989.HK,9.983801054968,10.208739380297,9.9318922106614,10.104921691683,1388700,13948604.639137123
2021-03-11,09988.HK,215.53503027771,216.85271168552,213.0879076632,214.2173488699,29228815,6280576392.957675
2021-03-11,09992.HK,60.234457310432,65.449354726505,58.368576583579,64.58817900642,6698422,418057346.6014002
2021-03-12,09992.HK,66.645432115513,68.702685224607,62.196024228404,62.339553515085,4691600,302572979.2922568
2021-03-12,09989.HK,10.104921691683,10.174133484092,9.8626804182526,9.9664981068658,1252500,12569726.648841185
2021-03-12,09988.HK,219.29983430003,220.61751570784,212.52318705985,212.71142726097,34231547,7394206902.327332
2021-03-15,09988.HK,213.65262826655,214.40558907101,206.49950062414,208.3819026353,33908103,7155195171.688307
2021-03-15,09989.HK,9.983801054968,10.122224639786,9.8280745220482,9.9318922106614,1154500,11496333.937584572
2021-03-15,09992.HK,65.592884013186,71.286212384863,60.760731361595,62.865827566249,12555284,806417803.0769476
2021-03-16,09992.HK,64.63602210198,66.884647593315,62.674455184007,66.023471873229,5128594,335049748.4221465
2021-03-16,09988.HK,209.32310364088,209.511343842,207.62894183084,208.3819026353,20868000,4358334035.485662
2021-03-16,09989.HK,9.9318922106614,10.087618743581,9.8626804182526,10.035709899275,1386500,13842540.16271341
2021-03-17,09992.HK,66.023471873229,69.372488562451,64.157591146377,67.985038791202,4969570,332982337.17131823
2021-03-17,09988.HK,208.00542223307,210.26430464646,206.49950062414,209.511343842,18718973,3907742535.603276
2021-03-17,09989.HK,10.053012847377,10.053012847377,9.9145892625592,10.018406951172,840500,8435014.170340218
2021-03-18,09992.HK,68.415626651245,70.80778142926,66.980333784435,67.028176879996,4412936,298852418.2899703
2021-03-18,09988.HK,213.27614786432,224.57055993127,213.0879076632,219.86455490337,58621778,12695739060.205753
2021-03-18,09989.HK,10.070315795479,10.15683053599,10.00110400307,10.122224639786,1365500,13786456.98217718
2021-03-19,09988.HK,218.35863329445,220.80575590895,216.09975088106,220.80575590895,44914799,9862490134.51424
2021-03-19,09989.HK,10.104921691683,10.606707186647,10.053012847377,10.606707186647,2072000,21457247.51794988
2021-03-19,09992.HK,66.023471873229,67.363078548918,63.679160190774,65.640727108747,5018460,330375758.01154363
2021-03-22,09989.HK,10.46828360183,10.606707186647,10.399071809421,10.433677705625,564000,5894353.08870231
2021-03-22,09992.HK,65.018766866463,65.066609962023,57.890145627976,59.229752303665,11368688,706271324.4536021
2021-03-22,09988.HK,218.73511369668,220.61751570784,217.04095188664,217.60567248998,14508251,3165270823.7666984
2021-03-23,09992.HK,59.229752303665,59.229752303665,50.80936748505,51.861915587377,15274828,848453059.6343946
2021-03-23,09989.HK,10.433677705625,10.433677705625,10.087618743581,10.226042328399,706500,7298046.1020189775
2021-03-23,09988.HK,217.7939126911,219.11159409891,214.59382927213,216.47623128329,26218754,5693011037.204556
2021-03-24,09989.HK,10.122224639786,10.122224639786,9.9664981068658,10.070315795479,692000,6986618.9906016905
2021-03-24,09988.HK,218.92335389779,219.86455490337,214.97030967436,216.47623128329,15811948,3442257800.052404
2021-03-24,09992.HK,54.445442747634,54.541128938755,46.07290102458,48.847800567078,12116265,625764154.3552644
2021-03-25,09988.HK,205.74653981968,209.13486343977,202.54645640071,208.00542223307,30783245,6368314008.550253
2021-03-25,09992.HK,46.886233649105,52.483875829661,44.63760815777,51.814072491817,7435520,366944050.1584742
2021-03-25,09989.HK,10.053012847377,10.053012847377,9.8799833663548,9.9664981068658,514000,5145014.315240399
2021-03-26,09988.HK,204.99357901522,205.74653981968,201.41701519402,203.29941720517,32976932,6732125186.218029
2021-03-26,09989.HK,9.9664981068658,10.087618743581,9.9491951587636,10.035709899275,486500,4865537.097493749
2021-03-26,09992.HK,52.34034654298,54.254070365393,49.326231522681,51.287798440653,9675318,501317628.23337704
2021-03-29,09989.HK,10.00110400307,10.122224639786,9.9318922106614,9.9491951587636,722708,7209120.403325218
2021-03-29,09988.HK,203.29941720517,204.8053388141,201.79349559625,203.48765740629,25704513,5228131823.7911215
2021-03-29,09992.HK,51.622700109576,57.172499194572,51.239955345093,53.967011792031,7906669,417431450.9056836
2021-03-30,09989.HK,10.035709899275,10.174133484092,9.9318922106614,10.070315795479,509000,5116983.539314894
2021-03-30,09988.HK,211.20550565204,211.95846645651,207.81718203196,208.57014283642,33848578,7104404390.181109
2021-03-30,09992.HK,55.4501477544,58.320733488019,54.062697983151,57.890145627976,6969662,394971767.9279987
2021-03-31,09989.HK,10.122224639786,10.139527587888,9.9145892625592,10.00110400307,544000,5473545.390856831
2021-03-31,09988.HK,210.82902524981,211.01726545093,206.87598102638,207.06422122749,19946806,4167817758.096443
2021-03-31,09992.HK,58.177204201338,60.569358979354,55.210932276599,56.789754430089,5654260,325026537.7556662
2021-04-01,09989.HK,9.9664981068658,10.087618743581,9.9491951587636,10.035709899275,493500,4935544.825515241
2021-04-01,09992.HK,56.789754430089,61.908965655042,56.502695856727,61.765436368362,4442782,263357433.84296188
2021-04-01,09988.HK,209.88782424423,212.89966746209,207.62894183084,212.33494685874,23025316,4860906363.520777
2021-04-07,09988.HK,211.01726545093,212.33494685874,208.3819026353,208.94662323865,24885227,5225448350.921466
2021-04-07,09992.HK,62.100338037284,62.865827566249,57.746616341295,58.081518010218,4337800,260662427.58142707
2021-04-07,09989.HK,10.035709899275,10.122224639786,9.9318922106614,10.00110400307,434420,4352196.347728358
2021-04-08,09992.HK,58.177204201338,61.143476126077,57.890145627976,60.521515883793,3306818,196257532.07723635
2021-04-08,09988.HK,208.75838303754,211.77022625539,207.81718203196,209.88782424423,25337633,5303751978.473708
2021-04-08,09989.HK,9.9491951587636,10.087618743581,9.897286314457,10.053012847377,699000,6990771.698146139
2021-04-09,09992.HK,60.521515883793,60.521515883793,55.593677041081,56.93328371677,5003549,293845422.5432987
2021-04-09,09988.HK,209.88782424423,209.88782424423,204.05237800964,205.18181921633,22699587,4710954741.395981
2021-04-09,09989.HK,10.139527587888,10.139527587888,9.9145892625592,9.9491951587636,600500,6031639.004682142
2021-04-12,09992.HK,56.93328371677,57.220342290132,54.158384174272,55.593677041081,3214400,180853331.33001813
2021-04-12,09989.HK,9.9664981068658,10.035709899275,9.8626804182526,9.8626804182526,1444500,14321624.189766765
2021-04-12,09988.HK,216.47623128329,223.62935892569,213.27614786432,218.54687349556,77835113,16930036259.036314
2021-04-13,09989.HK,9.8626804182526,9.9491951587636,9.6896509372307,9.7242568334351,742000,7266753.720376137
2021-04-13,09988.HK,225.88824133908,227.39416294801,218.73511369668,219.48807450114,35951883,8006058599.029318
2021-04-13,09992.HK,55.40230465884,57.411714672373,54.541128938755,57.172499194572,1938600,109118757.37511225
2021-04-14,09992.HK,57.411714672373,59.325438494786,57.411714672373,58.847007539183,2668352,155109596.96532494
2021-04-14,09988.HK,222.68815792011,224.00583932792,221.18223631118,223.81759912681,21526494,4805851750.01799
2021-04-14,09989.HK,9.7242568334351,9.897286314457,9.7069538853329,9.8453774701504,439500,4300427.138212914
2021-04-15,09989.HK,9.8453774701504,9.9145892625592,9.7588627296395,9.897286314457,403500,3983082.4185445434
2021-04-15,09992.HK,58.847007539183,60.665045170474,57.842302532416,59.277595399225,1747150,103190700.01191977
2021-04-15,09988.HK,220.24103530561,220.99399611007,217.04095188664,220.05279510449,20324396,4474353082.805858
2021-04-16,09992.HK,59.564653972587,65.401511630945,59.086223016984,65.018766866463,7356202,458230404.7715307
2021-04-16,09988.HK,218.35863329445,223.44111872458,217.98215289221,221.74695691453,31491743,6929846069.862256
2021-04-16,09989.HK,9.897286314457,9.983801054968,9.8626804182526,9.8799833663548,259000,2561156.4236651277
2021-04-19,09989.HK,9.8626804182526,10.070315795479,9.8626804182526,10.00110400307,716500,7116200.768938821
2021-04-19,09992.HK,64.875237579782,66.023471873229,62.052494941723,65.545040917626,2800900,182647079.02169502
2021-04-19,09988.HK,218.35863329445,220.61751570784,217.60567248998,218.35863329445,24351578,5317377290.643196
2021-04-20,09992.HK,65.545040917626,65.832099490988,63.10504304405,64.68386519754,2106618,137171278.8712594
2021-04-20,09989.HK,10.00110400307,10.018406951172,9.8626804182526,9.9145892625592,804500,8011087.616099346
2021-04-20,09988.HK,214.97030967436,215.15854987548,211.95846645651,214.78206947324,19985710,4294453210.72699
2021-04-21,09989.HK,9.9491951587636,9.9491951587636,9.7934686258438,9.8799833663548,359500,3564294.8398900325
2021-04-21,09992.HK,63.200729235171,64.061904955256,61.813279463922,63.05719994849,1411500,89106533.52136876
2021-04-21,09988.HK,208.94662323865,209.69958404311,207.25246142861,208.75838303754,21338590,4456617934.937523
2021-04-22,09989.HK,9.9491951587636,10.035709899275,9.8453774701504,9.8453774701504,664500,6576746.755956676
2021-04-22,09988.HK,208.75838303754,211.20550565204,207.62894183084,208.3819026353,15020535,3132835130.429446
2021-04-22,09992.HK,63.727003286334,64.54033591086,62.052494941723,63.296415426291,2242039,142395729.33351752
2021-04-23,09988.HK,210.45254484758,213.27614786432,209.69958404311,211.20550565204,16197504,3414903979.7998986
2021-04-23,09992.HK,63.392101617412,67.7458233134,63.392101617412,65.592884013186,2747600,177199573.25931555
2021-04-23,09989.HK,9.8626804182526,10.00110400307,9.8453774701504,9.8626804182526,1078000,10631969.490876302
2021-04-26,09989.HK,9.8799833663548,10.295254120808,9.8799833663548,10.122224639786,3091000,30913412.473490603
2021-04-26,09992.HK,67.028176879996,67.410921644478,63.631317095214,65.832099490988,2974900,197623018.08802015
2021-04-26,09988.HK,212.71142726097,214.40558907101,211.20550565204,211.39374585316,14207473,3012731398.089664
2021-04-27,09989.HK,10.122224639786,10.243345276501,10.053012847377,10.174133484092,1043500,10589624.851133347
2021-04-27,09988.HK,212.71142726097,215.15854987548,212.14670665762,213.0879076632,14100733,3002041366.6716485
2021-04-27,09992.HK,65.832099490988,67.7458233134,65.592884013186,66.645432115513,1944300,128788032.35125995
2021-04-28,09989.HK,10.174133484092,10.31255706891,10.122224639786,10.277951172705,1019500,10425450.15380227
2021-04-28,09988.HK,215.34679007659,218.35863329445,213.65262826655,217.98215289221,27538276,5966566015.1315365
2021-04-28,09992.HK,66.645432115513,66.645432115513,62.530925897326,63.822689477455,6724816,438687055.78916836
2021-04-29,09988.HK,220.05279510449,220.05279510449,216.85271168552,217.7939126911,13445304,2943491045.855438
2021-04-29,09989.HK,9.9145892625592,10.087618743581,9.4128037675955,9.5166214562087,2482000,24114132.501990963
2021-04-29,09992.HK,64.157591146377,64.827394484221,59.325438494786,60.186614214871,4862819,302331682.1852893
2021-04-30,09989.HK,9.4993185081065,9.8626804182526,9.1705624941647,9.6896509372307,1835000,17605879.46609688
2021-04-30,09988.HK,213.65262826655,214.02910866878,210.26430464646,211.77022625539,18390472,3911863547.1229057
2021-04-30,09992.HK,60.186614214871,61.956808750603,58.607792061381,61.52622089056,2511118,152817645.53213984
2021-05-03,09988.HK,211.77022625539,213.46438806543,209.32310364088,210.64078504869,10743054,2268992152.317171
2021-05-03,09992.HK,61.669750177241,62.387396610646,60.473672788233,61.621907081681,1657800,102196454.70192045
2021-05-03,09989.HK,9.5339244043109,9.5339244043109,9.3781978713911,9.5339244043109,338500,3227233.4108592398
2021-05-04,09989.HK,9.5339244043109,9.6031361967197,9.3435919751867,9.3781978713911,352000,3328533.520523552
2021-05-04,09988.HK,210.26430464646,212.33494685874,209.88782424423,211.95846645651,8757722,1848854825.6947224
2021-05-04,09992.HK,61.430534699439,62.339553515085,60.760731361595,61.813279463922,500800,30860251.066505596
2021-05-05,09988.HK,208.57014283642,209.511343842,206.49950062414,207.06422122749,15431071,3206841690.955022
2021-05-05,09989.HK,9.2743801827779,9.3781978713911,9.2743801827779,9.3435919751867,250000,2327246.5197455753
2021-05-05,09992.HK,61.621907081681,62.052494941723,59.325438494786,61.52622089056,638000,39284252.823144875
2021-05-06,09989.HK,9.4301067156977,9.6031361967197,9.1532595460625,9.2224713384713,1233500,11503977.51490873
2021-05-06,09988.HK,207.81718203196,209.69958404311,206.68774082526,208.57014283642,11577986,2410463308.951778
2021-05-06,09992.HK,61.334848508319,62.004651846163,57.842302532416,60.282300405992,2496197,151790181.1342282
2021-05-07,09992.HK,60.569358979354,62.435239706206,57.650930150175,58.655635156941,3026967,180445061.41287926
2021-05-07,09988.HK,208.00542223307,209.32310364088,206.12302022191,206.87598102638,15513681,3218168871.499734
2021-05-07,09989.HK,9.3435919751867,9.6204391448219,9.2570772346757,9.3955008194933,764500,7163018.220766429
2021-05-10,09992.HK,58.033674914657,59.277595399225,55.019559894358,57.028969907891,3430437,197357577.05856356
2021-05-10,09989.HK,9.5166214562087,9.7934686258438,9.4474096637999,9.4820155600043,587000,5576099.964258515
2021-05-10,09988.HK,206.87598102638,208.19366243419,200.47581418844,202.54645640071,22333260,4571868872.446466
2021-05-11,09989.HK,9.4820155600043,9.6031361967197,9.2570772346757,9.2743801827779,781560,7329624.328364428
2021-05-11,09992.HK,55.497990849961,56.598382047848,54.588972034315,55.019559894358,3539500,195588435.42975855
2021-05-11,09988.HK,198.21693177504,198.96989257951,194.82860815496,195.39332875831,24014630,4726202385.456001
2021-05-12,09989.HK,9.3955008194933,9.3955008194933,9.1532595460625,9.1705624941647,1429000,13265452.23760864
2021-05-12,09992.HK,55.067402989918,55.832892518883,53.105836071945,54.828187512116,1950100,107153695.51900825
2021-05-12,09988.HK,202.35821619959,207.81718203196,201.41701519402,207.25246142861,31199699,6389864924.5929365
2021-05-13,09989.HK,9.1705624941647,9.2570772346757,8.9975330131428,8.9975330131428,1373000,12472397.565766597
2021-05-13,09992.HK,54.541128938755,55.832892518883,52.627405116342,54.301913460953,1786700,97234931.92777914
2021-05-13,09988.HK,203.11117700406,205.18181921633,200.66405438955,200.66405438955,18348468,3704328456.209124
2021-05-14,09992.HK,54.923873703237,55.019559894358,52.627405116342,52.914463689704,1373830,74075771.53027207
2021-05-14,09989.HK,9.0840477536537,9.1705624941647,8.8937153245296,8.9802300650406,1291500,11665007.401421845
2021-05-14,09988.HK,190.12260312706,193.13444634492,188.42844131702,192.56972574157,52690766,10082175975.206015
2021-05-17,09988.HK,192.56972574157,196.522769965,191.25204433376,193.32268654603,27817583,5367297103.940267
2021-05-17,09989.HK,9.0321389093472,9.1359565979603,8.9975330131428,9.1359565979603,471000,4278586.491970916
2021-05-17,09992.HK,52.24466035186,57.411714672373,52.24466035186,56.072107996685,2485444,134607630.99564055
2021-05-18,09988.HK,195.01684835607,196.33452976389,194.45212775273,195.39332875831,18530861,3617318362.545978
2021-05-18,09989.HK,9.1359565979603,9.1878654422669,9.1186536498581,9.1186536498581,267000,2436990.468083756
2021-05-18,09992.HK,58.655635156941,61.621907081681,57.363871576813,58.559948965821,3860600,226261242.0321675
2021-05-20,09989.HK,9.1359565979603,9.3089860789823,9.1359565979603,9.2743801827779,574920,5292235.410991003
2021-05-20,09988.HK,194.82860815496,195.76980916054,192.38148554045,193.88740714938,30886478,6003034327.47258
2021-05-20,09992.HK,57.411714672373,60.712888266035,57.124656099011,60.377986597112,3005735,177022313.87261775
2021-05-21,09989.HK,9.2743801827779,9.3781978713911,9.2570772346757,9.3435919751867,417000,3881847.1949356194
2021-05-21,09988.HK,197.84045137281,198.21693177504,193.88740714938,195.76980916054,38645780,7605687767.157264
2021-05-21,09992.HK,61.143476126077,65.736413299867,61.047789934957,62.674455184007,4761800,294798112.65617895
2021-05-24,09989.HK,9.3435919751867,9.3608949232889,9.1878654422669,9.3608949232889,465500,4353469.325620196
2021-05-24,09988.HK,193.88740714938,193.88740714938,192.00500513822,192.9462061438,17159113,3318860841.347989
2021-05-24,09992.HK,63.631317095214,63.727003286334,59.086223016984,61.430534699439,1999423,125025771.45041023
2021-05-25,09989.HK,9.3262890270845,9.4128037675955,9.2397742865735,9.3608949232889,402000,3756123.974025053
2021-05-25,09992.HK,61.430534699439,63.631317095214,60.856417552716,62.052494941723,2309681,142603203.69231436
2021-05-25,09988.HK,191.62852473599,194.82860815496,191.44028453487,193.88740714938,23472797,4524568604.705559
2021-05-26,09988.HK,195.58156895942,196.33452976389,194.26388755161,194.82860815496,16688924,3257762887.3442135
2021-05-26,09989.HK,9.4128037675955,9.7069538853329,9.2916831308801,9.5858332486175,1133500,10767477.52893872
2021-05-26,09992.HK,62.052494941723,64.301120433058,61.765436368362,64.205434241937,2221020,140210692.93774626
2021-05-27,09989.HK,9.5512273524131,9.6896509372307,9.5512273524131,9.6550450410263,634500,6093189.9168186495
2021-05-27,09988.HK,193.32268654603,196.522769965,192.9462061438,196.522769965,31113636,6064754815.069009
2021-05-27,09992.HK,64.205434241937,64.875237579782,62.770141375128,63.966218764136,521600,33427167.103983838
2021-05-28,09989.HK,9.6902182470045,9.8309110709175,9.619871835048,9.6902182470045,556500,5392606.454458005
2021-05-28,09992.HK,63.966218764136,67.841509504521,62.817984470688,63.535630904093,3246234,206950419.72794685
2021-05-28,09988.HK,196.14628956277,197.08749056835,194.45212775273,195.20508855719,24377407,4770065912.22058
2021-05-31,09992.HK,63.535630904093,66.741118306634,62.196024228404,66.501902828832,2927200,190322934.37150902
2021-05-31,09989.HK,9.6902182470045,9.760564658961,9.4967656141242,9.7253914529827,549500,5334438.765071483
2021-05-31,09988.HK,196.14628956277,198.96989257951,195.58156895942,198.59341217728,21707496,4284405248.2816644
2021-06-01,09992.HK,66.501902828832,69.707390231373,64.157591146377,68.511312842365,4670150,315265984.58342034
2021-06-01,09988.HK,201.04053479178,206.68774082526,199.91109358509,205.37005941745,38847778,7894074270.344127
2021-06-01,09989.HK,9.7253914529827,9.760564658961,9.619871835048,9.6374584380371,287236,2780853.7756484817
2021-06-02,09988.HK,203.11117700406,203.11117700406,200.0993337862,201.79349559625,31538468,6385036529.927678
2021-06-02,09989.HK,9.7429780559719,10.200229733689,9.6902182470045,10.041950306787,1592500,15753749.208846772
2021-06-02,09992.HK,68.894057606848,74.252484309603,67.985038791202,70.7599383337,6778172,473299402.486168
2021-06-03,09988.HK,201.2287749929,201.2287749929,197.27573076947,198.40517197616,18209307,3638528613.9906664
2021-06-03,09989.HK,10.041950306787,10.112296718743,9.8309110709175,9.8660842768957,602500,5997295.418334413
2021-06-03,09992.HK,71.029476251684,71.365199637074,68.343689168568,70.741713349922,3163430,224241617.16070426
2021-06-04,09992.HK,70.693752866295,73.37953994941,69.063096422974,71.940725440598,2819700,201093219.24097311
2021-06-04,09989.HK,9.8660842768957,9.9891904978195,9.7957378649392,9.8309110709175,348500,3432201.43935645
2021-06-04,09988.HK,196.522769965,201.2287749929,196.33452976389,197.84045137281,39982639,7883841156.813378
2021-06-07,09992.HK,71.940725440598,72.420330276869,66.665072241621,68.103886750433,2919900,204458131.56829572
2021-06-07,09989.HK,9.8309110709175,9.9891904978195,9.6902182470045,9.9364306888522,446000,4408117.212428643
2021-06-07,09988.HK,199.15813278062,200.0993337862,196.71101016612,199.53461318286,23713310,4727162339.891624
2021-06-08,09992.HK,68.103886750433,69.015135939347,66.473230307113,67.000795627011,1612800,108948415.86917086
2021-06-08,09989.HK,9.9364306888522,9.9716038948304,9.6726316440154,9.7429780559719,708500,6971430.547853938
2021-06-08,09988.HK,199.34637298174,199.53461318286,196.522769965,197.84045137281,14131162,2806355679.609846
2021-06-09,09992.HK,66.281388372605,66.425269823486,64.07520612576,65.945664987215,3230000,213546691.17610928
2021-06-09,09989.HK,9.7429780559719,9.8484976739066,9.7429780559719,9.7957378649392,256500,2505840.316856849
2021-06-09,09988.HK,196.89925036723,198.02869157393,195.01684835607,195.76980916054,14721409,2890320913.4768248
2021-06-10,09992.HK,65.993625470842,67.528360946908,62.444549682439,62.828233551456,3291050,211979589.56766695
2021-06-10,09989.HK,9.7957378649392,9.918844085863,9.7429780559719,9.8309110709175,442078,4338254.854132829
2021-06-10,09988.HK,196.522769965,198.78165237839,193.88740714938,195.39332875831,15353710,3008683062.064536
2021-06-11,09989.HK,9.8309110709175,9.9540172918413,9.6550450410263,9.6726316440154,349000,3403368.203755791
2021-06-11,09988.HK,195.58156895942,195.76980916054,192.38148554045,193.13444634492,21751657,4227608717.653377
2021-06-11,09992.HK,63.499680322235,66.473230307113,63.403759354981,64.602771445657,4475002,286629363.9331101
2021-06-15,09988.HK,197.27573076947,197.27573076947,192.38148554045,194.26388755161,16521833,3234476093.3923116
2021-06-15,09989.HK,9.6726316440154,9.6726316440154,9.3736593932004,9.4791790111351,535000,5123109.350252759
2021-06-15,09992.HK,63.499680322235,64.458889994776,61.389419042644,61.916984362542,3920600,245854287.78156835
2021-06-16,09992.HK,62.156786780677,62.636391616948,58.607710992274,59.183236795799,3228400,195867066.05714756
2021-06-16,09989.HK,9.3560727902112,9.461592408146,9.2153799662983,9.2329665692874,410500,3815400.3285370874
2021-06-16,09988.HK,193.32268654603,193.32268654603,191.44028453487,191.44028453487,15362004,2955365150.398335
2021-06-17,09992.HK,58.751592443155,61.916984362542,58.319948090512,60.717972271865,10639000,635518349.5015489
2021-06-17,09989.HK,9.2329665692874,9.3384861872221,9.2329665692874,9.2505531722765,236000,2181055.3295045407
2021-06-17,09988.HK,190.12260312706,192.00500513822,189.3696423226,191.8167649371,12114454,2313493452.6011677
2021-06-18,09992.HK,60.717972271865,64.458889994776,60.238367435594,63.547640805862,9066238,563310811.6892928
2021-06-18,09989.HK,9.2505531722765,9.3560727902112,9.0746871423853,9.0746871423853,450456,4127357.225590648
2021-06-18,09988.HK,192.38148554045,195.39332875831,191.8167649371,194.82860815496,26572314,5144534096.821928
2021-06-21,09992.HK,63.068035969591,63.307838387727,60.909814206373,61.964944846169,2629348,164377609.02097845
2021-06-21,09989.HK,9.0746871423853,9.2153799662983,8.9691675244506,9.1098603483636,477486,4341433.421583865
2021-06-21,09988.HK,193.88740714938,195.39332875831,191.8167649371,193.32268654603,14510523,2809310485.199701
2021-06-22,09992.HK,62.444549682439,64.171127093014,60.909814206373,63.068035969591,4961100,311340244.33914304
2021-06-22,09988.HK,192.00500513822,192.38148554045,189.93436292595,191.06380413264,16162775,3095727486.881412
2021-06-22,09989.HK,9.3912459961895,9.3912459961895,9.1450335543418,9.2681397752657,357271,3333228.7069767853
2021-06-23,09988.HK,192.9462061438,195.39332875831,192.19324533934,195.01684835607,16558423,3212028182.3904505
2021-06-23,09989.HK,9.3033129812439,9.3912459961895,9.1626201573309,9.2681397752657,272000,2525717.5748853055
2021-06-23,09992.HK,63.307838387727,68.583491586704,61.581260977152,67.192637561519,5608640,365965094.71398956
2021-06-24,09988.HK,197.27573076947,200.0993337862,196.89925036723,197.84045137281,16482032,3256158778.8934436
2021-06-24,09992.HK,67.624281914162,68.295728684941,65.466060150944,67.912044815925,2627149,178037062.6163107
2021-06-24,09989.HK,9.2681397752657,9.461592408146,9.2681397752657,9.461592408146,286000,2678351.702227873
2021-06-25,09988.HK,200.28757398732,203.67589760741,198.78165237839,202.92293680294,29426102,5932456808.993146
2021-06-25,09992.HK,67.912044815925,69.830464161007,67.432439979654,69.254938357483,3550569,243510419.13951203
2021-06-25,09989.HK,9.461592408146,9.4967656141242,9.3736593932004,9.4264192021677,177500,1676311.030415341
2021-06-28,09988.HK,207.81718203196,211.77022625539,206.31126042303,208.94662323865,23248108,4844484977.711055
2021-06-28,09989.HK,9.4264192021677,9.4791790111351,9.3560727902112,9.4264192021677,113500,1069898.579446034
2021-06-28,09992.HK,70.022306095516,73.37953994941,69.254938357483,72.804014145886,2474474,176710007.9765115
2021-06-29,09988.HK,208.94662323865,209.69958404311,205.18181921633,206.49950062414,22735870,4722764532.074146
2021-06-29,09992.HK,72.660132695004,72.660132695004,69.494740775618,70.597831899041,1827088,130872454.00710225
2021-06-29,09989.HK,9.461592408146,9.461592408146,9.2153799662983,9.2857263782548,228000,2137194.341649691
2021-06-30,09992.HK,71.892764956971,74.962235909103,70.453950448159,73.859144785681,2466365,179738704.43621796
2021-06-30,09988.HK,208.94662323865,209.69958404311,207.06422122749,207.06422122749,17882516,3719660291.1696305
2021-06-30,09989.HK,9.2857263782548,9.3912459961895,9.1802067603201,9.2857263782548,276500,2567503.343587452
2021-07-02,09988.HK,203.48765740629,203.48765740629,198.21693177504,199.53461318286,27196447,5480386910.948739
2021-07-02,09992.HK,73.859144785681,74.098947203816,68.583491586704,69.063096422974,4013800,286830645.88164973
2021-07-02,09989.HK,9.461592408146,9.461592408146,9.1274469513527,9.1274469513527,275000,2555992.911931071
2021-07-05,09988.HK,196.71101016612,197.46397097058,192.9462061438,193.88740714938,21390710,4177588735.6274195
2021-07-05,09992.HK,69.063096422974,72.228488342361,68.439610135823,71.173357702565,3300949,231456691.50462195
2021-07-05,09989.HK,9.1274469513527,9.1977933633092,9.0043407304289,9.0571005393962,189500,1722985.8747484584
2021-07-06,09988.HK,193.13444634492,197.08749056835,191.62852473599,197.08749056835,18506503,3610821723.0756216
2021-07-06,09992.HK,70.070266579143,72.132567375107,69.159017390229,71.892764956971,3171210,225097292.61882
2021-07-06,09989.HK,9.0395139364071,9.2329665692874,9.0043407304289,9.1450335543418,293500,2668582.3442674014
2021-07-07,09992.HK,71.317239153446,72.851974629513,70.214148030024,70.981515768057,2277600,162049822.1046076
2021-07-07,09988.HK,194.82860815496,194.82860815496,192.38148554045,193.69916694826,16935600,3289975494.0190463
2021-07-07,09989.HK,9.0571005393962,9.1802067603201,9.0395139364071,9.1626201573309,460752,4197386.375229203
2021-07-08,09988.HK,190.31084332818,191.25204433376,185.41659809916,185.69895840084,37789548,7104620225.454642
2021-07-08,09989.HK,9.1274469513527,9.1626201573309,9.021927333418,9.0395139364071,496000,4505406.30016443
2021-07-08,09992.HK,71.029476251684,73.859144785681,66.233427888978,67.000795627011,6597018,455294094.06432235
2021-07-09,09992.HK,66.952835143384,67.912044815925,63.499680322235,66.808953692502,2865700,191660579.13349923
2021-07-09,09989.HK,9.0395139364071,9.0922737453745,8.9867541274397,9.0746871423853,381000,3450755.3055099524
2021-07-09,09988.HK,183.534196088,185.04011769693,178.73407095955,184.00479659079,35815396,6581777284.115982
2021-07-12,09989.HK,9.1802067603201,9.1977933633092,9.0395139364071,9.1274469513527,218000,1995534.2545723352
2021-07-12,09988.HK,187.581360412,188.99316192037,183.81655638968,185.7930785014,19585720,3656403607.8574786
2021-07-12,09992.HK,68.103886750433,68.295728684941,65.657902085453,67.144677077892,4221020,285443446.4453182
2021-07-13,09992.HK,67.240598045146,68.343689168568,65.226257732809,66.617111757994,2182800,146092304.479147
2021-07-13,09988.HK,187.67548051255,195.20508855719,185.98131870251,193.13444634492,30179190,5746267568.258845
2021-07-13,09989.HK,9.1274469513527,9.2329665692874,8.9691675244506,9.0922737453745,1092500,9952522.430587234
2021-07-14,09988.HK,193.13444634492,194.64036795384,191.8167649371,194.26388755161,25764588,4990579232.365265
2021-07-14,09992.HK,67.144677077892,67.624281914162,64.938494831047,65.322178700063,1851476,122629602.13417251
2021-07-14,09989.HK,9.0922737453745,9.2505531722765,9.021927333418,9.0571005393962,823500,7473004.861754336
2021-07-15,09992.HK,65.418099667317,67.67224239779,65.226257732809,66.089546438096,2920200,192014314.0785135
2021-07-15,09988.HK,194.26388755161,201.60525539513,193.88740714938,198.21693177504,45293673,8888448944.676683
2021-07-15,09989.HK,8.9867541274397,9.1274469513527,8.9515809214615,9.0571005393962,477500,4307970.30170707
2021-07-16,09988.HK,198.02869157393,199.15813278062,195.58156895942,197.08749056835,55141154,10893581123.699755
2021-07-16,09989.HK,9.0395139364071,9.0571005393962,8.9515809214615,9.0395139364071,369000,3335580.64253422
2021-07-16,09992.HK,66.617111757994,70.453950448159,66.18546740535,67.720202881417,4305730,289210102.8811755
2021-07-19,09989.HK,8.9164077154833,9.021927333418,8.8988211124942,8.9515809214615,281000,2510452.4034907445
2021-07-19,09992.HK,66.760993208875,67.240598045146,65.274218216436,65.70586256908,2182400,144547833.0249045
2021-07-19,09988.HK,193.69916694826,193.69916694826,189.93436292595,190.68732373041,43294441,8320899120.942364
2021-07-20,09988.HK,192.00500513822,194.26388755161,188.61668151813,190.87556393152,14790988,2831590951.2718477
2021-07-20,09989.HK,9.021927333418,9.021927333418,8.8284747005377,8.8636479065159,303500,2714136.042659969
2021-07-20,09992.HK,65.226257732809,67.624281914162,63.355798871354,67.3365190124,1682611,111525793.17101645
2021-07-21,09992.HK,67.3365190124,67.912044815925,65.226257732809,65.418099667317,1083470,71917823.35045649
2021-07-21,09988.HK,193.51092674715,193.88740714938,189.55788252371,191.06380413264,14800334,2845917232.490503
2021-07-21,09989.HK,8.8284747005377,8.9867541274397,8.6350220676574,8.7757148915703,587500,5171230.692681725
2021-07-22,09988.HK,193.51092674715,195.39332875831,193.32268654603,195.20508855719,12066102,2345143544.8478637
2021-07-22,09989.HK,8.7757148915703,8.8460613035268,8.6965751781193,8.7757148915703,338000,2966191.633350761
2021-07-22,09992.HK,65.897704503588,66.713032725248,62.92415451871,63.787443223997,3142604,203774531.99464974
2021-07-23,09992.HK,63.73948274037,65.70586256908,62.444549682439,63.403759354981,3666400,233078991.40919745
2021-07-23,09989.HK,8.7933014945594,8.8108880975486,8.6438153691519,8.7493349870866,340000,2982248.20187982
2021-07-23,09988.HK,196.522769965,196.522769965,191.44028453487,193.13444634492,11735052,2286323847.78608
2021-07-26,09989.HK,8.6438153691519,8.6438153691519,8.3008766108641,8.362429721326,809000,6879026.139098311
2021-07-26,09992.HK,62.828233551456,62.828233551456,54.051465047703,55.634161007396,8710468,515931448.5041272
2021-07-26,09988.HK,187.48724031144,187.48724031144,180.71059307127,180.80471317182,43322099,7977590234.852592
2021-07-27,09992.HK,56.017844876413,58.655671475901,54.674951334855,55.969884392786,6910418,386941010.06049985
2021-07-27,09989.HK,8.3536364198315,8.362429721326,7.764485219696,7.764485219696,1352500,10899879.758730471
2021-07-27,09988.HK,172.99274482551,177.41638955174,164.23957547362,169.32206090375,66752350,11425158861.110785
2021-07-28,09992.HK,55.921923909158,57.936264221495,52.324887637129,55.826002941904,5290810,295618524.4314337
2021-07-28,09989.HK,7.6677589032558,7.9315579480926,7.6589656017613,7.7996584256742,691500,5347859.541477548
2021-07-28,09988.HK,168.94558050152,173.74570562998,165.83961718311,172.42802422217,52598759,8977913981.911316
2021-07-29,09992.HK,59.039355344918,59.470999697561,55.586200523769,55.826002941904,8365037,480426486.0437613
2021-07-29,09989.HK,7.9139713451035,7.9931110585545,7.8260383301579,7.9227646465981,524500,4153184.0138237444
2021-07-29,09988.HK,180.52235287015,185.69895840084,178.1693503562,185.69895840084,57050274,10446513076.324633
2021-07-30,09989.HK,7.9227646465981,8.3448431183369,7.7732785211905,8.3448431183369,574500,4672870.330477579
2021-07-30,09992.HK,55.442319072888,56.305607778175,53.523899727805,54.579030367601,3531832,194288461.31855056
2021-07-30,09988.HK,179.20467146234,179.48703176401,174.68690663556,177.88699005453,26604358,4750097200.904816
2021-08-02,09989.HK,8.3448431183369,8.4767426407553,8.283290007875,8.3888096258097,280000,2342711.384180524
2021-08-02,09988.HK,177.88699005453,181.93415437852,176.19282824448,180.61647297071,24424086,4378059706.11314
2021-08-02,09992.HK,54.866793269363,55.058635203871,47.960483627066,53.188176342416,7032450,379945585.5231776
2021-08-03,09988.HK,184.00479659079,184.00479659079,176.19282824448,182.12239457964,25920558,4745110547.05511
2021-08-03,09989.HK,8.3888096258097,9.4791790111351,8.3888096258097,9.0395139364071,5779000,50359140.93302544
2021-08-03,09992.HK,53.236136826043,53.332057793297,48.152325561574,50.310547324792,8267050,428012807.6045803
2021-08-04,09988.HK,180.05175236736,183.06359558521,175.53398754058,180.99295337294,23029276,4157299088.4160767
2021-08-04,09989.HK,9.0571005393962,9.2857263782548,8.7581282885812,9.2329665692874,3058500,27970085.125954397
2021-08-04,09992.HK,49.878902972148,52.996334407907,49.878902972148,51.65344086635,7212526,366152334.88805336
2021-08-05,09992.HK,51.65344086635,51.749361833604,49.303377168623,49.830942488521,4119968,209056205.96090057
2021-08-05,09988.HK,183.44007598745,185.98131870251,180.52235287015,181.18119357406,21169911,3859499912.6620874
2021-08-05,09989.HK,9.2329665692874,9.2329665692874,8.7933014945594,8.8988211124942,1204000,10915336.184432525
2021-08-06,09988.HK,180.89883327238,182.8753553841,179.11055136178,182.12239457964,15486524,2810968478.819888
2021-08-06,09989.HK,9.0395139364071,9.0922737453745,8.722955082603,8.8284747005377,788500,7044454.520115488
2021-08-06,09992.HK,49.878902972148,53.715741662313,49.447258619505,52.94837392428,8051333,413948323.8881742
2021-08-09,09992.HK,52.756531989772,55.969884392786,51.461598931841,55.25047713838,5114506,276201248.11399406
2021-08-09,09988.HK,176.00458804337,180.33411266903,174.21630613277,177.60462975285,28015589,4953285256.195193
2021-08-09,09989.HK,8.881234509505,9.1098603483636,8.6174354646683,8.6701952736356,908000,7968349.121545832
2021-08-10,09989.HK,8.6614019721411,8.7757148915703,8.6174354646683,8.722955082603,502500,4367819.710004455
2021-08-10,09988.HK,178.82819106011,181.55767397629,176.56930864672,181.55767397629,17983679,3240531856.4759703
2021-08-10,09992.HK,55.25047713838,55.442319072888,52.852452957026,54.09942553133,3370100,184260053.49359483
2021-08-11,09992.HK,54.09942553133,54.962714236617,51.605480382723,53.044294891535,2488960,133338217.19184704
2021-08-11,09988.HK,179.39291166345,181.0870734735,177.32226945118,179.9576322668,13796247,2478844431.82304
2021-08-11,09989.HK,8.722955082603,8.7933014945594,8.5646756557009,8.5910555601846,398000,3445488.1179147325
2021-08-12,09992.HK,52.276927153501,53.76370214594,48.440088463336,49.399298135878,17411580,885171865.3620229
2021-08-12,09988.HK,178.82819106011,179.58115186457,175.43986744002,177.60462975285,14517317,2587224124.472969
2021-08-12,09989.HK,8.6965751781193,8.6965751781193,8.503122545239,8.5295024497227,366000,3152372.2058950863
2021-08-13,09988.HK,174.592786535,174.87514683667,170.82798251268,173.18098502663,21527678,3743380885.5121636
2021-08-13,09992.HK,49.399298135878,50.981994095571,48.823772332353,50.358507808419,6388642,318658454.4417927
2021-08-13,09989.HK,8.4415694347771,8.5470890527118,8.1777703899403,8.3448431183369,422000,3541933.0487070545
2021-08-16,09989.HK,8.2481168018968,8.4063962287988,8.0898373749947,8.1953569929294,581500,4780940.005845717
2021-08-16,09992.HK,50.934033611944,52.756531989772,48.967653783234,52.46876908801,3784430,195660334.31089348
2021-08-16,09988.HK,173.08686492607,173.08686492607,169.03970060208,169.79266140654,19542473,3350356942.80391
2021-08-17,09988.HK,167.43965889259,168.38085989817,160.9453719541,161.69833275856,42641139,7017409426.088763
2021-08-17,09989.HK,8.2129435959185,8.2481168018968,7.9667311540709,7.9755244555654,440333,3564158.35125703
2021-08-17,09992.HK,51.797322317231,51.893243284485,49.111535234115,49.399298135878,4603260,232917177.5334893
2021-08-18,09992.HK,49.495219103132,51.749361833604,48.53600943059,50.981994095571,3192860,160404837.46680543
2021-08-18,09988.HK,160.00417094852,162.54541366358,159.43945034517,161.51009255744,23291029,3744199017.615478
2021-08-18,09989.HK,7.9227646465981,8.0019043600491,7.8524182346416,8.0019043600491,625000,4976459.06457725
2021-08-19,09989.HK,7.98431775706,7.9931110585545,7.8260383301579,7.9755244555654,520840,4156262.1090119067
2021-08-19,09992.HK,50.022784423029,52.324887637129,49.878902972148,51.173836030079,3086158,156154379.89216146
2021-08-19,09988.HK,158.68648954071,159.43945034517,150.8745211944,152.56868300444,45396323,7064920174.140181
2021-08-20,09989.HK,7.8700048376307,7.8700048376307,7.6589656017613,7.7996584256742,521000,4081947.280090926
2021-08-20,09992.HK,50.934033611944,51.557519899095,47.960483627066,48.440088463336,5634650,279969198.4757382
2021-08-20,09988.HK,148.80387898212,151.25100159663,145.98027596538,148.615638781,54863086,8158676290.55829
2021-08-23,09989.HK,8.0282842645328,8.0282842645328,7.7732785211905,7.8524182346416,179500,1425293.0493009025
2021-08-23,09988.HK,146.73323676985,150.59216089272,142.30959204362,143.15667294864,69681080,10099920995.14344
2021-08-23,09992.HK,48.919693299607,50.406468292046,48.152325561574,49.159495717742,2481868,121709800.34405495
2021-08-24,09988.HK,147.58031767487,156.80408752955,147.10971717208,156.70996742899,52107427,7927891908.929287
2021-08-24,09992.HK,50.358507808419,51.797322317231,50.358507808419,51.509559415468,1586650,80814484.43039015
2021-08-24,09989.HK,7.8524182346416,7.9403512495872,7.8260383301579,7.9139713451035,269980,2128304.929369791
2021-08-25,09988.HK,160.75713175298,162.16893326135,152.85104330611,154.4510850156,53797802,8478754617.244573
2021-08-25,09989.HK,7.9315579480926,8.1953569929294,7.9315579480926,8.1601837869512,919000,7394155.327252625
2021-08-25,09992.HK,51.845282800858,56.593370679937,51.845282800858,56.54541019631,8031273,435257623.05972224
2021-08-26,09989.HK,8.2129435959185,8.2129435959185,7.9667311540709,8.0898373749947,308500,2514703.9647633606
2021-08-26,09992.HK,56.497449712683,56.497449712683,53.475939244178,53.907583596822,10569600,583468520.034072
2021-08-26,09988.HK,154.63932521671,156.14524682564,150.68628099328,152.662803105,25997432,3994533092.2494655
2021-08-27,09989.HK,7.9227646465981,8.0019043600491,7.7468986167069,7.7556919182014,1094500,8580035.355086526
2021-08-27,09988.HK,151.25100159663,153.50988401002,144.66259455757,146.73323676985,51566566,7683011947.342411
2021-08-27,09992.HK,54.674951334855,56.113765843667,48.967653783234,50.022784423029,8367918,438051033.8038206
2021-08-30,09988.HK,146.73323676985,150.68628099328,145.22731516092,148.89799908268,33016759,4880392633.507572
2021-08-30,09992.HK,50.742191677435,58.032185188749,50.742191677435,54.91475375299,11492562,607134498.044888
2021-08-30,09989.HK,7.7556919182014,7.8524182346416,7.6589656017613,7.8260383301579,456000,3552634.4966259203
2021-08-31,09992.HK,54.91475375299,57.072975516208,54.003504564076,56.353568261802,5528578,307577798.59394735
2021-08-31,09988.HK,149.18035938435,155.76876642341,145.60379556315,155.76876642341,49830778,7597926094.7102785
2021-08-31,09989.HK,7.8700048376307,8.0810440735001,7.7908651241797,8.0458708675219,570000,4536024.575968491
2021-09-01,09992.HK,56.353568261802,57.408698901597,54.579030367601,55.394358589261,4111600,229731388.0204153
2021-09-01,09988.HK,153.88636441225,157.74528853513,152.19220260221,155.48640612174,36318509,5617978875.496825
2021-09-01,09989.HK,8.0722507720056,8.1074239779838,8.0019043600491,8.0546641690164,504500,4068014.2938727997
2021-09-02,09988.HK,160.00417094852,161.79245285912,157.74528853513,160.9453719541,32232099,5172438720.420998
2021-09-02,09992.HK,56.06580536004,57.888303737868,55.778042458277,57.264817450716,6369640,360937634.140152
2021-09-02,09989.HK,8.1074239779838,8.1777703899403,7.8963847421144,7.9227646465981,766000,6139562.243214868
2021-09-03,09988.HK,158.49824933959,158.59236944015,154.35696491504,155.20404582006,48210742,7561910208.374868
2021-09-03,09989.HK,7.9139713451035,8.0194909630382,7.9051780436089,7.9667311540709,485500,3855040.531674586
2021-09-03,09992.HK,57.264817450716,57.408698901597,56.209686810921,56.8811335817,4994719,285063475.19733894
2021-09-06,09988.HK,154.82756541783,158.12176893736,154.16872471392,158.12176893736,24264531,3796784412.4454365
2021-09-06,09989.HK,7.98431775706,8.0546641690164,7.98431775706,8.0194909630382,450000,3600856.962022095
2021-09-06,09992.HK,57.072975516208,58.032185188749,56.449489229056,56.929094065327,4787450,272889604.00905985
2021-09-07,09988.HK,158.49824933959,161.69833275856,158.40412923903,160.00417094852,24179489,3850612883.914866
2021-09-07,09989.HK,7.9931110585545,8.0722507720056,7.9931110585545,8.0194909630382,300000,2401890.3032389046
2021-09-07,09992.HK,58.032185188749,59.854683566578,56.977054548954,59.470999697561,7842677,460769762.7673055
2021-09-08,09988.HK,160.00417094852,163.20425436749,159.34533024461,160.85125185354,24995877,4010031341.5716434
2021-09-08,09989.HK,7.98431775706,8.0546641690164,7.9579378525763,8.0458708675219,469500,3763086.779620601
2021-09-08,09992.HK,59.470999697561,61.053695657254,58.799552926782,58.991394861291,6391924,378601311.43909776
2021-09-09,09988.HK,155.29816592062,156.33348702676,150.8745211944,151.5333618983,28379942,4353930481.636168
2021-09-09,09989.HK,8.0458708675219,8.0898373749947,7.98431775706,8.0722507720056,467500,3767610.9332395536
2021-09-09,09992.HK,58.559750508647,58.559750508647,54.195346498584,55.346398105634,5671311,322998596.8019033
2021-09-10,09992.HK,55.346398105634,58.51179002502,55.346398105634,57.504619868852,4186031,236198929.8113778
2021-09-10,09988.HK,154.07460461337,158.31000913847,153.79224431169,158.0276488368,27766697,4333024352.284038
2021-09-10,09989.HK,8.0722507720056,8.142597183962,7.9579378525763,8.1338038824675,602500,4882073.9646600215
2021-09-13,09992.HK,56.833173098073,59.135276312172,56.113765843667,58.943434377664,3971928,229928174.48894456
2021-09-13,09988.HK,152.00396240109,153.41576390946,147.67443777543,151.34512169719,25905101,3929144330.911719
2021-09-13,09989.HK,8.1338038824675,8.1338038824675,7.9667311540709,8.063457470511,454000,3676778.3271261198
2021-09-14,09992.HK,58.799552926782,59.423039213934,55.826002941904,56.54541019631,4218061,243266045.24797627
2021-09-14,09988.HK,150.96864129495,152.56868300444,147.20383727264,148.99211918324,22361537,3353791821.9905915
2021-09-14,09989.HK,7.9755244555654,8.063457470511,7.9139713451035,7.9667311540709,242000,1929012.9287659924
2021-09-15,09988.HK,146.35675636761,147.67443777543,144.56847445701,144.94495485924,28239189,4113062039.6792192
2021-09-15,09989.HK,7.9227646465981,7.9227646465981,7.7732785211905,7.8084517271688,433500,3409741.1490139756
2021-09-15,09992.HK,56.54541019631,58.176066639631,56.497449712683,56.833173098073,3611200,204716369.99633792
2021-09-16,09992.HK,57.456659385225,58.51179002502,56.06580536004,56.593370679937,2988800,170436364.9293781
2021-09-16,09989.HK,7.7556919182014,7.7908651241797,7.5622392853211,7.7029321092341,558000,4312956.103654505
2021-09-16,09988.HK,144.56847445701,144.85083475869,140.3330699319,142.5919523453,33935111,4872410479.171883
2021-09-17,09992.HK,56.593370679937,57.552580352479,55.682121491023,57.504619868852,16395265,935333395.5074456
2021-09-17,09988.HK,141.74487144027,146.54499656873,141.36839103804,145.79203576427,30179321,4338834310.936513
2021-09-17,09989.HK,7.7293120137177,7.7293120137177,7.4391330643973,7.4830995718701,396684,3017260.1387086553
2021-09-20,09992.HK,57.552580352479,57.936264221495,55.154556171125,56.017844876413,629600,35751969.8620552
2021-09-20,09988.HK,145.13319506036,145.22731516092,141.83899154083,142.5919523453,17981515,2586867026.976043
2021-09-20,09989.HK,7.5270660793429,7.5358593808374,7.1577474165714,7.2368871300224,244000,1801202.2915425666
2021-09-21,09988.HK,137.41534681461,140.70955033414,136.94474631182,139.95658952967,23944111,3320712216.0561876
2021-09-21,09992.HK,55.586200523769,57.216856967089,52.996334407907,53.859623113195,1596600,87370601.00938837
2021-09-21,09989.HK,7.245680431517,7.2544737330115,7.1313675120877,7.1841273210551,131000,945152.4077934725
2021-09-23,09989.HK,7.5094794763538,7.5358593808374,7.3863732554299,7.4303397629027,380000,2838565.6554587353
2021-09-23,09992.HK,54.051465047703,55.634161007396,52.516729571637,52.708571506145,3880373,207134381.66128242
2021-09-23,09988.HK,139.29774882577,141.93311164139,137.79182721684,139.674229228,32529431,4537399855.516812
2021-09-24,09989.HK,7.3424067479571,7.5534459838266,7.2720603360007,7.2984402404843,292500,2141223.872059555
2021-09-24,09992.HK,53.332057793297,54.962714236617,52.94837392428,53.28409730967,4238673,225955508.99937922
2021-09-24,09988.HK,138.07418751851,139.58010912744,135.34470460233,135.81530510512,30354881,4156941477.8703327
2021-09-27,09988.HK,133.83878299341,136.94474631182,132.89758198783,133.55642269173,31609172,4226070524.2384844
2021-09-27,09992.HK,54.674951334855,54.674951334855,52.085085218993,52.804492473399,4053400,217828588.76618838
2021-09-27,09989.HK,7.3072335419789,7.3863732554299,7.2984402404843,7.3072335419789,94000,686879.9529460166
2021-09-28,09992.HK,54.435148916719,54.435148916719,51.797322317231,51.989164251739,2443963,130048541.84206206
2021-09-28,09988.HK,136.85062621126,144.00375385367,136.00354530624,142.02723174195,42597994,5939818659.911845
2021-09-28,09989.HK,7.3687866524408,7.4743062703755,7.3687866524408,7.4215464614082,119500,883722.4035524777
2021-09-29,09992.HK,51.797322317231,52.276927153501,49.495219103132,51.077915062825,4128805,212375897.23548108
2021-09-29,09988.HK,139.58010912744,140.52131013302,136.94474631182,139.58010912744,24903515,3476035341.356839
2021-09-29,09989.HK,7.4215464614082,7.4215464614082,6.8675684672509,7.0786077031204,932500,6760696.879211459
2021-09-30,09989.HK,7.1929206225496,7.4567196673864,7.1929206225496,7.4303397629027,305000,2230047.208781476
2021-09-30,09992.HK,51.077915062825,51.461598931841,49.543179586759,51.077915062825,3020553,154283549.57676125
2021-09-30,09988.HK,136.38002570847,136.38002570847,132.70934178671,133.83878299341,38043224,5139997334.229385
2021-10-04,09988.HK,135.06234430066,135.06234430066,128.37981716105,128.94453776439,41840351,5523070306.008648
2021-10-04,09989.HK,7.4743062703755,7.7556919182014,7.4567196673864,7.6765522047504,450500,3412730.871522109
2021-10-04,09992.HK,51.077915062825,52.420808604383,50.646270710181,51.797322317231,2970650,152803161.9615317
2021-10-05,09988.HK,124.2385327365,127.90921665826,124.2385327365,127.34449605491,30437300,3828754061.116392
2021-10-05,09989.HK,7.6765522047504,7.6765522047504,7.544652682332,7.5798258883102,131000,999292.7650954693
2021-10-05,09992.HK,51.797322317231,52.228966669874,49.878902972148,51.605480382723,1777600,91904411.03971912
2021-10-06,09988.HK,130.45045937332,131.01517997667,127.72097645714,129.22689806607,18712471,2429602510.2206097
2021-10-06,09992.HK,51.65344086635,51.989164251739,50.454428775673,50.790152161062,1586800,81278746.70794867
2021-10-06,09989.HK,7.623792395783,7.623792395783,7.5006861748592,7.6062057927939,205500,1564882.3138762764
2021-10-07,09988.HK,132.99170208838,139.10950862465,132.80346188727,138.63890812186,32227036,4376924726.973685
2021-10-07,09989.HK,7.6589656017613,7.6589656017613,7.5006861748592,7.544652682332,140000,1064253.279886531
2021-10-07,09992.HK,51.029954579198,53.236136826043,51.029954579198,53.140215858789,1665562,86750938.70751725
2021-10-08,09989.HK,7.6062057927939,7.6062057927939,7.4918928733646,7.5270660793429,156500,1184178.5239947045
2021-10-08,09992.HK,53.236136826043,54.674951334855,51.509559415468,51.749361833604,2422656,127171874.12039287
2021-10-08,09988.HK,145.32143526148,146.35675636761,141.93311164139,146.35675636761,55270783,8060641017.681924
2021-10-11,09992.HK,51.749361833604,52.996334407907,51.605480382723,51.797322317231,3571400,184903313.88814607
2021-10-11,09989.HK,7.5798258883102,7.6501723002667,7.5710325868157,7.6149990942885,266500,2024710.4289312768
2021-10-11,09988.HK,153.41576390946,160.47477145131,152.47456290388,157.93352873624,87174082,13570794383.869123
2021-10-12,09989.HK,7.6149990942885,7.7381053152123,7.5358593808374,7.5798258883102,396500,3012374.052800192
2021-10-12,09988.HK,150.78040109384,153.41576390946,149.65095988714,151.81572219998,51876960,7848883492.134285
2021-10-12,09992.HK,51.749361833604,52.996334407907,51.077915062825,51.845282800858,2502600,129627978.8311023
2021-10-15,09988.HK,151.81572219998,152.662803105,149.46271968603,152.28632270276,41251499,6272332600.601666
2021-10-15,09989.HK,7.6149990942885,7.8084517271688,7.6149990942885,7.7556919182014,364000,2797465.7642731615
2021-10-15,09992.HK,52.13304570262,53.427978760551,51.029954579198,52.564690055264,3125584,163620783.86053506
2021-10-18,09988.HK,152.94516340667,153.3216438089,150.49804079216,153.3216438089,20485496,3137013727.073665
2021-10-18,09989.HK,7.8612115361361,7.8612115361361,7.5710325868157,7.6501723002667,161000,1248666.3988304255
2021-10-18,09992.HK,52.564690055264,52.852452957026,51.029954579198,51.557519899095,2576600,134140643.0842007
2021-10-19,09988.HK,153.13340360779,156.14524682564,152.662803105,155.1099257195,22621183,3486414380.620947
2021-10-19,09989.HK,7.6677589032558,7.8172450286633,7.4743062703755,7.6325856972776,104000,795617.9192277368
2021-10-19,09992.HK,51.797322317231,52.324887637129,50.838112644689,52.037124735366,3847800,199767092.68449137
2021-10-20,09988.HK,162.45129356302,169.32206090375,160.9453719541,165.46313678088,73819843,12103295882.710567
2021-10-20,09992.HK,52.564690055264,52.852452957026,50.646270710181,51.173836030079,6712275,348160757.5897479
2021-10-20,09989.HK,7.7029321092341,7.7029321092341,7.3512000494517,7.5006861748592,292000,2219728.2694776217
2021-10-21,09989.HK,7.3775799539354,7.5358593808374,7.2984402404843,7.3775799539354,192500,1420184.1411325645
2021-10-21,09992.HK,51.31771748096,51.749361833604,47.960483627066,48.919693299607,7744984,388168571.3484594
2021-10-21,09988.HK,162.82777396526,165.1807764792,160.47477145131,163.67485487028,39498418,6448168655.922506
2021-10-22,09989.HK,7.4567196673864,7.4567196673864,7.2808536374952,7.3775799539354,258500,1917333.2260558428
2021-10-22,09988.HK,162.45129356302,164.71017597641,161.22773225577,164.14545537307,24304039,3968810061.7079697
2021-10-22,09992.HK,49.207456201369,49.68706103764,45.418577994831,48.727851365099,6306739,308826211.8532194
2021-10-25,09992.HK,48.440088463336,48.919693299607,47.528839274422,48.488048946963,2191216,106195242.77182287
2021-10-25,09989.HK,7.3863732554299,7.3863732554299,7.2193005270333,7.2984402404843,204500,1501522.179957227
2021-10-25,09988.HK,164.14545537307,166.40433778646,163.11013426693,163.76897497083,22993063,3769878577.753202
2021-10-26,09988.HK,162.82777396526,162.82777396526,158.21588903792,159.53357044573,27007684,4353116661.833592
2021-10-26,09992.HK,48.488048946963,49.35133765225,47.960483627066,48.344167496082,2416420,116993652.2286514
2021-10-26,09989.HK,7.2544737330115,7.2984402404843,7.1225742105931,7.1841273210551,360000,2598948.189731988
2021-10-27,09989.HK,7.1753340195605,7.2105072255387,7.0346411956476,7.2105072255387,164000,1179638.9820981345
2021-10-27,09988.HK,155.58052622229,155.86288652397,153.69812421113,154.82756541783,25552560,3965860693.0598326
2021-10-27,09992.HK,48.344167496082,48.344167496082,44.699170740425,46.329827183745,8466400,400773954.27864367
2021-10-28,09988.HK,157.08644783122,159.1570900435,155.29816592062,155.48640612174,26244370,4101638815.5487227
2021-10-28,09989.HK,7.2280938285279,7.4567196673864,7.1753340195605,7.4303397629027,243500,1784664.2897566757
2021-10-28,09992.HK,46.281866700118,47.097194921778,45.27469654395,45.322657027577,2677800,122649296.81901085
2021-10-29,09988.HK,155.29816592062,156.42760712731,152.94516340667,153.41576390946,24508214,3783013528.528292
2021-10-29,09992.HK,45.322657027577,46.042064281983,43.30831671524,44.075684453273,4734400,211623753.95346814
2021-10-29,09989.HK,7.3424067479571,7.5358593808374,7.2544737330115,7.5358593808374,241000,1792831.0685197373
2021-11-01,09992.HK,44.075684453273,46.569629601881,43.452198166121,46.521669118254,8178172,370460370.1263811
2021-11-01,09988.HK,151.62748199886,151.72160209942,148.70975888156,150.12156038993,20955824,3161699912.2340117
2021-11-01,09989.HK,7.4215464614082,7.4215464614082,7.1225742105931,7.2984402404843,176500,1299038.826442013
2021-11-02,09989.HK,7.3512000494517,7.5182727778483,7.2105072255387,7.4303397629027,501000,3702775.722994777
2021-11-02,09992.HK,48.919693299607,53.715741662313,48.919693299607,53.571860211432,28806848,1476229301.6381834
2021-11-02,09988.HK,156.42760712731,157.08644783122,150.68628099328,152.09808250165,28075255,4330968705.191954
2021-11-03,09992.HK,53.571860211432,53.571860211432,50.358507808419,52.037124735366,35824880,1891714606.3204224
2021-11-03,09989.HK,7.403959858419,7.5094794763538,7.2193005270333,7.3072335419789,378500,2784093.3510253024
2021-11-03,09988.HK,150.49804079216,151.5333618983,147.39207747375,151.15688149607,20797548,3136841362.862867
2021-11-04,09992.HK,53.28409730967,55.634161007396,52.516729571637,52.996334407907,12061920,640973032.4714382
2021-11-04,09989.HK,7.2896469389898,7.2984402404843,7.0610211001312,7.0610211001312,291000,2088022.1996921056
2021-11-04,09988.HK,153.3216438089,155.86288652397,152.47456290388,155.86288652397,23357978,3610962728.727755
2021-11-05,09989.HK,7.1577474165714,7.1665407180659,7.0610211001312,7.0610211001312,144500,1027306.0253317629
2021-11-05,09992.HK,52.756531989772,55.394358589261,52.756531989772,54.579030367601,8847595,474830792.41764075
2021-11-05,09988.HK,152.47456290388,152.47456290388,149.08623928379,150.49804079216,26167989,3964091880.409667
2021-11-08,09988.HK,146.8273568704,148.42739857989,145.60379556315,148.05091817766,25006375,3686918362.6024656
2021-11-08,09989.HK,7.0522277986367,7.1225742105931,6.9994679896693,7.0874010046149,98000,692841.8113593285
2021-11-08,09992.HK,54.674951334855,57.216856967089,54.051465047703,55.73008197465,7471026,412419437.19308895
2021-11-09,09992.HK,56.593370679937,57.936264221495,55.73008197465,57.264817450716,7966099,453502799.3047034
2021-11-09,09988.HK,150.8745211944,151.72160209942,147.58031767487,147.86267797654,16113085,2406788941.451643
2021-11-09,09989.HK,7.1401608135823,7.1401608135823,7.0698144016258,7.0961943061095,136500,971631.2369189655
2021-11-10,09988.HK,148.33327847933,152.09808250165,146.54499656873,151.72160209942,17191925,2579260501.3969135
2021-11-10,09989.HK,7.0961943061095,7.2896469389898,7.0961943061095,7.2280938285279,276500,1980332.8346136205
2021-11-10,09992.HK,57.264817450716,57.792382770614,56.54541019631,57.408698901597,6146062,352395270.6296648
2021-11-11,09988.HK,148.70975888156,154.54520511616,148.33327847933,153.60400411058,23548938,3559584030.6243
2021-11-11,09989.HK,7.2105072255387,7.2896469389898,7.2105072255387,7.2544737330115,133000,961921.2337435883
2021-11-11,09992.HK,57.408698901597,57.744422286987,55.298437622007,55.921923909158,10187817,577295822.8459988
2021-11-12,09988.HK,155.1099257195,155.95700662452,149.65095988714,152.85104330611,24265602,3736429152.95489
2021-11-12,09989.HK,7.2984402404843,7.2984402404843,7.2105072255387,7.2808536374952,179500,1308491.62554866
2021-11-12,09992.HK,56.161726327294,56.449489229056,53.955544080449,54.818832785736,11077812,614710884.7545165
2021-11-15,09989.HK,7.3160268434735,7.3160268434735,7.2193005270333,7.2193005270333,103000,748569.3595811002
2021-11-15,09992.HK,55.154556171125,58.991394861291,55.058635203871,58.703631959528,7136210,406257970.35992366
2021-11-15,09988.HK,153.69812421113,154.54520511616,150.21568049049,152.00396240109,19121584,2922754064.06542
2021-11-16,09988.HK,152.47456290388,156.2393669262,152.00396240109,155.48640612174,19860348,3058106007.633017
2021-11-16,09989.HK,7.2280938285279,7.2632670345061,7.2193005270333,7.2193005270333,161000,1163015.2456226766
2021-11-16,09992.HK,58.799552926782,58.799552926782,56.737252130819,57.504619868852,4369115,254073152.96199822
2021-11-17,09988.HK,155.20404582006,155.39228602118,153.60400411058,155.1099257195,16275917,2525322222.359121
2021-11-17,09989.HK,7.1313675120877,7.2105072255387,7.1313675120877,7.1841273210551,198000,1417233.9884811372
2021-11-17,09992.HK,56.8811335817,56.8811335817,54.531069883974,55.73008197465,21459452,1208287487.446573
2021-11-18,09989.HK,7.1841273210551,7.1841273210551,7.0786077031204,7.1401608135823,103500,741281.9109674854
2021-11-18,09992.HK,55.202516654752,55.202516654752,53.236136826043,53.76370214594,2895154,157736992.11284932
2021-11-18,09988.HK,148.89799908268,149.55683978658,146.1685161665,146.8273568704,39030221,5771112999.076189
2021-11-19,09988.HK,131.76814078113,133.83878299341,131.01517997667,131.10930007723,106644709,14017244091.502256
2021-11-19,09989.HK,7.0874010046149,7.2105072255387,7.0610211001312,7.1753340195605,124252,886086.676111921
2021-11-19,09992.HK,53.140215858789,54.579030367601,52.276927153501,54.291267465838,5057674,271676709.9961998
2021-11-22,09992.HK,54.291267465838,54.291267465838,52.228966669874,53.140215858789,2882700,154846368.48995113
2021-11-22,09989.HK,7.2105072255387,7.2720603360007,7.1401608135823,7.1841273210551,95000,683745.1409632055
2021-11-22,09988.HK,130.82693977555,131.48578047946,129.03865786495,129.03865786495,42684873,5546165016.176922
2021-11-23,09992.HK,52.804492473399,54.243306982211,51.797322317231,53.955544080449,3815800,203687473.74108663
2021-11-23,09988.HK,125.17973374207,125.93269454654,124.70913323929,125.17973374207,46352819,5802433540.614364
2021-11-23,09989.HK,7.1841273210551,7.4303397629027,7.1753340195605,7.3424067479571,433500,3148626.2594583943
2021-11-24,09988.HK,123.29733173092,126.87389555212,123.01497142924,124.05029253538,44830998,5544420424.393623
2021-11-24,09992.HK,53.523899727805,54.483109400346,52.900413440653,53.092255375162,612000,32624543.4615079
2021-11-24,09989.HK,7.2984402404843,7.3424067479571,7.245680431517,7.2984402404843,169500,1237085.6207620888
2021-11-25,09988.HK,124.2385327365,127.90921665826,124.2385327365,127.43861615547,23796814,2994557150.116258
2021-11-25,09989.HK,7.2984402404843,7.4215464614082,7.2544737330115,7.3775799539354,288500,2117015.9130450417
2021-11-25,09992.HK,53.092255375162,55.25047713838,52.852452957026,54.962714236617,2810300,151833440.54999125
2021-11-26,09992.HK,53.859623113195,54.674951334855,48.919693299607,49.111535234115,8353172,430067898.35715806
2021-11-26,09989.HK,7.4567196673864,7.4567196673864,7.3512000494517,7.3863732554299,170500,1265373.6716700897
2021-11-26,09988.HK,125.36797394319,126.0268146471,121.50904982031,121.50904982031,37945230,4683902724.210736
2021-11-29,09992.HK,49.111535234115,53.715741662313,48.631930397844,52.756531989772,8183068,416796660.5608193
2021-11-29,09988.HK,125.17973374207,125.36797394319,122.16789052422,122.35613072534,29532407,3655164948.274195
2021-11-29,09989.HK,7.2808536374952,7.4127531599136,7.1401608135823,7.1489541150768,376000,2712803.857483536
2021-11-30,09988.HK,121.88553022255,122.45025082589,116.33244428963,119.81488801027,61241018,7400989831.801829
2021-11-30,09992.HK,52.756531989772,55.058635203871,51.413638448214,51.701401349977,4409774,230317939.26767913
2021-11-30,09989.HK,7.1665407180659,7.3160268434735,7.0698144016258,7.2105072255387,549086,3947117.8735810383
2021-12-01,09989.HK,7.2105072255387,7.2105072255387,7.104987607604,7.1401608135823,100000,717533.4019560501
2021-12-01,09992.HK,51.173836030079,53.523899727805,51.173836030079,52.085085218993,4876400,251765901.78948736
2021-12-01,09988.HK,117.65012569744,119.5325277086,116.89716489298,118.30896640134,42728524,5041091864.8804655
2021-12-02,09988.HK,113.22648097122,116.42656439019,113.0382407701,115.39124328405,63847691,7298356907.686842
2021-12-02,09989.HK,7.1225742105931,7.1489541150768,7.0786077031204,7.1313675120877,242500,1728290.433875047
2021-12-02,09992.HK,52.085085218993,52.228966669874,48.296207012455,48.583969914217,6900944,347355756.0035974
2021-12-03,09989.HK,7.0874010046149,7.2896469389898,7.0874010046149,7.1841273210551,199000,1420017.068404165
2021-12-03,09992.HK,49.111535234115,49.735021521267,46.713511052762,48.05640459432,4329801,210358921.51854888
2021-12-03,09988.HK,113.41472117233,113.41472117233,109.17931664722,112.37940006619,84752440,9568301356.310196
2021-12-06,09992.HK,47.001273954524,47.960483627066,45.754301380221,47.001273954524,3180442,149484825.73847422
2021-12-06,09988.HK,103.43799051319,107.48515483718,103.06151011096,106.07335332881,105384522,11039626412.183407
2021-12-06,09989.HK,7.1753340195605,7.1753340195605,7.0961943061095,7.1225742105931,188500,1347577.8506919767
2021-12-07,09992.HK,47.001273954524,47.864562659811,44.891012674933,46.042064281983,4166540,193834395.24796793
2021-12-07,09988.HK,114.8265226807,119.25016740692,113.60296137345,119.06192720581,82401598,9636391012.195671
2021-12-07,09989.HK,7.2105072255387,7.2808536374952,7.0610211001312,7.1577474165714,245500,1763703.2573190148
2021-12-08,09988.HK,115.48536338461,115.76772368628,112.19115986508,113.50884127289,61244054,7012266717.865491
2021-12-08,09992.HK,46.042064281983,46.809432020016,45.514498962085,45.658380412966,2583180,118439377.36354917
2021-12-08,09989.HK,7.1929206225496,7.1929206225496,7.0874010046149,7.1665407180659,122500,879517.0071126993
2021-12-09,09992.HK,45.850222347475,48.87173281598,45.850222347475,47.384957823541,4215880,196534165.68969145
2021-12-09,09988.HK,115.39124328405,116.99128499353,114.92064278126,116.14420408851,35851860,4150488222.119194
2021-12-09,09989.HK,7.2017139240442,7.3160268434735,7.1313675120877,7.2368871300224,210000,1516053.1106769932
2021-12-10,09988.HK,115.10888298237,115.9559638874,113.22648097122,114.07356187624,41285795,4730989718.015689
2021-12-10,09992.HK,46.617590085508,47.432918307168,45.514498962085,46.042064281983,3863905,179014050.90441015
2021-12-10,09989.HK,7.2105072255387,7.2105072255387,7.0786077031204,7.1841273210551,157000,1129978.8119076132
2021-12-13,09989.HK,7.1841273210551,7.1841273210551,7.0786077031204,7.104987607604,90500,646582.4505218243
2021-12-13,09988.HK,117.46188549632,119.25016740692,113.697081474,113.97944177568,41769452,4833588705.152047
2021-12-13,09992.HK,46.042064281983,46.953313470897,44.315486871409,44.363447355036,4601000,207977879.5209622
2021-12-14,09992.HK,44.219565904154,45.082854609442,43.020553813478,44.411407838663,7099391,314612968.6554957
2021-12-14,09989.HK,7.104987607604,7.2280938285279,7.0434344971421,7.1401608135823,232000,1652437.2168576107
2021-12-14,09988.HK,113.88532167512,113.88532167512,110.87347845727,111.72055936229,32130092,3624368856.7365193
2021-12-15,09988.HK,115.01476288182,116.52068449074,112.94412066954,113.88532167512,35292960,4039280764.1323504
2021-12-15,09989.HK,7.1489541150768,7.2896469389898,7.0434344971421,7.1665407180659,409500,2931097.567085968
2021-12-15,09992.HK,43.787921551511,44.747131224052,42.924632846224,44.315486871409,4906461,216137968.69706425
2021-12-16,09988.HK,112.37940006619,114.16768197679,110.1205176528,113.60296137345,37563320,4244323878.556429
2021-12-16,09992.HK,44.315486871409,45.418577994831,43.212395747986,45.418577994831,4969040,222946078.84147063
2021-12-16,09989.HK,7.0786077031204,7.1401608135823,7.0786077031204,7.0961943061095,102500,726458.6029730324
2021-12-17,09988.HK,111.06171865838,111.34407896006,108.61459604388,110.1205176528,49369280,5459803877.736406
2021-12-17,09992.HK,46.042064281983,46.233906216491,43.548119133376,44.411407838663,5766723,260810059.05399406
2021-12-17,09989.HK,7.0610211001312,7.1225742105931,6.8323952612727,6.8323952612727,589194,4092958.779820505
2021-12-20,09992.HK,43.500158649748,44.267526387782,42.732790911715,43.30831671524,5481257,237909781.626834
2021-12-20,09988.HK,111.2499588595,111.9087995634,107.57927493774,107.76751513885,33663120,3686405754.651668
2021-12-20,09989.HK,6.9291215777128,7.0698144016258,6.7884287537999,6.8675684672509,290000,2000520.0565197365
2021-12-21,09988.HK,105.97923322825,108.70871614443,105.41451262491,107.20279453551,37940314,4044096536.256886
2021-12-21,09989.HK,6.9291215777128,7.0082612911639,6.88515507024,6.9291215777128,167500,1160627.864266894
2021-12-21,09992.HK,43.116474780732,45.034894125815,42.82871187897,44.555289289544,4185010,183453604.67587286
2021-12-22,09992.HK,44.555289289544,45.658380412966,43.260356231613,43.548119133376,1986829,87523203.42675085
2021-12-22,09989.HK,6.9906746881748,7.1753340195605,6.9906746881748,7.1225742105931,545000,3845860.324914253
2021-12-22,09988.HK,112.85000056898,112.85000056898,106.44983373104,108.14399554109,45188386,4993180999.95217
2021-12-23,09992.HK,43.548119133376,44.027723969646,42.972593329851,43.452198166121,2502400,108854797.00513065
2021-12-23,09989.HK,7.0874010046149,7.1489541150768,7.025847894153,7.0961943061095,154000,1092136.8389257789
2021-12-23,09988.HK,108.14399554109,108.80283624499,106.35571363048,106.63807393216,25067293,2692002533.316157
2021-12-24,09988.HK,107.10867443495,108.04987544053,106.16747342937,106.35571363048,19524988,2083944807.702432
2021-12-24,09989.HK,7.0961943061095,7.0961943061095,7.0170545926584,7.0346411956476,54000,381532.55854744173
2021-12-24,09992.HK,44.219565904154,44.603249773171,43.356277198867,43.739961067884,984500,43298077.151985705
2021-12-28,09988.HK,106.63807393216,107.48515483718,105.69687292658,106.82631413327,22985751,2453319635.7196727
2021-12-28,09992.HK,43.883842518765,44.075684453273,42.301146559072,42.397067526326,3112115,134258057.1824892
2021-12-28,09989.HK,7.1577474165714,7.1577474165714,7.0346411956476,7.0434344971421,255500,1814200.9894768998
2021-12-29,09992.HK,42.636869944461,42.636869944461,39.183715123313,39.951082861346,3493150,144246053.67180234
2021-12-29,09988.HK,105.69687292658,105.69687292658,103.6262307143,104.09683121709,19990686,2096960032.156503
2021-12-29,09989.HK,6.9818813866802,6.9818813866802,6.9555014821965,6.9730880851856,37500,261655.67759748374
2021-12-30,09992.HK,39.951082861346,42.301146559072,39.855161894091,41.485818337412,2650334,107917494.05085453
2021-12-30,09988.HK,103.53211061375,105.60275282602,102.77914980928,103.43799051319,23838394,2466917408.44192
2021-12-30,09989.HK,6.9291215777128,7.0610211001312,6.9291215777128,7.0170545926584,30000,209192.642555568
2021-12-31,09989.HK,7.1489541150768,7.1577474165714,6.9906746881748,7.1577474165714,197000,1409210.1008673478
2021-12-31,09988.HK,112.47352016675,113.22648097122,111.15583875894,111.9087995634,31837667,3571904788.128023
2021-12-31,09992.HK,42.540948977207,43.931803002392,42.540948977207,42.876672362597,3552096,151705795.54531622
2022-01-03,09992.HK,42.876672362597,45.562459445712,42.636869944461,45.082854609442,3474352,152801179.2271788
2022-01-03,09988.HK,110.1205176528,110.59111815559,107.29691463606,108.23811564164,22176946,2421263809.6022987
2022-01-03,09989.HK,7.1577474165714,7.1665407180659,7.0610211001312,7.1225742105931,86500,617623.9103748647
2022-01-04,09988.HK,111.43819906061,111.9087995634,108.89695634555,110.02639755224,23228903,2572189816.3270106
2022-01-04,09992.HK,45.418577994831,47.145155405405,42.061344140936,42.205225591818,7008221,307043490.19791436
2022-01-04,09989.HK,7.1313675120877,7.2984402404843,7.1313675120877,7.1489541150768,285500,2038515.9122777325
2022-01-05,09989.HK,7.1577474165714,7.1577474165714,6.9555014821965,7.0346411956476,236500,1678249.9533948968
2022-01-05,09988.HK,112.00291966396,112.09703976452,107.20279453551,107.76751513885,30717509,3375400154.4946146
2022-01-05,09992.HK,42.205225591818,42.540948977207,39.903122377719,40.718450599379,4054648,168113158.91064224
2022-01-06,09989.HK,6.9818813866802,7.0522277986367,6.8763617687455,6.9906746881748,70000,489039.462619925
2022-01-06,09988.HK,110.59111815559,113.97944177568,110.40287795448,113.88532167512,47231895,5301223818.028955
2022-01-06,09992.HK,40.334766730362,40.910292533887,37.601019163619,40.478648181243,7068159,285601032.96409756
2022-01-07,09992.HK,40.718450599379,42.636869944461,40.478648181243,41.150094952022,4693899,192141342.0475878
2022-01-07,09989.HK,7.0082612911639,7.0434344971421,6.9642947836911,6.9730880851856,141500,989180.4683767271
2022-01-07,09988.HK,119.06192720581,121.22668951864,115.57948348516,121.22668951864,58778943,7061955452.997646
2022-01-10,09992.HK,42.061344140936,42.684830428088,40.286806246735,42.301146559072,4169844,175889212.8352421
2022-01-10,09988.HK,121.22668951864,121.88553022255,118.02660609967,120.09724831195,36814976,4442167489.729332
2022-01-10,09989.HK,6.9730880851856,7.2193005270333,6.9730880851856,7.0786077031204,204500,1436785.8943542885
2022-01-11,09992.HK,43.116474780732,43.787921551511,41.821541722801,43.452198166121,6969716,301679532.4682242
2022-01-11,09989.HK,7.0786077031204,7.1929206225496,7.0522277986367,7.1929206225496,279500,1994446.0835123826
2022-01-11,09988.HK,117.65012569744,119.06192720581,116.6148045913,118.21484630079,31659059,3733631532.2626557
2022-01-12,09992.HK,44.219565904154,47.049234438151,44.219565904154,46.569629601881,8478020,384856307.64203745
2022-01-12,09989.HK,7.245680431517,7.2720603360007,7.1225742105931,7.2017139240442,140000,1011317.6048892841
2022-01-12,09988.HK,121.03844931753,125.27385384263,120.85020911641,125.17973374207,44483108,5476275014.301978
2022-01-13,09989.HK,7.1665407180659,7.245680431517,7.0082612911639,7.0874010046149,507000,3613374.2266995828
2022-01-13,09988.HK,127.06213575323,127.06213575323,122.73261112757,124.42677293761,36032047,4530830088.963528
2022-01-13,09992.HK,46.569629601881,47.145155405405,43.931803002392,44.411407838663,4001000,182007565.39980826
2022-01-14,09988.HK,119.43840760804,121.69729002143,119.15604730637,121.69729002143,28235556,3404300247.0079837
2022-01-14,09992.HK,43.30831671524,44.747131224052,42.732790911715,43.835882035138,4237918,184654984.2399022
2022-01-14,09989.HK,7.0786077031204,7.5798258883102,6.9994679896693,7.3599933509463,1784000,12879232.140227497
2022-01-17,09988.HK,121.69729002143,122.45025082589,119.90900811083,120.94432921697,23534494,2855223866.0582047
2022-01-17,09992.HK,44.411407838663,46.185945732864,43.30831671524,44.027723969646,4536800,200615326.59396812
2022-01-17,09989.HK,7.3599933509463,7.4215464614082,7.324820144968,7.3863732554299,696000,5131735.579018917
2022-01-18,09989.HK,7.5006861748592,7.7293120137177,7.3424067479571,7.3863732554299,1514500,11273225.75358642
2022-01-18,09992.HK,44.843052191306,47.384957823541,44.027723969646,46.233906216491,5473390,249249856.68982604
2022-01-18,09988.HK,121.60316992087,123.20321163036,118.02660609967,118.96780710525,23468279,2822893404.075787
2022-01-19,09992.HK,46.329827183745,47.384957823541,41.054173984768,41.246015919276,14978721,655887060.089963
2022-01-19,09989.HK,7.4127531599136,7.4127531599136,7.2720603360007,7.3775799539354,413000,3054203.7880098186
2022-01-19,09988.HK,118.77956690413,119.81488801027,116.23832418907,116.89716489298,29730153,3503352647.4340224
2022-01-20,09989.HK,7.4303397629027,7.5710325868157,7.4303397629027,7.5182727778483,564500,4219245.88962697
2022-01-20,09988.HK,117.65012569744,124.70913323929,117.65012569744,123.76793223371,44796183,5407303751.294198
2022-01-20,09992.HK,41.581739304666,41.725620755547,37.553058679992,40.430687697616,25613474,1050311583.3499241
2022-01-21,09992.HK,40.094964312227,43.020553813478,39.615359475956,42.157265108191,8815512,362547757.74122393
2022-01-21,09988.HK,118.68544680358,120.00312821139,116.70892469186,119.62664780916,61817387,7365915489.728182
2022-01-21,09989.HK,7.4303397629027,7.5094794763538,7.3599933509463,7.4215464614082,575378,4272724.295985778
2022-01-24,09989.HK,7.3072335419789,7.3687866524408,7.2280938285279,7.2720603360007,295500,2154090.6704714857
2022-01-24,09992.HK,41.725620755547,41.965423173682,40.478648181243,41.006213501141,4248400,175738962.32805663
2022-01-24,09988.HK,114.8265226807,114.8265226807,111.72055936229,112.09703976452,54758602,6213008520.179975
2022-01-25,09989.HK,7.2720603360007,7.2720603360007,6.9906746881748,7.0961943061095,418000,3002965.220201032
2022-01-25,09988.HK,109.55579704945,111.81467946285,108.3322357422,109.93227745169,41283512,4530619278.762354
2022-01-25,09992.HK,40.910292533887,42.49298849358,40.094964312227,40.430687697616,4189037,170370187.90301734
2022-01-26,09992.HK,40.910292533887,41.67766027192,40.286806246735,41.341936886531,3083619,126817268.71657997
2022-01-26,09988.HK,109.4616769489,111.72055936229,107.39103473662,110.02639755224,35353738,3879861940.0188923
2022-01-26,09989.HK,7.1137809090986,7.1225742105931,7.0170545926584,7.025847894153,263000,1859361.1876275854
2022-01-27,09992.HK,40.766411083006,40.766411083006,38.08062399989,38.560228836161,5395250,213993527.0119429
2022-01-27,09988.HK,104.00271111654,105.32039252435,101.64970860259,102.12030910538,75467681,7777813168.432204
2022-01-27,09989.HK,6.946708180702,6.946708180702,6.7532555478217,6.7620488493162,241000,1651905.222117193
2022-01-28,09992.HK,38.560228836161,38.560228836161,35.586678851283,36.162204654807,5186470,193772829.8139504
2022-01-28,09988.HK,103.53211061375,104.94391212212,102.21442920593,103.53211061375,43809950,4535736589.382857
2022-01-28,09989.HK,6.7620488493162,6.8411885627672,6.7532555478217,6.7620488493162,178500,1207025.7196029415
2022-01-31,09988.HK,105.50863272546,109.36755684834,104.94391212212,107.29691463606,29579311,3147320733.9658146
2022-01-31,09992.HK,37.313256261857,37.505098196365,36.402007072943,36.881611909213,1364408,50616035.84577664
2022-01-31,09989.HK,6.5949761209196,6.7620488493162,6.3223837745882,6.4630765985012,627500,4096964.040718276
2022-02-04,09992.HK,37.409177229111,38.800031254296,36.402007072943,37.984703032636,7340800,276725698.1127162
2022-02-04,09989.HK,6.4630765985012,6.4630765985012,6.3751435835556,6.4630765985012,200500,1295846.8579994906
2022-02-04,09988.HK,112.94412066954,113.697081474,111.43819906061,113.32060107177,43293069,4897847105.306167
2022-02-07,09992.HK,38.560228836161,39.279636090567,37.648979647246,38.224505450771,5186723,199130573.6874594
2022-02-07,09988.HK,110.49699805503,111.72055936229,106.92043423383,108.23811564164,54757312,5988673433.022017
2022-02-07,09989.HK,6.5598029149413,6.5949761209196,6.3311770760828,6.5158364074685,1371000,8963350.755511917
2022-02-08,09992.HK,38.224505450771,38.752070770669,37.025493360095,37.121414327349,5143839,193783640.3227825
2022-02-08,09988.HK,105.97923322825,106.82631413327,104.09683121709,104.66155182044,41696354,4391476370.114042
2022-02-08,09989.HK,6.5158364074685,6.5510096134468,6.4630765985012,6.5246297089631,213000,1388809.6413999654
2022-02-09,09992.HK,37.696940130874,38.752070770669,36.497928040197,36.977532876468,6114428,228295844.320668
2022-02-09,09988.HK,111.06171865838,112.37940006619,110.1205176528,111.81467946285,44480636,4956841968.910758
2022-02-09,09989.HK,6.4894565029849,6.6477359298869,6.4894565029849,6.5949761209196,360000,2355197.8723028097
2022-02-10,09992.HK,36.258125622062,36.258125622062,32.948852251794,35.922402236672,21319807,769437461.553166
2022-02-10,09988.HK,115.76772368628,115.76772368628,112.37940006619,115.01476288182,32353947,3733362169.4762597
2022-02-10,09989.HK,6.5949761209196,6.6829091358652,6.5949761209196,6.6125627239087,191700,1265942.5982767926
2022-02-11,09992.HK,35.490757884029,36.92957239284,35.394836916774,36.354046589316,6931040,248979606.79846653
2022-02-11,09989.HK,6.6125627239087,6.6565292313815,6.4806632014903,6.6213560254033,706000,4671573.318507136
2022-02-11,09988.HK,113.32060107177,115.67360358572,112.94412066954,115.20300308293,24203787,2765568319.7163367
2022-02-14,09992.HK,36.593849007451,38.943912705177,36.497928040197,38.512268352534,8001630,300485680.9255884
2022-02-14,09988.HK,112.00291966396,112.85000056898,111.2499588595,111.72055936229,19512374,2182688097.670673
2022-02-14,09989.HK,6.7708421508108,6.7708421508108,6.5773895179305,6.6037694224141,99500,665386.9257679388
2022-02-15,09992.HK,38.512268352534,40.766411083006,37.984703032636,40.094964312227,8143260,320059566.73482084
2022-02-15,09989.HK,6.5510096134468,6.726875643338,6.5510096134468,6.6301493268978,198500,1308230.0248292014
2022-02-15,09988.HK,111.06171865838,112.94412066954,110.49699805503,111.43819906061,16132479,1794737625.051667
2022-02-16,09989.HK,6.6301493268978,6.7444622463271,6.6301493268978,6.6829091358652,41500,276245.96310233226
2022-02-16,09988.HK,115.20300308293,115.76772368628,113.97944177568,115.29712318349,20308833,2340594285.411819
2022-02-16,09992.HK,41.006213501141,41.054173984768,39.567398992329,40.478648181243,4140714,168702753.7781555
2022-02-17,09988.HK,114.8265226807,116.05008398795,113.79120157456,115.76772368628,18965828,2186705407.1928835
2022-02-17,09989.HK,6.6213560254033,6.6829091358652,6.6037694224141,6.6301493268978,92500,612882.1225439259
2022-02-17,09992.HK,40.478648181243,40.718450599379,38.847991737923,39.999043344973,3996766,160825250.62523413
2022-02-18,09989.HK,6.5158364074685,6.6829091358652,6.5158364074685,6.6389426283924,111000,730090.2364902799
2022-02-18,09988.HK,115.39124328405,116.70892469186,111.72055936229,112.47352016675,36059936,4108394393.345494
2022-02-18,09992.HK,39.807201410464,40.238845763108,38.560228836161,38.800031254296,2492400,97960333.34682392
2022-02-21,09989.HK,6.6917024373597,6.7004957388543,6.5949761209196,6.6653225328761,46500,310550.8305579824
2022-02-21,09988.HK,108.99107644611,110.21463775336,107.29691463606,108.14399554109,36333556,3944644648.8054814
2022-02-21,09992.HK,38.991873188804,38.991873188804,36.977532876468,38.320426418025,4340800,167798615.06666166
2022-02-22,09989.HK,6.4894565029849,6.6389426283924,6.4894565029849,6.4894565029849,126500,820916.2476275899
2022-02-22,09988.HK,102.59090960817,105.32039252435,102.40266940705,104.84979202156,43059975,4466195713.079316
2022-02-22,09992.HK,38.320426418025,38.320426418025,36.306086105689,37.169374810976,2917628,110125578.89008386
2022-02-23,09992.HK,37.169374810976,38.656149803415,36.977532876468,37.553058679992,1433233,53547328.75978027
2022-02-23,09988.HK,103.53211061375,106.63807393216,103.53211061375,105.79099302714,27244901,2851493617.854394
2022-02-23,09989.HK,6.5949761209196,6.5949761209196,6.4894565029849,6.5334230104577,83500,548110.6637350023
2022-02-24,09992.HK,37.073453843722,37.361216745484,35.202994982266,36.066283687553,3828996,140025881.22415093
2022-02-24,09988.HK,101.1791080998,102.02618900482,97.508424178037,98.731985485291,64889871,6486102537.102741
2022-02-24,09989.HK,6.4894565029849,6.5949761209196,6.3927301865447,6.4015234880393,228500,1472794.4639745147
2022-02-25,09989.HK,6.5949761209196,6.5949761209196,6.3839368850502,6.3839368850502,164500,1067515.594741016
2022-02-25,09988.HK,101.08498799924,101.8379488037,98.731985485291,99.108465887522,42605788,4264699927.643579
2022-02-25,09992.HK,35.826481269418,37.696940130874,35.826481269418,37.169374810976,3333400,121662193.32919267
2022-02-28,09989.HK,6.3839368850502,6.4806632014903,6.3399703775774,6.366350282061,325500,2075109.2364473478
2022-02-28,09992.HK,37.121414327349,37.888782065382,36.402007072943,37.553058679992,2362147,88196041.19543575
2022-02-28,09988.HK,97.226063876363,98.073144781385,94.778941261857,98.073144781385,56081193,5476306306.741219
2022-03-01,09989.HK,6.366350282061,6.507043105974,6.3575569805665,6.3575569805665,233500,1485516.1729117604
2022-03-01,09988.HK,96.190742770226,98.637865384733,95.908382468552,97.696664379153,30377847,2944940994.8052707
2022-03-01,09992.HK,37.553058679992,40.622529632125,37.553058679992,39.999043344973,3978560,154272845.51622236
2022-03-02,09989.HK,6.4103167895338,6.4103167895338,6.3487636790719,6.3575569805665,102000,651161.5622751153
2022-03-02,09992.HK,40.190885279481,40.190885279481,38.320426418025,38.41634738528,2017418,79291823.0540384
2022-03-02,09988.HK,97.790784479711,100.33202719478,97.790784479711,97.790784479711,32172998,3146222713.484173
2022-03-03,09992.HK,38.368386901652,39.855161894091,37.505098196365,39.279636090567,2867980,111346488.49061213
2022-03-03,09988.HK,97.414304077479,98.355505083059,96.94370357469,98.261384982501,23582886,2307298734.036478
2022-03-03,09989.HK,6.4103167895338,6.4103167895338,6.3575569805665,6.366350282061,68500,437600.8472021219
2022-03-04,09988.HK,92.425938747908,94.308340759067,92.425938747908,93.178899552372,67845622,6296237850.34596
2022-03-04,09989.HK,6.3575569805665,6.3575569805665,6.208070855159,6.2520373626318,433500,2733129.5738882315
2022-03-04,09992.HK,37.840821581755,39.615359475956,37.648979647246,38.991873188804,3325500,127753563.22974698
2022-03-07,09992.HK,37.457137712738,38.320426418025,35.586678851283,37.169374810976,4014182,149782201.6477337
2022-03-07,09988.HK,90.590596787028,92.237698546792,87.908173921126,90.355296535633,59539428,5386707493.690127
2022-03-07,09989.HK,6.28721056861,6.28721056861,5.9970316192895,5.9970316192895,405000,2487559.043049649
2022-03-08,09992.HK,36.258125622062,38.368386901652,34.771350629623,35.059113531385,4906921,174974029.23203567
2022-03-08,09988.HK,91.814158094281,94.073040507672,90.167056334517,91.202377440655,49195657,4501809353.752511
2022-03-08,09989.HK,6.0585847297515,6.0585847297515,5.7156459714636,5.7332325744528,400500,2361311.415166911
2022-03-09,09992.HK,35.922402236672,35.922402236672,31.749840161117,34.051943375217,8335361,291630715.70693034
2022-03-09,09989.HK,5.6540928610017,5.7947856849147,5.5837464490452,5.7420258759473,515500,2937349.6044486044
2022-03-09,09988.HK,91.202377440655,91.625917893165,87.155213116663,90.590596787028,60560894,5504772521.073721
2022-03-10,09988.HK,93.837740256277,93.837740256277,88.849374926706,90.449416636191,46922499,4323606967.499837
2022-03-10,09992.HK,35.490757884029,35.970362720299,33.620299022573,34.627469178741,3188500,111785983.49482107
2022-03-10,09989.HK,5.7771990819256,5.8035789864092,5.7508191774419,5.7508191774419,386500,2227789.5286227693
2022-03-11,09992.HK,33.380496604438,34.915232080504,32.085563546507,34.579508695114,6093978,207073388.58767664
2022-03-11,09989.HK,5.627712956518,5.8035789864092,5.6101263535289,5.7156459714636,259000,1468964.981173617
2022-03-11,09988.HK,85.225751055225,86.731672664152,82.872748541276,85.46105130662,74997978,6400582524.212001
2022-03-14,09992.HK,33.092733702675,33.236615153556,28.296685339969,29.447736947018,18902200,591076242.1573135
2022-03-14,09988.HK,81.084466630675,81.508007083186,75.531380697756,76.143161351382,99109140,7791347496.770803
2022-03-14,09989.HK,5.7156459714636,5.7596124789364,5.4342603236377,5.4782268311105,604000,3380549.5863773776
2022-03-15,09988.HK,69.460634211768,74.684299792734,66.825271396145,67.06057164754,166892058,11392152503.250786
2022-03-15,09989.HK,5.469433529616,5.469433529616,4.8626957264914,4.9154555354587,1302000,6760562.78136363
2022-03-15,09992.HK,27.817080503698,31.989642579253,26.330305511259,29.447736947018,21157539,605791304.2707022
2022-03-16,09988.HK,70.119474915674,85.696351558014,69.36651411121,85.366931206062,159307067,12385041658.812305
2022-03-16,09989.HK,5.2759808967357,5.2759808967357,4.8978689324696,5.0825282638554,920000,4764914.213871906
2022-03-16,09992.HK,30.694709521322,32.51720789915,27.817080503698,31.270235324847,27737528,859377196.3445343
2022-03-17,09988.HK,97.884904580269,97.884904580269,89.696455831727,96.00250256911,147199025,14270018646.083307
2022-03-17,09992.HK,33.380496604438,34.339706276979,31.22227484122,31.749840161117,16555204,539123005.8712316
2022-03-17,09989.HK,5.2144277862737,5.3023608012193,5.1001148668445,5.2320143892629,849000,4434514.703515287
2022-03-18,09992.HK,31.653919193863,32.565168382778,31.174314357593,31.749840161117,19863942,629724299.20464
2022-03-18,09988.HK,91.437677692049,94.308340759067,89.414095530053,92.567118898745,69216323,6368067717.1888485
2022-03-18,09989.HK,5.2583942937465,5.3551206101867,5.1440813743173,5.1968411832846,713000,3727291.4475615867
2022-03-21,09992.HK,32.948852251794,32.948852251794,30.598788554068,31.030432906711,6516565,208462585.19446656
2022-03-21,09988.HK,98.637865384733,98.637865384733,91.531797792607,93.273019652929,78145126,7498450146.019806
2022-03-21,09989.HK,5.3199474042085,5.3375340071976,5.0825282638554,5.1440813743173,604265,3161523.1749279466
2022-03-22,09992.HK,30.982472423084,32.421286931896,30.694709521322,32.373326448269,3141380,99512319.72924545
2022-03-22,09988.HK,96.284862870784,104.84979202156,96.096622669668,103.72035081486,82216795,8221893826.261892
2022-03-22,09989.HK,5.1352880728227,5.2232210877683,5.0825282638554,5.1968411832846,447000,2309230.8887399817
2022-03-23,09992.HK,32.85293128454,34.723390145995,32.613128866405,33.956022407962,4233948,141432817.93423074
2022-03-23,09988.HK,107.86163523941,112.37940006619,105.88511312769,110.68523825615,109736384,11991271815.954098
2022-03-23,09989.HK,5.2671875952411,5.3023608012193,5.1528746758118,5.2056344847792,691960,3623386.9832454235
2022-03-24,09992.HK,34.051943375217,34.579508695114,33.476417571692,33.6682595062,3952531,133833100.60754503
2022-03-24,09988.HK,109.55579704945,112.00291966396,106.82631413327,107.10867443495,56175392,6085605809.054496
2022-03-24,09989.HK,5.2408076907574,5.2408076907574,5.1440813743173,5.1968411832846,318759,1663547.258720377
2022-03-25,09989.HK,5.2232210877683,5.2583942937465,5.0033885504043,5.1001148668445,559000,2885372.3993142773
2022-03-25,09992.HK,32.709049833659,33.908061924335,31.270235324847,31.653919193863,3793400,122077243.35450098
2022-03-25,09988.HK,104.84979202156,106.82631413327,98.637865384733,101.08498799924,59754137,6152727529.213874
2022-03-28,09989.HK,5.0121818518989,5.1616679773064,5.0033885504043,5.108908168339,305000,1543466.22808628
2022-03-28,09988.HK,101.08498799924,106.82631413327,99.861426691986,104.56743171988,35856686,3687007119.5043473
2022-03-28,09992.HK,31.462077259355,33.812140957081,28.488527274477,29.735499848781,18470720,565181655.7213949
2022-03-29,09992.HK,29.783460332408,31.989642579253,29.351815979764,31.989642579253,8774390,271010648.22852457
2022-03-29,09988.HK,106.07335332881,108.04987544053,105.60275282602,106.82631413327,28129247,2994353666.129356
2022-03-29,09989.HK,5.170461278801,5.170461278801,5.0121818518989,5.0473550578771,278500,1422830.9248824255
2022-03-30,09992.HK,32.804970800913,35.586678851283,32.469247415523,34.867271596877,10686136,361577392.84387505
2022-03-30,09988.HK,108.23811564164,108.89695634555,105.97923322825,107.20279453551,43050119,4637378410.297309
2022-03-30,09989.HK,5.170461278801,5.170461278801,5.0649416608662,5.1264947713282,468500,2412061.954742765
2022-03-31,09992.HK,34.867271596877,34.867271596877,32.709049833659,32.996812735421,5281758,179220835.16739482
2022-03-31,09988.HK,108.14399554109,108.14399554109,103.24975031207,105.50863272546,26780152,2860824930.088853
2022-03-31,09989.HK,5.1001148668445,5.108908168339,5.0121818518989,5.0649416608662,72000,365942.0349975852
2022-04-01,09988.HK,100.52026739589,103.24975031207,99.484946289754,103.24975031207,38709405,3943908071.1572976
2022-04-01,09992.HK,32.03760306288,33.764180473454,31.510037742982,33.620299022573,3208776,105340750.21107577
2022-04-01,09989.HK,5.0033885504043,5.0033885504043,4.809935917524,4.9154555354587,273500,1356401.9287417652
2022-04-04,09992.HK,34.099903858844,35.586678851283,33.908061924335,35.538718367656,12259316,426860937.83964354
2022-04-04,09988.HK,104.09683121709,107.86163523941,103.53211061375,107.01455433439,41875311,4420177462.804565
2022-04-04,09989.HK,4.9418354399424,5.2759808967357,4.9066622339642,5.2056344847792,209500,1062947.4746145876
2022-04-06,09989.HK,5.2056344847792,5.4078804191541,5.1001148668445,5.3375340071976,1205300,6353840.491689819
2022-04-06,09988.HK,102.68502970872,103.34387041263,100.80262769757,101.27322820036,46638063,4756109040.866961
2022-04-06,09992.HK,35.490757884029,35.778520785791,34.339706276979,35.490757884029,3125050,110910392.92548484
2022-04-07,09988.HK,100.14378699366,102.49678950761,99.014345786964,99.014345786964,35575706,3542595589.656221
2022-04-07,09992.HK,35.490757884029,36.833651425586,33.236615153556,34.387666760606,6364440,222368520.4726504
2022-04-07,09989.HK,5.3551206101867,5.4342603236377,5.1792545802955,5.2320143892629,1429500,7567154.740856601
2022-04-08,09992.HK,34.099903858844,36.641809491078,33.380496604438,36.018323203926,7544842,264515472.25436187
2022-04-08,09988.HK,96.755463373574,97.696664379153,95.53190206632,97.696664379153,38153586,3709522989.548328
2022-04-08,09989.HK,5.3551206101867,5.3990871176595,5.1177014698336,5.2935674997248,3494500,18605920.300042868
2022-04-11,09989.HK,5.3111541027139,5.3111541027139,5.1880478817901,5.1880478817901,321500,1687746.7190090178
2022-04-11,09988.HK,96.755463373574,96.94370357469,92.096518395955,92.708299049582,40131164,3801700660.9303555
2022-04-11,09992.HK,35.346876433147,35.490757884029,31.174314357593,31.749840161117,9526716,319605681.76302016
2022-04-12,09989.HK,5.1880478817901,5.2056344847792,5.0649416608662,5.108908168339,436500,2247310.6579406764
2022-04-12,09992.HK,31.845761128372,35.490757884029,31.653919193863,34.243785309725,7684227,253923538.5786894
2022-04-12,09988.HK,92.708299049582,94.684821161299,90.684716887586,93.178899552372,39683531,3688330204.111899
2022-04-13,09988.HK,92.614178949024,93.649500055161,91.296497541212,92.708299049582,24650087,2284107602.860612
2022-04-13,09989.HK,5.108908168339,5.1264947713282,5.0121818518989,5.029768454888,381500,1933952.56588055
2022-04-13,09992.HK,34.243785309725,34.339706276979,32.900891768167,33.332536120811,6202801,209581237.07282507
2022-04-14,09992.HK,33.716219989827,35.778520785791,33.524378055319,35.346876433147,5395340,186309443.3273643
2022-04-14,09988.HK,91.908278194839,92.237698546792,88.331714373637,89.884696032843,52348941,4758334841.029723
2022-04-14,09989.HK,5.0121818518989,5.1528746758118,5.0121818518989,5.1001148668445,228000,1152801.8259367475
2022-04-19,09988.HK,87.108153066384,87.955233971405,85.555171407177,86.119892010525,34060706,2950134757.1596727
2022-04-19,09989.HK,5.0209751533934,5.0825282638554,5.0209751533934,5.0737349623608,328000,1655532.4589836888
2022-04-19,09992.HK,33.812140957081,34.915232080504,32.709049833659,33.044773219048,6639050,221933198.0305146
2022-04-20,09989.HK,5.0737349623608,5.0737349623608,5.029768454888,5.0473550578771,170500,862822.924225281
2022-04-20,09992.HK,33.140694186302,34.579508695114,32.709049833659,33.332536120811,3622143,120387772.9221486
2022-04-20,09988.HK,85.743411608293,87.484633468615,84.99045080383,85.366931206062,24190299,2069605177.3358748
2022-04-21,09992.HK,32.613128866405,33.380496604438,30.838590972203,31.030432906711,7465850,237576642.83190903
2022-04-21,09988.HK,83.531589245182,84.425730200482,81.413886982628,82.731568390439,37481397,3115887708.9071455
2022-04-21,09989.HK,5.0561483593717,5.1177014698336,4.9418354399424,4.9594220429315,197000,986533.6846268653
2022-04-22,09988.HK,78.590283965889,82.21390783737,78.496163865331,81.555067133465,33414007,2675548941.3256364
2022-04-22,09989.HK,4.9418354399424,5.0913215653499,4.9418354399424,4.9945952489098,198500,986190.7458685809
2022-04-22,09992.HK,30.646749037695,31.653919193863,30.023262750543,31.270235324847,5065600,156823337.99344638
2022-04-25,09988.HK,79.813845273142,79.955025423979,76.425521653056,77.037302306683,43001305,3372402018.3400335
2022-04-25,09989.HK,4.9858019474152,4.9858019474152,4.8363158220077,4.8802823294805,455000,2244534.1729937717
2022-04-25,09992.HK,31.174314357593,31.174314357593,29.399776463391,29.735499848781,3618050,110187376.64468573
2022-04-26,09992.HK,30.502867586814,34.531548211487,30.07122323417,31.893721611999,7883589,245954532.1226405
2022-04-26,09989.HK,4.9330421384478,4.9418354399424,4.6868296966002,4.7747627115458,422000,2048346.8233486495
2022-04-26,09988.HK,79.531484971469,82.731568390439,78.825584217284,79.9079653737,38304821,3053649802.9050436
2022-04-27,09992.HK,31.605958710236,32.85293128454,30.550828070441,32.03760306288,8861224,281979928.51470906
2022-04-27,09989.HK,4.730796204073,4.9066622339642,4.6340698876328,4.8802823294805,448500,2155284.361149372
2022-04-27,09988.HK,79.390304820632,80.425625926769,78.119683463099,79.578545021748,27917828,2219032503.628696
2022-04-28,09992.HK,32.277405481015,32.757010317286,31.510037742982,32.613128866405,1995298,64737976.701169215
2022-04-28,09989.HK,4.9418354399424,5.0649416608662,4.9418354399424,4.9858019474152,86000,426888.4076563768
2022-04-28,09988.HK,82.825688490997,83.343349044066,81.225646781512,83.060988742392,40675166,3373734066.8282585
2022-04-29,09989.HK,5.0121818518989,5.1616679773064,5.0121818518989,5.108908168339,160500,812217.4741240916
2022-04-29,09992.HK,32.51720789915,35.011153047758,32.469247415523,34.723390145995,4958285,166699024.33913586
2022-04-29,09988.HK,83.060988742392,97.696664379153,82.025667636254,96.096622669668,102134425,9149079812.972094
2022-05-03,09989.HK,5.108908168339,5.5397799415724,5.108908168339,5.469433529616,334500,1769227.6489829738
2022-05-03,09988.HK,94.120100557951,97.037823675247,87.061093016105,94.402460859625,103238870,9731428105.128073
2022-05-03,09992.HK,34.723390145995,35.538718367656,33.716219989827,34.963192564131,2475022,86237912.65619074
2022-05-04,09988.HK,92.708299049582,92.755359099861,90.214116384796,90.872957088702,29177225,2678195808.064672
2022-05-04,09992.HK,33.572338538946,34.771350629623,33.380496604438,33.572338538946,2718800,91276474.01968639
2022-05-04,09989.HK,5.4606402281214,5.469433529616,5.4254670221432,5.4606402281214,157500,860050.8359291204
2022-05-05,09988.HK,93.649500055161,95.155421664088,90.543536736749,91.014137239539,27991225,2584480710.417169
2022-05-05,09992.HK,34.051943375217,34.339706276979,32.613128866405,33.140694186302,3439800,115564617.34205654
2022-05-05,09989.HK,5.469433529616,5.847545493882,5.4166737206486,5.6628861624963,2919000,16247620.590637904
2022-05-06,09989.HK,5.6365062580126,5.8563387953766,5.2671875952411,5.3375340071976,1074500,5895803.13248418
2022-05-06,09992.HK,31.989642579253,32.421286931896,30.502867586814,30.694709521322,3793444,118894789.68490681
2022-05-06,09988.HK,86.637552563594,87.390513368058,84.04924979825,85.037510854109,50887668,4368071815.539508
2022-05-10,09992.HK,29.351815979764,29.735499848781,27.62523856919,28.776290176239,10458128,303955587.2885337
2022-05-10,09988.HK,78.590283965889,82.072727686533,78.260863613936,80.943286479838,64139439,5116196855.027954
2022-05-10,09989.HK,5.3375340071976,5.5573665445616,5.1528746758118,5.3463273086921,634500,3389455.0024660076
2022-05-11,09992.HK,29.064053078002,30.694709521322,27.960961954579,29.543657914272,8527818,249897946.36935604
2022-05-11,09989.HK,5.5397799415724,5.5397799415724,5.1528746758118,5.2935674997248,890000,4820839.611377254
2022-05-11,09988.HK,78.778524167005,82.778628440718,78.684404066447,80.613866127885,63211009,5037676908.730902
2022-05-12,09988.HK,77.037302306683,77.696143010589,75.201960345803,75.296080446361,69966835,5329142328.037039
2022-05-12,09989.HK,5.3902938161649,5.8035789864092,5.3375340071976,5.4606402281214,3776500,20489276.209123604
2022-05-12,09992.HK,29.159974045256,29.351815979764,27.62523856919,28.536487758104,6786600,195781403.83734146
2022-05-13,09992.HK,29.159974045256,30.119183717797,28.920171627121,29.879381299662,12449883,367516533.2198269
2022-05-13,09989.HK,5.5397799415724,5.7859923834201,5.4166737206486,5.7332325744528,4364000,24597713.30996699
2022-05-13,09988.HK,77.366722658636,77.978503312262,76.472581703335,77.366722658636,53688518,4153704682.0591865
2022-05-16,09992.HK,30.694709521322,31.078393390338,29.303855496137,30.502867586814,6205151,189870103.3950636
2022-05-16,09988.HK,80.943286479838,81.178586731233,78.213803563657,79.625605072027,37186669,2985511110.91805
2022-05-16,09989.HK,5.7332325744528,5.8123722879038,5.3727072131758,5.3990871176595,1786000,9941161.485056285
2022-05-17,09992.HK,30.502867586814,31.70187967749,30.311025652305,31.462077259355,5351517,165803227.8741679
2022-05-17,09989.HK,5.4078804191541,5.5046067355942,5.3463273086921,5.3463273086921,1707000,9178716.295716733
2022-05-17,09988.HK,82.355087988207,86.402252312199,81.555067133465,85.225751055225,65364000,5476876981.617445
2022-05-18,09992.HK,31.845761128372,32.421286931896,31.414116775728,31.797800644744,6398215,203602595.7950887
2022-05-18,09989.HK,5.3815005146704,5.4166737206486,5.3199474042085,5.3463273086921,821500,4406455.278446146
2022-05-18,09988.HK,85.225751055225,85.225751055225,82.637448289881,84.708090502156,40887159,3474055999.6187224
2022-05-19,09992.HK,30.311025652305,31.22227484122,30.167144201424,30.694709521322,7902000,241033659.67100027
2022-05-19,09989.HK,5.3463273086921,5.6540928610017,5.3023608012193,5.3639139116813,1795500,9615119.055590222
2022-05-19,09988.HK,80.002085474258,80.37856587649,77.884383211704,78.449103815052,63967045,5067827177.786405
2022-05-20,09989.HK,5.4342603236377,5.6716794639908,5.3551206101867,5.3902938161649,4305500,23302558.92446005
2022-05-20,09992.HK,30.982472423084,31.797800644744,30.88655145583,31.318195808474,3962884,123445160.66207476
2022-05-20,09988.HK,81.225646781512,83.578649295461,80.566806077606,82.872748541276,37411832,3069610798.642865
2022-05-23,09989.HK,5.3902938161649,5.7156459714636,5.3902938161649,5.5309866400779,4050000,22115592.92389167
2022-05-23,09992.HK,31.653919193863,31.653919193863,30.358986135932,30.598788554068,3007140,93601303.7885566
2022-05-23,09988.HK,81.131526680954,81.460947032907,78.919704317842,80.096205574816,48116001,3878816863.2231803
2022-05-24,09989.HK,5.5573665445616,5.627712956518,5.3902938161649,5.4518469266269,1828500,10065173.416034088
2022-05-24,09988.HK,79.813845273142,81.225646781512,78.025563362541,78.684404066447,41592157,3296142035.378666
2022-05-24,09992.HK,30.694709521322,31.174314357593,29.639578881527,29.783460332408,4039090,122138385.53725116
2022-05-25,09988.HK,77.17848245752,79.202064619516,76.566701803893,77.507902809473,39360501,3044266810.993932
2022-05-25,09989.HK,5.4518469266269,5.5221933385833,5.2935674997248,5.4430536251323,4103500,22353612.207071938
2022-05-25,09992.HK,29.735499848781,29.927341783289,27.62523856919,27.913001470952,8552600,246522286.19357422
2022-05-26,09988.HK,77.17848245752,77.17848245752,74.966660094408,76.331401552498,44520428,3417162869.178179
2022-05-26,09992.HK,28.200764372715,28.200764372715,26.713989380276,27.193594216546,10784300,298694690.66708374
2022-05-26,09989.HK,5.4782268311105,5.4782268311105,5.2847741982302,5.469433529616,3299000,18058165.765018363
2022-05-27,09989.HK,5.4782268311105,5.6189196550235,5.3463273086921,5.3902938161649,4692000,25497549.438508086
2022-05-27,09988.HK,85.649291507735,86.966972915547,84.566910351319,85.649291507735,94943603,8131852330.141664
2022-05-27,09992.HK,28.10484340546,28.728329692612,27.62523856919,27.817080503698,8170416,228452690.92908353
2022-05-30,09992.HK,28.296685339969,28.680369208985,27.817080503698,28.680369208985,18174200,517756192.3917999
2022-05-30,09988.HK,86.308132211641,89.319975429496,85.931651809409,89.319975429496,58244941,5114724383.749836
2022-05-30,09989.HK,5.3375340071976,5.4782268311105,5.3375340071976,5.3815005146704,1543000,8269735.133621162
2022-05-31,09988.HK,89.037615127822,91.767098044002,87.625813619452,90.590596787028,87590516,7866863884.88953
2022-05-31,09989.HK,5.3551206101867,5.5397799415724,5.3463273086921,5.469433529616,2942500,15925625.278184723
2022-05-31,09992.HK,28.776290176239,29.927341783289,28.056882921833,29.016092594375,77351227,2235155859.280326
2022-06-01,09988.HK,90.355296535633,90.543536736749,88.472894524474,89.037615127822,34758451,3117709864.9007645
2022-06-01,09989.HK,5.4606402281214,5.5134000370888,5.4518469266269,5.5134000370888,762000,4181109.341045086
2022-06-01,09992.HK,29.351815979764,31.845761128372,29.25589501251,31.845761128372,22572702,690697335.5919878
2022-06-02,09988.HK,86.35519226192,87.531693518894,85.649291507735,86.872852814989,38921083,3371111560.183058
2022-06-02,09989.HK,5.5134000370888,5.6628861624963,5.4606402281214,5.5309866400779,1913000,10563955.85670995
2022-06-02,09992.HK,31.845761128372,31.845761128372,30.023262750543,30.502867586814,7168500,223473072.4724054
2022-06-06,09988.HK,87.390513368058,92.80241915014,85.88459175913,91.249437490934,61560025,5498539920.439159
2022-06-06,09989.HK,5.5397799415724,5.5749531475507,5.4606402281214,5.5661598460561,1292000,7174437.102808012
2022-06-06,09992.HK,31.013161915058,33.472992797901,30.964929936963,32.845977082667,11350182,362406424.9937382
2022-06-07,09992.HK,32.942441038857,33.569456754091,32.315425323622,33.231832907426,5667489,187520984.83677274
2022-06-07,09988.HK,91.249437490934,95.814262367994,90.49647668647,92.990659351256,88847430,8184629553.689848
2022-06-07,09989.HK,5.5661598460561,5.6365062580126,5.5221933385833,5.6013330520344,1169500,6530191.47215842
2022-06-08,09992.HK,33.714152688376,36.463375439789,33.521224775996,35.546967855984,11549981,399982313.1630338
2022-06-08,09988.HK,97.320183976921,103.90859101598,96.4731030719,102.40266940705,116293353,11613220145.374693
2022-06-08,09989.HK,5.6013330520344,5.8035789864092,5.5837464490452,5.6365062580126,2032000,11417644.739007752
2022-06-09,09992.HK,35.546967855984,36.173983571219,33.328296863616,33.617688732186,10750264,371769158.8960834
2022-06-09,09989.HK,5.627712956518,5.7156459714636,5.6189196550235,5.6804727654854,654500,3700603.777525613
2022-06-09,09988.HK,109.36755684834,109.4616769489,101.74382870315,104.755671921,113806634,12184321963.725275
2022-06-10,09988.HK,101.27322820036,109.17931664722,100.70850759701,106.16747342937,107826465,11183798776.926762
2022-06-10,09992.HK,33.472992797901,34.968184118845,32.411889279812,34.341168403611,5365588,181931424.7864492
2022-06-10,09989.HK,5.6189196550235,5.7947856849147,5.6189196550235,5.7947856849147,634300,3619856.6485614004
2022-06-13,09992.HK,33.907080600756,33.907080600756,32.267193345527,32.701281148382,6414224,213620476.26600146
2022-06-13,09988.HK,99.955546792544,102.02618900482,97.414304077479,97.696664379153,85883479,8487529763.734002
2022-06-13,09989.HK,5.6452995595072,6.1816909506753,5.6452995595072,6.067378031246,5468500,32025388.70251694
2022-06-14,09988.HK,92.472998798187,96.378982971342,91.484737742328,95.249541764646,79243938,7437936682.781812
2022-06-14,09992.HK,32.315425323622,34.91995214075,32.026033455052,33.858848622661,7160877,236932918.14681858
2022-06-14,09989.HK,5.9709581150183,6.1655671202485,5.9355746595219,5.944420523396,1925500,11471530.784133367
2022-06-15,09988.HK,98.826105585849,100.42614729533,98.167264881943,99.390826189196,62840727,6228048048.226614
2022-06-15,09989.HK,5.9178829317737,6.0859543453816,5.8382701569068,5.9709581150183,1278500,7599941.639161785
2022-06-15,09992.HK,34.341168403611,34.389400381705,33.183600929331,33.569456754091,4424938,150250152.93203577
2022-06-16,09992.HK,33.569456754091,34.003544556946,31.881337520768,32.363657301717,4847355,159800605.0419956
2022-06-16,09988.HK,102.40266940705,103.34387041263,94.496580960183,96.378982971342,51964072,5164752048.234866
2022-06-16,09989.HK,5.9709581150183,6.0682626176334,5.855961884655,5.8913453401514,884500,5246103.7030488
2022-06-17,09989.HK,5.855961884655,5.9532663872701,5.8294242930327,5.8294242930327,1083000,6327636.61521789
2022-06-17,09988.HK,94.214220658509,98.637865384733,94.120100557951,98.355505083059,98242313,9459247635.31364
2022-06-17,09992.HK,32.026033455052,33.665920710281,31.881337520768,33.280064885521,4809361,157040301.21065825
2022-06-20,09988.HK,96.00250256911,98.449625183617,93.790680205998,98.261384982501,64777753,6291989062.3190155
2022-06-20,09992.HK,33.280064885521,33.858848622661,32.170729389337,33.569456754091,3737218,124915617.78147373
2022-06-20,09989.HK,5.8471160207809,6.0063415705147,5.8117325652845,5.9267287956478,666000,3920690.3238707567
2022-06-21,09988.HK,98.355505083059,99.861426691986,97.320183976921,99.579066390312,56377679,5579545866.764133
2022-06-21,09989.HK,5.9621122511442,6.0594167537593,5.8824994762773,6.032879162137,1007575,6042926.736618402
2022-06-21,09992.HK,33.762384666471,35.450503899795,33.424760819806,34.82348818456,9330566,319972506.6520764
2022-06-22,09988.HK,98.637865384733,98.920225686407,95.53190206632,95.53190206632,56378203,5473471282.90913
2022-06-22,09989.HK,6.0682626176334,6.1301836647521,5.9001912040255,5.9532663872701,611000,3672577.110998019
2022-06-22,09992.HK,34.871720162655,34.871720162655,32.894209060762,33.038904995047,6173102,209609607.99113026
2022-06-23,09988.HK,98.731985485291,103.43799051319,97.320183976921,101.64970860259,80541807,8069551865.779575
2022-06-23,09989.HK,5.9532663872701,5.9621122511442,5.8736536124032,5.944420523396,471500,2804879.689189533
2022-06-23,09992.HK,33.038904995047,34.53409631599,32.894209060762,33.907080600756,4825200,161513884.8484343
2022-06-24,09989.HK,5.9355746595219,5.9886498427665,5.9001912040255,5.9886498427665,372000,2217905.7574256426
2022-06-24,09988.HK,105.97923322825,108.70871614443,104.94391212212,107.20279453551,88759544,9460969786.65334
2022-06-24,09992.HK,34.4376323598,35.30580796551,34.051776535041,35.257575987415,4861120,169398385.6004069
2022-06-27,09988.HK,110.40287795448,113.32060107177,109.27343674778,111.15583875894,98194624,10877937440.798397
2022-06-27,09992.HK,35.450503899795,38.537350497872,35.4022719217,37.331551045498,13147474,478450087.52990556
2022-06-27,09989.HK,6.0417250260111,6.1832588479967,6.0417250260111,6.1832588479967,857500,5241461.835980845
2022-06-28,09992.HK,37.331551045498,38.537350497872,36.222215549314,37.524478957878,10649844,398602520.997637
2022-06-28,09989.HK,6.1921047118708,6.4486347642198,6.121337800878,6.4309430364716,1287500,8126086.987995421
2022-06-28,09988.HK,110.68523825615,112.09703976452,105.97923322825,111.15583875894,70432843,7812448874.177372
2022-06-29,09989.HK,6.377867853227,6.4574806280939,6.1036460731298,6.1124919370039,1323000,8262373.001237741
2022-06-29,09988.HK,107.76751513885,109.4616769489,106.35571363048,107.76751513885,54735988,5898761415.429912
2022-06-29,09992.HK,36.945695220738,37.235087089308,35.161112031225,35.981055658839,6159896,224610600.51805142
2022-06-30,09989.HK,6.1567212563744,6.4397889003457,6.1567212563744,6.3867137171011,1107960,6948812.106605957
2022-06-30,09988.HK,106.92043423383,107.6733950383,104.19095131765,105.32039252435,47263509,5015623112.826341
2022-06-30,09992.HK,37.331551045498,37.765638848353,35.20934400932,36.559839395979,11932886,440868769.25981736
2022-07-04,09989.HK,6.3159468061083,6.6255520417018,6.2451798951154,6.5282475390867,1399000,8984513.944463903
2022-07-04,09988.HK,105.03803222267,107.39103473662,102.9673900104,106.5439538316,38788782,4103503766.0930595
2022-07-04,09992.HK,36.559839395979,36.897463242643,35.739895768364,36.270447527409,4639725,168956251.4978082
2022-07-05,09988.HK,109.4616769489,111.43819906061,107.95575533997,108.42635584276,45974352,5008630558.07566
2022-07-05,09989.HK,6.4309430364716,6.5990144500795,6.3690219893529,6.377867853227,1023500,6554908.972803258
2022-07-05,09992.HK,36.656303352169,37.476246979783,35.49873587789,35.595199834079,4762294,172041450.05742484
2022-07-06,09988.HK,112.00291966396,112.00291966396,107.86163523941,110.1205176528,52058276,5781681602.952296
2022-07-06,09989.HK,6.3601761254788,6.554785130709,6.2628716228637,6.3867137171011,661500,4216033.815433302
2022-07-06,09992.HK,35.595199834079,36.077519615029,33.135368951237,34.051776535041,9343391,325369466.09222424
2022-07-07,09992.HK,33.762384666471,33.858848622661,32.411889279812,32.845977082667,12284820,409135867.29152274
2022-07-07,09988.HK,108.52047594332,110.59111815559,106.82631413327,109.83815735113,40428095,4413911785.449094
2022-07-07,09989.HK,6.3336385338565,6.377867853227,6.2628716228637,6.2717174867378,338500,2133456.506485585
2022-07-08,09988.HK,114.8265226807,114.8265226807,112.75588046843,113.88532167512,58168745,6651940476.406692
2022-07-08,09992.HK,33.328296863616,33.376528841711,31.350785761723,31.977801476958,8643067,282222491.733085
2022-07-08,09989.HK,6.3424843977306,6.3867137171011,6.2628716228637,6.2717174867378,422500,2664750.1480939495
2022-07-11,09989.HK,6.209796439619,6.2717174867378,6.0417250260111,6.0948002092557,829000,5100255.310958563
2022-07-11,09992.HK,31.061393893153,32.074265433147,31.061393893153,31.447249717913,8336915,260564624.27537516
2022-07-11,09988.HK,110.40287795448,110.96759855782,105.41451262491,107.29691463606,59279763,6452596054.958183
2022-07-12,09989.HK,6.1567212563744,6.209796439619,5.9621122511442,6.0151874343888,663738,4039479.165294892
2022-07-12,09992.HK,31.447249717913,31.591945652198,28.119243229361,28.505099054121,17370063,520688037.5841016
2022-07-12,09988.HK,101.93206890426,103.15563021151,100.80262769757,101.46146840147,61833006,6288216906.293214
2022-07-13,09992.HK,28.842722900785,29.6626665284,28.456867076026,28.89095487888,7389973,213325159.99121216
2022-07-13,09988.HK,101.1791080998,103.06151011096,100.70850759701,101.08498799924,37018374,3743743978.0831017
2022-07-13,09989.HK,5.9621122511442,5.9974957066406,5.8824994762773,5.9974957066406,482500,2885255.419815583
2022-07-14,09992.HK,29.27681070364,29.27681070364,26.575819930322,27.202835645557,23731798,670181779.1352903
2022-07-14,09988.HK,101.46146840147,103.90859101598,101.1791080998,102.30854930649,39688425,4043655532.5255213
2022-07-14,09989.HK,6.121337800878,6.3159468061083,5.944420523396,5.9974957066406,1197000,7253121.8542498825
2022-07-15,09992.HK,27.202835645557,27.492227514126,24.067757069384,24.694772784619,24144600,626523498.2516137
2022-07-15,09989.HK,5.9355746595219,5.9886498427665,5.7321197904176,5.7498115181658,780000,4557300.609298203
2022-07-15,09988.HK,96.4731030719,99.861426691986,96.096622669668,96.190742770226,60291037,5807951529.114957
2022-07-18,09989.HK,5.7321197904176,5.8736536124032,5.679044607173,5.8382701569068,440500,2548378.3858981994
2022-07-18,09992.HK,23.63366926653,24.019525091289,20.160966843693,21.511462230352,60925609,1375247314.9163089
2022-07-18,09988.HK,94.873061362415,98.167264881943,93.978920407114,97.790784479711,54210503,5222201996.508055
2022-07-19,09988.HK,95.814262367994,96.190742770226,94.214220658509,94.967181462973,40614536,3874249909.302394
2022-07-19,09992.HK,21.366766296067,21.559694208446,20.257430799883,21.463230252257,17214231,368642727.156026
2022-07-19,09989.HK,5.7940408375363,5.9178829317737,5.7586573820399,5.7851949736622,171000,990024.6618574718
2022-07-20,09989.HK,5.7851949736622,5.9001912040255,5.7851949736622,5.8205784291586,343500,1993291.5819344723
2022-07-20,09988.HK,98.637865384733,99.484946289754,97.131943775805,97.131943775805,40062258,3921490301.600118
2022-07-20,09992.HK,21.656158164636,22.234941901776,21.270302339877,21.656158164636,17676645,382808219.9401221
2022-07-21,09988.HK,96.755463373574,97.884904580269,95.249541764646,96.00250256911,38969577,3755848198.0834007
2022-07-21,09992.HK,21.704390142731,22.427869814156,21.414998274162,21.945550033206,10310147,225018649.8775582
2022-07-21,09989.HK,5.7763491097881,5.8824994762773,5.767503245914,5.7851949736622,160000,924923.5266760241
2022-07-22,09989.HK,5.767503245914,5.8913453401514,5.7232739265435,5.7851949736622,209500,1210145.1385006069
2022-07-22,09992.HK,21.993782011301,22.138477945586,21.222070361782,22.042013989396,7671021,168899757.93653136
2022-07-22,09988.HK,96.661343273016,97.602544278595,95.720142267436,96.096622669668,25271063,2435599350.5447106
2022-07-25,09988.HK,94.120100557951,94.778941261857,93.273019652929,93.743620155719,41783554,3924806959.5402746
2022-07-25,09989.HK,5.7409656542917,5.767503245914,5.6525070155507,5.7321197904176,338000,1938951.4401558717
2022-07-25,09992.HK,21.993782011301,21.993782011301,19.968038931313,20.064502887503,15788399,332016491.61899614
2022-07-26,09988.HK,96.94370357469,99.861426691986,96.4731030719,98.261384982501,62335905,6084142927.908823
2022-07-26,09989.HK,5.7055821987953,5.8294242930327,5.679044607173,5.8294242930327,266500,1537039.615036081
2022-07-26,09992.HK,19.775111018933,20.450358712262,19.341023216078,20.305662777978,11027600,220997370.5614079
2022-07-27,09989.HK,5.7498115181658,5.8117325652845,5.6967363349212,5.767503245914,227500,1310094.5544140772
2022-07-27,09992.HK,19.871574975123,20.064502887503,19.080570534366,19.196327281794,14188470,277156879.5675996
2022-07-27,09988.HK,95.061301563531,95.249541764646,94.025980457393,95.061301563531,59523684,5658398874.896325
2022-07-28,09988.HK,94.873061362415,94.873061362415,93.273019652929,93.320079703208,47788609,4496744217.433451
2022-07-28,09989.HK,5.7409656542917,5.9532663872701,5.7409656542917,5.9267287956478,572000,3336960.612682697
2022-07-28,09992.HK,19.292791237983,19.582183106553,18.36673725856,18.617543544654,13298326,252071995.354323
2022-07-29,09992.HK,18.791178665796,18.791178665796,16.939070706949,17.363512114185,30670685,554444566.0926007
2022-07-29,09988.HK,92.896539250698,92.896539250698,86.308132211641,87.625813619452,101884460,9196211220.052341
2022-07-29,09989.HK,5.8648077485291,5.9532663872701,5.7763491097881,5.7851949736622,301000,1753325.4096897906
2022-08-01,09992.HK,17.247755366757,17.923003060087,16.881192333235,17.247755366757,21561441,371886459.72276443
2022-08-01,09988.HK,82.919808591555,86.261072161362,82.637448289881,84.331610099924,90581313,7574926553.093454
2022-08-01,09989.HK,5.6967363349212,5.7232739265435,5.5994318323061,5.5994318323061,362500,2047430.480309948
2022-08-02,09992.HK,17.189876993043,17.189876993043,16.55321488219,16.861899541998,8852530,150722186.66487324
2022-08-02,09988.HK,83.766889496576,83.766889496576,81.037406580396,81.931547535696,67822076,5619005994.741983
2022-08-02,09989.HK,5.5817401045579,5.5817401045579,5.3694393715794,5.3959769632017,456000,2502919.4914491884
2022-08-03,09989.HK,5.4844356019427,5.5286649213133,5.334055916083,5.3782852354535,532500,2892199.422956738
2022-08-03,09988.HK,85.508111356898,86.449312362478,83.955129697692,85.037510854109,43309986,3693164255.1600013
2022-08-03,09992.HK,17.093413036853,17.286340949233,16.476043717238,16.611093255904,8905363,150075431.63639268
2022-08-04,09989.HK,5.3605935077053,5.5552025129356,5.3605935077053,5.4578980103204,319000,1725549.3971250989
2022-08-04,09992.HK,16.900485124473,17.228462575519,16.726850003332,17.189876993043,5751104,98028608.96774738
2022-08-04,09988.HK,89.931756083122,90.543536736749,87.861113870847,89.414095530053,52297501,4689669927.042935
2022-08-05,09988.HK,89.790575932285,90.02587618368,86.496372412757,87.437573418337,50440861,4469770223.340982
2022-08-05,09989.HK,5.4402062825722,5.590585968432,5.3959769632017,5.590585968432,441000,2432289.691346426
2022-08-05,09992.HK,17.189876993043,18.019467016277,17.074120245615,17.768660730183,9425867,164757263.54680556
2022-08-08,09988.HK,84.708090502156,84.943390753551,83.296288993787,83.578649295461,47770883,4019603078.6617026
2022-08-08,09989.HK,5.5198190574392,5.5994318323061,5.4932814658168,5.5463566490615,871000,4819319.520181055
2022-08-08,09992.HK,18.019467016277,18.019467016277,16.861899541998,16.900485124473,5470100,95507815.10255828
2022-08-09,09988.HK,84.708090502156,86.308132211641,83.249228943508,84.331610099924,44942429,3798527371.245119
2022-08-09,09989.HK,5.510973193565,5.510973193565,5.4313604186981,5.5021273296909,93500,514862.4494622133
2022-08-09,09992.HK,17.016241871901,17.537147235327,16.939070706949,17.170584201805,3576629,61136796.77658651
2022-08-10,09988.HK,84.096309848529,84.378670150203,81.696247284301,82.778628440718,37209371,3104655744.703348
2022-08-10,09989.HK,5.4667438741945,5.4667438741945,5.3605935077053,5.3959769632017,417000,2264877.2945971075
2022-08-10,09992.HK,17.170584201805,17.498561652851,16.302408596096,16.55321488219,6400200,107919529.44869241
2022-08-11,09989.HK,5.3782852354535,5.5286649213133,5.3782852354535,5.5198190574392,123500,672957.9400861242
2022-08-11,09992.HK,16.84260675076,17.054827454377,16.533922090952,17.016241871901,2932800,49650615.62027009
2022-08-11,09988.HK,85.649291507735,86.966972915547,84.143369898808,86.35519226192,52998669,4558004350.911909
2022-08-12,09989.HK,5.4844356019427,5.5640483768097,5.4402062825722,5.5640483768097,383500,2118546.802925773
2022-08-12,09992.HK,17.035534663139,18.289566093608,16.861899541998,17.942295851325,7486760,130935311.19123426
2022-08-12,09988.HK,87.437573418337,87.908173921126,85.88459175913,87.437573418337,26387695,2307276018.903184
2022-08-15,09989.HK,5.5286649213133,5.5994318323061,5.4844356019427,5.5640483768097,280500,1555753.040061751
2022-08-15,09988.HK,86.402252312199,88.284654323358,86.308132211641,86.35519226192,23076972,1993359355.614248
2022-08-15,09992.HK,18.038759807515,19.119156116842,17.768660730183,18.617543544654,9209094,168785671.63131973
2022-08-16,09992.HK,18.887642621986,18.984106578176,17.903710268849,18.096638181228,5132600,94912759.82528809
2022-08-16,09989.HK,5.510973193565,5.6171235600543,5.4844356019427,5.5640483768097,220000,1218252.3727412173
2022-08-16,09988.HK,86.590492513315,86.966972915547,83.343349044066,84.661030451877,33043745,2829395827.8617244
2022-08-17,09992.HK,17.942295851325,18.887642621986,17.112705828091,18.694714709606,12098200,221620940.58412772
2022-08-17,09989.HK,5.5375107851874,5.5640483768097,5.4667438741945,5.5375107851874,430500,2383898.3930231757
2022-08-17,09988.HK,85.46105130662,86.025771909967,84.378670150203,85.037510854109,24355633,2076300203.5072014
2022-08-18,09992.HK,18.810471457034,19.080570534366,17.633611191517,17.768660730183,8866770,162169375.95182502
2022-08-18,09988.HK,83.766889496576,83.813949546855,82.355087988207,83.060988742392,41421479,3455128727.544985
2022-08-18,09989.HK,5.4755897380686,5.7321197904176,5.4755897380686,5.7321197904176,708000,3967529.1730841147
2022-08-19,09989.HK,5.6348152878025,5.7498115181658,5.6348152878025,5.6348152878025,265500,1496043.4589115637
2022-08-19,09992.HK,17.961588642563,18.617543544654,17.787953521421,18.038759807515,4450339,80106877.36048584
2022-08-19,09988.HK,82.825688490997,84.943390753551,82.68450834016,84.237489999366,26850751,2242885903.4566464
2022-08-22,09992.HK,17.845831895135,18.810471457034,17.652903982755,18.55966517094,4441978,80856208.52328485
2022-08-22,09989.HK,5.5817401045579,5.7498115181658,5.5817401045579,5.7055821987953,305500,1724138.4818372014
2022-08-22,09988.HK,82.637448289881,84.472790250761,82.543328189323,83.296288993787,34067261,2826453968.3740745
2022-08-23,09989.HK,5.6082776961802,5.7055821987953,5.5640483768097,5.6259694239284,262000,1471686.3727342265
2022-08-23,09992.HK,18.55966517094,18.868349830748,17.980881433801,18.096638181228,3621305,66371827.30536136
2022-08-23,09988.HK,83.766889496576,84.04924979825,81.649187234023,83.202168893229,36228033,3024480278.6623917
2022-08-24,09988.HK,81.74330733458,82.355087988207,80.472685977048,81.178586731233,35976874,2930710227.3235507
2022-08-24,09989.HK,5.5728942406838,5.5728942406838,5.4136686909499,5.4490521464463,279500,1540317.0076014316
2022-08-24,09992.HK,18.46320121475,18.46320121475,17.267048157995,17.498561652851,5161898,92815475.91137192
2022-08-25,09992.HK,18.289566093608,19.823342997028,18.289566093608,18.617543544654,16016600,295563206.1160936
2022-08-25,09988.HK,84.708090502156,89.602335731169,83.672769396018,88.284654323358,66382425,5741838954.46191
2022-08-25,09989.HK,5.4313604186981,5.5198190574392,5.4136686909499,5.5198190574392,119500,654332.9736992037
2022-08-26,09989.HK,5.4844356019427,5.6259694239284,5.4844356019427,5.510973193565,151500,832902.2162597083
2022-08-26,09988.HK,91.908278194839,91.908278194839,89.13173522838,90.167056334517,54668306,4976875051.5515995
2022-08-26,09992.HK,19.177034490556,19.177034490556,18.36673725856,18.829764248272,12085800,229671284.0988637
2022-08-29,09992.HK,18.714007500844,18.829764248272,18.289566093608,18.810471457034,14394758,270077896.837373
2022-08-29,09989.HK,5.422514554824,5.6348152878025,5.4048228270758,5.5728942406838,436000,2396999.1174207004
2022-08-29,09988.HK,89.178795278659,91.108257340097,88.284654323358,89.55527568089,37070401,3312871841.416468
2022-08-30,09988.HK,89.790575932285,89.837635982564,87.249333217221,89.602335731169,35706777,3202771346.073826
2022-08-30,09992.HK,19.080570534366,19.080570534366,18.501786797226,18.714007500844,4033286,76218171.23266001
2022-08-30,09989.HK,5.679044607173,5.6878904710471,5.5021273296909,5.6436611516766,524000,2966548.9088185956
2022-08-31,09989.HK,5.5728942406838,5.6613528794248,5.5728942406838,5.6525070155507,487500,2736191.5562071595
2022-08-31,09988.HK,86.496372412757,91.202377440655,86.119892010525,88.755254826148,52002425,4556754800.809557
2022-08-31,09992.HK,18.810471457034,20.064502887503,18.231687719894,19.726879040838,11817782,227713003.52072138
2022-09-01,09988.HK,88.331714373637,89.931756083122,86.449312362478,86.778732714431,41471390,3631036822.131816
2022-09-01,09989.HK,5.5817401045579,5.8028867014104,5.5286649213133,5.6701987432989,554000,3116787.0608563335
2022-09-01,09992.HK,19.678647062743,20.112734865598,19.157741699318,19.437487172268,4868400,95216493.95486379
2022-09-02,09988.HK,86.590492513315,87.2963932675,84.896330703272,85.319871155783,40477868,3479282504.214872
2022-09-02,09992.HK,19.678647062743,19.678647062743,18.521079588464,18.791178665796,4146701,79761432.4091792
2022-09-02,09989.HK,5.6348152878025,5.7232739265435,5.6171235600543,5.7055821987953,295500,1675543.7286448248
2022-09-05,09988.HK,84.237489999366,84.237489999366,82.402148038486,83.296288993787,35505940,2974222152.452076
2022-09-05,09989.HK,5.590585968432,5.7321197904176,5.5640483768097,5.590585968432,232000,1297015.9446762241
2022-09-05,09992.HK,18.791178665796,18.906935413224,17.633611191517,18.347444467322,8573310,159200464.54669595
2022-09-06,09992.HK,18.347444467322,18.598250753416,17.826539103897,17.980881433801,4947820,89873008.73004718
2022-09-06,09988.HK,83.625709345739,84.237489999366,82.072727686533,82.872748541276,29242315,2434400176.2731633
2022-09-06,09989.HK,5.5640483768097,5.5994318323061,5.5463566490615,5.5817401045579,113500,632523.4963176113
2022-09-07,09992.HK,17.537147235327,17.942295851325,17.498561652851,17.807246312659,5402975,95482437.36496483
2022-09-07,09988.HK,81.037406580396,82.68450834016,80.896226429559,82.260967887649,28479263,2325308676.973969
2022-09-07,09989.HK,5.5198190574392,5.6259694239284,5.510973193565,5.510973193565,173000,954163.5297118634
2022-09-08,09989.HK,5.4932814658168,5.6525070155507,5.4932814658168,5.5375107851874,193000,1064471.4522219053
2022-09-08,09992.HK,17.923003060087,18.038759807515,17.247755366757,17.382804905423,4469462,78898983.54057212
2022-09-08,09988.HK,83.296288993787,83.955129697692,81.649187234023,82.072727686533,33528981,2772327309.131566
2022-09-09,09988.HK,82.072727686533,85.037510854109,81.460947032907,84.51985030104,31544613,2627549200.6451545
2022-09-09,09989.HK,5.510973193565,5.6701987432989,5.510973193565,5.590585968432,199500,1107380.5264092009
2022-09-09,09992.HK,17.421390487899,18.058052598752,17.421390487899,18.058052598752,4931807,87488882.88542351
2022-09-13,09988.HK,86.402252312199,86.872852814989,85.46105130662,85.837531708851,41280098,3555037581.943889
2022-09-13,09989.HK,5.5463566490615,5.590585968432,5.5375107851874,5.5375107851874,207840,1151835.5037671456
2022-09-13,09992.HK,18.212394928656,18.46320121475,18.038759807515,18.193102137418,2839406,51684993.40119645
2022-09-14,09988.HK,82.637448289881,83.108048792671,81.790367384859,81.978607585975,35250138,2901369343.319817
2022-09-14,09989.HK,5.4578980103204,5.6436611516766,5.4578980103204,5.6436611516766,201500,1118482.0855711976
2022-09-14,09992.HK,17.614318400279,17.942295851325,17.479268861613,17.845831895135,3169239,56190845.63104378
2022-09-15,09989.HK,5.6171235600543,5.7055821987953,5.5640483768097,5.6348152878025,945500,5319354.090324301
2022-09-15,09988.HK,81.790367384859,83.343349044066,81.790367384859,82.919808591555,21920813,1805290483.388032
2022-09-15,09992.HK,17.845831895135,18.36673725856,17.691489565231,18.000174225039,3080469,55211255.31350313
2022-09-16,09988.HK,81.602127183744,82.496268139044,80.990346530117,81.696247284301,39457544,3221676397.850681
2022-09-16,09989.HK,5.5286649213133,5.5286649213133,5.334055916083,5.334055916083,470774,2556943.2697522026
2022-09-16,09992.HK,17.903710268849,18.115930972466,17.382804905423,17.652903982755,5972233,106176192.50084986
2022-09-19,09988.HK,80.049145524537,80.472685977048,78.307923664215,78.778524167005,41066371,3261238004.3091593
2022-09-19,09992.HK,17.652903982755,17.826539103897,17.170584201805,17.382804905423,4456616,78070350.40119815
2022-09-19,09989.HK,5.3075183244607,5.4402062825722,5.0598341359859,5.0598341359859,588000,3048001.6233713003
2022-09-20,09992.HK,17.459976070375,17.652903982755,17.054827454377,17.324926531709,3832650,66659178.478938624
2022-09-20,09989.HK,5.0332965443636,5.2102138218456,5.0156048166154,5.0156048166154,300500,1509847.4294870947
2022-09-20,09988.HK,80.284445775932,82.21390783737,80.096205574816,81.131526680954,36089021,2912672209.8659897
2022-09-21,09992.HK,17.267048157995,17.267048157995,15.78150323267,16.64967883838,10729104,181948045.64185753
2022-09-21,09988.HK,79.155004569237,79.202064619516,77.743203060868,78.166743513378,37225757,2928210582.469321
2022-09-21,09989.HK,5.0244506804895,5.0952175914823,4.9183003140003,4.9890672249931,357000,1787412.9461286443
2022-09-22,09992.HK,16.630386047142,16.630386047142,15.627160902767,15.897259980098,9863489,160418039.3927877
2022-09-22,09989.HK,4.9271461778744,5.0509882721118,4.9006085862521,4.9094544501262,319500,1571396.9503230958
2022-09-22,09988.HK,75.296080446361,76.23728145194,75.013720144687,76.096101301103,49260960,3728862104.6872773
2022-09-23,09988.HK,74.496059591618,75.625500798314,73.790158837434,73.790158837434,45213463,3352266725.1759305
2022-09-23,09989.HK,4.9094544501262,5.0156048166154,4.8652251307557,4.8652251307557,531500,2597621.0986193647
2022-09-23,09992.HK,15.87796718886,16.109480683716,15.202719495531,15.858674397622,8223899,130499467.50321387
2022-09-26,09989.HK,5.2898265967125,5.2898265967125,4.7059995810218,4.7148454448959,460500,2303575.7375803343
2022-09-26,09988.HK,72.848957831854,75.578440748035,72.190117127948,74.072519139107,47488911,3488570471.9312587
2022-09-26,09992.HK,15.78150323267,16.861899541998,15.492111364101,16.244530222382,7045971,112827251.4846631
2022-09-27,09992.HK,16.244530222382,17.614318400279,15.955138353812,17.267048157995,10109380,169390640.12350783
2022-09-27,09989.HK,4.6883078532736,4.9271461778744,4.6883078532736,4.8652251307557,346000,1652761.2062370689
2022-09-27,09988.HK,73.978399038549,74.543119641897,71.578336474322,73.319558334644,49807775,3668291759.4017944
2022-09-28,09988.HK,72.048936977112,72.707777681017,70.072414865395,70.307715116789,53790769,3828736894.198198
2022-09-28,09989.HK,4.7767664920146,4.8209958113852,4.7148454448959,4.7148454448959,150000,711870.8952682875
2022-09-28,09992.HK,17.267048157995,17.382804905423,16.456750926,16.611093255904,5148422,87209484.28721437
2022-09-29,09988.HK,74.213699289944,74.543119641897,71.390096273206,72.331297278785,62711018,4594992958.815751
2022-09-29,09992.HK,16.861899541998,17.074120245615,15.260597869245,15.549989737815,3300480,53487396.1651186
2022-09-29,09989.HK,4.7059995810218,4.7767664920146,4.5202364396657,4.5290823035398,163000,752659.1735917703
2022-09-30,09992.HK,15.434232990387,15.434232990387,13.755760152682,13.929395273824,11974460,175806796.05233204
2022-09-30,09988.HK,72.754837731296,74.119579189386,71.437156323485,73.366618384923,46992673,3433318902.7766647
2022-09-30,09989.HK,4.4936988480434,4.5821574867844,4.4494695286729,4.5821574867844,259500,1177592.3594439072
2022-10-03,09992.HK,13.929395273824,14.990498791913,13.736467361444,14.643228549629,6115451,87367240.46687974
2022-10-03,09989.HK,4.5025447119175,4.5998492145326,4.3963943454283,4.3963943454283,91500,407126.46187357034
2022-10-03,09988.HK,73.319558334644,74.119579189386,72.284237228506,73.084258083249,30742228,2250389752.1945047
2022-10-05,09989.HK,4.4229319370506,4.6440785339031,4.4140860731765,4.4494695286729,337500,1497217.7473408405
2022-10-05,09992.HK,15.414940199149,16.128773474954,15.279890660483,15.97443114505,8364906,131284570.34665914
2022-10-05,09988.HK,77.17848245752,79.625605072027,76.613761854172,79.249124669795,65113124,5092745089.952073
2022-10-06,09988.HK,78.119683463099,79.578545021748,77.790263111147,78.260863613936,29151683,2279378067.87815
2022-10-06,09992.HK,15.97443114505,16.07089510124,15.202719495531,15.279890660483,1810500,28292974.814458746
2022-10-06,09989.HK,4.4140860731765,4.5556198951621,4.4140860731765,4.5113905757916,49500,220905.54706196047
2022-10-07,09992.HK,15.144841121817,15.241305078007,14.662521340867,14.874742044485,1419800,21310902.08975779
2022-10-07,09988.HK,76.896122155846,77.931443261983,76.425521653056,76.566701803893,27043107,2075055784.432693
2022-10-07,09989.HK,4.4229319370506,4.4229319370506,4.2460146595686,4.3521650260578,167000,732720.5964195514
2022-10-10,09992.HK,15.260597869245,15.260597869245,12.887584546973,13.292733162971,10156957,145007477.75049177
2022-10-10,09988.HK,74.590179692176,74.87253999385,73.413678435202,74.072519139107,28520208,2119945546.2547739
2022-10-10,09989.HK,4.3344732983096,4.4671612564211,4.3079357066873,4.3610108899319,378000,1643446.5115776437
2022-10-11,09992.HK,13.138390833067,13.736467361444,12.598192678403,12.713949425831,6753435,87296049.76817541
2022-10-11,09988.HK,73.554858586039,73.978399038549,71.154796021811,71.531276424043,39298810,2850856226.69778
2022-10-11,09989.HK,4.3433191621837,4.4140860731765,4.3079357066873,4.3433191621837,277500,1205271.067505977
2022-10-12,09989.HK,4.3167815705614,4.4848529841693,4.2990898428132,4.4317778009247,306000,1338529.5838373732
2022-10-12,09992.HK,12.713949425831,12.713949425831,11.96153056755,12.521021513451,21261900,268271714.30696
2022-10-12,09988.HK,70.119474915674,72.801897781575,68.048832703399,69.978294764837,56354876,3947596219.110879
2022-10-13,09989.HK,4.3875484815542,4.5290823035398,4.3787026176801,4.4848529841693,288500,1279843.9114306148
2022-10-13,09992.HK,12.521021513451,12.578899887165,11.633553116504,11.710724281456,12746010,154429037.10967126
2022-10-13,09988.HK,69.978294764837,70.543015368184,68.331193005072,68.472373155909,25774888,1784275229.5912106
2022-10-14,09989.HK,4.4848529841693,4.6794619893995,4.4848529841693,4.6529243977772,550000,2512888.780035287
2022-10-14,09992.HK,11.845773820122,12.791120590783,11.845773820122,12.347386392309,11042398,133575251.97171383
2022-10-14,09988.HK,69.648874412884,71.625396524601,68.095892753678,68.942973658699,43037199,2982302472.617242
2022-10-17,09988.HK,67.907652552562,70.26065506651,66.731151295587,68.89591360842,45035937,3080538393.5006585
2022-10-17,09992.HK,12.347386392309,12.521021513451,11.710724281456,12.347386392309,6580143,81247568.13764732
2022-10-17,09989.HK,4.6263868061549,4.7148454448959,4.5290823035398,4.635232670029,680000,3148950.621902526
2022-10-18,09992.HK,12.656071052117,12.848998964497,12.135165688692,12.848998964497,9825885,125304942.45009862
2022-10-18,09988.HK,70.872435720137,71.907756826275,69.507694262047,71.531276424043,35967664,2560964435.377293
2022-10-18,09989.HK,4.6086950784067,4.72369130877,4.6086950784067,4.7148454448959,189500,883405.4645829215
2022-10-19,09992.HK,12.829706173259,12.829706173259,11.826481028884,11.96153056755,7239230,89734732.37558337
2022-10-19,09989.HK,4.7413830365182,4.7413830365182,4.635232670029,4.6794619893995,265500,1250617.1771905746
2022-10-19,09988.HK,70.684195519021,71.154796021811,68.237072904514,68.42531310563,39088213,2718771051.7228475
2022-10-20,09989.HK,4.6175409422808,4.7856123558888,4.5821574867844,4.6440785339031,388500,1799069.5832487224
2022-10-20,09988.HK,64.942869384986,67.013511597261,64.001668379407,65.789950290008,63153613,4128124950.0766788
2022-10-20,09992.HK,11.57567474279,11.86506661136,11.28628287422,11.76860265517,8520154,99448419.22466923
2022-10-21,09989.HK,4.6086950784067,4.7325371726441,4.6086950784067,4.7325371726441,413000,1928964.4598419901
2022-10-21,09988.HK,65.978190491124,66.919391496703,65.272289736939,65.507589988334,55066786,3620249667.852646
2022-10-21,09992.HK,12.000116150026,12.000116150026,11.363454039172,11.594967534028,6840239,80698005.81196493
2022-10-24,09989.HK,4.7325371726441,4.7325371726441,4.4760071202952,4.5202364396657,1106500,5119097.0010103965
2022-10-24,09992.HK,10.803963093271,11.266990082982,9.9164946963235,10.051544234989,18411693,191992599.14358667
2022-10-24,09988.HK,62.119266368248,63.295767625222,57.225021139234,58.025041993977,169668961,10192379984.941162
2022-10-25,09988.HK,58.213282195093,62.072206317969,56.707360586165,59.860383954857,102026681,6023332135.390723
2022-10-25,09989.HK,4.7944582197629,4.7944582197629,4.4229319370506,4.4760071202952,231500,1073056.3631117248
2022-10-25,09992.HK,10.070837026227,11.209111709268,10.051544234989,10.572449598415,14198717,146554092.3665885
2022-10-26,09988.HK,58.166222144814,60.848645010715,57.648561591745,58.636822647603,93276020,5447461571.059192
2022-10-26,09989.HK,4.458315392547,4.7148454448959,4.458315392547,4.6617702616513,177500,809407.6018100992
2022-10-26,09992.HK,10.340936103559,11.09335496184,10.167300982417,10.533864015939,17218252,179713784.45357335
2022-10-27,09988.HK,63.578127926896,63.954608329128,60.848645010715,61.036885211831,91203977,5682692396.079577
2022-10-27,09989.HK,4.6440785339031,4.7059995810218,4.5821574867844,4.5998492145326,107500,496861.1164784189
2022-10-27,09992.HK,10.842548675747,11.537089160314,10.456692850987,10.533864015939,14540600,155412933.19236472
2022-10-28,09988.HK,60.472164608484,60.754524910157,57.319141239792,58.119162094535,69414690,4115990089.8893933
2022-10-28,09992.HK,10.437400059749,10.475985642225,9.5981636408968,9.8393235313715,10226600,103680970.73847646
2022-10-28,09989.HK,4.5556198951621,4.6263868061549,4.4229319370506,4.5821574867844,323500,1478035.4915298463
2022-10-31,09988.HK,57.41326134035,60.754524910157,56.754420636444,57.836801792861,65768272,3789898750.0810966
2022-10-31,09989.HK,4.4406236647988,4.4671612564211,4.2990898428132,4.3521650260578,701000,3081872.4361452386
2022-10-31,09992.HK,9.8200307401336,10.321643312321,9.6271028277537,9.8007379488956,10674446,104720417.92476648
2022-11-01,09992.HK,9.9357874875615,10.881134258223,9.7814451576576,10.765377510795,12690128,131350216.7891319
2022-11-01,09989.HK,4.3433191621837,4.5733116229103,4.3167815705614,4.4406236647988,694500,3050224.1466696733
2022-11-01,09988.HK,59.342723401788,64.236968630802,59.154483200672,62.213386468806,112728864,6851441088.985624
2022-11-02,09988.HK,61.460425664342,64.001668379407,60.378044507926,63.436947776059,44674540,2789866352.829066
2022-11-02,09989.HK,4.3875484815542,4.6175409422808,4.3875484815542,4.6086950784067,413000,1857724.2951319255
2022-11-02,09992.HK,10.456692850987,11.363454039172,10.418107268511,11.247697291744,7595155,82424103.65725704
2022-11-03,09992.HK,10.996891005651,11.440625204124,10.514571224701,10.996891005651,10911310,119990486.7988698
2022-11-03,09989.HK,4.5202364396657,4.5644657590362,4.4760071202952,4.546774031288,209500,949769.3468324002
2022-11-03,09988.HK,59.860383954857,61.178065362668,59.154483200672,59.295663351509,58022487,3456865102.902503
2022-11-04,09989.HK,4.5113905757916,4.6794619893995,4.5113905757916,4.6175409422808,1613200,7363396.162477197
2022-11-04,09988.HK,60.236864357089,71.719516625159,60.236864357089,65.789950290008,151997251,9577864689.322638
2022-11-04,09992.HK,11.054769379365,12.482435930975,11.054769379365,11.845773820122,17411213,199363117.73098484
2022-11-07,09988.HK,62.778107072153,67.578232200609,62.401626669922,65.601710088892,99793174,6405714716.020175
2022-11-07,09992.HK,11.57567474279,13.48566107535,11.363454039172,13.022634085639,15495773,190584904.89461586
2022-11-07,09989.HK,4.5644657590362,4.7325371726441,4.5644657590362,4.6794619893995,1144005,5287549.781924591
2022-11-08,09992.HK,13.119098041829,13.119098041829,12.347386392309,12.598192678403,8743600,112430851.57071026
2022-11-08,09989.HK,4.7502289003923,4.7502289003923,4.6086950784067,4.6706161255254,208000,979767.8826954408
2022-11-08,09988.HK,64.707569133591,64.942869384986,62.495746770479,63.154587474385,64928791,4150967621.6042714
2022-11-09,09989.HK,4.6440785339031,4.7413830365182,4.5821574867844,4.5821574867844,617500,2848600.3713872656
2022-11-09,09988.HK,62.778107072153,63.766368128012,61.319245513505,62.119266368248,63076446,3939041215.677644
2022-11-09,09992.HK,12.443850348499,12.829706173259,11.942237776312,12.212336853644,8268007,101928764.19031438
2022-11-10,09989.HK,4.5379281674139,4.5644657590362,4.4760071202952,4.4760071202952,429500,1935742.6030355291
2022-11-10,09988.HK,60.142744256531,60.707464859878,58.919182949277,59.295663351509,58517362,3494610267.3516154
2022-11-10,09992.HK,12.077287314978,12.096580106216,11.57567474279,11.807188237646,5195000,62039925.24794084
2022-11-11,09988.HK,64.707569133591,67.248811848656,63.107527424106,66.637031195029,110961720,7287111382.58812
2022-11-11,09992.HK,13.022634085639,14.16090876868,13.022634085639,14.06444481249,22290879,301897399.0908234
2022-11-11,09989.HK,4.5821574867844,4.6706161255254,4.5113905757916,4.5733116229103,1874500,8580963.423061358
2022-11-14,09992.HK,14.431007846012,14.894034835723,13.736467361444,14.141615977442,15164790,216648920.01583847
2022-11-14,09989.HK,4.6263868061549,4.7944582197629,4.6175409422808,4.6971537171477,1717500,8006590.424386108
2022-11-14,09988.HK,68.707673407304,69.36651411121,65.884070390566,66.872331446424,93784730,6357667074.302784
2022-11-15,09989.HK,4.7413830365182,4.7944582197629,4.6883078532736,4.72369130877,6332026,29966548.423148934
2022-11-15,09988.HK,66.825271396145,76.096101301103,65.648770139171,74.260759340223,187288574,13211900753.967266
2022-11-15,09992.HK,14.392422263536,16.398872552286,14.218787142394,16.090187892478,20333470,309908619.56450295
2022-11-16,09992.HK,16.07089510124,16.07089510124,14.836156462009,15.106255539341,11811891,184130552.52856147
2022-11-16,09988.HK,73.178378183807,76.049041250824,72.472477429622,74.166639239665,100509510,7404787751.0873165
2022-11-16,09989.HK,4.7325371726441,4.7856123558888,4.5998492145326,4.6086950784067,3770008,17608260.158159763
2022-11-17,09989.HK,4.6086950784067,4.6440785339031,4.5202364396657,4.5644657590362,1297500,5951088.0932910815
2022-11-17,09988.HK,72.472477429622,75.013720144687,69.648874412884,73.648978686597,89532516,6541310803.834338
2022-11-17,09992.HK,14.585350175915,15.588575320291,13.87151690011,15.067669956865,18199990,269842334.9431973
2022-11-18,09988.HK,78.354983714494,78.590283965889,74.590179692176,75.249020396082,110896755,8517092805.43477
2022-11-18,09992.HK,15.395647407911,15.897259980098,14.334543889822,14.431007846012,9089079,135548412.9543356
2022-11-18,09989.HK,4.5998492145326,4.635232670029,4.5556198951621,4.6175409422808,1647950,7594899.0544603225
2022-11-21,09992.HK,13.852224108872,14.25737272487,13.369904327923,14.06444481249,7232723,100956766.69546008
2022-11-21,09988.HK,72.613657580459,72.754837731296,70.590075418463,71.67245657488,49675006,3583706793.1915755
2022-11-21,09989.HK,4.6086950784067,4.6086950784067,4.5379281674139,4.5733116229103,527500,2421754.267472359
2022-11-22,09988.HK,70.778315619579,71.248916122369,67.954712602841,68.801793507862,60909746,4250894496.8023567
2022-11-22,09989.HK,4.6175409422808,4.6175409422808,4.4936988480434,4.5290823035398,1270000,5808105.761096081
2022-11-22,09992.HK,13.852224108872,14.25737272487,13.119098041829,13.408489910398,11948588,162863520.20104066
2022-11-23,09992.HK,13.562832240302,13.640003405254,12.829706173259,13.408489910398,6831278,92124299.8194948
2022-11-23,09989.HK,4.5113905757916,4.5998492145326,4.4936988480434,4.5910033506585,1391000,6330714.975846045
2022-11-23,09988.HK,69.413574161489,71.954816876554,68.754733457583,70.966555820695,54202563,3804481419.6537585
2022-11-24,09992.HK,13.87151690011,13.87151690011,13.119098041829,13.157683624305,4491840,60705422.041794136
2022-11-24,09989.HK,4.5556198951621,4.6263868061549,4.5556198951621,4.5998492145326,623000,2851928.627669899
2022-11-24,09988.HK,72.190117127948,72.660717630738,70.495955317905,71.907756826275,31644335,2279940698.097604
2022-11-25,09992.HK,13.003341294401,13.157683624305,12.713949425831,13.119098041829,3277000,42801616.85241286
2022-11-25,09989.HK,4.5821574867844,4.6529243977772,4.5644657590362,4.635232670029,1110500,5117955.8845706405
2022-11-25,09988.HK,71.437156323485,71.531276424043,69.507694262047,70.354775167068,28359869,2010600301.1645288
2022-11-28,09988.HK,66.448790993913,69.037093759257,65.69583018945,67.954712602841,65982901,4434166535.938881
2022-11-28,09989.HK,4.5910033506585,4.5910033506585,4.546774031288,4.5733116229103,1235500,5661255.574922126
2022-11-28,09992.HK,12.733242217069,13.562832240302,12.405264766023,13.38919711916,7560626,98750997.01445787
2022-11-29,09989.HK,4.5910033506585,4.6971537171477,4.5821574867844,4.6883078532736,1740500,8075320.575221909
2022-11-29,09988.HK,69.319454060931,74.166639239665,68.89591360842,74.119579189386,94542048,6780509983.312532
2022-11-29,09992.HK,13.138390833067,14.836156462009,13.138390833067,14.816863670771,10397886,145337774.71594703
2022-11-30,09989.HK,4.6883078532736,4.7413830365182,4.6529243977772,4.7325371726441,2388000,11248488.960945733
2022-11-30,09988.HK,73.131318133528,76.143161351382,71.954816876554,75.201960345803,109081005,8090171545.735148
2022-11-30,09992.HK,14.836156462009,16.726850003332,14.469593428488,16.726850003332,14462742,228243809.6262794
2022-12-01,09992.HK,17.363512114185,19.04198495189,16.476043717238,16.591800464666,25523644,433331655.0856574
2022-12-01,09988.HK,80.566806077606,81.790367384859,77.602022910031,77.931443261983,106301600,8424308750.998627
2022-12-01,09989.HK,4.7413830365182,4.8386875391334,4.72369130877,4.7413830365182,1829500,8674360.265310047
2022-12-02,09989.HK,4.7944582197629,4.7944582197629,4.7148454448959,4.7590747642664,579000,2765747.798876482
2022-12-02,09992.HK,16.958363498187,17.286340949233,16.013016727526,16.881192333235,10241741,173287983.19023192
2022-12-02,09988.HK,78.684404066447,80.707986228443,78.07262341282,79.813845273142,74134786,5875116898.082536
2022-12-05,09989.HK,4.7944582197629,4.9536837694967,4.7944582197629,4.9271461778744,2281500,11089920.21660475
2022-12-05,09992.HK,17.845831895135,18.521079588464,17.112705828091,17.459976070375,20674318,364961750.5629434
2022-12-05,09988.HK,83.578649295461,87.390513368058,82.119787736812,87.202273166942,132953207,11352935667.897408
2022-12-06,09989.HK,4.8740709946298,4.9713754972449,4.8740709946298,4.9713754972449,1115500,5491297.780843114
2022-12-06,09992.HK,17.267048157995,17.865124686373,16.939070706949,17.324926531709,11020720,190614233.65115735
2022-12-06,09988.HK,82.966868641834,86.35519226192,82.966868641834,84.566910351319,66889543,5603128956.957502
2022-12-07,09992.HK,17.363512114185,18.675421918368,17.093413036853,17.170584201805,27200722,469676176.70623404
2022-12-07,09989.HK,4.9625296333708,5.1836762302233,4.9448379056226,5.0244506804895,3262000,16288764.89190615
2022-12-07,09988.HK,83.955129697692,86.590492513315,79.813845273142,80.049145524537,83595457,6855006168.578006
2022-12-08,09989.HK,5.0244506804895,5.1482927747269,5.0244506804895,5.1394469108528,1690500,8591034.439082079
2022-12-08,09992.HK,17.710782356469,21.222070361782,17.652903982755,20.980910471307,34612988,669617549.7737483
2022-12-08,09988.HK,81.696247284301,85.743411608293,81.225646781512,84.143369898808,70524387,5847868671.0767145
2022-12-09,09988.HK,85.319871155783,87.71993372001,83.625709345739,86.449312362478,85186929,7316244620.379035
2022-12-09,09989.HK,5.0952175914823,5.2013679579715,5.0952175914823,5.1836762302233,1134500,5830702.520362502
2022-12-09,09992.HK,21.607926186541,21.849086077016,19.968038931313,21.270302339877,20750460,444871482.9541478
2022-12-12,09988.HK,84.51985030104,85.555171407177,82.449208088765,83.15510884295,48772508,4088964143.124963
2022-12-12,09989.HK,5.1306010469787,5.2279055495938,5.0598341359859,5.1306010469787,1467500,7529157.036441241
2022-12-12,09992.HK,21.077374427497,21.077374427497,19.254205655507,19.678647062743,12386000,252402041.08905634
2022-12-13,09992.HK,19.678647062743,20.546822668452,19.022692160652,19.119156116842,9582672,185893311.09526008
2022-12-13,09988.HK,82.543328189323,84.943390753551,81.978607585975,83.15510884295,49026085,4061772829.155682
2022-12-13,09989.HK,5.1659845024751,5.1659845024751,4.9979130888672,5.0332965443636,904000,4610075.033171092
2022-12-14,09989.HK,5.1217551831046,5.1217551831046,4.9890672249931,5.0332965443636,614000,3117600.8803327377
2022-12-14,09992.HK,19.775111018933,19.968038931313,18.540372379702,19.157741699318,8819817,171690318.13146317
2022-12-14,09988.HK,84.425730200482,85.178691004946,83.343349044066,84.237489999366,42497183,3583855867.1011186
2022-12-15,09989.HK,5.0421424082377,5.0775258637341,4.9979130888672,5.0332965443636,557000,2806009.748299462
2022-12-15,09992.HK,19.003399369414,19.437487172268,18.231687719894,18.501786797226,9903204,185710754.83310696
2022-12-15,09988.HK,83.296288993787,83.343349044066,80.190325675374,80.84916637928,46551464,3820605628.281468
2022-12-16,09992.HK,18.308858884846,18.868349830748,17.749367938945,18.193102137418,10059206,183590372.66346207
2022-12-16,09988.HK,79.202064619516,83.531589245182,79.202064619516,81.366826932349,77057783,6186541400.877073
2022-12-16,09989.HK,4.9979130888672,5.1040634553564,4.9890672249931,5.06867999986,760500,3827822.0219885176
2022-12-19,09992.HK,18.328151676084,19.215620073031,17.768660730183,18.115930972466,5016955,91419161.33202809
2022-12-19,09989.HK,5.1129093192305,5.1129093192305,4.8563792668816,4.9094544501262,863011,4324705.089478147
2022-12-19,09988.HK,81.790367384859,85.46105130662,81.31976688207,81.931547535696,70038366,5733407699.713346
2022-12-20,09989.HK,4.8740709946298,4.8740709946298,4.7413830365182,4.7944582197629,484500,2342201.2021866315
2022-12-20,09992.HK,18.289566093608,18.289566093608,16.84260675076,17.267048157995,7574316,134658516.1158723
2022-12-20,09988.HK,80.002085474258,80.519746027327,77.64908296031,79.107944518958,57291122,4557796069.882499
2022-12-21,09992.HK,17.498561652851,17.749367938945,16.996949080663,17.479268861613,5134831,89802624.21920785
2022-12-21,09989.HK,4.803304083637,4.803304083637,4.72369130877,4.803304083637,242000,1162399.588240154
2022-12-21,09988.HK,79.48442492119,80.37856587649,78.778524167005,79.48442492119,31475853,2501840074.608913
2022-12-22,09988.HK,81.413886982628,83.908069647413,81.366826932349,82.731568390439,53772623,4413265844.469628
2022-12-22,09992.HK,18.000174225039,19.726879040838,17.865124686373,19.157741699318,10380604,192860805.338022
2022-12-22,09989.HK,4.7767664920146,4.9094544501262,4.7148454448959,4.8386875391334,2352000,11307773.94063005
2022-12-23,09988.HK,80.37856587649,82.402148038486,80.37856587649,81.413886982628,34114821,2759760284.2198744
2022-12-23,09989.HK,4.8121499475111,4.8209958113852,4.7590747642664,4.7767664920146,332500,1594157.3580711477
2022-12-23,09992.HK,18.771885874558,19.437487172268,18.308858884846,18.810471457034,6858484,128878998.22050321
2022-12-28,09988.HK,82.166847787091,84.096309848529,82.166847787091,82.543328189323,55669943,4584703054.063469
2022-12-28,09989.HK,4.7767664920146,4.8652251307557,4.7590747642664,4.8475334030075,295500,1421990.3094895151
2022-12-28,09992.HK,19.292791237983,19.823342997028,18.906935413224,19.119156116842,8733466,167734718.10857704
2022-12-29,09992.HK,19.099863325604,19.099863325604,18.405322841036,18.771885874558,5356200,101424331.53295386
2022-12-29,09988.HK,80.37856587649,80.802106329001,79.672665122306,80.519746027327,44950446,3616225440.361841
2022-12-29,09989.HK,4.7767664920146,4.8386875391334,4.7767664920146,4.8386875391334,414000,1990398.9844476362
2022-12-30,09988.HK,82.166847787091,83.108048792671,80.660926178164,81.178586731233,35928445,2934373730.046353
2022-12-30,09989.HK,4.8652251307557,4.8652251307557,4.7944582197629,4.8298416752593,479500,2324392.2667420963
2022-12-30,09992.HK,19.157741699318,19.292791237983,18.501786797226,19.119156116842,4559236,87256705.24587902
2023-01-03,09988.HK,80.660926178164,83.908069647413,79.625605072027,83.437469144624,45393323,3724485731.3345027
2023-01-03,09992.HK,19.003399369414,20.980910471307,18.675421918368,20.884446515117,9927768,197998639.9806893
2023-01-03,09989.HK,4.8121499475111,4.9183003140003,4.7944582197629,4.891762722378,417500,2025691.7698393494
2023-01-04,09992.HK,20.353894756073,21.800854098921,20.353894756073,21.559694208446,12386255,259576200.43985915
2023-01-04,09988.HK,85.413991256341,90.825897038423,84.237489999366,90.731776937865,118636981,10448701077.243212
2023-01-04,09989.HK,4.9183003140003,5.0067589527413,4.9006085862521,4.9890672249931,622000,3081191.3046269473
2023-01-05,09988.HK,96.096622669668,97.696664379153,92.425938747908,93.743620155719,104685426,9936753346.059542
2023-01-05,09989.HK,5.0067589527413,5.06867999986,4.9625296333708,5.0332965443636,700500,3516529.4378609913
2023-01-05,09992.HK,22.090245967491,22.76549366082,20.980910471307,21.173838383687,15394972,333024683.59601176
2023-01-06,09988.HK,95.53190206632,96.661343273016,93.837740256277,95.626022166878,73315739,7007442240.43146
2023-01-06,09989.HK,5.0775258637341,5.0863717276082,4.980221361119,4.980221361119,356500,1792793.4428300648
2023-01-06,09992.HK,21.366766296067,24.308916959859,21.173838383687,22.427869814156,29056566,636260867.2913389
2023-01-09,09989.HK,4.9979130888672,5.0509882721118,4.9359920417485,5.0156048166154,723000,3619886.7228319603
2023-01-09,09988.HK,99.390826189196,104.37919151877,98.826105585849,103.90859101598,123720147,12576116890.819351
2023-01-09,09992.HK,23.24781344177,24.743004762714,23.199581463675,24.115989047479,14867871,352099452.7398165
2023-01-10,09992.HK,23.73013322272,24.984164653189,23.73013322272,24.405380916049,9626130,231679358.35831422
2023-01-10,09988.HK,102.59090960817,103.53211061375,100.70850759701,103.06151011096,76284815,7844078396.288092
2023-01-10,09989.HK,4.980221361119,5.0775258637341,4.980221361119,5.0244506804895,415500,2078470.616644166
2023-01-11,09992.HK,24.405380916049,25.900572236993,23.24781344177,23.63366926653,13449636,323053869.37071055
2023-01-11,09989.HK,5.0421424082377,5.0863717276082,4.9625296333708,5.0067589527413,556000,2793594.5783521617
2023-01-11,09988.HK,105.60275282602,108.23811564164,104.00271111654,106.26159352993,108863653,11532163342.382977
2023-01-12,09988.HK,106.44983373104,106.44983373104,101.46146840147,104.28507141821,91858342,9678879494.268682
2023-01-12,09992.HK,23.971293113194,24.212453003669,22.669029704631,23.103117507485,9674528,227711351.8166282
2023-01-12,09989.HK,5.0332965443636,5.1129093192305,5.0067589527413,5.06867999986,634500,3204852.058654937
2023-01-13,09989.HK,5.0332965443636,5.1129093192305,5.0332965443636,5.1129093192305,373500,1894803.9450261984
2023-01-13,09988.HK,104.28507141821,106.35571363048,102.59090960817,106.07335332881,72120768,7585605574.012644
2023-01-13,09992.HK,23.24781344177,23.923061135099,23.15134948558,23.73013322272,5749873,135058613.56079555
2023-01-16,09989.HK,5.1129093192305,5.3075183244607,5.1129093192305,5.2632890050902,1281000,6645955.026727409
2023-01-16,09988.HK,107.48515483718,108.61459604388,104.37919151877,106.73219403272,65734884,7040776289.375204
2023-01-16,09992.HK,24.212453003669,25.177092565568,23.73013322272,24.260684981764,8913154,216024271.86370704
2023-01-17,09988.HK,107.29691463606,109.93227745169,106.16747342937,107.76751513885,62173474,6685651366.467596
2023-01-17,09989.HK,5.245597277342,5.2544431412161,5.1394469108528,5.2190596857197,646000,3380084.199068929
2023-01-17,09992.HK,24.260684981764,24.743004762714,23.44074135415,23.923061135099,4453690,107297734.1216058
2023-01-18,09989.HK,5.245597277342,5.245597277342,5.1217551831046,5.1836762302233,436500,2276188.943026127
2023-01-18,09988.HK,106.26159352993,108.14399554109,104.19095131765,107.39103473662,55425698,5920923025.604032
2023-01-18,09992.HK,23.923061135099,25.080628609378,23.53720531034,24.935932675094,5102667,124655587.68423805
2023-01-19,09989.HK,5.1748303663492,5.2013679579715,5.06867999986,5.0775258637341,214500,1099565.205676434
2023-01-19,09992.HK,24.887700696999,25.418252456043,24.453612894144,25.177092565568,2002181,50119388.91961983
2023-01-19,09988.HK,104.47331161933,106.92043423383,103.81447091542,105.60275282602,55515129,5831199908.747959
2023-01-20,09988.HK,108.04987544053,110.1205176528,107.57927493774,109.4616769489,64593525,7024918948.527728
2023-01-20,09989.HK,5.1129093192305,5.1748303663492,5.0775258637341,5.1748303663492,176500,907893.0272524086
2023-01-20,09992.HK,25.514716412233,25.514716412233,24.743004762714,25.466484434138,1336550,34069461.995608576
2023-01-26,09992.HK,26.045268171278,27.009907733177,25.804108280803,26.238196083657,2395023,62610049.70512359
2023-01-26,09988.HK,110.87347845727,111.53231916117,109.4616769489,110.59111815559,54550091,6040456949.254902
2023-01-26,09989.HK,5.1748303663492,5.2190596857197,5.1482927747269,5.1659845024751,148500,767805.5040102042
2023-01-27,09992.HK,26.865211798892,26.865211798892,25.562948390328,26.189964105562,1475966,39153817.87949668
2023-01-27,09989.HK,5.1748303663492,5.2013679579715,5.1482927747269,5.2013679579715,81500,422830.08171606855
2023-01-27,09988.HK,110.77935835671,111.2499588595,108.99107644611,110.40287795448,49008508,5419905698.857424
2023-01-30,09992.HK,26.527587952227,26.575819930322,23.923061135099,24.067757069384,12338063,312124277.19168645
2023-01-30,09989.HK,5.2102138218456,5.245597277342,5.0952175914823,5.0952175914823,640500,3300314.41011826
2023-01-30,09988.HK,107.76751513885,108.61459604388,101.46146840147,102.59090960817,131046567,13783374701.312407
2023-01-31,09988.HK,103.15563021151,104.00271111654,99.296706088638,101.27322820036,94863420,9696410327.82288
2023-01-31,09989.HK,5.2013679579715,5.2279055495938,5.0952175914823,5.1217551831046,807000,4165380.187424206
2023-01-31,09992.HK,24.357148937954,25.273556521758,23.874829157004,24.453612894144,8923744,217787371.51730677
2023-02-01,09988.HK,102.59090960817,104.00271111654,100.89674779812,103.53211061375,55654697,5735857117.587915
2023-02-01,09992.HK,24.598308828429,24.887700696999,23.63366926653,24.598308828429,6023989,148179941.8010592
2023-02-01,09989.HK,5.1306010469787,5.245597277342,5.0863717276082,5.2013679579715,727500,3758253.725550635
2023-02-02,09992.HK,25.080628609378,26.431123996037,24.357148937954,24.887700696999,8780549,219374681.96138963
2023-02-02,09989.HK,5.2102138218456,5.4136686909499,5.2102138218456,5.3517476438312,3087500,16305028.012638561
2023-02-02,09988.HK,104.84979202156,105.69687292658,102.30854930649,102.59090960817,39931077,4141665314.855387
2023-02-03,09988.HK,100.89674779812,101.36734830091,99.108465887522,99.861426691986,55271792,5548132031.358422
2023-02-03,09989.HK,5.3959769632017,5.3959769632017,5.2809807328384,5.3075183244607,915000,4896849.094105547
2023-02-03,09992.HK,25.032396631283,25.032396631283,23.73013322272,23.778365200815,7812324,190662743.05959156
2023-02-06,09992.HK,23.73013322272,23.73013322272,22.427869814156,22.76549366082,7108870,165265683.5417955
2023-02-06,09988.HK,96.190742770226,97.696664379153,95.53190206632,97.131943775805,53151968,5137740624.484335
2023-02-06,09989.HK,5.2809807328384,5.3075183244607,5.1748303663492,5.1748303663492,959000,5013561.422060454
2023-02-07,09989.HK,5.2013679579715,5.2190596857197,5.1394469108528,5.157138638601,703000,3641015.0686952337
2023-02-07,09988.HK,97.414304077479,100.42614729533,97.414304077479,98.637865384733,38073535,3732199567.9227304
2023-02-07,09992.HK,23.296045419865,23.73013322272,22.86195761701,23.199581463675,4648479,108066972.57998556
2023-02-08,09992.HK,23.199581463675,23.63366926653,21.607926186541,22.138477945586,11846646,268551970.0742421
2023-02-08,09988.HK,98.261384982501,98.637865384733,96.096622669668,97.414304077479,39292294,3844273351.598659
2023-02-08,09989.HK,5.1836762302233,5.2190596857197,5.1482927747269,5.1482927747269,481000,2484838.545690523
2023-02-09,09992.HK,21.704390142731,23.199581463675,21.173838383687,23.05488552939,8657996,193762814.86606047
2023-02-09,09988.HK,97.414304077479,102.12030910538,97.037823675247,101.27322820036,60791720,6039278414.862676
2023-02-09,09989.HK,5.1659845024751,5.1836762302233,5.0775258637341,5.1482927747269,1094000,5641909.670629493
2023-02-10,09988.HK,100.99086789868,101.27322820036,97.320183976921,97.979024680827,44532345,4430297950.481772
2023-02-10,09989.HK,5.2102138218456,5.2102138218456,5.0952175914823,5.1040634553564,631500,3256733.050276531
2023-02-10,09992.HK,23.103117507485,24.212453003669,21.849086077016,22.090245967491,8463860,191255150.69065517
2023-02-13,09992.HK,22.090245967491,22.379637836061,21.222070361782,22.331405857966,13293084,295250374.56727666
2023-02-13,09988.HK,95.155421664088,98.731985485291,94.778941261857,97.884904580269,41478273,4003489675.9862523
2023-02-13,09989.HK,5.0952175914823,5.1482927747269,5.06867999986,5.0952175914823,668500,3406152.9599059178
2023-02-14,09989.HK,5.0952175914823,5.1306010469787,5.0775258637341,5.0863717276082,282000,1435604.0939917606
2023-02-14,09992.HK,22.476101792251,23.05488552939,22.234941901776,22.524333770346,3732613,83984605.39330594
2023-02-14,09988.HK,97.508424178037,97.790784479711,96.284862870784,96.4731030719,39436631,3824988955.4861054
2023-02-15,09989.HK,5.0952175914823,5.0952175914823,4.9625296333708,5.0421424082377,1443251,7315377.478477946
2023-02-15,09988.HK,96.284862870784,96.4731030719,94.214220658509,94.967181462973,46755321,4471025362.36552
2023-02-15,09992.HK,22.524333770346,22.9584215732,21.511462230352,21.704390142731,3183089,70391982.28587618
2023-02-16,09988.HK,96.00250256911,99.20258598808,95.53190206632,96.096622669668,43292397,4158215796.594949
2023-02-16,09992.HK,21.704390142731,22.813725638915,21.270302339877,21.752622120826,7684284,166968012.01232743
2023-02-16,09989.HK,5.0421424082377,5.0863717276082,4.9536837694967,4.9536837694967,1259000,6292372.578883805
2023-02-17,09988.HK,96.096622669668,96.849583474132,93.602440004882,93.602440004882,37616027,3567862531.7202826
2023-02-17,09992.HK,21.752622120826,22.090245967491,21.222070361782,21.270302339877,3582200,77058360.00156513
2023-02-17,09989.HK,4.9448379056226,4.9890672249931,4.9359920417485,4.9713754972449,442500,2193962.215384434
2023-02-20,09988.HK,92.990659351256,94.590701060741,92.237698546792,93.555379954603,38508675,3591820400.0832744
2023-02-20,09989.HK,4.9979130888672,5.0332965443636,4.9448379056226,5.0332965443636,334000,1675212.008749544
2023-02-20,09992.HK,21.222070361782,21.993782011301,20.836214537022,21.993782011301,2486606,53730398.90301121
2023-02-21,09989.HK,5.0244506804895,5.0421424082377,4.9625296333708,5.0067589527413,327000,1640102.7750332358
2023-02-21,09988.HK,93.649500055161,93.649500055161,89.414095530053,89.602335731169,58373987,5348570139.958681
2023-02-21,09992.HK,22.186709923681,22.331405857966,20.498590690357,20.691518602737,6674022,143085120.25317064
2023-02-22,09988.HK,86.684612613873,89.225855328938,86.684612613873,87.484633468615,59459217,5177983498.772527
2023-02-22,09989.HK,4.9536837694967,4.9979130888672,4.9536837694967,4.980221361119,428500,2128339.1742344135
2023-02-22,09992.HK,20.546822668452,21.125606405592,19.823342997028,20.787982558927,5250364,108511386.65642124
2023-02-23,09992.HK,20.787982558927,21.559694208446,20.739750580832,21.318534317972,9345176,196746405.4807957
2023-02-23,09988.HK,87.2963932675,90.590596787028,87.155213116663,89.55527568089,48408447,4280557321.5748415
2023-02-23,09989.HK,4.9713754972449,5.0156048166154,4.9359920417485,4.9536837694967,323000,1602897.071578768
2023-02-24,09992.HK,21.559694208446,21.559694208446,20.546822668452,20.739750580832,4674514,98864673.42985353
2023-02-24,09988.HK,87.766993770289,87.766993770289,84.708090502156,84.755150552435,81538617,7033608524.974658
2023-02-24,09989.HK,4.9448379056226,4.9448379056226,4.8209958113852,4.8740709946298,1020500,5010098.266353787
2023-02-27,09989.HK,4.8652251307557,4.8652251307557,4.7590747642664,4.7856123558888,522500,2521281.2933858754
2023-02-27,09988.HK,82.825688490997,86.731672664152,82.590388239602,84.143369898808,77371929,6459359065.466424
2023-02-27,09992.HK,20.739750580832,21.366766296067,20.064502887503,20.980910471307,5270437,109943057.83682615
2023-02-28,09989.HK,4.8298416752593,4.8386875391334,4.7856123558888,4.7944582197629,211000,1015363.6389248422
2023-02-28,09988.HK,83.060988742392,84.002189747971,80.990346530117,81.413886982628,82590338,6792017789.318699
2023-02-28,09992.HK,20.932678493212,21.318534317972,20.257430799883,21.029142449402,5579400,117060891.88361026
2023-03-01,09992.HK,21.270302339877,23.585437288435,21.125606405592,23.44074135415,13286778,297032855.8554183
2023-03-01,09988.HK,81.602127183744,86.731672664152,81.508007083186,86.496372412757,76906503,6463933881.756902
2023-03-01,09989.HK,4.8298416752593,4.9094544501262,4.8209958113852,4.891762722378,814500,3959123.3909377903
2023-03-02,09988.HK,83.390409094345,83.766889496576,82.308027937928,82.449208088765,79258745,6572119964.606868
2023-03-02,09992.HK,23.296045419865,23.681901244625,21.029142449402,21.077374427497,14963397,331988548.71187854
2023-03-02,09989.HK,4.891762722378,4.9536837694967,4.8829168585039,4.9006085862521,699500,3424881.8651933777
2023-03-03,09992.HK,21.414998274162,22.572565748441,21.125606405592,21.318534317972,8239645,176054569.07755697
2023-03-03,09988.HK,84.237489999366,84.237489999366,82.166847787091,82.825688490997,50893726,4251233815.388814
2023-03-03,09989.HK,4.9536837694967,4.980221361119,4.9006085862521,4.9536837694967,571500,2831030.274267364
2023-03-06,09989.HK,4.980221361119,4.980221361119,4.9094544501262,4.9359920417485,575000,2850911.3533244063
2023-03-06,09992.HK,21.318534317972,21.656158164636,20.450358712262,21.029142449402,6209876,131486910.80673668
2023-03-06,09988.HK,82.21390783737,83.060988742392,81.460947032907,82.119787736812,53347406,4383388188.638145
2023-03-07,09989.HK,4.9006085862521,4.9359920417485,4.8209958113852,4.8652251307557,654500,3195869.083890803
2023-03-07,09992.HK,21.125606405592,21.125606405592,19.726879040838,19.919806953218,7070417,145104094.19207865
2023-03-07,09988.HK,83.766889496576,86.261072161362,82.637448289881,83.390409094345,62222775,5200495489.915348
2023-03-08,09989.HK,4.8652251307557,4.8652251307557,4.7856123558888,4.8121499475111,419500,2029829.422666461
2023-03-08,09992.HK,20.064502887503,20.064502887503,18.733300292082,19.215620073031,8251490,162059770.90380836
2023-03-08,09988.HK,81.884487485417,81.978607585975,80.096205574816,80.707986228443,51977469,4225572631.047736
2023-03-09,09988.HK,81.225646781512,81.413886982628,79.531484971469,79.531484971469,43587344,3503488201.085253
2023-03-09,09992.HK,19.485719150363,19.871574975123,19.080570534366,19.157741699318,4019948,77672351.57787672
2023-03-09,09989.HK,4.7944582197629,4.8209958113852,4.7590747642664,4.7767664920146,417500,1997993.158583553
2023-03-10,09988.HK,76.70788195473,77.366722658636,76.23728145194,76.378461602777,77303637,5917065566.013405
2023-03-10,09992.HK,18.887642621986,18.887642621986,17.923003060087,18.328151676084,11023800,205129736.59153205
2023-03-10,09989.HK,4.7413830365182,4.7502289003923,4.635232670029,4.635232670029,604000,2831737.943377254
2023-03-13,09988.HK,77.554962859752,79.955025423979,76.660821904451,78.354983714494,64694323,5043244221.293507
2023-03-13,09989.HK,4.6263868061549,4.7059995810218,4.6263868061549,4.6794619893995,1086000,5053075.895986039
2023-03-13,09992.HK,18.55966517094,19.533951128458,18.46320121475,19.080570534366,8559072,161082743.7493424
2023-03-14,09988.HK,76.70788195473,77.225542507799,74.825479943571,75.296080446361,73040873,5551251056.617432
2023-03-14,09992.HK,19.080570534366,19.726879040838,18.424615632274,18.65612912713,4908809,92621125.46432427
2023-03-14,09989.HK,4.72369130877,4.7413830365182,4.6263868061549,4.6529243977772,1100500,5159482.792527597
2023-03-15,09988.HK,77.837323161426,78.778524167005,76.754942005009,77.225542507799,46739487,3623779397.064744
2023-03-15,09992.HK,18.810471457034,19.485719150363,18.154516554942,18.328151676084,5532093,102727158.53218009
2023-03-15,09989.HK,4.7059995810218,4.7856123558888,4.6794619893995,4.7679206281405,609000,2884808.7036899203
2023-03-16,09988.HK,75.484320647477,76.660821904451,75.107840245245,75.766680949151,45643767,3451832737.696558
2023-03-16,09989.HK,4.7767664920146,4.7944582197629,4.7059995810218,4.7413830365182,160000,761451.962282624
2023-03-16,09992.HK,18.289566093608,18.810471457034,18.135223763704,18.46320121475,3761635,69125247.92698763
2023-03-17,09988.HK,76.613761854172,77.366722658636,75.81374099943,76.70788195473,67317247,5160595483.364938
2023-03-17,09989.HK,4.8298416752593,4.8563792668816,4.7944582197629,4.8475334030075,349000,1688701.9511575564
2023-03-17,09992.HK,18.75259308332,19.04198495189,18.135223763704,18.386030049798,6660709,123684780.67518364
2023-03-20,09989.HK,4.8829168585039,4.8652251307557,4.7413830365182,4.7856123558888,558500,2699936.783119161
2023-03-20,09988.HK,76.190221401661,76.378461602777,73.50779853576,74.543119641897,52567854,3961864132.4549823
2023-03-20,09992.HK,18.578957962178,18.578957962178,17.189876993043,17.556440026565,6464052,116790545.81996506
2023-03-21,09992.HK,17.807246312659,18.791178665796,17.537147235327,18.617543544654,6391050,116396326.60879013
2023-03-21,09989.HK,4.8209958113852,4.8475334030075,4.7856123558888,4.8298416752593,193000,931305.8174611942
2023-03-21,09988.HK,74.684299792734,75.907861099988,74.072519139107,75.766680949151,36073232,2713626566.4647746
2023-03-22,09988.HK,77.366722658636,79.437364870911,77.272602558078,77.978503312262,44553051,3460551887.643972
2023-03-22,09989.HK,4.8386875391334,4.9094544501262,4.8386875391334,4.9094544501262,362500,1766850.7355533026
2023-03-22,09992.HK,18.906935413224,20.257430799883,18.733300292082,19.022692160652,8193855,155394934.27217087
2023-03-23,09988.HK,77.696143010589,81.602127183744,77.507902809473,81.131526680954,67377220,5350683421.447212
2023-03-23,09989.HK,4.9359920417485,4.980221361119,4.8740709946298,4.9536837694967,323500,1599655.0624689113
2023-03-23,09992.HK,19.157741699318,19.726879040838,18.65612912713,19.678647062743,4207386,81699839.18402639
2023-03-24,09988.HK,80.425625926769,81.508007083186,79.531484971469,80.284445775932,48345392,3884795707.4075933
2023-03-24,09989.HK,4.9713754972449,5.0067589527413,4.9359920417485,4.9979130888672,547500,2729092.7504481873
2023-03-24,09992.HK,19.341023216078,19.919806953218,19.022692160652,19.13844890808,2740886,52733923.21624746
2023-03-27,09989.HK,4.980221361119,4.980221361119,4.9271461778744,4.9271461778744,192500,953584.1256281148
2023-03-27,09992.HK,19.485719150363,19.485719150363,18.46320121475,18.636836335892,3370844,64252593.71275487
2023-03-27,09988.HK,81.272706831791,84.661030451877,78.872644267563,80.237385725653,100519321,8117442419.260713
2023-03-28,09992.HK,18.810471457034,20.016270909408,18.694714709606,19.871574975123,8077749,156231930.9426549
2023-03-28,09988.HK,80.096205574816,80.613866127885,78.402043764773,79.296184720074,53162509,4236849691.791801
2023-03-28,09989.HK,4.9271461778744,4.9713754972449,4.9094544501262,4.9448379056226,257000,1268549.9547293645
2023-03-29,09989.HK,4.9536837694967,4.9890672249931,4.8740709946298,4.9094544501262,458500,2261124.43684855
2023-03-29,09992.HK,20.257430799883,20.932678493212,18.27027330237,18.75259308332,15921238,310543937.3150796
2023-03-29,09988.HK,91.155317390376,92.237698546792,88.802314876427,88.990555077543,163130347,14693629343.154686
2023-03-30,09988.HK,91.39061764177,91.484737742328,89.084675178101,91.202377440655,88453938,8075534733.127563
2023-03-30,09992.HK,19.157741699318,21.318534317972,19.157741699318,20.932678493212,18567507,372189578.77887106
2023-03-30,09989.HK,4.9094544501262,4.9359920417485,4.803304083637,4.8386875391334,358000,1744917.4160774685
2023-03-31,09989.HK,4.7325371726441,4.8563792668816,4.7325371726441,4.8298416752593,437500,2091770.3729788687
2023-03-31,09992.HK,21.077374427497,21.656158164636,20.450358712262,20.643286624642,6984141,145691489.70067355
2023-03-31,09988.HK,95.249541764646,96.00250256911,93.743620155719,94.496580960183,89687911,8508966683.76977
2023-04-03,09988.HK,93.178899552372,94.073040507672,91.86121814456,92.755359099861,53752683,4997232632.086743
2023-04-03,09992.HK,20.836214537022,20.980910471307,19.080570534366,19.485719150363,8971844,180881049.41078147
2023-04-03,09989.HK,4.8475334030075,4.8475334030075,4.7679206281405,4.8475334030075,306000,1483345.221320295
2023-04-04,09988.HK,90.49647668647,90.778836988144,88.1905342228,90.02587618368,53862168,4861662649.023651
2023-04-04,09992.HK,19.726879040838,19.775111018933,18.443908423512,19.080570534366,7911028,153503410.09901348
2023-04-04,09989.HK,4.8209958113852,4.8298416752593,4.72369130877,4.7767664920146,731500,3510381.562468477
2023-04-06,09988.HK,90.543536736749,92.237698546792,90.261176435075,92.002398295397,40751702,3719528772.8706875
2023-04-06,09989.HK,4.7590747642664,4.8209958113852,4.6794619893995,4.7944582197629,730000,3487039.5391706945
2023-04-06,09992.HK,19.022692160652,19.341023216078,18.617543544654,19.13844890808,3321358,63373405.58888079
2023-04-11,09988.HK,94.308340759067,95.53190206632,92.33181864735,93.461259854045,60954920,5722740491.902097
2023-04-11,09989.HK,4.7767664920146,4.8475334030075,4.7767664920146,4.8209958113852,730500,3505582.681316777
2023-04-11,09992.HK,19.061277743128,19.437487172268,18.578957962178,19.273498446745,4579630,87779545.54121403
2023-04-12,09988.HK,91.908278194839,92.378878697629,90.072936233959,90.402356585912,38659231,3523994471.8728437
2023-04-12,09989.HK,4.8121499475111,4.8829168585039,4.8121499475111,4.8829168585039,693000,3359340.6482841973
2023-04-12,09992.HK,19.273498446745,19.485719150363,18.714007500844,18.887642621986,3710043,70789737.14702898
2023-04-13,09988.HK,86.214012111083,88.802314876427,85.743411608293,88.614074675311,65547652,5729785296.250176
2023-04-13,09989.HK,4.8386875391334,4.9713754972449,4.8209958113852,4.9625296333708,761000,3729363.1341378484
2023-04-13,09992.HK,18.714007500844,19.04198495189,18.135223763704,18.868349830748,4256376,79982321.88480611
2023-04-14,09988.HK,88.943495027264,89.55527568089,88.237594273079,88.943495027264,26025094,2314762818.7730784
2023-04-14,09989.HK,4.9713754972449,4.9713754972449,4.8829168585039,4.9448379056226,484500,2402202.6968446514
2023-04-14,09992.HK,19.022692160652,19.582183106553,18.771885874558,19.177034490556,3278099,62611242.86779914
2023-04-17,09988.HK,87.71993372001,90.684716887586,87.343453317779,89.790575932285,37951973,3368437034.77007
2023-04-17,09989.HK,4.9625296333708,4.9625296333708,4.8386875391334,4.9536837694967,517000,2563341.164641249
2023-04-17,09992.HK,19.177034490556,19.726879040838,18.906935413224,19.273498446745,4381796,84241195.71126689
2023-04-18,09992.HK,19.389255194173,19.437487172268,18.501786797226,18.714007500844,4105187,78210509.33658437
2023-04-18,09989.HK,4.9359920417485,4.9536837694967,4.8829168585039,4.9359920417485,395500,1952184.852511532
2023-04-18,09988.HK,88.567014625032,89.978816133401,88.567014625032,89.225855328938,26770456,2379798101.108238
2023-04-19,09989.HK,4.9271461778744,4.9271461778744,4.7944582197629,4.8829168585039,694500,3406544.389382364
2023-04-19,09988.HK,88.943495027264,88.943495027264,86.543432463036,86.82579276471,35119559,3086469936.499106
2023-04-19,09992.HK,18.868349830748,18.868349830748,17.787953521421,18.07734538999,6863000,126779153.14996246
2023-04-20,09989.HK,4.8829168585039,4.8829168585039,4.7679206281405,4.7767664920146,1244000,6008323.044022506
2023-04-20,09988.HK,86.778732714431,87.484633468615,86.072831960246,86.35519226192,29866001,2585408988.238812
2023-04-20,09992.HK,19.292791237983,19.533951128458,18.636836335892,18.791178665796,8553540,162876379.9653849
2023-04-21,09992.HK,18.906935413224,18.906935413224,17.267048157995,17.633611191517,8843621,161575372.65258312
2023-04-21,09988.HK,84.096309848529,84.566910351319,82.166847787091,82.778628440718,62592264,5222540096.192128
2023-04-21,09989.HK,4.803304083637,4.8563792668816,4.7502289003923,4.8475334030075,977000,4714434.112225838
2023-04-24,09992.HK,17.633611191517,17.768660730183,16.958363498187,17.074120245615,4581717,79510501.57847105
2023-04-24,09988.HK,82.308027937928,83.296288993787,80.943286479838,81.790367384859,35872549,2943313863.5190234
2023-04-24,09989.HK,4.8475334030075,4.8475334030075,4.6086950784067,4.6440785339031,3004500,14258774.032223947
2023-04-25,09989.HK,4.7059995810218,4.7059995810218,4.4671612564211,4.5202364396657,1229000,5669522.034712468
2023-04-25,09988.HK,80.660926178164,80.896226429559,78.402043764773,79.155004569237,56529023,4517119212.493119
2023-04-25,09992.HK,17.267048157995,17.363512114185,16.476043717238,16.939070706949,4166056,71252303.36700657
2023-04-26,09992.HK,17.074120245615,17.730075147707,16.996949080663,17.595025609041,4259423,73835278.6218382
2023-04-26,09988.HK,76.802002055288,79.719725172585,76.472581703335,78.402043764773,72936666,5660032825.913242
2023-04-26,09989.HK,4.5556198951621,4.5910033506585,4.5290823035398,4.5821574867844,291500,1331831.0534187022
2023-04-27,09989.HK,4.5998492145326,4.6617702616513,4.5998492145326,4.6440785339031,340500,1573778.699171178
2023-04-27,09988.HK,76.990242256404,77.366722658636,76.049041250824,76.990242256404,63401706,4881312704.409303
2023-04-27,09992.HK,17.595025609041,18.038759807515,17.286340949233,17.980881433801,3397676,60437702.768847615
2023-04-28,09988.HK,77.978503312262,78.966764368121,76.849062105567,77.225542507799,46940162,3642651526.924544
2023-04-28,09989.HK,4.6706161255254,4.6794619893995,4.5821574867844,4.6617702616513,458500,2139449.5792602585
2023-04-28,09992.HK,18.019467016277,18.443908423512,17.614318400279,18.27027330237,3996911,72523431.13337186
2023-05-02,09992.HK,18.501786797226,19.003399369414,17.710782356469,17.961588642563,1655100,30175266.34519739
2023-05-02,09989.HK,4.5644657590362,4.5644657590362,4.2548605234427,4.2548605234427,533500,2352555.2858512467
2023-05-02,09988.HK,78.731464116726,79.155004569237,76.70788195473,77.460842759194,26572826,2075235496.576213
2023-05-03,09988.HK,75.390200546919,75.860801049709,75.013720144687,75.625500798314,39306160,2967923659.7939715
2023-05-03,09989.HK,4.2460146595686,4.2460146595686,3.8125673297376,3.8833342407304,968500,3936637.2049697908
2023-05-03,09992.HK,17.961588642563,18.135223763704,17.459976070375,17.787953521421,876000,15658299.467824994
2023-05-04,09992.HK,17.459976070375,18.75259308332,17.459976070375,18.46320121475,4133607,74246148.54401685
2023-05-04,09989.HK,4.0071763349678,4.2637063873168,4.0071763349678,4.2548605234427,2143500,8854838.003001453
2023-05-04,09988.HK,75.766680949151,76.660821904451,75.625500798314,75.954921150266,34428742,2611791947.253743
2023-05-05,09989.HK,4.2371687956945,4.2371687956945,4.1752477485758,4.2194770679463,654000,2765323.1974105416
2023-05-05,09992.HK,18.46320121475,19.582183106553,18.443908423512,19.119156116842,7646200,143681110.31440938
2023-05-05,09988.HK,77.17848245752,77.602022910031,76.331401552498,76.849062105567,33666492,2592783548.4064064
2023-05-08,09992.HK,18.964813786938,19.582183106553,18.328151676084,19.196327281794,6941146,132441025.84233242
2023-05-08,09988.HK,76.849062105567,77.554962859752,76.613761854172,77.131422407241,40005891,3080063239.7732925
2023-05-08,09989.HK,4.2017853401981,4.3079357066873,4.1664018847017,4.2902439789391,669500,2842706.814581177
2023-05-09,09992.HK,18.714007500844,19.341023216078,18.714007500844,18.868349830748,3620697,68037164.22171158
2023-05-09,09988.HK,77.131422407241,77.131422407241,74.260759340223,74.778419893292,53328129,4050533833.28624
2023-05-09,09989.HK,4.2548605234427,4.3344732983096,4.2106312040722,4.2194770679463,521000,2207564.9425568343
2023-05-10,09988.HK,75.34314049664,75.954921150266,74.166639239665,75.484320647477,41918692,3161244944.4211044
2023-05-10,09989.HK,4.192939476324,4.3167815705614,4.192939476324,4.2460146595686,227500,959931.0329577833
2023-05-10,09992.HK,18.694714709606,18.694714709606,18.038759807515,18.405322841036,5460534,101293008.22327869
2023-05-11,09989.HK,4.2460146595686,4.2548605234427,4.1840936124499,4.2283229318204,192500,815654.9931711913
2023-05-11,09992.HK,18.308858884846,18.75259308332,18.231687719894,18.694714709606,2620800,48489482.8381699
2023-05-11,09988.HK,76.990242256404,77.884383211704,76.049041250824,77.790263111147,45547433,3524927348.9673347
2023-05-12,09989.HK,4.1840936124499,4.2371687956945,4.1221725653312,4.1310184292053,305000,1268054.5863524182
2023-05-12,09992.HK,18.694714709606,18.791178665796,18.250980511132,18.308858884846,3675665,68006370.1680257
2023-05-12,09988.HK,80.143265625095,80.472685977048,78.872644267563,79.672665122306,60973363,4872257379.322072
2023-05-15,09992.HK,18.308858884846,19.196327281794,17.884417477611,18.887642621986,3564969,66302187.39015468
2023-05-15,09989.HK,4.1133267014571,4.2017853401981,4.0956349737089,4.1752477485758,520000,2155029.357008554
2023-05-15,09988.HK,79.060884468679,81.413886982628,78.119683463099,80.425625926769,41392670,3300786247.1251745
2023-05-16,09992.HK,18.964813786938,18.984106578176,18.231687719894,18.36673725856,4829000,90137029.99935493
2023-05-16,09989.HK,4.1664018847017,4.2460146595686,4.1398642930794,4.1752477485758,124500,519267.6896715244
2023-05-16,09988.HK,81.696247284301,81.696247284301,79.955025423979,80.707986228443,26388517,2142803438.461507
2023-05-17,09992.HK,18.308858884846,18.328151676084,17.247755366757,17.305633740471,8787990,156489902.52317977
2023-05-17,09988.HK,82.21390783737,82.355087988207,80.002085474258,80.425625926769,43307971,3521794105.8554263
2023-05-17,09989.HK,4.1221725653312,4.1575560208276,4.1221725653312,4.1310184292053,125000,515824.4371585312
2023-05-18,09992.HK,17.730075147707,17.749367938945,17.035534663139,17.363512114185,4514416,79213525.9162407
2023-05-18,09988.HK,83.013928692113,83.955129697692,82.119787736812,82.590388239602,72221529,5980098488.904523
2023-05-18,09989.HK,4.1221725653312,4.2194770679463,4.1221725653312,4.1310184292053,178500,736597.2962623825
2023-05-19,09988.HK,78.54322391561,79.390304820632,77.17848245752,77.602022910031,92873084,7250845312.319244
2023-05-19,09989.HK,4.0867891098348,4.104480837583,4.0514056543384,4.0690973820866,318785,1299987.1376635819
2023-05-19,09992.HK,17.380970678483,17.768938773985,16.973604178206,17.613751535784,2883500,50453640.75241945
2023-05-22,09992.HK,17.807735583535,18.215102083812,17.361572273708,17.730141964434,1771127,31471047.223950848
2023-05-22,09989.HK,4.0514056543384,4.1133267014571,4.0514056543384,4.0956349737089,155500,633432.4088306776
2023-05-22,09988.HK,77.602022910031,80.096205574816,76.613761854172,78.684404066447,54249146,4239202597.4326468
2023-05-23,09992.HK,17.730141964434,17.749540369209,17.206385035507,17.264580249832,3607600,63123479.93009302
2023-05-23,09988.HK,78.684404066447,79.672665122306,77.507902809473,78.119683463099,32115656,2517933067.2463946
2023-05-23,09989.HK,4.1133267014571,4.1752477485758,4.0867891098348,4.104480837583,225000,924503.3481420113
2023-05-24,09989.HK,4.1516171016188,4.1697464339403,4.0337764415292,4.0609704400114,435500,1788290.937189976
2023-05-24,09988.HK,76.284341502219,77.084362356962,75.860801049709,76.284341502219,39045036,2978524860.1904345
2023-05-24,09992.HK,17.206385035507,17.225783440282,16.72142491613,16.954205773431,2813400,48053703.09093308
2023-05-25,09988.HK,75.296080446361,75.578440748035,73.03719803297,74.025459088828,75187196,5613533930.027002
2023-05-25,09992.HK,16.954205773431,16.954205773431,16.100675963327,16.275261606302,4246200,70549482.19391112
2023-05-25,09989.HK,4.0337764415292,4.0609704400114,3.9975177768862,4.0428411076899,298500,1205435.169220951
2023-05-29,09988.HK,74.307819390502,74.87253999385,73.03719803297,73.225438234086,48515697,3578839412.1687255
2023-05-29,09992.HK,16.314058415853,16.430448844503,15.615715843949,16.003683939451,5075800,82019198.32352604
2023-05-29,09989.HK,4.0247117753684,4.0428411076899,3.9521944460825,4.006582443047,399000,1602243.1965738724
2023-05-30,09988.HK,74.260759340223,74.684299792734,72.990137982691,74.166639239665,40606239,3013539210.4415965
2023-05-30,09992.HK,15.84849670125,16.236464796752,15.77090308215,16.120074368102,4394410,70241504.19643556
2023-05-30,09989.HK,3.9884531107255,4.006582443047,3.9431297799218,4.006582443047,380500,1521055.514105218
2023-05-31,09988.HK,73.366618384923,73.366618384923,71.343036222927,73.319558334644,177424030,13012826309.438879
2023-05-31,09992.HK,16.100675963327,16.682628106579,15.635114248724,16.682628106579,13505278,221373817.61130595
2023-05-31,09989.HK,3.9521944460825,4.1153584369758,3.9068711152788,3.970323778404,408000,1616193.717795246
2023-06-01,09989.HK,3.9340651137611,4.0156471092077,3.9250004476003,3.9975177768862,267500,1060849.2116240764
2023-06-01,09992.HK,16.682628106579,17.594353131009,16.488644058828,17.012400987756,7389823,124500150.49349298
2023-06-01,09988.HK,72.519537479901,75.013720144687,72.378357329064,72.754837731296,76088679,5526867651.1851635
2023-06-02,09992.HK,17.322775464157,17.633149940559,17.206385035507,17.574954726234,5942735,103693981.31149663
2023-06-02,09988.HK,76.001981200545,77.978503312262,75.390200546919,77.64908296031,69157566,5313066805.337282
2023-06-02,09989.HK,3.9975177768862,4.0609704400114,3.9975177768862,4.0609704400114,312500,1259138.7838902501
2023-06-05,09989.HK,4.0337764415292,4.0609704400114,3.9975177768862,4.0519057738507,151000,610469.0072611825
2023-06-05,09992.HK,17.671946750109,17.671946750109,17.303377059382,17.458564297583,4934400,86673996.85686569
2023-06-05,09988.HK,77.931443261983,78.449103815052,76.943182206125,77.884383211704,34970258,2724459826.1340327
2023-06-06,09989.HK,4.0247117753684,4.0972291046544,4.0156471092077,4.0519057738507,278000,1122649.839341455
2023-06-06,09992.HK,17.497361107133,17.594353131009,16.139472772877,16.391652034953,7337796,124335332.53897305
2023-06-06,09988.HK,78.119683463099,79.249124669795,76.990242256404,77.507902809473,32679498,2542915697.169672
2023-06-07,09989.HK,4.0337764415292,4.0790997723329,4.0337764415292,4.0609704400114,101500,410808.4042381855
2023-06-07,09992.HK,16.76022172568,17.303377059382,16.643831297029,17.070596202081,11653284,197120064.63224524
2023-06-07,09988.HK,79.625605072027,79.9079653737,78.402043764773,79.107944518958,33719527,2676210105.619529
2023-06-08,09989.HK,4.0337764415292,4.1062937708151,3.9431297799218,3.9975177768862,617500,2479662.089935755
2023-06-08,09992.HK,17.070596202081,17.070596202081,15.7321062726,16.255863201527,7856600,130916330.4751933
2023-06-08,09988.HK,78.496163865331,78.966764368121,77.225542507799,78.449103815052,30975757,2430749236.9837484
2023-06-09,09989.HK,3.9975177768862,4.0609704400114,3.9975177768862,4.0428411076899,409500,1646263.4816169566
2023-06-09,09992.HK,16.411050439728,16.488644058828,16.003683939451,16.294660011078,3511100,57416509.98191248
2023-06-09,09988.HK,78.872644267563,79.390304820632,78.119683463099,78.966764368121,32630311,2575174495.9192276
2023-06-12,09992.HK,16.391652034953,16.682628106579,15.7321062726,16.682628106579,5754185,95157763.33810066
2023-06-12,09989.HK,4.0156471092077,4.0337764415292,3.9431297799218,3.9612591122433,587000,2341221.9759958684
2023-06-12,09988.HK,79.531484971469,79.531484971469,78.119683463099,79.060884468679,21072194,1670944587.881235
2023-06-13,09989.HK,3.9250004476003,4.0156471092077,3.9250004476003,3.970323778404,282000,1113240.7158666062
2023-06-13,09992.HK,16.76022172568,16.79901853523,16.372253630178,16.488644058828,4515177,75062257.03314874
2023-06-13,09988.HK,78.637344016168,81.413886982628,78.590283965889,80.660926178164,44562105,3549333121.359097
2023-06-14,09992.HK,16.76022172568,17.322775464157,16.702026511354,16.91540896388,4499600,75763433.9253721
2023-06-14,09988.HK,80.84916637928,81.366826932349,79.48442492119,80.143265625095,36808428,2962939170.988967
2023-06-14,09989.HK,3.9521944460825,4.006582443047,3.9521944460825,3.9975177768862,212500,844656.9236904243
2023-06-15,09989.HK,3.9884531107255,4.0428411076899,3.970323778404,4.0428411076899,341500,1371343.4877944295
2023-06-15,09988.HK,82.166847787091,83.908069647413,81.555067133465,83.766889496576,58981505,4893510777.632646
2023-06-15,09992.HK,17.322775464157,17.322775464157,16.857213749555,17.167588225957,7680389,132449704.9457755
2023-06-16,09992.HK,17.264580249832,18.389687726787,17.128791416406,18.176305274261,8890170,157537748.62986296
2023-06-16,09989.HK,4.0156471092077,4.1244231031366,3.9975177768862,3.9975177768862,1308000,5240609.835505411
2023-06-16,09988.HK,85.272811105504,87.249333217221,84.237489999366,86.214012111083,176510302,15134595477.49019
2023-06-19,09988.HK,85.084570904388,85.743411608293,82.731568390439,84.425730200482,54103067,4585513588.933477
2023-06-19,09992.HK,18.156906869486,18.273297298137,17.167588225957,17.691345154884,7125363,127715904.29456054
2023-06-19,09989.HK,3.9975177768862,4.0519057738507,3.9975177768862,4.006582443047,168500,674345.4435293721
2023-06-20,09988.HK,84.237489999366,84.472790250761,82.778628440718,83.15510884295,37315367,3123158129.4423985
2023-06-20,09992.HK,17.380970678483,17.691345154884,17.148189821182,17.400369083258,2783200,48401712.412438765
2023-06-20,09989.HK,4.0609704400114,4.0609704400114,3.9340651137611,3.9612591122433,408000,1636534.828659959
2023-06-21,09988.HK,80.284445775932,81.084466630675,79.531484971469,79.719725172585,43362403,3469082671.1752434
2023-06-21,09989.HK,3.9159357814396,4.006582443047,3.9159357814396,3.9340651137611,331000,1299175.1481557158
2023-06-21,09992.HK,17.206385035507,17.342173868932,16.682628106579,16.83781534478,2581505,43942636.7513564
2023-06-23,09989.HK,3.8887417829574,3.8887417829574,3.6349311304566,3.79809512135,179000,687971.9029355124
2023-06-23,09992.HK,16.83781534478,16.83781534478,16.333456820628,16.488644058828,1039689,17324576.6254389
2023-06-23,09988.HK,80.002085474258,80.096205574816,78.213803563657,79.107944518958,29149129,2318959394.7330613
2023-06-26,09989.HK,3.8615477844751,3.8978064491181,3.8162244536714,3.8252891198322,249500,958932.9038123357
2023-06-26,09992.HK,16.488644058828,17.186986630732,16.488644058828,16.973604178206,1750453,29287046.40663044
2023-06-26,09988.HK,78.213803563657,79.766785222863,78.213803563657,78.354983714494,31955957,2501652716.90137
2023-06-27,09989.HK,3.8252891198322,3.9431297799218,3.8252891198322,3.9431297799218,190500,739941.9002015685
2023-06-27,09992.HK,17.264580249832,17.361572273708,16.83781534478,17.264580249832,1702400,29391221.417313997
2023-06-27,09988.HK,79.296184720074,80.707986228443,78.731464116726,80.425625926769,33586916,2682281518.7817106
2023-06-28,09992.HK,17.671946750109,17.671946750109,16.643831297029,17.186986630732,1583172,27593843.639206406
2023-06-28,09988.HK,79.672665122306,79.955025423979,78.637344016168,79.390304820632,36259869,2883801226.4409347
2023-06-28,09989.HK,3.9431297799218,3.9975177768862,3.8887417829574,3.9250004476003,211000,830087.7390035815
2023-06-29,09988.HK,78.449103815052,79.0138244184,76.802002055288,77.366722658636,36238490,2823265134.7542386
2023-06-29,09992.HK,17.245181845057,17.245181845057,16.79901853523,16.973604178206,1466338,25088153.12988971
2023-06-29,09989.HK,3.9159357814396,3.9159357814396,3.8434184521537,3.8796771167966,176000,686013.9350447856
2023-06-30,09989.HK,3.8524831183144,3.9159357814396,3.8524831183144,3.8978064491181,53500,207320.24592881938
2023-06-30,09988.HK,76.613761854172,77.131422407241,76.049041250824,76.425521653056,51987596,3978072221.551616
2023-06-30,09992.HK,17.148189821182,17.167588225957,16.624432892254,16.896010559105,1835207,31239077.423652682
2023-07-03,09989.HK,3.8796771167966,4.0337764415292,3.8706124506359,4.0156471092077,339500,1340231.28736423
2023-07-03,09992.HK,17.128791416406,17.807735583535,17.070596202081,17.633149940559,3488473,60633046.92567787
2023-07-03,09988.HK,77.17848245752,79.060884468679,77.17848245752,78.637344016168,27847744,2169559623.393843
2023-07-04,09992.HK,17.516759511908,18.040516440836,17.477962702358,18.021118036061,1949798,34645841.283637434
2023-07-04,09989.HK,3.9884531107255,4.0700351061721,3.9884531107255,4.0337764415292,376500,1510184.7132119474
2023-07-04,09988.HK,78.260863613936,79.060884468679,77.743203060868,79.060884468679,19606487,1542263404.299533
2023-07-05,09989.HK,4.0972291046544,4.0790997723329,3.9250004476003,3.9884531107255,364000,1471594.1631991419
2023-07-05,09992.HK,17.82713398831,18.021118036061,17.613751535784,17.924126012185,1919000,34303333.97047495
2023-07-05,09988.HK,79.48442492119,79.48442492119,77.366722658636,77.790263111147,23226533,1826472865.8238902
2023-07-06,09992.HK,17.90472760741,17.90472760741,17.031799392531,17.167588225957,1986237,34830965.69195969
2023-07-06,09988.HK,76.943182206125,78.778524167005,75.766680949151,76.70788195473,33922544,2606117492.3217134
2023-07-06,09989.HK,3.9612591122433,4.0247117753684,3.9250004476003,3.9612591122433,80500,318881.35853558563
2023-07-07,09988.HK,77.460842759194,81.602127183744,76.70788195473,79.343244770353,69003665,5410028363.259769
2023-07-07,09989.HK,3.9159357814396,3.9793884445647,3.9159357814396,3.9431297799218,151500,595324.216273126
2023-07-07,09992.HK,17.167588225957,17.167588225957,16.178269582427,16.857213749555,3748216,63766153.58072285
2023-07-10,09988.HK,83.719829446297,83.766889496576,80.943286479838,81.884487485417,67683238,5604318198.358314
2023-07-10,09989.HK,3.9340651137611,3.9975177768862,3.9250004476003,3.9340651137611,170500,670758.1018962675
2023-07-10,09992.HK,17.245181845057,17.710743559659,16.488644058828,16.605034487479,6922600,117165753.79180686
2023-07-11,09988.HK,83.296288993787,84.002189747971,82.543328189323,83.531589245182,51083010,4261035086.180018
2023-07-11,09992.HK,16.83781534478,17.962922821735,16.333456820628,17.94352441696,7278038,126569956.23842733
2023-07-11,09989.HK,3.9250004476003,3.9975177768862,3.9250004476003,3.9250004476003,88000,345400.0393888264
2023-07-12,09988.HK,84.613970401598,85.602231457456,83.813949546855,84.566910351319,47490900,4017276144.874353
2023-07-12,09992.HK,18.156906869486,19.495396798968,18.137508464711,19.029835084366,8945922,166334846.4766438
2023-07-12,09989.HK,3.9431297799218,3.9521944460825,3.8706124506359,3.8706124506359,307000,1199409.432390607
2023-07-13,09989.HK,3.8887417829574,3.970323778404,3.8887417829574,3.9431297799218,436000,1707348.0007076655
2023-07-13,09988.HK,86.590492513315,87.2963932675,86.166952060804,87.2963932675,61069223,5309568502.26206
2023-07-13,09992.HK,19.640884834781,19.689380846719,18.777655822289,19.088030298691,9032607,174911534.96850255
2023-07-14,09989.HK,3.9884531107255,3.9521944460825,3.8978064491181,3.9159357814396,585000,2312033.750958292
2023-07-14,09992.HK,19.301412751217,19.592388822843,18.835851036615,19.126827108241,4392842,84404593.0203506
2023-07-14,09988.HK,89.414095530053,89.414095530053,86.590492513315,87.484633468615,48280964,4270420583.215223
2023-07-18,09992.HK,19.126827108241,19.126827108241,18.564273369763,18.874647846165,3690800,70127921.88086084
2023-07-18,09988.HK,86.119892010525,86.119892010525,84.284550049645,84.425730200482,44406679,3786682350.189729
2023-07-18,09989.HK,3.8524831183144,3.8978064491181,3.8252891198322,3.8252891198322,507000,1946315.262370163
2023-07-19,09988.HK,83.296288993787,85.790471658572,82.355087988207,85.037510854109,46154569,3884686990.0559525
2023-07-19,09989.HK,3.8252891198322,3.8252891198322,3.7709011228677,3.7799657890285,329000,1251064.432507585
2023-07-19,09992.HK,18.874647846165,18.93284306049,17.962922821735,18.331492512462,15718338,292409344.9161702
2023-07-20,09992.HK,18.350890917237,19.107428703466,18.040516440836,18.738859012739,6937863,128661801.85921653
2023-07-20,09989.HK,3.8071597875107,3.8343537859929,3.7709011228677,3.7709011228677,228500,865793.4590107322
2023-07-20,09988.HK,85.084570904388,86.731672664152,83.955129697692,84.237489999366,27696550,2344818462.9619336
2023-07-21,09992.HK,18.603070179313,19.495396798968,18.583671774538,18.97163987004,3717767,69847008.52802648
2023-07-21,09988.HK,84.237489999366,86.025771909967,84.237489999366,85.931651809409,32113785,2732387616.840756
2023-07-21,09989.HK,3.7799657890285,3.8162244536714,3.761836456707,3.7890304551892,183500,694455.405406974
2023-07-24,09989.HK,3.7890304551892,3.8434184521537,3.7799657890285,3.8434184521537,200500,765153.0029611257
2023-07-24,09988.HK,84.708090502156,85.413991256341,83.531589245182,84.284550049645,29727637,2511875936.9977098
2023-07-24,09992.HK,18.952241465265,18.952241465265,18.021118036061,18.428484536338,5499772,102792735.10164407
2023-07-25,09989.HK,3.8796771167966,3.8887417829574,3.8071597875107,3.8887417829574,230000,893368.17347171
2023-07-25,09988.HK,88.519954574753,89.55527568089,87.484633468615,89.55527568089,69490852,6187299735.280406
2023-07-25,09992.HK,18.913444655715,20.028852930283,18.428484536338,18.97163987004,12808600,242627446.8282928
2023-07-26,09989.HK,3.8796771167966,3.9250004476003,3.8615477844751,3.8796771167966,292000,1132865.7181046072
2023-07-26,09992.HK,18.97163987004,19.068631893916,18.253898893362,18.622468584089,6831800,128417715.06845924
2023-07-26,09988.HK,87.531693518894,88.66113472559,87.202273166942,88.331714373637,38602996,3394427215.710871
2023-07-27,09989.HK,3.8524831183144,3.9431297799218,3.8434184521537,3.9431297799218,361500,1409057.0313561931
2023-07-27,09992.HK,18.874647846165,19.340209560767,18.467281345888,19.320811155992,4803929,91744136.58438654
2023-07-27,09988.HK,89.272915379217,90.072936233959,88.802314876427,89.837635982564,42983693,3849416476.3977633
2023-07-28,09989.HK,3.9340651137611,3.970323778404,3.8978064491181,3.9612591122433,286500,1131005.1953751303
2023-07-28,09988.HK,87.908173921126,90.825897038423,87.814053820568,90.261176435075,46062057,4103423385.8801503
2023-07-28,09992.HK,19.088030298691,21.095765192913,19.01043667959,20.804789121286,13632568,271920786.72727853
2023-07-31,09988.HK,93.178899552372,93.884800306556,91.108257340097,91.767098044002,74290881,6869900549.429254
2023-07-31,09992.HK,21.532229300352,22.453653527169,20.804789121286,21.289749240664,24246518,519141936.7451791
2023-07-31,09989.HK,3.9884531107255,4.0247117753684,3.8978064491181,3.8978064491181,938500,3700627.2984566092
2023-08-01,09989.HK,3.970323778404,3.9793884445647,3.9159357814396,3.9431297799218,158500,627141.1944973196
2023-08-01,09988.HK,93.837740256277,94.120100557951,91.202377440655,92.096518395955,53949339,5015515175.871474
2023-08-01,09992.HK,21.047269180975,21.871701383917,20.901781145162,21.095765192913,6078330,128079635.06291732
2023-08-02,09988.HK,91.908278194839,92.80241915014,89.037615127822,89.55527568089,37885551,3437423362.5000896
2023-08-02,09992.HK,21.047269180975,21.192757216788,20.174340966096,20.610805073536,5339187,111210124.25235991
2023-08-02,09989.HK,3.9159357814396,3.9250004476003,3.8615477844751,3.8887417829574,249000,971682.3567674265
2023-08-03,09992.HK,20.125844954158,20.804789121286,20.028852930283,20.465317037722,6853572,139097225.63750648
2023-08-03,09989.HK,3.8706124506359,3.9068711152788,3.8615477844751,3.8887417829574,260000,1008716.0503671289
2023-08-03,09988.HK,88.1905342228,89.178795278659,87.578753569173,87.672873669731,50021614,4398485753.16237
2023-08-04,09989.HK,3.9068711152788,3.9431297799218,3.8706124506359,3.8887417829574,489500,1907976.25684331
2023-08-04,09988.HK,89.649395781448,90.920017138981,88.849374926706,89.55527568089,32949492,2952351444.3554673
2023-08-04,09992.HK,20.756293109349,21.532229300352,20.610805073536,21.095765192913,7534492,157666999.2309633
2023-08-07,09992.HK,21.144261204851,21.289749240664,20.465317037722,20.804789121286,4189467,87872081.01134509
2023-08-07,09989.HK,3.8978064491181,3.8978064491181,3.79809512135,3.8071597875107,572500,2205546.585234994
2023-08-07,09988.HK,88.802314876427,90.402356585912,88.096414122242,89.978816133401,22359341,1998714136.3072095
2023-08-08,09988.HK,88.567014625032,88.755254826148,87.249333217221,87.578753569173,35528837,3129127143.205847
2023-08-08,09992.HK,20.368325013847,20.804789121286,20.125844954158,20.368325013847,4533600,92341838.28277676
2023-08-08,09989.HK,3.8162244536714,3.8524831183144,3.79809512135,3.8071597875107,315500,1202588.8640464763
2023-08-09,09992.HK,20.610805073536,21.095765192913,20.319829001909,20.9502771571,2446212,50833609.04278428
2023-08-09,09988.HK,86.919912865268,88.849374926706,86.637552563594,88.567014625032,30298227,2658471382.316825
2023-08-09,09989.HK,3.8524831183144,3.8706124506359,3.79809512135,3.8343537859929,472000,1814093.509416523
2023-08-10,09989.HK,3.8252891198322,3.8343537859929,3.79809512135,3.8071597875107,298000,1137234.8871940922
2023-08-10,09988.HK,88.284654323358,89.13173522838,86.919912865268,88.755254826148,34598900,3062693056.3364215
2023-08-10,09992.HK,20.707797097411,21.192757216788,20.562309061598,21.144261204851,2002800,41910651.183885165
2023-08-11,09992.HK,21.144261204851,21.192757216788,20.51381304966,20.659301085473,1702194,35578886.45460788
2023-08-11,09988.HK,91.437677692049,92.190638496513,89.696455831727,89.696455831727,61924422,5608313261.465325
2023-08-11,09989.HK,3.8162244536714,3.8252891198322,3.7709011228677,3.7799657890285,310000,1177409.4876184845
2023-08-14,09992.HK,20.368325013847,20.707797097411,19.592388822843,20.610805073536,5880400,120486838.28292349
2023-08-14,09988.HK,86.872852814989,87.861113870847,86.072831960246,87.343453317779,41572767,3621326951.229118
2023-08-14,09989.HK,3.7799657890285,3.7799657890285,3.7437071243855,3.7709011228677,477500,1802769.4752152178
2023-08-15,09992.HK,20.562309061598,20.562309061598,20.07734894222,20.319829001909,2218000,45338291.11242926
2023-08-15,09989.HK,3.7437071243855,3.7709011228677,3.7346424582248,3.7709011228677,164000,616197.8762747624
2023-08-15,09988.HK,85.743411608293,87.249333217221,85.508111356898,85.837531708851,27712822,2377496070.370051
2023-08-16,09992.HK,19.931860906407,20.271332989971,19.737876858656,20.07734894222,5877800,117583066.82412988
2023-08-16,09988.HK,84.708090502156,85.319871155783,83.672769396018,84.002189747971,42124798,3553443238.0299945
2023-08-16,09989.HK,3.7527717905463,3.761836456707,3.725577792064,3.7527717905463,290500,1090180.2051537002
2023-08-17,09989.HK,3.725577792064,3.7527717905463,3.725577792064,3.7346424582248,273000,1018320.0641644212
2023-08-17,09992.HK,19.88336489447,21.289749240664,19.689380846719,21.095765192913,7307748,149732577.96890646
2023-08-17,09988.HK,81.508007083186,85.272811105504,81.131526680954,84.802210602714,55171505,4587792503.30436
2023-08-18,09989.HK,3.7346424582248,3.7437071243855,3.6983837935818,3.7346424582248,428500,1600294.2933493268
2023-08-18,09992.HK,20.9502771571,21.289749240664,20.562309061598,20.610805073536,4102600,85254247.97970363
2023-08-18,09988.HK,84.002189747971,84.566910351319,81.696247284301,81.884487485417,42258149,3505031961.821709
2023-08-21,09989.HK,3.7074484597426,3.7165131259033,3.6711897950996,3.6711897950996,265000,977669.5687665914
2023-08-21,09988.HK,80.660926178164,82.402148038486,80.143265625095,80.660926178164,39147534,3157676350.0311656
2023-08-21,09992.HK,20.610805073536,20.804789121286,19.980356918345,20.659301085473,3941070,81324188.64004281
2023-08-22,09988.HK,81.272706831791,83.484529194903,80.37856587649,82.21390783737,37262451,3045955984.132746
2023-08-22,09992.HK,20.562309061598,21.58072531229,20.562309061598,21.435237276477,7485452,157185308.6157181
2023-08-22,09989.HK,3.6711897950996,3.6711897950996,3.6439957966174,3.6711897950996,159000,583719.1774208364
2023-08-23,09988.HK,81.508007083186,83.013928692113,81.037406580396,82.166847787091,32126401,2629142010.5896606
2023-08-23,09992.HK,21.241253228726,23.520565789799,20.416821025785,22.890117634609,23749055,524039176.9293701
2023-08-23,09989.HK,3.6530604627781,3.6621251289389,3.6258664642959,3.6258664642959,161237,586816.1704703153
2023-08-24,09988.HK,82.919808591555,84.99045080383,82.543328189323,84.284550049645,39372255,3291606322.76639
2023-08-24,09989.HK,3.6258664642959,3.6711897950996,3.6258664642959,3.6439957966174,217500,790597.5208743213
2023-08-24,09992.HK,22.987109658484,24.296501980803,22.890117634609,23.908533885301,11139844,261205076.67868602
2023-08-25,09989.HK,3.6439957966174,3.6802544612603,3.6439957966174,3.6711897950996,101500,371245.6687796378
2023-08-25,09992.HK,23.617557813675,24.393494004679,23.423573765924,24.054021921114,8638834,205913431.9233031
2023-08-25,09988.HK,82.637448289881,83.296288993787,82.166847787091,82.355087988207,23103924,1905987509.3680937
2023-08-28,09992.HK,24.829958112118,25.21792620762,23.71454983755,24.054021921114,6504300,158978035.66507545
2023-08-28,09988.HK,86.449312362478,86.496372412757,83.484529194903,83.672769396018,30525112,2596497799.6756234
2023-08-28,09989.HK,3.7799657890285,3.79809512135,3.6711897950996,3.7165131259033,120500,451662.85462464095
2023-08-29,09989.HK,3.6711897950996,3.761836456707,3.6711897950996,3.7527717905463,333000,1236089.6040100423
2023-08-29,09992.HK,24.199509956928,25.169430195682,24.199509956928,24.732966088243,6310478,154393656.7842893
2023-08-29,09988.HK,84.755150552435,86.119892010525,84.378670150203,85.555171407177,33359481,2840731974.7577796
2023-08-30,09989.HK,3.7165131259033,3.7527717905463,3.7074484597426,3.7165131259033,141500,525886.607315317
2023-08-30,09992.HK,24.829958112118,25.508902279246,24.490486028554,25.120934183744,8550091,213542337.33040953
2023-08-30,09988.HK,86.590492513315,86.590492513315,84.566910351319,85.037510854109,39173999,3361677616.1437325
2023-08-31,09992.HK,25.21792620762,26.090854422499,23.71454983755,24.732966088243,14123281,352735244.04760414
2023-08-31,09988.HK,85.88459175913,86.308132211641,84.331610099924,84.896330703272,68704748,5866730120.493435
2023-08-31,09989.HK,3.7165131259033,3.725577792064,3.6802544612603,3.7165131259033,259500,964435.1561719064
2023-09-04,09992.HK,24.829958112118,25.799878350873,24.829958112118,25.314918231495,6025494,151073825.76959103
2023-09-04,09988.HK,87.484633468615,88.472894524474,86.590492513315,87.672873669731,85600311,7496768542.513569
2023-09-04,09989.HK,3.8252891198322,3.7799657890285,3.6983837935818,3.761836456707,238000,902867.9436081648
2023-09-05,09988.HK,87.531693518894,88.425834474195,86.35519226192,86.919912865268,54564801,4759458593.241065
2023-09-05,09989.HK,3.761836456707,3.761836456707,3.725577792064,3.7527717905463,77000,289312.41751925205
2023-09-05,09992.HK,25.169430195682,25.169430195682,23.860037873363,24.684470076305,9507200,236985500.33291742
2023-09-06,09988.HK,86.684612613873,87.484633468615,85.790471658572,86.82579276471,26538431,2302346960.4607773
2023-09-06,09989.HK,3.725577792064,3.7799657890285,3.7165131259033,3.7709011228677,292000,1094485.9215800283
2023-09-06,09992.HK,24.684470076305,24.829958112118,24.199509956928,24.635974064367,5610600,138358641.94782716
2023-09-07,09992.HK,23.957029897239,24.538982040492,23.666053825613,24.296501980803,5684329,137144475.30338928
2023-09-07,09989.HK,3.7527717905463,3.7709011228677,3.7165131259033,3.725577792064,302500,1131100.374369808
2023-09-07,09988.HK,87.578753569173,87.578753569173,85.178691004946,85.46105130662,26196625,2266529439.2021604
2023-09-11,09992.HK,23.860037873363,24.296501980803,23.569061801737,23.957029897239,6875042,164372174.61986756
2023-09-11,09989.HK,3.725577792064,3.79809512135,3.725577792064,3.7799657890285,352000,1320975.67027228
2023-09-11,09988.HK,82.778628440718,83.578649295461,81.74330733458,82.872748541276,64101748,5309271411.576389
2023-09-12,09989.HK,3.7709011228677,3.7799657890285,3.7437071243855,3.7799657890285,217000,819269.0599407378
2023-09-12,09988.HK,81.602127183744,82.025667636254,80.84916637928,81.225646781512,33461787,2724254145.054771
2023-09-12,09992.HK,23.957029897239,23.957029897239,22.987109658484,23.229589718173,5287266,124744104.77375047
2023-09-13,09992.HK,23.278085730111,23.278085730111,22.64763757492,23.035605670422,3459400,80108792.01550193
2023-09-13,09988.HK,81.74330733458,81.978607585975,80.284445775932,80.519746027327,31205429,2531744095.5041
2023-09-13,09989.HK,3.7799657890285,3.7799657890285,3.7437071243855,3.761836456707,101000,380861.01340964274
2023-09-14,09992.HK,23.035605670422,23.132597694298,22.550645551045,22.841621622671,5142050,117951498.30122443
2023-09-14,09989.HK,3.7437071243855,3.7437071243855,3.7074484597426,3.7437071243855,108500,406192.22299582674
2023-09-14,09988.HK,80.755046278722,81.460947032907,80.096205574816,80.84916637928,32653822,2638497597.292272
2023-09-15,09988.HK,80.943286479838,82.308027937928,80.190325675374,81.178586731233,53342662,4324006142.752507
2023-09-15,09989.HK,3.761836456707,3.7709011228677,3.725577792064,3.761836456707,184500,694058.8262624415
2023-09-15,09992.HK,22.502149539107,23.71454983755,22.502149539107,23.132597694298,7661154,174807413.1530948
2023-09-18,09989.HK,3.725577792064,3.7709011228677,3.7074484597426,3.7346424582248,61000,227536.7176338084
2023-09-18,09992.HK,23.132597694298,23.860037873363,22.356661503294,23.666053825613,6481650,151666239.8120156
2023-09-18,09988.HK,80.096205574816,80.707986228443,79.249124669795,79.249124669795,31917296,2542936035.8175006
2023-09-19,09988.HK,79.813845273142,80.143265625095,79.107944518958,79.813845273142,21904464,1748279500.487109
2023-09-19,09989.HK,3.7437071243855,3.7527717905463,3.6983837935818,3.725577792064,240500,898181.5112030524
2023-09-19,09992.HK,23.666053825613,24.005525909177,23.229589718173,23.423573765924,2594680,61091257.45960461
2023-09-20,09992.HK,23.229589718173,23.811541861426,22.696133586858,23.035605670422,4305831,99605056.26263471
2023-09-20,09988.HK,79.860905323421,80.472685977048,79.48442492119,79.531484971469,21150734,1685633024.3757
2023-09-20,09989.HK,3.7346424582248,3.7346424582248,3.6983837935818,3.725577792064,251000,936257.6414112444
2023-09-21,09989.HK,3.6983837935818,3.7074484597426,3.6621251289389,3.6802544612603,163500,603203.6773333417
2023-09-21,09988.HK,79.296184720074,79.343244770353,77.507902809473,77.790263111147,33742916,2650277406.953636
2023-09-21,09992.HK,23.035605670422,23.472069777862,22.502149539107,22.744629598796,5269871,120627967.10921456
2023-09-22,09989.HK,3.7437071243855,3.7437071243855,3.6802544612603,3.7346424582248,102000,381395.82871312526
2023-09-22,09988.HK,77.790263111147,81.225646781512,77.319662608357,80.84916637928,40153148,3184936245.48234
2023-09-22,09992.HK,22.744629598796,23.811541861426,22.550645551045,23.666053825613,6605068,153272859.97234717
2023-09-25,09992.HK,23.666053825613,23.666053825613,22.744629598796,22.793125610733,2272600,52791565.59351996
2023-09-25,09988.HK,81.131526680954,81.413886982628,79.296184720074,79.390304820632,20742680,1664826491.925659
2023-09-25,09989.HK,3.8071597875107,3.8071597875107,3.725577792064,3.7346424582248,204500,771149.2796264549
2023-09-26,09988.HK,79.48442492119,79.955025423979,78.496163865331,79.0138244184,27428051,2173649033.1484957
2023-09-26,09989.HK,3.725577792064,3.725577792064,3.6349311304566,3.6893191274211,120000,444893.815169106
2023-09-26,09992.HK,23.08410168236,23.08410168236,22.356661503294,22.64763757492,3623910,82863853.60592479
2023-09-27,09988.HK,78.966764368121,80.613866127885,78.966764368121,79.531484971469,27246265,2159242651.771272
2023-09-27,09989.HK,3.6893191274211,3.7437071243855,3.6893191274211,3.7346424582248,181500,673724.5138973654
2023-09-27,09992.HK,22.502149539107,22.793125610733,21.871701383917,22.162677455543,5435023,121377181.0034718
2023-09-28,09989.HK,3.7165131259033,3.7437071243855,3.6983837935818,3.7074484597426,225000,835195.6783851638
2023-09-28,09992.HK,22.162677455543,22.502149539107,21.823205371979,21.968693407792,2559600,56479328.43089613
2023-09-28,09988.HK,79.860905323421,79.860905323421,77.978503312262,78.119683463099,27187837,2147575248.5459666
2023-09-29,09989.HK,3.6258664642959,3.7165131259033,3.6077371319744,3.6893191274211,16500,60350.28113166525
2023-09-29,09988.HK,79.060884468679,81.555067133465,78.684404066447,80.566806077606,34608437,2762232435.8633003
2023-09-29,09992.HK,21.968693407792,22.744629598796,21.968693407792,22.453653527169,1804800,40086725.874108806
2023-10-03,09992.HK,22.356661503294,22.696133586858,21.774709360041,22.550645551045,2247600,50466831.66766617
2023-10-03,09988.HK,79.202064619516,79.296184720074,77.507902809473,78.213803563657,36631880,2883219596.6909056
2023-10-03,09989.HK,3.6349311304566,3.7437071243855,3.5442844688492,3.5442844688492,48000,172301.1743833392
2023-10-04,09992.HK,22.308165491356,22.356661503294,21.532229300352,21.774709360041,2179687,48043434.61810849
2023-10-04,09988.HK,77.272602558078,78.025563362541,76.425521653056,76.943182206125,25898508,1996979367.720995
2023-10-04,09989.HK,3.5352198026885,3.6077371319744,3.5352198026885,3.5805431334922,54000,192125.59927687887
2023-10-05,09992.HK,22.01718941973,22.211173467481,21.58072531229,21.920197395854,1392200,30584814.96232802
2023-10-05,09989.HK,3.5896077996529,3.5896077996529,3.5442844688492,3.5896077996529,18500,66407.74429357865
2023-10-05,09988.HK,77.319662608357,77.931443261983,76.566701803893,76.566701803893,21793205,1676838543.1704345
2023-10-06,09992.HK,22.01718941973,22.453653527169,21.920197395854,22.162677455543,1951200,43101878.123516336
2023-10-06,09989.HK,3.55334913501,3.6258664642959,3.5442844688492,3.6258664642959,22500,80766.17549219138
2023-10-06,09988.HK,77.17848245752,78.449103815052,77.17848245752,78.025563362541,15175175,1177624278.0137222
2023-10-09,09989.HK,3.6349311304566,3.6802544612603,3.6349311304566,3.6621251289389,103000,375798.3973588683
2023-10-09,09988.HK,78.307923664215,78.54322391561,76.754942005009,77.272602558078,24082283,1873367130.8870904
2023-10-09,09992.HK,22.308165491356,22.987109658484,22.259669479418,22.453653527169,2935400,65696921.77348915
2023-10-10,09988.HK,78.966764368121,80.284445775932,78.354983714494,78.496163865331,29317215,2308187260.7748413
2023-10-10,09989.HK,3.6621251289389,3.7074484597426,3.6168017981352,3.6530604627781,238500,872335.8818122523
2023-10-10,09992.HK,22.987109658484,23.763045849488,22.841621622671,22.890117634609,4114601,94383242.64869387
2023-10-11,09988.HK,80.331505826211,80.519746027327,79.343244770353,79.625605072027,31718059,2536764540.469928
2023-10-11,09992.HK,22.987109658484,23.666053825613,22.453653527169,22.64763757492,5540772,126425864.84896117
2023-10-11,09989.HK,3.6802544612603,3.761836456707,3.6621251289389,3.6983837935818,230500,850388.058870552
2023-10-12,09988.HK,81.790367384859,81.790367384859,80.613866127885,80.802106329001,26037608,2116759547.1558952
2023-10-12,09992.HK,22.64763757492,24.248005968865,22.64763757492,24.054021921114,5875550,137198967.72596127
2023-10-12,09989.HK,3.6893191274211,3.725577792064,3.6439957966174,3.6893191274211,189000,697281.3150825879
2023-10-13,09988.HK,78.354983714494,78.966764368121,77.64908296031,77.743203060868,28548643,2228195703.5985656
2023-10-13,09992.HK,23.375077753986,24.054021921114,23.278085730111,23.666053825613,3553578,83582165.13818413
2023-10-13,09989.HK,3.6349311304566,3.6983837935818,3.6349311304566,3.6983837935818,107500,394165.677167064
2023-10-16,09992.HK,23.666053825613,24.054021921114,22.890117634609,23.326581742048,2409969,56625397.473180205
2023-10-16,09988.HK,77.366722658636,77.931443261983,76.331401552498,76.519641753614,22249354,1711936098.7905757
2023-10-16,09989.HK,3.6711897950996,3.6983837935818,3.6439957966174,3.6530604627781,263500,964969.971475387
2023-10-17,09989.HK,3.6258664642959,3.6439957966174,3.5896077996529,3.6439957966174,298000,1083209.4768760817
2023-10-17,09988.HK,77.037302306683,77.366722658636,76.566701803893,77.17848245752,17701849,1364952267.6562111
2023-10-17,09992.HK,23.326581742048,23.957029897239,22.890117634609,23.326581742048,3331414,77710500.9876031
2023-10-18,09988.HK,77.084362356962,77.837323161426,76.23728145194,76.660821904451,21876252,1681684197.3445523
2023-10-18,09992.HK,23.326581742048,23.617557813675,22.502149539107,23.132597694298,3195000,74218539.14956273
2023-10-18,09989.HK,3.6621251289389,3.7074484597426,3.5986724658137,3.6077371319744,128500,467088.6502636795
2023-10-19,09989.HK,3.5896077996529,3.6077371319744,3.4536378072418,3.5261551365278,237500,844996.8486714581
2023-10-19,09988.HK,76.143161351382,76.378461602777,74.40193949106,74.496059591618,41786984,3147379357.658803
2023-10-19,09992.HK,23.132597694298,23.278085730111,22.01718941973,22.308165491356,3592600,81625242.91039027
2023-10-20,09992.HK,21.871701383917,22.502149539107,21.58072531229,21.774709360041,3890400,84900998.17914711
2023-10-20,09989.HK,3.6258664642959,3.6258664642959,3.4898964718848,3.5261551365278,174000,622225.8792716619
2023-10-20,09988.HK,73.601918636318,74.496059591618,73.50779853576,73.884278937992,35074847,2586527907.265347
2023-10-24,09989.HK,3.5986724658137,3.5986724658137,3.4989611380455,3.5624138011707,71500,256008.8340446923
2023-10-24,09988.HK,73.413678435202,73.931338988271,72.519537479901,72.660717630738,38345055,2800615375.6201262
2023-10-24,09992.HK,21.774709360041,22.793125610733,20.9502771571,22.405157515232,7309412,161464424.5482615
2023-10-25,09988.HK,76.049041250824,76.613761854172,74.354879440781,74.637239742455,45615979,3436851114.6887574
2023-10-25,09992.HK,23.181093706235,23.957029897239,22.453653527169,22.502149539107,4199380,95920649.00981215
2023-10-25,09989.HK,3.5714784673315,3.5896077996529,3.517090470367,3.5352198026885,198500,705339.803299485
2023-10-26,09989.HK,3.5352198026885,3.5352198026885,3.3539264794737,3.4989611380455,347000,1220430.393217349
2023-10-26,09988.HK,74.543119641897,75.578440748035,74.354879440781,75.060780194966,23719270,1774247646.6417544
2023-10-26,09992.HK,22.405157515232,22.841621622671,21.968693407792,22.259669479418,2220842,49596761.85622625
2023-10-27,09988.HK,75.719620898872,77.931443261983,75.531380697756,77.554962859752,42806617,3280583201.3949184
2023-10-27,09989.HK,3.4536378072418,3.6168017981352,3.4536378072418,3.5805431334922,277000,974234.060291659
2023-10-27,09992.HK,22.502149539107,22.599141562982,21.920197395854,22.114181443605,3593479,80163924.22171247
2023-10-30,09988.HK,76.001981200545,77.17848245752,75.954921150266,77.037302306683,31881265,2439542976.4520326
2023-10-30,09989.HK,3.5986724658137,3.6530604627781,3.5805431334922,3.6168017981352,264000,952442.6028412549
2023-10-30,09992.HK,21.968693407792,22.308165491356,21.726213348103,22.162677455543,4662702,102885715.59360692
2023-10-31,09989.HK,3.5805431334922,3.6077371319744,3.4264438087596,3.4355084749204,977000,3427341.2107095546
2023-10-31,09992.HK,22.162677455543,22.162677455543,20.562309061598,20.901781145162,11431886,246153990.68748954
2023-10-31,09988.HK,76.519641753614,76.519641753614,75.201960345803,75.34314049664,27394938,2080135752.1266043
2023-11-01,09989.HK,3.4808318057241,3.4808318057241,3.4264438087596,3.4717671395633,144000,500587.12406069285
2023-11-01,09992.HK,20.901781145162,21.241253228726,20.51381304966,20.804789121286,4467600,93164136.66119154
2023-11-01,09988.HK,75.390200546919,75.954921150266,74.448999541339,74.919600044129,20894177,1570299789.192031
2023-11-02,09992.HK,21.144261204851,21.435237276477,20.9502771571,21.241253228726,2880954,61055358.674735695
2023-11-02,09989.HK,3.4808318057241,3.4989611380455,3.4445731410811,3.4808318057241,237500,826697.5538594738
2023-11-02,09988.HK,76.425521653056,77.366722658636,75.578440748035,75.766680949151,17414151,1325148998.5687127
2023-11-03,09988.HK,77.084362356962,78.213803563657,76.284341502219,77.978503312262,26892338,2085001497.4126842
2023-11-03,09992.HK,21.241253228726,22.114181443605,21.241253228726,21.968693407792,4888600,105618072.56364094
2023-11-03,09989.HK,3.4445731410811,3.517090470367,3.4445731410811,3.5080258042063,276000,959458.6544496613
2023-11-06,09989.HK,3.5805431334922,3.5805431334922,3.4717671395633,3.5624138011707,601500,2148244.298099867
2023-11-06,09992.HK,22.502149539107,23.326581742048,22.453653527169,22.744629598796,7912298,179003000.0396358
2023-11-06,09988.HK,79.343244770353,79.955025423979,78.637344016168,79.860905323421,30546035,2431527770.454837
2023-11-07,09992.HK,22.744629598796,23.08410168236,22.64763757492,22.793125610733,2191984,49909015.4076021
2023-11-07,09988.HK,79.437364870911,79.766785222863,77.884383211704,78.260863613936,24603820,1939989413.980024
2023-11-07,09989.HK,3.5624138011707,3.5624138011707,3.4898964718848,3.5352198026885,266000,943985.2693132735
2023-11-08,09988.HK,78.119683463099,79.202064619516,77.460842759194,77.64908296031,22210760,1729871343.2631977
2023-11-08,09989.HK,3.5352198026885,3.5624138011707,3.4989611380455,3.5352198026885,177500,627501.5149772087
2023-11-08,09992.HK,22.696133586858,23.132597694298,22.64763757492,22.793125610733,2566600,58376366.32826853
2023-11-09,09988.HK,77.64908296031,77.931443261983,76.613761854172,77.319662608357,18303691,1418250016.77325
2023-11-09,09989.HK,3.5624138011707,3.5624138011707,3.4717671395633,3.4717671395633,180500,634834.8299012436
2023-11-09,09992.HK,22.793125610733,23.035605670422,22.308165491356,22.502149539107,1920800,43501582.25390633
2023-11-10,09992.HK,22.162677455543,22.453653527169,21.726213348103,21.920197395854,2756600,60759426.40768049
2023-11-10,09989.HK,3.4627024734026,3.4989611380455,3.4264438087596,3.4717671395633,295500,1024567.8853157117
2023-11-10,09988.HK,76.143161351382,76.23728145194,74.87253999385,74.919600044129,34168743,2580812335.4967685
2023-11-13,09989.HK,3.4989611380455,3.4989611380455,3.4173791425989,3.4717671395633,363000,1265187.1823859971
2023-11-13,09992.HK,22.259669479418,22.696133586858,21.920197395854,22.696133586858,3507537,78842071.30983827
2023-11-13,09988.HK,75.296080446361,76.331401552498,74.448999541339,75.907861099988,31021604,2345294398.944993
2023-11-14,09989.HK,3.4898964718848,3.5080258042063,3.4627024734026,3.4898964718848,130500,455431.4895809664
2023-11-14,09988.HK,75.531380697756,75.719620898872,74.448999541339,74.543119641897,28959042,2173006879.232513
2023-11-14,09992.HK,22.793125610733,23.08410168236,22.01718941973,22.211173467481,2624780,59063192.06725728
2023-11-15,09992.HK,22.793125610733,22.987109658484,22.308165491356,22.744629598796,3583848,81600196.46608004
2023-11-15,09989.HK,3.4898964718848,3.5261551365278,3.4898964718848,3.517090470367,234500,821569.2189790235
2023-11-15,09988.HK,77.319662608357,78.354983714494,76.472581703335,78.307923664215,50397502,3921620795.2135596
2023-11-16,09988.HK,79.249124669795,79.249124669795,76.23728145194,76.566701803893,58203453,4534509566.408728
2023-11-16,09989.HK,3.5080258042063,3.5442844688492,3.4536378072418,3.4898964718848,238500,834502.2314238637
2023-11-16,09992.HK,22.890117634609,23.035605670422,21.968693407792,22.550645551045,2477510,56289972.60004482
2023-11-17,09988.HK,70.590075418463,72.143057077669,68.613553306746,68.942973658699,190538032,13293176285.06093
2023-11-17,09992.HK,22.550645551045,22.64763757492,21.823205371979,21.920197395854,2531800,56295640.08647944
2023-11-17,09989.HK,3.4536378072418,3.4717671395633,3.4264438087596,3.4445731410811,392500,1353773.898608369
2023-11-20,09989.HK,3.4445731410811,3.4536378072418,3.3901851441167,3.3992498102774,767500,2626317.0575838243
2023-11-20,09988.HK,70.401835217347,70.825375669858,69.272394010652,70.072414865395,109101660,7662986935.641145
2023-11-20,09992.HK,22.114181443605,22.793125610733,21.677717336166,22.599141562982,2199500,49173476.97649405
2023-11-21,09988.HK,71.531276424043,72.943077932412,71.295976172648,71.531276424043,86788578,6208097763.367617
2023-11-21,09992.HK,22.938613646547,24.441990016616,22.890117634609,23.035605670422,7136968,164058266.0450948
2023-11-21,09989.HK,3.4355084749204,3.4627024734026,3.4083144764381,3.4445731410811,379500,1305495.4866362845
2023-11-22,09992.HK,22.841621622671,23.666053825613,22.308165491356,23.229589718173,4350110,100207418.58295944
2023-11-22,09989.HK,3.4445731410811,3.4808318057241,3.4173791425989,3.4355084749204,454000,1561778.5268323403
2023-11-22,09988.HK,72.048936977112,72.660717630738,71.625396524601,72.331297278785,47284218,3413453235.7234507
2023-11-23,09988.HK,71.954816876554,72.943077932412,71.531276424043,72.707777681017,39544273,2860288566.0364513
2023-11-23,09992.HK,23.229589718173,23.763045849488,22.744629598796,23.423573765924,2822974,65850333.766677625
2023-11-23,09989.HK,3.4627024734026,3.4717671395633,3.4173791425989,3.4717671395633,486000,1685076.1159507139
2023-11-24,09992.HK,23.326581742048,23.423573765924,22.987109658484,23.132597694298,1249800,29032341.229772612
2023-11-24,09988.HK,72.56659753018,72.801897781575,71.437156323485,71.719516625159,29509755,2128923939.313043
2023-11-24,09989.HK,3.4717671395633,3.4808318057241,3.4536378072418,3.4627024734026,222000,769726.127039215
2023-11-27,09989.HK,3.4627024734026,3.4808318057241,3.4083144764381,3.4355084749204,470000,1621079.572855905
2023-11-27,09988.HK,71.484216373764,71.766576675438,70.307715116789,71.625396524601,36613788,2619892513.711401
2023-11-27,09992.HK,23.181093706235,23.472069777862,22.890117634609,23.229589718173,1595000,37012520.03096538
2023-11-28,09989.HK,3.4264438087596,3.4808318057241,3.4083144764381,3.4627024734026,394500,1358884.104156494
2023-11-28,09992.HK,23.326581742048,23.811541861426,22.938613646547,23.472069777862,2157066,50473890.01972309
2023-11-28,09988.HK,70.590075418463,71.013615870974,69.648874412884,69.978294764837,56690172,3984422541.7254744
2023-11-29,09988.HK,69.601814362605,69.790054563721,67.672352301167,68.42531310563,91555012,6318537655.839892
2023-11-29,09992.HK,23.520565789799,23.860037873363,22.259669479418,22.453653527169,5666200,130249560.74690205
2023-11-29,09989.HK,3.4717671395633,3.4717671395633,3.3720558117952,3.3901851441167,397500,1363813.0163814
2023-11-30,09988.HK,68.237072904514,68.707673407304,67.437052049772,68.472373155909,85244702,5826877995.002915
2023-11-30,09989.HK,3.4355084749204,3.4355084749204,3.3901851441167,3.4355084749204,330500,1135435.5509611922
2023-11-30,09992.HK,22.453653527169,22.841621622671,22.065685431667,22.744629598796,4846157,109518988.07943858
2023-12-01,09988.HK,68.331193005072,68.754733457583,67.437052049772,67.625292250888,93686293,6368629556.470024
2023-12-01,09989.HK,3.4536378072418,3.4536378072418,3.4083144764381,3.4264438087596,167500,576206.8353401172
2023-12-01,09992.HK,22.162677455543,22.744629598796,21.774709360041,22.259669479418,3939511,87501162.19804756
2023-12-04,09988.HK,68.095892753678,68.284132954793,66.401730943634,66.637031195029,78421903,5283006146.405938
2023-12-04,09989.HK,3.4264438087596,3.4536378072418,3.3811204779559,3.3901851441167,222000,756645.8137692693
2023-12-04,09992.HK,22.259669479418,22.356661503294,21.483733288415,21.58072531229,3351923,73474813.81570312
2023-12-05,09988.HK,66.637031195029,66.872331446424,65.789950290008,66.354670893355,56325918,3745439853.2553725
2023-12-05,09992.HK,21.58072531229,21.677717336166,19.88336489447,20.465317037722,10488134,220492263.1683004
2023-12-05,09989.HK,3.3811204779559,3.3992498102774,3.3539264794737,3.3629911456344,524000,1766957.2453806584
2023-12-06,09988.HK,65.884070390566,66.684091245308,65.319349787218,66.025250541403,74529931,4915596293.658252
2023-12-06,09989.HK,3.3539264794737,3.3992498102774,3.344861813313,3.3629911456344,373000,1252705.1370826606
2023-12-06,09992.HK,20.465317037722,20.9502771571,20.271332989971,20.51381304966,2752741,56402465.767935015
2023-12-07,09989.HK,3.3539264794737,3.3720558117952,3.3357971471522,3.3720558117952,269000,904644.618175667
2023-12-07,09988.HK,65.319349787218,65.837010340287,64.613449033033,65.601710088892,39815379,2606335809.0245066
2023-12-07,09992.HK,20.368325013847,20.368325013847,19.592388822843,20.174340966096,3237830,65635130.09491941
2023-12-08,09988.HK,65.601710088892,66.825271396145,65.22522968666,66.354670893355,52123073,3438986039.3767366
2023-12-08,09992.HK,20.174340966096,20.271332989971,19.107428703466,19.340209560767,10075560,199065612.3532199
2023-12-08,09989.HK,3.3629911456344,3.4355084749204,3.3357971471522,3.4355084749204,276500,939892.5725417011
2023-12-11,09992.HK,19.223819132116,20.028852930283,18.641866988864,19.834868882532,4794857,93640411.81892553
2023-12-11,09988.HK,65.178169636381,65.413469887776,63.813428178291,64.75462918387,70139100,4556684784.866733
2023-12-11,09989.HK,3.4445731410811,3.4355084749204,3.3629911456344,3.4173791425989,370500,1271176.66055172
2023-12-12,09989.HK,3.4173791425989,3.4173791425989,3.3629911456344,3.3720558117952,165500,561825.7424761117
2023-12-12,09992.HK,19.834868882532,20.271332989971,19.689380846719,19.931860906407,1898800,37754533.26161869
2023-12-12,09988.HK,64.989929435265,66.072310591682,64.801689234149,65.978190491124,37921483,2483252666.665261
2023-12-13,09989.HK,3.3720558117952,3.4445731410811,3.3720558117952,3.4173791425989,346000,1174572.2471101792
2023-12-13,09992.HK,19.88336489447,19.931860906407,19.262615941667,19.689380846719,2376300,47018357.8523937
2023-12-13,09988.HK,64.942869384986,65.69583018945,64.801689234149,65.319349787218,27833190,1812806548.0207982
2023-12-14,09988.HK,65.460529938055,66.448790993913,64.566388982754,65.036989485544,44998398,2936089658.517919
2023-12-14,09989.HK,3.4355084749204,3.4445731410811,3.3901851441167,3.3901851441167,133500,455615.04907072644
2023-12-14,09992.HK,19.689380846719,20.368325013847,19.44690078703,19.640884834781,1709992,33627219.83661977
2023-12-15,09992.HK,19.640884834781,20.659301085473,19.44690078703,20.174340966096,5211343,103745399.13540988
2023-12-15,09989.HK,3.4173791425989,3.4536378072418,3.4083144764381,3.4173791425989,511000,1746280.741868038
2023-12-15,09988.HK,66.260550792798,68.660613357025,66.260550792798,67.437052049772,62228683,4159912872.5750937
2023-12-18,09988.HK,67.672352301167,68.519433206188,67.484112100051,67.860592502283,37723193,2556367717.3394456
2023-12-18,09989.HK,3.4173791425989,3.4355084749204,3.3811204779559,3.3811204779559,286000,972185.4457393364
2023-12-18,09992.HK,19.88336489447,20.125844954158,19.543892810905,19.737876858656,2141744,42429278.398653544
2023-12-19,09988.HK,67.625292250888,67.907652552562,66.966451546982,67.437052049772,31969362,2158928488.7582183
2023-12-19,09989.HK,3.4355084749204,3.4355084749204,3.2360858193841,3.30860314867,718500,2422822.100774851
2023-12-19,09992.HK,19.88336489447,19.88336489447,19.204420727341,19.379006370317,1848600,36290209.76004262
2023-12-20,09988.HK,69.321568184166,70.323462837894,68.939894030365,69.226149645716,44579808,3088215329.847158
2023-12-20,09989.HK,3.2995384825093,3.3176678148307,3.2179564870626,3.2451504855448,824000,2696411.8548382893
2023-12-20,09992.HK,19.543892810905,19.88336489447,19.204420727341,19.398404775092,2288500,44559724.01277706
2023-12-21,09988.HK,68.939894030365,70.180335030219,68.701347684239,69.989497953318,34236257,2378211184.4035554
2023-12-21,09989.HK,3.2542151517056,3.2995384825093,3.2179564870626,3.272344484027,341500,1114410.0578013414
2023-12-21,09992.HK,19.301412751217,19.495396798968,18.97163987004,19.301412751217,1539077,29706360.432904806
2023-12-22,09988.HK,70.800555530146,71.373066760848,68.367382799663,68.558219876563,59400452,4138987124.6624994
2023-12-22,09989.HK,3.2451504855448,3.2814091501878,3.2179564870626,3.2179564870626,370500,1197290.566675521
2023-12-22,09992.HK,19.301412751217,19.592388822843,18.409086131563,18.680663798414,6939000,131778814.58894476
2023-12-27,09988.HK,70.132625760994,70.895974068596,69.512405261067,70.418881376345,36876901,2591552007.052222
2023-12-27,09992.HK,18.738859012739,18.952241465265,18.137508464711,18.544874964988,5037673,93911629.99938895
2023-12-27,09989.HK,3.2270211532234,3.2360858193841,3.100115826973,3.136374491616,1207000,3840309.271660578
2023-12-28,09989.HK,3.136374491616,3.2542151517056,3.1091804931337,3.1998271547411,668500,2117875.400294861
2023-12-28,09992.HK,18.622468584089,19.640884834781,18.622468584089,19.44690078703,3336360,63506560.59751329
2023-12-28,09988.HK,70.418881376345,72.661217029928,70.275753568669,72.374961414577,49312462,3520757973.230657
2023-12-29,09988.HK,72.518089222252,72.565798491477,71.611613106974,72.136415068451,26301974,1902349505.4184797
2023-12-29,09989.HK,3.2179564870626,3.2632798178663,3.1907624885804,3.2451504855448,533500,1724033.7849430242
2023-12-29,09992.HK,19.44690078703,20.368325013847,19.223819132116,19.640884834781,5445500,106426268.3017859
2024-01-02,09988.HK,72.613507760702,72.708926299153,70.752846260921,71.277648222398,28567849,2055330408.280324
2024-01-02,09989.HK,3.2542151517056,3.2542151517056,3.2088918209019,3.2270211532234,226500,734000.0115332092
2024-01-02,09992.HK,19.398404775092,19.980356918345,19.185022322566,19.340209560767,2415854,46793418.19887115
2024-01-03,09988.HK,70.037207222543,70.037207222543,69.273858914941,69.941788684093,37529342,2626659805.098371
2024-01-03,09992.HK,19.107428703466,19.243217536892,18.777655822289,19.068631893916,2738336,52269440.53599632
2024-01-03,09989.HK,3.2270211532234,3.2360858193841,3.1726331562589,3.2270211532234,215000,693809.547943031
2024-01-04,09988.HK,70.609718453245,70.800555530146,69.941788684093,70.657427722471,37563294,2653229672.1696978
2024-01-04,09989.HK,3.2360858193841,3.2360858193841,3.1091804931337,3.136374491616,879000,2800696.306684544
2024-01-04,09992.HK,19.068631893916,19.107428703466,18.719460607964,19.01043667959,1948000,37089012.790594846
2024-01-05,09988.HK,69.703242337967,69.703242337967,68.128836453537,68.367382799663,52087626,3595885541.877535
2024-01-05,09989.HK,3.136374491616,3.1454391577767,3.0457278300086,3.0910511608123,585500,1823078.859748385
2024-01-05,09992.HK,18.544874964988,18.913444655715,18.176305274261,18.370289322012,3458400,63833702.08508039
2024-01-08,09989.HK,3.0729218284908,3.0729218284908,2.8825638391152,2.9278871699189,1792500,5378225.064824694
2024-01-08,09988.HK,68.033417915086,68.081127184312,66.459012030656,67.126941799808,34239253,2313894875.924632
2024-01-08,09992.HK,18.370289322012,18.641866988864,17.846532393085,18.156906869486,8269926,151038604.74558514
2024-01-09,09989.HK,2.9550811684012,2.9732105007226,2.9097578375975,2.9369518360797,196000,577419.2344391282
2024-01-09,09988.HK,67.031523261358,67.842580838186,66.363593492206,66.554430569106,50769600,3391052720.7955627
2024-01-09,09992.HK,18.156906869486,18.777655822289,17.652548345334,18.428484536338,4362300,79798226.46481301
2024-01-10,09989.HK,2.9097578375975,2.9550811684012,2.8825638391152,2.8825638391152,384000,1112125.7619288384
2024-01-10,09988.HK,66.697558376782,67.126941799808,65.743372992279,66.12504714608,52717505,3501038185.3822517
2024-01-10,09992.HK,18.428484536338,19.359607965542,18.156906869486,19.340209560767,5036963,95119757.36271814
2024-01-11,09989.HK,2.8825638391152,2.9460165022404,2.8825638391152,2.9278871699189,390500,1134490.559513908
2024-01-11,09992.HK,19.340209560767,19.543892810905,19.088030298691,19.243217536892,3463800,66822637.39043562
2024-01-11,09988.HK,66.22046568453,68.605929145788,65.886500799954,67.60403449206,44861174,3001762093.9425173
2024-01-12,09989.HK,2.9278871699189,2.9641458345619,2.9006931714367,2.9278871699189,358500,1049647.5504159257
2024-01-12,09992.HK,18.93284306049,19.834868882532,18.93284306049,19.495396798968,3993798,76737313.74711183
2024-01-12,09988.HK,67.174651069034,68.462801338113,66.888395453683,67.317778876709,28180147,1895008223.1291199
2024-01-15,09988.HK,66.888395453683,67.556325222835,66.22046568453,66.792976915232,19966338,1334563732.5108087
2024-01-15,09989.HK,2.8009818436686,2.8463051744723,2.7919171775078,2.7919171775078,1280000,3579455.373552896
2024-01-15,09992.HK,19.495396798968,19.786372870594,18.89404625094,19.592388822843,3541890,69222318.50801808
2024-01-16,09988.HK,65.695663723053,66.792976915232,64.932315415451,65.266280300027,42678068,2794601376.214601
2024-01-16,09989.HK,2.7828525113471,2.8100465098293,2.6740765174182,2.7103351820612,1816500,4989187.722538088
2024-01-16,09992.HK,19.592388822843,19.737876858656,19.126827108241,19.398404775092,1709000,33317633.129435454
2024-01-17,09988.HK,64.884606146226,64.884606146226,62.117468531166,62.642270492643,68277439,4353604270.285452
2024-01-17,09992.HK,19.495396798968,19.495396798968,18.506078155438,18.641866988864,4994819,95244364.88773762
2024-01-17,09989.HK,2.683141183579,2.6922058497397,2.5381065250071,2.5743651896501,2192500,5763541.361652401
2024-01-18,09988.HK,64.025839300173,64.312094915524,63.119363184894,63.596455877146,57626977,3677243534.4352865
2024-01-18,09989.HK,2.5743651896501,2.5743651896501,2.4837185280427,2.5381065250071,1265000,3233638.3595206793
2024-01-18,09992.HK,18.641866988864,18.97163987004,17.86593079786,18.467281345888,5197000,96428121.94785307
2024-01-19,09989.HK,2.5018478603642,2.5290418588464,2.4655891957212,2.474653861882,880000,2189660.757788328
2024-01-19,09992.HK,18.641866988864,18.719460607964,17.962922821735,18.176305274261,2580189,47498921.53671011
2024-01-19,09988.HK,63.071653915669,63.787292954047,62.165177800391,62.546851954192,54296782,3410340314.1907816
2024-01-22,09989.HK,2.4474598633997,2.4565245295605,2.3205545371494,2.3205545371494,1644000,3919307.8372513605
2024-01-22,09992.HK,18.331492512462,18.331492512462,16.469245654053,16.702026511354,14629148,256255267.38010988
2024-01-22,09988.HK,64.025839300173,64.121257838623,61.640375838914,62.451433415742,74043690,4682421986.511334
2024-01-23,09989.HK,2.3205545371494,2.3930718664353,2.3205545371494,2.3749425341138,559500,1313565.3056858804
2024-01-23,09988.HK,63.548746607921,66.172756415305,63.26249099257,64.550641261649,74570912,4776244090.037786
2024-01-23,09992.HK,16.818416940005,17.885329202635,16.682628106579,17.400369083258,12625487,216014419.04624435
2024-01-24,09989.HK,2.3840072002746,2.438395197239,2.3477485356316,2.4112011987568,452500,1084915.9002808544
2024-01-24,09992.HK,17.846532393085,18.544874964988,17.380970678483,18.137508464711,6616022,119035602.98203862
2024-01-24,09988.HK,68.415092068888,69.655533068742,66.936104722908,69.273858914941,103474200,7123627025.945458
2024-01-25,09989.HK,2.4112011987568,2.5018478603642,2.4112011987568,2.474653861882,1292000,3156262.369172665
2024-01-25,09988.HK,69.655533068742,70.323462837894,68.605929145788,69.989497953318,64649639,4514000421.859989
2024-01-25,09992.HK,18.176305274261,18.525476560213,17.885329202635,18.467281345888,3223029,59051671.17037611
2024-01-26,09992.HK,18.428484536338,18.797054227064,17.846532393085,17.982321226511,3305528,60178468.97582937
2024-01-26,09989.HK,2.4565245295605,2.4837185280427,2.4293305310783,2.4474598633997,766500,1879452.0186019966
2024-01-26,09988.HK,69.08302183804,69.273858914941,67.031523261358,67.651743761285,60517346,4137412560.0016236
2024-01-29,09989.HK,2.4655891957212,2.4927831942034,2.4565245295605,2.4837185280427,598500,1481080.336336347
2024-01-29,09988.HK,68.892184761139,70.132625760994,68.796766222689,69.273858914941,52527482,3628757186.103253
2024-01-29,09992.HK,18.137508464711,18.661265393639,17.94352441696,18.273297298137,2774864,50517517.06115972
2024-01-30,09989.HK,2.4293305310783,2.4565245295605,2.3930718664353,2.3930718664353,391500,943985.2693132872
2024-01-30,09988.HK,68.367382799663,68.701347684239,67.50861595361,67.890290107411,39880218,2716992849.8534026
2024-01-30,09992.HK,18.215102083812,18.215102083812,17.225783440282,17.574954726234,3279631,58689089.90299398
2024-01-31,09992.HK,17.361572273708,17.94352441696,16.702026511354,16.993002582981,3742600,64287715.92932212
2024-01-31,09988.HK,67.69945303051,67.747162299735,65.981919338404,66.363593492206,51391419,3444845098.1326947
2024-01-31,09989.HK,2.3840072002746,2.402136532596,2.2661665401849,2.2933605386672,1026500,2400658.992011879
2024-02-01,09992.HK,16.993002582981,17.768938773985,16.740823320905,17.536157916683,4579200,79057965.88003069
2024-02-01,09988.HK,66.983813992133,69.321568184166,66.554430569106,67.794871568961,50417313,3397589587.831128
2024-02-01,09989.HK,2.2661665401849,2.3205545371494,2.2661665401849,2.2933605386672,609500,1389515.8772801775
2024-02-02,09992.HK,17.768938773985,18.234500488587,16.91540896388,16.973604178206,3829714,66527001.5698036
2024-02-02,09988.HK,68.701347684239,69.416986722616,66.840686184457,67.460906684384,34666865,2360159245.1463566
2024-02-02,09989.HK,2.3205545371494,2.3477485356316,2.2389725417027,2.2752312063457,518000,1190308.5075652308
2024-02-05,09992.HK,16.72142491613,16.973604178206,16.391652034953,16.663229701804,3474223,57992867.46034127
2024-02-05,09988.HK,65.886500799954,68.224254991987,65.886500799954,67.413197415159,38569568,2570655887.34364
2024-02-05,09989.HK,2.2389725417027,2.2571018740242,2.1664552124168,2.2208432093812,596000,1329025.0938230022
2024-02-06,09992.HK,16.79901853523,17.846532393085,16.72142491613,17.78833717876,4614580,79803059.96533199
2024-02-06,09989.HK,2.1845845447383,2.3840072002746,2.1845845447383,2.3749425341138,666500,1519462.3990274624
2024-02-06,09988.HK,69.464695991841,73.186018991404,69.321568184166,72.518089222252,109957108,7806008223.963412
2024-02-07,09989.HK,2.3749425341138,2.4655891957212,2.3658778679531,2.3840072002746,381500,907769.6618345873
2024-02-07,09992.HK,18.021118036061,18.195703679037,17.283978654607,17.361572273708,2806668,49653732.32316937
2024-02-07,09988.HK,73.32914679908,73.519983875981,71.134520414722,71.468485299298,62186756,4502247508.3398
2024-02-08,09988.HK,68.081127184312,68.605929145788,66.22046568453,67.079232530583,113581630,7675866983.902054
2024-02-08,09989.HK,2.3840072002746,2.4565245295605,2.3840072002746,2.4293305310783,1067500,2569119.0141096106
2024-02-08,09992.HK,17.361572273708,17.768938773985,17.245181845057,17.633149940559,1744114,30517392.470007036
2024-02-09,09989.HK,2.4112011987568,2.4293305310783,2.4112011987568,2.4293305310783,4000,9681.0634596702
2024-02-09,09992.HK,17.109393011631,17.361572273708,16.934807368656,17.148189821182,149638,2563118.0899682357
2024-02-09,09988.HK,65.361698838477,66.315884222981,64.932315415451,66.12504714608,42137510,2770262036.895865
2024-02-14,09989.HK,2.3386838694709,2.4293305310783,2.3205545371494,2.4293305310783,27500,65560.1980075515
2024-02-14,09992.HK,17.148189821182,17.652548345334,16.83781534478,17.613751535784,914384,15892881.492874002
2024-02-14,09988.HK,65.552535915378,67.69945303051,65.170861761577,67.556325222835,42049345,2798570212.2789054
2024-02-15,09988.HK,67.460906684384,68.605929145788,67.365488145934,68.033417915086,32587285,2207696085.80272
2024-02-15,09989.HK,2.3568132017923,2.4293305310783,2.3114898709886,2.4293305310783,94000,224948.75544491824
2024-02-15,09992.HK,17.497361107133,17.94352441696,17.283978654607,17.82713398831,1117706,19741200.057573605
2024-02-16,09989.HK,2.4293305310783,2.5743651896501,2.402136532596,2.5743651896501,247500,619207.3454401395
2024-02-16,09992.HK,17.768938773985,18.680663798414,17.633149940559,18.622468584089,1182350,21513690.244909395
2024-02-16,09988.HK,68.510510607338,70.037207222543,68.081127184312,69.655533068742,52343661,3616058275.9459624
2024-02-19,09989.HK,2.4927831942034,2.5381065250071,2.4474598633997,2.5199771926857,802000,2010116.9151425292
2024-02-19,09988.HK,69.17844037649,69.369277453391,68.224254991987,68.224254991987,29322068,2014465588.4888837
2024-02-19,09992.HK,18.525476560213,18.525476560213,17.807735583535,18.040516440836,2928000,53532613.75353574
2024-02-20,09992.HK,18.234500488587,18.622468584089,17.749540369209,18.001719631286,1589594,28800439.0426147
2024-02-20,09989.HK,2.5290418588464,2.5290418588464,2.474653861882,2.5018478603642,234500,589871.819577443
2024-02-20,09988.HK,68.892184761139,69.273858914941,67.556325222835,68.844475491914,32254405,2221307011.574687
2024-02-21,09992.HK,17.90472760741,18.777655822289,17.691345154884,18.583671774538,5660902,103278626.5190341
2024-02-21,09988.HK,68.128836453537,70.800555530146,67.890290107411,69.560114530292,51979465,3578499004.275327
2024-02-21,09989.HK,2.4837185280427,2.5924945219716,2.4837185280427,2.5743651896501,610500,1543980.054825727
2024-02-22,09992.HK,18.544874964988,18.700062203189,18.118110059936,18.661265393639,3457800,64325696.06603021
2024-02-22,09988.HK,70.323462837894,71.420776030073,70.084916491769,71.420776030073,42773596,3031455404.3329587
2024-02-22,09989.HK,2.5653005234893,2.5924945219716,2.5381065250071,2.5924945219716,419500,1081847.5107854237
2024-02-23,09989.HK,2.5653005234893,2.6015591881323,2.5653005234893,2.5924945219716,378000,974823.2635921101
2024-02-23,09988.HK,70.705136991696,71.754740914649,70.37117210712,71.134520414722,27579751,1955951216.597157
2024-02-23,09992.HK,18.447882941113,19.88336489447,18.234500488587,19.495396798968,5587885,106011341.85520124
2024-02-26,09989.HK,2.5834298558108,2.6378178527753,2.5653005234893,2.610623854293,341000,885586.1575726978
2024-02-26,09992.HK,19.398404775092,19.786372870594,18.85524944139,19.029835084366,2514403,48312040.79367039
2024-02-26,09988.HK,70.895974068596,71.277648222398,70.323462837894,70.752846260921,22212373,1573178216.0846074
2024-02-27,09988.HK,71.039101876272,72.374961414577,69.798660876418,72.04099653,40440438,2893110924.3163705
2024-02-27,09989.HK,2.610623854293,2.610623854293,2.5562358573286,2.610623854293,318500,831483.6975923204
2024-02-27,09992.HK,18.93284306049,19.543892810905,18.680663798414,19.359607965542,3336314,63877820.22623246
2024-02-28,09992.HK,19.165623917791,19.640884834781,18.525476560213,18.661265393639,3492800,66060879.493481345
2024-02-28,09989.HK,2.610623854293,2.646882518936,2.4927831942034,2.5018478603642,449000,1147749.8999405415
2024-02-28,09988.HK,72.136415068451,72.708926299153,70.705136991696,70.848264799371,42583119,3044366818.994184
2024-02-29,09988.HK,69.416986722616,70.705136991696,69.08302183804,69.560114530292,49333481,3428112092.0477066
2024-02-29,09992.HK,18.661265393639,19.088030298691,18.544874964988,18.991038274815,6792139,127869840.09317473
2024-02-29,09989.HK,2.5109125265249,2.5471711911679,2.5018478603642,2.5471711911679,290500,734686.6599948792
2024-03-01,09992.HK,18.97163987004,20.9502771571,18.89404625094,20.51381304966,7612177,150285128.2749616
2024-03-01,09989.HK,2.5199771926857,2.5381065250071,2.5109125265249,2.5381065250071,198500,502014.8089810104
2024-03-01,09988.HK,68.701347684239,70.037207222543,68.224254991987,69.703242337967,60262868,4170328769.551158
2024-03-04,09989.HK,2.5199771926857,2.5743651896501,2.5018478603642,2.5199771926857,354000,892071.9262107379
2024-03-04,09992.HK,20.562309061598,21.435237276477,20.271332989971,21.241253228726,4603233,96215768.7261875
2024-03-04,09988.HK,69.941788684093,70.084916491769,68.224254991987,68.796766222689,55605212,3857293379.0826263
2024-03-05,09992.HK,20.804789121286,21.144261204851,20.028852930283,20.125844954158,3023991,61886934.534218
2024-03-05,09989.HK,2.5018478603642,2.5018478603642,2.4112011987568,2.4293305310783,531500,1310460.6575258446
2024-03-05,09988.HK,66.983813992133,67.651743761285,65.886500799954,66.506721299881,59448363,3967896899.551979
2024-03-06,09992.HK,19.980356918345,21.289749240664,19.834868882532,21.047269180975,2668772,54746689.88016722
2024-03-06,09989.HK,2.438395197239,2.4837185280427,2.4202658649175,2.4293305310783,377000,917566.299787811
2024-03-06,09988.HK,67.317778876709,69.369277453391,67.079232530583,68.558219876563,56159854,3815388126.0439687
2024-03-07,09988.HK,68.749056953464,69.321568184166,66.888395453683,67.460906684384,42526429,2896261673.8687625
2024-03-07,09989.HK,2.438395197239,2.474653861882,2.4112011987568,2.4293305310783,281500,685132.3962606599
2024-03-07,09992.HK,21.241253228726,21.241253228726,20.659301085473,20.998773169037,2469332,52152324.432420455
2024-03-08,09989.HK,2.4474598633997,2.5109125265249,2.4474598633997,2.474653861882,134000,329781.6195938739
2024-03-08,09992.HK,20.853285133224,21.386741264539,20.51381304966,20.610805073536,2146000,44490968.79185348
2024-03-08,09988.HK,67.556325222835,69.035312568815,67.50861595361,67.985708645861,33041436,2239251718.6911755
2024-03-11,09988.HK,68.844475491914,69.846370145643,68.796766222689,69.464695991841,37032890,2560994166.7745175
2024-03-11,09989.HK,2.4927831942034,2.5562358573286,2.474653861882,2.5562358573286,349000,881053.824492334
2024-03-11,09992.HK,20.562309061598,22.01718941973,20.562309061598,21.774709360041,4509238,95453846.1367773
2024-03-12,09989.HK,2.5743651896501,2.610623854293,2.5562358573286,2.6015591881323,403000,1042948.7621231534
2024-03-12,09988.HK,70.180335030219,71.563903837749,69.607823799517,71.420776030073,73206579,5183066461.66152
2024-03-12,09992.HK,21.774709360041,22.793125610733,21.677717336166,22.744629598796,7783970,173268599.4377092
2024-03-13,09992.HK,22.938613646547,23.035605670422,22.453653527169,22.744629598796,3745264,85547903.16501315
2024-03-13,09989.HK,2.5743651896501,2.5924945219716,2.5290418588464,2.5834298558108,377000,972244.3660693796
2024-03-13,09988.HK,71.086811145497,71.611613106974,70.37117210712,70.609718453245,47435359,3360712875.285226
2024-03-14,09989.HK,2.5834298558108,2.6378178527753,2.5471711911679,2.5834298558108,482500,1246504.905428711
2024-03-14,09988.HK,70.895974068596,71.754740914649,69.464695991841,70.084916491769,48282142,3403429688.661001
2024-03-14,09992.HK,22.793125610733,23.08410168236,22.453653527169,22.841621622671,4395306,100289339.161732
2024-03-15,09989.HK,2.5653005234893,2.5834298558108,2.5018478603642,2.5653005234893,2108386,5408643.709517512
2024-03-15,09988.HK,68.128836453537,68.701347684239,67.556325222835,68.605929145788,66420792,4541015712.520761
2024-03-15,09992.HK,22.793125610733,22.890117634609,22.356661503294,22.696133586858,4335644,98612616.85224012
2024-03-18,09992.HK,22.987109658484,22.987109658484,21.968693407792,22.696133586858,6617106,151145431.489106
2024-03-18,09988.HK,67.890290107411,69.17844037649,67.890290107411,68.701347684239,29947868,2045314169.2440727
2024-03-18,09989.HK,2.5562358573286,2.6196885204538,2.5199771926857,2.5924945219716,962386,2477533.0174066015
2024-03-19,09988.HK,67.985708645861,68.415092068888,67.365488145934,67.842580838186,38328086,2603019180.2887244
2024-03-19,09989.HK,2.5834298558108,2.6287531866145,2.5834298558108,2.6015591881323,276000,715528.4880641478
2024-03-19,09992.HK,22.696133586858,22.890117634609,21.920197395854,22.308165491356,6132117,137985813.72530022
2024-03-20,09989.HK,2.5743651896501,2.6378178527753,2.5743651896501,2.6287531866145,210000,546327.429507783
2024-03-20,09988.HK,68.033417915086,68.462801338113,67.126941799808,67.985708645861,30531961,2076465333.706449
2024-03-20,09992.HK,22.308165491356,24.054021921114,22.211173467481,23.957029897239,11279415,260922169.42202467
2024-03-21,09989.HK,2.6559471850967,2.6559471850967,2.5924945219716,2.6015591881323,750500,1972879.2665541822
2024-03-21,09992.HK,24.829958112118,28.127686923884,24.829958112118,27.78821484032,33861307,890860054.0607998
2024-03-21,09988.HK,69.17844037649,69.894079414868,68.939894030365,69.226149645716,38991190,2698279833.213969
2024-03-22,09992.HK,26.915286625441,27.303254720942,26.28483847025,26.818294601565,24221124,650743866.9316922
2024-03-22,09989.HK,2.6015591881323,2.610623854293,2.5471711911679,2.5743651896501,847500,2193297.9550852915
2024-03-22,09988.HK,68.892184761139,69.08302183804,66.888395453683,67.747162299735,46657792,3187645117.0910354
2024-03-25,09989.HK,2.5743651896501,2.6287531866145,2.5381065250071,2.5471711911679,246000,629948.974840614
2024-03-25,09988.HK,66.936104722908,67.69945303051,66.602139838332,67.079232530583,42502492,2847992899.7469015
2024-03-25,09992.HK,26.769798589627,27.157766685129,26.187846446375,26.769798589627,6352638,170058839.7728109
2024-03-26,09989.HK,2.5471711911679,2.5834298558108,2.5199771926857,2.5199771926857,301500,763872.6188659302
2024-03-26,09992.HK,27.060774661254,27.933702876133,27.012278649316,27.448742756756,11288821,307674092.4641486
2024-03-26,09988.HK,66.315884222981,67.60403449206,66.12504714608,67.079232530583,46925401,3129809672.5514045
2024-03-27,09988.HK,66.506721299881,66.745267646007,65.361698838477,65.647954453828,66012638,4361939385.268485
2024-03-27,09992.HK,27.35175073288,27.78821484032,26.624310553814,27.497238768693,6138041,168332673.18461233
2024-03-27,09989.HK,2.5562358573286,2.5562358573286,2.438395197239,2.438395197239,426500,1065105.0723865407
2024-03-28,09988.HK,66.172756415305,68.415092068888,66.172756415305,67.031523261358,63275589,4214289626.930791
2024-03-28,09992.HK,27.448742756756,28.321670971635,27.254758709005,27.885206864195,6129624,169588152.8056861
2024-03-28,09989.HK,2.438395197239,2.5290418588464,2.438395197239,2.5199771926857,323000,800777.1409728391
2024-04-02,09988.HK,68.367382799663,68.701347684239,66.506721299881,67.747162299735,63731872,4337417382.806531
2024-04-02,09989.HK,2.4655891957212,2.5471711911679,2.4655891957212,2.5381065250071,677000,1693751.0014665297
2024-04-02,09992.HK,28.321670971635,29.340087222327,28.127686923884,28.952119126825,16452226,471140669.2882131
2024-04-03,09992.HK,28.952119126825,29.437079246203,28.370166983572,28.709639067137,8359074,240999451.85671735
2024-04-03,09988.HK,68.558219876563,68.558219876563,66.936104722908,67.126941799808,42103303,2856396737.332118
2024-04-03,09989.HK,2.5471711911679,2.5653005234893,2.5290418588464,2.5471711911679,305000,776887.2133062094
2024-04-05,09992.HK,28.85512710295,29.049111150701,27.78821484032,28.515655019386,1830217,52500490.37179771
2024-04-05,09988.HK,67.174651069034,67.69945303051,65.743372992279,66.840686184457,41301670,2767528617.0911956
2024-04-05,09989.HK,2.5381065250071,2.5381065250071,2.3840072002746,2.4112011987568,24500,60629.01961610777
2024-04-08,09992.HK,28.41866299551,29.340087222327,27.933702876133,28.564151031323,4790276,136481703.22260073
2024-04-08,09988.HK,66.697558376782,67.747162299735,66.077337876855,67.174651069034,29316176,1962310626.811202
2024-04-08,09989.HK,2.474653861882,2.5018478603642,2.402136532596,2.474653861882,229000,566695.734370978
2024-04-09,09989.HK,2.4565245295605,2.5924945219716,2.4474598633997,2.5381065250071,731500,1826786.3082080998
2024-04-09,09992.HK,28.564151031323,29.097607162638,27.982198888071,28.41866299551,4203580,119765908.69345732
2024-04-09,09988.HK,66.888395453683,68.176545722762,66.649849107557,67.270069607484,34509483,2314869634.6672187
2024-04-10,09992.HK,28.612647043261,29.194599186514,27.35175073288,27.836710852257,9801603,276647097.8483915
2024-04-10,09989.HK,2.5381065250071,2.5834298558108,2.4837185280427,2.5834298558108,1097000,2809162.7048786185
2024-04-10,09988.HK,68.033417915086,71.182229683947,68.033417915086,70.56200918402,87693112,6076932155.64487
2024-04-11,09989.HK,2.5562358573286,2.610623854293,2.5562358573286,2.610623854293,239000,617439.7355387812
2024-04-11,09988.HK,69.416986722616,71.039101876272,69.17844037649,70.800555530146,41223561,2890133203.163406
2024-04-11,09992.HK,27.78821484032,29.340087222327,27.448742756756,29.243095198452,11056079,315271334.6310781
2024-04-12,09992.HK,29.631063293953,30.697975556584,29.340087222327,30.358503473019,10075806,302221618.38402855
2024-04-12,09989.HK,2.6015591881323,2.6196885204538,2.5471711911679,2.5471711911679,542000,1395305.9327903541
2024-04-12,09988.HK,69.798660876418,70.132625760994,68.176545722762,68.367382799663,44688721,3087231888.7570996
2024-04-15,09992.HK,29.92203936558,30.600983532708,29.340087222327,30.067527401393,4591672,137726207.00802022
2024-04-15,09989.HK,2.6015591881323,2.6015591881323,2.4837185280427,2.5018478603642,1282000,3271283.9180862564
2024-04-15,09988.HK,66.792976915232,67.413197415159,66.602139838332,67.174651069034,42987921,2879494904.1725082
2024-04-16,09989.HK,2.4837185280427,2.5562358573286,2.474653861882,2.5290418588464,510500,1279507.088753443
2024-04-16,09992.HK,30.067527401393,30.164519425268,29.146103174576,29.340087222327,3444772,102322843.7212906
2024-04-16,09988.HK,65.647954453828,66.077337876855,65.075443223126,65.313989569252,53443746,3499548436.0178533
2024-04-17,09992.HK,29.728055317829,29.970535377518,28.85512710295,29.631063293953,4316948,128125114.18644755
2024-04-17,09988.HK,64.980024684676,65.409408107702,64.216676377073,64.884606146226,40972640,2660448383.883724
2024-04-17,09989.HK,2.5471711911679,2.5743651896501,2.5018478603642,2.5562358573286,171000,436341.30264645076
2024-04-18,09988.HK,64.598350530875,65.409408107702,64.121257838623,64.789187607775,31609984,2044969005.1810582
2024-04-18,09989.HK,2.5834298558108,2.610623854293,2.5834298558108,2.6015591881323,311000,806265.796333152
2024-04-18,09992.HK,29.679559305891,31.231431687899,29.679559305891,30.843463592397,7444606,225285029.70336613
2024-04-19,09992.HK,30.891959604334,31.231431687899,30.116023413331,30.55248752077,3815776,117229123.33662044
2024-04-19,09989.HK,2.5562358573286,2.5653005234893,2.5471711911679,2.5562358573286,207000,529140.8224670202
2024-04-19,09988.HK,63.787292954047,63.978130030947,62.785398300318,63.644165146371,51647818,3290778377.7225075
2024-04-22,09988.HK,64.502931992424,66.268174953755,64.502931992424,65.313989569252,42767591,2775978503.11442
2024-04-22,09992.HK,31.037447640148,32.783304069906,30.261511449144,32.443831986342,7183322,228003236.26455867
2024-04-22,09989.HK,2.5562358573286,2.610623854293,2.5562358573286,2.6015591881323,596000,1537022.9235473482
2024-04-23,09989.HK,2.6015591881323,2.6559471850967,2.6015591881323,2.646882518936,451500,1184835.7153706688
2024-04-23,09992.HK,33.12277615347,34.432168475789,31.570903771463,33.510744248972,25100073,836253113.1741418
2024-04-23,09988.HK,66.12504714608,67.126941799808,65.647954453828,66.602139838332,47335665,3141364829.743243
2024-04-24,09988.HK,67.985708645861,69.655533068742,67.50861595361,69.17844037649,64630900,4432521199.524333
2024-04-24,09992.HK,33.801720320598,33.898712344474,32.201351926653,32.637816034093,23415436,777855355.6914703
2024-04-24,09989.HK,2.6015591881323,2.7556585128649,2.6015591881323,2.7012705159004,918500,2435324.5415770174
2024-04-25,09988.HK,69.17844037649,70.705136991696,68.749056953464,69.655533068742,43558815,3023721682.507887
2024-04-25,09989.HK,2.7284645143827,2.8281758421508,2.7193998482219,2.7828525113471,459500,1266225.0866614217
2024-04-25,09992.HK,32.637816034093,33.316760201221,32.443831986342,32.928792105719,7422506,243334271.15870166
2024-04-26,09988.HK,69.846370145643,72.231833606901,69.846370145643,71.8501594531,76974505,5453510113.0405445
2024-04-26,09989.HK,2.7919171775078,2.9188225037582,2.7193998482219,2.8734991729545,1254500,3553632.4058274776
2024-04-26,09992.HK,33.12277615347,33.365256213159,32.49232799828,32.783304069906,9640526,317684639.97577107
2024-04-29,09989.HK,2.9188225037582,2.9913398330441,2.9188225037582,2.9550811684012,545000,1600638.7506634367
2024-04-29,09992.HK,32.928792105719,33.55924026091,32.298343950529,32.783304069906,13001834,427188883.1337555
2024-04-29,09988.HK,70.895974068596,72.518089222252,70.705136991696,70.943683337822,55367962,3926686380.685785
2024-04-30,09992.HK,32.783304069906,33.074280141532,32.152855914715,32.880296093781,13053466,428568786.0871413
2024-04-30,09989.HK,3.1726331562589,3.2904738163485,3.0457278300086,3.0457278300086,7048000,21913504.11560667
2024-04-30,09988.HK,71.707031645424,71.94557799155,70.418881376345,70.943683337822,47495457,3387630449.753008
2024-05-02,09989.HK,3.0457278300086,3.1998271547411,2.9641458345619,3.1998271547411,348000,1086726.5673464478
2024-05-02,09992.HK,32.346839962466,33.947208356411,32.249847938591,33.656232284785,7237777,238857759.12024578
2024-05-02,09988.HK,70.132625760994,73.23372826063,69.989497953318,72.613507760702,68356381,4878804544.642962
2024-05-03,09988.HK,75.094389760411,76.764214183292,74.90355268351,75.571482452663,79294381,5973478537.480402
2024-05-03,09989.HK,3.2360858193841,3.2360858193841,3.0729218284908,3.1273098254552,173500,552024.5721898093
2024-05-03,09992.HK,33.995704368349,34.044200380287,33.219768177346,33.704728296723,3102921,105034547.11276893
2024-05-06,09988.HK,75.857738068014,75.953156606464,74.90355268351,75.857738068014,56218498,4264608095.861169
2024-05-06,09989.HK,3.1454391577767,3.2360858193841,3.0004044992049,3.1816978224197,2924500,9251856.049292186
2024-05-06,09992.HK,33.850216332536,34.723144547415,33.607736272847,34.432168475789,8465134,289009768.6210177
2024-05-07,09988.HK,75.428354644987,75.714610260338,73.853948760557,74.474169260484,45448994,3406459454.7823043
2024-05-07,09989.HK,3.1907624885804,3.1907624885804,3.0457278300086,3.1182451592945,1946000,6138664.441382278
2024-05-07,09992.HK,34.432168475789,36.372008953298,34.432168475789,35.741560798107,13908662,488011340.87506247
2024-05-08,09988.HK,74.665006337385,74.855843414285,72.088705799226,72.661217029928,54000423,3977839190.413693
2024-05-08,09989.HK,3.1091804931337,3.1635684900982,3.0547924961693,3.06385716233,551000,1700671.8740802493
2024-05-08,09992.HK,36.372008953298,36.469000977173,34.529160499664,34.62615252354,8520751,302478827.7009644
2024-05-09,09988.HK,72.279542876126,73.42456533753,71.8501594531,73.281437529855,52298823,3806333974.9794345
2024-05-09,09989.HK,3.0910511608123,3.1635684900982,3.0729218284908,3.100115826973,638000,1974982.2691035105
2024-05-09,09992.HK,34.917128595166,35.25660067873,33.947208356411,34.917128595166,9693823,338480464.26977783
2024-05-10,09989.HK,3.100115826973,3.1998271547411,3.100115826973,3.1907624885804,1050000,3302711.115665535
2024-05-10,09988.HK,73.949367299007,75.142099029636,73.567693145206,74.378750722034,47295135,3507599183.050534
2024-05-10,09992.HK,35.402088714543,35.402088714543,33.850216332536,34.141192404162,6614600,230000493.64389303
2024-05-13,09989.HK,3.2088918209019,3.272344484027,3.1816978224197,3.2270211532234,1436500,4622594.493665497
2024-05-13,09988.HK,74.092495106683,77.861527375471,73.758530222106,77.432143952444,78841984,5973251584.152733
2024-05-13,09992.HK,34.141192404162,35.887048833921,33.510744248972,35.25660067873,9354569,324593221.92081803
2024-05-14,09989.HK,3.2270211532234,3.2904738163485,3.2270211532234,3.2451504855448,775000,2507966.5100226775
2024-05-14,09988.HK,78.243201529272,79.626770336802,78.243201529272,78.863422029199,78159136,6139658978.603669
2024-05-14,09992.HK,35.838552821983,36.953961096551,35.547576750357,35.838552821983,6853495,245619342.5726964
2024-05-16,09988.HK,75.666900991113,77.289016144769,75.189808298861,76.048575144914,111040078,8423249151.975789
2024-05-16,09992.HK,36.372008953298,37.293433180115,35.547576750357,36.372008953298,7671381,279023538.41616017
2024-05-16,09989.HK,3.2360858193841,3.2904738163485,3.1998271547411,3.2632798178663,1072500,3485284.8229755266
2024-05-17,09988.HK,81.105757682782,81.964524528835,80.580955721305,81.773687451934,111456576,9076992627.74765
2024-05-17,09992.HK,36.420504965236,36.565993001049,34.432168475789,35.305096690668,8904400,319336723.6924158
2024-05-17,09989.HK,3.2632798178663,3.3267324809915,3.2542151517056,3.3176678148307,1656000,5449024.639873116
2024-05-20,09992.HK,34.723144547415,35.984040857796,34.432168475789,35.69306478617,5094328,179361633.43097168
2024-05-20,09988.HK,81.964524528835,82.346198682636,80.962629875106,81.439722567358,53129878,4340823856.451294
2024-05-20,09989.HK,3.3539264794737,3.3901851441167,3.3176678148307,3.3629911456344,905500,3041084.4547676924
2024-05-21,09988.HK,81.582850375034,81.964524528835,80.103863029053,80.53324645208,43053288,3489815503.066813
2024-05-21,09989.HK,3.3720558117952,3.3811204779559,3.1816978224197,3.1816978224197,771000,2526472.025989844
2024-05-21,09992.HK,35.887048833921,35.887048833921,34.238184428038,34.480664487726,6891416,242466592.73410565
2024-05-22,09988.HK,80.294700105954,80.43782791363,79.197386913775,79.197386913775,34490738,2750499893.2353373
2024-05-22,09989.HK,3.30860314867,3.30860314867,3.1816978224197,3.2451504855448,549500,1800643.8110005164
2024-05-22,09992.HK,34.480664487726,34.868632583228,33.316760201221,33.947208356411,8978891,307203205.8146831
2024-05-23,09988.HK,77.289016144769,77.336725413994,73.997076568232,75.046680491186,100353257,7643691657.391014
2024-05-23,09989.HK,3.2632798178663,3.2814091501878,3.0819864946515,3.1091804931337,640500,2040780.4145977497
2024-05-23,09992.HK,34.298511224589,34.93457491349,33.466735631411,33.858159439965,3473327,118365202.22465168
2024-05-24,09992.HK,33.858159439965,33.907087416035,32.78174396644,33.760303487827,4973379,168146121.76867962
2024-05-24,09988.HK,74.855843414285,76.239412221815,74.092495106683,74.569587798934,48522482,3625246398.192828
2024-05-24,09989.HK,3.1091804931337,3.1816978224197,3.0729218284908,3.0910511608123,329500,1021488.1649876036
2024-05-27,09988.HK,75.285226837312,76.000865875689,74.331041452808,75.619191721888,39037400,2945458074.531457
2024-05-27,09989.HK,3.0910511608123,3.1907624885804,3.06385716233,3.1545038239374,429500,1341232.9329749981
2024-05-27,09992.HK,33.662447535688,36.157774315223,33.662447535688,35.766350506669,7930434,275300250.2871207
2024-05-28,09989.HK,3.1907624885804,3.1907624885804,3.136374491616,3.1816978224197,186000,592638.8089230093
2024-05-28,09988.HK,75.571482452663,76.525667837166,75.237517568087,75.905447337239,32245775,2442245497.8479886
2024-05-28,09992.HK,35.766350506669,35.815278482738,34.885646937421,35.130286817767,3668900,130056336.33981162
2024-05-29,09989.HK,3.0547924961693,3.1998271547411,3.0547924961693,3.1907624885804,497500,1553581.802456488
2024-05-29,09992.HK,34.836718961352,36.206702291292,34.836718961352,35.228142769906,3885280,136110802.99361104
2024-05-29,09988.HK,74.90355268351,75.189808298861,72.613507760702,73.281437529855,67568273,5006301936.619487
2024-05-30,09992.HK,35.521710626322,36.989549908401,35.374926698114,36.304558243431,5550497,199335744.94137868
2024-05-30,09988.HK,72.899763376053,74.044785837457,72.422670683802,72.804344837603,46353905,3376977195.122765
2024-05-30,09989.HK,3.1907624885804,3.2904738163485,3.1907624885804,3.2632798178663,659500,2128220.4505507993
2024-05-31,09988.HK,73.901658029782,74.331041452808,71.468485299298,71.468485299298,148283968,10778030840.782356
2024-05-31,09989.HK,3.2904738163485,3.30860314867,3.1998271547411,3.2360858193841,263000,858242.5920988369
2024-05-31,09992.HK,36.500270147708,37.625613597302,36.206702291292,36.304558243431,10915807,397361727.69289696
2024-06-03,09988.HK,72.995181914504,73.949367299007,72.947472645279,73.138309722179,73997961,5406790207.462547
2024-06-03,09989.HK,3.2179564870626,3.2542151517056,3.0910511608123,3.1635684900982,496000,1582618.1943358784
2024-06-03,09992.HK,36.647054075916,38.50631716655,36.304558243431,38.065965381926,8734386,326286175.5851514
2024-06-04,09988.HK,72.518089222252,73.32914679908,72.422670683802,72.899763376053,30437293,2213062893.4827104
2024-06-04,09989.HK,3.136374491616,3.1998271547411,3.136374491616,3.1726331562589,230500,727113.1314175822
2024-06-04,09992.HK,38.065965381926,39.484876687936,37.625613597302,37.870253477649,9139778,347020091.26796436
2024-06-05,09988.HK,73.615402414431,74.80813414506,73.090600452954,73.42456533753,41354457,3040379011.839929
2024-06-05,09992.HK,37.82132550158,38.310605262273,37.038477884471,37.332045740887,3676444,138148580.39207014
2024-06-05,09989.HK,3.1091804931337,3.2451504855448,3.1091804931337,3.1726331562589,475500,1493501.1951430906
2024-06-06,09992.HK,37.332045740887,38.310605262273,37.332045740887,37.968109429788,3873832,145850075.35256314
2024-06-06,09989.HK,3.1726331562589,3.1998271547411,3.0185338315263,3.0185338315263,776500,2403720.583007604
2024-06-06,09988.HK,74.521878529709,74.855843414285,73.138309722179,73.567693145206,39115156,2896273349.0187407
2024-06-07,09992.HK,37.968109429788,38.457389190481,36.989549908401,37.380973716956,2343208,88279287.21105786
2024-06-07,09988.HK,74.521878529709,74.521878529709,73.376856068305,73.567693145206,46037914,3408867482.533286
2024-06-07,09989.HK,3.0457278300086,3.0910511608123,3.0094691653656,3.0275984976871,192500,584557.6590407111
2024-06-11,09988.HK,73.090600452954,73.519983875981,72.279542876126,72.947472645279,45378373,3313485076.6264415
2024-06-11,09989.HK,2.9732105007226,3.0819864946515,2.9460165022404,3.0547924961693,568000,1711952.8511172994
2024-06-11,09992.HK,37.380973716956,37.674541573372,36.3534862195,37.234189788748,4742190,176919641.11255723
2024-06-12,09988.HK,72.625774583366,73.308164411666,72.18709540803,72.284579669216,34449076,2496013903.4170604
2024-06-12,09989.HK,3.0094691653656,3.1091804931337,3.0094691653656,3.0457278300086,278500,843186.1816058573
2024-06-12,09992.HK,37.234189788748,37.77239752551,36.647054075916,37.527757645164,3953662,147791735.3077277
2024-06-13,09988.HK,73.405648672851,73.454390803444,71.84590049388,72.625774583366,51382442,3751725567.8200107
2024-06-13,09989.HK,3.0094691653656,3.1091804931337,3.0094691653656,3.1091804931337,645500,1974794.177280649
2024-06-13,09992.HK,37.527757645164,38.897740975105,37.527757645164,38.163821334065,4126553,156172656.1557372
2024-06-14,09988.HK,71.894642624473,72.040869016251,70.432378706687,70.968542143208,61962416,4426074042.829956
2024-06-14,09992.HK,38.163821334065,38.750957046897,37.429901693025,38.702029070827,5542676,213021252.1293926
2024-06-14,09989.HK,3.1091804931337,3.1273098254552,3.0547924961693,3.1182451592945,362000,1127164.0430895044
2024-06-17,09989.HK,3.1182451592945,3.1273098254552,3.0547924961693,3.1182451592945,310500,968215.1219609423
2024-06-17,09988.HK,70.042441661944,71.16351066558,69.360051833644,70.676089359651,35419261,2492073188.895235
2024-06-17,09992.HK,38.408461214412,39.97415644863,37.82132550158,38.359533238342,6689411,256766333.27009583
2024-06-18,09992.HK,38.359533238342,39.631660616144,38.359533238342,38.946668951174,5171920,199910746.6140008
2024-06-18,09988.HK,70.676089359651,71.553447710323,70.042441661944,70.286152314908,34574126,2436823152.4493265
2024-06-18,09989.HK,3.100115826973,3.1182451592945,3.0275984976871,3.100115826973,175000,542520.269720275
2024-06-19,09992.HK,38.946668951174,39.631660616144,38.261677286204,39.142380855451,5092294,198826199.89798883
2024-06-19,09988.HK,71.066026404394,72.577032452773,70.432378706687,72.333321799809,31831878,2282335278.6578546
2024-06-19,09989.HK,3.0729218284908,3.1182451592945,3.0366631638478,3.1182451592945,202500,626855.6575132615
2024-06-20,09989.HK,3.0457278300086,3.136374491616,3.0275984976871,3.0547924961693,149000,454488.7643002536
2024-06-20,09988.HK,72.089611146844,72.577032452773,71.455963449137,71.553447710323,24354943,1749209255.4059737
2024-06-20,09992.HK,38.995596927243,39.631660616144,38.653101094758,39.142380855451,3961247,154761915.03888166
2024-06-21,09992.HK,38.946668951174,39.142380855451,36.842765980193,37.332045740887,7839988,299012103.92059094
2024-06-21,09988.HK,70.627347229058,70.82231575143,69.701246747794,70.188668053723,57906313,4077068128.18875
2024-06-21,09989.HK,3.0457278300086,3.0729218284908,3.0185338315263,3.06385716233,148000,452109.28943305643
2024-06-24,09992.HK,37.380973716956,37.478829669095,35.179214793837,37.380973716956,8493007,317476871.44492334
2024-06-24,09989.HK,3.0094691653656,3.0094691653656,2.8825638391152,2.9188225037582,782500,2319444.1155446866
2024-06-24,09988.HK,69.262567572458,70.286152314908,69.213825441865,70.237410184315,32160122,2243168151.827553
2024-06-25,09988.HK,70.432378706687,71.358479187951,70.286152314908,70.82231575143,27467171,1939933423.616926
2024-06-25,09989.HK,2.9097578375975,3.0275984976871,2.891628505276,2.9913398330441,628500,1854419.942999123
2024-06-25,09992.HK,37.380973716956,38.114893357996,35.962062410946,36.206702291292,5670386,208635263.90485266
2024-06-26,09992.HK,36.157774315223,36.598126099847,35.66849455453,36.3534862195,3641368,132020091.8754016
2024-06-26,09988.HK,69.896215270165,71.602189840916,69.896215270165,71.017284273801,29066186,2047908993.8279154
2024-06-26,09989.HK,2.9822751668834,2.9913398330441,2.9460165022404,2.9732105007226,170000,506216.28174651
2024-06-27,09992.HK,36.989549908401,36.989549908401,35.472782650253,35.864206458807,4039715,147154206.20147786
2024-06-27,09989.HK,3.0094691653656,3.0094691653656,2.8734991729545,2.8825638391152,250500,737977.1338112202
2024-06-27,09988.HK,70.188668053723,70.773573620837,69.45753609483,69.749988878387,37688869,2637064854.575118
2024-06-28,09988.HK,68.823888397122,69.79873100898,68.726404135937,68.726404135937,39388456,2708946822.6127615
2024-06-28,09992.HK,35.521710626322,37.625613597302,35.423854674183,37.429901693025,6007003,219110277.02857718
2024-06-28,09989.HK,2.8644345067938,2.9913398330441,2.8644345067938,2.9550811684012,153000,445192.9491524175
2024-07-02,09988.HK,68.044014307637,70.188668053723,68.044014307637,68.677662005344,43280648,2958701373.2360344
2024-07-02,09992.HK,37.429901693025,37.674541573372,35.374926698114,35.766350506669,6065386,221981761.6722466
2024-07-02,09989.HK,2.9550811684012,2.9550811684012,2.9188225037582,2.9550811684012,124000,366430.0648817488
2024-07-03,09992.HK,35.766350506669,36.108846339154,34.738863009213,35.032430865629,5067924,179401421.643711
2024-07-03,09989.HK,2.9460165022404,2.9822751668834,2.9278871699189,2.9822751668834,61000,180812.89590827588
2024-07-03,09988.HK,69.847473139573,70.919800012615,69.311309703051,70.383636576094,38913160,2728417804.6716523
2024-07-04,09988.HK,71.553447710323,72.089611146844,71.16351066558,71.309737057358,30491758,2178074828.5227075
2024-07-04,09992.HK,35.179214793837,35.570638602391,34.24958324852,34.98350288956,4702782,164979982.89628056
2024-07-04,09989.HK,2.9732105007226,2.9822751668834,2.9006931714367,2.9006931714367,110000,323064.7019687615
2024-07-05,09992.HK,35.032430865629,36.059918363084,33.662447535688,34.494223128866,5790193,201286372.63617352
2024-07-05,09989.HK,2.891628505276,2.9369518360797,2.8734991729545,2.9097578375975,168000,487316.452801374
2024-07-05,09988.HK,71.260994926766,71.943384755066,70.919800012615,71.066026404394,30464780,2167980696.454548
2024-07-08,09992.HK,34.494223128866,35.277070745975,33.956015392104,34.787790985282,3615263,125236351.09617852
2024-07-08,09989.HK,2.8644345067938,2.891628505276,2.7919171775078,2.8100465098293,171000,485168.126921275
2024-07-08,09988.HK,70.237410184315,70.82231575143,69.652504617201,69.993699531351,41071018,2879717215.646046
2024-07-09,09989.HK,2.7828525113471,2.8191111759901,2.7375291805434,2.7919171775078,624000,1739328.1429227288
2024-07-09,09992.HK,35.179214793837,35.521710626322,34.689935033144,35.472782650253,3227127,114001484.27787691
2024-07-09,09988.HK,69.45753609483,71.16351066558,69.45753609483,70.676089359651,33931545,2377475209.060934
2024-07-10,09989.HK,2.8191111759901,2.8734991729545,2.8009818436686,2.8372405083115,314500,889461.3023564266
2024-07-10,09992.HK,35.472782650253,36.989549908401,35.472782650253,35.962062410946,4622721,165111679.19807544
2024-07-10,09988.HK,71.84590049388,72.723258844551,71.260994926766,71.260994926766,35940892,2571694736.384366
2024-07-11,09989.HK,2.891628505276,2.9460165022404,2.8825638391152,2.9369518360797,800000,2331432.1365422797
2024-07-11,09992.HK,36.206702291292,37.185261812679,36.206702291292,36.451342171639,2337845,84931622.97872047
2024-07-11,09988.HK,72.138353277437,74.088038501152,71.943384755066,73.55187506463,48693395,3547075918.150232
2024-07-12,09992.HK,36.500270147708,38.359533238342,36.500270147708,38.261677286204,4239698,158484039.5058309
2024-07-12,09988.HK,74.477975545894,76.720113553166,74.477975545894,76.427660769609,65804366,4965124861.784125
2024-07-12,09989.HK,2.9641458345619,2.9641458345619,2.891628505276,2.9369518360797,348500,1028266.2691092987
2024-07-15,09988.HK,75.25784963538,75.988981594273,74.429233415302,74.721686198859,40320270,3023607689.6555963
2024-07-15,09992.HK,38.310605262273,38.702029070827,36.940621932332,37.429901693025,2194487,83105778.94340552
2024-07-15,09989.HK,3.3720558117952,3.5080258042063,3.2632798178663,3.3267324809915,8447000,28292332.354584627
2024-07-16,09988.HK,73.795585717594,74.039296370559,73.21068015048,73.600617195223,33288019,2453263801.5448537
2024-07-16,09992.HK,37.380973716956,37.674541573372,35.717422530599,36.891693956263,4820645,179021082.02778238
2024-07-16,09989.HK,3.3267324809915,3.4173791425989,3.1635684900982,3.1907624885804,3822000,12454932.886851901
2024-07-17,09992.HK,37.08740586054,37.234189788748,35.472782650253,36.598126099847,3328860,122644409.96082695
2024-07-17,09988.HK,74.039296370559,75.014138982416,73.89306997878,74.380491284709,43176485,3204122367.7004323
2024-07-17,09989.HK,3.1998271547411,3.2179564870626,3.136374491616,3.1907624885804,1219500,3896662.035015284
2024-07-18,09992.HK,36.549198123778,37.185261812679,35.815278482738,36.842765980193,3021709,110884579.23032305
2024-07-18,09989.HK,3.1907624885804,3.344861813313,3.1816978224197,3.2088918209019,2973500,9514686.04462281
2024-07-18,09988.HK,73.649359325816,74.185522762337,73.21068015048,73.89306997878,35852222,2644861964.9238405
2024-07-19,09992.HK,41.099499898224,41.39306775464,39.582732640075,40.708076089669,16158036,660924878.9425553
2024-07-19,09988.HK,72.674516713959,73.064453758701,71.602189840916,71.943384755066,42933703,3104491015.077192
2024-07-19,09989.HK,3.1907624885804,3.2179564870626,3.0910511608123,3.100115826973,1273000,4004144.047849739
2024-07-22,09989.HK,3.1091804931337,3.1816978224197,3.100115826973,3.136374491616,687000,2145348.137261522
2024-07-22,09988.HK,71.943384755066,73.308164411666,71.84590049388,72.86948523633,33903557,2454835696.043442
2024-07-22,09992.HK,40.414508233253,40.512364185392,38.848812999035,39.338092759728,8799648,350897407.91134167
2024-07-23,09992.HK,39.435948711867,40.120940376838,39.044524903313,39.24023680759,5732581,225508803.13065714
2024-07-23,09989.HK,3.1454391577767,3.1816978224197,3.0819864946515,3.1091804931337,505500,1580855.1167676034
2024-07-23,09988.HK,73.259422281073,73.308164411666,72.138353277437,72.235837538623,29397901,2138627622.0743504
2024-07-24,09992.HK,38.946668951174,39.729516568283,38.946668951174,39.484876687936,2703515,106020430.05425924
2024-07-24,09989.HK,3.1182451592945,3.1454391577767,3.0457278300086,3.0910511608123,434000,1347417.3014631756
2024-07-24,09988.HK,72.18709540803,72.966969497516,72.18709540803,72.333321799809,24392950,1762639655.464978
2024-07-25,09989.HK,3.0819864946515,3.0819864946515,3.0457278300086,3.0819864946515,375000,1155744.9354943126
2024-07-25,09988.HK,72.625774583366,72.674516713959,71.358479187951,71.455963449137,28685062,2066496794.265053
2024-07-25,09992.HK,39.435948711867,39.484876687936,36.108846339154,36.598126099847,9759334,371020965.734252
2024-07-26,09988.HK,71.748416232694,72.040869016251,70.968542143208,71.260994926766,24685769,1765148644.3542259
2024-07-26,09989.HK,3.0729218284908,3.1545038239374,3.0729218284908,3.1273098254552,215500,668074.9607126815
2024-07-26,09992.HK,37.185261812679,38.163821334065,36.598126099847,37.674541573372,4304388,161112819.68863866
2024-07-29,09988.HK,72.918227366923,75.355333896566,72.86948523633,74.624201937673,74410239,5489333713.597796
2024-07-29,09992.HK,37.674541573372,38.750957046897,37.674541573372,38.261677286204,3331840,126503665.72254485
2024-07-29,09989.HK,3.1545038239374,3.1545038239374,3.0729218284908,3.1091804931337,243500,762603.5656034064
2024-07-30,09988.HK,74.721686198859,75.014138982416,73.698101456409,74.283007023523,42711031,3182072035.683324
2024-07-30,09989.HK,3.1182451592945,3.1273098254552,3.06385716233,3.0910511608123,256000,794789.9289736704
2024-07-30,09992.HK,38.555245142619,38.555245142619,37.77239752551,37.968109429788,4185577,160147196.4305558
2024-07-31,09992.HK,38.212749310134,40.854860017877,38.212749310134,40.561292161461,7253143,285679693.7407045
2024-07-31,09988.HK,74.380491284709,76.330176508423,74.185522762337,75.355333896566,63322191,4740800260.835652
2024-07-31,09989.HK,3.1182451592945,3.2088918209019,3.0819864946515,3.2088918209019,780500,2469165.206521645
2024-08-01,09992.HK,40.610220137531,40.610220137531,39.044524903313,39.435948711867,3094808,123863761.86223386
2024-08-01,09989.HK,3.1816978224197,3.2632798178663,3.1816978224197,3.2451504855448,790500,2540211.7937229685
2024-08-01,09988.HK,75.25784963538,76.037723724866,74.867912590637,75.550302418937,38913402,2934229122.8833814
2024-08-02,09989.HK,3.2451504855448,3.30860314867,3.1998271547411,3.2451504855448,987500,3204586.1044754903
2024-08-02,09992.HK,38.555245142619,39.680588592214,37.576685621233,38.261677286204,4626451,177694863.7938753
2024-08-02,09988.HK,74.088038501152,74.819170460045,72.966969497516,73.454390803444,36160705,2667619130.5334253
2024-08-05,09992.HK,37.234189788748,38.017037405857,35.717422530599,36.451342171639,7040347,259385856.94035736
2024-08-05,09989.HK,3.2360858193841,3.272344484027,3.0910511608123,3.1091804931337,792500,2514311.776335178
2024-08-05,09988.HK,72.284579669216,73.89306997878,70.968542143208,72.333321799809,49548357,3582789705.2890377
2024-08-06,09989.HK,3.1182451592945,3.2088918209019,3.1182451592945,3.1998271547411,725500,2291880.731916414
2024-08-06,09988.HK,73.454390803444,74.283007023523,73.308164411666,73.356906542259,47939836,3519054758.8501186
2024-08-06,09992.HK,36.891693956263,37.380973716956,36.304558243431,37.08740586054,4434902,164045028.86786962
2024-08-07,09992.HK,37.674541573372,38.946668951174,37.185261812679,38.946668951174,4849802,185798850.02218214
2024-08-07,09989.HK,3.1816978224197,3.2179564870626,3.1454391577767,3.1454391577767,381500,1206901.3789724633
2024-08-07,09988.HK,74.088038501152,75.550302418937,73.844327848187,74.57545980708,39385356,2927582402.5375576
2024-08-08,09992.HK,38.359533238342,40.072012400768,37.968109429788,39.142380855451,5655973,219174366.78140634
2024-08-08,09989.HK,3.1182451592945,3.1998271547411,3.1182451592945,3.1635684900982,172000,540235.9738477722
2024-08-08,09988.HK,73.844327848187,76.28143437783,73.454390803444,74.624201937673,49320546,3661274476.42794
2024-08-09,09992.HK,39.582732640075,40.120940376838,38.604173118689,38.848812999035,2262721,88734352.69003631
2024-08-09,09989.HK,3.1998271547411,3.1998271547411,3.1454391577767,3.1454391577767,267500,848679.3692992557
2024-08-09,09988.HK,76.135207986052,76.96382420613,75.891497333087,75.891497333087,37944538,2884291548.498436
2024-08-12,09992.HK,38.848812999035,39.582732640075,38.555245142619,38.946668951174,1460622,56814896.21853908
2024-08-12,09988.HK,75.891497333087,76.866339944945,75.25784963538,76.476402900202,36296039,2765175624.6077833
2024-08-12,09989.HK,3.1726331562589,3.2088918209019,3.1635684900982,3.1816978224197,192500,611604.3566978152
2024-08-13,09992.HK,39.044524903313,39.338092759728,38.114893357996,38.848812999035,2243259,87367465.64474162
2024-08-13,09989.HK,3.1726331562589,3.1816978224197,3.1454391577767,3.1816978224197,50000,158858.274466965
2024-08-13,09988.HK,76.62262929198,77.158792728502,76.037723724866,76.671371422573,31992760,2452149087.150262
2024-08-14,09989.HK,3.1816978224197,3.1907624885804,3.136374491616,3.1816978224197,286500,911556.4261232441
2024-08-14,09988.HK,76.866339944945,77.353761250873,76.086465855459,76.330176508423,35577408,2725167485.020093
2024-08-14,09992.HK,39.191308831521,39.631660616144,38.310605262273,38.604173118689,3099296,120555613.013179
2024-08-15,09989.HK,3.1635684900982,3.1998271547411,3.1635684900982,3.1816978224197,189000,599627.6665329415
2024-08-15,09992.HK,38.555245142619,38.555245142619,37.038477884471,37.429901693025,3783574,143747712.97676247
2024-08-15,09988.HK,75.696528810716,75.988981594273,73.600617195223,74.477975545894,69314475,5204633463.931817
2024-08-16,09988.HK,75.794013071902,78.621056646288,75.59904454953,78.084893209766,86304798,6640243961.550143
2024-08-16,09989.HK,3.0819864946515,3.1907624885804,3.0819864946515,3.1635684900982,538000,1680054.2908976693
2024-08-16,09992.HK,37.82132550158,38.604173118689,37.527757645164,38.261677286204,4692966,178527472.63048777
2024-08-19,09988.HK,79.254704343995,80.570741870002,79.157220082809,79.400930735774,58682838,4655181465.586601
2024-08-19,09989.HK,3.1998271547411,3.2088918209019,3.1454391577767,3.1454391577767,343000,1088213.1725968027
2024-08-19,09992.HK,38.702029070827,41.441995730709,38.702029070827,40.610220137531,9411740,373233134.18213564
2024-08-20,09988.HK,79.644641388738,79.693383519331,77.938666817988,78.377345993324,42535840,3360798985.882704
2024-08-20,09989.HK,3.1635684900982,3.1635684900982,3.100115826973,3.1182451592945,265500,833910.7619568809
2024-08-20,09992.HK,41.197355850362,42.029131443541,40.610220137531,40.952715970016,4976090,204393075.4423324
2024-08-21,09992.HK,40.169868352907,45.503017744462,39.24023680759,45.258377864115,22188169,947748182.2184474
2024-08-21,09989.HK,3.0910511608123,3.0910511608123,3.0457278300086,3.0547924961693,411500,1264507.3324239643
2024-08-21,09988.HK,76.427660769609,77.938666817988,76.330176508423,77.938666817988,51464907,3972224346.613607
2024-08-22,09989.HK,3.06385716233,3.0729218284908,3.0275984976871,3.0457278300086,143000,436835.3269522099
2024-08-22,09988.HK,79.059735821624,79.888352041702,77.938666817988,79.595899258145,40296293,3196616978.6377254
2024-08-22,09992.HK,45.503017744462,47.06871297868,44.818026079492,46.921929050472,22571188,1043070424.9992265
2024-08-23,09992.HK,46.628361194056,47.215496906888,45.600873696601,46.726217146195,8014669,374103022.51584053
2024-08-23,09988.HK,79.595899258145,80.765710392374,79.059735821624,80.570741870002,43575656,3489683228.2377925
2024-08-23,09989.HK,3.0275984976871,3.0275984976871,2.9641458345619,3.0094691653656,195500,590123.3640634015
2024-08-26,09989.HK,3.0457278300086,3.06385716233,3.0275984976871,3.06385716233,60500,184814.94601824266
2024-08-26,09992.HK,46.285865361571,47.06871297868,45.356233816254,45.992297505155,6058352,279526796.2799776
2024-08-26,09988.HK,81.301873828895,81.838037265417,79.888352041702,81.20438956771,47740986,3879104622.8648157
2024-08-27,09989.HK,3.0547924961693,3.06385716233,3.0275984976871,3.0547924961693,65000,198561.5122510045
2024-08-27,09992.HK,45.894441553017,46.041225481224,43.839466558105,44.91588203163,6460100,293321885.694589
2024-08-27,09988.HK,78.036151079173,78.328603862731,77.012566336723,77.938666817988,85310659,6653157251.105899
2024-08-28,09988.HK,77.889924687395,78.084893209766,76.62262929198,77.110050597909,38782872,3005672100.7465544
2024-08-28,09992.HK,45.405161792323,45.698729648739,44.426602270937,45.209449888046,4856130,220018167.10969514
2024-08-28,09989.HK,3.0366631638478,3.0547924961693,3.0094691653656,3.0275984976871,57500,174347.52276912838
2024-08-29,09989.HK,3.0275984976871,3.100115826973,3.0275984976871,3.0819864946515,217500,664417.3679168228
2024-08-29,09988.HK,75.59904454953,77.110050597909,75.355333896566,77.061308467316,42829550,3269187111.276328
2024-08-29,09992.HK,45.209449888046,45.64980167267,42.909835012788,44.377674294868,7768266,347968305.4139543
2024-08-30,09988.HK,76.720113553166,79.985836302888,76.427660769609,79.400930735774,109667309,8560687402.718934
2024-08-30,09989.HK,3.0819864946515,3.1273098254552,3.0547924961693,3.1182451592945,473000,1466354.786158229
2024-08-30,09992.HK,44.524458223076,45.796585600878,44.035178462383,44.866954055561,10524808,470413725.5407485
2024-09-02,09989.HK,3.1545038239374,3.1998271547411,3.0910511608123,3.1091804931337,532500,1667705.9494201802
2024-09-02,09988.HK,79.303446474588,79.400930735774,77.402503381466,77.499987642652,53674093,4208141052.764056
2024-09-02,09992.HK,45.013737983769,45.894441553017,44.377674294868,45.894441553017,4505538,204795128.70690587
2024-09-03,09992.HK,45.894441553017,46.579433217987,45.454089768393,45.992297505155,3703016,170129032.4601179
2024-09-03,09989.HK,3.1273098254552,3.1545038239374,3.0819864946515,3.1091804931337,311500,971333.3671202211
2024-09-03,09988.HK,77.646214034431,78.523572385102,77.012566336723,78.084893209766,27709377,2157605980.628443
2024-09-04,09988.HK,77.402503381466,78.377345993324,77.012566336723,78.084893209766,28553946,2219889362.9733114
2024-09-04,09989.HK,3.1091804931337,3.1091804931337,3.06385716233,3.06385716233,201500,621933.5437879678
2024-09-04,09992.HK,45.64980167267,46.090153457294,44.524458223076,45.992297505155,2745755,125813376.01400444
2024-09-05,09989.HK,3.06385716233,3.1182451592945,3.06385716233,3.0819864946515,588500,1808414.4960668061
2024-09-05,09988.HK,78.279861732138,78.816025168659,77.207534859095,77.792440426209,29214099,2279755843.205931
2024-09-05,09992.HK,45.992297505155,47.411208811165,45.845513576947,47.264424882957,6085540,283758757.18087554
2024-09-09,09992.HK,47.264424882957,47.606920715443,46.188009409432,46.775145122264,5012914,235706138.51657623
2024-09-09,09988.HK,76.817597814352,77.402503381466,75.696528810716,76.330176508423,79250807,6068542352.666898
2024-09-09,09989.HK,3.0729218284908,3.1273098254552,3.0094691653656,3.0366631638478,146000,445999.7044407178
2024-09-10,09992.HK,46.824073098334,47.019785002611,44.9648100077,46.33479333764,4489751,209130056.86989036
2024-09-10,09988.HK,77.987408948581,80.375773347631,77.987408948581,79.547157127552,206633087,16275926848.758419
2024-09-10,09989.HK,3.0366631638478,3.0457278300086,2.9732105007226,2.9913398330441,327500,987085.4907410486
2024-09-11,09989.HK,2.9732105007226,2.9732105007226,2.9369518360797,2.9460165022404,149500,442462.21847148426
2024-09-11,09988.HK,79.498414996959,80.327031217038,78.133635340359,79.400930735774,83945417,6669435919.280721
2024-09-11,09992.HK,46.677289170126,47.362280835096,45.747657624809,46.873001074403,2810241,131449430.60353772
2024-09-12,09992.HK,46.873001074403,48.438696308621,46.873001074403,47.998344523997,5666179,268779013.06569827
2024-09-12,09988.HK,80.473257608817,81.789295134824,80.278289086445,81.106905306524,83669607,6759674365.061277
2024-09-12,09989.HK,2.9460165022404,2.9460165022404,2.9188225037582,2.9278871699189,374500,1099888.462611829
2024-09-13,09989.HK,2.9006931714367,2.9369518360797,2.9006931714367,2.9369518360797,234500,684463.877131298
2024-09-13,09992.HK,47.606920715443,48.438696308621,47.313352859027,47.851560595789,3730940,178074933.13166398
2024-09-13,09988.HK,81.399358090081,82.520427093717,80.180804825259,80.668226131188,59196273,4796898480.006366
2024-09-16,09992.HK,47.75370464365,48.096200476136,46.628361194056,48.096200476136,1143600,54806975.74749363
2024-09-16,09989.HK,2.855369840633,2.9097578375975,2.855369840633,2.9006931714367,6000,17268.1890362091
2024-09-16,09988.HK,79.790867780517,80.229546955852,79.352188605181,79.937094172295,26558684,2121082233.7343783
2024-09-17,09992.HK,48.242984404344,48.389768332552,47.75370464365,48.194056428274,778231,37525147.36210457
2024-09-17,09988.HK,79.352188605181,81.009421045338,79.303446474588,80.765710392374,30485324,2440623014.56987
2024-09-17,09989.HK,3.0004044992049,3.0004044992049,2.8825638391152,2.9550811684012,68500,203975.3841155089
2024-09-19,09988.HK,80.765710392374,84.323885925653,80.424515478224,83.544011836167,109112014,8964082356.068338
2024-09-19,09992.HK,47.704776667581,47.900488571858,46.432649289779,47.900488571858,4684070,223910877.37504953
2024-09-19,09989.HK,2.9641458345619,3.0185338315263,2.9641458345619,2.9913398330441,429500,1278940.5471183886
2024-09-20,09992.HK,47.900488571858,49.417255830007,47.75370464365,48.634408212898,5771280,278564959.5579633
2024-09-20,09989.HK,2.9913398330441,3.0547924961693,2.9913398330441,3.0185338315263,335000,1006653.8388155419
2024-09-20,09988.HK,83.836464619724,86.760992455296,83.25155905261,85.006275753953,122726621,10360749503.220827
2024-09-23,09988.HK,84.713822970396,86.468539671739,84.372628056246,84.567596578617,69609537,5891800618.754771
2024-09-23,09989.HK,3.0457278300086,3.0819864946515,3.0275984976871,3.0366631638478,635500,1932679.738297871
2024-09-23,09992.HK,48.683336188967,49.025832021453,47.264424882957,47.655848691512,2800110,134880157.487839
2024-09-24,09989.HK,2.9006931714367,3.1454391577767,2.9006931714367,3.1454391577767,420000,1269687.789134814
2024-09-24,09988.HK,86.907218847075,89.880488813239,85.834891974032,89.685520290868,141958511,12534421150.716906
2024-09-24,09992.HK,48.53655226076,48.53655226076,45.64980167267,46.285865361571,8010200,379773264.81919783
2024-09-25,09989.HK,3.1454391577767,3.2360858193841,3.1454391577767,3.1816978224197,736578,2330214.951299552
2024-09-25,09988.HK,92.610048126439,92.610048126439,88.320740634268,89.003130462568,159777709,14508868799.579695
2024-09-25,09992.HK,47.460136787235,48.340840356482,45.747657624809,46.041225481224,9491425,443730583.6844542
2024-09-26,09989.HK,3.2270211532234,3.2995384825093,3.1907624885804,3.2995384825093,1409500,4599592.90328262
2024-09-26,09992.HK,46.285865361571,50.493671303532,46.139081433363,50.493671303532,8513345,411958792.2850856
2024-09-26,09988.HK,90.172941596796,96.753129226833,89.490551768496,95.290865309047,203287208,18851209745.46997
2024-09-27,09992.HK,51.423302848849,52.695430226651,48.683336188967,50.689383207809,16738438,854603432.2864171
2024-09-27,09988.HK,99.43394640944,102.26098998383,97.874198230469,99.921367715369,198337444,19769811725.66586
2024-09-27,09989.HK,3.344861813313,3.4445731410811,3.3267324809915,3.3901851441167,3350500,11282887.415434105
2024-09-30,09992.HK,50.64045523174,53.820773676245,48.976904045383,52.108294513819,17078929,877419300.8715851
2024-09-30,09988.HK,104.89306503584,109.9622466175,103.62576964043,107.2326873043,250502801,26569047562.718685
2024-09-30,09989.HK,3.4808318057241,3.7709011228677,3.4808318057241,3.7437071243855,5397000,19495418.302900754
2024-10-02,09992.HK,55.728964742949,57.001092120751,54.310053436939,55.386468910463,8518841,473287355.96973294
2024-10-02,09989.HK,3.7890304551892,4.1153584369758,3.7890304551892,4.0700351061721,1354500,5322552.1514319405
2024-10-02,09988.HK,107.62262434904,115.71381802746,107.62262434904,112.20438462477,179685038,19749812230.442696
2024-10-03,09992.HK,55.190757006186,55.190757006186,51.961510585611,52.79328617879,4847185,261709317.18278396
2024-10-03,09989.HK,4.0790997723329,4.1697464339403,3.8162244536714,3.9250004476003,786000,3145611.3864337476
2024-10-03,09988.HK,110.15721513987,110.15721513987,103.8207381628,107.2326873043,138390517,15042350494.914124
2024-10-04,09988.HK,107.2326873043,111.42451053528,106.06287617007,111.03457349054,90914228,9921799756.418774
2024-10-04,09989.HK,4.0700351061721,4.2422637632262,3.9521944460825,4.2422637632262,974500,4050167.624114322
2024-10-04,09992.HK,53.331493915552,55.435396886533,52.79328617879,54.358981413008,7346450,395571346.23874986
2024-10-07,09989.HK,4.2603930955477,5.0308897192106,4.2603930955477,5.0127603868891,3200500,14839363.86026949
2024-10-07,09992.HK,54.310053436939,55.190757006186,52.646502250582,54.554693317285,5272285,286982985.67054695
2024-10-07,09988.HK,111.3270262741,113.95910132611,110.15721513987,111.71696331884,105041570,11714445422.953041
2024-10-08,09992.HK,54.799333197632,55.777892719018,51.37437487278,54.261125460869,12831022,699678572.1886585
2024-10-08,09989.HK,5.0671483838535,5.3662823671579,4.3419750909943,4.3601044233158,14920500,70329662.75468476
2024-10-08,09988.HK,108.49998269971,108.98740400564,100.4087890213,101.87105293908,252168999,26524526737.8135
2024-10-09,09988.HK,104.5031279911,104.99054929703,97.143066271576,100.31130476011,177757025,18203602121.458828
2024-10-09,09992.HK,53.820773676245,56.169316527573,53.233637963414,55.190757006186,7992887,435658423.2208519
2024-10-09,09989.HK,4.4416864187625,4.4960744157269,3.8524831183144,3.8978064491181,5758500,24011484.83984522
2024-10-10,09992.HK,57.245732001097,58.713571283177,56.756452240404,57.001092120751,13787996,787617377.0023718
2024-10-10,09989.HK,3.9521944460825,4.2060050985832,3.9521944460825,3.9975177768862,3984000,15835826.74815365
2024-10-10,09988.HK,102.35847424501,105.08803355821,101.7735686779,103.1383483345,104808386,10768895151.3434
2024-10-14,09988.HK,104.30815946873,104.40564372991,100.11633623774,102.55344276738,79240625,8195921324.845377
2024-10-14,09992.HK,58.224291522484,59.056067115662,56.218244503642,57.881795689998,11003180,638768088.3473189
2024-10-14,09989.HK,3.8524831183144,3.9884531107255,3.79809512135,3.9612591122433,1056000,4125655.897734466
2024-10-15,09988.HK,102.55344276738,102.55344276738,96.265707920904,97.338034793947,113107803,11304642932.692747
2024-10-15,09989.HK,3.8706124506359,3.9521944460825,3.6983837935818,3.7346424582248,1594000,6061388.162361978
2024-10-15,09992.HK,58.028579618206,60.523906397741,57.441443905375,57.930723666068,14606634,846887550.9841942
2024-10-16,09989.HK,3.6349311304566,3.8252891198322,3.6349311304566,3.7709011228677,819000,3032688.307736301
2024-10-16,09988.HK,96.02199726794,98.361619536397,95.388349570233,96.460676443276,67551937,6501288724.065809
2024-10-16,09992.HK,56.756452240404,59.056067115662,55.777892719018,58.028579618206,5959517,342031674.353464
2024-10-17,09989.HK,3.761836456707,3.8524831183144,3.6711897950996,3.6711897950996,744000,2765085.7656720555
2024-10-17,09988.HK,97.484261185726,100.11633623774,95.242123178454,96.02199726794,65933840,6379305341.941331
2024-10-17,09992.HK,58.713571283177,60.230338541326,58.028579618206,58.860355211385,6286378,369557072.4445158
2024-10-18,09992.HK,59.056067115662,63.019233177276,59.056067115662,62.578881392653,10939886,665336235.1484181
2024-10-18,09989.HK,3.7165131259033,3.970323778404,3.6893191274211,3.8796771167966,1809000,6870754.074522059
2024-10-18,09988.HK,95.193381047861,99.921367715369,92.902500909997,97.971682491654,119104755,11503438783.716682
2024-10-21,09989.HK,4.0247117753684,4.0247117753684,3.7890304551892,3.8434184521537,2007500,7897635.715875307
2024-10-21,09988.HK,97.679229708097,98.264135275212,94.121054174818,95.33960743964,63514538,6129751133.367877
2024-10-21,09992.HK,61.649249847336,63.410656985831,60.670690325949,62.236385560167,4950870,306670837.8849722
2024-10-22,09989.HK,3.8434184521537,3.9521944460825,3.8343537859929,3.9431297799218,1059000,4122977.288883977
2024-10-22,09988.HK,95.144638917268,96.216965790311,93.682374999482,94.803444003118,48715559,4626713520.222479
2024-10-22,09992.HK,61.30675401485,62.08960163196,60.181410565256,62.08960163196,6681792,412254390.99500495
2024-10-23,09989.HK,4.006582443047,4.0337764415292,3.9159357814396,3.9975177768862,1376500,5508821.976369025
2024-10-23,09992.HK,70.456285539812,75.055515290328,69.477726018426,73.587676008248,27033761,1947025014.9917219
2024-10-23,09988.HK,93.97482778304,95.875770876161,93.682374999482,94.852186133711,61919784,5846063957.545109
2024-10-24,09989.HK,4.0247117753684,4.0247117753684,3.9431297799218,3.9612591122433,720000,2874949.519540212
2024-10-24,09992.HK,73.391964103971,76.32764266813,72.462332558654,74.223739697149,10893746,804043991.4103179
2024-10-24,09988.HK,92.658790257032,92.902500909997,91.147784208654,91.781431906361,76909887,7092638322.420726
2024-10-25,09992.HK,69.967005779119,70.651997444089,67.227039119237,69.233086138079,54631961,3802386996.408388
2024-10-25,09989.HK,4.0247117753684,4.0700351061721,3.970323778404,4.0428411076899,894000,3606196.13872706
2024-10-25,09988.HK,92.610048126439,94.754701872525,92.220111081697,92.951243040589,53441957,4958379271.706395
2024-10-28,09992.HK,68.49916649704,68.841662329525,65.808127813227,67.765246856,17262910,1176160151.958164
2024-10-28,09989.HK,4.0428411076899,4.2241344309047,4.0337764415292,4.1969404324225,2026500,8348958.64551889
2024-10-28,09988.HK,93.29243795474,95.924513006754,92.658790257032,94.218538436004,69415882,6508119905.422336
2024-10-29,09988.HK,94.900928264304,96.70438709624,94.413506958375,95.095896786675,57004880,5415373106.206026
2024-10-29,09989.HK,4.1969404324225,4.2241344309047,4.0428411076899,4.0609704400114,1000500,4131019.9139350588
2024-10-29,09992.HK,67.227039119237,71.385917085129,66.786687334614,71.043421252644,14582430,1008159654.7203643
2024-10-30,09988.HK,93.731117130075,94.705959741933,92.805016648811,93.438664346518,51472115,4817012258.344033
2024-10-30,09992.HK,70.456285539812,73.098396247555,69.379870066287,70.162717683396,7088846,498413229.2614125
2024-10-30,09989.HK,4.0609704400114,4.1244231031366,3.8978064491181,4.0156471092077,648500,2618843.2403342933
2024-10-31,09989.HK,3.9884531107255,3.9884531107255,3.7527717905463,3.9431297799218,3906000,15490381.385434179
2024-10-31,09988.HK,92.951243040589,94.364764827783,92.171368951104,92.171368951104,47207811,4369616639.365088
2024-10-31,09992.HK,70.60306946802,70.651997444089,68.645950425248,68.988446257733,9061927,632484062.6630628
2024-11-01,09992.HK,68.49916649704,70.456285539812,68.205598640624,69.967005779119,6056623,419318701.86487347
2024-11-01,09989.HK,3.9340651137611,3.9521944460825,3.8615477844751,3.8615477844751,952500,3712660.6427849904
2024-11-01,09988.HK,93.341180085332,93.536148607704,91.683947645175,92.610048126439,38347683,3565399376.4628253
2024-11-04,09989.HK,3.9340651137611,3.9340651137611,3.8434184521537,3.8978064491181,531500,2081319.8678351475
2024-11-04,09992.HK,69.967005779119,71.630556965476,69.282014114149,71.092349228713,4443675,313410964.68221396
2024-11-04,09988.HK,93.194953693554,94.023569913632,92.805016648811,93.63363286889,31007532,2896546688.174876
2024-11-05,09992.HK,70.60306946802,70.798781372297,66.590975430336,69.037374233802,12573701,877898593.3070215
2024-11-05,09988.HK,92.707532387625,96.168223659718,92.707532387625,95.924513006754,50986901,4808881711.975354
2024-11-05,09989.HK,3.8796771167966,3.9793884445647,3.8796771167966,3.970323778404,1099500,4315537.99213653
2024-11-06,09988.HK,94.072312044225,94.31602269719,91.391494861618,92.025142559325,88756404,8258670432.082172
2024-11-06,09992.HK,68.841662329525,69.771293874842,66.982399238891,68.548094473109,6304486,433085899.1528054
2024-11-06,09989.HK,3.9521944460825,4.0337764415292,3.9159357814396,3.9431297799218,697500,2753494.323819
2024-11-07,09989.HK,3.9431297799218,4.1062937708151,3.9431297799218,4.006582443047,2568500,10209417.922347682
2024-11-07,09988.HK,91.440236992211,93.731117130075,90.904073555689,93.243695824147,57481876,5307989462.67111
2024-11-07,09992.HK,68.49916649704,68.841662329525,66.052767693574,68.009886736347,6389784,436131682.10292226
2024-11-08,09988.HK,95.534575962011,96.996839879797,91.635205514582,91.635205514582,74794561,6999640819.003853
2024-11-08,09992.HK,68.988446257733,71.924124821892,68.548094473109,71.092349228713,9168046,642133588.3681647
2024-11-08,09989.HK,4.0609704400114,4.0790997723329,3.8343537859929,3.9068711152788,3197000,12736594.726131383
2024-11-11,09989.HK,3.8978064491181,3.9159357814396,3.8434184521537,3.8796771167966,1067000,4149287.4824154926
2024-11-11,09988.HK,89.05187259316,94.31602269719,87.784577197746,91.732689775768,103787086,9381551461.028147
2024-11-11,09992.HK,71.092349228713,72.902684343278,69.477726018426,72.853756367209,6717635,483488698.53243077
2024-11-12,09989.HK,3.9068711152788,3.9975177768862,3.8162244536714,3.8524831183144,2251000,8733153.189909147
2024-11-12,09992.HK,72.413404582585,73.245180175763,68.841662329525,69.330942090218,9147511,648303985.1886394
2024-11-12,09988.HK,91.294010600432,92.610048126439,87.68709293656,88.271998503675,89444897,8030631594.508956
2024-11-13,09992.HK,68.548094473109,70.60306946802,68.009886736347,70.260573635535,4477744,310774840.385736
2024-11-13,09989.HK,3.8252891198322,3.8706124506359,3.7799657890285,3.8434184521537,603500,2314032.5098467455
2024-11-13,09988.HK,87.199671630632,88.613193417825,87.199671630632,88.271998503675,63573164,5577644631.4011
2024-11-14,09992.HK,69.037374233802,70.896637324436,68.45023852097,70.015933755188,5696962,396090705.7937863
2024-11-14,09988.HK,86.907218847075,88.174514242489,85.444954929289,85.737407712846,67262128,5806222485.092803
2024-11-14,09989.HK,3.8706124506359,3.8796771167966,3.7437071243855,3.761836456707,983000,3751348.637959035
2024-11-15,09988.HK,85.786149843439,86.517281802332,84.811307231581,85.006275753953,49182995,4200041507.097202
2024-11-15,09992.HK,70.064861731258,75.985146835645,69.967005779119,73.538748032179,12372454,888364528.0160377
2024-11-15,09989.HK,3.761836456707,3.79809512135,3.6802544612603,3.7165131259033,409500,1531192.077039459
2024-11-18,09988.HK,84.665080839803,84.95753362336,83.154074791424,84.128917403281,70101208,5916331589.995032
2024-11-18,09992.HK,74.761947433912,74.761947433912,71.483773037268,73.147324223624,5745330,424893787.86609566
2024-11-18,09989.HK,3.7437071243855,3.79809512135,3.7074484597426,3.7346424582248,717500,2682857.9127614447
2024-11-19,09992.HK,72.560188510793,75.153371242466,72.168764702238,74.664091481773,4569180,336347117.8282163
2024-11-19,09989.HK,3.7527717905463,3.7709011228677,3.6893191274211,3.7437071243855,673000,2522565.1548745506
2024-11-19,09988.HK,84.762565100989,85.249986406917,82.56916922431,83.105332660831,68824611,5776721381.422516
2024-11-20,09992.HK,73.783387912526,76.425498620268,73.783387912526,75.055515290328,4629469,344522544.18580663
2024-11-20,09988.HK,82.666653485495,83.105332660831,81.399358090081,82.617911354903,70389532,5817151582.969635
2024-11-20,09989.HK,3.7346424582248,3.8434184521537,3.7346424582248,3.8162244536714,1023000,3862268.4254349065
2024-11-21,09992.HK,75.055515290328,79.018681351942,74.468379577496,78.529401591249,11840895,909291437.1892402
2024-11-21,09988.HK,82.22797431016,82.812879877274,81.496842351267,82.276716440753,45741828,3762372634.7607265
2024-11-21,09989.HK,3.8162244536714,3.8252891198322,3.7437071243855,3.7799657890285,610000,2316838.0240234695
2024-11-22,09989.HK,3.7437071243855,3.7527717905463,3.5896077996529,3.6077371319744,827500,3041660.0610689083
2024-11-22,09992.HK,78.969753375873,85.036822408468,78.774041471596,81.660792059685,16526197,1327306019.042741
2024-11-22,09988.HK,81.496842351267,81.935521526602,78.182377470952,78.669798776881,110110185,8817989242.724493
2024-11-25,09992.HK,82.198999796448,86.749301570894,82.198999796448,85.819670025577,13806476,1159872866.2248561
2024-11-25,09988.HK,78.669798776881,80.716968261781,77.889924687395,79.888352041702,163133423,12933066943.792847
2024-11-25,09989.HK,3.5986724658137,3.6439957966174,3.5896077996529,3.6258664642959,794000,2868141.9552535117
2024-11-26,09988.HK,79.742125649924,82.325458571345,79.742125649924,81.253131698302,78159824,6291680489.586025
2024-11-26,09989.HK,3.6258664642959,3.6711897950996,3.5805431334922,3.6530604627781,238500,868012.0360535745
2024-11-26,09992.HK,84.009334911012,86.113237881993,82.198999796448,84.694326575983,9552629,805781744.5634258
2024-11-27,09989.HK,3.5805431334922,3.6802544612603,3.55334913501,3.6983837935818,369500,1344781.7497769215
2024-11-27,09992.HK,85.085750384537,88.363924781181,84.351830743497,87.336437283726,8295955,715203354.9487324
2024-11-27,09988.HK,81.106905306524,83.544011836167,80.424515478224,82.861622007867,56559911,4637022655.851512
2024-11-28,09988.HK,82.179232179567,82.22797431016,80.668226131188,81.301873828895,45005738,3678793912.4835334
2024-11-28,09989.HK,3.6802544612603,3.6802544612603,3.5896077996529,3.6258664642959,174500,637459.0507547786
2024-11-28,09992.HK,90.027475967538,90.223187871815,85.232534312745,87.385365259795,6081934,539506595.5485591
2024-11-29,09992.HK,87.385365259795,89.684980135053,85.966453953785,87.923572996557,6356678,557191235.5087556
2024-11-29,09989.HK,3.6258664642959,3.6802544612603,3.6258664642959,3.6439957966174,206500,750613.2784392982
2024-11-29,09988.HK,80.814452522967,82.666653485495,80.765710392374,81.54558448186,36163262,2935734278.2676272
2024-12-02,09989.HK,3.6258664642959,3.7890304551892,3.6168017981352,3.7527717905463,1868000,6891648.130022615
2024-12-02,09992.HK,88.021428948696,92.963154531697,87.336437283726,90.369971800023,7345798,655213597.4185692
2024-12-02,09988.HK,82.130490048974,83.495269705574,81.643068743045,81.88677939601,55668722,4565315887.965954
2024-12-03,09992.HK,90.027475967538,91.788883106033,89.538196206845,90.467827752162,6234556,562654039.388739
2024-12-03,09989.HK,3.7890304551892,3.7890304551892,3.6983837935818,3.7527717905463,646000,2436002.1253725667
2024-12-03,09988.HK,81.594326612452,82.666653485495,80.765710392374,82.325458571345,45041216,3691573225.5685
2024-12-04,09992.HK,90.467827752162,90.908179536785,87.238581331587,88.510708709389,6962018,623025896.2294872
2024-12-04,09989.HK,3.7527717905463,3.7527717905463,3.6711897950996,3.7074484597426,497500,1855729.787259364
2024-12-04,09988.HK,81.253131698302,82.130490048974,80.521999739409,81.88677939601,57896484,4722613626.216628
2024-12-05,09988.HK,80.716968261781,81.058163175931,79.595899258145,79.888352041702,66632997,5350806912.983011
2024-12-05,09989.HK,3.6530604627781,3.6983837935818,3.5896077996529,3.6711897950996,849500,3110975.297033553
2024-12-05,09992.HK,89.587124182914,89.587124182914,87.091797403379,87.776789068349,6571672,582788731.2618771
2024-12-06,09988.HK,80.132062694667,82.56916922431,79.693383519331,81.838037265417,73451040,5948436145.486064
2024-12-06,09989.HK,3.6258664642959,3.7165131259033,3.6168017981352,3.7074484597426,660000,2419993.9249327052
2024-12-06,09992.HK,87.776789068349,91.788883106033,85.721814073438,91.250675369271,7128381,638087987.987653
2024-12-09,09988.HK,80.668226131188,85.055017884546,80.570741870002,84.713822970396,90092033,7449802512.633763
2024-12-09,09989.HK,3.7074484597426,3.7799657890285,3.6530604627781,3.7799657890285,774000,2897629.314274416
2024-12-09,09992.HK,91.348531321409,92.571730723142,90.125331919676,92.229234890657,5911980,542654041.145205
2024-12-10,09992.HK,93.550290244528,93.648146196667,88.559636685458,90.810323584647,6786679,625598153.1507858
2024-12-10,09988.HK,88.954388331975,89.100614723753,84.372628056246,84.421370186838,97398890,8443303216.320215
2024-12-10,09989.HK,3.8434184521537,3.8796771167966,3.7165131259033,3.7437071243855,949000,3600091.0860678502
2024-12-11,09992.HK,90.712467632508,91.691027153894,88.070356924765,90.125331919676,5067145,458165675.90592563
2024-12-11,09989.HK,3.7165131259033,3.8252891198322,3.7165131259033,3.7799657890285,723500,2711851.2474765787
2024-12-11,09988.HK,85.103760015139,85.493697059881,83.982691011503,84.031433142096,51946094,4392956321.226943
2024-12-12,09988.HK,83.787722489131,86.517281802332,83.787722489131,85.786149843439,64845532,5498053982.352792
2024-12-12,09992.HK,89.733908111122,92.180306914588,89.733908111122,91.593171201756,6062628,549659314.1002375
2024-12-12,09989.HK,3.8343537859929,3.8343537859929,3.761836456707,3.8162244536714,575000,2199541.2439034865
2024-12-13,09992.HK,91.593171201756,92.963154531697,90.516755728231,90.957107512855,3588777,327566120.79729277
2024-12-13,09989.HK,3.7709011228677,3.7890304551892,3.6983837935818,3.725577792064,425500,1594875.8891517192
2024-12-13,09988.HK,84.372628056246,85.249986406917,83.59275396676,83.59275396676,61023463,5124914637.580886
2024-12-16,09988.HK,83.59275396676,83.738980358538,81.399358090081,82.22797431016,47958063,3976220466.7052054
2024-12-16,09989.HK,3.6893191274211,3.7799657890285,3.6893191274211,3.7527717905463,574000,2135880.0934566436
2024-12-16,09992.HK,90.516755728231,94.284209885568,90.516755728231,93.207794412043,6251635,574289414.008096
2024-12-17,09989.HK,3.7074484597426,3.7437071243855,3.6802544612603,3.6893191274211,227500,841382.3130398708
2024-12-17,09992.HK,92.278162866726,94.822417622331,91.98459501031,92.180306914588,4706851,434109266.47432387
2024-12-17,09988.HK,81.789295134824,81.984263657195,80.473257608817,81.301873828895,52558686,4285928769.468526
2024-12-18,09988.HK,82.715395616088,82.715395616088,81.54558448186,81.935521526602,35976303,2961765642.176655
2024-12-18,09989.HK,3.6893191274211,3.725577792064,3.6802544612603,3.6983837935818,333000,1230052.5363469827
2024-12-18,09992.HK,92.963154531697,93.158866435974,91.152819417132,92.669586675281,3240260,300749173.01166123
2024-12-19,09988.HK,80.619484000595,81.350615959488,79.985836302888,80.86319465356,56263173,4542763942.811065
2024-12-19,09989.HK,3.6711897950996,3.6983837935818,3.6439957966174,3.6893191274211,429000,1578829.1638806902
2024-12-19,09992.HK,91.201747393201,94.13742595736,91.006035488924,92.71851465135,3662421,336796715.01873326
2024-12-20,09988.HK,79.742125649924,80.180804825259,77.353761250873,78.084893209766,132887681,10486633267.703733
2024-12-20,09992.HK,92.71851465135,94.382065837707,91.935667034241,92.327090842796,4611855,426701750.46310234
2024-12-20,09989.HK,3.6893191274211,3.6893191274211,3.6349311304566,3.6711897950996,400000,1472101.78450414
2024-12-23,09992.HK,92.963154531697,92.963154531697,85.6239581213,86.99394145124,11724972,1054995955.8006245
2024-12-23,09988.HK,78.669798776881,79.303446474588,77.889924687395,78.962251560438,57974855,4569347630.829386
2024-12-23,09989.HK,3.6711897950996,3.6711897950996,3.6077371319744,3.6439957966174,342000,1250896.736183607
2024-12-24,09992.HK,86.504661690547,86.700373594824,81.660792059685,85.085750384537,11197071,960655013.4619863
2024-12-24,09988.HK,80.229546955852,81.838037265417,80.083320564074,81.058163175931,46601344,3758112031.4117527
2024-12-24,09989.HK,3.6258664642959,3.6893191274211,3.6258664642959,3.6439957966174,144500,525247.5483509859
2024-12-27,09989.HK,3.6439957966174,3.6621251289389,3.6168017981352,3.6349311304566,347236,1263752.7352247338
2024-12-27,09992.HK,85.036822408468,85.036822408468,80.58437658616,84.15611883922,9817991,830567387.2166648
2024-12-27,09988.HK,80.911936784152,81.253131698302,79.303446474588,80.278289086445,44013080,3547239153.2303276
2024-12-30,09992.HK,84.743254552052,86.455733714478,81.807575987893,84.253974791359,6717275,567600431.8688805
2024-12-30,09988.HK,80.278289086445,80.86319465356,79.498414996959,79.937094172295,39010940,3125076351.691856
2024-12-30,09989.HK,3.6439957966174,3.6530604627781,3.6168017981352,3.6258664642959,466000,1693877.9067927988
2024-12-31,09989.HK,3.6077371319744,3.6168017981352,3.5805431334922,3.5896077996529,418500,1506044.4269430125
2024-12-31,09992.HK,84.253974791359,88.266068829043,83.42219919818,87.72786109228,5684705,488833001.17845106
2024-12-31,09988.HK,79.937094172295,81.399358090081,79.742125649924,80.327031217038,31449160,2520086060.814598
2025-01-02,09989.HK,3.5805431334922,3.5986724658137,3.4898964718848,3.4989611380455,597000,2113232.0250540036
2025-01-02,09988.HK,80.327031217038,80.619484000595,78.767283038066,79.254704343995,48562393,3874835478.9684796
2025-01-02,09992.HK,87.874645020488,90.810323584647,87.336437283726,89.195700374359,7304406,646696846.6620964
2025-01-03,09988.HK,81.009421045338,81.643068743045,79.937094172295,80.521999739409,57859265,4673044640.505592
2025-01-03,09992.HK,89.342484302567,93.941714053083,89.097844422221,92.180306914588,7853825,712824117.8655362
2025-01-03,09989.HK,3.4898964718848,3.5080258042063,3.4173791425989,3.4264438087596,604000,2088734.7647546087
2025-01-06,09988.HK,81.058163175931,81.253131698302,79.839609911109,80.083320564074,36259231,2921433141.305793
2025-01-06,09989.HK,3.4264438087596,3.4717671395633,3.3901851441167,3.4173791425989,1080000,3695664.3937335904
2025-01-06,09992.HK,92.278162866726,92.865298579558,86.211093834131,86.553589666617,8243227,737075365.4700857
2025-01-07,09989.HK,3.4627024734026,3.4627024734026,3.3720558117952,3.4355084749204,223500,770875.0734750952
2025-01-07,09988.HK,80.083320564074,80.375773347631,78.474830254509,79.352188605181,57807719,4608301556.339108
2025-01-07,09992.HK,86.602517642686,88.608564661528,83.960406934943,86.015381929854,8384171,723628993.8385012
2025-01-08,09992.HK,85.6239581213,85.819670025577,82.101143844309,82.73720753321,7835354,659584666.3778638
2025-01-08,09989.HK,3.3992498102774,3.3992498102774,3.3176678148307,3.3811204779559,512500,1737469.8863597831
2025-01-08,09988.HK,79.547157127552,80.180804825259,78.377345993324,78.864767299252,51033856,4042185669.9401984
2025-01-09,09992.HK,83.715767054596,85.868598001646,82.492567652863,85.134678360606,6284868,530601380.5878748
2025-01-09,09988.HK,78.864767299252,79.547157127552,78.426088123916,78.572314515695,38857402,3058797988.8951426
2025-01-09,09989.HK,3.3901851441167,3.3992498102774,3.3539264794737,3.3992498102774,172000,583891.4060778925
2025-01-10,09989.HK,3.3539264794737,3.3720558117952,3.2904738163485,3.2995384825093,294000,978059.349411501
2025-01-10,09992.HK,85.134678360606,85.134678360606,81.416152179339,83.47112717425,6852051,577647789.2104578
2025-01-10,09988.HK,78.864767299252,79.157220082809,77.499987642652,77.597471903838,49178401,3847281370.4437404
2025-01-13,09989.HK,3.272344484027,3.2814091501878,3.2270211532234,3.272344484027,277000,906439.4220754791
2025-01-13,09992.HK,81.611864083616,85.134678360606,81.3182962272,82.590423605002,4584094,376359360.88983387
2025-01-13,09988.HK,76.525145030795,76.573887161388,75.404076027159,76.135207986052,47082642,3593826374.342914
2025-01-14,09988.HK,76.768855683759,78.328603862731,76.378918639016,77.938666817988,62238203,4814359095.545399
2025-01-14,09989.HK,3.2632798178663,3.3629911456344,3.2632798178663,3.3629911456344,375000,1242425.8056563812
2025-01-14,09992.HK,82.198999796448,82.590423605002,79.556889088705,82.00328789217,7968358,654211306.3609505
2025-01-15,09989.HK,3.3992498102774,3.3629911456344,3.2995384825093,3.3176678148307,278500,935330.7792963029
2025-01-15,09992.HK,81.416152179339,82.00328789217,78.920825399804,80.046168849398,5541590,447378991.7948193
2025-01-15,09988.HK,77.110050597909,78.133635340359,77.110050597909,77.938666817988,34729525,2692384153.856665
2025-01-16,09989.HK,3.3720558117952,3.3992498102774,3.3720558117952,3.3811204779559,326000,1100767.735229429
2025-01-16,09992.HK,80.290808729744,83.960406934943,77.795481950209,83.324343246042,14628624,1196732269.4783154
2025-01-16,09988.HK,78.084893209766,79.400930735774,77.256276989688,78.426088123916,40303852,3153997714.023741
2025-01-17,09988.HK,77.987408948581,78.718540907474,77.597471903838,78.718540907474,40613226,3182167078.5243144
2025-01-17,09989.HK,3.4264438087596,3.4264438087596,3.344861813313,3.3720558117952,252500,858310.5770950435
2025-01-17,09992.HK,83.324343246042,86.30894978627,82.394711700725,85.721814073438,6501004,549484872.4592844
2025-01-20,09988.HK,80.619484000595,83.93394888091,80.327031217038,82.422942832531,92760400,7561940365.005751
2025-01-20,09989.HK,3.3720558117952,3.4536378072418,3.3720558117952,3.4264438087596,358500,1218631.0569844479
2025-01-20,09992.HK,86.015381929854,87.678933116211,84.89003848026,86.113237881993,5076088,436870010.7417394
2025-01-21,09988.HK,83.641496097353,83.787722489131,81.789295134824,82.666653485495,45376591,3773248441.793857
2025-01-21,09989.HK,3.4627024734026,3.4627024734026,3.4173791425989,3.4264438087596,163000,561465.4219962193
2025-01-21,09992.HK,86.700373594824,91.250675369271,85.721814073438,90.5656837043,8030853,711798824.0294209
2025-01-22,09989.HK,3.4264438087596,3.4264438087596,3.3539264794737,3.4173791425989,232500,795594.4180954257
2025-01-22,09988.HK,81.20438956771,81.789295134824,79.595899258145,80.132062694667,50020729,4035083478.218899
2025-01-22,09992.HK,90.5656837043,93.207794412043,89.831764063261,91.788883106033,5385226,491010277.20287114
2025-01-23,09988.HK,81.740553004231,82.130490048974,80.473257608817,80.814452522967,35695244,2901220292.857341
2025-01-23,09992.HK,91.98459501031,92.571730723142,86.455733714478,86.798229546963,6234820,557339365.1030884
2025-01-23,09989.HK,3.4445731410811,3.4717671395633,3.3901851441167,3.4264438087596,480000,1649044.0679617678
2025-01-24,09988.HK,81.643068743045,82.861622007867,80.911936784152,82.617911354903,56000920,4599383002.793389
2025-01-24,09992.HK,86.798229546963,90.712467632508,86.700373594824,89.538196206845,4772863,420814801.01629865
2025-01-24,09989.HK,3.3901851441167,3.4808318057241,3.3901851441167,3.4717671395633,396500,1360382.04023956
2025-01-27,09992.HK,89.538196206845,92.424946794934,89.538196206845,91.691027153894,3572269,323699768.2528219
2025-01-27,09988.HK,84.421370186838,85.737407712846,83.93394888091,85.055017884546,77324541,6552341958.978822
2025-01-27,09989.HK,3.4536378072418,3.5261551365278,3.4445731410811,3.5080258042063,593500,2065873.676697224
2025-01-28,09992.HK,91.642099177825,91.98459501031,90.174259895746,91.98459501031,992058,91084165.4914464
2025-01-28,09989.HK,3.4445731410811,3.4445731410811,3.4173791425989,3.4355084749204,20500,70520.83656401536
2025-01-28,09988.HK,86.273571149367,86.273571149367,85.444954929289,86.078602626996,28186080,2428966079.1172347
2025-02-03,09989.HK,3.4355084749204,3.4355084749204,3.2632798178663,3.3176678148307,175500,592591.2194256589
2025-02-03,09988.HK,90.221683727389,91.732689775768,88.125772111896,91.635205514582,137951734,12543736605.387922
2025-02-03,09992.HK,91.152819417132,93.061010483835,89.048916446152,90.663539656439,3824302,347660332.8188878
2025-02-04,09992.HK,90.076403943607,100.98734260706,90.076403943607,100.98734260706,8150727,778654218.8658392
2025-02-04,09989.HK,3.4083144764381,3.4808318057241,3.30860314867,3.4445731410811,230000,788082.0760147079
2025-02-04,09988.HK,94.364764827783,95.485833831418,92.366337473475,95.193381047861,119029715,11281526039.753166
2025-02-05,09992.HK,98.051664042905,100.69377475065,96.926320593311,99.12807951643,8359542,824166173.9167453
2025-02-05,09988.HK,96.509418573868,97.143066271576,92.902500909997,95.095896786675,130268715,12480089109.59385
2025-02-05,09989.HK,3.3811204779559,3.4717671395633,3.3720558117952,3.4717671395633,403000,1380856.8549301187
2025-02-06,09992.HK,99.323791420707,100.59591879851,96.583824760826,97.073104521519,6466595,635009592.6577594
2025-02-06,09988.HK,94.510991219561,96.411934312683,94.072312044225,96.070739398533,82663790,7877104078.825347
2025-02-06,09989.HK,3.4536378072418,3.5442844688492,3.4536378072418,3.5261551365278,620000,2163735.812568576
2025-02-07,09988.HK,95.534575962011,98.361619536397,95.242123178454,97.484261185726,111035834,10716003780.20458
2025-02-07,09989.HK,3.5080258042063,3.5805431334922,3.4898964718848,3.5442844688492,1328500,4684497.098877116
2025-02-07,09992.HK,97.660240234351,101.18305451134,96.632752736895,98.932367612153,4826664,474443231.4794192
2025-02-10,09988.HK,100.4087890213,103.8207381628,100.4087890213,102.84589555094,154940987,15746240719.998268
2025-02-10,09992.HK,100.30235094209,102.25946998487,97.855952138628,100.10663903782,7065465,707991352.1942024
2025-02-10,09989.HK,3.5442844688492,3.5896077996529,3.517090470367,3.5714784673315,467500,1663309.5863322387
2025-02-11,09992.HK,102.55303784128,104.70586878833,101.0851985592,102.45518188914,6049241,620072064.0651327
2025-02-11,09988.HK,105.1855178194,105.8679076477,101.96853720027,102.26098998383,133001073,13795304063.966232
2025-02-11,09989.HK,3.5714784673315,3.5714784673315,3.4989611380455,3.5442844688492,590000,2099150.0661733067
2025-02-12,09988.HK,106.45281321481,111.03457349054,106.35532895363,110.93708922936,215324934,23404733198.02867
2025-02-12,09992.HK,103.23802950625,105.29300450116,100.30235094209,102.06375808059,6060827,622149308.6772925
2025-02-12,09989.HK,3.5352198026885,3.5896077996529,3.4898964718848,3.55334913501,655000,2321506.3270962588
2025-02-13,09988.HK,112.30186888596,121.17293665386,112.30186888596,113.76413280374,336901993,38081043259.40065
2025-02-13,09992.HK,102.25946998487,104.70586878833,100.69377475065,101.0851985592,6438925,654660534.9525629
2025-02-13,09989.HK,3.55334913501,3.6077371319744,3.4627024734026,3.517090470367,1007500,3561733.951208664
2025-02-14,09988.HK,113.95910132611,121.17293665386,113.86161706493,120.97796813149,267121701,31378394810.734627
2025-02-14,09992.HK,103.53159736267,110.38151401237,102.65089379342,108.4243949696,12369228,1310865997.5620496
2025-02-14,09989.HK,3.5080258042063,3.5896077996529,3.4898964718848,3.5986724658137,1430500,5083065.937631805
2025-02-17,09988.HK,121.75784222097,126.24211823551,115.81130228864,119.12576716896,293596265,35361264008.301186
2025-02-17,09989.HK,3.6439957966174,3.6711897950996,3.5261551365278,3.5986724658137,1168000,4229718.265259762
2025-02-17,09992.HK,108.4243949696,109.99009020382,104.90158069261,106.27156402255,6696579,718864225.1858464
2025-02-18,09992.HK,106.56513187897,112.04506519873,106.56513187897,110.08794615596,7259090,786352096.11629
2025-02-18,09989.HK,3.5896077996529,3.6168017981352,3.55334913501,3.5986724658137,614000,2206802.041498246
2025-02-18,09988.HK,118.93079864659,125.36475988484,118.93079864659,123.12262187757,197776235,23936207090.070045
2025-02-19,09988.HK,120.58803108674,122.2452635269,119.22325143014,120.97796813149,148288754,17910760516.418148
2025-02-19,09992.HK,108.52225092174,109.30509853885,105.97799616613,108.81581877815,4748113,515972857.0684769
2025-02-19,09989.HK,3.5805431334922,4.632044408138,3.5714784673315,4.2785224278692,52468000,206174725.93675497
2025-02-20,09988.HK,119.32073569133,120.49054682556,115.4213652439,117.85847177354,178330455,21148137991.874832
2025-02-20,09992.HK,107.54369140035,109.20724258671,101.86804617631,102.357325937,7852545,824128592.0936605
2025-02-20,09989.HK,4.3510397571551,4.4960744157269,4.0156471092077,4.0428411076899,22847500,95889596.52977306
2025-02-21,09988.HK,129.65406737702,136.08802861527,127.7043821533,135.01570174223,329402607,43591455970.98451
2025-02-21,09992.HK,105.68442830972,105.97799616613,100.98734260706,105.78228426186,9195766,972299202.798754
2025-02-21,09989.HK,4.0972291046544,4.1244231031366,3.8978064491181,4.1244231031366,13732500,56451919.47174495
2025-02-24,09988.HK,135.40563878697,137.35532401069,130.92136277243,132.28614242903,222538792,29785902810.068462
2025-02-24,09992.HK,104.21658902764,107.73940330463,99.421647372846,107.34797949607,8930394,944677476.6783643
2025-02-24,09989.HK,4.1516171016188,4.3510397571551,4.0609704400114,4.1969404324225,9546000,39847665.10997913
2025-02-25,09989.HK,4.1334877692973,4.178811100101,4.0428411076899,4.0700351061721,3277000,13441472.231456611
2025-02-25,09992.HK,102.94446164984,110.08794615596,102.94446164984,106.76084378324,6616441,693751390.3924767
2025-02-25,09988.HK,121.95281074334,129.94652016057,121.85532648216,127.31444510856,234415866,29216099822.983353
2025-02-26,09989.HK,4.0972291046544,4.1697464339403,4.0337764415292,4.0790997723329,4937000,20183267.83284315
2025-02-26,09992.HK,108.62010687388,110.08794615596,106.76084378324,108.03297116105,4185284,453377330.52517194
2025-02-26,09988.HK,128.97167754872,135.60060730934,128.67922476516,133.45595356326,197155020,25869462430.21752
2025-02-27,09992.HK,108.22868306532,108.91367473029,101.96590212845,105.09729259689,6488760,692110528.9189609
2025-02-27,09988.HK,134.04085913037,136.18551287646,129.84903589939,132.28614242903,180178311,23993174657.33353
2025-02-27,09989.HK,4.0881644384936,4.215069764744,4.0428411076899,4.1878757662618,5019500,20770791.903884865
2025-02-28,09988.HK,130.23897294413,130.4339414665,123.90249596706,124.2924330118,209019085,26600960788.33602
2025-02-28,09992.HK,105.58657235758,107.64154735249,99.910927133539,101.96590212845,7984572,828608838.1559348
2025-02-28,09989.HK,4.1878757662618,4.2422637632262,4.0337764415292,4.0519057738507,3788000,15606146.236973073
2025-03-03,09989.HK,4.0519057738507,4.1606817677795,4.0337764415292,4.0519057738507,2252500,9126917.755598702
2025-03-03,09988.HK,126.53457101907,131.1163312948,125.36475988484,127.11947658619,164140645,20817469490.394043
2025-03-03,09992.HK,101.96590212845,108.52225092174,101.67233427203,107.44583544821,6400488,670168656.7092807
2025-03-04,09989.HK,4.006582443047,4.0790997723329,3.9793884445647,4.0428411076899,1078000,4338639.293847189
2025-03-04,09988.HK,123.41507466113,126.04714971314,121.36790517623,124.58488579536,133778504,16588531850.964193
2025-03-04,09992.HK,104.41230093192,107.44583544821,103.14017355411,106.36941997469,3904296,411477114.90439695
2025-03-05,09989.HK,4.0156471092077,4.1062937708151,3.9975177768862,4.0609704400114,2750000,11105349.130176265
2025-03-05,09992.HK,106.76084378324,114.49146400219,106.6629878311,113.61076043295,10523561,1159547009.8184664
2025-03-05,09988.HK,125.16979136247,128.19180345923,123.41507466113,126.63205528026,132295744,16656156321.086933
2025-03-06,09988.HK,134.5282804363,137.9402295778,133.845890608,137.2578397495,198863431,27024160179.16327
2025-03-06,09992.HK,114.58931995433,118.40570208774,113.02362472012,113.70861638509,6756024,771193168.5297968
2025-03-06,09989.HK,4.0972291046544,4.1244231031366,4.0247117753684,4.0790997723329,5712000,23351595.27267573
2025-03-07,09989.HK,4.0972291046544,4.0881644384936,4.0156471092077,4.0609704400114,2323500,9477788.321015494
2025-03-07,09992.HK,113.70861638509,117.42714256635,111.65364139017,113.90432828936,6115769,696014095.5193582
2025-03-07,09988.HK,134.33331191393,142.22953706997,133.74840634682,136.47796566002,250700100,33946207184.45851
2025-03-10,09992.HK,113.12148067225,113.90432828936,108.03297116105,109.6965223474,5920468,659593428.3508706
2025-03-10,09988.HK,133.74840634682,135.2106702646,130.23897294413,131.1163312948,179071477,23714859887.351192
2025-03-10,09989.HK,4.1062937708151,4.1062937708151,4.0428411076899,4.0700351061721,1127000,4607361.3221822865
2025-03-11,09988.HK,124.58488579536,131.40878407836,124.48740153417,130.23897294413,157697693,20092567322.28773
2025-03-11,09992.HK,106.27156402255,118.11213423132,104.70586878833,117.0357187578,14123744,1576967447.6626358
2025-03-11,09989.HK,4.0337764415292,4.0609704400114,3.9340651137611,4.0156471092077,3652500,14700259.759533264
2025-03-12,09988.HK,134.5282804363,134.5282804363,128.58174050397,131.40878407836,124456918,16548853715.730875
2025-03-12,09992.HK,118.60141399202,120.46067708265,112.43648900728,114.19789614578,10566910,1229984679.1441102
2025-03-12,09989.HK,4.0337764415292,4.0337764415292,3.9612591122433,3.9884531107255,2697000,10817976.551215462
2025-03-13,09992.HK,115.56787947572,120.16710922624,113.51290448081,116.35072709283,8523220,988346652.9385983
2025-03-13,09989.HK,4.0156471092077,4.0247117753684,3.9340651137611,3.9793884445647,2962500,11842646.414025368
2025-03-13,09988.HK,130.4339414665,130.53142572769,125.85218119077,128.19180345923,101846984,13170126052.719452
2025-03-14,09992.HK,116.35072709283,122.31994017329,114.68717590647,120.46067708265,8742060,1035109751.9931483
2025-03-14,09989.HK,3.970323778404,4.0881644384936,3.9521944460825,4.0790997723329,1679000,6757491.070843628
2025-03-14,09988.HK,131.1163312948,134.13834339156,129.45909885464,132.38362669022,108673140,14317683912.0501
2025-03-17,09989.HK,4.0790997723329,4.0972291046544,4.0519057738507,4.0790997723329,1209500,4933671.174636642
2025-03-17,09992.HK,123.68992350323,129.65913658368,123.10278779039,128.48486515802,13637359,1719499061.8612978
2025-03-17,09988.HK,134.13834339156,135.50312304816,131.70123686192,132.09117390666,72542321,9656453551.761265
2025-03-18,09989.HK,4.0790997723329,4.1244231031366,4.0700351061721,4.0881644384936,3765500,15376916.692933591
2025-03-18,09988.HK,139.69494627915,139.88991480152,137.06287122713,139.79243054033,145909264,20389898724.510494
2025-03-18,09992.HK,130.63769610507,132.30124729143,127.60416158877,130.93126396148,8191660,1071341993.7093775
2025-03-19,09988.HK,136.77041844357,138.72010366729,136.08802861527,137.55029253306,83578664,11463679265.478437
2025-03-19,09992.HK,129.9527044401,134.84550204703,128.87628896657,133.37766276495,8693903,1144684334.7175431
2025-03-19,09989.HK,4.0881644384936,4.1606817677795,4.0519057738507,4.1334877692973,3392000,13943922.144413367
2025-03-20,09988.HK,136.47796566002,136.47796566002,131.70123686192,132.09117390666,113971960,15304675615.964035
2025-03-20,09989.HK,4.1334877692973,4.1334877692973,4.0428411076899,4.0428411076899,2231500,9122738.944498468
2025-03-20,09992.HK,133.67123062137,135.04121395131,129.65913658368,131.12697586576,7546806,999190346.7531557
2025-03-21,09988.HK,130.23897294413,131.89620538429,127.11947658619,127.41192936974,143069660,18431013496.369297
2025-03-21,09989.HK,4.0428411076899,4.1425524354581,3.9975177768862,4.1425524354581,4287000,17545391.059737734
2025-03-21,09992.HK,131.12697586576,136.8026210898,128.58272111016,131.42054372218,12815605,1682352652.3844008
2025-03-24,09989.HK,4.1697464339403,4.1697464339403,4.0428411076899,4.0609704400114,1435500,5907597.036278833
2025-03-24,09992.HK,131.51839967432,135.04121395131,127.50630563663,132.20339133929,7738737,1020436790.9116454
2025-03-24,09988.HK,128.67922476516,130.72639425006,127.11947658619,129.45909885464,90778453,11716698839.1094
2025-03-25,09988.HK,127.41192936974,128.77670902634,124.38991727299,124.48740153417,104041459,13103986954.183292
2025-03-25,09989.HK,4.0519057738507,4.1244231031366,4.0519057738507,4.0881644384936,1493000,6076562.413515018
2025-03-25,09992.HK,130.63769610507,131.61625562645,121.73280446045,124.17920326392,14201598,1809403584.2224247
2025-03-26,09989.HK,4.1153584369758,4.1153584369758,4.0428411076899,4.0881644384936,999000,4097659.676296965
2025-03-26,09992.HK,126.23417825883,143.84824964378,124.76633897675,137.68332465905,37108584,4896802413.049197
2025-03-26,09988.HK,125.36475988484,127.41192936974,124.77985431773,126.24211823551,57480050,7231187967.350813
2025-03-27,09992.HK,145.80536868656,156.5695234218,141.01042703176,150.40459843707,30680300,4543905327.171553
2025-03-27,09989.HK,4.1062937708151,4.2603930955477,4.0519057738507,4.2060050985832,5172500,21497682.950981352
2025-03-27,09988.HK,126.14463397433,129.65406737702,125.07230710129,126.82702380263,63397449,8018878886.180138
2025-03-28,09988.HK,128.67922476516,130.14148868294,125.75469692959,127.7043821533,66594496,8536868542.69848
2025-03-28,09992.HK,150.20888653279,151.38315795846,144.63109726089,149.91531867638,11878345,1782489426.1626592
2025-03-28,09989.HK,4.2422637632262,4.2513284293869,4.1062937708151,4.1516171016188,2356500,9890090.129003622
2025-03-31,09988.HK,125.55972840721,126.72953954144,122.9276533552,124.77985431773,78698386,9850660556.18313
2025-03-31,09992.HK,146.78392820794,155.10168413973,146.39250439939,153.14456509695,15537913,2330131417.596232
2025-03-31,09989.HK,4.1878757662618,4.2513284293869,3.9521944460825,3.9884531107255,3568500,14588614.79876459
2025-04-01,09989.HK,4.0337764415292,4.4326217526017,4.0247117753684,4.2422637632262,12450000,51518350.27460237
2025-04-01,09992.HK,153.14456509695,163.22372816723,153.14456509695,160.77732936377,17272895,2711169960.610549
2025-04-01,09988.HK,125.85218119077,128.19180345923,125.6572126684,126.53457101907,59194990,7470015636.596978
2025-04-02,09992.HK,159.01592222527,163.81086388006,157.0588031825,159.70091389024,9083367,1447510995.7580159
2025-04-02,09988.HK,125.75469692959,128.67922476516,125.16979136247,126.72953954144,61236236,7730592145.4099
2025-04-02,09989.HK,4.2241344309047,4.2513284293869,4.1516171016188,4.1606817677795,2332500,9778791.891715446
2025-04-03,09988.HK,119.41821995251,123.22010613876,118.44337734066,120.39306256437,165415092,19834202680.083847
2025-04-03,09989.HK,4.1153584369758,4.2422637632262,4.0972291046544,4.1516171016188,1864000,7704821.201970167
2025-04-03,09992.HK,155.39525199614,162.6365924544,153.34027700123,159.11377817741,12107545,1903966117.8663073
2025-04-07,09989.HK,3.9793884445647,3.9884531107255,3.5624138011707,3.6621251289389,9874000,37726152.512387276
2025-04-07,09988.HK,105.28300208058,109.37734105038,97.484261185726,98.75155658114,392361045,40027606326.313126
2025-04-07,09992.HK,135.530493712,142.47826631384,120.75424493907,124.17920326392,48909644,6351154411.220062
2025-04-08,09992.HK,129.16985682299,137.78118061119,124.27705921606,130.24627229651,25838478,3351458972.54968
2025-04-08,09988.HK,103.04086407331,103.62576964043,95.095896786675,99.921367715369,291748687,29606982317.46838
2025-04-08,09989.HK,3.79809512135,3.79809512135,3.6530604627781,3.7437071243855,2859500,10782891.760840332
2025-04-09,09988.HK,94.949670394897,103.04086407331,93.29243795474,100.99369458841,251724654,24661887877.009335
2025-04-09,09992.HK,123.29849969467,136.8026210898,116.25287114069,134.64979014275,31122330,4013975899.6279163
2025-04-09,09989.HK,3.7165131259033,3.7890304551892,3.5805431334922,3.7709011228677,1939500,7260919.967745677
2025-04-10,09988.HK,105.28300208058,107.62262434904,101.7735686779,102.16350572264,239469665,24838572864.528492
2025-04-10,09989.HK,3.8252891198322,3.9159357814396,3.8162244536714,3.8252891198322,2166000,8285576.233556545
2025-04-10,09992.HK,144.82680916517,146.09893654297,138.5640282283,140.71685917535,15245032,2176561180.624307
2025-04-11,09992.HK,139.15116394113,149.52389486782,138.0747484676,146.29464844725,13524621,1930273214.294972
2025-04-11,09989.HK,3.8252891198322,3.9612591122433,3.8162244536714,3.9340651137611,1379500,5352014.582620978
2025-04-11,09988.HK,100.4087890213,103.91822242398,98.946525103512,100.4087890213,178687575,17941803018.902718
2025-04-14,09992.HK,150.40459843707,158.3309305603,148.74104725071,155.68881985256,14633023,2239536014.9903884
2025-04-14,09988.HK,104.69809651347,107.13520304311,103.04086407331,105.47797060296,166612582,17508988608.436848
2025-04-14,09989.HK,3.9793884445647,4.0609704400114,3.970323778404,4.0247117753684,2039000,8160180.174221796
2025-04-15,09989.HK,4.0247117753684,4.0247117753684,3.9250004476003,3.9521944460825,754000,3007293.645486989
2025-04-15,09992.HK,159.01592222527,162.04945674157,156.86309127822,161.16875317232,9348051,1496551337.5175583
2025-04-15,09988.HK,108.98740400564,108.98740400564,105.8679076477,107.13520304311,103926447,11230427333.476871
2025-04-16,09989.HK,3.9431297799218,3.9431297799218,3.8252891198322,3.8796771167966,905500,3541775.8224892556
2025-04-16,09992.HK,159.50520198596,159.70091389024,149.62175081996,155.7866758047,14419219,2273131317.392381
2025-04-16,09988.HK,104.30815946873,104.79558077466,101.38363163315,102.74841128975,116440525,12054887901.90853
2025-04-17,09992.HK,153.34027700123,164.10443173648,153.34027700123,160.97304126804,11878930,1866852952.8941896
2025-04-17,09988.HK,102.4559585062,106.550297476,101.87105293908,105.96539190888,113941562,11873927110.22178
2025-04-17,09989.HK,3.8434184521537,3.8887417829574,3.8434184521537,3.8887417829574,576000,2226862.147711997
2025-04-22,09992.HK,160.97304126804,172.61789957254,160.67947341163,172.12861981185,13705340,2282635759.8323298
2025-04-22,09989.HK,3.9159357814396,3.9521944460825,3.8706124506359,3.9431297799218,583000,2290917.611136848
2025-04-22,09988.HK,105.67293912533,108.69495122208,104.5031279911,107.2326873043,118989644,12666782347.229332
2025-04-23,09992.HK,180.05495193508,183.96919002062,167.92081386989,174.67287456745,21735485,3855090676.0141716
2025-04-23,09989.HK,3.9793884445647,4.0156471092077,3.9521944460825,3.9884531107255,976000,3888306.6789816176
2025-04-23,09988.HK,113.47168002018,113.95910132611,111.03457349054,113.08174297544,142919552,16189456859.300255
2025-04-24,09988.HK,112.78929019188,113.374195759,109.66979383394,110.93708922936,91662927,10253707392.431711
2025-04-24,09992.HK,175.84714599311,181.71850312143,172.71575552468,176.23856980167,10399305,1830723372.346617
2025-04-24,09989.HK,3.9884531107255,4.0609704400114,3.9793884445647,4.0247117753684,1202000,4815912.096542434
2025-04-25,09989.HK,3.9975177768862,4.0609704400114,3.9521944460825,3.9793884445647,1566500,6247911.797951417
2025-04-25,09988.HK,113.27671149781,114.93394393797,112.0094161024,112.6918059307,82127311,9279093353.530079
2025-04-25,09992.HK,178.587112653,180.44637574363,165.96369482711,168.60580553486,15703336,2726043525.562238
2025-04-28,09992.HK,171.73719600329,190.81910667032,171.73719600329,188.86198762755,23282398,4197806855.884151
2025-04-28,09989.HK,3.9431297799218,3.9884531107255,3.9159357814396,3.9250004476003,868000,3414768.518744591
2025-04-28,09988.HK,114.83645967678,114.83645967678,111.52199479647,112.30186888596,67368966,7651037167.12003
2025-04-29,09988.HK,112.78929019188,114.44652263204,111.3270262741,112.10690036358,63943734,7190351093.245824
2025-04-29,09989.HK,3.970323778404,4.0790997723329,3.970323778404,4.0700351061721,1482500,5959916.023192035
2025-04-29,09992.HK,191.79766619171,193.95049713876,187.1984364412,193.65692928234,10736105,2069140504.8709629
2025-04-30,09992.HK,193.65692928234,194.73334475587,186.31773287195,189.64483524466,15991355,3064757294.338832
2025-04-30,09989.HK,4.0700351061721,4.0972291046544,4.006582443047,4.0337764415292,519000,2102939.0966284876
2025-04-30,09988.HK,113.47168002018,114.64149115441,111.71696331884,114.54400689323,68302501,7787020841.709437
2025-05-02,09992.HK,187.00272453692,193.75478523448,184.75203763773,193.46121737807,5299476,1008129764.5219417
2025-05-02,09989.HK,4.0337764415292,4.0609704400114,4.006582443047,4.0428411076899,77500,312968.93003224017
2025-05-02,09988.HK,116.20123933339,120.00312551963,115.12891246034,118.93079864659,72747697,8552657126.980039
2025-05-06,09992.HK,193.75478523448,194.34192094732,184.1649019249,190.91696262246,10185622,1959060508.8750503
2025-05-06,09989.HK,4.0428411076899,4.1878757662618,3.970323778404,4.1334877692973,2294000,9378249.221904317
2025-05-06,09988.HK,119.41821995251,121.5628736986,117.76098751236,120.68551534793,89828348,10784060945.333904
2025-05-07,09992.HK,190.32982690963,191.60195428743,178.97853646155,180.54423169577,21687759,4021713601.192896
2025-05-07,09988.HK,123.70752744469,124.58488579536,118.24840881829,118.24840881829,105915833,12813482269.294216
2025-05-07,09989.HK,4.1334877692973,4.2331990970655,4.1244231031366,4.2331990970655,2967000,12411979.966249213
2025-05-08,09988.HK,117.76098751236,120.58803108674,117.27356620643,118.44337734066,70065236,8274857283.828477
2025-05-08,09989.HK,4.2513284293869,4.2966517601906,4.178811100101,4.2060050985832,2093500,8852713.870402701
2025-05-08,09992.HK,179.36996027011,183.96919002062,173.00932338109,175.16215432814,20413468,3618614988.1618547
2025-05-09,09992.HK,177.41284122733,187.88342810617,175.5535781367,187.00272453692,12947957,2359218537.8230906
2025-05-09,09989.HK,4.2422637632262,4.2422637632262,4.1334877692973,4.1878757662618,1039000,4379457.485569015
2025-05-09,09988.HK,119.80815699726,121.27042091504,118.73583012421,120.49054682556,64212711,7715115611.124668
2025-05-12,09992.HK,188.27485191472,191.30838643102,178.587112653,182.99063049923,11857413,2201124078.813221
2025-05-12,09989.HK,4.0881644384936,4.1969404324225,4.0881644384936,4.1878757662618,1395500,5774607.05286808
2025-05-12,09988.HK,122.9276533552,128.58174050397,121.75784222097,127.89935067567,163626351,20520953700.916775
2025-05-13,09989.HK,4.1878757662618,4.215069764744,4.1425524354581,4.1878757662618,796000,3333549.1099443925
2025-05-13,09992.HK,182.79491859496,189.84054714894,181.22922336074,188.66627572327,9061474,1682992977.1617944
2025-05-13,09988.HK,127.7043821533,127.7043821533,122.44023204927,122.9276533552,110675822,13869453274.718212
2025-05-14,09992.HK,190.23197095749,191.79766619171,185.92630906339,189.54697929252,6144660,1166806262.2216132
2025-05-14,09989.HK,4.1606817677795,4.178811100101,4.1334877692973,4.1697464339403,302500,1259977.2655101197
2025-05-14,09988.HK,124.58488579536,127.50941363093,123.6100431835,127.11947658619,88967136,11196708119.896322
2025-05-15,09988.HK,128.09431919804,128.3867719816,124.68237005654,125.6572126684,83762982,10627492498.100521
2025-05-15,09992.HK,190.32982690963,196.49475189437,188.76413167541,192.58051380882,9904969,1896357527.2978425
2025-05-15,09989.HK,4.1697464339403,4.2422637632262,4.1425524354581,4.2331990970655,1295000,5440907.231326254
2025-05-16,09988.HK,117.95595603473,121.07545239267,117.27356620643,120.29557830319,146404177,17440509901.865208
2025-05-16,09992.HK,191.0148185746,194.24406499518,188.37270786686,191.5040983353,5102668,975933518.3554028
2025-05-16,09989.HK,4.2060050985832,4.3057164263514,4.1969404324225,4.2513284293869,1218000,5150516.118533791
2025-05-19,09989.HK,4.1878757662618,4.3238457586729,4.1878757662618,4.215069764744,474000,1991498.0908483746
2025-05-19,09992.HK,186.41558882409,203.34466854407,186.41558882409,202.56182092696,11866362,2307873376.9641447
2025-05-19,09988.HK,116.88362916169,117.76098751236,114.54400689323,116.20123933339,124103481,14463321774.33333
2025-05-20,09989.HK,4.1878757662618,4.2875870940299,4.1878757662618,4.2513284293869,1416000,5974956.570519279
2025-05-20,09992.HK,202.75753283124,207.65033043817,201.19183759702,203.73609235262,8767010,1781866838.4615762
2025-05-20,09988.HK,116.98111342287,119.5157042137,116.20123933339,118.63834586303,63599789,7492673947.438665
2025-05-21,09989.HK,4.2422637632262,4.2603930955477,4.1969404324225,4.2603930955477,985000,4187558.502946146
2025-05-21,09992.HK,206.47605901251,215.28309470498,206.47605901251,211.36885661944,13326929,2784294761.818994
2025-05-21,09988.HK,120.00312551963,120.58803108674,119.02828290777,120.00312551963,48764348,5851874173.926918
2025-05-22,09992.HK,212.73883994938,224.09013039746,209.41173757666,218.41448517342,13592330,2930189137.833194
2025-05-22,09988.HK,118.54086160184,118.73583012421,115.61633376627,116.1037550722,77869662,9135848495.26353
2025-05-22,09989.HK,4.1969404324225,4.2331990970655,4.1244231031366,4.1697464339403,1219000,5099495.645048127
2025-05-23,09989.HK,4.1697464339403,4.2875870940299,4.1697464339403,4.2331990970655,2290000,9621372.633001639
2025-05-23,09992.HK,221.1544518333,222.72014706752,211.36885661944,215.0873828007,8338795,1818865614.7184129
2025-05-23,09988.HK,116.00627081101,117.07859768406,114.7389754156,115.81130228864,66708012,7732044724.071164
2025-05-26,09992.HK,218.21877326914,224.09013039746,215.0873828007,216.45736613065,8007827,1740405662.6707013
2025-05-26,09988.HK,115.51884950509,116.59117637813,113.86161706493,113.95910132611,61541743,7061236537.110174
2025-05-26,09989.HK,4.2832505643341,4.495006772009,4.2351241534989,4.3025011286682,1128500,4844510.392776548
2025-05-27,09992.HK,215.28309470498,229.96148752578,214.3045351836,228.20008038728,12298022,2726982921.957233
2025-05-27,09988.HK,113.08174297544,115.22639672153,112.20438462477,115.03142819916,52883817,6031747599.843611
2025-05-27,09989.HK,4.2928758465011,4.5238826185102,4.2928758465011,4.5046320541761,2719000,11960211.990970653
2025-05-28,09989.HK,4.4468803611738,4.485381489842,4.4083792325056,4.4565056433409,1008000,4487306.546275409
2025-05-28,09988.HK,115.22639672153,115.51884950509,112.30186888596,112.78929019188,68081387,7761812111.41135
2025-05-28,09992.HK,229.96148752578,229.96148752578,211.36885661944,211.95599233227,20317510,4489331408.095365
2025-05-29,09992.HK,214.20415335463,222.06485623003,214.20415335463,221.08226837061,10875128,2366897776.4619827
2025-05-29,09988.HK,112.39935314714,115.81130228864,112.39935314714,115.12891246034,74783592,8507690491.828709
2025-05-29,09989.HK,4.5142573363431,4.8126410835214,4.4757562076749,4.7548893905192,6198000,28725085.706546266
2025-05-30,09992.HK,221.08226837061,224.42306709265,214.20415335463,216.56236421725,12985112,2841432285.176106
2025-05-30,09989.HK,4.7260135440181,4.9955214446953,4.7260135440181,4.8222663656885,6042500,28847740.677201066
2025-05-30,09988.HK,112.20438462477,112.49683740833,109.9622466175,111.03457349054,204654182,22843393181.810516
2025-06-02,09989.HK,4.94739503386,4.94739503386,4.6008848758465,4.716388261851,563500,2722770.9435665742
2025-06-02,09988.HK,109.18237252801,110.74212070698,107.03771878193,110.35218366224,73453819,8062825777.321976
2025-06-02,09992.HK,219.70664536741,228.94297124601,218.33102236422,225.99520766773,6491406,1446615841.501713
2025-06-03,09989.HK,4.7837652370203,5.0628984198646,4.7548893905192,5.0147720090293,5910000,28954677.56207657
2025-06-03,09992.HK,226.97779552716,231.49769968051,221.27878594249,229.92555910543,12361361,2823973654.3622336
2025-06-03,09988.HK,110.35218366224,111.52199479647,110.05973087868,111.03457349054,59256715,6559325986.688248
2025-06-04,09992.HK,229.92555910543,244.46785942492,229.92555910543,241.71661341853,14472197,3412849217.1373677
2025-06-04,09988.HK,110.35218366224,112.6918059307,109.76727809513,111.71696331884,73216251,8129535202.361322
2025-06-04,09989.HK,4.9955214446953,5.1206501128668,4.9088939051919,4.9955214446953,4197000,20966203.503386173
2025-06-05,09988.HK,114.93394393797,115.51884950509,114.25155410967,115.32388098271,77117941,8878504678.510664
2025-06-05,09989.HK,5.0917742663657,5.0917742663657,4.8126410835214,4.8415169300226,3789000,18818620.171557635
2025-06-05,09992.HK,244.66437699681,248.20169329073,233.85591054313,238.76884984026,17985477,4347388591.156953
2025-06-06,09989.HK,4.9185191873589,4.9185191873589,4.7548893905192,4.8318916478555,1558000,7595570.040632017
2025-06-06,09992.HK,238.96536741214,244.27134185304,235.23153354633,240.53750798722,9719916,2330363835.320123
2025-06-06,09988.HK,115.32388098271,115.32388098271,112.78929019188,113.66664854256,75163798,8605898952.575214
2025-06-09,09988.HK,115.03142819916,117.27356620643,114.64149115441,116.29872359457,84322573,9753176805.86394
2025-06-09,09989.HK,4.8703927765237,5.0147720090293,4.8030158013544,4.9666455981941,3231500,15894194.753950285
2025-06-09,09992.HK,246.82607028754,248.5947284345,237.78626198083,246.43303514377,12279461,3028477974.0193295
2025-06-10,09988.HK,117.37105046761,117.4685347288,114.64149115441,115.81130228864,54323007,6333583290.527119
2025-06-10,09992.HK,248.5947284345,257.43801916933,246.23651757188,254.29373801917,14824005,3727410570.5757685
2025-06-10,09989.HK,4.9858961625282,5.2265282167043,4.94739503386,5.168776523702,5197000,26386916.975169174
2025-06-11,09989.HK,5.1976523702032,5.3035304740406,5.0532731376975,5.0725237020316,2649000,13602848.207674993
2025-06-11,09992.HK,257.04498402556,265.10220447284,245.84348242812,265.10220447284,18342406,4788717861.598092
2025-06-11,09988.HK,117.55781895816,117.95430401366,116.86397011102,117.3595764304,50080516,5882392189.217553
2025-06-12,09989.HK,5.0917742663657,5.5826636568849,5.0532731376975,5.4864108352144,10079000,53308763.81941292
2025-06-12,09988.HK,114.68330230572,115.27802988898,113.29560461144,113.59296840307,82878015,9459542093.97358
2025-06-12,09992.HK,269.03255591054,278.46539936102,261.95792332268,262.15444089457,26362272,7001648046.31972
2025-06-13,09989.HK,5.5537878103837,5.6885417607223,5.2842799097065,5.5826636568849,11331500,63096349.90067707
2025-06-13,09988.HK,111.80878565329,113.09736208369,109.62811784799,111.01581554227,122464076,13644004447.741375
2025-06-13,09992.HK,262.35095846645,271.39076677316,259.01015974441,267.85345047923,16512370,4377465688.071188
2025-06-16,09989.HK,5.5634130925508,5.7751693002257,5.4286591422122,5.7270428893905,8218000,46392483.6297968
2025-06-16,09988.HK,110.12372416738,112.79999829206,109.33075405636,111.90790691716,73900525,8204127051.876913
2025-06-16,09992.HK,269.03255591054,272.37335463259,254.09722044728,270.21166134185,18119938,4885535891.735918
2025-06-17,09989.HK,5.7655440180587,5.9676749435666,5.2939051918736,5.3420316027088,11613000,64496137.84198648
2025-06-17,09988.HK,113.29560461144,114.48505977797,112.89911955594,113.79121093083,59968684,6809048740.910339
2025-06-17,09992.HK,271.19424920128,271.19424920128,250.95293929712,253.9007028754,23701171,6222682625.203098
2025-06-18,09989.HK,5.2939051918736,5.4286591422122,5.1784018058691,5.2746546275395,4555000,24069894.988713335
2025-06-18,09992.HK,248.5947284345,258.42060702875,246.82607028754,258.02757188498,16945727,4292541596.6629605
2025-06-18,09988.HK,113.09736208369,113.09736208369,110.42108795901,111.21405807003,55865417,6265625512.3748865
2025-06-19,09992.HK,258.22408945687,258.81364217252,240.73402555911,244.27134185304,25407464,6383567290.585506
2025-06-19,09989.HK,5.2842799097065,5.2842799097065,4.9570203160271,5.0243972911964,5921000,30518838.853273034
2025-06-19,09988.HK,110.61933048676,110.91669427839,108.63690520922,109.03339026473,55573686,6103455666.044495
2025-06-20,09992.HK,229.13948881789,241.71661341853,228.15690095847,235.42805111821,40999955,9523624115.9204
2025-06-20,09989.HK,4.9858961625282,5.0532731376975,4.94739503386,4.94739503386,3613000,17944490.546275284
2025-06-20,09988.HK,110.0246029035,110.71845175064,109.03339026473,110.71845175064,106839365,11792023893.704306
2025-06-23,09989.HK,4.9666455981941,5.0147720090293,4.8318916478555,4.9762708803612,2586500,12858676.735891642
2025-06-23,09988.HK,109.03339026473,110.12372416738,107.64569257045,109.82636037575,68537835,7500086738.769181
2025-06-23,09992.HK,230.90814696486,244.66437699681,225.20913738019,239.94795527157,27511659,6477016261.3989
2025-06-24,09988.HK,111.11493680615,112.6017557643,110.61933048676,111.70966438941,66616313,7421876688.671799
2025-06-24,09992.HK,245.64696485623,249.18428115016,236.60715654952,247.80865814696,18451317,4552453062.732175
2025-06-24,09989.HK,5.0436478555305,5.168776523702,4.9666455981941,5.159151241535,2776000,14161485.146726914
2025-06-25,09988.HK,113.98945345858,115.17890862511,112.6017557643,114.48505977797,79338255,9063384596.081139
2025-06-25,09992.HK,250.55990415335,255.27632587859,242.69920127796,243.09223642173,14449694,3566561186.877445
2025-06-25,09989.HK,5.159151241535,5.2554040632054,5.1110248306998,5.2554040632054,3262000,16986139.702031594
2025-06-26,09988.HK,112.00702818104,112.30439197267,111.11493680615,111.21405807003,86859946,9694485748.914642
2025-06-26,09992.HK,243.09223642173,253.31115015974,241.52009584665,248.5947284345,10210470,2510177502.0277953
2025-06-26,09989.HK,5.2265282167043,5.2361534988713,5.0340225733634,5.0725237020316,2474000,12739927.22347631
2025-06-27,09988.HK,111.61054312553,112.50263450043,110.42108795901,111.11493680615,75942306,8457143275.484251
2025-06-27,09992.HK,252.32856230032,255.27632587859,245.84348242812,253.31115015974,8878888,2244759187.6425385
2025-06-27,09989.HK,5.0340225733634,5.1495259593679,4.9666455981941,5.0725237020316,2682500,13555405.191873545
2025-06-30,09989.HK,5.1399006772009,5.168776523702,5.0243972911964,5.1302753950339,1651500,8480597.891647886
2025-06-30,09988.HK,110.52020922289,111.01581554227,108.83514773698,108.83514773698,90192013,9892050603.272118
2025-06-30,09992.HK,252.91811501597,263.33354632588,247.21910543131,261.95792332268,14231802,3663806916.090038
2025-07-02,09989.HK,5.1399006772009,5.3227810383747,5.0821489841986,5.1399006772009,2900000,14905711.963882608
2025-07-02,09988.HK,110.71845175064,111.01581554227,107.74481383433,108.43866268147,88248907,9670187904.953817
2025-07-02,09992.HK,263.33354632588,264.90568690096,252.5250798722,253.70418530351,10695566,2765005591.566214
2025-07-03,09989.HK,5.168776523702,5.3131557562077,5.1399006772009,5.2265282167043,2168500,11271109.16478553
2025-07-03,09992.HK,256.25891373802,256.25891373802,240.93054313099,245.25392971246,14874475,3729870126.041539
2025-07-03,09988.HK,107.84393509821,108.63690520922,104.27556959863,105.2667822374,155395466,16558219614.980696
2025-07-04,09989.HK,5.2650293453725,5.2939051918736,5.1110248306998,5.2554040632054,1905500,10023342.930022595
2025-07-04,09988.HK,104.27556959863,105.46502476516,102.19402305722,104.17644833476,106812953,11132687797.13717
2025-07-04,09992.HK,244.86089456869,250.36338658147,240.93054313099,248.5947284345,8912959,2199074868.073445
2025-07-07,09989.HK,5.2072776523702,5.380532731377,5.1880270880361,5.2554040632054,2127000,11127062.004514651
2025-07-07,09988.HK,103.08611443211,104.67205465414,101.4010529462,104.47381212639,81216305,8428625150.576368
2025-07-07,09992.HK,250.36338658147,255.07980830671,247.61214057508,254.49025559105,6918931,1746523757.6451778
2025-07-08,09992.HK,255.07980830671,267.06738019169,254.49025559105,264.90568690096,11387330,2960623214.5715785
2025-07-08,09988.HK,103.77996327925,106.65447993168,103.28435695986,106.05975234842,81928731,8595950807.387936
2025-07-08,09989.HK,5.2650293453725,5.390158013544,5.2072776523702,5.2842799097065,2304000,12152804.261851007
2025-07-09,09992.HK,264.11961661342,264.11961661342,258.61712460064,262.15444089457,4763712,1253509021.5197508
2025-07-09,09989.HK,5.3516568848758,5.380532731377,5.1976523702032,5.2361534988713,2246500,11892758.013543932
2025-07-09,09988.HK,105.16766097353,105.36590350128,101.79753800171,101.99578052946,134137844,13894228699.4156
2025-07-10,09992.HK,262.15444089457,267.26389776358,258.61712460064,260.97533546326,5192605,1358203146.1822748
2025-07-10,09988.HK,101.10368915457,102.88787190436,100.90544662681,102.29314432109,98855593,10053457293.77931
2025-07-10,09989.HK,5.2265282167043,5.380532731377,5.2072776523702,5.380532731377,1925500,10211947.927765273
2025-07-11,09988.HK,102.39226558497,105.96063108454,102.39226558497,104.17644833476,115975182,11978422096.17331
2025-07-11,09989.HK,5.390158013544,5.7366681715576,5.390158013544,5.6692911963883,5543000,30651263.48532737
2025-07-11,09992.HK,262.35095846645,266.28130990415,246.04,250.16686900958,14967461,3835545297.2761035
2025-07-14,09992.HK,250.16686900958,257.43801916933,247.61214057508,255.86587859425,8041385,2034602073.0451121
2025-07-14,09988.HK,103.48259948762,105.76238855679,103.48259948762,105.16766097353,65552727,6838796781.24433
2025-07-14,09989.HK,5.7366681715576,5.7366681715576,5.611539503386,5.6981670428894,2445500,13981944.75846507
2025-07-15,09992.HK,258.22408945687,260.77881789137,251.93552715655,258.61712460064,7126744,1841697510.6185374
2025-07-15,09988.HK,105.56414602904,112.70087702818,105.56414602904,112.50263450043,195489816,21314917400.709236
2025-07-15,09989.HK,5.7077923250564,5.7174176072235,5.4864108352144,5.6596659142212,2314000,13152149.182844182
2025-07-16,09992.HK,256.4554313099,267.06738019169,240.93054313099,248.20169329073,32138393,8109434500.332508
2025-07-16,09989.HK,5.6692911963883,5.7944198645598,5.601914221219,5.7655440180587,2975000,17009317.38148991
2025-07-16,09988.HK,114.68330230572,116.66572758326,112.50263450043,112.79999829206,144295161,16412369742.284029
2025-07-17,09992.HK,248.20169329073,249.77383386581,236.21412140575,246.04,18120422,4477934026.211298
2025-07-17,09988.HK,112.40351323655,113.98945345858,111.11493680615,111.51142186166,74908706,8386589021.140447
2025-07-17,09989.HK,5.7751693002257,6.1986817155756,5.7751693002257,6.1698058690745,13182500,78732317.58464995
2025-07-18,09992.HK,243.68178913738,247.21910543131,239.5549201278,241.52009584665,11274041,2735092972.293619
2025-07-18,09989.HK,6.1120541760722,6.2371828442438,6.063927765237,6.2083069977427,5634500,34709537.51693003
2025-07-18,09988.HK,114.28681725021,115.27802988898,113.39472587532,114.7824235696,83105716,9518481635.95337
2025-07-21,09989.HK,6.4104379232506,6.9879548532731,6.0928036117381,6.6125688487585,23828500,155159358.43340942
2025-07-21,09988.HK,117.75606148591,117.75606148591,115.97187873612,116.86397011102,95474095,11200067592.79415
2025-07-21,09992.HK,243.68178913738,248.20169329073,239.94795527157,241.12706070288,8951674,2169925388.04248
2025-07-22,09989.HK,6.6414446952596,6.73769751693,6.3045598194131,6.3045598194131,10871500,70371244.04063213
2025-07-22,09988.HK,116.66572758326,117.16133390265,114.98066609735,116.96309137489,63352702,7400508473.033813
2025-07-22,09992.HK,245.64696485623,246.62955271565,238.96536741214,246.23651757188,7992145,1965602057.3352036
2025-07-23,09989.HK,6.4104379232506,6.6991963882619,6.3334356659142,6.3815620767494,7364000,47100144.00000001
2025-07-23,09988.HK,117.95430401366,120.92794192997,116.66572758326,119.83760802733,119661760,14227299354.295029
2025-07-23,09992.HK,246.82607028754,247.02258785942,235.6245686901,238.1792971246,14634885,3548998888.229708
2025-07-24,09989.HK,6.4393137697517,6.6221941309255,6.4104379232506,6.5644424379233,4968500,32304581.358916618
2025-07-24,09992.HK,238.1792971246,250.55990415335,235.82108626198,248.5947284345,13222221,3218116871.5010343
2025-07-24,09988.HK,119.83760802733,120.72969940222,118.84639538856,119.24288044406,77592812,9275463697.414368
2025-07-25,09988.HK,118.05342527754,118.25166780529,116.46748505551,116.96309137489,63455940,7456596989.852799
2025-07-25,09989.HK,6.6221941309255,6.6991963882619,6.3045598194131,6.3815620767494,5184500,33708987.02934526
2025-07-25,09992.HK,248.5947284345,251.34597444089,240.73402555911,240.93054313099,6232228,1525416552.0790253
2025-07-28,09988.HK,118.44991033305,120.63057813834,117.85518274979,119.5402442357,69215231,8236271762.100868
2025-07-28,09989.HK,6.3911873589165,6.4008126410835,6.2660586907449,6.3430609480813,2856500,18187690.144469608
2025-07-28,09992.HK,243.4852715655,245.25392971246,238.76884984026,242.89571884984,5073783,1233895800.3462574
2025-07-29,09992.HK,243.68178913738,257.43801916933,243.28875399361,257.24150159744,13157417,3295428310.6051316
2025-07-29,09988.HK,118.15254654142,119.9367292912,117.06221263877,119.63936549957,59019387,7017166441.108574
2025-07-29,09989.HK,6.3719367945824,6.6414446952596,6.3141851015801,6.5836930022573,5443000,35258746.49209924
2025-07-30,09992.HK,257.24150159744,257.24150159744,248.39821086262,252.13204472843,7576922,1929741814.6872518
2025-07-30,09989.HK,6.5836930022573,6.6799458239278,6.2371828442438,6.4104379232506,6487000,42146463.65688487
2025-07-30,09988.HK,116.66572758326,118.54903159693,116.071,116.071,88754280,10328190343.10419
2025-07-31,09992.HK,248.98776357827,252.72159744409,238.76884984026,241.71661341853,12509175,3069153462.5594726
2025-07-31,09988.HK,114.98066609735,116.96309137489,113.29560461144,114.68330230572,97698587,11218922598.896292
2025-07-31,09989.HK,6.4104379232506,6.4104379232506,6.0831783295711,6.1794311512415,4808500,30269192.722347632
2025-08-01,09992.HK,241.32357827476,242.89571884984,231.30118210863,238.96536741214,9956824,2391076250.675011
2025-08-01,09988.HK,116.76484884714,118.25166780529,115.67451494449,115.87275747225,75031091,8727526704.886162
2025-08-01,09989.HK,6.1409300225734,6.2660586907449,5.9869255079007,5.9869255079007,2787000,16900166.68171566
2025-08-04,09989.HK,5.9869255079007,6.05430248307,5.8714221218962,5.9869255079007,3763000,22528800.686230335
2025-08-04,09988.HK,114.48505977797,115.67451494449,113.69208966695,115.17890862511,50516068,5800860322.49992
2025-08-04,09992.HK,240.34099041534,248.5947284345,237.39322683706,246.62955271565,8183731,1992617964.95396
2025-08-05,09992.HK,247.61214057508,252.5250798722,245.25392971246,252.32856230032,5873565,1468217107.2421744
2025-08-05,09988.HK,115.07978736123,115.27802988898,113.59296840307,114.98066609735,52371110,6024260657.364587
2025-08-05,09989.HK,6.0831783295711,6.1890564334086,5.9387990970655,6.1890564334086,2217000,13603772.234762998
2025-08-06,09992.HK,253.50766773163,274.92808306709,252.5250798722,272.1768370607,19541080,5136221481.453652
2025-08-06,09988.HK,114.58418104184,118.15254654142,114.08857472246,115.67451494449,73715023,8486762535.291162
2025-08-06,09989.HK,6.1986817155756,6.294934537246,6.1024288939052,6.1794311512415,1591000,9846788.785553005
2025-08-07,09992.HK,274.92808306709,288.29127795527,270.21166134185,273.94549520767,17068563,4684241624.909085
2025-08-07,09989.HK,6.1505553047404,6.1890564334086,5.9291738148984,6.0061760722348,1953000,11871048.189616283
2025-08-07,09988.HK,118.05342527754,118.74727412468,116.86397011102,118.15254654142,66845112,7894607320.653612
2025-08-08,09989.HK,6.0735530474041,6.0735530474041,5.9484243792325,5.9773002257336,1267500,7637228.261851018
2025-08-08,09988.HK,117.55781895816,117.55781895816,115.07978736123,115.27802988898,60373207,7028523449.734548
2025-08-08,09992.HK,275.12460063898,280.62709265176,270.21166134185,273.15942492013,5395904,1479243983.3252518
2025-08-11,09992.HK,272.76638977636,275.51763578275,262.15444089457,266.47782747604,6414420,1729469446.0140696
2025-08-11,09988.HK,116.96309137489,117.95430401366,115.87275747225,117.45869769428,43065055,5047693619.731103
2025-08-11,09989.HK,5.9773002257336,6.1794311512415,5.9484243792325,6.1794311512415,2133500,12968193.196388189
2025-08-12,09992.HK,267.26389776358,269.22907348243,256.4554313099,261.36837060703,6702230,1771507524.020777
2025-08-12,09988.HK,115.77363620837,116.46748505551,115.07978736123,115.57539368061,55676119,6440308059.316704
2025-08-12,09989.HK,6.0928036117381,6.2083069977427,6.0158013544018,6.0831783295711,1518000,9241570.293453682
2025-08-13,09989.HK,6.1409300225734,6.3238103837472,6.1024288939052,6.285309255079,2792000,17347030.03160275
2025-08-13,09988.HK,118.94551665243,122.71212467976,118.15254654142,122.61300341588,150500459,18177334072.820683
2025-08-13,09992.HK,262.74399361022,267.85345047923,259.20667731629,263.33354632588,7875648,2071600762.6213331
2025-08-14,09989.HK,6.2564334085779,6.3334356659142,6.0254266365688,6.0831783295711,2238000,13808025.534988731
2025-08-14,09988.HK,123.70333731853,124.09982237404,119.9367292912,120.72969940222,83916791,10256018027.995253
2025-08-14,09992.HK,265.29872204473,271.98031948882,262.15444089457,267.65693290735,4976742,1326191396.0687625
2025-08-15,09988.HK,118.25166780529,118.74727412468,116.76484884714,117.06221263877,110541625,13005989364.671057
2025-08-15,09992.HK,267.65693290735,270.01514376997,262.35095846645,266.67434504792,4363886,1165880391.6155558
2025-08-15,09989.HK,6.0735530474041,6.3815620767494,6.0735530474041,6.3719367945824,2982000,18556225.35440187
2025-08-18,09988.HK,117.26045516652,119.73848676345,117.26045516652,117.55781895816,76093381,8934058199.365858
2025-08-18,09992.HK,270.21166134185,282.00271565495,263.33354632588,279.84102236422,10732290,2951662458.4059086
2025-08-18,09989.HK,6.3815620767494,6.516316027088,6.3719367945824,6.4296884875846,3247500,20802268.10383733
2025-08-19,09988.HK,117.3595764304,118.6481528608,116.86397011102,117.26045516652,55732895,6538026792.9439125
2025-08-19,09992.HK,279.84102236422,280.62709265176,268.246485623,275.91067092652,8375886,2327456413.655102
2025-08-19,09989.HK,6.4489390519187,6.5644424379233,6.3141851015801,6.3334356659142,2348000,15006507.918735825
2025-08-20,09992.HK,270.21166134185,313.83856230032,262.94051118211,310.49776357827,38320773,11126617025.662231
2025-08-20,09988.HK,116.17012126388,116.96309137489,115.07978736123,116.46748505551,62830049,7308316102.144991
2025-08-20,09989.HK,6.3430609480813,6.3430609480813,6.1216794582393,6.2179322799097,2020500,12689743.408577908
2025-08-21,09989.HK,6.1698058690745,6.3334356659142,6.1698058690745,6.1986817155756,1128500,6978919.119638819
2025-08-21,09988.HK,116.26924252775,116.56660631939,113.98945345858,114.68330230572,66716053,7704121110.79733
2025-08-21,09992.HK,315.21418530351,318.94801916933,308.53258785942,314.23159744409,12059192,3795303773.8717985
2025-08-22,09989.HK,6.2275575620767,6.2275575620767,6.1120541760722,6.1794311512415,2132500,13228951.71557553
2025-08-22,09988.HK,114.48505977797,117.26045516652,114.28681725021,116.96309137489,73604857,8517854034.260323
2025-08-22,09992.HK,315.21418530351,322.28881789137,304.60223642173,314.82115015974,8977424,2828047170.717916
2025-08-25,09988.HK,119.34200170794,124.89279248506,119.34200170794,123.4059735269,162992103,19783001491.259247
2025-08-25,09989.HK,6.2564334085779,6.4200632054176,6.1698058690745,6.3526862302483,3412000,21511158.103837498
2025-08-25,09992.HK,324.25399361022,325.23658146965,310.89079872204,320.91319488818,11436384,3689189855.934043
2025-08-26,09988.HK,120.92794192997,122.81124594364,120.03585055508,120.23409308284,90253630,10882874539.0466
2025-08-26,09992.HK,321.10971246006,333.88335463259,318.55498402556,329.55996805112,11675616,3798484666.2456107
2025-08-26,09989.HK,6.4393137697517,6.4393137697517,6.2371828442438,6.2371828442438,1751000,11098272.78555306
2025-08-27,09988.HK,120.23409308284,123.20773099915,119.9367292912,120.43233561059,114213258,13743648456.150663
2025-08-27,09992.HK,330.93559105431,333.6868370607,314.0350798722,316.58980830671,10514392,3404167939.4191566
2025-08-27,09989.HK,6.3141851015801,6.3430609480813,5.9099232505643,5.9291738148984,3075500,18827225.17381481
2025-08-28,09988.HK,118.05342527754,118.25166780529,114.58418104184,114.7824235696,171962832,20019555979.439064
2025-08-28,09992.HK,316.39329073482,319.3410543131,308.53258785942,318.75150159744,8162701,2592248515.7576656
2025-08-28,09989.HK,5.9291738148984,5.9484243792325,5.7847945823928,5.8906726862302,2232500,13193903.6568848
2025-08-29,09989.HK,5.832920993228,6.063927765237,5.832920993228,5.9773002257336,1452500,8577173.160270862
2025-08-29,09992.HK,324.25399361022,325.8261341853,312.46293929712,316.78632587859,7126996,2284345896.417735
2025-08-29,09988.HK,115.77363620837,117.95430401366,114.68330230572,114.68330230572,110429482,12724620171.708403
2025-09-01,09989.HK,5.9965507900677,6.0831783295711,5.9387990970655,5.9773002257336,2510500,15030176.487584583
2025-09-01,09992.HK,312.65945686901,313.83856230032,295.7589456869,303.03009584665,14402420,4433709763.911538
2025-09-01,09988.HK,131.83128095645,136.7873441503,131.83128095645,135.89525277541,404948185,54207686955.52899
2025-09-02,09989.HK,5.9676749435666,5.9869255079007,5.5826636568849,5.6500406320542,3764500,21867445.14221225
2025-09-02,09992.HK,303.03009584665,309.31865814696,297.1345686901,303.6196485623,6037837,1831426136.4164507
2025-09-02,09988.HK,138.67064816396,138.67064816396,133.51634244236,133.51634244236,166594096,22672372821.51019
2025-09-03,09988.HK,135.30052519214,136.58910162254,131.83128095645,132.92161485909,104631522,14032245373.828676
2025-09-03,09989.HK,5.6981670428894,5.8232957110609,5.6404153498871,5.6885417607223,1630500,9283014.352144439
2025-09-03,09992.HK,310.69428115016,310.69428115016,301.0649201278,308.92562300319,5531606,1713746589.767048
2025-09-04,09992.HK,308.92562300319,308.92562300319,297.33108626198,301.26143769968,8106710,2473304773.4352818
2025-09-04,09989.HK,5.7366681715576,5.7366681715576,5.4960361173815,5.5345372460497,1762000,9929931.972912032
2025-09-04,09988.HK,133.11985738685,133.61546370623,127.37082408198,128.65940051238,148595855,19449656324.400787
2025-09-05,09989.HK,5.4960361173815,5.7270428893905,5.4960361173815,5.7077923250564,1081000,6055669.273137685
2025-09-05,09992.HK,301.26143769968,304.20920127796,295.7589456869,304.20920127796,20089407,6081773046.485936
2025-09-05,09988.HK,127.37082408198,131.83128095645,126.97433902647,130.64182578992,127450276,16441891718.83251
2025-09-08,09988.HK,132.0295234842,136.7873441503,131.93040222032,136.09349530316,147299900,19747246927.538128
2025-09-08,09992.HK,298.70670926518,300.47536741214,277.28629392971,282.59226837061,31882093,9266514032.894587
2025-09-08,09989.HK,5.7077923250564,5.8232957110609,5.7077923250564,5.8136704288939,1104500,6362727.805869053
2025-09-09,09988.HK,137.38207173356,141.5451648164,136.7873441503,140.6530734415,181120225,25178894026.007267
2025-09-09,09992.HK,282.78878594249,287.11217252396,278.85843450479,283.18182108626,10317851,2919800196.8510976
2025-09-09,09989.HK,5.8232957110609,5.8810474040632,5.7462934537246,5.7751693002257,1224500,7101160.203160221
2025-09-10,09988.HK,143.42846883006,146.60034927412,141.34692228864,141.5451648164,181722198,25893017539.140736
2025-09-10,09992.HK,283.18182108626,283.77137380192,263.33354632588,270.40817891374,29367397,8128748652.615001
2025-09-10,09989.HK,5.7751693002257,5.7944198645598,5.6692911963883,5.7366681715576,1122500,6461018.781038377
2025-09-11,09989.HK,5.621164785553,5.6692911963883,5.4864108352144,5.6500406320542,2839500,16002293.891647821
2025-09-11,09988.HK,139.66186080273,145.21265157985,137.87767805295,142.04077113578,174456621,24572444647.399563
2025-09-11,09992.HK,270.21166134185,274.33853035144,265.10220447284,268.63952076677,15200633,4095439530.424649
2025-09-12,09989.HK,5.6981670428894,5.7366681715576,5.601914221219,5.7270428893905,1441000,8231863.756207668
2025-09-12,09988.HK,150.36695730145,152.44850384287,148.78101707942,149.77222971819,170663495,25611401321.615196
2025-09-12,09992.HK,271.39076677316,279.64450479233,265.88827476038,271.98031948882,18161109,4934110762.526112
2025-09-15,09989.HK,5.7559187358916,5.7559187358916,5.6404153498871,5.6692911963883,962000,5495525.977426632
2025-09-15,09992.HK,264.11961661342,264.11961661342,247.61214057508,254.49025559105,34543874,8957397040.293657
2025-09-15,09988.HK,149.07838087105,155.42214175918,148.78101707942,153.24147395389,146193613,22098615929.246727
2025-09-16,09989.HK,5.6692911963883,5.7077923250564,5.5345372460497,5.6885417607223,996500,5659040.2708803555
2025-09-16,09988.HK,152.64674637062,155.42214175918,151.15992741247,152.15114005124,111088746,16929807493.027426
2025-09-16,09992.HK,254.49025559105,256.4554313099,250.16686900958,251.93552715655,12746448,3227564952.8257904
2025-09-17,09989.HK,5.7174176072235,5.7174176072235,5.601914221219,5.6596659142212,960500,5463844.361173817
2025-09-17,09988.HK,156.31423313407,160.87381127242,155.3230204953,160.17996242528,156646724,24788889449.693764
2025-09-17,09992.HK,251.93552715655,254.29373801917,247.21910543131,250.95293929712,12682996,3189066204.2390156
2025-09-18,09989.HK,5.611539503386,5.7366681715576,5.5537878103837,5.6596659142212,1949000,10983789.679458216
2025-09-18,09992.HK,251.34597444089,262.74399361022,250.95293929712,262.54747603834,23055534,5924043959.950602
2025-09-18,09988.HK,160.67556874466,163.35184286934,154.9265354398,157.00808198121,209809246,33326483612.661076
2025-09-19,09989.HK,5.6500406320542,5.6789164785553,5.4575349887133,5.4575349887133,1786000,9919065.029345376
2025-09-19,09992.HK,256.65194888179,269.03255591054,256.4554313099,266.67434504792,19029504,4979319901.820296
2025-09-19,09988.HK,157.5036883006,161.3694175918,155.22389923143,157.70193082835,138827373,21879584029.255337
2025-09-22,09992.HK,268.246485623,275.51763578275,261.7614057508,262.94051118211,15260070,4052975377.167878
2025-09-22,09988.HK,156.2151118702,160.0808411614,155.91774807857,157.80105209223,103208970,16204642422.95676
2025-09-22,09989.HK,5.5056613995485,5.5634130925508,5.4190338600451,5.4190338600451,1780500,9725709.954853201
2025-09-23,09988.HK,158.59402220325,161.66678138343,155.3230204953,157.99929461998,119175251,18865043998.665478
2025-09-23,09992.HK,263.13702875399,263.53006389776,253.31115015974,259.40319488818,12897924,3369842045.7398562
2025-09-23,09989.HK,5.4286591422122,5.4286591422122,5.2265282167043,5.3131557562077,1810500,9724027.936794614
2025-09-24,09992.HK,259.40319488818,260.97533546326,250.55990415335,254.29373801917,10970912,2817861922.79822
2025-09-24,09988.HK,157.10720324509,173.36309052092,156.2151118702,172.47099914603,261023658,43013853992.59725
2025-09-24,09989.HK,5.2457787810384,5.3612821670429,5.2457787810384,5.2842799097065,1145500,6031091.115124142
2025-09-25,09992.HK,251.54249201278,259.40319488818,248.39821086262,257.24150159744,7969649,2027414922.9458482
2025-09-25,09988.HK,172.47099914603,176.23760717336,169.5964824936,170.48857386849,172333447,29551702699.620205
2025-09-25,09989.HK,5.2939051918736,5.3516568848758,5.1784018058691,5.1880270880361,1437000,7531268.343115119
2025-09-26,09989.HK,5.159151241535,5.1880270880361,5.0917742663657,5.1110248306998,2552500,13107312.212189665
2025-09-26,09992.HK,256.65194888179,268.63952076677,252.72159744409,261.36837060703,13667020,3539897033.430046
2025-09-26,09988.HK,166.92020836892,170.38945260461,163.5500853971,165.03690435525,152987253,25392603394.741055
2025-09-29,09989.HK,5.1206501128668,5.2650293453725,5.1110248306998,5.2361534988713,914500,4735648.451467246
2025-09-29,09992.HK,256.4554313099,260.18926517572,249.57731629393,257.24150159744,13745485,3530506742.911924
2025-09-29,09988.HK,165.43338941076,172.76836293766,165.43338941076,171.87627156277,134259119,22643448956.247406
2025-09-30,09988.HK,175.04815200683,176.43584970111,172.1736353544,175.44463706234,135460219,23738914982.61529
2025-09-30,09992.HK,255.66936102236,263.33354632588,255.47284345048,262.15444089457,11330044,2933483229.9830503
2025-09-30,09989.HK,5.2554040632054,5.2939051918736,5.2169029345372,5.2939051918736,796000,4198625.0835214425
2025-10-02,09989.HK,5.3227810383747,5.380532731377,5.2842799097065,5.3516568848758,314500,1678555.3634311412
2025-10-02,09988.HK,178.12091118702,183.3743381725,177.52618360376,181.49103415884,96036992,17268024759.1424
2025-10-02,09992.HK,263.33354632588,266.47782747604,246.82607028754,249.57731629393,15691747,4024233744.890908
2025-10-03,09988.HK,183.3743381725,184.56379333903,181.68927668659,183.47345943638,56780997,10414991847.743212
2025-10-03,09992.HK,247.80865814696,250.36338658147,243.68178913738,250.36338658147,6867444,1710584309.768994
2025-10-03,09989.HK,5.3420316027088,5.3709074492099,5.2746546275395,5.3516568848758,225500,1205713.3769751636
2025-10-06,09992.HK,249.38079872204,252.5250798722,246.62955271565,251.93552715655,5023784,1259252468.443823
2025-10-06,09988.HK,180.20245772844,182.18488300598,178.2200324509,178.91388129804,49211980,8836413046.922176
2025-10-06,09989.HK,5.3227810383747,5.390158013544,5.2939051918736,5.3612821670429,268000,1431664.4695259584
2025-10-08,09988.HK,176.53497096499,176.73321349274,171.97539282664,176.0393646456,75252197,13265996680.256115
2025-10-08,09989.HK,5.3612821670429,5.3997832957111,5.2554040632054,5.3612821670429,78500,420860.65011286765
2025-10-08,09992.HK,251.54249201278,252.91811501597,244.07482428115,250.36338658147,6736535,1690553258.927958
2025-10-09,09989.HK,5.3324063205418,5.3324063205418,5.2169029345372,5.2746546275395,1539000,8162133.399548561
2025-10-09,09988.HK,177.42706233988,177.42706233988,169.9929675491,171.77715029889,158029622,27592304862.056225
2025-10-09,09992.HK,250.36338658147,261.56488817891,247.21910543131,257.8310543131,15733019,3997716397.1443233
2025-10-10,09992.HK,255.47284345048,270.99773162939,254.68677316294,255.07980830671,19390328,4949891689.420845
2025-10-10,09989.HK,5.2554040632054,5.3612821670429,5.1880270880361,5.1976523702032,1163500,6081065.580135454
2025-10-10,09988.HK,167.61405721605,168.80351238258,163.35184286934,163.9465704526,186753966,30960131093.284863
2025-10-13,09992.HK,247.21910543131,260.77881789137,242.30616613419,256.4554313099,16909838,4258527410.5094543
2025-10-13,09989.HK,5.1110248306998,5.1495259593679,5.0147720090293,5.1399006772009,2395500,12278046.027088063
2025-10-13,09988.HK,157.60280956447,162.16238770282,154.72829291204,161.17117506405,282816644,45077294263.57281
2025-10-14,09989.HK,5.159151241535,5.2169029345372,5.0436478555305,5.0917742663657,847000,4341266.952595946
2025-10-14,09988.HK,163.35184286934,164.64041929974,152.64674637062,154.23268659266,201534774,32002163185.510254
2025-10-14,09992.HK,258.02757188498,271.98031948882,257.43801916933,258.42060702875,16443749,4246172112.782234
2025-10-15,09992.HK,263.33354632588,270.80121405751,256.65194888179,268.246485623,16828827,4472934197.161087
2025-10-15,09988.HK,157.30544577284,161.27029632792,154.72829291204,160.17996242528,111159729,17645795968.3787
2025-10-15,09989.HK,5.1110248306998,5.2169029345372,5.1013995485327,5.1976523702032,790000,4071927.4943566853
2025-10-16,09992.HK,273.74897763578,286.32610223642,273.5524600639,283.18182108626,23707323,6601669166.975695
2025-10-16,09988.HK,161.17117506405,162.75711528608,157.20632450897,159.78347736977,73190193,11745366477.939602
2025-10-16,09989.HK,5.2169029345372,5.3131557562077,5.1399006772009,5.1976523702032,1271000,6618449.896162524
2025-10-17,09992.HK,283.57485623003,285.93306709265,268.44300319489,270.60469648562,15746000,4363055618.530313
2025-10-17,09988.HK,159.58523484202,159.58523484202,151.65553373185,153.04323142613,133552318,20876128171.44812
2025-10-17,09989.HK,5.1976523702032,5.1976523702032,5.0243972911964,5.0340225733634,1124000,5750201.318284429
2025-10-20,09989.HK,5.0821489841986,5.1495259593679,5.0628984198646,5.0917742663657,463500,2357806.7133182767
2025-10-20,09988.HK,160.67556874466,161.46853885568,158.59402220325,160.47732621691,98042110,15743253727.320349
2025-10-20,09992.HK,278.07236421725,280.62709265176,267.26389776358,267.65693290735,9999808,2728594095.610476
2025-10-21,09992.HK,269.22907348243,273.74897763578,245.84348242812,246.04,38051214,9803306891.330835
2025-10-21,09989.HK,5.1302753950339,5.1784018058691,5.1206501128668,5.159151241535,557000,2865605.3182844385
2025-10-21,09988.HK,166.02811699402,167.51493595218,163.35184286934,163.64920666097,110624314,18235163885.34462
2025-10-22,09992.HK,265.29872204473,265.49523961661,249.77383386581,251.93552715655,30024933,7764961838.786868
2025-10-22,09988.HK,161.27029632792,162.16238770282,158.59402220325,160.47732621691,67640668,10881612058.172081
2025-10-22,09989.HK,5.159151241535,5.159151241535,5.1013995485327,5.1495259593679,385000,1984420.361173808
2025-10-23,09988.HK,160.47732621691,164.04569171648,157.70193082835,163.15360034159,86447894,13988606017.125496
2025-10-23,09992.HK,249.9703514377,249.9703514377,223.24396166134,228.35341853035,51708737,12366759011.063198
2025-10-23,09989.HK,5.1206501128668,5.2457787810384,5.0436478555305,5.1880270880361,1054000,5432672.8848758275
2025-10-24,09988.HK,166.52372331341,167.81229974381,165.13602561913,166.82108710504,84064278,14011195406.436937
2025-10-24,09992.HK,227.56734824281,234.83849840256,218.13450479233,226.3882428115,33845568,7682192413.00442
2025-10-24,09989.HK,5.1976523702032,5.2169029345372,5.1110248306998,5.159151241535,790500,4093526.627539524
2025-10-27,09992.HK,228.94297124601,231.89073482428,221.86833865815,229.33600638978,18760866,4298855245.021027
2025-10-27,09989.HK,5.159151241535,5.2361534988713,5.159151241535,5.2265282167043,570000,2959918.6455982
2025-10-27,09988.HK,173.26396925705,173.4622117848,170.58769513237,172.07451409052,96795907,16713675858.816217
2025-10-28,09992.HK,229.33600638978,233.85591054313,222.85092651757,224.22654952077,17421058,3950769796.5729675
2025-10-28,09989.HK,5.2072776523702,5.2361534988713,5.168776523702,5.168776523702,553000,2868978.9796839636
2025-10-28,09988.HK,172.47099914603,172.66924167378,168.01054227156,169.49736122972,78492657,13421002607.913069
2025-10-30,09992.HK,223.63699680511,226.78127795527,220.29619808307,225.79869009585,14110483,3170877309.8046594
2025-10-30,09988.HK,171.87627156277,173.26396925705,167.51493595218,170.58769513237,112254088,19221490127.11266
2025-10-30,09989.HK,5.2072776523702,5.2072776523702,5.1206501128668,5.1495259593679,589000,3050078.663656871
2025-10-31,09992.HK,225.79869009585,226.19172523962,216.36584664537,217.74146964856,18450994,4091878413.1015754
2025-10-31,09989.HK,5.2169029345372,5.2265282167043,5.1206501128668,5.1784018058691,1566500,8142122.437923234
2025-10-31,09988.HK,168.30790606319,169.10087617421,163.64920666097,163.64920666097,97457096,16175788101.32064
2025-11-03,09989.HK,5.2265282167043,5.3420316027088,5.1784018058691,5.3324063205418,1397500,7378055.507900712
2025-11-03,09992.HK,216.16932907348,224.81610223642,213.81111821086,222.65440894569,14769073,3240509910.4689984
2025-11-03,09988.HK,163.45096413322,164.8386618275,160.0808411614,161.76590264731,74773287,12158767058.51067
2025-11-04,09988.HK,162.55887275833,162.55887275833,156.71071818958,157.60280956447,89529769,14332000730.505835
2025-11-04,09989.HK,5.3324063205418,5.3324063205418,5.2072776523702,5.2554040632054,950000,5029209.93227992
2025-11-04,09992.HK,224.03003194888,227.96038338658,212.0424600639,213.61460063898,17833536,3902375655.231187
2025-11-05,09989.HK,5.3227810383747,5.3324063205418,5.1302753950339,5.2554040632054,1140500,6032210.054176052
2025-11-05,09988.HK,155.22389923143,157.90017335611,152.84498889838,157.10720324509,94071358,14690705477.8017
2025-11-05,09992.HK,211.25638977636,219.9031629393,209.68424920128,213.61460063898,11680733,2481402299.2435727
2025-11-06,09989.HK,5.2746546275395,5.2746546275395,5.2169029345372,5.2554040632054,385000,2027036.2979683937
2025-11-06,09988.HK,159.38699231426,163.84744918873,158.49490093937,163.5500853971,83528391,13487207247.73593
2025-11-06,09992.HK,213.22156549521,214.20415335463,205.36086261981,213.81111821086,15141062,3232864170.009998
2025-11-07,09992.HK,210.6668370607,210.6668370607,200.05488817891,201.23399361022,27874004,5740662700.862273
2025-11-07,09989.HK,5.2650293453725,5.2746546275395,5.2361534988713,5.2746546275395,407000,2144825.688487592
2025-11-07,09988.HK,161.76590264731,161.76590264731,157.5036883006,158.69314346712,66709927,10688899786.39163
2025-11-10,09989.HK,5.3227810383747,5.3516568848758,5.2457787810384,5.3324063205418,672500,3582806.749435673
2025-11-10,09988.HK,161.3694175918,162.75711528608,158.99050725875,161.96414517506,57596575,9311452898.95933
2025-11-10,09992.HK,206.34345047923,219.51012779553,204.57479233227,217.54495207668,25440198,5391902445.463029
2025-11-11,09992.HK,217.54495207668,222.06485623003,214.79370607029,219.31361022364,11144124,2434202994.368246
2025-11-11,09988.HK,160.0808411614,160.97293253629,157.20632450897,158.99050725875,73054852,11654855068.137245
2025-11-11,09989.HK,5.2842799097065,5.3227810383747,5.2746546275395,5.3227810383747,517500,2744577.0203160103
2025-11-12,09988.HK,155.71950555081,157.00808198121,153.83620153715,155.42214175918,96741580,15050167282.285591
2025-11-12,09989.HK,5.3227810383747,5.4094085778781,5.3035304740406,5.4094085778781,960000,5151451.015801344
2025-11-12,09992.HK,219.31361022364,223.24396166134,209.29121405751,216.16932907348,21140922,4603255426.005574
2025-11-13,09988.HK,152.54762510675,164.54129803587,151.95289752348,160.57644748079,155447392,24337160228.075893
2025-11-13,09989.HK,5.4094085778781,5.5152866817156,5.3612821670429,5.5152866817156,1588000,8674208.0361174
2025-11-13,09992.HK,213.22156549521,217.15191693291,212.0424600639,216.56236421725,10272137,2207399703.2023797
2025-11-14,09989.HK,5.5056613995485,5.5537878103837,5.4671602708804,5.4864108352144,936000,5144289.805869037
2025-11-14,09992.HK,210.27380191693,218.13450479233,206.93300319489,212.63201277955,10654024,2252824349.757925
2025-11-14,09988.HK,155.12477796755,157.00808198121,153.14235269001,153.53883774552,101354219,15642179852.157167
2025-11-17,09989.HK,5.4286591422122,5.4575349887133,5.3324063205418,5.3516568848758,741500,3996802.167042876
2025-11-17,09988.HK,150.96168488471,156.6115969257,150.76344235696,153.53883774552,113907864,17342502059.84658
2025-11-17,09992.HK,213.81111821086,220.68923322684,210.27380191693,213.61460063898,10881508,2325518189.5351424
2025-11-18,09992.HK,213.22156549521,213.22156549521,205.95041533546,207.71907348243,10028524,2110706650.281299
2025-11-18,09988.HK,151.85377625961,157.00808198121,151.85377625961,153.24147395389,102880519,15694178843.19987
2025-11-18,09989.HK,5.3420316027088,5.380532731377,5.2650293453725,5.2842799097065,866000,4601192.884875825
2025-11-19,09989.HK,5.2554040632054,5.2650293453725,5.1976523702032,5.2169029345372,937000,4906275.828442408
2025-11-19,09988.HK,154.43092912041,156.51247566183,153.73708027327,155.02565670367,71141046,11007532603.556911
2025-11-19,09992.HK,207.71907348243,208.30862619808,201.23399361022,203.00265175719,12533801,2573952185.265037
2025-11-20,09992.HK,203.00265175719,203.39568690096,195.73150159744,197.89319488818,16813374,3370205902.3476257
2025-11-20,09989.HK,5.2361534988713,5.3324063205418,5.2361534988713,5.2842799097065,1012500,5325969.413092511
2025-11-20,09988.HK,156.90896071734,158.39577967549,152.64674637062,153.43971648164,65486765,10161865445.895231
2025-11-21,09992.HK,193.56980830671,196.71408945687,188.65686900958,195.82976038339,17492835,3405851202.083543
2025-11-21,09989.HK,5.2072776523702,5.2072776523702,5.0532731376975,5.0628984198646,1923500,9877341.837471819
2025-11-21,09988.HK,148.68189581554,149.2766233988,145.60913663535,146.30298548249,141043093,20802790023.256004
2025-11-24,09989.HK,5.1013995485327,5.1399006772009,5.0628984198646,5.1206501128668,513000,2621955.7381489715
2025-11-24,09992.HK,195.82976038339,197.89319488818,191.80115015974,196.02627795527,10147515,1988182513.441064
2025-11-24,09988.HK,146.50122801025,154.9265354398,146.50122801025,153.14235269001,199790253,29932933398.965435
2025-11-25,09989.HK,5.1784018058691,5.2169029345372,5.1110248306998,5.1495259593679,680000,3511495.44018058
2025-11-25,09992.HK,196.12453674121,201.23399361022,195.6332428115,196.71408945687,8690024,1706888544.8941717
2025-11-25,09988.HK,157.60280956447,159.08962852263,152.05201878736,156.41335439795,147102629,23096301633.68352
2025-11-26,09988.HK,152.64674637062,156.6115969257,152.05201878736,153.43971648164,110863259,16966871403.79199
2025-11-26,09992.HK,196.71408945687,204.1817571885,196.71408945687,201.03747603834,9561215,1901494117.1431422
2025-11-26,09989.HK,5.168776523702,5.2746546275395,5.168776523702,5.2265282167043,680500,3537002.4379232433
2025-11-27,09989.HK,5.1880270880361,5.2169029345372,5.1784018058691,5.1976523702032,292500,1518905.6207674977
2025-11-27,09988.HK,152.64674637062,153.53883774552,148.78101707942,149.2766233988,103303822,15594919024.150171
2025-11-27,09992.HK,202.41309904153,221.08226837061,201.62702875399,214.79370607029,26978582,5627824001.333628
2025-11-28,09989.HK,5.1784018058691,5.1784018058691,5.1206501128668,5.1784018058691,416500,2156804.35214448
2025-11-28,09988.HK,150.46607856533,151.85377625961,149.67310845431,150.1687147737,66572166,10006954683.7708
2025-11-28,09992.HK,216.16932907348,225.79869009585,216.16932907348,220.88575079872,14756811,3224769605.13198
2025-12-01,09992.HK,222.65440894569,224.03003194888,210.86335463259,211.45290734824,14665460,3183191741.4079895
2025-12-01,09989.HK,5.168776523702,5.1880270880361,5.1495259593679,5.1784018058691,630500,3261947.9683972895
2025-12-01,09988.HK,151.65553373185,155.52126302306,150.66432109308,153.53883774552,93259220,14231094516.184887
2025-12-02,09988.HK,158.69314346712,158.69314346712,154.9265354398,155.62038428693,74133971,11650654975.71322
2025-12-02,09992.HK,210.86335463259,215.38325878594,209.09469648562,214.99022364217,8847555,1883881477.866372
2025-12-02,09989.HK,5.159151241535,5.1976523702032,5.1110248306998,5.1880270880361,832000,4304426.185101578
2025-12-03,09988.HK,154.43092912041,155.22389923143,151.75465499573,152.25026131512,54076752,8292161339.123465
2025-12-03,09992.HK,214.99022364217,217.15191693291,211.25638977636,212.23897763578,6450243,1377866082.469344
2025-12-03,09989.HK,5.159151241535,5.1784018058691,5.1302753950339,5.1784018058691,185000,956223.6568848792
2025-12-04,09992.HK,212.23897763578,213.61460063898,208.30862619808,211.64942492013,7839089,1661449456.851803
2025-12-04,09988.HK,151.75465499573,153.73708027327,151.15992741247,153.04323142613,57110210,8703535650.554285
2025-12-04,09989.HK,5.1399006772009,5.1976523702032,5.1399006772009,5.1784018058691,268500,1385232.1083521475
2025-12-05,09989.HK,5.168776523702,5.168776523702,5.0628984198646,5.1495259593679,1068500,5512553.101580094
2025-12-05,09992.HK,209.68424920128,215.18674121406,208.70166134185,215.18674121406,6511761,1383329172.7089922
2025-12-05,09988.HK,151.85377625961,153.73708027327,151.25904867635,153.63795900939,78815068,12038675944.332115
2025-12-08,09988.HK,153.63795900939,154.13356532878,151.4572912041,152.05201878736,75226835,11498044760.434887
2025-12-08,09989.HK,5.1784018058691,5.1784018058691,5.0821489841986,5.1399006772009,1286000,6634668.496614009
2025-12-08,09992.HK,216.16932907348,216.75888178914,195.53498402556,196.91060702875,28051874,5793833159.733904
2025-12-09,09988.HK,153.73708027327,155.42214175918,149.07838087105,149.57398719044,69789164,10583912915.11996
2025-12-09,09992.HK,196.91060702875,198.8757827476,184.82477635783,186.98646964856,23477284,4506430347.961492
2025-12-09,09989.HK,5.2361534988713,5.2361534988713,5.1013995485327,5.1495259593679,1386000,7197275.864559765
2025-12-10,09992.HK,186.69169329073,189.34468051118,181.38571884984,187.0847284345,15345565,2867905187.5259643
2025-12-10,09989.HK,5.1495259593679,5.2361534988713,5.1110248306998,5.2265282167043,1118000,5800214.28442436
2025-12-10,09988.HK,149.17750213493,152.05201878736,148.28541076003,151.85377625961,61369895,9237128973.394344
2025-12-11,09988.HK,153.63795900939,154.13356532878,149.17750213493,149.2766233988,59433982,9001709919.19294
2025-12-11,09992.HK,191.11333865815,192.29244408946,187.28124600639,190.03249201278,8615247,1641832737.125119
2025-12-11,09989.HK,5.2361534988713,5.3612821670429,5.2265282167043,5.3420316027088,2174500,11501131.751692964
2025-12-12,09988.HK,151.35816994022,152.7458676345,149.47486592656,152.7458676345,88532981,13461618490.312986
2025-12-12,09992.HK,191.60463258786,193.37329073482,190.03249201278,190.72030351438,7758872,1483205120.8127296
2025-12-12,09989.HK,5.2650293453725,5.3227810383747,4.9570203160271,4.9570203160271,4198500,21458637.751693107
2025-12-15,09989.HK,5.0147720090293,5.0147720090293,4.937769751693,4.94739503386,1280000,6375786.907449152
2025-12-15,09992.HK,186.69169329073,192.09592651757,183.94044728435,187.37950479233,8958459,1675550745.553986
2025-12-15,09988.HK,149.47486592656,150.36695730145,147.19507685739,147.29419812126,94298860,13992492211.488205
2025-12-16,09988.HK,145.60913663535,145.70825789923,140.35570964987,142.93286251067,118119058,17041154566.282343
2025-12-16,09992.HK,187.37950479233,187.87079872204,181.68049520767,185.90562300319,10824736,2020356480.556383
2025-12-16,09989.HK,4.94739503386,4.9570203160271,4.8703927765237,4.928144469526,1085000,5357480.180586905
2025-12-17,09989.HK,4.9666455981941,5.0051467268623,4.9088939051919,4.9858961625282,1071000,5329586.112866792
2025-12-17,09988.HK,142.93286251067,146.00562169086,141.84252860803,144.71704526046,60486179,8699421905.389029
2025-12-17,09992.HK,185.11955271565,193.37329073482,182.27004792332,192.29244408946,9713728,1833038740.4508538
2025-12-18,09992.HK,190.52378594249,190.62204472843,185.80736421725,189.83597444089,7209521,1371105840.0194733
2025-12-18,09988.HK,141.84252860803,143.62671135781,141.64428608027,142.8337412468,47014025,6691888633.930862
2025-12-18,09989.HK,4.94739503386,5.0051467268623,4.94739503386,4.9955214446953,388000,1928925.7968397283
2025-12-19,09989.HK,4.9955214446953,5.0532731376975,4.9955214446953,5.0436478555305,891000,4472449.923250594
2025-12-19,09992.HK,189.34468051118,190.03249201278,186.69169329073,189.54119808307,8283650,1569279004.1086295
2025-12-19,09988.HK,143.72583262169,145.4108941076,142.93286251067,144.02319641332,70392591,10127699855.754292
2025-12-22,09989.HK,5.0243972911964,5.0243972911964,4.9858961625282,5.0243972911964,400500,2012271.115124158
2025-12-22,09992.HK,191.30985623003,199.26881789137,191.30985623003,198.28623003195,11694870,2278137790.671321
2025-12-22,09988.HK,144.71704526046,147.19507685739,143.72583262169,145.11353031597,58877432,8532240002.511058
2025-12-23,09992.HK,198.48274760383,200.2514057508,193.66806709265,196.91060702875,5944871,1175281243.7739701
2025-12-23,09988.HK,145.4108941076,146.699470538,145.11353031597,145.90650042699,47601549,6933579615.245309
2025-12-23,09989.HK,5.0243972911964,5.0243972911964,4.9762708803612,4.9955214446953,294000,1472928.0541760798
2025-12-24,09989.HK,4.9858961625282,5.0051467268623,4.9666455981941,4.9955214446953,187000,933262.5462753973
2025-12-24,09988.HK,145.70825789923,146.79859180188,143.82495388557,144.71704526046,28967695,4206475801.106218
2025-12-24,09992.HK,196.91060702875,199.26881789137,195.82976038339,196.71408945687,2828256,556635704.7918168
2025-12-29,09988.HK,145.80737916311,147.19507685739,142.04077113578,142.04077113578,62656820,9017824870.305248
2025-12-29,09992.HK,196.51757188498,204.37827476038,195.33846645367,196.41931309904,8784310,1725839704.0669885
2025-12-29,09989.HK,5.0147720090293,5.0147720090293,4.8992686230248,4.8992686230248,1159500,5747665.056433365
2025-12-30,09992.HK,194.9454313099,194.9454313099,184.23522364217,187.47776357827,16233916,3104113011.1330905
2025-12-30,09988.HK,142.04077113578,144.41968146883,141.9416498719,143.23022630231,60201594,8586884383.871469
2025-12-30,09989.HK,4.937769751693,4.937769751693,4.8896433408578,4.9185191873589,593399,2924356.000072229
2025-12-31,09992.HK,187.0847284345,187.0847284345,181.87701277955,184.43174121406,10630140,1974636042.334972
2025-12-31,09988.HK,142.43725619129,142.53637745517,141.14867976089,141.5451648164,35628222,5058894369.879722
2025-12-31,09989.HK,4.9088939051919,5.0532731376975,4.8415169300226,5.0147720090293,2326500,11543704.374717811
2026-01-02,09989.HK,5.0243972911964,5.0243972911964,4.8992686230248,4.9666455981941,307000,1533625.0835214416
2026-01-02,09992.HK,186.20039936102,191.99766773163,185.80736421725,189.73771565495,4572569,859501485.3202294
2026-01-02,09988.HK,141.9416498719,148.38453202391,141.64428608027,147.69068317677,48902470,7081868238.971297
2026-01-05,09992.HK,189.73771565495,198.28623003195,189.04990415335,192.78373801917,11365327,2173740702.7608624
2026-01-05,09988.HK,149.77222971819,152.44850384287,148.68189581554,151.4572912041,102834720,15488426719.888918
2026-01-05,09989.HK,4.94739503386,5.0340225733634,4.94739503386,5.0147720090293,1765673,8794964.68455974
2026-01-06,09988.HK,149.57398719044,151.85377625961,149.17750213493,149.47486592656,112004139,16747354656.153526
2026-01-06,09989.HK,5.0147720090293,5.0725237020316,5.0051467268623,5.0532731376975,872354,4391449.7279638555
2026-01-06,09992.HK,195.33846645367,203.78872204473,195.04369009585,196.02627795527,12626474,2470778384.898063
2026-01-07,09992.HK,196.71408945687,200.44792332268,193.76632587859,197.10712460064,9870050,1943517536.9041634
2026-01-07,09989.HK,5.0532731376975,5.1206501128668,5.0532731376975,5.1013995485327,1361527,6912930.519232472
2026-01-07,09988.HK,145.80737916311,146.50122801025,142.23901366354,144.61792399658,149677478,21735063462.163914
2026-01-08,09992.HK,196.51757188498,198.28623003195,192.19418530351,195.92801916933,7426756,1457298824.0180717
2026-01-08,09988.HK,142.33813492741,143.62671135781,139.76098206661,141.34692228864,107421412,15236924704.724442
2026-01-08,09989.HK,5.1206501128668,5.1495259593679,5.0821489841986,5.1399006772009,828000,4247868.027088028
2026-01-09,09988.HK,146.699470538,148.18628949616,144.61792399658,145.21265157985,115234256,16819138104.815794
2026-01-09,09989.HK,5.1110248306998,5.2265282167043,5.1110248306998,5.2072776523702,711500,3670736.108352152
2026-01-09,09992.HK,195.92801916933,197.10712460064,190.52378594249,193.56980830671,7567110,1473686452.6361086
2026-01-12,09988.HK,145.60913663535,153.24147395389,144.71704526046,152.94411016225,164580300,24567991461.961525
2026-01-12,09992.HK,196.51757188498,199.26881789137,190.42552715655,193.56980830671,12873597,2510913863.6868
2026-01-12,09989.HK,5.2072776523702,5.2265282167043,5.1302753950339,5.1976523702032,681000,3542878.6726862425
2026-01-13,09989.HK,5.2457787810384,5.2939051918736,5.168776523702,5.168776523702,875000,4556367.945823925
2026-01-13,09988.HK,160.57644748079,162.55887275833,156.01686934244,158.49490093937,153153842,24433501441.33407
2026-01-13,09992.HK,193.56980830671,193.56980830671,186.20039936102,187.96905750799,16968705,3237110230.0221143
2026-01-14,09989.HK,5.168776523702,5.2169029345372,5.0436478555305,5.0917742663657,1073500,5507350.636568838
2026-01-14,09988.HK,162.36063023057,168.30790606319,160.67556874466,167.51493595218,244622843,40347549417.92948
2026-01-14,09992.HK,185.70910543131,190.62204472843,183.54741214058,188.65686900958,12673010,2372171868.874572
2026-01-15,09992.HK,190.62204472843,192.58722044728,184.82477635783,185.90562300319,9475158,1783829571.5643005
2026-01-15,09989.HK,5.1399006772009,5.1784018058691,5.0821489841986,5.1110248306998,472500,2421781.1512415404
2026-01-15,09988.HK,167.4158146883,168.60526985482,161.66678138343,163.15360034159,133061563,21993041521.936428
2026-01-16,09988.HK,166.42460204953,167.21757216055,163.5500853971,164.73954056362,79370877,13142394215.079395
2026-01-16,09992.HK,185.90562300319,186.69169329073,173.32849840256,175.49019169329,33074322,5976460772.3618555
2026-01-16,09989.HK,5.1110248306998,5.1110248306998,5.0436478555305,5.0725237020316,371000,1889048.2528216748
2026-01-19,09992.HK,173.32849840256,178.14317891374,171.26506389776,177.65188498403,15996345,2807201650.442081
2026-01-19,09989.HK,5.0147720090293,5.0340225733634,4.9858961625282,5.0243972911964,919000,4612998.293453709
2026-01-19,09988.HK,160.57644748079,161.07205380017,158.69314346712,158.99050725875,72500898,11584445594.871002
2026-01-20,09988.HK,158.39577967549,160.77469000854,157.20632450897,158.29665841161,55456218,8781282442.75486
2026-01-20,09992.HK,186.88821086262,196.12453674121,186.88821086262,193.76632587859,29986602,5707268046.37652
2026-01-20,09989.HK,5.0725237020316,5.0725237020316,4.9955214446953,5.0340225733634,249000,1258265.0112866776
2026-01-21,09992.HK,191.21159744409,194.65065495208,186.29865814696,191.0150798722,12653014,2418159749.6282496
2026-01-21,09989.HK,5.0051467268623,5.0532731376975,4.9858961625282,5.0340225733634,486500,2442027.9322799016
2026-01-21,09988.HK,156.90896071734,163.45096413322,156.90896071734,161.76590264731,67441221,10745910943.660084
2026-01-22,09992.HK,194.15936102236,203.98523961661,190.72030351438,202.41309904153,21998753,4362049797.77394
2026-01-22,09989.HK,5.0340225733634,5.0532731376975,4.9955214446953,5.0051467268623,365500,1834658.1896162466
2026-01-22,09988.HK,164.54129803587,165.03690435525,161.3694175918,163.35184286934,59810988,9805806357.98191
2026-01-23,09988.HK,169.69560375747,170.48857386849,166.82108710504,167.01932963279,93252549,15699762912.503479
2026-01-23,09989.HK,5.0436478555305,5.0725237020316,5.0051467268623,5.0628984198646,395000,1996042.8893905324
2026-01-23,09992.HK,211.05987220447,221.08226837061,209.88076677316,215.77629392971,33169806,7079036412.22726
2026-01-26,09988.HK,168.01054227156,168.7043911187,163.05447907771,163.74832792485,67819829,11249914922.976862
2026-01-26,09989.HK,5.1302753950339,5.1302753950339,5.0147720090293,5.0243972911964,603000,3061633.814898435
2026-01-26,09992.HK,225.01261980831,225.79869009585,213.41808306709,213.81111821086,19084555,4187377881.766221
2026-01-27,09988.HK,165.33426814688,168.40702732707,163.45096413322,168.40702732707,73661350,12291917187.680023
2026-01-27,09989.HK,5.0147720090293,5.0628984198646,4.9955214446953,5.0628984198646,275500,1388199.1015801346
2026-01-27,09992.HK,213.81111821086,214.99022364217,209.09469648562,212.43549520767,11364023,2421938159.280142
2026-01-28,09988.HK,169.00175491033,172.27275661827,167.11845089667,171.97539282664,102209414,17425537228.793564
2026-01-28,09989.HK,5.0340225733634,5.0821489841986,5.0147720090293,5.0436478555305,422000,2126388.460496613
2026-01-28,09992.HK,212.43549520767,231.89073482428,211.25638977636,227.37083067093,22905576,5037008611.346519
2026-01-29,09988.HK,169.5964824936,172.66924167378,168.80351238258,171.77715029889,67539478,11528098480.88423
2026-01-29,09989.HK,5.0147720090293,5.4575349887133,4.9858961625282,5.4479097065463,6434500,33661062.749435596
2026-01-29,09992.HK,226.58476038339,229.92555910543,224.61958466454,227.17431309904,12933327,2934307238.282648
2026-01-30,09992.HK,227.17431309904,229.13948881789,218.5275399361,219.70664536741,11374562,2541537584.34803
2026-01-30,09989.HK,5.3420316027088,5.4479097065463,5.2361534988713,5.3131557562077,1564500,8335020.311512432
2026-01-30,09988.HK,168.50614859095,169.19999743809,165.53251067464,167.71317847993,75134065,12630762387.199879
2026-02-02,09992.HK,219.9031629393,230.12207667732,219.31361022364,222.4578913738,13139114,2906116160.890006
2026-02-02,09989.HK,5.3035304740406,5.3420316027088,5.2169029345372,5.2554040632054,1605000,8473544.966139914
2026-02-02,09988.HK,163.25272160547,166.42460204953,159.58523484202,161.86502391119,100747598,16377415963.98938
2026-02-03,09992.HK,221.47530351438,230.90814696486,219.31361022364,227.56734824281,13637250,3061853451.3378696
2026-02-03,09989.HK,5.2554040632054,5.4190338600451,5.2554040632054,5.3612821670429,1282000,6805295.87358916
2026-02-03,09988.HK,163.9465704526,164.54129803587,153.83620153715,159.58523484202,111086312,17969977532.440704
2026-02-04,09992.HK,228.15690095847,234.64198083067,221.08226837061,233.06984025559,14174227,3268766264.219171
2026-02-04,09989.HK,5.3420316027088,5.3709074492099,5.2650293453725,5.3516568848758,791000,4229353.796839709
2026-02-04,09988.HK,157.99929461998,160.87381127242,155.71950555081,158.09841588386,71689072,11330375763.672472
2026-02-05,09992.HK,235.82108626198,246.82607028754,234.2489456869,238.1792971246,21758823,5156845222.020368
2026-02-05,09989.HK,5.3516568848758,5.4094085778781,5.2650293453725,5.3516568848758,944500,5054639.927765193
2026-02-05,09988.HK,154.13356532878,158.99050725875,152.64674637062,158.19753714774,89720504,14011251964.534512
2026-02-06,09989.HK,5.390158013544,5.3997832957111,5.2842799097065,5.3324063205418,435000,2332157.7426636615
2026-02-06,09988.HK,152.15114005124,155.42214175918,151.85377625961,153.63795900939,78125091,11944900595.459866
2026-02-06,09992.HK,238.1792971246,243.87830670927,235.03501597444,238.96536741214,13705279,3269700375.418714
2026-02-09,09988.HK,158.09841588386,158.792264731,156.2151118702,156.51247566183,58582947,9215416592.521954
2026-02-09,09992.HK,243.4852715655,259.59971246006,241.12706070288,252.72159744409,20915159,5189122781.113874
2026-02-09,09989.HK,5.3324063205418,5.4094085778781,5.3324063205418,5.390158013544,328000,1758500.550790071
2026-02-10,09988.HK,158.29665841161,161.17117506405,157.30544577284,159.08962852263,58402811,9268125664.906094
2026-02-10,09992.HK,258.81364217252,265.29872204473,252.72159744409,265.10220447284,22536513,5903618144.414581
2026-02-10,09989.HK,5.4190338600451,5.4190338600451,5.2650293453725,5.3324063205418,1140500,6131008.76297968
2026-02-11,09988.HK,159.88259863365,161.27029632792,158.19753714774,158.69314346712,51639528,8225550477.166744
2026-02-11,09992.HK,268.44300319489,269.42559105431,250.16686900958,250.55990415335,17052083,4425040326.671749
2026-02-11,09989.HK,5.3612821670429,5.3997832957111,5.2939051918736,5.2939051918736,813000,4331333.661399557
2026-02-12,09988.HK,156.51247566183,158.09841588386,154.72829291204,157.20632450897,56768511,8904674579.201431
2026-02-12,09989.HK,5.2939051918736,5.3131557562077,5.1976523702032,5.2554040632054,557000,2937982.6275395015
2026-02-12,09992.HK,254.49025559105,256.84846645367,244.66437699681,247.80865814696,11582570,2908956164.647231
2026-02-13,09988.HK,152.64674637062,155.02565670367,152.54762510675,154.0344440649,69945660,10725509137.299067
2026-02-13,09992.HK,247.02258785942,250.36338658147,237.98277955272,243.09223642173,13138628,3219718176.757699
2026-02-13,09989.HK,5.1976523702032,5.2457787810384,5.1784018058691,5.2072776523702,733500,3816008.0857787943
2026-02-16,09989.HK,4.94739503386,5.2650293453725,4.94739503386,5.1110248306998,114000,573329.9322799087
2026-02-16,09992.HK,243.09223642173,250.55990415335,241.91313099042,246.82607028754,2684734,657650167.6224027
2026-02-16,09988.HK,151.25904867635,153.53883774552,149.17750213493,153.34059521776,29215118,4449457269.562202
2026-02-20,09992.HK,246.04,246.82607028754,236.60715654952,240.14447284345,6523085,1585711321.019008
2026-02-20,09988.HK,148.68189581554,150.36695730145,145.80737916311,145.80737916311,70273864,10347449629.654125
2026-02-20,09989.HK,5.3227810383747,5.3324063205418,5.0243972911964,5.0821489841986,203000,1056100.39729119
2026-02-23,09989.HK,5.1013995485327,5.1110248306998,5.0628984198646,5.0821489841986,173500,883422.8352144404
2026-02-23,09988.HK,148.78101707942,151.95289752348,148.18628949616,150.86256362084,44852186,6719834807.637036
2026-02-23,09992.HK,242.69920127796,247.61214057508,242.1096485623,244.07482428115,5182275,1261298431.6521683
2026-02-24,09989.HK,5.1013995485327,5.1110248306998,4.9858961625282,5.0532731376975,818500,4155799.796839709
2026-02-24,09992.HK,242.50268370607,242.50268370607,228.54993610224,229.72904153355,14485953,3420363288.4650245
2026-02-24,09988.HK,148.58277455167,149.07838087105,145.70825789923,146.699470538,82838070,12230305644.247622
2026-02-25,09988.HK,148.48365328779,148.8801383433,146.79859180188,146.99683432963,47742854,7053540890.083644
2026-02-25,09989.HK,5.0821489841986,5.1206501128668,5.0243972911964,5.0532731376975,489000,2478110.7088035964
2026-02-25,09992.HK,229.92555910543,232.48028753994,225.99520766773,228.74645367412,10279324,2357419114.5465674
2026-02-26,09989.HK,5.0340225733634,5.0532731376975,4.937769751693,5.0051467268623,984500,4941781.0880361
2026-02-26,09988.HK,146.99683432963,147.49244064902,141.74340734415,141.74340734415,98872855,14274286023.838305
2026-02-26,09992.HK,228.74645367412,230.71162939297,220.68923322684,221.27878594249,10394463,2338885351.1304936
2026-02-27,09989.HK,5.0051467268623,5.0821489841986,4.9666455981941,5.0628984198646,458500,2308099.3498871415
2026-02-27,09988.HK,141.74340734415,144.22143894108,140.95043723313,141.64428608027,88719769,12571045349.028683
2026-02-27,09992.HK,222.85092651757,227.96038338658,222.06485623003,225.79869009585,8908117,1998311638.3987446
2026-03-02,09989.HK,5.0243972911964,5.1110248306998,4.9666455981941,5.0725237020316,2189500,11053604.257336354
2026-03-02,09988.HK,138.37328437233,139.26537574722,134.40843381725,135.20140392827,134838521,18444203176.744453
2026-03-02,09992.HK,218.13450479233,226.78127795527,216.75888178914,221.08226837061,9202088,2020855698.860706
2026-03-03,09989.HK,5.0917742663657,5.1399006772009,4.9570203160271,4.9570203160271,1632000,8199816.379232525
2026-03-03,09992.HK,223.04744408946,223.04744408946,206.34345047923,208.89817891374,13355928,2884517320.3729415
2026-03-03,09988.HK,137.77855678907,137.97679931682,133.41722117848,133.61546370623,88507248,12010168938.847298
2026-03-04,09989.HK,4.94739503386,5.0147720090293,4.9185191873589,4.9762708803612,1801000,8936261.15575619
2026-03-04,09992.HK,207.32603833866,209.09469648562,200.44792332268,203.39568690096,10038430,2061500644.1485794
2026-03-04,09988.HK,130.04709820666,131.83128095645,126.57785397096,128.75852177626,163124992,21108832344.634434
2026-03-05,09988.HK,129.35324935952,130.24534073442,124.00070111016,125.19015627669,141677427,18031527385.177765
2026-03-05,09989.HK,5.0243972911964,5.0436478555305,4.928144469526,4.937769751693,421000,2097036.1625282187
2026-03-05,09992.HK,211.05987220447,214.00763578275,200.64444089457,202.60961661342,10981363,2271327409.3668456
2026-03-06,09989.HK,4.94739503386,5.1013995485327,4.937769751693,5.0725237020316,534500,2677823.2821670305
2026-03-06,09988.HK,125.78488385995,130.84006831768,125.38839880444,129.55149188728,100859931,12876604619.827847
2026-03-06,09992.HK,202.60961661342,205.75389776358,198.48274760383,203.78872204473,8742905,1776551033.5230165
2026-03-09,09988.HK,124.09982237404,128.26291545687,124.00070111016,127.56906660974,102893047,12947489411.32293
2026-03-09,09992.HK,196.51757188498,203.39568690096,190.91682108626,202.60961661342,17437356,3479861437.562853
2026-03-09,09989.HK,4.9955214446953,5.0532731376975,4.928144469526,5.0436478555305,549500,2758261.765237039
2026-03-10,09992.HK,208.1121086262,210.6668370607,199.07230031949,202.41309904153,11554549,2371716813.865981
2026-03-10,09989.HK,5.0340225733634,5.0917742663657,5.0051467268623,5.0147720090293,203500,1022464.8487584571
2026-03-10,09988.HK,129.84885567891,133.02073612297,128.85764304014,132.32688727583,98445281,12904982343.281576
2026-03-11,09992.HK,203.59220447284,211.05987220447,199.85837060703,201.23399361022,8969552,1815554817.3341537
2026-03-11,09989.HK,5.0051467268623,5.0243972911964,4.9858961625282,4.9858961625282,250000,1248880.3611738123
2026-03-11,09988.HK,134.30931255337,134.90404013664,131.23655337319,132.0295234842,61695884,8216004966.434469
2026-03-12,09992.HK,202.02006389776,204.57479233227,198.48274760383,201.62702875399,7808698,1575979122.5477674
2026-03-12,09988.HK,129.4523706234,132.32688727583,128.46115798463,130.44358326217,57889342,7522602879.448994
2026-03-12,09989.HK,5.0340225733634,5.0436478555305,4.9570203160271,5.0051467268623,665000,3338023.792325045
2026-03-13,09992.HK,198.8757827476,202.21658146965,197.69667731629,201.23399361022,5887631,1177849361.3436842
2026-03-13,09989.HK,4.9955214446953,5.0340225733634,4.9570203160271,4.9666455981941,463000,2306241.6704288963
2026-03-13,09988.HK,130.14621947054,133.41722117848,129.25412809564,131.33567463706,51862084,6780497978.343728
2026-03-16,09992.HK,201.23399361022,211.25638977636,200.2514057508,205.16434504792,12829074,2606857180.0611696
2026-03-16,09988.HK,131.73215969257,133.91282749787,129.65061315115,132.82249359522,50025123,6617189535.472025
2026-03-16,09989.HK,4.9570203160271,4.9762708803612,4.928144469526,4.9570203160271,560500,2778409.8871331895
2026-03-17,09992.HK,205.36086261981,215.9728115016,205.16434504792,211.64942492013,12572264,2621381712.834018
2026-03-17,09989.HK,4.9762708803612,5.0147720090293,4.937769751693,4.9666455981941,541500,2692044.6365688476
2026-03-17,09988.HK,134.01194876174,137.28295046968,133.41722117848,133.41722117848,76247583,10195413915.819014
2026-03-18,09992.HK,215.9728115016,220.88575079872,212.82853035144,217.93798722045,14029755,3043831098.9623375
2026-03-18,09989.HK,4.9955214446953,4.9955214446953,4.928144469526,4.9666455981941,210000,1046027.5395033872
2026-03-18,09988.HK,133.21897865073,138.96801195559,131.93040222032,136.48998035867,108384226,14616098383.749773
2026-03-19,09989.HK,4.937769751693,4.937769751693,4.8415169300226,4.8415169300226,869500,4251544.884875857
2026-03-19,09988.HK,131.53391716482,133.02073612297,130.04709820666,130.84006831768,112049539,14699442059.453407
2026-03-19,09992.HK,213.41808306709,216.56236421725,208.89817891374,209.09469648562,8056075,1701897320.2675493
2026-03-20,09992.HK,210.27380191693,214.20415335463,203.98523961661,205.95041533546,10551114,2195814582.895367
2026-03-20,09988.HK,122.41476088813,125.68576259607,121.32442698548,122.61300341588,206068855,25246295416.66861
2026-03-20,09989.HK,4.8318916478555,4.8896433408578,4.8030158013544,4.8222663656885,1102000,5319441.065462743
2026-03-23,09988.HK,119.73848676345,120.53145687447,116.66572758326,118.6481528608,136352855,16252349453.311308
2026-03-23,09989.HK,4.7837652370203,4.7837652370203,4.5912595936795,4.6586365688488,1710000,8073253.54401808
2026-03-23,09992.HK,200.44792332268,201.62702875399,194.74891373802,198.67926517572,16796367,3351943368.8486524
2026-03-24,09988.HK,120.92794192997,122.91036720751,118.74727412468,122.1173970965,86973171,10569211915.951075
2026-03-24,09992.HK,203.39568690096,215.57977635783,200.64444089457,213.41808306709,20441104,4260066810.274493
2026-03-24,09989.HK,4.716388261851,4.716388261851,4.6297607223476,4.6778871331828,462000,2170077.616252808
2026-03-25,09988.HK,124.09982237404,130.24534073442,122.31563962425,127.76730913749,148277825,18673155224.759315
2026-03-25,09992.HK,219.51012779553,220.09968051118,162.71654952077,165.36953674121,135867359,26146291776.70641
2026-03-25,09989.HK,4.6778871331828,4.8030158013544,4.6778871331828,4.7645146726862,550500,2599021.0970654422
2026-03-26,09992.HK,163.01132587859,163.01132587859,145.71777955272,148.07599041534,100161582,15579498870.067202
2026-03-26,09988.HK,126.8752177626,126.8752177626,121.52266951324,121.91915456874,87500096,10884765731.625998
2026-03-26,09989.HK,4.7645146726862,4.7837652370203,4.6297607223476,4.6297607223476,387000,1817792.2889390402
2026-03-27,09988.HK,121.91915456874,123.00948847139,120.33321434671,121.52266951324,53442572,6505078605.656275
2026-03-27,09992.HK,150.43420127796,154.16803514377,146.70036741214,146.99514376997,40087708,5961630367.456333
2026-03-27,09989.HK,4.7548893905192,4.7837652370203,4.6105101580135,4.7260135440181,513000,2431851.6027088175
2026-03-30,09992.HK,142.86827476038,150.92549520767,137.66055910543,146.11081469649,51219481,7400679490.916726
2026-03-30,09989.HK,4.7452641083521,4.7741399548533,4.6586365688488,4.7741399548533,310500,1477887.4808126383
2026-03-30,09988.HK,117.16133390265,120.33321434671,116.86397011102,119.44112297182,80519074,9525505366.828629
2026-03-31,09992.HK,147.38817891374,148.76380191693,138.83966453674,141.09961661342,36194137,5220783397.069009
2026-03-31,09989.HK,4.6778871331828,4.8030158013544,4.6297607223476,4.6778871331828,237000,1108659.2505643235
2026-03-31,09988.HK,119.73848676345,121.02706319385,116.76484884714,117.95430401366,72026359,8560073140.112008
2026-04-01,09992.HK,146.70036741214,147.58469648562,141.68916932907,142.77001597444,38021875,5503103366.663311
2026-04-01,09988.HK,122.21651836038,122.91036720751,120.43233561059,121.62179077711,67832865,8270125552.775813
2026-04-01,09989.HK,4.7548893905192,4.8607674943567,4.716388261851,4.8318916478555,619500,2969505.426636563
2026-04-02,09988.HK,119.9367292912,119.9367292912,116.46748505551,117.45869769428,95121535,11290708708.419641
2026-04-02,09989.HK,4.8511422121896,4.8992686230248,4.8222663656885,4.8896433408578,857500,4176361.805869073
2026-04-02,09992.HK,142.47523961661,143.85086261981,138.25011182109,139.33095846645,21000633,2959054271.533823
2026-04-08,09988.HK,120.8288206661,126.77609649872,120.23409308284,125.38839880444,181819816,22383584770.0826
2026-04-08,09989.HK,4.8896433408578,4.928144469526,4.8318916478555,4.8992686230248,834500,4084423.5169300153
2026-04-08,09992.HK,145.42300319489,152.30111821086,144.34215654952,149.94290734824,40674690,6006958423.954772
2026-04-09,09988.HK,122.01827583262,122.91036720751,120.92794192997,121.82003330487,82451818,10052455943.216032
2026-04-09,09992.HK,148.07599041534,154.36455271565,147.58469648562,150.04116613419,24466890,3646999838.2050653
2026-04-09,09989.HK,4.9185191873589,4.9185191873589,4.8030158013544,4.8896433408578,313500,1537429.4762979678
2026-04-10,09988.HK,124.00070111016,126.37961144321,123.90157984629,124.39718616567,78382509,9735024817.489365
2026-04-10,09992.HK,151.12201277955,152.20285942492,147.68295527157,148.27250798722,20492724,3067704640.592843
2026-04-10,09989.HK,4.9088939051919,4.9088939051919,4.8318916478555,4.8703927765237,295500,1444889.60722348
2026-04-13,09989.HK,4.8511422121896,4.8511422121896,4.7741399548533,4.8222663656885,257500,1245451.3544018052
2026-04-13,09988.HK,123.4059735269,123.4059735269,121.42354824936,122.1173970965,51100996,6273244390.066441
2026-04-13,09992.HK,148.17424920128,152.79241214058,146.50384984026,148.86206070288,22941459,3407223162.5887904
2026-04-14,09988.HK,124.39718616567,125.68576259607,122.1173970965,123.4059735269,52390198,6491228300.659681
2026-04-14,09992.HK,151.90808306709,161.73396166134,151.80982428115,158.58968051118,38270673,5941479188.56764
2026-04-14,09989.HK,4.8607674943567,4.8511422121896,4.7837652370203,4.8222663656885,486000,2352977.2279909835
2026-04-15,09992.HK,163.10958466454,165.76257188498,158.58968051118,160.45659744409,32266998,5220254675.483399
2026-04-15,09988.HK,128.36203672075,129.84885567891,127.2717028181,127.46994534586,95222677,12180503097.2993
2026-04-15,09989.HK,4.8607674943567,4.8607674943567,4.7837652370203,4.8222663656885,247500,1198275.4401805934
2026-04-16,09989.HK,4.8222663656885,4.8222663656885,4.7548893905192,4.8126410835214,211000,1016482.7358916444
2026-04-16,09992.HK,162.81480830671,166.45038338658,161.53744408946,161.93047923323,23294778,3782434689.8945346
2026-04-16,09988.HK,130.54270452605,134.90404013664,130.04709820666,134.606676345,127392595,16889033845.903208
2026-04-17,09992.HK,160.9478913738,160.9478913738,155.64191693291,156.3297284345,19899015,3156756057.864829
2026-04-17,09988.HK,133.81370623399,135.99437403928,133.41722117848,135.20140392827,83379143,11215124669.689915
2026-04-17,09989.HK,4.7645146726862,4.7837652370203,4.7260135440181,4.7452641083521,408500,1942372.3160270727
2026-04-20,09989.HK,4.7452641083521,4.7837652370203,4.7260135440181,4.7837652370203,324500,1546085.011286672
2026-04-20,09992.HK,156.23146964856,159.17923322684,153.48022364217,158.09838658147,21782912,3423509798.615698
2026-04-20,09988.HK,134.50755508113,137.18382920581,133.51634244236,135.79613151153,71204282,9623389962.891691
2026-04-21,09988.HK,136.98558667805,136.98558667805,133.71458497011,135.10228266439,44920044,6111099531.364328
2026-04-21,09989.HK,4.7452641083521,4.7933905191874,4.7260135440181,4.7645146726862,227500,1081737.3363431066
2026-04-21,09992.HK,158.09838658147,163.50261980831,156.72276357827,161.53744408946,14275553,2281489120.7209435
2026-04-22,09992.HK,159.57226837061,161.14440894569,156.62450479233,157.41057507987,13553035,2148039785.841938
2026-04-22,09988.HK,132.12864474808,132.22776601196,129.4523706234,130.34446199829,69494718,9120247267.961441
2026-04-22,09989.HK,4.7548893905192,4.7837652370203,4.7356388261851,4.7837652370203,237000,1130330.5733634308
2026-04-23,09988.HK,131.43479590094,131.53391716482,128.36203672075,129.25412809564,54768842,7138815244.759349
2026-04-23,09992.HK,157.0175399361,157.31231629393,151.71156549521,152.89067092652,17900590,2773769910.142653
2026-04-23,09989.HK,4.7933905191874,4.7933905191874,4.716388261851,4.716388261851,313000,1488280.3792325095
2026-04-24,09988.HK,126.97433902647,131.63303842869,125.58664133219,130.64182578992,63648525,8198444453.360059
2026-04-24,09992.HK,152.49763578275,154.56107028754,151.71156549521,153.775,9367244,1434465254.9500751
2026-04-24,09989.HK,4.716388261851,4.7356388261851,4.6971376975169,4.716388261851,254000,1197962.6185101538
2026-04-27,09989.HK,4.6586365688488,4.7356388261851,4.6490112866817,4.6586365688488,461000,2147631.4582392965
2026-04-27,09992.HK,153.67674121406,154.65932907348,151.12201277955,153.38196485623,11746101,1803371287.2154696
2026-04-27,09988.HK,130.64182578992,132.72337233134,128.95676430401,129.05588556789,51858735,6733797396.70558
2026-04-28,09992.HK,152.30111821086,153.97151757188,148.96031948882,150.5324600639,12697058,1922547753.851084
2026-04-28,09988.HK,127.66818787361,129.4523706234,124.89279248506,125.38839880444,72924924,9227066175.598104
2026-04-28,09989.HK,4.6490112866817,4.6682618510158,4.6297607223476,4.6393860045147,150000,696629.79683973
2026-04-29,09992.HK,151.31853035144,157.41057507987,151.02375399361,154.06977635783,15949271,2435360431.968632
2026-04-29,09989.HK,4.6682618510158,4.6682618510158,4.6201354401806,4.6297607223476,279500,1299398.6546275353
2026-04-29,09988.HK,127.66818787361,129.4523706234,127.07346029035,129.4523706234,59643280,7667756732.096773
2026-04-30,09988.HK,127.07346029035,127.37082408198,124.89279248506,124.89279248506,88190461,11110509994.352968
2026-04-30,09992.HK,153.18544728435,156.72276357827,151.61330670927,154.4628115016,13723473,2111001286.4729989
2026-04-30,09989.HK,4.6393860045147,4.706762979684,4.6393860045147,4.6586365688488,483500,2247796.957110626
2026-05-04,09989.HK,4.6105101580135,4.6682618510158,4.6105101580135,4.6297607223476,89500,413502.12189615914
2026-05-04,09988.HK,127.66818787361,133.02073612297,127.56906660974,130.54270452605,67792478,8752378121.18216
2026-05-04,09992.HK,156.3297284345,157.21405750799,151.80982428115,152.98892971246,12338409,1908250057.7741873
2026-05-05,09992.HK,153.0871884984,157.11579872204,149.8446485623,156.42798722045,9707209,1502264249.6873012
2026-05-05,09989.HK,4.6393860045147,4.6393860045147,4.5912595936795,4.6008848758465,154000,711500.8577878124
2026-05-05,09988.HK,130.04709820666,131.53391716482,128.75852177626,130.04709820666,25517465,3318472276.840009
2026-05-06,09989.HK,4.6586365688488,4.7356388261851,4.6297607223476,4.7356388261851,320500,1505432.6320541825
2026-05-06,09988.HK,131.23655337319,136.09349530316,129.74973441503,133.02073612297,115976497,15323817371.239763
2026-05-06,09992.HK,156.52624600639,157.50883386581,152.79241214058,153.57848242812,19962025,3095159170.8139496
2026-05-07,09989.HK,4.7645146726862,4.8607674943567,4.716388261851,4.716388261851,661500,3135808.6455981787
2026-05-07,09992.HK,155.24888178914,163.10958466454,152.39937699681,159.37575079872,27828134,4377708217.677867
2026-05-07,09988.HK,138.27416310845,139.66186080273,137.28295046968,139.66186080273,116084635,16132050944.5403
2026-05-08,09988.HK,137.67943552519,138.57152690009,136.98558667805,137.77855678907,59348966,8174073510.143638
2026-05-08,09989.HK,4.7933905191874,4.7933905191874,4.6971376975169,4.7548893905192,290500,1386887.6568848838
2026-05-08,09992.HK,160.16182108626,172.34591054313,159.47400958466,165.17301916933,42141425,6855036885.258964
2026-05-11,09988.HK,135.59788898377,136.39085909479,132.12864474808,132.72337233134,98275069,13184645234.954731
2026-05-11,09992.HK,166.74515974441,168.31730031949,161.14440894569,164.48520766773,20652469,3420362447.418916
2026-05-11,09989.HK,4.7548893905192,4.7933905191874,4.7260135440181,4.7837652370203,320000,1526184.7404063202
2026-05-12,09992.HK,163.79739616613,164.1904313099,158.29490415335,160.06356230032,20397282,3302941649.315234
2026-05-12,09989.HK,4.7548893905192,4.7837652370203,4.6875124153499,4.7260135440181,476500,2258825.1241535116
2026-05-12,09988.HK,132.32688727583,134.80491887276,131.93040222032,132.12864474808,57483637,7600932902.752159
2026-05-13,09992.HK,166.2538658147,168.02252396166,154.06977635783,158.09838658147,32550591,5278928753.83825
2026-05-13,09989.HK,4.716388261851,4.716388261851,4.6682618510158,4.6778871331828,274500,1289364.297968389
2026-05-13,09988.HK,130.84006831768,133.02073612297,129.15500683177,131.63303842869,89332520,11723692028.941118
2026-05-14,09989.HK,4.6875124153499,4.6875124153499,4.6201354401806,4.6490112866817,321500,1500846.1851015799
2026-05-14,09988.HK,141.84252860803,142.73461998292,136.19261656704,136.68822288642,171292701,23855142367.522064
2026-05-14,09992.HK,158.09838658147,158.09838658147,151.31853035144,153.775,29270669,4564371334.267625
2026-05-15,09992.HK,155.2,156.2,150.8,152.4,15287277,2351183202.6000004
2026-05-15,09989.HK,4.6201354401806,4.6778871331828,4.5720090293454,4.5720090293454,607500,2792113.8826185223
2026-05-15,09988.HK,136.7873441503,136.7873441503,129.94797694278,131.13743210931,90144879,12076023268.512308
2026-05-18,09989.HK,4.5720090293454,4.6008848758465,4.3698781038375,4.3795033860045,594500,2660837.065462758
2026-05-18,09992.HK,152.5,153.9,148.4,150.7,15301079,2319643576.4
2026-05-18,09988.HK,129.25412809564,133.71458497011,127.46994534586,130.54270452605,94625028,12291641280.569365
2026-05-19,09989.HK,4.3987539503386,4.4565056433409,4.3698781038375,4.4276297968397,469000,2069786.9887133113
2026-05-19,09992.HK,150.9,154.7,149.8,152.5,12108501,1836859601.6999998
2026-05-19,09988.HK,129.35324935952,134.11107002562,129.35324935952,132.12864474808,75905647,9923976175.511433
2026-05-20,09992.HK,152.6,153.9,150.2,151.9,9489435,1444766478.75
2026-05-20,09988.HK,131.73215969257,134.30931255337,129.84885567891,130.7409470538,64904996,8517907971.74036
2026-05-20,09989.HK,4.3987539503386,4.4083792325056,4.3602528216704,4.3891286681716,390500,1715834.0812641163
2026-05-21,09992.HK,151.9,153.2,149.1,149.9,11176365,1686513478.5
2026-05-21,09988.HK,131.43479590094,131.43479590094,124.39718616567,124.89279248506,124833824,15999176527.461184
2026-05-21,09989.HK,4.4661309255079,4.4661309255079,4.2832505643341,4.3025011286682,793000,3476762.609480824
2026-05-22,09989.HK,4.2832505643341,4.3410022573363,4.254374717833,4.273625282167,315500,1349847.1647855486
2026-05-22,09992.HK,149.8,152.6,147.6,150.5,8959901,1345329135.15
2026-05-22,09988.HK,127.07346029035,127.46994534586,124.89279248506,125.88400512383,67105437,8487410629.515467
2026-05-26,09992.HK,150.0,155.0,144.0,153.6,20174092,3062427165.6000004
2026-05-26,09989.HK,4.254374717833,4.2832505643341,4.1966230248307,4.264,417000,1776081.1286681804
2026-05-26,09988.HK,126.08224765158,128.163794193,123.20773099915,126.47873270709,81943801,10347903357.437881
2026-05-27,09989.HK,4.47,4.47,4.16,4.16,432500,1866237.4999999998
2026-05-27,09992.HK,153.6,156.6,151.3,154.2,18711160,2879647523.9999995
2026-05-27,09988.HK,126.57785397096,126.77609649872,122.51388215201,123.20773099915,73913384,9231248929.780184
2026-05-28,09989.HK,4.15,4.18,4.01,4.07,778500,3199635.0000000005
2026-05-28,09992.HK,160.0,164.6,157.6,161.5,38707348,6222206191.0
2026-05-28,09988.HK,122.61300341588,122.81124594364,118.94551665243,120.72969940222,113734767,13838262803.083424
2026-05-29,09989.HK,4.07,4.15,4.03,4.13,683000,2800299.9999999995
2026-05-29,09992.HK,161.7,181.0,161.7,173.4,60530111,10141820098.050001
2026-05-29,09988.HK,122.1173970965,123.20773099915,119.5402442357,119.83760802733,106781469,12918155439.512547
2026-06-01,09989.HK,4.1,4.19,4.09,4.18,646000,2674440.0
2026-06-01,09992.HK,175.6,186.5,174.5,179.6,39441077,7004735275.2
2026-06-01,09988.HK,120.23409308284,123.10860973527,120.13497181896,121.72091204099,64910941,7852763531.123814
2026-06-02,09992.HK,179.6,181.0,175.6,179.2,20389924,3657952365.5999994
2026-06-02,09989.HK,4.18,4.2,4.13,4.18,337000,1408660.0
2026-06-02,09988.HK,123.00948847139,130.04709820666,122.31563962425,129.74973441503,126607691,16000630794.301994
2026-06-03,09988.HK,128.85764304014,129.15500683177,125.38839880444,125.48752006832,90810223,11548570490.425312
2026-06-03,09989.HK,4.18,4.18,4.1,4.11,527000,2184415.0
2026-06-03,09992.HK,178.1,179.9,171.6,179.3,21006431,3753849219.7
2026-06-04,09992.HK,181.0,185.6,177.0,177.5,16685930,2990952952.5
2026-06-04,09989.HK,4.06,4.16,4.06,4.1,282000,1150560.0
2026-06-04,09988.HK,124.09982237404,124.49630742955,121.72091204099,122.41476088813,60737375,7486324343.281571
2026-06-05,09988.HK,122.41476088813,124.00070111016,120.53145687447,121.32442698548,75982909,9260006265.967207
2026-06-05,09989.HK,4.1,4.15,4.06,4.09,167500,685912.5
2026-06-05,09992.HK,178.0,180.0,173.4,176.4,15512853,2748877551.6
2026-06-08,09988.HK,117.26045516652,119.14375918019,116.76484884714,117.75606148591,84021112,9873174533.751842
2026-06-08,09992.HK,173.0,175.4,168.8,170.5,19205125,3298480218.75
2026-06-08,09989.HK,4.05,4.05,3.92,3.93,377000,1504230.0
2026-06-09,09989.HK,3.92,3.97,3.91,3.95,201500,792902.5
2026-06-09,09988.HK,116.56660631939,118.15254654142,116.071,116.071,66707175,7759298758.164327
2026-06-09,09992.HK,172.0,174.9,168.0,168.5,14530423,2473804515.75
2026-06-10,09989.HK,4.07,4.07,3.9,3.97,190500,765810.0000000001
2026-06-10,09988.HK,116.1,116.6,111.1,113.5,115892674,13304478975.199999
2026-06-10,09992.HK,169.8,177.4,168.2,173.1,15722628,2695644570.6
2026-06-11,09989.HK,3.97,4.01,3.91,3.95,209000,827640.0
2026-06-11,09992.HK,172.9,180.9,172.5,178.3,20802599,3652936384.4000006
2026-06-11,09988.HK,112.3,112.9,106.1,107.4,160350719,17614526482.149998
2026-06-12,09992.HK,181.8,187.1,177.8,183.0,20417954,3724234809.6
2026-06-12,09988.HK,109.0,111.2,108.8,110.2,74743889,8191930234.4
2026-06-12,09989.HK,3.95,4.05,3.95,4.04,270000,1078650.0
2026-06-15,09988.HK,113.1,113.2,108.0,109.3,83179704,9249583084.8
2026-06-15,09989.HK,4.04,4.07,3.96,3.99,439500,1764592.5000000002
2026-06-15,09992.HK,184.2,186.3,174.2,177.0,20968123,3786843013.7999997
2026-06-16,09988.HK,110.0,110.2,106.3,107.0,69138026,7501475821.0
2026-06-16,09992.HK,177.6,179.0,169.1,174.8,19310176,3402453011.2
2026-06-16,09989.HK,4.05,4.05,3.95,3.97,283500,1136835.0
2026-06-17,09989.HK,4.01,4.01,3.86,3.86,200500,788967.4999999999
2026-06-17,09988.HK,108.3,108.4,105.8,106.9,71467113,7689861358.799999
2026-06-17,09992.HK,175.1,175.5,169.9,171.3,11812744,2045967260.8
2026-06-18,09988.HK,105.4,106.0,102.4,104.9,160333163,16859032089.45
2026-06-18,09989.HK,3.85,3.91,3.8,3.84,358500,1378432.5
2026-06-18,09992.HK,165.5,169.5,163.1,164.3,23003683,3793307326.7000003
2026-06-22,09988.HK,102.8,103.8,100.8,102.9,99214294,10204190137.9
2026-06-22,09992.HK,163.5,165.0,158.1,160.0,22399530,3623123977.5
2026-06-22,09989.HK,3.8,3.87,3.74,3.85,288000,1101600.0
2026-06-23,09992.HK,159.5,163.7,156.4,156.7,15310725,2420625622.5
2026-06-23,09989.HK,3.87,4.45,3.87,4.0,3752000,14764120.0
2026-06-23,09988.HK,103.4,103.4,98.7,98.95,98049349,9920142885.075
2026-06-24,09989.HK,3.95,4.12,3.9,3.93,769000,3029860.0000000005
2026-06-24,09988.HK,99.15,101.5,97.65,99.4,103216499,10246817938.225
2026-06-24,09992.HK,158.1,160.2,156.3,158.1,9414527,1488436718.7
2026-06-25,09988.HK,97.3,98.25,94.0,95.0,141402714,13595870951.1
2026-06-25,09989.HK,3.93,3.93,3.82,3.9,693500,2715052.5
2026-06-25,09992.HK,158.0,158.0,152.0,156.0,17053820,2677449740.0
2026-06-26,09989.HK,3.93,3.93,3.82,3.83,404500,1569460.0
2026-06-26,09988.HK,92.0,92.5,88.65,89.5,176208269,15990900411.75
2026-06-26,09992.HK,154.0,161.7,150.4,158.5,19699634,3078067812.5
2026-06-29,09989.HK,4.0,4.04,3.8,3.98,631000,2517690.0
2026-06-29,09992.HK,158.5,160.4,153.0,158.5,14026757,2223240984.5
2026-06-29,09988.HK,91.7,95.45,91.15,93.0,123324036,11388974724.599998
2026-06-30,09988.HK,93.0,93.95,91.3,92.85,89897596,8353734108.3
2026-06-30,09989.HK,4.0,4.05,3.86,4.03,950000,3814250.0000000005
2026-06-30,09992.HK,155.8,157.9,151.1,154.7,15237645,2365644386.25
2026-07-02,09988.HK,95.3,97.4,93.55,94.5,106165597,10075115155.300001
2026-07-02,09989.HK,4.03,4.18,4.02,4.14,759000,3100515.0
2026-07-02,09992.HK,155.4,157.4,151.1,153.4,15662540,2418296176.0
2026-07-03,09988.HK,94.15,96.0,93.5,94.1,67295654,6334203432.75
2026-07-03,09989.HK,4.17,4.24,4.11,4.14,417500,1734712.4999999998
2026-07-03,09992.HK,153.4,157.9,152.5,153.3,9866611,1513044796.8500001
2026-07-06,09989.HK,4.17,4.22,4.11,4.11,384500,1591830.0000000002
2026-07-06,09992.HK,153.3,153.9,148.3,152.7,15251047,2333410191.0
2026-07-06,09988.HK,94.25,97.4,92.5,95.95,81423639,7743388068.9
2026-07-07,09989.HK,4.11,4.22,4.07,4.11,680000,2794800.0
2026-07-07,09988.HK,96.15,100.5,95.3,95.8,100211364,9617785659.9
2026-07-07,09992.HK,151.1,153.7,149.5,151.1,8587037,1297501290.7
2026-07-08,09992.HK,151.1,156.6,147.1,154.9,17778166,2720059398.0
2026-07-08,09989.HK,4.18,4.25,4.09,4.2,850500,3563594.9999999995
2026-07-08,09988.HK,96.95,109.0,96.55,107.5,282125685,28840298149.125
2026-07-09,09988.HK,110.1,112.9,107.5,108.0,190535828,20777932043.399998
2026-07-09,09992.HK,154.3,155.8,149.6,151.0,12088570,1845320210.5
2026-07-09,09989.HK,4.12,4.27,4.12,4.22,342000,1426140.0
2026-07-10,09992.HK,150.0,151.3,147.2,150.7,10719376,1611658181.6
2026-07-10,09989.HK,4.14,4.33,4.12,4.21,623500,2603112.5
2026-07-10,09988.HK,110.0,113.0,109.0,110.2,103843838,11433206563.8
2026-07-13,09988.HK,110.8,115.1,110.3,110.7,100489536,11129216112.0
2026-07-13,09992.HK,153.2,157.5,152.3,153.5,12460614,1910835156.8999999
2026-07-13,09989.HK,4.19,4.31,4.17,4.27,419500,1774485.0000000002
2026-07-14,09992.HK,155.3,156.4,151.1,155.0,9558369,1482980950.3500001
2026-07-14,09989.HK,4.3,4.3,4.19,4.24,1158000,4944659.999999999
2026-07-14,09988.HK,110.3,112.6,107.0,110.8,100890456,11153439910.8
2026-07-15,09989.HK,4.29,4.35,4.28,4.32,463500,1995367.4999999998
2026-07-15,09988.HK,111.6,114.8,109.1,113.4,112769038,12686516775.0
2026-07-15,09992.HK,155.4,158.8,153.6,157.3,9110385,1424408694.7500002
2026-07-16,09988.HK,116.2,119.8,116.0,116.9,153608858,17903112399.9
2026-07-16,09992.HK,158.2,170.9,158.0,168.1,27066067,4415828831.049999
2026-07-16,09989.HK,4.34,4.41,4.29,4.41,566000,2476250.0
2026-07-17,09992.HK,169.0,170.8,161.6,163.6,12052493,2004329585.9
2026-07-17,09988.HK,116.3,118.0,110.7,112.6,125635830,14379020743.499998
2026-07-17,09989.HK,4.4,4.4,4.18,4.21,387000,1666035.0
2026-07-20,09989.HK,4.4,4.4,4.26,4.31,410500,1787727.5000000002
2026-07-20,09992.HK,163.6,168.7,161.4,164.0,10741067,1759386774.6000001
2026-07-20,09988.HK,116.0,118.9,115.3,116.8,125351835,14590953594.0
2026-07-21,09992.HK,165.0,166.0,158.8,163.2,10641850,1746327585.0
2026-07-21,09988.HK,119.9,121.0,115.5,117.0,98262426,11639184359.7
2026-07-21,09989.HK,4.35,4.35,4.28,4.3,196500,849862.4999999999
2026-07-22,09989.HK,4.24,4.44,4.24,4.44,922500,4003650.0
2026-07-22,09992.HK,163.0,163.0,158.5,159.3,8993962,1449376976.3
2026-07-22,09988.HK,115.9,116.3,112.7,113.6,120611396,13840157691.0
2026-07-23,09989.HK,4.43,4.44,4.38,4.42,235000,1039875.0
2026-07-23,09988.HK,114.1,115.1,110.5,114.9,52344763,5993475363.5
2026-07-23,09992.HK,158.6,164.4,158.3,162.0,7254760,1162938028.0
2026-07-24,09988.HK,111.5,112.2,108.2,110.0,107488512,11904352704.0
2026-07-24,09989.HK,4.38,4.4,4.31,4.4,630500,2767895.0000000005
2026-07-24,09992.HK,162.0,162.4,158.7,160.9,5891934,951252744.3
2026-07-27,09988.HK,111.4,111.6,108.8,111.0,58415973,6495856197.6
2026-07-27,09989.HK,4.25,4.39,4.25,4.33,351500,1507935.0
2026-07-27,09992.HK,161.5,167.0,159.7,165.2,9565960,1562599566.0
2026-07-28,09992.HK,164.6,165.6,159.2,162.8,11178789,1829967759.3
2026-07-28,09988.HK,113.0,114.2,111.0,112.0,75913853,8540308462.5
2026-07-28,09989.HK,4.34,4.35,4.27,4.28,185500,799505.0000000001
2026-07-29,09988.HK,113.9,115.5,111.7,113.6,93154775,10596355656.25
2026-07-29,09989.HK,4.34,4.35,4.28,4.31,191500,828237.4999999999
2026-07-29,09992.HK,163.0,169.2,160.9,166.4,15878996,2615270641.2
2026-07-30,09988.HK,114.0,114.8,110.3,111.8,74326961,8391513896.900001
2026-07-30,09989.HK,4.32,4.33,4.27,4.3,252000,1086120.0000000002
2026-07-30,09992.HK,168.0,172.4,162.1,163.2,16124933,2670288904.7999997
2026-07-31,09988.HK,114.1,119.3,113.3,117.0,144668807,16716480648.85
2026-07-31,09992.HK,161.0,163.9,158.1,162.6,10573360,1710769648.0000002
2026-07-31,09989.HK,4.28,4.3,4.24,4.3,151500,649935.0
2026-08-03,09988.HK,121.0,126.0,120.1,125.2,192268809,23668290387.899998
2026-08-03,09992.HK,162.6,163.6,159.8,159.9,13490332,2175316035.0
2026-08-03,09989.HK,4.3,4.3,4.24,4.26,103000,440839.99999999994
2026-08-04,09992.HK,160.0,162.5,157.3,160.2,8381789,1341924418.8999999
2026-08-04,09988.HK,126.8,129.2,124.7,125.8,125358922,15832831848.6
2026-08-04,09989.HK,4.275,4.275,4.25,4.265,104000,444079.99999999994
2026-08-05,09992.HK,161.0,162.3,159.3,161.4,6638049,1070053498.8
2026-08-05,09988.HK,128.4,129.0,125.6,128.1,93382622,11976321271.5
2026-08-05,09989.HK,4.25,4.27,4.24,4.24,93000,394785.0
2026-08-06,09989.HK,4.235,4.24,4.215,4.22,161500,682741.25
2026-08-06,09988.HK,126.5,126.5,123.7,124.4,67212277,8431780149.650001
2026-08-06,09992.HK,156.0,157.8,151.0,157.3,19505149,3055481590.85
2026-08-07,09989.HK,4.175,4.27,4.175,4.25,170500,718231.2500000001
2026-08-07,09992.HK,157.8,159.8,155.9,157.8,8351920,1317932976.0
2026-08-07,09988.HK,125.3,125.8,121.6,123.8,58259425,7256211383.75
2026-08-10,09988.HK,125.4,127.5,124.2,126.7,53629555,6760005407.750001
2026-08-10,09989.HK,4.32,4.67,4.245,4.595,3289000,14660717.499999998
2026-08-10,09992.HK,157.8,158.6,153.3,154.4,13414139,2093947097.9000003
2026-08-11,09992.HK,154.3,155.5,152.5,152.7,8205640,1259565740.0
2026-08-11,09988.HK,129.4,130.3,125.9,126.4,74286963,9501302567.7
2026-08-11,09989.HK,4.51,4.625,4.51,4.52,1193500,5388652.5
2026-08-12,09988.HK,124.4,124.9,121.3,122.6,65057854,8034644969.0
2026-08-12,09989.HK,4.505,4.525,4.46,4.48,310500,1394921.25
2026-08-12,09992.HK,153.0,153.7,150.7,151.0,12043127,1830555304.0
2026-08-13,09989.HK,4.565,4.63,4.51,4.54,545500,2483388.75
2026-08-13,09992.HK,153.9,156.6,152.1,154.2,13775057,2122047530.8500001
2026-08-13,09988.HK,121.2,124.1,121.1,121.9,58154432,7068671209.6
2026-08-14,09989.HK,4.515,4.58,4.425,4.47,235000,1055737.5
2026-08-14,09988.HK,120.3,120.8,118.5,119.9,56905091,6834301429.099999
2026-08-14,09992.HK,153.2,156.1,152.9,154.1,5403919,830312154.3499999
2026-08-17,09992.HK,154.1,156.9,153.2,153.5,7731506,1189105622.8000002
2026-08-17,09989.HK,4.405,4.5,4.4,4.44,277000,1225032.5
2026-08-17,09988.HK,122.0,123.4,120.8,122.2,48563292,5929577953.2
2026-08-18,09989.HK,4.435,4.475,4.32,4.345,353000,1549670.0
2026-08-18,09992.HK,152.6,153.2,149.2,150.1,15655340,2369435709.0
2026-08-18,09988.HK,122.0,128.3,121.0,126.7,120433806,14975943776.099998
2026-08-19,09989.HK,4.445,4.445,4.235,4.27,264000,1150380.0
2026-08-19,09988.HK,124.6,126.5,123.2,124.2,70727616,8798515430.4
2026-08-19,09992.HK,150.8,152.2,150.2,150.5,7205744,1085545333.6000001
2026-08-20,09988.HK,126.6,129.0,124.3,126.2,92028319,11632379521.6
2026-08-20,09992.HK,152.0,156.0,150.8,153.7,10846769,1657928641.6499999
2026-08-20,09989.HK,4.395,4.675,4.395,4.53,2744500,12247331.250000002
2026-08-21,09992.HK,141.1,149.6,140.1,149.0,44114816,6398854060.8
2026-08-21,09989.HK,4.58,4.58,4.285,4.32,1321500,5880675.0
2026-08-21,09988.HK,129.2,129.8,121.5,123.0,146890540,18522897094.0
2026-08-24,09989.HK,4.43,4.35,4.135,4.185,542000,2334664.9999999995
2026-08-24,09992.HK,149.0,155.6,148.1,155.0,19765924,3004420448.0
2026-08-24,09988.HK,113.1,113.5,110.1,112.5,362953456,40941149836.799995
2026-08-25,09992.HK,155.8,159.9,154.2,155.2,11808812,1836270266.0
2026-08-25,09989.HK,4.23,4.335,4.155,4.32,562500,2404687.5
2026-08-25,09988.HK,114.8,115.0,112.2,114.2,124296637,14231964936.5
2026-08-26,09992.HK,155.2,157.1,153.8,154.3,5004657,774470670.75
2026-08-26,09988.HK,115.7,117.8,115.6,116.6,133860910,15547944696.5
2026-08-26,09989.HK,4.22,4.395,4.335,4.37,501000,2151795.0
2026-08-27,09989.HK,4.39,4.4,4.33,4.37,739000,3236820.0
2026-08-27,09992.HK,155.3,156.0,153.1,154.0,6812939,1053621016.35
2026-08-27,09988.HK,117.4,117.4,115.1,115.5,83206714,9689421845.300001
2026-08-28,09989.HK,4.375,4.41,4.32,4.39,951500,4169948.7500000005
2026-08-28,09992.HK,154.0,159.4,153.1,158.7,10584923,1654952711.05
2026-08-28,09988.HK,113.1,114.8,112.5,113.9,73086522,8295320247.0
2026-08-31,09992.HK,156.6,158.5,155.7,156.1,7439378,1163146750.3
2026-08-31,09988.HK,115.0,115.0,112.2,114.2,82619229,9468163643.4
2026-08-31,09989.HK,4.24,4.37,4.225,4.32,304000,1301120.0
2026-09-01,09988.HK,112.2,112.7,109.5,110.4,99751649,11102358533.7
2026-09-01,09992.HK,156.1,157.1,155.0,155.2,3707025,576998441.2499999
2026-09-01,09989.HK,4.335,4.335,4.235,4.255,205000,880475.0
2026-09-02,09988.HK,110.2,110.4,107.3,109.9,76466094,8415093644.700001
2026-09-02,09992.HK,154.4,155.0,152.1,154.2,7398520,1141591636.0
2026-09-02,09989.HK,4.235,4.305,4.21,4.235,124500,527257.5
2026-09-03,09988.HK,110.5,110.7,106.5,107.5,69972408,7626992472.0
2026-09-03,09992.HK,154.2,155.5,152.4,153.4,3111043,478478413.40000004
2026-09-03,09989.HK,4.305,4.35,4.215,4.255,189000,808919.9999999999
2026-09-04,09989.HK,4.255,4.285,4.17,4.23,332000,1408510.0
2026-09-04,09992.HK,154.9,157.2,154.0,154.0,4968517,767387450.65
2026-09-04,09988.HK,109.5,111.9,109.5,110.1,103698738,11386121432.4
2026-09-07,09989.HK,4.21,4.24,4.195,4.23,272500,1149950.0000000002
2026-09-07,09992.HK,154.0,157.8,153.6,156.2,5964957,925164830.6999999
2026-09-07,09988.HK,110.3,111.0,109.1,109.6,40367117,4438364514.15
2026-09-08,09989.HK,4.19,4.245,4.19,4.205,167500,703081.25
2026-09-08,09988.HK,109.0,111.7,108.6,109.5,44150465,4823438301.25
2026-09-08,09992.HK,155.3,157.4,155.2,155.7,3055867,475187318.5
