trade_date,wind_code,open,high,low,close,volume,amt
2015-12-01,02328.HK,6.8408577949499,6.8644741049439,6.7070320383168,6.8251135882872,16000471,109330989.40215755
2015-12-01,02333.HK,6.4399669084865,6.5127722897746,6.3473055141198,6.4002548823293,16558095,106304806.11669907
2015-12-01,02331.HK,3.4492907275012,3.5507404547807,3.4323824396213,3.500015591141,3377617,11736047.580026656
2015-12-02,02331.HK,3.5084697350809,3.6352818941802,3.500015591141,3.5761028866005,7265366,25736006.52504745
2015-12-02,02333.HK,6.4796789346436,6.5127722897746,6.320830830015,6.4862976056698,26575872,172291066.44518587
2015-12-02,02328.HK,6.7227762449795,6.8802183116067,6.6991599349854,6.8093693816244,13690909,92633687.17429098
2015-12-03,02333.HK,6.4068735533555,6.459822921565,6.3274495010412,6.3870175402769,13555660,86714818.87115449
2015-12-03,02328.HK,6.8093693816244,6.9195788282635,6.7936251749617,6.8487298982812,13182651,90024978.06517342
2015-12-03,02331.HK,3.5507404547807,3.6099194623604,3.5169238790209,3.5845570305405,3385420,12077989.406378048
2015-12-04,02333.HK,6.3075934879626,6.3803988692507,6.254644119753,6.287737474884,15363778,96755934.3748507
2015-12-04,02331.HK,3.5422863108407,3.5507404547807,3.491561447201,3.5169238790209,4908708,17325800.76632758
2015-12-04,02328.HK,6.7857530716304,6.8093693816244,6.6834157283227,6.6991599349854,16560735,111660035.40030876
2015-12-07,02328.HK,6.8487298982812,6.8487298982812,6.7306483483109,6.7385204516422,11248473,76417909.35267697
2015-12-07,02333.HK,6.4201108954079,6.4333482374603,6.2943561459102,6.3737801982245,14307657,91525302.73152363
2015-12-07,02331.HK,3.5084697350809,3.5253780229608,3.4577448714412,3.4746531593211,1828000,6382574.325483427
2015-12-08,02328.HK,6.2976826650862,6.3527873884057,6.226833735104,6.3449152850743,432610080,2734657655.313385
2015-12-08,02333.HK,6.2414067777007,6.2943561459102,6.1619827253863,6.2347881066745,22598753,140973223.28592935
2015-12-08,02331.HK,3.4239282956814,3.4577448714412,3.3309327123419,3.3985658638615,5526171,18851134.686067674
2015-12-09,02333.HK,6.1553640543601,6.5988150131151,6.1421267123078,6.5855776710627,46545640,296517643.40625423
2015-12-09,02328.HK,6.2661942517608,6.3449152850743,6.2661942517608,6.2976826650862,23088849,145042728.49383298
2015-12-09,02331.HK,3.3732034320416,3.4154741517414,3.3647492881017,3.3901117199216,1454500,4918620.944265237
2015-12-10,02331.HK,3.3816575759816,3.5338321669008,3.3816575759816,3.5338321669008,6068333,20982747.30894739
2015-12-10,02328.HK,6.2661942517608,6.3527873884057,6.2661942517608,6.3055547684175,21242063,133524942.35340786
2015-12-10,02333.HK,6.5524843159318,6.6451457102985,6.2612627907792,6.287737474884,39198323,251657580.5740181
2015-12-11,02328.HK,6.3134268717489,6.3449152850743,6.0221590484887,6.0536474618141,21937089,135648805.16249362
2015-12-11,02333.HK,6.3142121589888,6.3473055141198,6.2083134225697,6.2811188038578,18122069,114126728.39327125
2015-12-11,02331.HK,3.483107303261,3.483107303261,3.314024424462,3.3224785684019,5959134,20277699.078873012
2015-12-14,02331.HK,3.2971161365821,3.3732034320416,3.2463912729423,3.3647492881017,6651721,22156435.072271574
2015-12-14,02333.HK,6.1553640543601,6.2149320935959,6.0627026599934,6.1752200674387,18920780,116652134.72002415
2015-12-14,02328.HK,5.7859959485479,6.1087521851336,5.7859959485479,6.0930079784709,26895132,159743689.3228445
2015-12-15,02333.HK,6.1884574094911,6.4532042505389,6.1421267123078,6.2943561459102,33600069,209711698.38780951
2015-12-15,02328.HK,6.1244963917963,6.2583221484294,6.0772637718082,6.2110895284413,19190488,118362956.78764431
2015-12-15,02331.HK,3.3224785684019,3.3562951441617,3.2717537047622,3.314024424462,3005460,9972872.142466368
2015-12-16,02331.HK,3.3224785684019,3.3985658638615,3.2548454168823,3.2971161365821,4041000,13374891.101420172
2015-12-16,02333.HK,6.4002548823293,6.4333482374603,6.2612627907792,6.287737474884,21101438,133867442.03510515
2015-12-16,02328.HK,6.3291710784116,6.3685315950684,6.2583221484294,6.2976826650862,40154901,253515031.0058168
2015-12-17,02333.HK,6.3671615271983,6.5061536187484,6.2811188038578,6.3009748169364,28350431,179573562.66149154
2015-12-17,02331.HK,3.2886619926421,3.3562951441617,3.2548454168823,3.2886619926421,3508000,11536626.270188486
2015-12-17,02328.HK,6.4236363183879,6.4708689383761,6.3527873884057,6.4315084217193,19677612,126479275.19983515
2015-12-18,02333.HK,6.3870175402769,6.3870175402769,6.1553640543601,6.1818387384649,21602769,135761049.39192936
2015-12-18,02331.HK,3.1956664093026,3.2971161365821,3.1956664093026,3.2886619926421,3578226,11601196.240188487
2015-12-18,02328.HK,6.4236363183879,6.4315084217193,6.3291710784116,6.3764036983998,16748935,107193519.11928806
2015-12-21,02331.HK,3.3478410002218,3.4323824396213,3.3309327123419,3.3985658638615,5156146,17392729.383307826
2015-12-21,02328.HK,6.3764036983998,6.4866131450388,6.3527873884057,6.4393805250506,13605799,87184492.08581862
2015-12-21,02333.HK,6.0693213310196,6.2414067777007,6.0693213310196,6.1752200674387,20583701,126018989.51399374
2015-12-22,02328.HK,6.4866131450388,6.4866131450388,6.3921479050625,6.447252628382,7103027,45934798.90149191
2015-12-22,02331.HK,3.3732034320416,3.4577448714412,3.3393868562818,3.4492907275012,5478366,18688060.019418925
2015-12-22,02333.HK,6.1553640543601,6.1752200674387,6.0296093048625,6.0693213310196,20902669,127764276.11986466
2015-12-23,02331.HK,3.4239282956814,3.500015591141,3.3816575759816,3.4408365835613,4236620,14541700.091348603
2015-12-23,02328.HK,6.4787410417074,6.5968225916778,6.4551247317133,6.5338457650269,14330815,93240487.099375
2015-12-23,02333.HK,6.0957960151244,6.1686013964125,6.0560839889672,6.1024146861506,8852345,53991384.75518912
2015-12-24,02331.HK,3.4070200078015,3.4661990153811,3.3816575759816,3.4661990153811,1027000,3529397.9684042647
2015-12-24,02333.HK,6.1553640543601,6.1950760805173,6.115652028203,6.1818387384649,6279697,38736947.68324739
2015-12-24,02328.HK,6.5968225916778,6.5968225916778,6.4944852483701,6.5810783850151,4217885,27791435.430539165
2015-12-28,02333.HK,6.1553640543601,6.1884574094911,6.0362279758887,6.049465317941,10159960,62000289.11470214
2015-12-28,02331.HK,3.4577448714412,3.4746531593211,3.3816575759816,3.4492907275012,2286784,7897449.247545949
2015-12-28,02328.HK,6.5889504883464,6.5889504883464,6.3685315950684,6.3842758017311,5606990,36370375.038100824
2015-12-29,02328.HK,6.2976826650862,6.3764036983998,6.2032174251099,6.2740663550921,15539933,97682068.73319322
2015-12-29,02333.HK,6.0296093048625,6.1553640543601,6.0296093048625,6.115652028203,10532000,63956946.17992292
2015-12-29,02331.HK,3.4154741517414,3.5253780229608,3.4154741517414,3.5169238790209,5085603,17627712.111219425
2015-12-30,02331.HK,3.5169238790209,3.5676487426606,3.500015591141,3.5338321669008,2393639,8438482.325501986
2015-12-30,02333.HK,6.1487453833339,6.1818387384649,5.9832786076791,5.9898972787053,14816553,89926421.17508245
2015-12-30,02328.HK,6.2661942517608,6.2740663550921,6.0615195651455,6.140240598459,28357289,175906429.25367728
2015-12-31,02333.HK,5.9898972787053,6.0627026599934,5.9568039235743,5.9766599366529,8355400,49992686.07860196
2015-12-31,02328.HK,6.0772637718082,6.1244963917963,6.0457753584827,6.0693916684768,11243000,68282423.55756211
2015-12-31,02331.HK,3.5930111744804,3.5930111744804,3.5253780229608,3.5507404547807,875834,3128370.282231133
2016-01-04,02333.HK,5.9898972787053,6.0362279758887,5.5265903068717,5.672201069448,23982190,139841329.1920493
2016-01-04,02331.HK,3.5169238790209,3.5761028866005,3.4323824396213,3.491561447201,5649200,19796167.652446378
2016-01-04,02328.HK,6.006414841826,6.0221590484887,5.8253564652047,5.8725890851929,16443397,97665588.7682654
2016-01-05,02331.HK,3.491561447201,3.5338321669008,3.4746531593211,3.5169238790209,4974166,17430684.71059594
2016-01-05,02333.HK,5.6788197404742,5.8244305030505,5.3743608732693,5.4934969517408,38544194,215313971.00708663
2016-01-05,02328.HK,5.9513101185064,5.9591822218378,5.7859959485479,5.8489727751988,16546971,97629469.41696802
2016-01-06,02331.HK,3.5507404547807,3.7874564850994,3.5507404547807,3.7620940532795,31231602,114195768.42380099
2016-01-06,02328.HK,5.8568448785302,5.919821705181,5.8017401552107,5.8411006718674,24210497,141606537.82703224
2016-01-06,02333.HK,5.5398276489241,5.5464463199503,5.3942168863479,5.4471662545574,39050731,214525071.71174803
2016-01-07,02333.HK,5.3611235312169,5.4140728994264,5.0301899799072,5.1493260583787,48460637,254671541.13409567
2016-01-07,02331.HK,3.7282774775197,3.7282774775197,3.5507404547807,3.6352818941802,99454710,366170330.94009787
2016-01-07,02328.HK,5.7466354318911,5.7859959485479,5.6049375719267,5.699402811903,26228451,150105926.6107398
2016-01-08,02328.HK,5.7466354318911,5.8174843618734,5.6836586052403,5.7466354318911,19015019,109272381.92348248
2016-01-08,02331.HK,3.6437360381202,3.7367316214597,3.5507404547807,3.5676487426606,10664291,38452152.90760883
2016-01-08,02333.HK,5.2088940976144,5.261843465824,5.0368086509334,5.1096140322215,26717579,137842778.06051645
2016-01-11,02328.HK,5.5183444352818,5.5813212619326,5.3215418519978,5.3609023686546,32677399,177752744.31585225
2016-01-11,02331.HK,3.6268277502403,3.6268277502403,3.4070200078015,3.483107303261,17466184,62091716.936251774
2016-01-11,02333.HK,4.9838592827239,4.9838592827239,4.8117738360428,4.8581045332262,29629076,145804146.94601777
2016-01-12,02328.HK,5.3845186786487,5.4317512986368,5.3215418519978,5.3766465753173,18244977,98168606.2759044
2016-01-12,02331.HK,3.5422863108407,3.5930111744804,3.3901117199216,3.4577448714412,8223915,28783830.720217925
2016-01-12,02333.HK,4.9309099145143,4.9706219406715,4.6794004155189,4.7191124416761,44879975,216546381.0476331
2016-01-13,02333.HK,4.8448671911738,4.9441472565667,4.6992564285975,4.7588244678333,29130938,139882273.1448265
2016-01-13,02331.HK,3.5169238790209,3.5930111744804,3.3309327123419,3.3393868562818,12934860,44342709.738818735
2016-01-13,02328.HK,5.4553676086309,5.4947281252877,5.2743092320097,5.3215418519978,29652523,159781277.82510507
2016-01-14,02333.HK,4.6595444024404,4.8051551650166,4.5999763632046,4.7389684547547,24507905,115168930.12270805
2016-01-14,02328.HK,5.1562276820393,5.2743092320097,5.1247392687139,5.2506929220156,24388945,126906907.11583087
2016-01-14,02331.HK,3.314024424462,3.3309327123419,3.0604001062633,3.2125746971825,21680583,70750236.98227035
2016-01-15,02328.HK,5.2113324053588,5.3530302653233,5.148355578708,5.2113324053588,14124856,73609319.79382668
2016-01-15,02331.HK,3.2125746971825,3.2125746971825,3.0857625380832,3.1364874017229,10282905,32643401.201072417
2016-01-15,02333.HK,4.7191124416761,4.7654431388595,4.441128258576,4.4676029426807,38633250,177456336.06135118
2016-01-18,02331.HK,3.1449415456629,3.1618498335428,3.0350376744435,3.1449415456629,8884874,27942409.370580114
2016-01-18,02333.HK,4.408034903445,4.6727817444928,4.374941548314,4.6198323762832,35132500,158585773.6025255
2016-01-18,02328.HK,5.1877160953647,5.2506929220156,5.0853787520571,5.171971888702,16961430,87857561.28179422
2016-01-19,02333.HK,4.6727817444928,4.6992564285975,4.5073149688379,4.646307060388,27757820,129338794.80494817
2016-01-19,02331.HK,3.2125746971825,3.2971161365821,3.1449415456629,3.2548454168823,12384312,40047274.26382703
2016-01-19,02328.HK,5.2034603020275,5.4317512986368,5.1640997853707,5.3845186786487,24668646,130595552.664871
2016-01-20,02333.HK,4.5999763632046,4.5999763632046,4.3683228772878,4.3815602193402,28783521,129260123.41797322
2016-01-20,02328.HK,5.2349487153529,5.2349487153529,4.9830414087494,5.0538903387317,21562991,110929071.96183737
2016-01-20,02331.HK,3.2379371290024,3.2632995608222,3.0604001062633,3.0857625380832,12985500,41058201.01347003
2016-01-21,02331.HK,3.1703039774827,3.1703039774827,2.9758586668638,3.0519459623234,9996800,31101294.099126812
2016-01-21,02328.HK,5.1247392687139,5.1798439920334,4.9358087887613,4.9594250987554,15386012,77577536.98392752
2016-01-21,02333.HK,4.4278909165236,4.4940776267855,4.235949456764,4.2756614829211,34301845,149273952.6775651
2016-01-22,02331.HK,3.0434918183834,3.1449415456629,2.9674045229239,3.0688542502033,8467000,25876617.081361793
2016-01-22,02328.HK,5.2034603020275,5.2428208186843,5.0302740287376,5.2034603020275,22027264,114617993.78627947
2016-01-22,02333.HK,4.408034903445,4.6198323762832,4.4014162324188,4.5668830080737,43094344,193384099.9253742
2016-01-25,02328.HK,5.3845186786487,5.3845186786487,5.2270766120215,5.282181335341,22761924,121397307.52461626
2016-01-25,02333.HK,4.613213705257,4.785299151938,4.613213705257,4.7588244678333,45484518,213141319.4903064
2016-01-25,02331.HK,2.9674045229239,3.128033257783,2.9674045229239,3.0181293865636,7840000,23463292.925191
2016-01-26,02328.HK,5.2270766120215,5.2270766120215,5.0145298220749,5.0696345453944,20898806,107594484.45843516
2016-01-26,02331.HK,2.9589503789839,3.0773083941433,2.9589503789839,3.0434918183834,11873000,35633498.10467097
2016-01-26,02333.HK,4.6860190865451,4.7654431388595,4.5404083239689,4.6065950342308,29346122,136351093.84360614
2016-01-27,02333.HK,4.7257311127023,4.7257311127023,4.5668830080737,4.6794004155189,28593839,134464408.3458905
2016-01-27,02331.HK,3.0857625380832,3.0857625380832,2.8067757880647,2.8913172274643,17079000,51041272.65789288
2016-01-27,02328.HK,5.2192045086902,5.2428208186843,5.0853787520571,5.148355578708,20386097,105677042.7975141
2016-01-28,02328.HK,5.1955881986961,5.2428208186843,5.0853787520571,5.171971888702,16531142,85693803.99915521
2016-01-28,02331.HK,2.7391426365451,2.9758586668638,2.7391426365451,2.9589503789839,7990294,22764719.21671164
2016-01-28,02333.HK,4.6661630734666,4.7058750996237,4.5271709819165,4.5337896529427,31277220,143874472.70675176
2016-01-29,02331.HK,2.9589503789839,3.0688542502033,2.9589503789839,3.0350376744435,7392500,22155278.34248103
2016-01-29,02328.HK,5.1640997853707,5.1798439920334,5.0145298220749,5.171971888702,24594218,127103800.00788447
2016-01-29,02333.HK,4.1035760362401,4.1035760362401,3.8520665372447,3.9116345764805,232159279,930402758.4411815
2016-02-01,02333.HK,3.7726424849304,3.8917785634019,3.6270317223541,3.6468877354327,115881428,429892878.51241535
2016-02-01,02331.HK,3.0434918183834,3.1364874017229,2.9758586668638,3.0519459623234,7011000,21367557.14026769
2016-02-01,02328.HK,5.2113324053588,5.2113324053588,5.0224019254062,5.0696345453944,16195585,83253137.06655714
2016-02-02,02333.HK,3.4681836177255,3.8719225503233,3.4483276046469,3.7726424849304,122235293,442542250.110096
2016-02-02,02331.HK,3.0942166820232,3.0942166820232,3.0350376744435,3.0604001062633,5569500,17139069.10118083
2016-02-02,02328.HK,5.0775066487257,5.1011229587198,4.9909135120808,5.0145298220749,12038161,60744779.926684715
2016-02-03,02331.HK,3.0519459623234,3.0857625380832,3.0181293865636,3.0434918183834,4955814,15103927.944877844
2016-02-03,02333.HK,3.6601250774851,3.6865997615899,3.5409889990136,3.6071757092756,57610654,209336975.56999922
2016-02-03,02328.HK,4.841343548785,4.9436808920927,4.8019830321282,4.8728319621104,24781368,120365279.07604346
2016-02-04,02331.HK,3.0434918183834,3.0434918183834,2.942042091104,2.9758586668638,4860500,14628526.516772008
2016-02-04,02333.HK,3.6535064064589,3.7461678008256,3.6071757092756,3.6336503933803,44025764,160411322.75035796
2016-02-04,02328.HK,4.9436808920927,4.951552995424,4.8334714454537,4.8964482721045,14784668,72741521.38488655
2016-02-05,02331.HK,3.0265835305035,3.0265835305035,2.933587947164,2.9504962350439,927386,2771530.0477259704
2016-02-05,02333.HK,3.6733624195375,3.7064557746685,3.5740823541446,3.5939383672232,30202466,109745202.46195665
2016-02-05,02328.HK,4.8728319621104,4.9436808920927,4.7704946188028,4.7862388254655,20202907,97570654.41390632
2016-02-11,02333.HK,3.3887595654112,3.4417089336207,3.3887595654112,3.4019969074636,36513767,123978049.80214614
2016-02-11,02331.HK,2.8744089395844,2.9589503789839,2.8236840759446,2.9504962350439,2756729,8028842.50857395
2016-02-11,02328.HK,4.424122072223,4.6839014821579,4.4083778655603,4.6760293788265,24989017,113701919.6564253
2016-02-12,02331.HK,2.933587947164,3.0012210986837,2.8067757880647,2.8828630835243,9293331,27027102.336738765
2016-02-12,02328.HK,4.620924655507,4.6366688621697,4.4398662788858,4.4556104855485,16861537,76522166.55635378
2016-02-12,02333.HK,3.3556662102802,3.3953782364374,3.2696234869397,3.2828608289921,30234975,100357849.53461102
2016-02-15,02333.HK,3.349047539254,3.6270317223541,3.349047539254,3.620413051328,56062970,195364330.00299048
2016-02-15,02328.HK,4.5658199321875,4.8255993421223,4.5264594155307,4.8098551354596,14632269,68593699.82320277
2016-02-15,02331.HK,2.8913172274643,3.0265835305035,2.8913172274643,2.9504962350439,4185270,12224783.315115849
2016-02-16,02331.HK,2.9758586668638,3.0773083941433,2.9251338032241,3.0688542502033,9563500,28904305.991185606
2016-02-16,02333.HK,3.6932184326161,3.7991171690352,3.6270317223541,3.6535064064589,52205210,191768656.51806328
2016-02-16,02328.HK,4.8177272387909,4.9594250987554,4.8177272387909,4.8570877554477,15854230,76693371.06305371
2016-02-17,02333.HK,3.6733624195375,3.8454478662185,3.6733624195375,3.7527864718518,48597839,180447394.10688284
2016-02-17,02328.HK,4.8807040654418,4.9987856154122,4.7783667221341,4.8019830321282,22733870,110062474.86341685
2016-02-17,02331.HK,3.0857625380832,3.1026708259631,2.933587947164,2.9758586668638,12912000,39133826.49913783
2016-02-18,02328.HK,4.9279366854299,4.9909135120808,4.8728319621104,4.9043203754359,15857509,77957552.41649649
2016-02-18,02333.HK,3.8454478662185,3.8917785634019,3.7660238139042,3.8123545110876,35874600,137360298.58245268
2016-02-18,02331.HK,3.0434918183834,3.0942166820232,3.0096752426236,3.0519459623234,4925264,15010820.13277755
2016-02-19,02331.HK,3.0012210986837,3.0773083941433,2.9843128108038,3.0265835305035,3312500,9983551.417091299
2016-02-19,02328.HK,4.8255993421223,4.9358087887613,4.7783667221341,4.9200645820986,12470667,60767464.74643604
2016-02-19,02333.HK,3.82559185314,3.82559185314,3.7196931167209,3.759405142878,26149367,99171435.07138611
2016-02-22,02328.HK,5.038146132069,5.0696345453944,4.9279366854299,4.9909135120808,20633645,103468028.19060665
2016-02-22,02331.HK,3.0434918183834,3.0857625380832,3.0096752426236,3.0434918183834,2823000,8591777.403296338
2016-02-22,02333.HK,3.8123545110876,3.9248719185329,3.8057358400614,3.8851598923757,36632993,140991495.6297351
2016-02-23,02331.HK,3.0604001062633,3.0857625380832,2.9927669547437,3.0181293865636,2424500,7368697.377679409
2016-02-23,02333.HK,3.9050159054543,3.9314905895591,3.7792611559566,3.8123545110876,23270625,89794016.47472018
2016-02-23,02328.HK,4.9751693054181,4.9751693054181,4.6681572754951,4.7075177921519,39527203,191364769.2455651
2016-02-24,02331.HK,3.0265835305035,3.0265835305035,2.9082255153442,2.933587947164,4450000,13261381.537810186
2016-02-24,02333.HK,3.7726424849304,3.7858798269828,3.6799810905637,3.7130744456947,17903590,67010603.390985124
2016-02-24,02328.HK,4.6760293788265,4.7153898954833,4.5343315188621,4.5736920355188,31192990,144263233.79022938
2016-02-25,02331.HK,2.9082255153442,2.9166796592841,2.7898675001848,2.8659547956444,5792000,16722026.180622984
2016-02-25,02333.HK,3.7461678008256,3.759405142878,3.5807010251708,3.6005570382494,22846253,83922567.19744587
2016-02-25,02328.HK,4.5894362421816,4.6996456888206,4.5264594155307,4.5500757255248,16120062,73664749.7845846
2016-02-26,02331.HK,2.8913172274643,2.8913172274643,2.8490465077645,2.8659547956444,2747800,7909916.032549043
2016-02-26,02333.HK,3.7329304587732,3.7527864718518,3.6667437485113,3.7395491297994,20019667,74798276.51376024
2016-02-26,02328.HK,4.6839014821579,4.7783667221341,4.6445409655011,4.731134102146,22550633,106157506.0717889
2016-02-29,02333.HK,3.7991171690352,3.7991171690352,3.6733624195375,3.6998371036423,17338589,65010643.031874545
2016-02-29,02328.HK,4.7232619988146,4.7626225154714,4.5422036221934,4.620924655507,18025207,84215449.34539214
2016-02-29,02331.HK,2.8828630835243,2.8828630835243,2.8152299320047,2.8744089395844,1964100,5653928.990293899
2016-03-01,02328.HK,4.7862388254655,4.8177272387909,4.6524130688324,4.7941109287969,25693398,123075869.60773303
2016-03-01,02333.HK,3.7395491297994,3.7991171690352,3.6865997615899,3.792498498009,14110500,53140479.02609521
2016-03-01,02331.HK,2.942042091104,2.942042091104,2.8236840759446,2.8744089395844,2018770,5871038.423611411
2016-03-02,02328.HK,4.9830414087494,5.061762442063,4.9358087887613,5.0145298220749,31741509,158668998.60067528
2016-03-02,02333.HK,3.8851598923757,3.9182532475067,3.8454478662185,3.9116345764805,38437961,149846440.85945517
2016-03-02,02331.HK,2.9504962350439,3.0604001062633,2.9082255153442,2.9843128108038,7125500,21144240.928093895
2016-03-03,02328.HK,5.1089950620512,5.1089950620512,4.9672972020867,5.038146132069,15988529,81118930.62464273
2016-03-03,02333.HK,3.8917785634019,3.9381092605853,3.8454478662185,3.9116345764805,21064967,82189320.13949457
2016-03-03,02331.HK,2.9843128108038,3.0350376744435,2.8997713714042,2.9674045229239,4366250,12993342.904194286
2016-03-04,02333.HK,3.9182532475067,4.2227121147116,3.9050159054543,4.2160934436854,81278602,330574163.6217098
2016-03-04,02331.HK,2.942042091104,3.0519459623234,2.9251338032241,3.0096752426236,7203261,21435886.676532004
2016-03-04,02328.HK,5.0932508553885,5.1404834753766,5.0066577187435,5.1247392687139,18161389,92786446.72099099
2016-03-07,02331.HK,3.0181293865636,3.1111249699031,2.9843128108038,3.0265835305035,7165500,21656695.20362215
2016-03-07,02328.HK,5.1168671653825,5.171971888702,5.038146132069,5.0853787520571,14345427,73177787.0223389
2016-03-07,02333.HK,4.3550855352355,4.6860190865451,4.3418481931831,4.6529257314142,121486490,547175835.332863
2016-03-08,02333.HK,4.6860190865451,4.7654431388595,4.4676029426807,4.580120350126,54045841,250398149.33907792
2016-03-08,02331.HK,3.0350376744435,3.1026708259631,3.0096752426236,3.0773083941433,8040500,24573159.282236084
2016-03-08,02328.HK,5.0224019254062,5.0775066487257,4.9279366854299,4.9751693054181,21954958,109748128.2373779
2016-03-09,02333.HK,4.5271709819165,4.5271709819165,4.3683228772878,4.4543656006284,37158260,166869135.76685742
2016-03-09,02331.HK,3.1956664093026,3.1956664093026,3.0434918183834,3.0773083941433,4495100,14098824.519484831
2016-03-09,02328.HK,4.9751693054181,5.0460182354003,4.9279366854299,5.0302740287376,16174250,80915270.92373392
2016-03-10,02328.HK,5.1089950620512,5.1877160953647,5.0696345453944,5.1168671653825,25757998,131698869.4012564
2016-03-10,02331.HK,3.0688542502033,3.1449415456629,3.0688542502033,3.0857625380832,2025000,6231549.498140081
2016-03-10,02333.HK,4.5006962978117,4.5404083239689,4.2822801539473,4.3286108511307,35230887,155532161.22634095
2016-03-11,02328.HK,5.1877160953647,5.3845186786487,5.1011229587198,5.2900534386724,67877529,355602552.7009599
2016-03-11,02331.HK,3.0773083941433,3.119579113843,3.0604001062633,3.1111249699031,2932780,9074656.800704
2016-03-11,02333.HK,4.3286108511307,4.5867390211522,4.2690428118949,4.5735016790998,42286333,188218847.42839974
2016-03-14,02328.HK,5.4711118152936,5.4711118152936,5.2664371286783,5.282181335341,20471786,110069558.08752866
2016-03-14,02333.HK,4.6992564285975,4.7919178229642,4.6396883893618,4.6529257314142,34090315,159409417.88608965
2016-03-14,02331.HK,3.1449415456629,3.2210288411225,3.128033257783,3.1449415456629,8360500,26293283.792514674
2016-03-15,02328.HK,5.3057976453351,5.3923907819801,5.258565025347,5.2743092320097,15363418,81273302.22066145
2016-03-15,02331.HK,3.1618498335428,3.1618498335428,3.0519459623234,3.0773083941433,2231318,6960773.029142046
2016-03-15,02333.HK,4.580120350126,4.6529257314142,4.5139336398641,4.5404083239689,19658568,89648266.5678222
2016-03-16,02333.HK,4.5668830080737,4.580120350126,4.4014162324188,4.4014162324188,19252756,86332238.5060937
2016-03-16,02328.HK,5.258565025347,5.3215418519978,5.1955881986961,5.2349487153529,11871892,62288930.91505261
2016-03-16,02331.HK,3.0434918183834,3.128033257783,3.0096752426236,3.119579113843,4705550,14500319.212568969
2016-03-17,02331.HK,3.2971161365821,3.3732034320416,3.1449415456629,3.1533956896028,22527500,72656952.58219017
2016-03-17,02328.HK,5.3766465753173,5.4002628853114,5.2900534386724,5.3609023686546,15948074,85621612.56854284
2016-03-17,02333.HK,4.5006962978117,4.5668830080737,4.4676029426807,4.4874589557593,32420713,145701200.93773383
2016-03-18,02328.HK,5.3136697486665,5.4160070919741,5.2743092320097,5.3845186786487,39929056,213584282.40641028
2016-03-18,02331.HK,3.1872122653627,3.2041205532426,3.0519459623234,3.128033257783,12401218,39158368.228026934
2016-03-18,02333.HK,4.5205523108903,4.6065950342308,4.4676029426807,4.5404083239689,40057934,181481681.54389396
2016-03-21,02333.HK,4.5933576921784,4.5933576921784,4.4609842716546,4.4742216137069,32220695,146081853.60162097
2016-03-21,02331.HK,3.1872122653627,3.2802078487021,3.128033257783,3.2463912729423,11400895,36674419.205921896
2016-03-21,02328.HK,5.368774471986,5.4238791953055,5.3136697486665,5.3372860586605,22297121,119357163.54257461
2016-03-22,02331.HK,3.2632995608222,3.2886619926421,3.0942166820232,3.1703039774827,13728711,44162541.832982704
2016-03-22,02328.HK,5.3215418519978,5.3766465753173,5.2900534386724,5.3451581619919,12021609,64115448.444239356
2016-03-22,02333.HK,4.4940776267855,4.4940776267855,4.3021361670259,4.3219921801045,38386742,169210098.5655381
2016-03-23,02333.HK,4.2955174959997,4.4345095875498,4.2558054698425,4.3087548380521,40514298,174298026.70746508
2016-03-23,02328.HK,5.3609023686546,5.3766465753173,5.2428208186843,5.2900534386724,12619528,67205017.51866284
2016-03-23,02331.HK,3.1703039774827,3.2125746971825,3.119579113843,3.1533956896028,17529000,55424065.732170865
2016-03-24,02328.HK,5.2428208186843,5.2743092320097,5.1247392687139,5.1404834753766,15229901,79068348.2257112
2016-03-24,02333.HK,4.2558054698425,4.3352295221569,4.2227121147116,4.235949456764,23287368,98875310.97084928
2016-03-24,02331.HK,3.1449415456629,3.1787581214227,3.0096752426236,3.0688542502033,7043500,21883435.344091788
2016-03-29,02331.HK,3.1449415456629,3.1449415456629,3.0096752426236,3.0519459623234,6608192,20475111.227587502
2016-03-29,02333.HK,4.2558054698425,4.2558054698425,4.0373893259782,4.0638640100829,45631500,189819498.93660796
2016-03-29,02328.HK,5.2506929220156,5.4238791953055,5.1798439920334,5.4160070919741,20798833,110927456.12603472
2016-03-30,02328.HK,5.4396234019682,5.6442980885835,5.4396234019682,5.6285538819208,31162960,172458582.98537078
2016-03-30,02331.HK,3.119579113843,3.119579113843,3.0012210986837,3.0434918183834,6418916,19780117.308001477
2016-03-30,02333.HK,4.1101947072663,4.1830000885544,4.030770654952,4.0771013521353,45333700,185580211.68404716
2016-03-31,02331.HK,3.1111249699031,3.1111249699031,3.0012210986837,3.0265835305035,9066523,27823837.64311597
2016-03-31,02328.HK,5.6049375719267,5.6679143985776,5.5419607452758,5.5970654685954,21429188,120024914.56595986
2016-03-31,02333.HK,4.1035760362401,4.2293307857378,4.0903386941877,4.169762746502,47673701,197210339.70007545
2016-04-01,02328.HK,5.5813212619326,5.5970654685954,5.4396234019682,5.5104723319504,17577433,97482629.37315382
2016-04-01,02331.HK,3.0350376744435,3.0434918183834,2.9589503789839,3.0012210986837,7393791,22315417.895209465
2016-04-01,02333.HK,4.1896187595806,4.1896187595806,4.0109146418734,4.0241519839258,33680469,138321825.44988713
2016-04-05,02331.HK,3.0012210986837,3.0096752426236,2.9674045229239,2.9843128108038,6924583,20723663.17778034
2016-04-05,02328.HK,5.5104723319504,5.5104723319504,5.2979255420038,5.3923907819801,20614022,112375930.04677592
2016-04-05,02333.HK,3.9248719185329,3.9778212867424,3.8520665372447,3.8719225503233,36567857,142556032.59776226
2016-04-06,02333.HK,3.8322105241662,3.9579652736638,3.8322105241662,3.9314905895591,73345295,284715474.2390053
2016-04-06,02331.HK,2.9843128108038,3.0265835305035,2.9589503789839,3.0012210986837,3530108,10564790.569076551
2016-04-06,02328.HK,5.3136697486665,5.3845186786487,5.3057976453351,5.3451581619919,11564058,61629652.085436285
2016-04-07,02333.HK,3.9712026157162,4.0042959708472,3.8322105241662,3.8388291951923,26186197,102257515.78835836
2016-04-07,02328.HK,5.4160070919741,5.4474955052996,5.2743092320097,5.3294139553292,14993279,80554547.86734529
2016-04-07,02331.HK,3.0434918183834,3.0434918183834,3.0012210986837,3.0096752426236,1358500,4111613.726189005
2016-04-08,02331.HK,3.0265835305035,3.0265835305035,2.9674045229239,3.0181293865636,6927187,20936428.36891965
2016-04-08,02333.HK,3.7792611559566,3.9116345764805,3.7395491297994,3.8785412213495,41306900,158160038.50957265
2016-04-08,02328.HK,5.3530302653233,5.4317512986368,5.2428208186843,5.3294139553292,19770041,105596180.11125648
2016-04-11,02328.HK,5.2192045086902,5.4081349886428,5.2034603020275,5.4002628853114,18098924,96100466.6422565
2016-04-11,02333.HK,3.8057358400614,4.030770654952,3.8057358400614,4.0109146418734,68993620,269649506.51171327
2016-04-11,02331.HK,3.0434918183834,3.0942166820232,3.0012210986837,3.0181293865636,5794166,17561019.74529147
2016-04-12,02331.HK,3.0096752426236,3.0350376744435,2.9504962350439,2.9758586668638,8212283,24577449.185403455
2016-04-12,02328.HK,5.4160070919741,5.4868560219563,5.3609023686546,5.4317512986368,16523131,89619466.47220653
2016-04-12,02333.HK,3.9712026157162,4.0109146418734,3.9314905895591,3.9778212867424,66374554,263806458.13051456
2016-04-13,02333.HK,4.0175333128996,4.1896187595806,3.997677299821,4.1763814175282,117931338,483159663.8086299
2016-04-13,02328.HK,5.589193365264,5.6521701919149,5.4632397119623,5.6285538819208,38338738,215037136.33001965
2016-04-13,02331.HK,3.0265835305035,3.0519459623234,2.9589503789839,3.0181293865636,11610321,35090528.65999771
2016-04-14,02331.HK,3.0688542502033,3.0773083941433,3.0096752426236,3.0096752426236,5159453,15680943.613677114
2016-04-14,02328.HK,5.7781238452166,5.7781238452166,5.6285538819208,5.6679143985776,50251244,287588830.3111169
2016-04-14,02333.HK,4.2690428118949,4.3617042062616,4.235949456764,4.3286108511307,87814326,377498580.8000121
2016-04-15,02333.HK,4.2690428118949,4.3021361670259,4.1830000885544,4.2227121147116,43277307,183750142.463756
2016-04-15,02328.HK,5.7466354318911,5.7466354318911,5.6600422952462,5.7151470185657,26972454,154576199.95147666
2016-04-15,02331.HK,3.0434918183834,3.0688542502033,2.9166796592841,3.0012210986837,13446500,40640116.11967138
2016-04-18,02333.HK,4.169762746502,4.1896187595806,4.1035760362401,4.1565254044496,28377950,118141494.41664849
2016-04-18,02328.HK,5.7623796385539,5.7623796385539,5.5104723319504,5.5577049519386,21065098,119229345.63350718
2016-04-18,02331.HK,2.9843128108038,2.9927669547437,2.933587947164,2.9674045229239,13784000,41019235.86405131
2016-04-19,02331.HK,3.0012210986837,3.0012210986837,2.8913172274643,2.942042091104,11484324,34127180.04439772
2016-04-19,02333.HK,4.1962374306068,4.2293307857378,4.0903386941877,4.1432880623973,41472634,172931044.2525143
2016-04-19,02328.HK,5.6442980885835,5.7545075352225,5.6442980885835,5.7072749152344,22743104,129085002.69471146
2016-04-20,02331.HK,2.933587947164,2.9927669547437,2.8490465077645,2.8997713714042,10704850,31222618.250687398
2016-04-20,02328.HK,5.7623796385539,5.809612258542,5.6836586052403,5.7545075352225,32084364,184756000.11518663
2016-04-20,02333.HK,4.1499067334234,4.1763814175282,3.9844399577686,4.0771013521353,33504511,137820941.44984522
2016-04-21,02331.HK,2.9166796592841,2.933587947164,2.8575006517044,2.9251338032241,6542002,19108577.677677784
2016-04-21,02328.HK,5.7859959485479,5.8253564652047,5.7308912252284,5.7938680518793,12612076,73023062.42152594
2016-04-21,02333.HK,4.0771013521353,4.1896187595806,4.0704826811091,4.1631440754758,28002810,115375013.53138119
2016-04-22,02331.HK,2.9251338032241,2.9251338032241,2.8490465077645,2.8828630835243,16006204,46481991.5003299
2016-04-22,02328.HK,5.6836586052403,5.7781238452166,5.6442980885835,5.6915307085716,12170641,69221672.72272049
2016-04-22,02333.HK,4.1432880623973,4.1432880623973,4.0506266680305,4.1035760362401,26063339,107470407.34485799
2016-04-25,02331.HK,2.8997713714042,2.8997713714042,2.8321382198846,2.8575006517044,4539772,13068351.163445888
2016-04-25,02328.HK,5.6836586052403,5.6915307085716,5.6049375719267,5.6521701919149,9702144,54990921.67467327
2016-04-25,02333.HK,4.2293307857378,4.3418481931831,4.1035760362401,4.1234320493187,52646683,219872628.57570043
2016-04-26,02328.HK,5.6285538819208,5.6836586052403,5.5498328486072,5.6757865019089,15328736,86640624.69893207
2016-04-26,02331.HK,2.8659547956444,2.8828630835243,2.7898675001848,2.8490465077645,16735700,47822273.65673017
2016-04-26,02333.HK,4.1234320493187,4.169762746502,4.0042959708472,4.0903386941877,32212164,132291665.12411506
2016-04-27,02331.HK,2.8659547956444,2.9166796592841,2.8236840759446,2.8913172274643,10702328,30808106.788266446
2016-04-27,02333.HK,4.0969573652139,4.0969573652139,4.0109146418734,4.0506266680305,18281913,74476711.22798161
2016-04-27,02328.HK,5.6836586052403,5.7623796385539,5.6442980885835,5.7230191218971,17612216,100448435.98636647
2016-04-28,02333.HK,4.0704826811091,4.1101947072663,3.9844399577686,3.9910586287948,24079452,97058748.50892404
2016-04-28,02328.HK,5.7466354318911,5.7781238452166,5.6442980885835,5.7230191218971,23347224,133892297.03495657
2016-04-28,02331.HK,2.9166796592841,2.9166796592841,2.8490465077645,2.8744089395844,8843500,25606746.012046788
2016-04-29,02333.HK,3.9513466026376,3.9778212867424,3.8719225503233,3.8917785634019,32124941,125979966.60731708
2016-04-29,02331.HK,2.8744089395844,2.8744089395844,2.8405923638245,2.8575006517044,6350200,18199386.14330107
2016-04-29,02328.HK,5.6442980885835,5.6836586052403,5.5655770552699,5.589193365264,14791642,83080891.99768586
2016-05-03,02333.HK,3.9050159054543,3.9050159054543,3.7991171690352,3.8189731821138,28020819,108216250.09036043
2016-05-03,02331.HK,2.9082255153442,2.9082255153442,2.7983216441248,2.8321382198846,4172500,11975833.842621084
2016-05-03,02328.HK,5.2664371286783,5.3057976453351,5.2192045086902,5.258565025347,878774333,4624550873.863573
2016-05-04,02333.HK,3.7792611559566,3.9248719185329,3.759405142878,3.8719225503233,31392329,120094238.073489
2016-05-04,02328.HK,5.2979255420038,5.3057976453351,5.2428208186843,5.282181335341,57791809,305721757.9275486
2016-05-04,02331.HK,2.8490465077645,2.8490465077645,2.7729592123049,2.8067757880647,8041375,22740294.007061765
2016-05-05,02333.HK,3.8388291951923,3.8983972344281,3.8057358400614,3.8189731821138,28761121,110123490.3838942
2016-05-05,02331.HK,2.8236840759446,2.8236840759446,2.7729592123049,2.8067757880647,5412000,15236024.392009165
2016-05-05,02328.HK,5.3136697486665,5.3372860586605,5.2506929220156,5.3136697486665,45197286,240163451.34002793
2016-05-06,02331.HK,2.8321382198846,2.8744089395844,2.764505068365,2.8321382198846,7972500,22579221.958029974
2016-05-06,02333.HK,3.8123545110876,3.82559185314,3.7064557746685,3.7130744456947,25334817,95327682.73329023
2016-05-06,02328.HK,5.3215418519978,5.3609023686546,5.282181335341,5.2979255420038,47623982,252870662.01075953
2016-05-09,02328.HK,5.3451581619919,5.3530302653233,5.2664371286783,5.2900534386724,36465125,193907160.2098369
2016-05-09,02333.HK,3.7660238139042,3.7858798269828,3.6998371036423,3.7064557746685,18921014,70693445.45504914
2016-05-09,02331.HK,2.8405923638245,2.8828630835243,2.747596780485,2.7814133562449,7503085,21091193.394083455
2016-05-10,02331.HK,2.7814133562449,2.7814133562449,2.6884177729054,2.7391426365451,6646029,18344887.612103064
2016-05-10,02333.HK,3.7064557746685,3.7395491297994,3.5807010251708,3.6865997615899,30398010,112367088.0608691
2016-05-10,02328.HK,5.2743092320097,5.3451581619919,5.171971888702,5.2349487153529,85732269,450491264.66683906
2016-05-11,02331.HK,2.7814133562449,2.7814133562449,2.6884177729054,2.7222343486652,4508440,12406432.729362445
2016-05-11,02333.HK,3.7263117877471,3.8123545110876,3.6535064064589,3.759405142878,26339084,98583463.51797836
2016-05-11,02328.HK,5.282181335341,5.282181335341,5.1955881986961,5.258565025347,76173896,401464858.52071315
2016-05-12,02331.HK,2.7053260607853,2.7053260607853,2.6123304774458,2.6968719168453,7586000,20490536.929152865
2016-05-12,02333.HK,3.7461678008256,3.8653038792971,3.6998371036423,3.792498498009,18117061,68289238.59731534
2016-05-12,02328.HK,5.2664371286783,5.3057976453351,5.2113324053588,5.2192045086902,24109987,126404341.7818066
2016-05-13,02331.HK,2.7222343486652,2.747596780485,2.6207846213857,2.6546011971456,5558500,14943570.190694666
2016-05-13,02333.HK,3.7527864718518,3.8123545110876,3.6601250774851,3.7196931167209,17887990,66833820.07779628
2016-05-13,02328.HK,5.1955881986961,5.2428208186843,5.0696345453944,5.1168671653825,31365425,161727272.6439275
2016-05-16,02333.HK,3.6932184326161,3.7991171690352,3.5939383672232,3.7196931167209,17583262,65171582.9774092
2016-05-16,02328.HK,5.171971888702,5.282181335341,5.0302740287376,5.1877160953647,35061869,181615011.48911035
2016-05-16,02331.HK,2.6884177729054,2.7222343486652,2.6207846213857,2.6884177729054,5840500,15701704.002653988
2016-05-17,02331.HK,2.8152299320047,2.8152299320047,2.6968719168453,2.756050924425,5355000,14917104.493090523
2016-05-17,02333.HK,3.7329304587732,3.792498498009,3.6601250774851,3.7726424849304,15973081,59943562.29059302
2016-05-17,02328.HK,5.282181335341,5.2900534386724,5.2034603020275,5.2743092320097,18705403,98731705.16399674
2016-05-18,02328.HK,5.2743092320097,5.282181335341,5.148355578708,5.2113324053588,17328564,90850556.09710242
2016-05-18,02331.HK,2.8067757880647,2.8321382198846,2.7222343486652,2.7898675001848,6895456,19295703.770909872
2016-05-18,02333.HK,3.7395491297994,3.7858798269828,3.7130744456947,3.759405142878,17195684,64474824.0017052
2016-05-19,02333.HK,3.7196931167209,3.7660238139042,3.6998371036423,3.7263117877471,14911500,55515551.06648729
2016-05-19,02328.HK,5.1562276820393,5.3057976453351,5.1562276820393,5.2900534386724,24242345,126621175.44763982
2016-05-19,02331.HK,2.8321382198846,2.8321382198846,2.747596780485,2.8067757880647,5299250,14941007.528312663
2016-05-20,02328.HK,5.3215418519978,5.3294139553292,5.282181335341,5.3136697486665,18028590,95868934.7558102
2016-05-20,02333.HK,3.7196931167209,3.7726424849304,3.7130744456947,3.7263117877471,18972440,70634440.64486243
2016-05-20,02331.HK,2.8236840759446,2.8236840759446,2.6799636289654,2.7306884926051,8809500,24465622.571319293
2016-05-23,02331.HK,2.7898675001848,2.7898675001848,2.6799636289654,2.6884177729054,2451500,6715008.173490313
2016-05-23,02333.HK,3.7994037658191,3.9442086280372,3.7649264176719,3.8200901747074,23782400,90604926.34558871
2016-05-23,02328.HK,5.3136697486665,5.3609023686546,5.2428208186843,5.2743092320097,12286201,65043018.970181465
2016-05-24,02331.HK,2.6799636289654,2.6799636289654,2.6123304774458,2.6799636289654,4173000,11183488.223672615
2016-05-24,02333.HK,3.8407765835957,3.861462992484,3.7925082961896,3.8200901747074,15807384,60549131.31066615
2016-05-24,02328.HK,5.2428208186843,5.3215418519978,5.2428208186843,5.3057976453351,19879004,104848014.32035775
2016-05-25,02331.HK,2.6968719168453,2.7222343486652,2.6461470532056,2.6968719168453,3691002,9954159.638819836
2016-05-25,02328.HK,5.3766465753173,5.5026002286191,5.3530302653233,5.4160070919741,31049399,167552704.99227196
2016-05-25,02333.HK,3.8959403406312,3.9579995672961,3.8407765835957,3.9304176887783,27926100,109279828.48254631
2016-05-26,02328.HK,5.3923907819801,5.4317512986368,5.3372860586605,5.4238791953055,14303265,77353987.89832996
2016-05-26,02333.HK,3.9442086280372,3.9579995672961,3.8683584621134,3.90973127989,10170570,39939522.80468357
2016-05-26,02331.HK,2.6884177729054,2.7306884926051,2.6461470532056,2.6968719168453,4008341,10793038.730152505
2016-05-27,02328.HK,5.4474955052996,5.5183444352818,5.4238791953055,5.478983918625,24479817,133739108.37596983
2016-05-27,02331.HK,2.6884177729054,2.7053260607853,2.6376929092656,2.6546011971456,5940500,15870102.095793983
2016-05-27,02333.HK,3.9166267495195,3.9648950369255,3.8752539317429,3.9373131584078,19823585,77846622.6748445
2016-05-30,02328.HK,5.4711118152936,5.5183444352818,5.4081349886428,5.478983918625,17232463,94348559.79060505
2016-05-30,02333.HK,3.9028358102606,4.1165953687731,3.9028358102606,4.0752225509965,40825214,162852969.9514052
2016-05-30,02331.HK,2.6630553410855,2.6968719168453,2.6207846213857,2.6376929092656,1839663,4875795.214242828
2016-05-31,02333.HK,4.1028044295142,4.1579681865497,4.0752225509965,4.1234908384025,28307448,116432712.76459904
2016-05-31,02328.HK,5.4711118152936,5.6206817785894,5.4632397119623,5.5813212619326,32375766,178915493.5194677
2016-05-31,02331.HK,2.6376929092656,2.6715094850255,2.5954221895659,2.6376929092656,11148000,29405000.55249291
2016-06-01,02333.HK,4.0752225509965,4.130386308032,4.0683270813671,4.1096998991437,17931926,73385711.84582637
2016-06-01,02331.HK,2.6799636289654,2.6884177729054,2.6461470532056,2.6546011971456,3120166,8322363.8976137275
2016-06-01,02328.HK,5.5813212619326,5.6521701919149,5.5498328486072,5.5970654685954,18206844,101761571.68719667
2016-06-02,02331.HK,2.6461470532056,2.7053260607853,2.6038763335058,2.6376929092656,7223458,19083798.023816146
2016-06-02,02328.HK,5.5813212619326,5.6206817785894,5.4868560219563,5.5183444352818,20426655,113364520.90616651
2016-06-02,02333.HK,4.0890134902554,4.0959089598848,4.0338497332199,4.0752225509965,20459360,83517522.14647374
2016-06-03,02328.HK,5.5655770552699,5.6128096752581,5.5262165386131,5.5577049519386,15369635,85480392.22643101
2016-06-03,02333.HK,4.0683270813671,4.1579681865497,4.0338497332199,4.1165953687731,18306830,74919991.92895006
2016-06-03,02331.HK,2.6546011971456,2.6799636289654,2.6376929092656,2.6630553410855,1901400,5055496.070896307
2016-06-06,02328.HK,5.5340886419445,5.6206817785894,5.5104723319504,5.6128096752581,10171393,56689741.75765315
2016-06-06,02333.HK,4.1372817776614,4.3234594576562,4.1165953687731,4.3165639880267,37157828,157063273.4499834
2016-06-06,02331.HK,2.6799636289654,2.6968719168453,2.6546011971456,2.6630553410855,1974000,5273559.723440238
2016-06-07,02331.HK,2.6630553410855,2.7898675001848,2.6546011971456,2.764505068365,8843317,23998818.618710283
2016-06-07,02333.HK,4.4820552591332,4.5510099554276,4.4337869717272,4.5510099554276,81340219,367375751.3968287
2016-06-07,02328.HK,5.6600422952462,5.7072749152344,5.6206817785894,5.6757865019089,26432200,149815446.9660815
2016-06-08,02331.HK,2.7814133562449,2.8067757880647,2.747596780485,2.7898675001848,11355000,31630947.062379625
2016-06-08,02333.HK,4.5441144857981,4.5716963643159,4.4337869717272,4.5165326072804,33688850,152621390.41082883
2016-06-08,02328.HK,5.7781238452166,5.7781238452166,5.6364259852521,5.6600422952462,17827115,101954751.58756824
2016-06-10,02333.HK,4.5234280769098,4.5234280769098,4.3855186843211,4.4131005628388,27663301,123606940.82824305
2016-06-10,02331.HK,2.7391426365451,2.8067757880647,2.7391426365451,2.7898675001848,4380600,12110190.9024795
2016-06-10,02328.HK,5.6521701919149,5.6679143985776,5.5104723319504,5.5183444352818,17596112,98278813.23889568
2016-06-13,02331.HK,2.7391426365451,2.756050924425,2.7222343486652,2.756050924425,6989762,19205047.567556746
2016-06-13,02333.HK,4.3441458665445,4.3441458665445,4.2269228828441,4.2545047613618,31418858,135079891.53489944
2016-06-13,02328.HK,5.368774471986,5.4160070919741,5.3294139553292,5.4002628853114,19068567,102675055.1865642
2016-06-14,02333.HK,4.2338183524735,4.3441458665445,4.1993410043263,4.3165639880267,27296334,116697046.09699759
2016-06-14,02328.HK,5.3530302653233,5.4553676086309,5.3294139553292,5.4002628853114,12463443,67011528.122613005
2016-06-14,02331.HK,2.747596780485,2.756050924425,2.7053260607853,2.756050924425,9355423,25744476.16120611
2016-06-15,02331.HK,2.7391426365451,2.7391426365451,2.6630553410855,2.7391426365451,5054000,13843626.885098934
2016-06-15,02328.HK,5.3136697486665,5.4947281252877,5.3136697486665,5.4396234019682,11688620,62845578.69318589
2016-06-15,02333.HK,4.2614002309913,4.447577910986,4.2476092917324,4.4062050932094,22836041,98966895.27763274
2016-06-16,02331.HK,2.7898675001848,2.7898675001848,2.6630553410855,2.6968719168453,5891666,16163018.03708803
2016-06-16,02333.HK,4.3717277450622,4.3717277450622,4.2338183524735,4.2751911702501,23600645,102036431.83203533
2016-06-16,02328.HK,5.3609023686546,5.3845186786487,5.2192045086902,5.2664371286783,18970794,100804534.18598299
2016-06-17,02328.HK,5.3136697486665,5.3372860586605,5.2113324053588,5.282181335341,14588177,77287075.53957163
2016-06-17,02331.HK,2.7053260607853,2.764505068365,2.6799636289654,2.7053260607853,3755551,10159989.992908293
2016-06-17,02333.HK,4.3027730487679,4.3648322754328,4.2614002309913,4.3303549272856,18376989,79325448.92576373
2016-06-20,02328.HK,5.3451581619919,5.3766465753173,5.258565025347,5.3766465753173,14572854,78123647.52665766
2016-06-20,02333.HK,4.3372503969151,4.4062050932094,4.2751911702501,4.39930962358,15204200,66416202.9318058
2016-06-20,02331.HK,2.747596780485,2.8236840759446,2.7306884926051,2.747596780485,4267609,11725668.74876881
2016-06-21,02333.HK,4.3855186843211,4.5096371376509,4.3855186843211,4.4613688502449,24385900,107869657.3645865
2016-06-21,02331.HK,2.764505068365,2.7983216441248,2.7222343486652,2.7391426365451,1777836,4892291.510553276
2016-06-21,02328.HK,5.3451581619919,5.4632397119623,5.3451581619919,5.4553676086309,12423945,67092569.07265015
2016-06-22,02333.HK,4.4544733806155,4.5165326072804,4.3855186843211,4.5027416680215,22501271,100774361.60732965
2016-06-22,02331.HK,2.8405923638245,2.9758586668638,2.8067757880647,2.8913172274643,27525996,78888260.24108857
2016-06-22,02328.HK,5.4002628853114,5.5026002286191,5.4002628853114,5.4711118152936,10601939,57628825.71097873
2016-06-23,02333.HK,4.5510099554276,4.5510099554276,4.4062050932094,4.4751597895038,15697569,70844461.18838653
2016-06-23,02331.HK,2.9082255153442,3.0519459623234,2.9082255153442,2.942042091104,24241500,70909631.09085703
2016-06-23,02328.HK,5.4711118152936,5.5026002286191,5.3923907819801,5.4711118152936,9774012,53474712.536021434
2016-06-24,02331.HK,2.933587947164,3.0857625380832,2.933587947164,2.9927669547437,36171916,107183805.84899679
2016-06-24,02333.HK,4.4131005628388,4.5027416680215,4.1096998991437,4.3027730487679,35800924,156018164.3813685
2016-06-24,02328.HK,5.1955881986961,5.3530302653233,4.9672972020867,5.061762442063,71912815,368817479.5095203
2016-06-27,02331.HK,2.9843128108038,3.119579113843,2.9843128108038,3.0773083941433,20946024,63483431.61886544
2016-06-27,02333.HK,4.240713822103,4.3579368058034,4.2338183524735,4.3096685183973,13988308,59802690.84833953
2016-06-27,02328.HK,4.9751693054181,4.9987856154122,4.8728319621104,4.9594250987554,41638441,206830511.4785542
2016-06-28,02331.HK,3.0350376744435,3.1872122653627,3.0350376744435,3.1364874017229,10607000,32730683.241448503
2016-06-28,02333.HK,4.2545047613618,4.2682957006207,4.2062364739558,4.2545047613618,17601553,74885891.04586208
2016-06-28,02328.HK,4.8334714454537,4.8807040654418,4.731134102146,4.8649598587791,46621144,226075981.20437258
2016-06-29,02331.HK,3.1364874017229,3.2379371290024,3.0857625380832,3.2210288411225,20369381,64749335.28210324
2016-06-29,02333.HK,4.3027730487679,4.3441458665445,4.2614002309913,4.288982109509,9721106,41760681.30982826
2016-06-29,02328.HK,4.9050924332328,4.9780607504214,4.8807696608366,4.9537379780252,23417657,115435354.49600439
2016-06-30,02333.HK,4.39930962358,4.4406824413566,4.3372503969151,4.4268915020977,22838314,100787776.36769037
2016-06-30,02331.HK,3.2802078487021,3.3393868562818,3.2041205532426,3.2125746971825,25125499,81567200.68192048
2016-06-30,02328.HK,5.0185987044151,5.0267062952138,4.8726620700379,4.9132000240315,41256724,204876739.48153618
2016-07-04,02333.HK,4.447577910986,4.6475465302397,4.39930962358,4.6268601213514,32975235,149615863.3046317
2016-07-04,02331.HK,3.2125746971825,3.2802078487021,3.1026708259631,3.2802078487021,12558991,40771398.77936089
2016-07-04,02328.HK,4.9132000240315,4.9456303872265,4.840231706843,4.8726620700379,31647231,154847719.11257902
2016-07-05,02333.HK,4.5785918339453,4.6130691820925,4.4820552591332,4.4889507287626,20272464,91910715.08548182
2016-07-05,02328.HK,4.8564468884404,4.9213076148303,4.7915861620506,4.8321241160442,27891049,135112204.31302962
2016-07-05,02331.HK,3.2463912729423,3.4661990153811,3.2463912729423,3.3562951441617,25142272,83003268.9147671
2016-07-06,02331.HK,3.314024424462,3.3562951441617,3.2548454168823,3.314024424462,22087312,73197891.43871263
2016-07-06,02333.HK,4.4682643198743,4.4682643198743,4.3579368058034,4.3717277450622,25081655,110860815.58773744
2016-07-06,02328.HK,4.7348330264594,4.7510482080569,4.5888963920823,4.6051115736797,59781292,279176977.7023694
2016-07-07,02331.HK,3.314024424462,3.3562951441617,3.2886619926421,3.2971161365821,13039015,43101380.471281216
2016-07-07,02333.HK,4.4199960324683,4.6130691820925,4.4062050932094,4.5510099554276,28162519,126323063.29161602
2016-07-07,02328.HK,4.6375419368747,4.807801343648,4.6375419368747,4.7996937528493,33583206,158466315.11927658
2016-07-08,02331.HK,3.2971161365821,3.3393868562818,3.2210288411225,3.305570280522,14937009,49312193.21823085
2016-07-08,02333.HK,4.5510099554276,4.5785918339453,4.4820552591332,4.5165326072804,11573214,52470305.26616404
2016-07-08,02328.HK,4.718617844862,4.7510482080569,4.6213267552772,4.7429406172582,24259834,114767918.83616567
2016-07-11,02333.HK,4.6199646517219,4.6475465302397,4.5441144857981,4.557905425057,28482971,130706503.6193306
2016-07-11,02328.HK,4.840231706843,4.8726620700379,4.7672633896544,4.7915861620506,30725613,147971754.16305476
2016-07-11,02331.HK,3.3478410002218,3.4239282956814,3.305570280522,3.3732034320416,11358932,38171943.33752929
2016-07-12,02328.HK,4.7996937528493,4.9456303872265,4.7915861620506,4.9213076148303,35058178,170400298.14317742
2016-07-12,02331.HK,3.4070200078015,3.483107303261,3.3732034320416,3.4408365835613,11418477,39096046.49388727
2016-07-12,02333.HK,4.5923827732042,4.7578740443106,4.5785918339453,4.7509785746812,33938345,158549110.44209987
2016-07-13,02331.HK,3.483107303261,3.5422863108407,3.4408365835613,3.4661990153811,13154044,45705740.542448096
2016-07-13,02333.HK,4.7923513924578,4.8199332709755,4.668232939128,4.6889193480163,26744474,126785799.40278514
2016-07-13,02328.HK,4.9537379780252,5.0023835228176,4.8969848424341,4.9456303872265,26957292,133430081.81882636
2016-07-14,02328.HK,4.8888772516353,4.9132000240315,4.8159089344468,4.8888772516353,31894340,155927513.2819218
2016-07-14,02333.HK,4.7233966961634,4.7509785746812,4.668232939128,4.716501226534,15406000,72715533.69853806
2016-07-14,02331.HK,3.4492907275012,3.4492907275012,3.3816575759816,3.4070200078015,12003633,41150318.90026688
2016-07-15,02328.HK,4.8969848424341,5.0429214768113,4.8726620700379,5.0429214768113,66971616,332845794.5442382
2016-07-15,02333.HK,4.7509785746812,4.8199332709755,4.7027102872751,4.7647695139401,24732100,117672216.65129544
2016-07-15,02331.HK,3.4070200078015,3.5169238790209,3.4070200078015,3.4323824396213,7335500,25085218.326534975
2016-07-18,02333.HK,4.7647695139401,4.9233653154171,4.7509785746812,4.9026789065288,28429456,137420149.75099507
2016-07-18,02331.HK,3.4154741517414,3.500015591141,3.4154741517414,3.483107303261,4567600,15754980.326934481
2016-07-18,02328.HK,5.0429214768113,5.0834594308049,4.9861683412201,5.0348138860125,26563475,133849835.68349297
2016-07-19,02331.HK,3.4661990153811,3.5084697350809,3.4239282956814,3.500015591141,7676546,26738233.4364194
2016-07-19,02333.HK,4.8957834368993,4.9233653154171,4.8199332709755,4.8613060887522,22401109,109284812.99343877
2016-07-19,02328.HK,5.0753518400062,5.0753518400062,4.9861683412201,5.0267062952138,34050728,171991216.9012817
2016-07-20,02331.HK,3.483107303261,3.5084697350809,3.4408365835613,3.4746531593211,6861043,23868746.858737838
2016-07-20,02333.HK,4.8682015583816,5.1164384650413,4.8613060887522,5.0888565865235,52312489,260439247.33885422
2016-07-20,02328.HK,5.0023835228176,5.0591366584087,5.0023835228176,5.0267062952138,13131776,65849880.48713455
2016-07-21,02333.HK,5.1026475257824,5.2957206754066,5.0681701776352,5.1716022220768,58245581,299214822.9515813
2016-07-21,02331.HK,3.4661990153811,3.5338321669008,3.4492907275012,3.5169238790209,5290329,18471508.779409416
2016-07-21,02328.HK,5.0267062952138,5.0591366584087,4.9861683412201,5.0023835228176,12106424,60708206.83558548
2016-07-22,02331.HK,3.491561447201,3.5338321669008,3.4577448714412,3.500015591141,5036667,17607122.673487443
2016-07-22,02328.HK,4.9861683412201,5.0023835228176,4.9456303872265,4.9618455688239,14066835,69968535.1251469
2016-07-22,02333.HK,5.144020343559,5.25434785763,5.1302294043002,5.1991841005945,27345184,141418414.3374976
2016-07-25,02331.HK,3.4577448714412,3.4746531593211,3.3478410002218,3.3985658638615,10740500,36820102.72625933
2016-07-25,02328.HK,5.0267062952138,5.0267062952138,4.8969848424341,4.9456303872265,15928292,79421145.30011019
2016-07-25,02333.HK,5.2888252057772,5.2957206754066,5.0681701776352,5.1578112828179,25347811,132399683.64930613
2016-07-26,02328.HK,4.9132000240315,4.9618455688239,4.840231706843,4.8969848424341,26783457,131375332.26651609
2016-07-26,02331.HK,3.3816575759816,3.4661990153811,3.3732034320416,3.4239282956814,2991000,10177753.671072017
2016-07-26,02333.HK,5.144020343559,5.5508530516957,5.1164384650413,5.4267345983659,51150342,270348865.23882437
2016-07-27,02328.HK,4.9050924332328,4.9780607504214,4.8807696608366,4.9050924332328,20783365,101944326.3986154
2016-07-27,02331.HK,3.4239282956814,3.491561447201,3.3901117199216,3.4154741517414,5145291,17595357.929051254
2016-07-27,02333.HK,5.4474210072542,5.4818983554014,5.1991841005945,5.3370934931832,35899928,193581647.0403293
2016-07-28,02328.HK,4.8726620700379,4.9456303872265,4.8645544792392,4.9456303872265,11681920,57348253.51118307
2016-07-28,02331.HK,3.4323824396213,3.5169238790209,3.3985658638615,3.500015591141,4143712,14362930.454423057
2016-07-28,02333.HK,5.2888252057772,5.4818983554014,5.2405569183711,5.4060481894776,29882253,159793456.29998645
2016-07-29,02331.HK,3.491561447201,3.500015591141,3.4239282956814,3.4323824396213,5190448,17969185.34973452
2016-07-29,02328.HK,4.8888772516353,4.929415205629,4.8645544792392,4.8726620700379,15916483,77684687.33362152
2016-07-29,02333.HK,5.6887624442844,5.9094174724264,5.5301666428074,5.5508530516957,87963587,494338447.76359683
2016-08-01,02333.HK,5.6129122783607,5.8611491850203,5.6060168087312,5.8128808976143,59675678,340920977.2320407
2016-08-01,02328.HK,4.9050924332328,5.0185987044151,4.8969848424341,4.9861683412201,27531997,136163080.98422745
2016-08-01,02331.HK,3.4323824396213,3.5338321669008,3.4070200078015,3.5253780229608,3619333,12591226.024159329
2016-08-03,02328.HK,4.9050924332328,4.9456303872265,4.9050924332328,4.929415205629,15757801,77485107.15308204
2016-08-03,02331.HK,3.4408365835613,3.500015591141,3.4408365835613,3.483107303261,10490333,36317238.52304012
2016-08-03,02333.HK,5.7577171405788,5.8611491850203,5.5991213391018,5.6542850961373,61096858,348618740.07616293
2016-08-04,02331.HK,3.4661990153811,3.5507404547807,3.4661990153811,3.4661990153811,14808940,51330733.24683779
2016-08-04,02333.HK,5.7301352620611,5.792194488726,5.6404941568784,5.6680760353961,27417088,156252881.09248912
2016-08-04,02328.HK,4.9537379780252,4.9537379780252,4.8807696608366,4.9132000240315,10241426,50525757.697325766
2016-08-05,02328.HK,4.9050924332328,4.9942759320189,4.9050924332328,4.9537379780252,23446135,115575734.38223028
2016-08-05,02333.HK,5.7301352620611,5.8542537153909,5.7301352620611,5.7784035494671,28259654,162613662.4296791
2016-08-05,02331.HK,3.5084697350809,3.5422863108407,3.4492907275012,3.483107303261,14773320,51644402.446038574
2016-08-08,02333.HK,5.8128808976143,5.8266718368732,5.6956579139139,5.7370307316905,35801134,206749966.96444973
2016-08-08,02331.HK,3.5253780229608,3.5591945987206,3.4408365835613,3.500015591141,12678000,44533970.11979131
2016-08-08,02328.HK,4.9780607504214,5.1158897939998,4.9618455688239,5.1077822032011,29047937,146486465.35436013
2016-08-09,02331.HK,3.500015591141,3.500015591141,3.4492907275012,3.483107303261,9547500,33335682.917151544
2016-08-09,02333.HK,5.8197763672437,5.9301038813147,5.7852990190965,5.8128808976143,56542200,328868016.80052704
2016-08-09,02328.HK,5.0753518400062,5.1239973847986,5.0348138860125,5.0591366584087,20086702,101784225.19504379
2016-08-10,02328.HK,5.0672442492075,5.0996746124024,5.0104911136163,5.0267062952138,16859998,85091992.99552102
2016-08-10,02331.HK,3.4746531593211,3.5169238790209,3.4577448714412,3.491561447201,3760500,13098225.013913179
2016-08-10,02333.HK,5.7990899583554,5.8956265331675,5.6198077479901,5.681866974655,36675300,210533769.90261817
2016-08-11,02328.HK,5.0996746124024,5.1483201571948,5.0104911136163,5.0915670216036,34281700,174686544.16225177
2016-08-11,02331.HK,3.500015591141,3.7874564850994,3.500015591141,3.7113691896398,39141357,141131693.084454
2016-08-11,02333.HK,5.7232397924316,5.7232397924316,5.4405255376248,5.4750028857719,71381854,399675661.95604557
2016-08-12,02333.HK,5.5301666428074,5.5784349302135,5.4336300679953,5.5301666428074,40295088,222838551.52658874
2016-08-12,02328.HK,5.1321049755973,5.2537188375783,5.1077822032011,5.2293960651821,44206887,229024852.83005866
2016-08-12,02331.HK,3.7536399093396,4.0579890911779,3.7536399093396,3.9988100835982,54563911,211501995.72330436
2016-08-15,02331.HK,4.041080803298,4.1002598108777,3.8889062123788,3.9396310760186,25105043,100178057.45042703
2016-08-15,02328.HK,5.2293960651821,5.4158706535529,5.1969657019872,5.3753326995593,49424556,262067005.34888604
2016-08-15,02333.HK,5.5301666428074,5.633598687249,5.5163757035486,5.6060168087312,28620235,159360093.69307292
2016-08-16,02331.HK,4.0157183714781,4.2101636820971,3.9396310760186,4.1509846745174,27144570,110840821.25061904
2016-08-16,02333.HK,5.6473896265078,5.6887624442844,5.4681074161425,5.5163757035486,26204667,146271376.47013652
2016-08-16,02328.HK,5.4888389707415,5.5374845155339,5.3510099271631,5.4077630627542,42455769,231311809.40951186
2016-08-17,02328.HK,5.4239782443517,5.5131617431377,5.383440290358,5.3915478811567,36332506,196477583.92409533
2016-08-17,02333.HK,5.5025847642897,5.6267032176195,5.4612119465131,5.5646439909546,35862369,198448520.7139909
2016-08-17,02331.HK,4.1002598108777,4.1848012502772,4.0157183714781,4.1002598108777,13734625,56315530.90497614
2016-08-18,02331.HK,4.1256222426975,4.2439802578569,3.9311769320786,3.9903559396583,84780809,344039598.06323713
2016-08-18,02328.HK,5.4320858351504,5.5131617431377,5.3915478811567,5.4239782443517,34377040,186599674.55180344
2016-08-18,02333.HK,5.5439575820663,5.5991213391018,5.3301980235538,5.3922572502187,40501549,221466820.45215884
2016-08-19,02331.HK,4.041080803298,4.1594388184574,3.9903559396583,4.1425305305775,16119011,65955860.55523194
2016-08-19,02333.HK,5.3784663109598,5.3991527198481,5.1853931613356,5.2060795702239,53582200,283571627.15738064
2016-08-19,02328.HK,5.4077630627542,5.4077630627542,5.2050732927859,5.2780416099745,34583140,184774339.5048154
2016-08-22,02328.HK,5.2537188375783,5.3104719731694,5.0915670216036,5.1483201571948,32131877,167118518.76462644
2016-08-22,02333.HK,5.2336614487417,5.2405569183711,5.0543792383764,5.0819611168941,51099060,263559308.20938885
2016-08-22,02331.HK,4.1932553942172,4.3031592654366,4.1340763866375,4.1509846745174,12443028,51913806.40699327
2016-08-23,02331.HK,4.1425305305775,4.4299714245359,4.1340763866375,4.3538841290763,21987980,93409497.80408728
2016-08-23,02328.HK,5.1564277479935,5.2131808835846,5.1239973847986,5.1969657019872,14547853,75309822.98074104
2016-08-23,02333.HK,5.0819611168941,5.1716022220768,4.985424542082,5.0267973598586,50657000,256039689.0784308
2016-08-24,02331.HK,4.3538841290763,4.4891504321156,4.3538841290763,4.4215172805959,16346050,71721575.10628612
2016-08-24,02328.HK,5.1807505203897,5.1969657019872,5.0267062952138,5.0672442492075,24114946,123564920.23855944
2016-08-24,02333.HK,5.095752056153,5.1578112828179,5.0199018902292,5.0750656472647,30050000,152816535.99385095
2016-08-25,02333.HK,5.0750656472647,5.144020343559,5.0612747080058,5.0888565865235,30911500,157091041.06487197
2016-08-25,02328.HK,5.0834594308049,5.1564277479935,5.0429214768113,5.1158897939998,19897564,101471101.97945094
2016-08-25,02331.HK,4.4384255684758,4.4637880002957,4.3285216972564,4.3792465608962,26280083,115864577.71334144
2016-08-26,02331.HK,4.3538841290763,4.3961548487761,4.3285216972564,4.3877007048361,13314867,58196519.71638035
2016-08-26,02328.HK,5.0753518400062,5.2131808835846,5.0753518400062,5.1807505203897,16872526,86523176.8672206
2016-08-26,02333.HK,5.1233339346707,5.2198705094828,5.0543792383764,5.1302294043002,40451362,207385301.20732027
2016-08-29,02331.HK,4.3877007048361,4.3877007048361,4.2862509775567,4.3031592654366,20568000,89376803.93428446
2016-08-29,02328.HK,5.1807505203897,5.2050732927859,5.0591366584087,5.140212566396,24516456,126516718.6974029
2016-08-29,02333.HK,5.1026475257824,5.1991841005945,5.0474837687469,5.0819611168941,33348000,169818164.50798798
2016-08-30,02328.HK,5.1645353387922,5.3347947455656,5.1483201571948,5.3023643823707,36734298,192247106.74665743
2016-08-30,02331.HK,4.3031592654366,4.4215172805959,4.3031592654366,4.413063136656,12059500,52556642.02901785
2016-08-30,02333.HK,5.0888565865235,5.2060795702239,5.0061109509703,5.1853931613356,50699200,260448121.40832904
2016-08-31,02328.HK,5.3266871547669,5.3266871547669,5.1807505203897,5.1969657019872,24057387,126585794.71429448
2016-08-31,02331.HK,4.413063136656,4.5060587199955,4.3285216972564,4.4553338563558,10708483,47483539.21845899
2016-08-31,02333.HK,5.1991841005945,5.2336614487417,5.144020343559,5.1922886309651,36168141,187920125.47635135
2016-09-01,02331.HK,4.4384255684758,4.5145128639354,4.3792465608962,4.4637880002957,8432797,37535279.938047804
2016-09-01,02333.HK,5.1578112828179,5.2336614487417,5.1371248739296,5.1647067524473,24800016,127999306.21743278
2016-09-01,02328.HK,5.1645353387922,5.3023643823707,5.1483201571948,5.2861492007732,23658856,123625620.31150207
2016-09-02,02331.HK,4.4637880002957,4.5060587199955,4.3961548487761,4.4637880002957,8673379,38716125.10221672
2016-09-02,02333.HK,5.1784976917062,5.2336614487417,5.1302294043002,5.2336614487417,23463470,122152691.81356256
2016-09-02,02328.HK,5.3104719731694,5.4969465615402,5.3023643823707,5.4564086075466,76471206,411678171.4326664
2016-09-05,02333.HK,5.3370934931832,5.4543164768836,5.2474523880006,5.412943659107,34467530,185263614.02383852
2016-09-05,02328.HK,5.5780224695276,5.6428831959174,5.5455921063326,5.6104528327225,174745676,977568840.0504991
2016-09-05,02331.HK,4.4384255684758,4.4976045760555,4.3792465608962,4.4215172805959,4254350,18846648.929974094
2016-09-06,02328.HK,5.6509907867161,5.7401742855022,5.5780224695276,5.7401742855022,38404714,218737218.36266658
2016-09-06,02331.HK,4.4468797124158,4.5229670078754,4.4215172805959,4.4976045760555,5756610,25744953.84992839
2016-09-06,02333.HK,5.4956892946602,5.7025533835433,5.4681074161425,5.6749715050256,72821098,406729892.409339
2016-09-07,02328.HK,5.6996363315085,5.8617881474832,5.6996363315085,5.7644970578984,37196265,213211471.7738636
2016-09-07,02331.HK,4.4806962881756,4.4806962881756,4.4215172805959,4.4553338563558,6482541,28964090.894580364
2016-09-07,02333.HK,5.7784035494671,5.7852990190965,5.5784349302135,5.6129122783607,50747225,289038833.6804193
2016-09-08,02331.HK,4.4384255684758,4.6835957427345,4.4299714245359,4.6413250230347,14261857,64747052.265894085
2016-09-08,02328.HK,5.7644970578984,5.7807122394959,5.6509907867161,5.715851513106,29638358,170129340.45610842
2016-09-08,02333.HK,5.6473896265078,5.7370307316905,5.6129122783607,5.7232397924316,33027538,187771947.60896948
2016-09-09,02328.HK,5.6672059683136,5.8861109198794,5.6672059683136,5.7239591039047,44767403,254976438.71376038
2016-09-09,02331.HK,4.6413250230347,4.6835957427345,4.5736918715151,4.6328708790948,5481903,25420121.169235703
2016-09-09,02333.HK,5.7784035494671,5.8473582457615,5.6956579139139,5.7301352620611,50520076,290706127.7036772
2016-09-12,02328.HK,5.5618072879301,5.5618072879301,5.3915478811567,5.4320858351504,53458250,293857143.5234591
2016-09-12,02333.HK,5.5163757035486,5.5508530516957,5.3784663109598,5.4060481894776,37944149,207221039.81907308
2016-09-12,02331.HK,4.5060587199955,4.5060587199955,4.3623382730163,4.3961548487761,10967997,48819725.8578231
2016-09-13,02331.HK,4.3961548487761,4.5821460154551,4.3961548487761,4.5229670078754,13302804,59324664.9555755
2016-09-13,02333.HK,5.5163757035486,5.5991213391018,5.3715708413304,5.3784663109598,34538504,188145772.2487332
2016-09-13,02328.HK,5.5131617431377,5.5861300603263,5.3672251087605,5.3915478811567,26648578,145297502.49518
2016-09-14,02328.HK,5.3429023363643,5.4239782443517,5.3266871547669,5.3591175179618,22693358,121432383.93866502
2016-09-14,02331.HK,4.5652377275752,4.5652377275752,4.4215172805959,4.4891504321156,6923500,31344028.211809624
2016-09-14,02333.HK,5.2888252057772,5.4543164768836,5.2888252057772,5.3853617805893,19430000,103699726.57255055
2016-09-15,02328.HK,5.3347947455656,5.4239782443517,5.3185795639681,5.383440290358,21200685,113616962.37628996
2016-09-15,02331.HK,4.4976045760555,4.5483294396952,4.4806962881756,4.5060587199955,6815114,30680495.890101656
2016-09-15,02333.HK,5.3784663109598,5.4956892946602,5.3784663109598,5.412943659107,16554704,89324298.89855237
2016-09-19,02333.HK,5.4681074161425,5.571539460584,5.4543164768836,5.4887938250308,33187334,181815170.54791644
2016-09-19,02328.HK,5.4320858351504,5.4807313799428,5.3915478811567,5.4158706535529,25730986,139564308.2697169
2016-09-19,02331.HK,4.590600159395,4.590600159395,4.4468797124158,4.5145128639354,3417001,15556090.1529165
2016-09-20,02328.HK,5.3915478811567,5.4645161983453,5.3672251087605,5.4401934259491,19145054,103687136.11928555
2016-09-20,02333.HK,5.4336300679953,5.5301666428074,5.4336300679953,5.4681074161425,31062002,169314895.76788166
2016-09-20,02331.HK,4.4806962881756,4.5398752957553,4.4722421442357,4.5060587199955,3617522,16254891.975334566
2016-09-21,02333.HK,5.4474210072542,5.4474210072542,5.1922886309651,5.3439889628127,81146164,437840761.6111419
2016-09-21,02328.HK,5.4401934259491,5.5212693339364,5.3996554719555,5.4645161983453,15953944,86986563.34112695
2016-09-21,02331.HK,4.5483294396952,4.5483294396952,4.4637880002957,4.5229670078754,2215318,10047903.151819604
2016-09-22,02331.HK,4.5821460154551,4.7174123184943,4.5398752957553,4.5736918715151,8223332,37645747.341367215
2016-09-22,02333.HK,5.4267345983659,5.4336300679953,5.2060795702239,5.2474523880006,50016500,266942736.70180002
2016-09-22,02328.HK,5.5536996971314,5.6672059683136,5.4807313799428,5.5212693339364,31106712,172252936.02917254
2016-09-23,02331.HK,4.5229670078754,4.5567835836352,4.3623382730163,4.5060587199955,10781900,48675026.24766563
2016-09-23,02328.HK,5.5536996971314,5.5861300603263,5.4401934259491,5.472623789144,19535700,107703473.86541517
2016-09-23,02333.HK,5.2681387968889,5.2819297361477,5.1853931613356,5.2198705094828,20772738,108932334.73141053
2016-09-26,02331.HK,4.4722421442357,4.4722421442357,4.3538841290763,4.3538841290763,16946835,74787452.82149167
2016-09-26,02328.HK,5.4320858351504,5.4969465615402,5.3510099271631,5.383440290358,18402206,99514769.87999372
2016-09-26,02333.HK,5.1716022220768,5.2267659791123,5.0474837687469,5.095752056153,26802793,137596885.68852887
2016-09-27,02333.HK,5.1302294043002,5.1716022220768,5.0612747080058,5.1164384650413,29345800,150348332.9800609
2016-09-27,02328.HK,5.3429023363643,5.4401934259491,5.3266871547669,5.4239782443517,17156771,92362452.2538457
2016-09-27,02331.HK,4.4637880002957,4.4637880002957,4.3369758411964,4.4384255684758,7715128,34340858.58320446
2016-09-28,02331.HK,4.4468797124158,4.4976045760555,4.3961548487761,4.4806962881756,3974256,17740236.242903188
2016-09-28,02333.HK,5.1164384650413,5.3233025539244,5.1164384650413,5.2405569183711,33492021,173438353.4390756
2016-09-28,02328.HK,5.4239782443517,5.4401934259491,5.3266871547669,5.3672251087605,14586627,78703629.09649846
2016-09-29,02333.HK,5.3095116146655,5.3577799020715,5.2336614487417,5.3508844324421,25196298,134301257.80047256
2016-09-29,02331.HK,4.5145128639354,4.5229670078754,4.404608992716,4.4891504321156,3736833,16822593.062786072
2016-09-29,02328.HK,5.4483010167479,5.4483010167479,5.3347947455656,5.3672251087605,14308699,77378053.92826794
2016-09-30,02328.HK,5.3104719731694,5.3185795639681,5.2050732927859,5.2050732927859,24308963,127811000.39746627
2016-09-30,02333.HK,5.2957206754066,5.2957206754066,5.1853931613356,5.2060795702239,21066500,110618087.43728746
2016-09-30,02331.HK,4.4976045760555,4.5145128639354,4.3792465608962,4.4891504321156,6059250,27226497.64163037
2016-10-03,02333.HK,5.2750342665183,5.3233025539244,5.2405569183711,5.2612433272594,9165147,48283266.48988946
2016-10-03,02331.HK,4.5145128639354,4.6835957427345,4.4637880002957,4.6751415987946,5047088,23190497.381495517
2016-10-03,02328.HK,5.2780416099745,5.2861492007732,5.1645353387922,5.1969657019872,26239197,137427890.21750176
2016-10-04,02331.HK,4.6666874548546,4.6666874548546,4.5398752957553,4.6159625912149,4184625,19422204.724516787
2016-10-04,02333.HK,5.2405569183711,5.4612119465131,5.2336614487417,5.4405255376248,29381019,156910543.2900911
2016-10-04,02328.HK,5.2456112467796,5.2699340191757,5.2050732927859,5.261826428377,14888474,78219856.31659473
2016-10-05,02331.HK,4.6413250230347,4.6666874548546,4.599054303335,4.6497791669747,4972473,23099882.362504303
2016-10-05,02333.HK,5.4267345983659,5.4336300679953,5.3370934931832,5.3508844324421,17614048,94918749.46718279
2016-10-05,02328.HK,5.261826428377,5.3023643823707,5.1969657019872,5.2861492007732,14109559,74413642.23502843
2016-10-06,02328.HK,5.3104719731694,5.3347947455656,5.2699340191757,5.3185795639681,23830997,126650447.64718457
2016-10-06,02333.HK,5.4681074161425,5.5646439909546,5.4336300679953,5.4750028857719,41851111,228990661.96533152
2016-10-06,02331.HK,4.6497791669747,4.6920498866745,4.6075084472749,4.6582333109146,4708088,21911470.925500438
2016-10-07,02333.HK,5.5370621124369,5.5508530516957,5.4198391287365,5.5370621124369,28985380,160493849.41258627
2016-10-07,02328.HK,5.3185795639681,5.3429023363643,5.2861492007732,5.3185795639681,13439897,71481161.52603617
2016-10-07,02331.HK,4.7089581745544,4.7089581745544,4.590600159395,4.6244167351548,3548500,16559740.433551548
2016-10-11,02331.HK,4.6159625912149,4.6835957427345,4.599054303335,4.6835957427345,2568250,11941795.345582772
2016-10-11,02333.HK,5.6887624442844,5.8197763672437,5.5991213391018,5.6611805657667,70086581,397739350.0596651
2016-10-11,02328.HK,5.3591175179618,5.3672251087605,5.1483201571948,5.2131808835846,24628555,130190216.32944879
2016-10-12,02333.HK,5.6542850961373,5.7508216709494,5.6129122783607,5.7301352620611,45276882,257725528.59827334
2016-10-12,02328.HK,5.1807505203897,5.1807505203897,5.0834594308049,5.140212566396,18311940,94498428.39371726
2016-10-12,02331.HK,4.6328708790948,4.6328708790948,4.5145128639354,4.5398752957553,4509057,20680217.674465537
2016-10-13,02331.HK,4.5145128639354,4.5652377275752,4.5060587199955,4.5314211518153,6891943,31172030.80915746
2016-10-13,02328.HK,5.1158897939998,5.2131808835846,5.1077822032011,5.1645353387922,22534425,115831734.5615082
2016-10-13,02333.HK,5.7163443228022,5.7508216709494,5.6267032176195,5.6680760353961,34363072,195601828.223517
2016-10-14,02333.HK,5.6473896265078,5.7370307316905,5.6473896265078,5.7232397924316,26314900,149608488.0482242
2016-10-14,02331.HK,4.5567835836352,4.6075084472749,4.5145128639354,4.599054303335,2154708,9864078.570878893
2016-10-14,02328.HK,5.1807505203897,5.2212884743834,5.1321049755973,5.1969657019872,16185728,83985446.01829001
2016-10-17,02328.HK,5.2375036559808,5.2375036559808,5.1239973847986,5.1645353387922,8176136,42524242.74928367
2016-10-17,02331.HK,4.5736918715151,4.5736918715151,4.4806962881756,4.5145128639354,2279000,10356009.296045845
2016-10-17,02333.HK,5.7508216709494,5.9163129420558,5.7232397924316,5.8266718368732,42318128,244968926.0916029
2016-10-18,02331.HK,4.4806962881756,4.599054303335,4.4806962881756,4.590600159395,4792089,21735229.961071074
2016-10-18,02333.HK,5.8749401242792,6.219713605751,5.8473582457615,6.1990271968627,100908626,609183726.3726649
2016-10-18,02328.HK,5.1645353387922,5.2293960651821,5.140212566396,5.2212884743834,22963115,119245433.29584491
2016-10-19,02331.HK,4.5821460154551,4.6835957427345,4.5821460154551,4.6582333109146,4660797,21533766.12160296
2016-10-19,02333.HK,6.2404000146393,6.267981893157,6.1507589094566,6.1852362576038,40559000,251985690.78295395
2016-10-19,02328.HK,5.1969657019872,5.2456112467796,5.1645353387922,5.1969657019872,9656858,50186359.81496071
2016-10-20,02331.HK,4.7005040306144,5.0133073563927,4.6920498866745,4.9118576291133,22893778,110031636.94675875
2016-10-20,02333.HK,6.2059226664921,6.2335045450099,6.0749087435328,6.1231770309389,29422474,181376307.64553574
2016-10-20,02328.HK,5.2131808835846,5.2456112467796,5.1888581111884,5.2212884743834,13316454,69475065.60989518
2016-10-24,02328.HK,5.1645353387922,5.3429023363643,5.1645353387922,5.3104719731694,24224682,126876860.53997229
2016-10-24,02331.HK,4.9203117730532,5.0471239321525,4.9203117730532,4.9794907806329,10469791,51824431.83917987
2016-10-24,02333.HK,6.1369679701978,6.2955637716748,6.0197449864974,6.2541909538982,36669355,227187902.72454715
2016-10-25,02331.HK,4.9287659169932,4.9794907806329,4.8188620457738,4.8695869094135,4433416,21720087.09711834
2016-10-25,02328.HK,5.2861492007732,5.3429023363643,5.261826428377,5.3347947455656,17949699,95321373.4663268
2016-10-25,02333.HK,6.2610864235276,6.3714139375986,6.2266090753804,6.3162501805631,31160900,195960564.09320495
2016-10-26,02333.HK,5.8128808976143,5.8611491850203,5.523271173178,5.5922258694723,209770883,1196229658.6205158
2016-10-26,02331.HK,4.8780410533535,4.8864951972934,4.7343206063742,4.7512288942541,6296770,30316649.063998554
2016-10-26,02328.HK,5.2780416099745,5.2861492007732,5.2293960651821,5.2375036559808,12187495,64079077.67555194
2016-10-27,02331.HK,4.7681371821341,4.8019537578939,4.6075084472749,4.7005040306144,4463006,21129301.27217192
2016-10-27,02328.HK,5.2212884743834,5.2699340191757,5.1077822032011,5.1645353387922,24041893,124847432.41660988
2016-10-27,02333.HK,5.6198077479901,5.6267032176195,5.2750342665183,5.3508844324421,122260515,670641237.9430568
2016-10-28,02331.HK,4.7343206063742,4.8526786215336,4.7343206063742,4.8019537578939,3465575,16524337.014974209
2016-10-28,02333.HK,5.3164070842949,5.4198391287365,5.2750342665183,5.3164070842949,69202376,367908002.0164394
2016-10-28,02328.HK,5.1483201571948,5.1645353387922,5.05102906761,5.0915670216036,19847697,101619089.01948775
2016-10-31,02333.HK,5.2681387968889,5.3095116146655,5.1784976917062,5.2198705094828,45952335,240974258.56475502
2016-10-31,02328.HK,5.0348138860125,5.1483201571948,4.9780607504214,5.0915670216036,13629622,69009371.99941218
2016-10-31,02331.HK,4.7427747503142,4.8188620457738,4.6666874548546,4.6835957427345,4551961,21454235.42795423
2016-11-01,02333.HK,5.2612433272594,5.3301980235538,5.2060795702239,5.2405569183711,55147244,289572670.29252255
2016-11-01,02331.HK,4.6835957427345,4.776591326074,4.6497791669747,4.7343206063742,2460500,11586391.58849098
2016-11-01,02328.HK,5.1564277479935,5.1888581111884,5.0753518400062,5.140212566396,17658030,90909191.78534961
2016-11-02,02333.HK,5.1922886309651,5.2129750398534,5.0543792383764,5.0819611168941,55715692,286218467.2414005
2016-11-02,02328.HK,5.0915670216036,5.0915670216036,5.0185987044151,5.0591366584087,12802536,64977374.64434497
2016-11-02,02331.HK,4.7005040306144,4.7512288942541,4.6835957427345,4.7258664624343,3065437,14447972.442549866
2016-11-03,02328.HK,5.0185987044151,5.1077822032011,4.9861683412201,4.9942759320189,15544580,77822965.40800962
2016-11-03,02331.HK,4.6920498866745,4.7427747503142,4.6497791669747,4.6920498866745,2371740,11128322.39822138
2016-11-03,02333.HK,5.0819611168941,5.1302294043002,4.985424542082,5.0199018902292,48729615,246129947.55993032
2016-11-04,02328.HK,4.9456303872265,4.9942759320189,4.9456303872265,4.9780607504214,14862078,73743335.86781591
2016-11-04,02333.HK,5.0336928294881,5.0750656472647,4.9785290724526,5.0336928294881,34054126,171418009.86068428
2016-11-04,02331.HK,4.6497791669747,4.7089581745544,4.6497791669747,4.6582333109146,2424113,11281837.025906831
2016-11-07,02328.HK,4.9780607504214,5.0429214768113,4.9699531596227,5.0023835228176,19340400,96512892.21107577
2016-11-07,02333.HK,5.0267973598586,5.1922886309651,4.9923200117114,5.144020343559,39626433,201516613.13984573
2016-11-07,02331.HK,4.6497791669747,4.7258664624343,4.6497791669747,4.6920498866745,2081667,9723288.630311385
2016-11-08,02331.HK,4.7005040306144,4.7258664624343,4.6582333109146,4.6582333109146,3138302,14685272.058197573
2016-11-08,02328.HK,5.0429214768113,5.05102906761,4.9861683412201,5.0267062952138,18031369,90784587.02501623
2016-11-08,02333.HK,5.1991841005945,5.2129750398534,5.0819611168941,5.1302294043002,35227420,181939293.94529882
2016-11-09,02331.HK,4.6835957427345,4.6835957427345,4.3538841290763,4.5821460154551,8305774,38479578.492942736
2016-11-09,02333.HK,5.144020343559,5.1716022220768,4.8130378013461,4.9992154813409,81837301,415047521.6581582
2016-11-09,02328.HK,5.0753518400062,5.0753518400062,4.7105102540632,4.8645544792392,51623352,256565641.38271484
2016-11-10,02333.HK,5.0888565865235,5.1578112828179,5.0543792383764,5.0543792383764,33123200,167988214.43766218
2016-11-10,02328.HK,4.9456303872265,5.0429214768113,4.9375227964277,4.9375227964277,19183970,94799057.09031335
2016-11-10,02331.HK,4.6413250230347,4.8188620457738,4.6413250230347,4.7596830381941,4310875,20263285.31297485
2016-11-11,02328.HK,4.8807696608366,4.8888772516353,4.7834785712518,4.8240165252455,32316185,156810832.88743678
2016-11-11,02331.HK,4.7174123184943,4.776591326074,4.6413250230347,4.7343206063742,3774271,17836700.73903818
2016-11-11,02333.HK,5.0267973598586,5.0405882991175,4.8819924976405,4.9578426635643,42712348,213233709.66758353
2016-11-14,02331.HK,4.7343206063742,4.8104079018338,4.6159625912149,4.6497791669747,3455500,16213378.383403562
2016-11-14,02328.HK,4.7591557988556,4.8483392976417,4.7510482080569,4.7996937528493,25152773,120215786.45759255
2016-11-14,02333.HK,4.9164698457876,4.937156254676,4.8061423317167,4.875097028011,39353787,192667618.573863
2016-11-15,02328.HK,4.8240165252455,4.9699531596227,4.7915861620506,4.9213076148303,27571499,134346597.39138788
2016-11-15,02331.HK,4.6497791669747,4.6835957427345,4.5567835836352,4.6075084472749,3906687,18082662.588924963
2016-11-15,02333.HK,4.9164698457876,4.9164698457876,4.8061423317167,4.826828740605,27916708,136000410.7965675
2016-11-16,02331.HK,4.6582333109146,4.7681371821341,4.6159625912149,4.7512288942541,3375000,15878467.471222183
2016-11-16,02333.HK,4.8682015583816,4.8957834368993,4.7302921657929,4.7440831050518,42955000,206447843.85889083
2016-11-16,02328.HK,4.9456303872265,5.0104911136163,4.9375227964277,4.9375227964277,21653392,107001895.04085621
2016-11-17,02333.HK,4.7302921657929,4.8199332709755,4.6751284087574,4.6889193480163,34638204,163132284.96723592
2016-11-17,02328.HK,4.8645544792392,4.9375227964277,4.7915861620506,4.8159089344468,43847549,212232296.9371521
2016-11-17,02331.HK,4.7343206063742,4.7427747503142,4.6666874548546,4.7427747503142,1419854,6728045.875287726
2016-11-18,02333.HK,4.7233966961634,4.8406196798639,4.6613374694985,4.8061423317167,33012660,157297715.94206813
2016-11-18,02328.HK,4.8159089344468,4.8726620700379,4.7996937528493,4.8564468884404,11157974,53961947.395262
2016-11-18,02331.HK,4.7343206063742,4.7934996139539,4.6920498866745,4.7258664624343,1245298,5890376.018206543
2016-11-21,02331.HK,4.7174123184943,4.776591326074,4.6751415987946,4.7427747503142,3876484,18336131.904621523
2016-11-21,02333.HK,4.8130378013461,4.8130378013461,4.7302921657929,4.7923513924578,29914536,143670380.41602886
2016-11-21,02328.HK,4.8483392976417,4.9537379780252,4.7672633896544,4.8969848424341,35581785,173378014.1537435
2016-11-22,02333.HK,4.826828740605,4.9164698457876,4.7923513924578,4.9026789065288,38129777,185491978.45250326
2016-11-22,02328.HK,4.9456303872265,5.0834594308049,4.9456303872265,5.0591366584087,44965120,224932775.38951612
2016-11-22,02331.HK,4.7258664624343,4.8188620457738,4.7258664624343,4.7427747503142,7020583,33237690.765660748
2016-11-23,02331.HK,4.7343206063742,4.785045470014,4.7089581745544,4.7427747503142,3697333,17519988.703215394
2016-11-23,02328.HK,5.1077822032011,5.140212566396,4.9942759320189,5.0185987044151,45954213,232674932.5738641
2016-11-23,02333.HK,4.8888879672699,4.9164698457876,4.826828740605,4.8406196798639,24232110,117883249.77559373
2016-11-24,02328.HK,5.0104911136163,5.1239973847986,4.9861683412201,5.0915670216036,24651446,124515170.30461703
2016-11-24,02331.HK,4.7512288942541,4.785045470014,4.6413250230347,4.7427747503142,3240185,15381164.09953777
2016-11-24,02333.HK,4.8337242102344,4.8406196798639,4.716501226534,4.8337242102344,27956500,135134010.883418
2016-11-25,02333.HK,4.8406196798639,4.9578426635643,4.7923513924578,4.9302607850465,42298875,206648625.71259344
2016-11-25,02331.HK,4.7258664624343,4.7258664624343,4.6328708790948,4.6835957427345,4128833,19425049.032476857
2016-11-25,02328.HK,5.1158897939998,5.3672251087605,5.1158897939998,5.3347947455656,65425735,341871858.6271015
2016-11-28,02331.HK,4.7343206063742,4.8019537578939,4.6413250230347,4.7596830381941,10094990,47920935.925940275
2016-11-28,02328.HK,5.4077630627542,5.472623789144,5.3429023363643,5.3591175179618,42559403,229116004.84378314
2016-11-28,02333.HK,4.9302607850465,4.9716336028231,4.9164698457876,4.9164698457876,25799333,127019541.25309451
2016-11-29,02331.HK,4.776591326074,4.8188620457738,4.7343206063742,4.8019537578939,3069500,14700672.067619734
2016-11-29,02328.HK,5.3023643823707,5.3347947455656,5.2456112467796,5.2699340191757,34244203,181019966.31956524
2016-11-29,02333.HK,4.8819924976405,5.0336928294881,4.8819924976405,4.9785290724526,31428000,154948235.95244297
2016-11-30,02331.HK,4.8188620457738,4.9034034851733,4.7681371821341,4.8273161897137,8848731,42678218.191941775
2016-11-30,02328.HK,5.2699340191757,5.3753326995593,5.2456112467796,5.2699340191757,33772824,177980554.12123355
2016-11-30,02333.HK,5.0336928294881,5.1233339346707,4.985424542082,5.0336928294881,29518351,148586311.7670129
2016-12-01,02328.HK,5.3185795639681,5.3266871547669,5.2375036559808,5.2699340191757,25845609,136833290.98056182
2016-12-01,02333.HK,5.0199018902292,5.1509158131885,4.9992154813409,5.0336928294881,29724348,149418274.04991972
2016-12-01,02331.HK,4.8188620457738,4.8442244775936,4.7427747503142,4.7512288942541,3507200,16782111.472432926
2016-12-02,02331.HK,4.7343206063742,4.7681371821341,4.7089581745544,4.7258664624343,4460578,21098951.15750584
2016-12-02,02328.HK,5.1888581111884,5.261826428377,5.1645353387922,5.1969657019872,29195446,151609379.15154117
2016-12-02,02333.HK,4.9923200117114,5.0336928294881,4.8475151494933,4.9233653154171,35017775,173612618.8780936
2016-12-05,02328.HK,5.1888581111884,5.2537188375783,5.1158897939998,5.172642929591,19014716,98510499.81206235
2016-12-05,02333.HK,4.9302607850465,4.9302607850465,4.875097028011,4.9164698457876,25426528,125184086.04668047
2016-12-05,02331.HK,4.7005040306144,4.7512288942541,4.5736918715151,4.6075084472749,3834000,17843459.920113787
2016-12-06,02333.HK,4.937156254676,5.0336928294881,4.937156254676,4.9785290724526,22218548,110156065.19685125
2016-12-06,02328.HK,5.1807505203897,5.261826428377,5.1807505203897,5.2375036559808,14081436,73351989.70814694
2016-12-06,02331.HK,4.6075084472749,4.6666874548546,4.5483294396952,4.5567835836352,5293897,24257409.044779446
2016-12-07,02333.HK,5.1371248739296,5.2405569183711,5.1302294043002,5.2336614487417,92070214,477420258.0383098
2016-12-07,02328.HK,5.2375036559808,5.2780416099745,5.1969657019872,5.2537188375783,19595441,102790065.6952051
2016-12-07,02331.HK,4.5483294396952,4.6075084472749,4.4637880002957,4.4891504321156,12472708,56360923.748486765
2016-12-08,02333.HK,5.25434785763,5.3715708413304,5.25434785763,5.3577799020715,67105025,356063549.3089816
2016-12-08,02328.HK,5.3347947455656,5.3429023363643,5.2699340191757,5.3023643823707,26517003,141032790.25348213
2016-12-08,02331.HK,4.4976045760555,4.5567835836352,4.4215172805959,4.4722421442357,13234547,59355929.00124488
2016-12-09,02333.HK,5.3784663109598,5.3991527198481,5.2405569183711,5.2888252057772,35874771,191343320.17659125
2016-12-09,02331.HK,4.4891504321156,4.4976045760555,4.0664432351179,4.1932553942172,34184600,148402285.10542813
2016-12-09,02328.HK,5.2780416099745,5.3104719731694,5.2456112467796,5.2942567915719,20900492,110483119.08156668
2016-12-12,02328.HK,5.2942567915719,5.3185795639681,5.1564277479935,5.1969657019872,20612715,108126289.63066153
2016-12-12,02331.HK,4.1932553942172,4.2777968336167,4.1171680987576,4.1509846745174,6163329,25714148.399296977
2016-12-12,02333.HK,5.3095116146655,5.3095116146655,5.0888565865235,5.144020343559,37037486,193586271.77664626
2016-12-13,02333.HK,5.1302294043002,5.2267659791123,5.095752056153,5.1784976917062,30639631,157927797.15066883
2016-12-13,02331.HK,4.1594388184574,4.2017095381571,4.1425305305775,4.1594388184574,4994604,20774749.760422606
2016-12-13,02328.HK,5.1807505203897,5.2456112467796,5.1564277479935,5.2131808835846,20453441,106295831.36461775
2016-12-14,02333.HK,5.2060795702239,5.2060795702239,5.0405882991175,5.0681701776352,43446909,223192196.91925365
2016-12-14,02331.HK,4.1678929623973,4.227071969977,4.1509846745174,4.227071969977,15643103,65661650.55925961
2016-12-14,02328.HK,5.2131808835846,5.2375036559808,5.172642929591,5.1969657019872,13366257,69572347.33521259
2016-12-15,02328.HK,5.0915670216036,5.1564277479935,4.9861683412201,5.0672442492075,32304569,164088009.82794744
2016-12-15,02331.HK,4.1932553942172,4.2101636820971,4.0748973790578,4.0833515229978,6915500,28618437.568000168
2016-12-15,02333.HK,4.9785290724526,5.0336928294881,4.8957834368993,4.9578426635643,51213157,254436482.86349803
2016-12-16,02331.HK,4.0833515229978,4.1002598108777,3.863543780559,3.9058145002587,32185764,128568706.09067611
2016-12-16,02333.HK,5.0061109509703,5.1164384650413,4.937156254676,4.9992154813409,45090785,225574011.5070807
2016-12-16,02328.HK,4.9699531596227,5.0591366584087,4.9537379780252,4.9942759320189,32544644,162141144.26095963
2016-12-19,02328.HK,4.9780607504214,4.9861683412201,4.9132000240315,4.9375227964277,18352848,90989598.8333112
2016-12-19,02331.HK,3.8466354926791,4.0241725154181,3.8466354926791,3.9734476517784,11605098,45376415.62978873
2016-12-19,02333.HK,4.9992154813409,5.095752056153,4.9440517243054,5.0405882991175,26981635,135445160.53797433
2016-12-20,02328.HK,4.9132000240315,4.9456303872265,4.8645544792392,4.8888772516353,20994917,102896899.4151053
2016-12-20,02333.HK,5.0130064205997,5.0681701776352,4.9716336028231,5.0199018902292,17910256,89845978.13573658
2016-12-20,02331.HK,3.9142686441987,4.0241725154181,3.9142686441987,3.9903559396583,11728903,46356287.49773706
2016-12-21,02328.HK,4.8645544792392,4.9861683412201,4.8645544792392,4.9375227964277,16747389,82079600.5718269
2016-12-21,02331.HK,3.9988100835982,4.0579890911779,3.9734476517784,4.0241725154181,6596850,26463206.37916034
2016-12-21,02333.HK,5.0543792383764,5.0750656472647,4.985424542082,4.9923200117114,15403716,77378250.99288273
2016-12-22,02328.HK,4.8726620700379,4.9213076148303,4.840231706843,4.8564468884404,19709435,95877620.31252287
2016-12-22,02331.HK,4.0579890911779,4.0579890911779,3.9649935078384,3.9734476517784,3934916,15801514.471423317
2016-12-22,02333.HK,5.0336928294881,5.0336928294881,4.9302607850465,4.9509471939348,13457252,67182908.46224393
2016-12-23,02328.HK,4.8564468884404,4.8645544792392,4.7834785712518,4.8240165252455,12238375,59236570.715234086
2016-12-23,02331.HK,3.9565393638985,3.9819017957183,3.8889062123788,3.9734476517784,3581500,14200624.248323409
2016-12-23,02333.HK,4.9164698457876,4.9440517243054,4.8475151494933,4.8957834368993,21614950,106045682.0463066
2016-12-28,02328.HK,4.8240165252455,4.8807696608366,4.8240165252455,4.8564468884404,13387104,64796685.24360408
2016-12-28,02331.HK,3.9142686441987,4.0748973790578,3.9142686441987,4.0326266593581,5508297,21886929.779948007
2016-12-28,02333.HK,4.8544106191227,4.9509471939348,4.8544106191227,4.9095743761582,17130897,83632910.6318513
2016-12-29,02328.HK,4.8240165252455,4.840231706843,4.7834785712518,4.8321241160442,13204792,63753664.34548855
2016-12-29,02331.HK,3.9734476517784,4.041080803298,3.9396310760186,4.0157183714781,2070334,8270121.024796361
2016-12-29,02333.HK,4.8957834368993,5.0405882991175,4.8957834368993,4.985424542082,17214880,85051904.80660279
2016-12-30,02328.HK,4.8483392976417,4.9456303872265,4.840231706843,4.8969848424341,11601777,56531538.732938096
2016-12-30,02331.HK,4.041080803298,4.2355261139169,4.0072642275382,4.1171680987576,4492500,18325466.59624239
2016-12-30,02333.HK,4.9647381331937,5.0888565865235,4.9647381331937,4.9923200117114,12020000,59841919.450879656
2017-01-03,02328.HK,4.8888772516353,4.9537379780252,4.8321241160442,4.9537379780252,17976579,88468275.12129755
2017-01-03,02331.HK,4.1087139548176,4.1594388184574,4.0664432351179,4.1594388184574,4122200,17041489.680997103
2017-01-03,02333.HK,4.9578426635643,5.0130064205997,4.9095743761582,4.9578426635643,36848500,182689065.38834912
2017-01-04,02333.HK,4.9785290724526,5.0474837687469,4.9578426635643,5.0130064205997,20038236,100106373.10607918
2017-01-04,02328.HK,4.9375227964277,4.9537379780252,4.8483392976417,4.8888772516353,18921687,92966033.02311653
2017-01-04,02331.HK,4.1425305305775,4.1848012502772,4.1002598108777,4.1256222426975,4637901,19173437.00766245
2017-01-05,02328.HK,4.8969848424341,4.9942759320189,4.8888772516353,4.9537379780252,16979099,83628198.99506883
2017-01-05,02331.HK,4.218617826037,4.2439802578569,4.1002598108777,4.227071969977,9781600,41306179.65434527
2017-01-05,02333.HK,5.0474837687469,5.0819611168941,5.0061109509703,5.0405882991175,23789554,119995367.60717589
2017-01-06,02333.HK,5.0405882991175,5.1095429954118,4.9578426635643,4.985424542082,25926839,129971410.37285599
2017-01-06,02331.HK,4.227071969977,4.3369758411964,4.1848012502772,4.2862509775567,9862925,41983132.86615191
2017-01-06,02328.HK,4.9942759320189,5.0185987044151,4.9050924332328,4.9456303872265,14545361,72289762.8598028
2017-01-09,02333.HK,5.095752056153,5.1302294043002,5.0405882991175,5.0474837687469,43868833,222485959.2410755
2017-01-09,02331.HK,4.2693426896768,4.2862509775567,4.2355261139169,4.2439802578569,7289500,31028933.81302345
2017-01-09,02328.HK,4.9132000240315,4.9780607504214,4.8645544792392,4.9132000240315,14965213,73527084.87123652
2017-01-10,02333.HK,5.0819611168941,5.2750342665183,5.0543792383764,5.2336614487417,79882700,412019891.3619575
2017-01-10,02331.HK,4.227071969977,4.2947051214966,4.227071969977,4.2608885457368,9578500,40650964.89988232
2017-01-10,02328.HK,4.9132000240315,4.9780607504214,4.9050924332328,4.9456303872265,21572285,106338749.69916241
2017-01-11,02333.HK,5.2336614487417,5.412943659107,5.2336614487417,5.3370934931832,64371696,340228711.8060436
2017-01-11,02331.HK,4.3031592654366,4.3031592654366,4.1425305305775,4.2017095381571,8274100,35185067.48390732
2017-01-11,02328.HK,4.9375227964277,4.9861683412201,4.9213076148303,4.9537379780252,31511647,155844958.9547532
2017-01-12,02331.HK,4.1087139548176,4.1678929623973,4.0326266593581,4.0326266593581,8934514,36369460.8480607
2017-01-12,02328.HK,4.9213076148303,4.9375227964277,4.8564468884404,4.9050924332328,41129035,202075175.75039446
2017-01-12,02333.HK,5.3095116146655,5.4681074161425,5.302616145036,5.3577799020715,43379622,231371536.8799289
2017-01-13,02328.HK,4.8888772516353,4.9132000240315,4.8564468884404,4.8726620700379,18058261,88138212.41626881
2017-01-13,02331.HK,4.0748973790578,4.0748973790578,3.9142686441987,3.9819017957183,22782252,91776014.55657057
2017-01-13,02333.HK,5.3439889628127,5.5646439909546,5.3439889628127,5.5025847642897,74394184,403461000.81181085
2017-01-16,02331.HK,3.9988100835982,4.1425305305775,3.9311769320786,4.1340763866375,5250500,21350860.205986273
2017-01-16,02328.HK,4.8483392976417,4.8645544792392,4.7510482080569,4.7753709804531,29369370,141321153.96508452
2017-01-16,02333.HK,5.5025847642897,5.523271173178,5.3784663109598,5.4818983554014,32287514,177330826.254895
2017-01-17,02331.HK,4.1425305305775,4.2101636820971,4.0833515229978,4.1763471063373,5551212,23089926.68228654
2017-01-17,02328.HK,4.7915861620506,4.7996937528493,4.7429406172582,4.7834785712518,22516503,107798486.89629886
2017-01-17,02333.HK,5.4818983554014,5.571539460584,5.3922572502187,5.5508530516957,28379035,156549419.16415393
2017-01-18,02331.HK,4.1002598108777,4.218617826037,4.0579890911779,4.1171680987576,154107595,633184026.1198868
2017-01-18,02328.HK,4.7834785712518,4.8564468884404,4.7510482080569,4.7996937528493,35680022,170963899.67685917
2017-01-18,02333.HK,5.5577485213252,5.6956579139139,5.5370621124369,5.6129122783607,39667690,221557154.8485462
2017-01-19,02333.HK,5.6542850961373,5.6749715050256,5.5922258694723,5.6060168087312,24419922,137487847.10667008
2017-01-19,02328.HK,4.7996937528493,4.8240165252455,4.7267254356607,4.7429406172582,33664247,160622800.23299414
2017-01-19,02331.HK,4.1171680987576,4.2017095381571,4.0833515229978,4.1848012502772,13420415,55707936.990663424
2017-01-20,02331.HK,4.1087139548176,4.1848012502772,4.1087139548176,4.1509846745174,8105750,33475526.08236609
2017-01-20,02333.HK,5.5853303998429,5.7025533835433,5.5577485213252,5.6060168087312,40889454,228804038.44150954
2017-01-20,02328.HK,4.7429406172582,4.7672633896544,4.7105102540632,4.7267254356607,22923924,108540952.45124641
2017-01-23,02328.HK,4.7591557988556,4.7672633896544,4.7105102540632,4.718617844862,33315983,157880672.79597184
2017-01-23,02333.HK,5.6404941568784,5.7577171405788,5.6404941568784,5.7370307316905,46677192,265535456.85425457
2017-01-23,02331.HK,4.1848012502772,4.218617826037,4.049534947238,4.0748973790578,5127000,21173737.436300274
2017-01-24,02331.HK,3.9988100835982,4.0664432351179,3.9819017957183,4.0664432351179,6804012,27438040.18179208
2017-01-24,02333.HK,5.7370307316905,5.7577171405788,5.5922258694723,5.633598687249,50709195,288297732.2388699
2017-01-24,02328.HK,4.7105102540632,4.7672633896544,4.6618647092709,4.718617844862,157378285,741970004.6270792
2017-01-25,02328.HK,4.7429406172582,4.8240165252455,4.7348330264594,4.7672633896544,80374602,382189430.99720275
2017-01-25,02331.HK,4.0833515229978,4.1848012502772,4.041080803298,4.1509846745174,7338000,30211779.508683275
2017-01-25,02333.HK,5.6404941568784,5.7025533835433,5.5301666428074,5.571539460584,21853814,122512848.61888522
2017-01-26,02331.HK,4.0748973790578,4.1763471063373,4.049534947238,4.1594388184574,4365701,17974324.885914154
2017-01-26,02333.HK,5.6404941568784,5.6404941568784,5.4543164768836,5.4887938250308,40025775,222729188.33705088
2017-01-26,02328.HK,4.807801343648,4.8483392976417,4.7915861620506,4.807801343648,49093428,236031449.10268635
2017-01-27,02328.HK,4.7915861620506,4.8159089344468,4.7672633896544,4.7915861620506,7897996,37843928.34153099
2017-01-27,02333.HK,5.4474210072542,5.4818983554014,5.3439889628127,5.4060481894776,32682275,177358032.4958089
2017-01-27,02331.HK,4.1509846745174,4.2101636820971,4.1002598108777,4.1848012502772,1661900,6926621.314208073
2017-02-01,02331.HK,4.1763471063373,4.227071969977,4.1002598108777,4.1763471063373,5232740,21853738.55721544
2017-02-01,02328.HK,4.7672633896544,4.7996937528493,4.7105102540632,4.7672633896544,23549539,112266855.11793849
2017-02-01,02333.HK,5.364675371701,5.4336300679953,5.3164070842949,5.3784663109598,25602050,137523225.25828296
2017-02-02,02328.HK,4.7672633896544,4.7753709804531,4.718617844862,4.7348330264594,18167572,86315010.39534472
2017-02-02,02333.HK,5.3784663109598,5.412943659107,5.3370934931832,5.3715708413304,21413102,115095821.02288981
2017-02-02,02331.HK,4.1509846745174,4.1763471063373,4.049534947238,4.0579890911779,7153156,29360034.972962968
2017-02-03,02328.HK,4.7429406172582,4.7591557988556,4.7105102540632,4.7348330264594,14631047,69334875.81829673
2017-02-03,02331.HK,4.0918056669377,4.1848012502772,4.049534947238,4.1509846745174,7639362,31484829.654239558
2017-02-03,02333.HK,5.412943659107,5.6060168087312,5.3853617805893,5.571539460584,54741134,300651531.1878715
2017-02-06,02331.HK,4.1932553942172,4.2524344017969,4.1171680987576,4.218617826037,6294947,26476148.04610976
2017-02-06,02328.HK,4.7510482080569,4.8969848424341,4.7429406172582,4.8645544792392,76506775,367829375.64317906
2017-02-06,02333.HK,5.6060168087312,5.7715080798377,5.6060168087312,5.7577171405788,67021258,380805872.4300322
2017-02-07,02328.HK,4.8564468884404,4.9213076148303,4.8321241160442,4.8726620700379,49395351,240286375.96064
2017-02-07,02331.HK,4.2608885457368,4.5060587199955,4.2608885457368,4.4806962881756,16962748,74140650.32913895
2017-02-07,02333.HK,5.6542850961373,5.7577171405788,5.5301666428074,5.6267032176195,80976895,456749703.08965576
2017-02-08,02328.HK,4.8645544792392,4.9618455688239,4.7996937528493,4.9456303872265,49068861,240687298.79845452
2017-02-08,02331.HK,4.4806962881756,4.5483294396952,4.3877007048361,4.4637880002957,8700202,38909410.047763295
2017-02-08,02333.HK,5.633598687249,5.9645812294619,5.5853303998429,5.950790290203,88259445,511215870.90701556
2017-02-09,02333.HK,5.9852676383502,6.2335045450099,5.9645812294619,6.0404313953857,119190255,716673067.1921178
2017-02-09,02328.HK,4.929415205629,4.9861683412201,4.9213076148303,4.9780607504214,47342180,234520755.02850506
2017-02-09,02331.HK,4.4637880002957,4.4637880002957,4.3200675533165,4.3285216972564,14676165,64518693.92618735
2017-02-10,02333.HK,5.9990585776091,6.0955951524212,5.9369993509441,5.9645812294619,51886800,310377492.9707658
2017-02-10,02331.HK,4.3961548487761,4.5821460154551,4.3707924169562,4.5229670078754,13713511,61156237.84576539
2017-02-10,02328.HK,5.0104911136163,5.0753518400062,4.9699531596227,5.0023835228176,55092994,275819621.1339025
2017-02-13,02331.HK,4.5483294396952,4.6244167351548,4.4806962881756,4.5567835836352,8877033,40413194.388416864
2017-02-13,02333.HK,6.0266404561268,6.1714453183449,5.9369993509441,6.1162815613095,61166935,371372660.8752975
2017-02-13,02328.HK,5.0023835228176,5.0672442492075,4.9861683412201,5.0348138860125,22062296,110721810.12202133
2017-02-14,02331.HK,4.590600159395,4.6075084472749,4.4553338563558,4.4891504321156,5127960,23280298.921621345
2017-02-14,02333.HK,6.0335359257562,6.3093547109337,6.0335359257562,6.1783407879744,86884902,530513855.7542826
2017-02-14,02328.HK,5.0429214768113,5.0672442492075,4.9456303872265,5.0185987044151,25302602,127291320.33026974
2017-02-15,02333.HK,6.2610864235276,6.3162501805631,6.1300725005683,6.1714453183449,46493180,289013968.0652959
2017-02-15,02331.HK,4.5060587199955,4.5060587199955,4.3792465608962,4.4384255684758,5319250,23788974.025725484
2017-02-15,02328.HK,5.0185987044151,5.0672442492075,4.9618455688239,5.0023835228176,42818877,214543602.70353153
2017-02-16,02328.HK,5.0429214768113,5.0429214768113,4.9699531596227,5.0023835228176,42942071,215683100.25535962
2017-02-16,02333.HK,6.1645498487155,6.1990271968627,6.0542223346445,6.0886996827917,69906600,428291506.8496306
2017-02-16,02331.HK,4.4299714245359,4.4722421442357,4.3454299851364,4.4553338563558,10925639,48538818.95190816
2017-02-17,02328.HK,5.0104911136163,5.0429214768113,4.9456303872265,4.9780607504214,19090007,95340762.50217137
2017-02-17,02333.HK,6.0680132739034,6.1231770309389,6.0197449864974,6.0680132739034,29219540,177304556.57735136
2017-02-17,02331.HK,4.4891504321156,4.4891504321156,4.2947051214966,4.3369758411964,5700320,25155872.05914293
2017-02-20,02328.HK,5.0023835228176,5.0023835228176,4.9132000240315,4.9375227964277,23828413,118426096.47814342
2017-02-20,02333.HK,6.1300725005683,6.4817414516696,6.0749087435328,6.4541595731518,107886678,678835496.8073562
2017-02-20,02331.HK,4.3200675533165,4.4384255684758,4.3031592654366,4.3538841290763,4646833,20153202.45907419
2017-02-21,02328.HK,4.929415205629,4.9942759320189,4.8726620700379,4.8888772516353,31403974,154166700.5261621
2017-02-21,02333.HK,6.5506961479639,6.8816786901768,6.5093233301873,6.7023964798115,148177209,981903138.1011174
2017-02-21,02331.HK,4.3538841290763,4.4215172805959,4.3285216972564,4.3285216972564,5422496,23540155.43183288
2017-02-22,02331.HK,4.413063136656,4.4553338563558,4.3200675533165,4.3454299851364,7546215,33046736.086533315
2017-02-22,02333.HK,6.7437692975881,6.9506333864712,6.7437692975881,6.8265149331413,90742513,615700846.6103288
2017-02-22,02328.HK,4.8969848424341,4.929415205629,4.8240165252455,4.9050924332328,40980709,200848038.214809
2017-02-23,02331.HK,4.3707924169562,4.5145128639354,4.3285216972564,4.4806962881756,8514656,37683690.70604136
2017-02-23,02333.HK,6.7713511761059,6.9506333864712,6.6886055405526,6.7299783583292,55211762,372716096.4694008
2017-02-23,02328.HK,4.8807696608366,4.9132000240315,4.8645544792392,4.8969848424341,22108782,108087121.38116509
2017-02-24,02333.HK,6.7092919494409,6.7920375849942,6.5231142694462,6.5575916175933,54709323,362911109.1361331
2017-02-24,02328.HK,4.8726620700379,4.9050924332328,4.840231706843,4.8645544792392,21256291,103488554.25072494
2017-02-24,02331.HK,4.4806962881756,4.4806962881756,4.3031592654366,4.3285216972564,8083993,35606828.264853194
2017-02-27,02333.HK,6.5231142694462,6.7437692975881,6.5231142694462,6.6955010101821,42633500,281777917.26201653
2017-02-27,02328.HK,4.8321241160442,4.8645544792392,4.8159089344468,4.840231706843,23487837,113591358.48698772
2017-02-27,02331.HK,4.3116134093765,4.4384255684758,4.3116134093765,4.404608992716,3474500,15142257.368035195
2017-02-28,02333.HK,6.7368738279587,6.8403058724002,6.5713825568522,6.5782780264817,40312456,268383236.6327235
2017-02-28,02331.HK,4.413063136656,4.413063136656,4.3369758411964,4.3877007048361,4474500,19689508.904378198
2017-02-28,02328.HK,4.8159089344468,4.840231706843,4.7915861620506,4.807801343648,20529504,98784999.32449417
2017-03-01,02328.HK,4.8321241160442,4.8321241160442,4.7834785712518,4.8240165252455,15014783,72492428.17322284
2017-03-01,02331.HK,4.4299714245359,4.4553338563558,4.3623382730163,4.4468797124158,3044969,13514868.26481634
2017-03-01,02333.HK,6.6541281924054,6.6886055405526,6.5300097390756,6.6058599049994,33742417,223712023.8988347
2017-03-02,02333.HK,6.7161874190704,6.7713511761059,6.4334731642635,6.4817414516696,65436818,431815234.74577945
2017-03-02,02328.HK,4.8645544792392,4.8807696608366,4.7915861620506,4.807801343648,30040806,145282682.4191624
2017-03-02,02331.HK,4.4722421442357,4.4722421442357,4.3454299851364,4.3707924169562,3263819,14431032.109237392
2017-03-03,02333.HK,6.5231142694462,6.5231142694462,6.2955637716748,6.3714139375986,71091446,458345327.8633011
2017-03-03,02328.HK,4.7834785712518,4.8483392976417,4.7672633896544,4.8240165252455,17889993,85939010.0119355
2017-03-03,02331.HK,4.3877007048361,4.3961548487761,4.2947051214966,4.3877007048361,4148990,18204526.347357932
2017-03-06,02333.HK,6.378309407228,6.4127867553752,6.1783407879744,6.2266090753804,92227896,581262555.4512427
2017-03-06,02328.HK,4.8321241160442,4.8807696608366,4.8240165252455,4.8483392976417,25773662,124750496.01385327
2017-03-06,02331.HK,4.3877007048361,4.3961548487761,4.2947051214966,4.3116134093765,8524000,37076476.75477411
2017-03-07,02333.HK,6.1645498487155,6.3576229983397,6.1300725005683,6.2541909538982,54859769,340644625.8511311
2017-03-07,02331.HK,4.2862509775567,4.3454299851364,4.2777968336167,4.3369758411964,5815320,25073411.691815637
2017-03-07,02328.HK,4.8483392976417,4.8969848424341,4.840231706843,4.8726620700379,25896178,125868390.87783718
2017-03-08,02333.HK,6.2335045450099,6.4058912857458,6.1507589094566,6.3714139375986,64092688,403941553.78563005
2017-03-08,02328.HK,4.8645544792392,4.929415205629,4.8645544792392,4.8969848424341,42791372,208854830.20317492
2017-03-08,02331.HK,4.3116134093765,4.3454299851364,4.2777968336167,4.2862509775567,6170625,26527098.466309838
2017-03-09,02333.HK,6.3714139375986,6.3714139375986,6.1921317272333,6.2335045450099,41957378,264434664.71699563
2017-03-09,02331.HK,4.3031592654366,4.3623382730163,4.2693426896768,4.3369758411964,4578973,19781472.684812315
2017-03-09,02328.HK,4.8645544792392,4.9132000240315,4.8321241160442,4.8807696608366,53701880,261671113.7657269
2017-03-10,02331.HK,4.3454299851364,4.404608992716,4.2862509775567,4.3454299851364,4690472,20382117.673242703
2017-03-10,02333.HK,6.2541909538982,6.5162187998167,6.2266090753804,6.4196822250046,56773560,359770449.6774144
2017-03-10,02328.HK,4.8645544792392,4.9213076148303,4.8645544792392,4.9213076148303,31812682,155657259.44724354
2017-03-13,02331.HK,4.3454299851364,4.3792465608962,4.3116134093765,4.3200675533165,3981394,17250379.953305572
2017-03-13,02328.HK,4.9132000240315,5.0104911136163,4.8645544792392,4.9618455688239,31597433,156013045.7460969
2017-03-13,02333.HK,6.4679505124107,6.6610236620349,6.3576229983397,6.5300097390756,55502661,360710690.7648594
2017-03-14,02328.HK,5.0023835228176,5.0348138860125,4.9537379780252,5.0104911136163,34988655,175168508.10621807
2017-03-14,02333.HK,6.5713825568522,6.6748146012938,6.4610550427812,6.5644870872228,49137360,322730977.8069926
2017-03-14,02331.HK,4.2947051214966,4.3961548487761,4.2947051214966,4.3707924169562,6661263,28861579.06474336
2017-03-15,02328.HK,4.9699531596227,5.0267062952138,4.9699531596227,4.9942759320189,25546453,127275355.08542742
2017-03-15,02331.HK,4.3792465608962,4.4384255684758,4.3369758411964,4.3877007048361,3267125,14321356.292777821
2017-03-15,02333.HK,6.5644870872228,6.6196508442583,6.4679505124107,6.5162187998167,33629000,219945529.13762566
2017-03-16,02328.HK,5.0672442492075,5.0672442492075,5.0023835228176,5.0429214768113,34235551,173063547.1657843
2017-03-16,02331.HK,4.4299714245359,4.4384255684758,4.3707924169562,4.413063136656,3144516,13903531.833110454
2017-03-16,02333.HK,6.5851734961111,6.7230828886998,6.5644870872228,6.6886055405526,53232316,353297000.09692883
2017-03-17,02333.HK,6.6817100709232,6.6955010101821,6.0059540472385,6.0955951524212,301621232,1926953271.5525863
2017-03-17,02331.HK,4.4215172805959,4.5567835836352,4.3707924169562,4.4806962881756,10063348,44793036.55643477
2017-03-17,02328.HK,5.0672442492075,5.1645353387922,5.0672442492075,5.1645353387922,62978695,322192062.9899294
2017-03-20,02331.HK,4.5314211518153,4.599054303335,4.4806962881756,4.5145128639354,9714500,43938362.998005085
2017-03-20,02328.HK,5.172642929591,5.1888581111884,5.1239973847986,5.172642929591,20624955,106685527.65388255
2017-03-20,02333.HK,6.0955951524212,6.2404000146393,5.9301038813147,6.1300725005683,118258750,722896087.278986
2017-03-21,02331.HK,4.5567835836352,4.5652377275752,4.4299714245359,4.4637880002957,9102485,41054808.76707863
2017-03-21,02328.HK,5.172642929591,5.2293960651821,5.1321049755973,5.1645353387922,25509718,131849251.2710919
2017-03-21,02333.HK,6.1162815613095,6.1231770309389,6.0059540472385,6.0680132739034,59854799,364644259.1592031
2017-03-22,02333.HK,5.9990585776091,6.1438634398272,5.902522002797,6.0749087435328,55506309,335090680.4916023
2017-03-22,02328.HK,5.1077822032011,5.140212566396,5.05102906761,5.1077822032011,34454174,175984416.78319404
2017-03-22,02331.HK,4.3707924169562,4.4637880002957,4.2524344017969,4.3031592654366,11801000,51180651.90195872
2017-03-23,02333.HK,6.0818042131623,6.1369679701978,5.9783721687207,6.0473268650151,42753009,259278425.07374907
2017-03-23,02328.HK,5.172642929591,5.172642929591,5.0591366584087,5.0834594308049,21421773,109851948.31458259
2017-03-23,02331.HK,4.4384255684758,4.4384255684758,3.9649935078384,3.9734476517784,63703000,267930779.87492666
2017-03-24,02328.HK,5.0915670216036,5.140212566396,5.0348138860125,5.05102906761,22016118,111650296.16323258
2017-03-24,02331.HK,3.9819017957183,4.1002598108777,3.9734476517784,4.0579890911779,23969870,96357569.6865433
2017-03-24,02333.HK,6.10938609168,6.330041119822,6.0680132739034,6.2748773627865,74959316,464157958.855303
2017-03-27,02333.HK,6.2335045450099,6.4679505124107,6.0335359257562,6.1300725005683,81743422,505320547.933106
2017-03-27,02331.HK,4.0579890911779,4.0664432351179,3.8804520684389,3.8889062123788,21606025,85850409.30051431
2017-03-27,02328.HK,4.9699531596227,5.0834594308049,4.9375227964277,5.0023835228176,34436557,171706470.29402316
2017-03-28,02333.HK,6.1783407879744,6.2886683020454,6.0680132739034,6.2404000146393,39366500,244441179.9030461
2017-03-28,02328.HK,5.0185987044151,5.0429214768113,4.9537379780252,4.9780607504214,36199910,180939086.2828652
2017-03-28,02331.HK,3.9396310760186,3.9396310760186,3.855089636619,3.8889062123788,21062916,82445911.6541911
2017-03-29,02333.HK,6.2817728324159,6.3093547109337,6.1438634398272,6.2059226664921,30643259,191331843.74308604
2017-03-29,02328.HK,5.0267062952138,5.0267062952138,4.9375227964277,4.9618455688239,32413617,161882547.25277704
2017-03-29,02331.HK,3.8973603563188,3.9142686441987,3.8043647729793,3.855089636619,24227187,93910027.84352638
2017-03-30,02333.HK,6.2059226664921,6.2059226664921,6.0680132739034,6.0955951524212,36228747,222834288.38870087
2017-03-30,02331.HK,3.8381813487391,3.8719979244989,3.8043647729793,3.8212730608592,11477143,43954326.78047013
2017-03-30,02328.HK,4.9375227964277,4.9375227964277,4.807801343648,4.8969848424341,39952494,196456553.71729013
2017-03-31,02333.HK,6.1369679701978,6.2059226664921,6.0955951524212,6.1024906220506,17663357,108094963.30080047
2017-03-31,02328.HK,4.8564468884404,4.8726620700379,4.8321241160442,4.8564468884404,23913973,116136939.76609775
2017-03-31,02331.HK,3.8212730608592,3.8889062123788,3.8212730608592,3.855089636619,12125800,46541019.398540586
2017-04-03,02331.HK,3.8128189169192,3.9227227881387,3.8128189169192,3.8889062123788,5949475,22910610.556815106
2017-04-03,02333.HK,6.3645184679691,6.488636921299,6.3231456501925,6.4196822250046,77826005,497471633.5261873
2017-04-03,02328.HK,4.8807696608366,4.8888772516353,4.8240165252455,4.840231706843,18509035,89963177.2747148
2017-04-05,02328.HK,4.840231706843,4.8969848424341,4.8321241160442,4.8807696608366,55302674,268798684.79516953
2017-04-05,02331.HK,3.9396310760186,3.9988100835982,3.8804520684389,3.9480852199585,10457733,41243815.501538746
2017-04-05,02333.HK,6.5024278605579,6.8127239938825,6.3989958161163,6.4334731642635,125557165,812097529.6985848
2017-04-06,02331.HK,3.9903559396583,3.9988100835982,3.9227227881387,3.9649935078384,7244000,28814275.69883305
2017-04-06,02328.HK,4.8564468884404,4.8888772516353,4.840231706843,4.8726620700379,62593082,304487457.4124834
2017-04-06,02333.HK,6.4127867553752,6.5300097390756,6.2817728324159,6.3507275287103,58053000,370480147.3670078
2017-04-07,02331.HK,3.9819017957183,3.9903559396583,3.863543780559,3.9396310760186,4915050,19467365.070615225
2017-04-07,02328.HK,4.840231706843,4.8564468884404,4.7915861620506,4.840231706843,51548920,249508717.0375133
2017-04-07,02333.HK,6.3714139375986,6.3714139375986,6.1438634398272,6.2266090753804,80106230,504590064.5114944
2017-04-10,02328.HK,4.8645544792392,4.8645544792392,4.7996937528493,4.8321241160442,20565154,99706844.30025342
2017-04-10,02331.HK,3.9649935078384,4.0072642275382,3.9142686441987,3.9227227881387,3974776,15675952.714029336
2017-04-10,02333.HK,6.1990271968627,6.2817728324159,6.0680132739034,6.1852362576038,78113609,483689756.61759275
2017-04-11,02328.HK,4.8240165252455,4.8564468884404,4.7834785712518,4.8159089344468,30419213,146619472.9312515
2017-04-11,02331.HK,3.9903559396583,3.9903559396583,3.8719979244989,3.8804520684389,3164900,12455160.132413413
2017-04-11,02333.HK,6.2059226664921,6.3231456501925,6.1507589094566,6.2404000146393,66487392,413761767.5294372
2017-04-12,02328.HK,4.8159089344468,4.840231706843,4.7834785712518,4.8240165252455,21697982,104583464.55287263
2017-04-12,02331.HK,3.9480852199585,4.0326266593581,3.8889062123788,4.0157183714781,9432469,37559165.2491572
2017-04-12,02333.HK,6.2266090753804,6.2748773627865,6.0886996827917,6.2748773627865,48419644,302658761.40343463
2017-04-13,02333.HK,6.1921317272333,6.2955637716748,6.1507589094566,6.2817728324159,30149518,188041105.0257128
2017-04-13,02331.HK,4.0326266593581,4.1425305305775,4.0072642275382,4.1256222426975,9895000,40362936.44292008
2017-04-13,02328.HK,4.7915861620506,4.8483392976417,4.7834785712518,4.8159089344468,23026187,110611989.3467661
2017-04-18,02328.HK,4.807801343648,4.807801343648,4.7105102540632,4.7348330264594,30381235,144958508.65865496
2017-04-18,02333.HK,6.2472954842687,6.2748773627865,6.10938609168,6.1921317272333,63222159,393223722.51725304
2017-04-18,02331.HK,4.1256222426975,4.1594388184574,4.041080803298,4.1087139548176,13491120,55545208.88050996
2017-04-19,02333.HK,6.1507589094566,6.4265776946341,6.1438634398272,6.3921003464869,103826800,651142469.6974974
2017-04-19,02331.HK,4.1087139548176,4.1340763866375,4.0579890911779,4.1087139548176,10327400,42432332.49698328
2017-04-19,02328.HK,4.7591557988556,4.7591557988556,4.6780798908683,4.7024026632645,23164978,109588396.81036298
2017-04-20,02333.HK,6.4265776946341,6.488636921299,6.267981893157,6.3714139375986,48851824,312602617.3856523
2017-04-20,02331.HK,4.1171680987576,4.1763471063373,4.1171680987576,4.1678929623973,14148859,58612080.38033552
2017-04-20,02328.HK,4.7267254356607,4.7753709804531,4.6942950724658,4.7510482080569,27259631,129180306.1146336
2017-04-21,02328.HK,4.7834785712518,4.7915861620506,4.7105102540632,4.7267254356607,27835654,132361374.10291496
2017-04-21,02331.HK,4.1678929623973,4.1848012502772,4.1002598108777,4.1171680987576,5349196,22159207.74404277
2017-04-21,02333.HK,6.4265776946341,6.4265776946341,6.2748773627865,6.3438320590808,21788876,139126437.29644224
2017-04-24,02328.HK,4.7591557988556,4.8321241160442,4.718617844862,4.7996937528493,47127930,225244396.27663994
2017-04-24,02333.HK,6.3438320590808,6.3714139375986,6.1921317272333,6.2610864235276,30589874,192791434.0816311
2017-04-24,02331.HK,4.1425305305775,4.1509846745174,4.0748973790578,4.1087139548176,4206500,17354429.963907246
2017-04-25,02328.HK,4.8321241160442,4.9780607504214,4.8240165252455,4.929415205629,58749825,286744363.4394596
2017-04-25,02331.HK,4.1594388184574,4.1594388184574,4.1087139548176,4.1509846745174,6846436,28448391.28877421
2017-04-25,02333.HK,6.3093547109337,6.378309407228,6.1783407879744,6.3438320590808,66324832,419610243.39291716
2017-04-26,02331.HK,4.1678929623973,4.1678929623973,4.0833515229978,4.0918056669377,4932964,20372397.994679447
2017-04-26,02333.HK,6.3645184679691,6.3645184679691,6.1645498487155,6.2404000146393,75025850,472847361.66920274
2017-04-26,02328.HK,4.9699531596227,5.1483201571948,4.9699531596227,5.0753518400062,106145345,533131182.40791726
2017-04-27,02331.HK,4.1171680987576,4.3116134093765,4.1002598108777,4.2947051214966,55402500,233019403.0425667
2017-04-27,02333.HK,6.2059226664921,6.2404000146393,6.1231770309389,6.1576543790861,61033500,377296189.80564857
2017-04-27,02328.HK,5.0915670216036,5.1645353387922,5.0753518400062,5.0915670216036,57059790,290523745.02362686
2017-04-28,02328.HK,5.1321049755973,5.1321049755973,5.0104911136163,5.0753518400062,32335996,165034141.37976375
2017-04-28,02333.HK,5.8473582457615,5.9783721687207,5.7301352620611,5.8197763672437,159614697,931123078.0565186
2017-04-28,02331.HK,4.3285216972564,4.3538841290763,4.2777968336167,4.3285216972564,9009826,38999227.32950484
2017-05-02,02331.HK,4.2947051214966,4.4299714245359,4.2947051214966,4.3285216972564,26890000,115939284.57813409
2017-05-02,02333.HK,5.8197763672437,5.8197763672437,5.6060168087312,5.6749715050256,95198638,547142170.7967176
2017-05-02,02328.HK,5.0672442492075,5.1321049755973,5.0104911136163,5.05102906761,29478157,149134024.7010285
2017-05-04,02331.HK,4.3285216972564,4.3369758411964,4.1594388184574,4.227071969977,14316500,61243078.36847348
2017-05-04,02333.HK,5.6267032176195,5.6542850961373,5.5094802339191,5.5922258694723,84926700,476393312.45035964
2017-05-04,02328.HK,4.9699531596227,5.0753518400062,4.9699531596227,5.0267062952138,29747207,148686349.05576426
2017-05-05,02328.HK,5.0267062952138,5.0429214768113,4.9456303872265,4.9861683412201,32185223,161133301.5223345
2017-05-05,02333.HK,5.5439575820663,5.5991213391018,5.5094802339191,5.5439575820663,41405300,229549226.87272978
2017-05-05,02331.HK,4.2693426896768,4.3623382730163,4.1678929623973,4.3116134093765,18678817,80141054.32962522
2017-05-08,02328.HK,5.0104911136163,5.1077822032011,4.9456303872265,5.0348138860125,31070242,156055028.65113837
2017-05-08,02331.HK,4.3116134093765,4.3877007048361,4.2947051214966,4.3538841290763,9345878,40493341.40184009
2017-05-08,02333.HK,5.5163757035486,5.6198077479901,5.4060481894776,5.5439575820663,56783717,314023417.6080183
2017-05-09,02331.HK,4.3369758411964,4.3707924169562,4.2693426896768,4.3116134093765,5927000,25630094.24407279
2017-05-09,02328.HK,5.0753518400062,5.140212566396,5.0429214768113,5.0834594308049,21794731,110704279.46354803
2017-05-09,02333.HK,5.5025847642897,5.6060168087312,5.4060481894776,5.5853303998429,76614974,424750166.00711244
2017-05-10,02328.HK,5.0915670216036,5.1807505203897,5.0834594308049,5.1239973847986,36177592,184787260.5722705
2017-05-10,02333.HK,5.5922258694723,5.6473896265078,5.5163757035486,5.5853303998429,54381422,303925702.2051878
2017-05-10,02331.HK,4.3200675533165,4.3961548487761,4.2862509775567,4.3369758411964,12467000,53963679.999696165
2017-05-11,02331.HK,4.3116134093765,4.3707924169562,4.3116134093765,4.3369758411964,5137865,22217642.004947368
2017-05-11,02328.HK,5.1969657019872,5.2537188375783,5.1564277479935,5.2131808835846,37317997,194242909.52496433
2017-05-11,02333.HK,5.5922258694723,5.7232397924316,5.5508530516957,5.681866974655,49627982,279755238.3673392
2017-05-12,02328.HK,5.2131808835846,5.2375036559808,5.172642929591,5.2131808835846,41836753,218102560.97085065
2017-05-12,02331.HK,4.3623382730163,4.4637880002957,4.3454299851364,4.3707924169562,7002529,30577000.458661217
2017-05-12,02333.HK,5.6267032176195,5.6680760353961,5.5853303998429,5.6473896265078,40227882,226766438.2952987
2017-05-15,02328.HK,5.2537188375783,5.3104719731694,5.2050732927859,5.2699340191757,22729752,119600009.784055
2017-05-15,02331.HK,4.3877007048361,4.3961548487761,4.2693426896768,4.2862509775567,5517698,23930122.925017696
2017-05-15,02333.HK,5.6473896265078,5.6749715050256,5.5922258694723,5.6198077479901,51911745,292449938.48480225
2017-05-16,02328.HK,5.3104719731694,5.3185795639681,5.2293960651821,5.261826428377,20479701,108258755.0732241
2017-05-16,02331.HK,4.3200675533165,4.3285216972564,4.2862509775567,4.2947051214966,4995916,21519340.32123078
2017-05-16,02333.HK,5.6542850961373,5.6611805657667,5.5853303998429,5.6542850961373,57191979,323379754.4782974
2017-05-17,02328.HK,5.2131808835846,5.2861492007732,5.2131808835846,5.2537188375783,30081040,157427614.59414503
2017-05-17,02331.HK,4.3031592654366,4.3792465608962,4.1763471063373,4.3707924169562,4315166,18714770.692752104
2017-05-17,02333.HK,5.6934000583703,5.8237832658139,5.6571825007471,5.7078870814196,48038295,273849197.50046676
2017-05-18,02331.HK,4.2777968336167,4.3538841290763,4.2777968336167,4.3285216972564,1847931,7951941.404537429
2017-05-18,02333.HK,5.6499389892225,5.7296176159936,5.6209649431239,5.7078870814196,31181000,177074187.35434568
2017-05-18,02328.HK,5.1888581111884,5.2699340191757,5.1645353387922,5.2293960651821,30660444,159714149.3761869
2017-05-19,02333.HK,5.700643569895,5.8455138003879,5.6499389892225,5.8092962427647,39528476,227485189.8230817
2017-05-19,02328.HK,5.2375036559808,5.2780416099745,5.2050732927859,5.2456112467796,25587458,134118131.14177789
2017-05-19,02331.HK,4.3116134093765,4.3961548487761,4.2693426896768,4.3792465608962,5418100,23543974.20246726
2017-05-22,02328.HK,5.2456112467796,5.3104719731694,5.2456112467796,5.2699340191757,19461094,102322007.44100554
2017-05-22,02331.HK,4.3792465608962,4.4299714245359,4.3454299851364,4.3623382730163,8394764,36691770.833337314
2017-05-22,02333.HK,5.8092962427647,5.9758970078315,5.7948092197154,5.9179489156343,46563500,273030789.96655595
2017-05-23,02331.HK,4.413063136656,4.4468797124158,4.3623382730163,4.404608992716,6785034,29914102.599320706
2017-05-23,02333.HK,5.9179489156343,5.9179489156343,5.8092962427647,5.8600008234372,40456704,238248513.16024643
2017-05-23,02328.HK,5.2699340191757,5.3510099271631,5.2537188375783,5.2699340191757,15622377,82328896.01268803
2017-05-24,02333.HK,5.80205273124,5.8310267773386,5.700643569895,5.80205273124,31065315,180242595.74258095
2017-05-24,02328.HK,5.2456112467796,5.2456112467796,5.0996746124024,5.1969657019872,30369632,158568609.5328653
2017-05-24,02331.HK,4.413063136656,4.4891504321156,4.3961548487761,4.4722421442357,9462668,42039346.97586245
2017-05-25,02328.HK,5.1969657019872,5.2537188375783,5.172642929591,5.2293960651821,31714411,165332961.15934676
2017-05-25,02333.HK,5.8237832658139,5.9541664732575,5.8092962427647,5.9324359386836,40664037,239027666.35589847
2017-05-25,02331.HK,4.4722421442357,4.5483294396952,4.4722421442357,4.5145128639354,7790000,35003410.75682644
2017-05-26,02333.HK,5.9396794502082,5.9976275424054,5.8237832658139,5.9396794502082,25601340,152063753.09579322
2017-05-26,02328.HK,5.2293960651821,5.2942567915719,5.2131808835846,5.2780416099745,28351217,148949322.82117015
2017-05-26,02331.HK,4.5229670078754,4.5483294396952,4.4722421442357,4.5229670078754,3699914,16734588.953976303
2017-05-29,02333.HK,5.9179489156343,5.9903840308808,5.8382702888632,5.9541664732575,23732260,140876064.57959065
2017-05-29,02331.HK,4.5398752957553,4.5483294396952,4.4891504321156,4.5229670078754,4488000,20337018.129347287
2017-05-29,02328.HK,5.3104719731694,5.3104719731694,5.2699340191757,5.2942567915719,8370768,44384862.096287996
2017-05-31,02333.HK,5.9541664732575,6.1062802152751,5.9179489156343,6.0338451000286,73454102,440284312.4406688
2017-05-31,02328.HK,5.2942567915719,5.3185795639681,5.2537188375783,5.2699340191757,19894708,105085745.71805339
2017-05-31,02331.HK,4.5229670078754,4.5567835836352,4.4299714245359,4.5229670078754,4512583,20410264.029299397
2017-06-01,02333.HK,6.0555756346026,6.0845496807011,5.9758970078315,6.0121145654547,27248657,164414175.52181137
2017-06-01,02328.HK,5.2699340191757,5.2942567915719,5.2212884743834,5.2375036559808,19299445,101393857.75130536
2017-06-01,02331.HK,4.5145128639354,4.5567835836352,4.4806962881756,4.5229670078754,4318133,19512520.035650995
2017-06-02,02333.HK,6.0845496807011,6.2439069342433,6.0338451000286,6.1932023535708,96870110,594673595.0563213
2017-06-02,02328.HK,5.2456112467796,5.2861492007732,5.2375036559808,5.2699340191757,17824907,93719308.20997174
2017-06-02,02331.HK,4.5229670078754,4.5567835836352,4.4806962881756,4.5060587199955,4961370,22398168.687743425
2017-06-05,02333.HK,6.2366634227187,6.4684557915073,6.2149328881447,6.3235855610144,97660044,613317234.201165
2017-06-05,02331.HK,4.5145128639354,4.5652377275752,4.5060587199955,4.5398752957553,7159633,32413048.1314654
2017-06-05,02328.HK,5.2456112467796,5.2780416099745,5.1645353387922,5.2050732927859,24192404,126413591.22886129
2017-06-06,02328.HK,5.1888581111884,5.2375036559808,5.1564277479935,5.2293960651821,14035198,73111130.08984344
2017-06-06,02331.HK,4.4891504321156,4.5483294396952,4.4637880002957,4.4722421442357,4557147,20419191.6475708
2017-06-06,02333.HK,6.3235855610144,6.4177512108348,6.2511504457679,6.2873680033912,52362790,330172356.5963609
2017-06-07,02328.HK,5.2456112467796,5.261826428377,5.1564277479935,5.1969657019872,19162981,100055451.83012807
2017-06-07,02331.HK,4.5060587199955,4.5567835836352,4.4806962881756,4.5229670078754,13953908,62995097.168171786
2017-06-07,02333.HK,6.2366634227187,6.2439069342433,6.0483321230779,6.2221763996694,90913759,566339980.5160973
2017-06-08,02331.HK,4.776591326074,4.9456742048731,4.6751415987946,4.9372200609331,244284362,1186466108.6316822
2017-06-08,02328.HK,5.2212884743834,5.2293960651821,5.1483201571948,5.2050732927859,17136778,89337123.475834
2017-06-08,02333.HK,6.229419911194,6.4249947223594,6.1424977728983,6.3742901416869,86656734,546098174.732813
2017-06-09,02331.HK,4.9372200609331,4.962582492753,4.8188620457738,4.9287659169932,25347641,125039735.3397549
2017-06-09,02328.HK,5.2131808835846,5.2699340191757,5.1645353387922,5.1807505203897,17365959,90250293.30511506
2017-06-09,02333.HK,6.3815336532115,6.8016573216409,6.3815336532115,6.5771084643769,153506448,994617561.1870968
2017-06-12,02328.HK,5.172642929591,5.2050732927859,5.05102906761,5.1158897939998,27068260,139246339.39033198
2017-06-12,02333.HK,6.9972321328063,7.9823497001579,6.9175535060352,7.9823497001579,507600919,3801824752.3241663
2017-06-12,02331.HK,4.9034034851733,4.962582492753,4.8611327654735,4.9203117730532,16329910,80210193.01623274
2017-06-13,02331.HK,4.9456742048731,4.962582492753,4.9118576291133,4.9456742048731,19804152,97944883.69578601
2017-06-13,02333.HK,7.9678626771086,8.286577184193,7.4897909164821,7.7505573313693,236777511,1860884183.2299979
2017-06-13,02328.HK,5.1483201571948,5.172642929591,5.0915670216036,5.1321049755973,9881591,50793478.23418611
2017-06-14,02328.HK,5.1321049755973,5.1483201571948,5.0753518400062,5.140212566396,20579357,105698844.9570213
2017-06-14,02333.HK,7.7215832852707,8.0547848154044,7.4463298473342,7.4463298473342,114135132,865595883.7771969
2017-06-14,02331.HK,4.9710366366929,5.0978487957923,4.9203117730532,5.0640322200324,30964947,155367687.64492476
2017-06-15,02328.HK,5.1321049755973,5.1321049755973,5.0591366584087,5.0915670216036,24938508,127481562.9457853
2017-06-15,02331.HK,5.0640322200324,5.1316653715521,4.9879449245729,5.0386697882126,19135500,96660127.1393861
2017-06-15,02333.HK,7.4173558012357,7.7070962622214,7.3159466398906,7.5042779395314,99489688,742274342.6595957
2017-06-16,02333.HK,7.5042779395314,7.6056871008764,7.1276153402499,7.2869725937921,89095809,658919216.1940694
2017-06-16,02331.HK,5.0386697882126,5.2415692427715,5.0302156442726,5.1570278033719,17829460,90891891.19062608
2017-06-16,02328.HK,5.1158897939998,5.2050732927859,5.0915670216036,5.1645353387922,28789867,147986036.1382695
2017-06-19,02331.HK,5.2753858185313,5.2753858185313,5.0555780760925,5.0640322200324,12966510,67033083.6956083
2017-06-19,02333.HK,7.4028687781864,7.7795313774679,7.3449206859892,7.4028687781864,80977826,599468219.8208109
2017-06-19,02328.HK,5.2050732927859,5.3023643823707,5.1969657019872,5.2699340191757,25867208,135479596.47001582
2017-06-20,02331.HK,5.0640322200324,5.1570278033719,5.0217615003327,5.0640322200324,12475145,63174536.229576096
2017-06-20,02328.HK,5.3185795639681,5.3429023363643,5.2699340191757,5.3185795639681,24818409,131998682.91760197
2017-06-20,02333.HK,7.5187649625807,7.5477390086793,7.2435115246442,7.2869725937921,69958897,517896534.3576582
2017-06-21,02331.HK,5.0133073563927,5.0809405079123,4.9794907806329,5.0724863639724,17214646,86811684.2625541
2017-06-21,02328.HK,5.3023643823707,5.3266871547669,5.2293960651821,5.2780416099745,20410230,107974259.8985719
2017-06-21,02333.HK,7.3014596168414,7.431842824285,7.1855634324471,7.3014596168414,45733309,333919908.80802935
2017-06-22,02328.HK,5.3104719731694,5.4077630627542,5.2780416099745,5.3510099271631,25855037,137826504.50396356
2017-06-22,02333.HK,7.3304336629399,7.3304336629399,7.1276153402499,7.1855634324471,71780805,520984978.44227034
2017-06-22,02331.HK,5.0724863639724,5.1232112276121,4.9794907806329,5.0217615003327,20432312,103124410.88440773
2017-06-23,02328.HK,5.3591175179618,5.4077630627542,5.3185795639681,5.383440290358,14255330,76569353.30083776
2017-06-23,02333.HK,7.1421023632992,7.2145374785456,6.9899886212817,7.105884805676,34486161,245679189.71760648
2017-06-23,02331.HK,5.0640322200324,5.1147570836722,5.0217615003327,5.0386697882126,11369791,57432805.184512965
2017-06-26,02333.HK,7.105884805676,7.3594077090385,7.0479367134788,7.3014596168414,49168890,354196566.5514358
2017-06-26,02328.HK,5.383440290358,5.4158706535529,5.3429023363643,5.4158706535529,18159021,98052457.10800393
2017-06-26,02331.HK,5.0386697882126,5.0724863639724,4.9372200609331,4.962582492753,7668990,38349751.86510118
2017-06-27,02333.HK,7.4463298473342,7.5042779395314,7.2869725937921,7.3738947320878,69209000,512846461.45860857
2017-06-27,02328.HK,5.4483010167479,5.4564086075466,5.3996554719555,5.4483010167479,25490384,138879285.0644944
2017-06-27,02331.HK,4.9710366366929,5.0978487957923,4.9456742048731,4.9879449245729,11391676,56724745.61795707
2017-06-28,02333.HK,7.2724855707428,7.3304336629399,7.0769107595774,7.105884805676,63737279,458219102.12357
2017-06-28,02328.HK,5.4374760261904,5.4624567736307,5.3875145313096,5.41249527875,29870424,162046621.6332015
2017-06-28,02331.HK,5.0048532124528,5.2331150988315,4.9879449245729,4.9879449245729,8764360,43790240.14011128
2017-06-29,02328.HK,5.4291491103769,5.4458029420038,5.3875145313096,5.4291491103769,19134560,103884379.40145342
2017-06-29,02331.HK,5.0217615003327,5.1316653715521,5.0048532124528,5.0724863639724,15184190,76636488.73935142
2017-06-29,02333.HK,7.1565893863485,7.2579985476935,7.1131283172006,7.1710764093978,40416061,289533907.394248
2017-06-30,02333.HK,7.0986412941513,7.105884805676,6.9610145751831,6.982745109757,40382485,284320687.61751544
2017-06-30,02328.HK,5.4041683629365,5.4374760261904,5.3208992048019,5.4291491103769,21338316,115582375.78694145
2017-06-30,02331.HK,5.0724863639724,5.1739360912518,5.0048532124528,5.0217615003327,6720750,33920458.16701425
2017-07-03,02331.HK,4.9287659169932,5.0217615003327,4.9034034851733,4.9710366366929,14054942,69570575.35175502
2017-07-03,02333.HK,7.0117191558556,7.2217809900703,6.9247970175599,7.1493458748238,56295714,398603633.4512643
2017-07-03,02328.HK,5.41249527875,5.5623797633923,5.41249527875,5.5124182685115,25155226,137409334.65591237
2017-07-04,02328.HK,5.5124182685115,5.5707066792057,5.4707836894442,5.5124182685115,30983731,170795284.7910461
2017-07-04,02331.HK,4.9879449245729,5.0640322200324,4.9203117730532,4.9372200609331,10432000,51769660.5643993
2017-07-04,02333.HK,7.207293967021,7.3738947320878,6.9899886212817,7.0769107595774,58071957,414755861.3311095
2017-07-05,02331.HK,5.0133073563927,5.0302156442726,4.9034034851733,4.962582492753,8118862,40496436.50620738
2017-07-05,02333.HK,7.1348588517745,7.1493458748238,6.9320405290845,7.0769107595774,47346697,336440174.8112431
2017-07-05,02328.HK,5.5040913526981,5.6789565847807,5.4957644368846,5.6623027531538,36951152,206305562.94861883
2017-07-06,02333.HK,7.3883817551371,7.7215832852707,7.3449206859892,7.634661146975,183105941,1375404203.6373034
2017-07-06,02328.HK,5.7289180796615,6.0619947122,5.7205911638481,6.0370139647596,76407315,449501637.99333847
2017-07-06,02331.HK,5.0048532124528,5.0724863639724,4.9963990685128,5.0724863639724,7133420,35942947.84063152
2017-07-07,02328.HK,5.9703986382519,6.0619947122,5.9204371433711,5.9370909749981,26926400,160312914.1611074
2017-07-07,02331.HK,5.0724863639724,5.0809405079123,4.9794907806329,5.0048532124528,5790531,29176573.607408494
2017-07-07,02333.HK,7.5912000778271,7.6926092391721,7.3594077090385,7.5912000778271,80774500,613175390.6864451
2017-07-10,02328.HK,5.9953793856923,6.1952253652154,5.9870524698788,6.170244617775,55900589,340032773.67318004
2017-07-10,02331.HK,5.0302156442726,5.0302156442726,4.9879449245729,4.9879449245729,2036500,10200991.99922693
2017-07-10,02333.HK,7.3304336629399,7.6781222161229,7.3304336629399,7.5622260317285,86597670,644834814.8305974
2017-07-11,02328.HK,6.0619947122,6.3451098498577,6.0619947122,6.3451098498577,53193494,329988621.0395945
2017-07-11,02331.HK,4.8949493412334,5.0302156442726,4.8949493412334,5.0217615003327,7455500,36967018.83964803
2017-07-11,02333.HK,7.634661146975,7.6781222161229,7.3883817551371,7.5767130547778,79543744,604984827.6962146
2017-07-12,02331.HK,5.0217615003327,5.1147570836722,4.9794907806329,5.0893946518523,8553498,43242876.962701045
2017-07-12,02333.HK,7.6056871008764,7.6781222161229,7.431842824285,7.4608168703835,54001332,406805641.51566213
2017-07-12,02328.HK,6.4033982605519,6.4033982605519,6.2035522810288,6.2451868600961,57672950,364740608.61693805
2017-07-13,02333.HK,7.53325198563,7.6636351930736,7.4753038934328,7.5042779395314,52989206,398413385.46777105
2017-07-13,02328.HK,6.3118021866038,6.3201291024173,6.170244617775,6.2451868600961,61313944,384959261.60898554
2017-07-13,02331.HK,5.0809405079123,5.2753858185313,5.0809405079123,5.2331150988315,7061306,36415351.370116815
2017-07-14,02333.HK,7.53325198563,7.5912000778271,7.431842824285,7.5477390086793,35578745,268281366.46691352
2017-07-14,02328.HK,6.2451868600961,6.3118021866038,6.1952253652154,6.3034752707904,26488356,166196714.92332008
2017-07-14,02331.HK,5.2415692427715,5.2669316745913,5.1992985230717,5.2077526670117,6665601,34825505.28558641
2017-07-17,02333.HK,7.5767130547778,7.634661146975,7.3159466398906,7.3594077090385,63875907,477029130.42514944
2017-07-17,02328.HK,6.3284560182307,6.3617636814846,6.2118791968423,6.2451868600961,43608093,274156293.9934314
2017-07-17,02331.HK,5.2753858185313,5.3092023942911,5.1063029397322,5.140119515492,2889830,15049519.889710275
2017-07-18,02333.HK,7.3594077090385,7.3594077090385,7.0986412941513,7.2145374785456,67593078,492548906.91604835
2017-07-18,02331.HK,5.148573659432,5.2753858185313,5.140119515492,5.2331150988315,4680024,24293276.27460169
2017-07-18,02328.HK,6.2451868600961,6.2535137759096,6.1286100387077,6.170244617775,40848901,253578365.65592012
2017-07-19,02328.HK,6.1619177019615,6.2701676075365,6.1619177019615,6.2118791968423,27408828,169575635.4531234
2017-07-19,02333.HK,7.1565893863485,7.2145374785456,7.1203718287253,7.1855634324471,39097143,280368599.84215236
2017-07-19,02331.HK,5.148573659432,5.2500233867114,4.9879449245729,5.2246609548916,4586000,23785826.970644016
2017-07-20,02331.HK,5.3092023942911,5.3092023942911,5.1232112276121,5.2246609548916,16553500,87186153.4753479
2017-07-20,02333.HK,7.1131283172006,7.1638328978731,6.9972321328063,7.1203718287253,90608330,644836839.138551
2017-07-20,02328.HK,6.1369369545211,6.2451868600961,6.0953023754538,6.2118791968423,23613206,145797569.81913558
2017-07-21,02328.HK,6.2451868600961,6.2451868600961,6.1286100387077,6.170244617775,18005856,111775235.6842071
2017-07-21,02331.HK,5.2500233867114,5.2500233867114,5.1739360912518,5.2162068109516,3480210,18212339.498104375
2017-07-21,02333.HK,7.1783199209224,7.4463298473342,7.0479367134788,7.2724855707428,104394228,754290341.6402745
2017-07-24,02328.HK,6.170244617775,6.2535137759096,6.0869754596404,6.2285330284692,16346921,101340919.33985995
2017-07-24,02331.HK,5.2077526670117,5.2415692427715,5.1316653715521,5.1992985230717,5992713,31183235.479239132
2017-07-24,02333.HK,6.7726832755423,7.3449206859892,6.758196252493,7.2724855707428,220886122,1551191439.645565
2017-07-25,02328.HK,6.2035522810288,6.2451868600961,6.1535907861481,6.2202061126557,10897329,67692891.31624576
2017-07-25,02331.HK,5.2162068109516,5.4360145533904,5.1992985230717,5.3092023942911,5384929,28339290.63308918
2017-07-25,02333.HK,7.2145374785456,7.2217809900703,7.084154271102,7.1855634324471,62420306,449429352.6475215
2017-07-26,02328.HK,6.2451868600961,6.2868214391634,6.1785715335884,6.2368599442827,13438227,83868289.19093345
2017-07-26,02331.HK,5.3092023942911,5.4275604094505,5.1823902351918,5.2162068109516,9995994,52605963.63157539
2017-07-26,02333.HK,7.1710764093978,7.1783199209224,6.982745109757,7.084154271102,70475687,502323587.7758504
2017-07-27,02333.HK,7.0769107595774,7.5187649625807,6.9972321328063,7.3738947320878,103866533,750477532.7383124
2017-07-27,02328.HK,6.2285330284692,6.2951483549769,6.1202831228942,6.2451868600961,18160305,113263278.83045591
2017-07-27,02331.HK,5.1908443791318,5.2415692427715,5.1316653715521,5.1654819473119,6263392,32432865.731218427
2017-07-28,02333.HK,7.431842824285,7.53325198563,7.2579985476935,7.3304336629399,64598926,476813603.19489056
2017-07-28,02328.HK,6.27849452335,6.27849452335,5.9703986382519,6.0203601331327,40549220,249354481.6068707
2017-07-28,02331.HK,5.2162068109516,5.2922941064112,5.1908443791318,5.2584775306514,10629000,55667709.93344914
2017-07-31,02333.HK,7.3014596168414,7.4173558012357,7.207293967021,7.2579985476935,37612001,273805177.5219724
2017-07-31,02331.HK,5.2500233867114,5.2584775306514,5.1739360912518,5.2077526670117,8893307,46502106.49150401
2017-07-31,02328.HK,6.0536677963865,6.1286100387077,6.0037063015057,6.0619947122,20949726,126909904.9316799
2017-08-01,02328.HK,6.1036292912673,6.2451868600961,6.0786485438269,6.1868984494019,21726191,133513176.59228875
2017-08-01,02331.HK,5.2331150988315,5.2922941064112,5.1823902351918,5.2331150988315,12396909,64874451.66674011
2017-08-01,02333.HK,7.2290245015949,7.2435115246442,7.0696672480527,7.1493458748238,41562887,298803291.599619
2017-08-02,02328.HK,6.2368599442827,6.3201291024173,6.2202061126557,6.2451868600961,31634610,197432341.32913482
2017-08-02,02331.HK,5.2415692427715,5.3007482503512,5.1654819473119,5.1992985230717,8468750,44210549.445992306
2017-08-02,02333.HK,7.105884805676,7.207293967021,7.0696672480527,7.1638328978731,28017921,199903911.65517005
2017-08-03,02328.HK,6.1868984494019,6.2035522810288,6.0619947122,6.0786485438269,18064118,110783144.11011511
2017-08-03,02331.HK,5.2584775306514,5.4106521215706,5.1316653715521,5.2246609548916,8409879,44080963.10182994
2017-08-03,02333.HK,7.0913977826267,7.1493458748238,7.0334496904295,7.0696672480527,30258801,214248424.35569343
2017-08-04,02328.HK,6.1119562070807,6.1952253652154,6.0786485438269,6.1952253652154,24532670,150964012.0716107
2017-08-04,02331.HK,5.1739360912518,5.2669316745913,5.1570278033719,5.2415692427715,5794500,30176322.82899901
2017-08-04,02333.HK,7.0624237365281,7.1565893863485,7.0406932019542,7.1131283172006,26486356,187729359.09579474
2017-08-07,02328.HK,6.2368599442827,6.2618406917231,6.0869754596404,6.0953023754538,16709642,103033008.72434323
2017-08-07,02333.HK,7.0769107595774,7.2290245015949,7.0334496904295,7.1421023632992,39821082,283108243.7625726
2017-08-07,02331.HK,5.1992985230717,5.2753858185313,5.0809405079123,5.0809405079123,17102699,87909916.89748551
2017-08-08,02333.HK,7.2290245015949,7.6491481700243,7.207293967021,7.4897909164821,152312922,1120932892.3529797
2017-08-08,02328.HK,6.1202831228942,6.1952253652154,6.0619947122,6.1868984494019,20927673,128780335.74831933
2017-08-08,02331.HK,5.0893946518523,5.2331150988315,5.0724863639724,5.1316653715521,14881563,76052674.33253703
2017-08-09,02331.HK,5.148573659432,5.1992985230717,5.0048532124528,5.1992985230717,8322556,43060372.85986463
2017-08-09,02333.HK,7.4897909164821,7.634661146975,7.3594077090385,7.5477390086793,63271100,475720529.82393974
2017-08-09,02328.HK,6.1785715335884,6.1868984494019,6.0370139647596,6.1036292912673,22523168,138317036.29398176
2017-08-10,02333.HK,7.53325198563,7.6056871008764,7.3014596168414,7.4608168703835,46574738,349172414.2613942
2017-08-10,02328.HK,6.0703216280134,6.0786485438269,5.9037833117442,5.9454178908115,32391150,194601810.5575926
2017-08-10,02331.HK,5.1992985230717,5.2162068109516,5.1147570836722,5.1570278033719,6772300,35068074.390287
2017-08-11,02333.HK,7.2869725937921,7.3594077090385,7.1348588517745,7.2724855707428,53242717,387592555.3638356
2017-08-11,02328.HK,5.9121102275577,6.0286870489461,5.8621487326769,5.9870524698788,42100879,250482604.46304384
2017-08-11,02331.HK,5.1570278033719,5.2331150988315,4.9456742048731,4.954128348813,9068764,45847844.45565648
2017-08-14,02333.HK,7.2724855707428,7.4463298473342,7.2217809900703,7.3738947320878,28317748,207376253.26386032
2017-08-14,02328.HK,6.0786485438269,6.0786485438269,5.9620717224384,6.0203601331327,26320240,159224406.06982955
2017-08-14,02331.HK,5.148573659432,5.1570278033719,4.9034034851733,5.0217615003327,11556000,58764196.55312044
2017-08-15,02331.HK,4.9710366366929,5.0724863639724,4.8273161897137,4.8864951972934,18653000,91936270.64967322
2017-08-15,02328.HK,6.0953023754538,6.2451868600961,6.0869754596404,6.1286100387077,25711994,157150581.324723
2017-08-15,02333.HK,7.5042779395314,7.5187649625807,7.3014596168414,7.3449206859892,30855800,229091951.47466928
2017-08-16,02331.HK,4.9034034851733,4.954128348813,4.8526786215336,4.8780410533535,7962824,38943960.66302506
2017-08-16,02328.HK,6.1286100387077,6.1785715335884,6.0370139647596,6.1785715335884,14825520,91230183.27185364
2017-08-16,02333.HK,7.2724855707428,7.3594077090385,7.2435115246442,7.3449206859892,18920124,138281569.46787265
2017-08-17,02328.HK,6.1619177019615,6.1952253652154,6.0619947122,6.1868984494019,23219636,143367508.03278953
2017-08-17,02331.HK,4.9034034851733,4.9879449245729,4.8357703336537,4.9794907806329,10816100,53447186.33419322
2017-08-17,02333.HK,7.3449206859892,7.3738947320878,7.1928069439717,7.3594077090385,24816793,182457136.99171233
2017-08-18,02328.HK,6.0786485438269,6.2118791968423,6.0453408805731,6.1202831228942,24182714,147501637.80092984
2017-08-18,02333.HK,7.2145374785456,7.3014596168414,7.1855634324471,7.1855634324471,24768991,178337984.93173498
2017-08-18,02331.HK,4.8780410533535,4.9118576291133,4.8526786215336,4.8949493412334,5854000,28605542.884955857
2017-08-21,02328.HK,6.1202831228942,6.1952253652154,6.0869754596404,6.1452638703346,18065303,110790411.4467086
2017-08-21,02333.HK,7.1855634324471,7.3738947320878,7.1638328978731,7.3014596168414,44075510,319261464.63957286
2017-08-21,02331.HK,4.8949493412334,5.1147570836722,4.8949493412334,4.954128348813,9915500,48829264.91782754
2017-08-22,02328.HK,6.2451868600961,6.4866674186865,6.2035522810288,6.4117251763654,55137860,348937521.9493645
2017-08-22,02333.HK,7.3014596168414,7.3014596168414,7.3014596168414,7.3014596168414,0,0.0
2017-08-22,02331.HK,4.954128348813,4.954128348813,4.8526786215336,4.8864951972934,6514462,32053184.073707696
2017-08-24,02331.HK,4.9287659169932,5.0302156442726,4.9118576291133,5.0048532124528,15470000,76836543.96626481
2017-08-24,02333.HK,7.2290245015949,7.431842824285,7.2000504554963,7.3449206859892,39257699,286069776.70833755
2017-08-24,02328.HK,6.4533597554327,6.5616096610077,6.4533597554327,6.4866674186865,30742673,198905512.01253033
2017-08-25,02331.HK,4.9710366366929,5.0724863639724,4.962582492753,5.0302156442726,7614083,38075182.485605314
2017-08-25,02333.HK,7.3304336629399,7.73607030832,7.3304336629399,7.5477390086793,86186522,641148978.1411535
2017-08-25,02328.HK,6.386744428925,6.5033212503134,6.3284560182307,6.5033212503134,19405986,125072217.05519044
2017-08-28,02331.HK,5.0640322200324,5.1147570836722,4.954128348813,4.9879449245729,3929133,19747777.557057228
2017-08-28,02333.HK,7.2362680131196,7.53325198563,7.2217809900703,7.2579985476935,84472781,612185502.4735941
2017-08-28,02328.HK,6.5366289135673,6.5532827451942,6.2202061126557,6.2451868600961,37675736,240782158.344589
2017-08-29,02333.HK,7.2290245015949,7.2724855707428,7.105884805676,7.1565893863485,41924159,301552381.9753736
2017-08-29,02328.HK,6.3284560182307,6.3284560182307,6.1952253652154,6.2368599442827,20040358,125906715.13594155
2017-08-29,02331.HK,4.9879449245729,4.9879449245729,4.8611327654735,4.8949493412334,4274800,21123698.203734387
2017-08-30,02328.HK,6.2285330284692,6.2618406917231,6.1119562070807,6.170244617775,18461428,114449570.40207338
2017-08-30,02331.HK,4.8526786215336,4.9034034851733,4.8188620457738,4.8526786215336,6613900,32095131.134961076
2017-08-30,02333.HK,7.2145374785456,7.2362680131196,7.1565893863485,7.1928069439717,30535888,219970527.83170646
2017-08-31,02333.HK,7.2579985476935,7.2724855707428,7.0117191558556,7.1131283172006,78875521,566765059.4128094
2017-08-31,02331.HK,4.8864951972934,4.9794907806329,4.7934996139539,4.9034034851733,7720650,37792190.63139326
2017-08-31,02328.HK,6.2035522810288,6.2035522810288,6.0619947122,6.1202831228942,22655883,139603686.51126862
2017-09-01,02333.HK,7.1710764093978,7.1710764093978,7.0624237365281,7.1348588517745,30898623,221016850.14868474
2017-09-01,02331.HK,4.8611327654735,4.9794907806329,4.8526786215336,4.9710366366929,9073200,44604619.70986809
2017-09-01,02328.HK,6.0786485438269,6.170244617775,6.0786485438269,6.1452638703346,17494821,106927579.80271666
2017-09-04,02333.HK,7.105884805676,7.3883817551371,7.0624237365281,7.2579985476935,67935808,487911010.81445324
2017-09-04,02331.HK,4.9879449245729,4.9963990685128,4.9456742048731,4.9963990685128,4849500,24209538.09723455
2017-09-04,02328.HK,6.1369369545211,6.1868984494019,6.0953023754538,6.1369369545211,16613433,101955590.91916034
2017-09-05,02333.HK,7.3014596168414,7.5187649625807,7.3014596168414,7.431842824285,49767614,366620654.4176182
2017-09-05,02331.HK,4.9879449245729,5.0386697882126,4.9794907806329,5.0302156442726,3596397,18014641.307657123
2017-09-05,02328.HK,6.1202831228942,6.1785715335884,6.0037063015057,6.0619947122,16369995,99711913.62455145
2017-09-06,02333.HK,7.4463298473342,7.4463298473342,7.3159466398906,7.4028687781864,30834572,228934342.080458
2017-09-06,02331.HK,4.954128348813,4.954128348813,4.8188620457738,4.8526786215336,9087232,44558365.05937833
2017-09-06,02328.HK,6.1119562070807,6.1119562070807,5.8954563959307,5.9287640591846,26064707,156918922.9045835
2017-09-07,02328.HK,6.0120332173192,6.0120332173192,5.8538218168634,5.8954563959307,22007294,131025812.36036843
2017-09-07,02333.HK,7.4463298473342,7.4753038934328,7.2579985476935,7.3014596168414,33143739,244398442.41379297
2017-09-07,02331.HK,4.8780410533535,4.9710366366929,4.8357703336537,4.962582492753,6217491,30591994.166152623
2017-09-08,02328.HK,5.8871294801173,5.9370909749981,5.8288410694231,5.8704756484904,24500374,144032861.4976034
2017-09-08,02331.HK,5.1063029397322,5.2922941064112,5.0471239321525,5.1316653715521,33068794,169278632.5321942
2017-09-08,02333.HK,7.3159466398906,7.3159466398906,7.1783199209224,7.207293967021,32806251,238226538.34186715
2017-09-11,02328.HK,5.9121102275577,5.9870524698788,5.8538218168634,5.8954563959307,15011670,88625646.82741106
2017-09-11,02333.HK,7.1855634324471,7.3304336629399,7.0913977826267,7.1855634324471,40149327,288495535.92856103
2017-09-11,02331.HK,5.1570278033719,5.1823902351918,5.0893946518523,5.1570278033719,6627176,34176530.88983897
2017-09-12,02333.HK,7.1783199209224,7.2869725937921,7.1131283172006,7.1855634324471,40145634,288323601.9615323
2017-09-12,02331.HK,5.1570278033719,5.1992985230717,5.0386697882126,5.0640322200324,2328137,11898014.009854209
2017-09-12,02328.HK,5.9204371433711,5.9287640591846,5.8371679852365,5.8788025643038,20545505,121210669.2051166
2017-09-13,02331.HK,5.1147570836722,5.1823902351918,5.0302156442726,5.1654819473119,4447495,22860655.84455331
2017-09-13,02333.HK,7.2145374785456,7.3304336629399,7.1421023632992,7.2724855707428,39709628,287637148.057334
2017-09-13,02328.HK,5.8788025643038,5.8871294801173,5.8038603219827,5.8538218168634,25944502,152198548.3612206
2017-09-14,02331.HK,5.1908443791318,5.4529228412703,5.1823902351918,5.4275604094505,29867073,158570335.48206857
2017-09-14,02328.HK,5.8288410694231,5.8788025643038,5.737244995475,5.7538988271019,42997865,249016543.20044798
2017-09-14,02333.HK,7.2579985476935,7.2724855707428,7.1565893863485,7.1928069439717,27805500,200905936.04924837
2017-09-15,02333.HK,7.2145374785456,7.2217809900703,7.0913977826267,7.1565893863485,36955161,265543653.52179337
2017-09-15,02331.HK,5.4444686973304,5.5712808564297,5.3852896897507,5.5543725685498,24325394,133775573.66799732
2017-09-15,02328.HK,5.7205911638481,5.8288410694231,5.5956874266461,5.737244995475,43784330,250836839.74286762
2017-09-18,02331.HK,5.6473681518893,5.8079968867484,5.6050974321895,5.7910885988685,18359841,105004123.61464493
2017-09-18,02328.HK,5.8205141536096,5.8538218168634,5.7705526587288,5.7705526587288,23596550,136754593.79534185
2017-09-18,02333.HK,7.207293967021,7.2579985476935,7.1493458748238,7.2145374785456,37596298,271103736.36664635
2017-09-19,02328.HK,5.7872064903557,5.8205141536096,5.6956104164077,5.737244995475,17165189,98909693.93780738
2017-09-19,02331.HK,5.8333593185683,5.8671758943281,5.7403637352288,5.8418134625082,9882274,57688628.20997
2017-09-19,02333.HK,7.2579985476935,7.4897909164821,7.1565893863485,7.2362680131196,58334564,422758360.16240585
2017-09-20,02328.HK,5.7205911638481,5.7455719112884,5.6289950899,5.6956104164077,30783694,175716428.0444555
2017-09-20,02331.HK,5.875630038268,5.9517173337276,5.7995427428084,5.9179007579678,15233684,89829460.69706228
2017-09-20,02333.HK,7.2435115246442,7.5187649625807,7.1421023632992,7.3304336629399,70702457,515206866.47276086
2017-09-21,02331.HK,5.9009924700879,5.9601714776676,5.884084182208,5.9348090458477,14490838,85755341.1837886
2017-09-21,02328.HK,5.6956104164077,5.7788795745423,5.6623027531538,5.7289180796615,22516052,128617638.84648795
2017-09-21,02333.HK,7.3594077090385,7.5042779395314,7.3014596168414,7.3594077090385,37858820,278618491.7631009
2017-09-22,02331.HK,5.9517173337276,6.0024421973673,5.9009924700879,5.9855339094874,10391543,62023229.797836065
2017-09-22,02328.HK,5.7122642480346,5.8205141536096,5.6789565847807,5.8038603219827,27302119,157207301.71471807
2017-09-22,02333.HK,7.3594077090385,7.4173558012357,7.2579985476935,7.3014596168414,28084568,205872062.6763261
2017-09-25,02333.HK,7.2435115246442,7.3159466398906,6.8885794599366,7.0406932019542,80674303,576184130.1138158
2017-09-25,02328.HK,5.8621487326769,5.8621487326769,5.6706296689673,5.7122642480346,34404592,199106478.12044153
2017-09-25,02331.HK,5.9601714776676,5.9770797655475,5.7826344549285,5.7995427428084,9635798,56657115.383117095
2017-09-26,02328.HK,5.6206681740865,5.7872064903557,5.6206681740865,5.7622257429154,16623427,94611353.03901258
2017-09-26,02331.HK,5.7741803109886,5.9432631897877,5.7065471594689,5.9179007579678,4885455,28560567.959369194
2017-09-26,02333.HK,6.9610145751831,7.0624237365281,6.9103099945106,6.9972321328063,37593426,262369157.35327154
2017-09-27,02331.HK,5.9009924700879,6.0869836367669,5.9009924700879,6.0447129170671,13581000,81117312.43147603
2017-09-27,02333.HK,6.9972321328063,7.1348588517745,6.9682580867077,7.0189626673802,29447654,206372027.4362456
2017-09-27,02328.HK,5.7622257429154,5.9204371433711,5.7538988271019,5.8954563959307,30464237,177571195.77423725
2017-09-28,02333.HK,6.9899886212817,7.0262061789049,6.9247970175599,6.9537710636584,19878870,138593093.0440826
2017-09-28,02328.HK,5.8871294801173,5.8954563959307,5.7122642480346,5.7455719112884,17918403,104219715.75493403
2017-09-28,02331.HK,5.8502676064482,5.9348090458477,5.8079968867484,5.884084182208,7881467,46241953.194342405
2017-09-29,02331.HK,5.8249051746283,6.0869836367669,5.8249051746283,5.884084182208,11309000,66208480.31823086
2017-09-29,02333.HK,6.9537710636584,6.9537710636584,6.9537710636584,6.9537710636584,0,0.0
2017-09-29,02328.HK,5.7872064903557,5.7872064903557,5.6872835005942,5.737244995475,15037355,86648634.08635685
2017-10-03,02333.HK,7.1928069439717,7.2579985476935,7.0334496904295,7.1638328978731,48113100,345371224.1873315
2017-10-03,02328.HK,5.7788795745423,5.8788025643038,5.7122642480346,5.8538218168634,23707734,137892495.14443812
2017-10-03,02331.HK,5.7910885988685,6.0278046291872,5.7910885988685,5.9939880534274,8157769,48069966.488361634
2017-10-04,02331.HK,5.9939880534274,5.9939880534274,5.884084182208,5.9179007579678,5496000,32733870.453714013
2017-10-04,02328.HK,5.8704756484904,5.9287640591846,5.7872064903557,5.8121872377961,12630256,73777511.5077487
2017-10-04,02333.HK,7.2435115246442,7.3304336629399,7.1783199209224,7.1855634324471,26044785,187901077.50316355
2017-10-06,02333.HK,7.3449206859892,7.3449206859892,7.1710764093978,7.2217809900703,37119864,270356992.5719504
2017-10-06,02331.HK,5.9263549019077,6.3575162428454,5.9263549019077,6.247612371626,11262743,68556132.34611039
2017-10-06,02328.HK,5.9121102275577,5.9287640591846,5.8038603219827,5.8288410694231,16601311,97457591.95851581
2017-10-09,02331.HK,6.1461626443466,6.2137957958662,6.0447129170671,6.0785294928269,6450342,39426722.564739995
2017-10-09,02328.HK,5.7538988271019,5.8288410694231,5.7455719112884,5.7955334061692,15634436,90284429.54370706
2017-10-09,02333.HK,7.2000504554963,7.2435115246442,7.084154271102,7.1565893863485,41029123,294520170.9688754
2017-10-10,02328.HK,5.7955334061692,5.8038603219827,5.7289180796615,5.8038603219827,12063892,69966916.60095094
2017-10-10,02333.HK,7.084154271102,7.1710764093978,7.0189626673802,7.1565893863485,35331700,251574841.34097195
2017-10-10,02331.HK,6.0024421973673,6.1546167882865,5.8925383261479,5.9686256216075,9131000,54653910.12752944
2017-10-11,02328.HK,5.8704756484904,6.0203601331327,5.8538218168634,5.9870524698788,60054250,356047479.00128675
2017-10-11,02333.HK,7.6926092391721,8.5328565760309,7.634661146975,8.185168022848,383429086,3044000811.643975
2017-10-11,02331.HK,6.0108963413073,6.1292543564666,5.9009924700879,6.0108963413073,5894953,35433951.4198785
2017-10-12,02328.HK,6.0370139647596,6.3118021866038,6.0370139647596,6.27849452335,73674288,453668159.60971564
2017-10-12,02333.HK,8.185168022848,8.185168022848,8.185168022848,8.185168022848,0,0.0
2017-10-12,02331.HK,6.0447129170671,6.0447129170671,5.9094466140278,5.9179007579678,3273497,19579789.98869286
2017-10-13,02331.HK,5.9179007579678,5.9179007579678,5.8079968867484,5.8249051746283,6253302,36715655.911957525
2017-10-13,02333.HK,8.185168022848,8.185168022848,8.185168022848,8.185168022848,0,0.0
2017-10-13,02328.HK,6.2951483549769,6.3034752707904,6.1785715335884,6.2868214391634,38264554,240721731.30712518
2017-10-16,02331.HK,5.8925383261479,5.9686256216075,5.7826344549285,5.8164510306883,6047416,35404564.79018047
2017-10-16,02328.HK,6.2951483549769,6.3700905972981,6.2285330284692,6.27849452335,28275531,177763214.49453074
2017-10-16,02333.HK,8.692213829573,8.7501619217702,7.8954275618622,7.9678626771086,198772248,1655780429.5425441
2017-10-17,02331.HK,5.8249051746283,5.8333593185683,5.6642764397692,5.6811847276491,4420727,25432641.14771253
2017-10-17,02328.HK,6.27849452335,6.3118021866038,6.2035522810288,6.2535137759096,19833041,124273917.20577796
2017-10-17,02333.HK,8.0547848154044,8.0982458845522,7.7070962622214,7.9678626771086,57168248,457993342.73428065
2017-10-18,02331.HK,5.6811847276491,5.8249051746283,5.6473681518893,5.8249051746283,6072800,34937091.37927509
2017-10-18,02333.HK,7.9678626771086,8.0258107693058,7.8519664927143,7.93888863101,30923015,245942354.65111056
2017-10-18,02328.HK,6.2951483549769,6.4117251763654,6.2035522810288,6.3700905972981,28434500,180064868.49423176
2017-10-19,02331.HK,5.8333593185683,5.875630038268,5.7150013034089,5.7488178791687,6202100,35916910.599042326
2017-10-19,02333.HK,7.9968367232072,7.9968367232072,7.5912000778271,7.6636351930736,57412686,449554878.37062395
2017-10-19,02328.HK,6.3700905972981,6.4033982605519,6.1452638703346,6.1535907861481,22886611,143312312.0554375
2017-10-20,02333.HK,7.7070962622214,7.7940184005172,7.634661146975,7.6926092391721,42498056,327228773.3908645
2017-10-20,02328.HK,6.2118791968423,6.2368599442827,6.1452638703346,6.2118791968423,12247667,76081027.84715195
2017-10-20,02331.HK,5.7488178791687,5.9601714776676,5.689638871589,5.7657261670486,9684916,55758695.93295733
2017-10-23,02331.HK,5.7065471594689,5.7910885988685,5.51210184885,5.5712808564297,12304049,69381474.26059458
2017-10-23,02328.HK,6.2618406917231,6.3367829340442,6.1952253652154,6.3118021866038,21592530,135748380.52977997
2017-10-23,02333.HK,7.73607030832,7.7505573313693,7.4753038934328,7.634661146975,45813367,352092480.609937
2017-10-24,02328.HK,6.3284560182307,6.3617636814846,6.2035522810288,6.2368599442827,21552679,135408110.73681366
2017-10-24,02333.HK,7.634661146975,7.6926092391721,7.5187649625807,7.6056871008764,28358813,216099093.00784776
2017-10-24,02331.HK,5.5543725685498,5.6642764397692,5.50364770491,5.5628267124897,10649894,59198496.95997345
2017-10-25,02328.HK,6.2535137759096,6.3700905972981,6.2451868600961,6.3284560182307,19425719,122206904.84372865
2017-10-25,02333.HK,7.6781222161229,7.837479469665,7.5912000778271,7.6636351930736,27884000,213894781.7990176
2017-10-25,02331.HK,5.5459184246098,5.6304598640094,5.52055599279,5.6304598640094,7089824,39619277.51186567
2017-10-26,02333.HK,7.5912000778271,7.7795313774679,7.5912000778271,7.6636351930736,24338600,185640666.8621719
2017-10-26,02331.HK,5.5628267124897,5.6473681518893,5.52055599279,5.5459184246098,2380571,13222578.259885047
2017-10-26,02328.HK,6.2618406917231,6.3950713447384,6.2368599442827,6.3367829340442,16052266,101118228.83735058
2017-10-27,02328.HK,6.2868214391634,6.4367059238057,6.2868214391634,6.3700905972981,21474316,135899264.3275889
2017-10-27,02333.HK,7.2145374785456,7.6056871008764,7.1638328978731,7.4463298473342,134785792,988038306.9628154
2017-10-27,02331.HK,5.5374642806699,5.5712808564297,5.4613769852103,5.4867394170301,4979768,27448988.399644066
2017-10-30,02328.HK,6.4367059238057,6.5366289135673,6.2951483549769,6.3451098498577,22638752,144682178.70482692
2017-10-30,02331.HK,5.4529228412703,5.6558222958292,5.4106521215706,5.6220057200694,5645988,31264456.879090603
2017-10-30,02333.HK,7.5042779395314,7.5187649625807,7.1638328978731,7.207293967021,81846623,602046239.7864928
2017-10-31,02333.HK,7.1783199209224,7.207293967021,7.0479367134788,7.1203718287253,52086615,372385226.0837881
2017-10-31,02331.HK,5.6473681518893,5.7826344549285,5.6304598640094,5.7572720231087,7545144,43024826.194272555
2017-10-31,02328.HK,6.3451098498577,6.4700135870596,6.3034752707904,6.4367059238057,40270443,257364691.77490643
2017-11-01,02333.HK,7.1565893863485,7.1638328978731,6.8958229714613,7.0189626673802,65164243,461869559.34416306
2017-11-01,02328.HK,6.6365519033288,7.0112631149346,6.5283019977538,6.9779554516807,82452808,561277180.4785931
2017-11-01,02331.HK,5.7488178791687,5.9770797655475,5.7234554473489,5.9770797655475,14717452,86287667.87151186
2017-11-02,02333.HK,7.1421023632992,7.1421023632992,6.9103099945106,6.9682580867077,43121500,304229954.0724863
2017-11-02,02331.HK,5.9770797655475,6.070075348887,5.9770797655475,6.0108963413073,5841902,35016290.79729363
2017-11-02,02328.HK,6.9529747042404,6.9946092833077,6.7781094721577,6.7781094721577,35089485,240908336.12072927
2017-11-03,02331.HK,6.0278046291872,6.0362587731271,5.9179007579678,5.9517173337276,9162361,54880352.415827
2017-11-03,02328.HK,6.7864363879711,6.9696285358673,6.7864363879711,6.9113401251731,34231453,234447396.4570998
2017-11-03,02333.HK,6.9899886212817,7.0624237365281,6.9392840406091,7.0044756443309,28891929,202163533.97755817
2017-11-06,02331.HK,5.9348090458477,5.9348090458477,5.7995427428084,5.8671758943281,13510270,79724001.53885445
2017-11-06,02328.HK,6.9529747042404,6.9529747042404,6.7364748930904,6.8863593777327,32006336,221473188.3219413
2017-11-06,02333.HK,6.982745109757,6.982745109757,6.758196252493,6.9247970175599,55172455,383656621.089998
2017-11-07,02328.HK,6.9113401251731,7.0195900307481,6.8280709670384,6.9779554516807,24839178,172499342.56404212
2017-11-07,02333.HK,7.0262061789049,7.0334496904295,6.8378748792641,6.8668489253627,54019528,375248139.60526323
2017-11-07,02331.HK,5.875630038268,5.8925383261479,5.7910885988685,5.8333593185683,4228671,24756731.866281155
2017-11-08,02331.HK,5.8079968867484,5.8587217503881,5.6811847276491,5.7910885988685,5469237,31719073.752049457
2017-11-08,02328.HK,6.9529747042404,7.0279169465615,6.8363978828519,6.8780324619192,19216816,132893959.90338524
2017-11-08,02333.HK,6.8451183907888,6.8668489253627,6.6423000680987,6.678517625722,96216857,650600876.3603346
2017-11-09,02328.HK,6.819744051225,7.0528976940019,6.819744051225,7.0029361991211,35490045,245283772.05269718
2017-11-09,02331.HK,5.8502676064482,6.0447129170671,5.8502676064482,5.9179007579678,15580722,91678279.86758019
2017-11-09,02333.HK,6.6350565565741,6.7509527409684,6.6350565565741,6.6930046487712,39540500,263499102.0449779
2017-11-10,02328.HK,7.0112631149346,7.0778784414423,6.9030132093596,6.9279939568,20138146,140355397.02106193
2017-11-10,02331.HK,5.9179007579678,5.9179007579678,5.7995427428084,5.8164510306883,6544500,38397732.64042992
2017-11-10,02333.HK,6.6278130450494,6.7437092294438,6.6133260220002,6.7074916718205,24204868,161389645.20580664
2017-11-13,02333.HK,6.6640306026727,6.7437092294438,6.4467252569333,6.5119168606551,78817873,519250076.90962136
2017-11-13,02331.HK,5.8164510306883,5.8164510306883,5.6642764397692,5.7488178791687,2967443,17159638.134836394
2017-11-13,02328.HK,6.8697055461057,6.9779554516807,6.7531287247173,6.7781094721577,26499515,180830239.39684814
2017-11-14,02333.HK,6.5408909067537,6.555377929803,6.4177512108348,6.4612122799826,49322341,320647083.5466972
2017-11-14,02331.HK,5.7488178791687,5.8671758943281,5.7319095912888,5.7741803109886,8427667,48555995.79412419
2017-11-14,02328.HK,6.8447247986654,6.8530517144788,6.5116481661269,6.5283019977538,40890346,273413846.3864263
2017-11-15,02333.HK,6.3742901416869,6.3960206762608,6.2439069342433,6.330829072539,56666865,359979637.66072255
2017-11-15,02331.HK,5.7741803109886,5.8249051746283,5.5712808564297,5.5797350003696,9432000,53545064.608365275
2017-11-15,02328.HK,6.4616866712461,6.6115711558884,6.3367829340442,6.3950713447384,41985907,269901323.1903149
2017-11-16,02331.HK,5.5881891443096,5.6642764397692,5.4951935609701,5.5290101367299,6120040,34018852.14396649
2017-11-16,02333.HK,6.3380725840637,6.5626214413277,6.2801244918665,6.3960206762608,49585500,315713190.67991024
2017-11-16,02328.HK,6.4533597554327,6.6865133982096,6.4200520921788,6.6282249875154,39152414,256087810.8159938
2017-11-17,02331.HK,5.5628267124897,5.5797350003696,5.4191062655105,5.4191062655105,6836350,37538168.75707584
2017-11-17,02328.HK,6.7364748930904,6.7781094721577,6.5033212503134,6.5283019977538,21540618,142865745.9304513
2017-11-17,02333.HK,6.4829428145566,6.5191603721798,6.4177512108348,6.4322382338841,36940504,238546648.59032395
2017-11-20,02331.HK,5.4191062655105,5.4191062655105,5.3092023942911,5.3092023942911,5144265,27594631.373907138
2017-11-20,02333.HK,6.4322382338841,6.4901863260812,6.3815336532115,6.4394817454087,40642238,261567753.43388653
2017-11-20,02328.HK,6.4949943345,6.5199750819404,6.3034752707904,6.3284560182307,28673764,183848294.53995842
2017-11-21,02331.HK,5.3092023942911,5.4782852730902,5.2838399624712,5.4021979776306,7094565,37996363.08981134
2017-11-21,02328.HK,6.3950713447384,6.6115711558884,6.3700905972981,6.6115711558884,31612706,205587582.7097099
2017-11-21,02333.HK,6.4105076993101,6.4974298376059,6.3887771647362,6.453968768458,31941568,205455774.9398073
2017-11-22,02331.HK,5.50364770491,5.50364770491,5.3430189700509,5.3937438336906,2776600,15128848.673039213
2017-11-22,02328.HK,6.7448018089038,6.7781094721577,6.4700135870596,6.5033212503134,28918983,191561122.7657051
2017-11-22,02333.HK,6.5264038837044,6.7364657179191,6.5264038837044,6.6423000680987,63111290,415546947.0131957
2017-11-23,02331.HK,5.3683814018708,5.3937438336906,5.1992985230717,5.2246609548916,6600000,34957039.77731592
2017-11-23,02328.HK,6.5865904084481,6.5865904084481,6.2951483549769,6.3367829340442,29296135,189302445.04852784
2017-11-23,02333.HK,6.7074916718205,6.9175535060352,6.6205695335248,6.7074916718205,66044925,442995784.4035095
2017-11-24,02331.HK,5.2922941064112,5.2922941064112,5.1739360912518,5.2669316745913,1943833,10262685.763781715
2017-11-24,02328.HK,6.3451098498577,6.5116481661269,6.3451098498577,6.4117251763654,14472374,92310843.77790026
2017-11-24,02333.HK,6.8378748792641,6.9103099945106,6.7074916718205,6.8089008331656,43152477,294446087.52739066
2017-11-27,02333.HK,6.881335948412,6.9320405290845,6.7437092294438,6.7871702985916,27884487,190569642.37699533
2017-11-27,02328.HK,6.4033982605519,6.4616866712461,6.3700905972981,6.4200520921788,16971891,108819100.81522849
2017-11-27,02331.HK,5.2753858185313,5.3007482503512,5.1570278033719,5.1823902351918,3648550,19077859.410405707
2017-11-28,02333.HK,6.8089008331656,6.8740924368874,6.7219786948698,6.7726832755423,38115500,258834434.547728
2017-11-28,02331.HK,5.2162068109516,5.2331150988315,5.0978487957923,5.1739360912518,6743633,35033655.275007315
2017-11-28,02328.HK,6.3201291024173,6.4200520921788,6.2535137759096,6.3700905972981,13819909,87688840.72003707
2017-11-29,02331.HK,5.2415692427715,5.2584775306514,5.1739360912518,5.2077526670117,2395658,12516500.813873703
2017-11-29,02333.HK,6.8596054138381,6.8596054138381,6.5988389989509,6.6423000680987,48991698,330740637.89779603
2017-11-29,02328.HK,6.4616866712461,6.4700135870596,6.27849452335,6.2951483549769,14141946,90203236.03587712
2017-11-30,02333.HK,6.5626214413277,6.6350565565741,6.5191603721798,6.6205695335248,32542439,214506594.06224403
2017-11-30,02331.HK,5.2500233867114,5.2669316745913,5.1316653715521,5.1316653715521,14495836,75245628.82141568
2017-11-30,02328.HK,6.2451868600961,6.27849452335,6.1286100387077,6.1619177019615,46492756,288420242.5351154
2017-12-01,02333.HK,6.6278130450494,6.6857611372466,6.5408909067537,6.6350565565741,32229185,213725739.01080003
2017-12-01,02331.HK,5.1654819473119,5.2246609548916,4.9879449245729,5.0724863639724,7298720,37362032.036468476
2017-12-01,02328.HK,6.1619177019615,6.2118791968423,6.0453408805731,6.1619177019615,24144813,148778350.63525015
2017-12-04,02331.HK,5.0724863639724,5.140119515492,5.0724863639724,5.1063029397322,3232335,16450628.461995006
2017-12-04,02333.HK,6.5771084643769,6.7147351833452,6.5698649528523,6.6423000680987,24494629,161902253.80121216
2017-12-04,02328.HK,6.1785715335884,6.3950713447384,6.1785715335884,6.2868214391634,21106885,131552807.9778402
2017-12-05,02331.HK,5.1063029397322,5.140119515492,5.0302156442726,5.0724863639724,5740681,29216591.179390118
2017-12-05,02328.HK,6.2451868600961,6.4283790079923,6.2451868600961,6.3201291024173,16957450,106537858.58426142
2017-12-05,02333.HK,6.6640306026727,6.7147351833452,6.5843519759016,6.6423000680987,26647600,177290888.59122396
2017-12-06,02328.HK,6.3451098498577,6.4283790079923,6.0786485438269,6.1036292912673,42745047,266060969.83906385
2017-12-06,02331.HK,5.1316653715521,5.2246609548916,4.9879449245729,5.2077526670117,11921201,61629140.3303724
2017-12-06,02333.HK,6.5626214413277,6.5988389989509,6.2946115149158,6.3887771647362,79924850,517569295.4399332
2017-12-07,02328.HK,6.1036292912673,6.170244617775,5.9620717224384,6.0203601331327,25114118,152241650.51756683
2017-12-07,02331.HK,5.2246609548916,5.2246609548916,5.0302156442726,5.1654819473119,5454818,28338169.262755945
2017-12-07,02333.HK,6.4467252569333,6.5046733491305,6.1352542613736,6.2728809803419,57631535,366525216.024872
2017-12-08,02328.HK,6.2035522810288,6.27849452335,6.1369369545211,6.2202061126557,26038938,161750737.27006516
2017-12-08,02331.HK,5.1992985230717,5.3514731139909,5.140119515492,5.334564826111,7082936,37305339.96750336
2017-12-08,02333.HK,6.2873680033912,6.4756993030319,6.1642283074722,6.3742901416869,37685938,238583231.91630414
2017-12-11,02331.HK,5.3852896897507,5.3852896897507,5.2331150988315,5.326110682171,1774000,9501012.129894547
2017-12-11,02333.HK,6.352559607113,6.4322382338841,6.2728809803419,6.352559607113,31433933,199685933.06849638
2017-12-11,02328.HK,6.1619177019615,6.4117251763654,6.1619177019615,6.3700905972981,18105854,113451356.29659133
2017-12-12,02331.HK,5.334564826111,5.334564826111,5.1654819473119,5.2415692427715,3072070,16245312.09449593
2017-12-12,02333.HK,6.3235855610144,6.3887771647362,6.2366634227187,6.3018550264405,23045115,145477365.13178286
2017-12-12,02328.HK,6.3700905972981,6.4033982605519,6.2535137759096,6.3284560182307,23009158,146091432.7235337
2017-12-13,02331.HK,5.1823902351918,5.2077526670117,5.1147570836722,5.1147570836722,3069965,15805940.934378158
2017-12-13,02333.HK,6.2656374688172,6.4394817454087,6.1787153305215,6.3742901416869,27949066,176637085.5106007
2017-12-13,02328.HK,6.3367829340442,6.4117251763654,6.2118791968423,6.3617636814846,14254440,90505335.40912917
2017-12-14,02331.HK,5.1570278033719,5.1908443791318,5.1147570836722,5.1908443791318,1610943,8334916.128649529
2017-12-14,02328.HK,6.3451098498577,6.3950713447384,6.2035522810288,6.2451868600961,24874960,156591563.5241162
2017-12-14,02333.HK,6.4322382338841,6.6930046487712,6.3598031186376,6.5481344182784,47924573,311039408.36788267
2017-12-15,02333.HK,6.5626214413277,6.5626214413277,6.4032641877855,6.4684557915073,55258607,360039587.79793835
2017-12-15,02331.HK,5.2077526670117,5.2246609548916,5.148573659432,5.2246609548916,5185687,27049615.84886343
2017-12-15,02328.HK,6.2202061126557,6.2285330284692,6.0619947122,6.1369369545211,22945545,141770691.15967163
2017-12-18,02331.HK,5.2415692427715,5.2415692427715,5.0386697882126,5.1063029397322,3699313,19140009.043537155
2017-12-18,02333.HK,6.4756993030319,6.4901863260812,6.3163420494897,6.453968768458,19746662,127658892.58995144
2017-12-18,02328.HK,6.1119562070807,6.2035522810288,6.0037063015057,6.1868984494019,14689589,90332560.03723279
2017-12-19,02331.HK,5.1063029397322,5.2077526670117,5.0893946518523,5.1992985230717,2598000,13386976.300182266
2017-12-19,02333.HK,6.5046733491305,6.5191603721798,6.3598031186376,6.4322382338841,20397021,131937228.61694603
2017-12-19,02328.HK,6.2535137759096,6.3617636814846,6.2202061126557,6.3118021866038,24435377,153519116.3340664
2017-12-20,02331.HK,5.1908443791318,5.1992985230717,5.1232112276121,5.1739360912518,2408500,12481786.88145945
2017-12-20,02333.HK,6.3815336532115,6.4467252569333,6.3090985379651,6.3887771647362,20633666,131749164.06685981
2017-12-20,02328.HK,6.2451868600961,6.3451098498577,6.2451868600961,6.2951483549769,8380010,52544067.25283194
2017-12-21,02328.HK,6.2202061126557,6.3284560182307,6.170244617775,6.27849452335,14795442,92461900.16769274
2017-12-21,02331.HK,5.1739360912518,5.3852896897507,5.1739360912518,5.3683814018708,3059101,16125006.992764419
2017-12-21,02333.HK,6.3163420494897,6.3670466301623,6.2656374688172,6.330829072539,31885030,201627715.32050937
2017-12-22,02331.HK,5.3937438336906,5.5628267124897,5.2922941064112,5.5628267124897,8321500,45587550.90001968
2017-12-22,02333.HK,6.3598031186376,6.3742901416869,6.2873680033912,6.3235855610144,28336921,179704091.5137965
2017-12-22,02328.HK,6.3201291024173,6.3784175131115,6.2701676075365,6.3367829340442,13249882,83851295.48374727
2017-12-27,02328.HK,6.3034752707904,6.3367829340442,6.1952253652154,6.2451868600961,12033709,75503474.21120402
2017-12-27,02331.HK,5.5628267124897,5.5628267124897,5.4021979776306,5.4951935609701,5680378,31406867.542457514
2017-12-27,02333.HK,6.3670466301623,6.3670466301623,6.2583939572926,6.2728809803419,39901066,252173292.9109752
2017-12-28,02328.HK,6.2451868600961,6.2868214391634,6.1868984494019,6.2368599442827,19887982,124121361.08432156
2017-12-28,02331.HK,5.51210184885,5.5374642806699,5.3937438336906,5.4106521215706,5204180,28421988.87889174
2017-12-28,02333.HK,6.3018550264405,6.5408909067537,6.3018550264405,6.3742901416869,46403688,294109942.7122457
2017-12-29,02331.HK,5.4444686973304,5.4444686973304,5.3092023942911,5.3514731139909,6355110,34304698.88227305
2017-12-29,02333.HK,6.3887771647362,6.6423000680987,6.3887771647362,6.4829428145566,40616952,261405016.27818832
2017-12-29,02328.HK,6.2451868600961,6.3118021866038,6.2118791968423,6.2535137759096,9005437,56278130.57970463
2018-01-02,02333.HK,6.6133260220002,7.0334496904295,6.6060825104755,6.9537710636584,146100603,991080532.587132
2018-01-02,02328.HK,6.3367829340442,6.4700135870596,6.2701676075365,6.4367059238057,22811135,145688889.37870494
2018-01-02,02331.HK,5.4360145533904,5.4698311291502,5.3683814018708,5.4613769852103,2824439,15389508.829946913
2018-01-03,02328.HK,6.4367059238057,6.5116481661269,6.386744428925,6.4283790079923,21829451,140418870.5647614
2018-01-03,02331.HK,5.4951935609701,5.6135515761294,5.3852896897507,5.5797350003696,2937254,16264939.10825464
2018-01-03,02333.HK,6.9537710636584,7.1710764093978,6.9537710636584,6.9899886212817,64182690,447474002.6465041
2018-01-04,02333.HK,7.0551802250035,7.1565893863485,6.9755015982324,7.105884805676,45429808,321667232.70964193
2018-01-04,02331.HK,5.5881891443096,5.6642764397692,5.5628267124897,5.6473681518893,3196533,17957414.83534528
2018-01-04,02328.HK,6.4949943345,6.603244240075,6.386744428925,6.5616096610077,25165431,164287533.47163668
2018-01-05,02331.HK,5.6304598640094,5.7910885988685,5.4529228412703,5.5712808564297,2976136,16668951.910382373
2018-01-05,02333.HK,7.1710764093978,7.1710764093978,7.0479367134788,7.0913977826267,31359846,223634497.1204314
2018-01-05,02328.HK,6.6615326507692,6.6948403140231,6.5699365768211,6.5949173242615,27521456,182418402.35200426
2018-01-08,02331.HK,5.5290101367299,5.7403637352288,5.50364770491,5.689638871589,3633821,20383281.179029193
2018-01-08,02333.HK,7.1710764093978,7.3883817551371,7.1276153402499,7.2217809900703,76257938,548784813.6057398
2018-01-08,02328.HK,6.5865904084481,6.603244240075,6.4283790079923,6.5782634926346,35239837,231963652.80148426
2018-01-09,02331.HK,5.6642764397692,5.8671758943281,5.6642764397692,5.7995427428084,8263783,47367257.038029335
2018-01-09,02333.HK,7.2579985476935,7.4463298473342,7.2145374785456,7.2869725937921,58829107,427833831.7971843
2018-01-09,02328.HK,6.6615326507692,6.6615326507692,6.4949943345,6.5616096610077,17320867,114518144.65218012
2018-01-10,02328.HK,6.5283019977538,6.5616096610077,6.4616866712461,6.4866674186865,35505038,231048491.84977537
2018-01-10,02331.HK,5.7995427428084,5.9179007579678,5.7234554473489,5.8079968867484,8707872,50538484.664554015
2018-01-10,02333.HK,6.8740924368874,7.0262061789049,6.7871702985916,6.8451183907888,124596576,854683347.2752903
2018-01-11,02328.HK,6.4949943345,6.5366289135673,6.4200520921788,6.4783405028731,11568345,75040006.59962545
2018-01-11,02333.HK,6.8089008331656,6.881335948412,6.7509527409684,6.8233878562148,50294626,342815430.5782087
2018-01-11,02331.HK,5.8079968867484,5.884084182208,5.7572720231087,5.8333593185683,4943066,28771996.026195
2018-01-12,02331.HK,5.9094466140278,5.9179007579678,5.7065471594689,5.8164510306883,3495000,20491006.13414138
2018-01-12,02333.HK,6.8233878562148,7.0044756443309,6.8233878562148,6.8596054138381,38858411,265849688.0989748
2018-01-12,02328.HK,6.4533597554327,6.603244240075,6.4533597554327,6.5532827451942,13471085,87606793.34527875
2018-01-15,02333.HK,6.982745109757,6.9972321328063,6.7509527409684,6.8451183907888,33557500,232014264.70978284
2018-01-15,02331.HK,5.8164510306883,5.8249051746283,5.5628267124897,5.5966432882495,14182908,80935433.36040874
2018-01-15,02328.HK,6.6365519033288,6.7364748930904,6.5532827451942,6.6115711558884,29792750,197349009.13624662
2018-01-16,02333.HK,6.8378748792641,6.9320405290845,6.7509527409684,6.9030664829859,25737500,176828739.1554547
2018-01-16,02328.HK,6.6198980717019,6.819744051225,6.6198980717019,6.7531287247173,23666225,158244530.547543
2018-01-16,02331.HK,5.5797350003696,5.6642764397692,5.5797350003696,5.6220057200694,3512000,19670256.705090884
2018-01-17,02331.HK,5.5797350003696,5.6727305837091,5.5290101367299,5.6389140079493,2831272,15881523.407540532
2018-01-17,02333.HK,6.8740924368874,6.9103099945106,6.6423000680987,6.9030664829859,37128578,255763159.7874558
2018-01-17,02328.HK,6.7614556405307,6.8613786302923,6.7198210614634,6.819744051225,24472195,166180883.5952927
2018-01-18,02331.HK,5.6389140079493,5.6811847276491,5.4275604094505,5.4698311291502,7300468,40549519.19677526
2018-01-18,02328.HK,7.0279169465615,7.0695515256288,6.8863593777327,7.0612246098154,48892083,344423739.18656427
2018-01-18,02333.HK,6.9392840406091,6.9392840406091,6.7002481602959,6.8306313677395,49852751,343234082.071733
2018-01-19,02331.HK,5.4106521215706,5.4698311291502,5.3092023942911,5.4360145533904,13718333,74399092.69355889
2018-01-19,02333.HK,6.8089008331656,6.9320405290845,6.7871702985916,6.8885794599366,26687000,182772328.2910092
2018-01-19,02328.HK,7.0778784414423,7.1361668521365,6.9113401251731,7.1361668521365,25124997,178563922.67951572
2018-01-22,02328.HK,7.1111861046961,7.2194360102711,7.0195900307481,7.1528206837634,23921901,170611079.12842807
2018-01-22,02333.HK,6.8958229714613,6.9755015982324,6.8089008331656,6.8596054138381,31662330,217764456.41335836
2018-01-22,02331.HK,5.4360145533904,5.52055599279,5.3430189700509,5.4698311291502,7429250,40511127.018507384
2018-01-23,02331.HK,5.4951935609701,5.5881891443096,5.4191062655105,5.4529228412703,5564148,30458469.991646558
2018-01-23,02333.HK,6.9175535060352,7.0696672480527,6.8523619023134,6.9247970175599,49200200,340523207.11549187
2018-01-23,02328.HK,7.2444167577115,7.2444167577115,7.1195130205096,7.1278399363231,30773483,221142198.522755
2018-01-24,02328.HK,7.1195130205096,7.1944552628307,7.0612246098154,7.1694745153904,33321907,238068156.89770946
2018-01-24,02333.HK,6.881335948412,6.9682580867077,6.8161443446902,6.9320405290845,35222492,243270771.23580435
2018-01-24,02331.HK,5.4698311291502,5.4698311291502,5.3430189700509,5.4106521215706,11345580,61722696.57985645
2018-01-25,02333.HK,6.9320405290845,6.9392840406091,6.7509527409684,6.8161443446902,52151500,358494231.72233063
2018-01-25,02328.HK,7.1944552628307,7.2277629260846,6.8530517144788,6.9529747042404,24813497,175523605.52281442
2018-01-25,02331.HK,5.4360145533904,5.4360145533904,5.2415692427715,5.3176565382311,11546210,62082072.34739554
2018-01-26,02328.HK,7.0695515256288,7.1028591888827,6.9946092833077,7.0778784414423,22539043,159434766.18365204
2018-01-26,02331.HK,5.3092023942911,5.334564826111,5.1739360912518,5.326110682171,9890187,52592617.56487773
2018-01-26,02333.HK,6.8161443446902,6.9537710636584,6.779926787067,6.8016573216409,43655659,297247052.9374912
2018-01-29,02333.HK,6.8523619023134,7.1710764093978,6.8523619023134,6.9682580867077,83577107,577543717.8143777
2018-01-29,02328.HK,7.1278399363231,7.1361668521365,6.8447247986654,6.8697055461057,22534695,157715209.09758043
2018-01-29,02331.HK,5.3683814018708,5.4106521215706,5.2669316745913,5.3430189700509,9851400,52761144.81197472
2018-01-30,02328.HK,6.8697055461057,6.9363208726134,6.6615326507692,6.6948403140231,27103439,183822920.64135173
2018-01-30,02331.HK,5.3430189700509,5.3514731139909,5.2415692427715,5.334564826111,4411400,23551546.579194304
2018-01-30,02333.HK,7.0551802250035,7.1565893863485,6.9537710636584,7.0406932019542,52366050,369072606.33486915
2018-01-31,02328.HK,6.6948403140231,6.8363978828519,6.6532057349557,6.7614556405307,32304623,217350283.89414284
2018-01-31,02331.HK,5.326110682171,5.326110682171,5.2500233867114,5.326110682171,13521627,72017682.00503181
2018-01-31,02333.HK,7.0551802250035,7.0769107595774,6.8306313677395,6.9175535060352,38979568,272325562.3074584
2018-02-01,02331.HK,5.2753858185313,5.3430189700509,5.1739360912518,5.2500233867114,7532207,39639780.446796745
2018-02-01,02333.HK,6.8740924368874,6.9537710636584,6.7437092294438,6.8089008331656,39070873,267303246.15704775
2018-02-01,02328.HK,6.7448018089038,6.8530517144788,6.7198210614634,6.7781094721577,19032304,128686079.23309596
2018-02-02,02333.HK,6.758196252493,6.8378748792641,6.6640306026727,6.779926787067,31276903,211715280.5551916
2018-02-02,02328.HK,6.71149414565,6.9613016200538,6.6448788191423,6.9030132093596,18148871,123543968.85731022
2018-02-02,02331.HK,5.2838399624712,5.3007482503512,5.2415692427715,5.2669316745913,1533684,8090774.823708282
2018-02-05,02331.HK,5.1570278033719,5.2246609548916,5.0302156442726,5.1654819473119,8691064,44856796.44190847
2018-02-05,02333.HK,6.7002481602959,6.7364657179191,6.5336473952291,6.7002481602959,29815957,199774311.03671166
2018-02-05,02328.HK,6.8280709670384,6.8613786302923,6.6532057349557,6.7781094721577,19360803,131713289.53286459
2018-02-06,02328.HK,6.4949943345,6.5949173242615,6.4283790079923,6.5033212503134,33929448,220512836.36125794
2018-02-06,02333.HK,6.4394817454087,6.5191603721798,6.2656374688172,6.4032641877855,87742649,563428274.306218
2018-02-06,02331.HK,4.9879449245729,5.0724863639724,4.8864951972934,5.0217615003327,4748375,23764919.872680563
2018-02-07,02333.HK,6.4612122799826,6.7074916718205,6.2439069342433,6.2801244918665,52351932,333516798.13447183
2018-02-07,02331.HK,5.1063029397322,5.140119515492,4.9118576291133,4.9287659169932,5951000,29859347.383186426
2018-02-07,02328.HK,6.5782634926346,6.7364748930904,6.3700905972981,6.4200520921788,32445437,210868014.70659068
2018-02-08,02328.HK,6.4949943345,6.5616096610077,6.3534367656711,6.4200520921788,18854063,121750549.48826349
2018-02-08,02333.HK,6.3742901416869,6.4684557915073,6.3090985379651,6.4032641877855,42655202,272514580.49480987
2018-02-08,02331.HK,4.962582492753,4.9710366366929,4.8357703336537,4.9710366366929,5250782,26079634.2598751
2018-02-09,02328.HK,6.2868214391634,6.3034752707904,6.0869754596404,6.1952253652154,39139494,244270498.00385162
2018-02-09,02331.HK,4.9203117730532,4.9203117730532,4.6328708790948,4.8780410533535,5122943,25098201.511785205
2018-02-09,02333.HK,6.1569847959476,6.2873680033912,6.026601588504,6.229419911194,55729733,345145513.5794723
2018-02-12,02333.HK,6.229419911194,6.4032641877855,6.1932023535708,6.2221763996694,27781990,172965062.09622195
2018-02-12,02331.HK,5.2415692427715,5.4867394170301,5.1654819473119,5.3852896897507,27776022,147585933.75031656
2018-02-12,02328.HK,6.2535137759096,6.3534367656711,6.1535907861481,6.1868984494019,26176377,162822460.2225814
2018-02-13,02328.HK,6.1535907861481,6.3367829340442,6.1286100387077,6.1369369545211,18310035,112519996.55006199
2018-02-13,02333.HK,6.2366634227187,6.3670466301623,6.2366634227187,6.2656374688172,16458326,102883471.91149424
2018-02-13,02331.HK,5.3430189700509,5.6558222958292,5.3007482503512,5.326110682171,25038321,133568546.51147515
2018-02-14,02328.HK,6.1619177019615,6.3034752707904,6.1619177019615,6.1952253652154,32278589,199435571.13980126
2018-02-14,02331.HK,5.3852896897507,5.4191062655105,5.2415692427715,5.3007482503512,5879347,31413462.552512147
2018-02-14,02333.HK,6.2873680033912,6.3598031186376,6.1932023535708,6.3018550264405,10667448,67147441.01556605
2018-02-15,02328.HK,6.2701676075365,6.3700905972981,6.170244617775,6.3034752707904,14144650,88924888.8694633
2018-02-15,02333.HK,6.3163420494897,6.3670466301623,6.2366634227187,6.2946115149158,17633590,111188192.3318826
2018-02-15,02331.HK,5.334564826111,5.3937438336906,5.2753858185313,5.326110682171,4661000,24844704.272051204
2018-02-20,02331.HK,5.3768355458107,5.4529228412703,5.2753858185313,5.326110682171,8925353,47763786.61237757
2018-02-20,02333.HK,6.2511504457679,6.453968768458,6.2511504457679,6.3235855610144,13536250,85107385.13590345
2018-02-20,02328.HK,6.2618406917231,6.3534367656711,6.1868984494019,6.2701676075365,15281603,95754587.8109952
2018-02-21,02333.HK,6.3235855610144,6.4105076993101,6.3235855610144,6.3670466301623,12933242,82065508.63073926
2018-02-21,02328.HK,6.2701676075365,6.4450328396192,6.2451868600961,6.4117251763654,13757255,87234016.45539917
2018-02-21,02331.HK,5.334564826111,5.334564826111,5.1739360912518,5.334564826111,9116250,48631226.59603441
2018-02-22,02331.HK,5.334564826111,5.4951935609701,5.2077526670117,5.3430189700509,14738000,78683114.99391705
2018-02-22,02333.HK,6.3960206762608,6.4394817454087,6.2801244918665,6.3598031186376,21862670,139438183.1030057
2018-02-22,02328.HK,6.2951483549769,6.4700135870596,6.2868214391634,6.3950713447384,31036140,196927717.615561
2018-02-23,02331.HK,5.4444686973304,5.6135515761294,5.2753858185313,5.5881891443096,15183864,83759188.11299764
2018-02-23,02328.HK,6.4367059238057,6.5366289135673,6.4117251763654,6.5033212503134,14534402,94037778.4197855
2018-02-23,02333.HK,6.4249947223594,6.4901863260812,6.3670466301623,6.4394817454087,19788500,127284346.29121453
2018-02-26,02328.HK,6.5283019977538,6.6781864823961,6.5283019977538,6.603244240075,20624762,135417507.9236072
2018-02-26,02331.HK,5.6558222958292,6.0869836367669,5.6135515761294,6.070075348887,34990024,205144720.00508165
2018-02-26,02333.HK,7.0986412941513,7.105884805676,6.7074916718205,6.7364657179191,116173582,803636969.4727678
2018-02-27,02328.HK,6.7364748930904,6.7364748930904,6.4616866712461,6.5616096610077,22407730,148989944.10270032
2018-02-27,02331.HK,6.0954377807068,6.1715250761664,5.9179007579678,6.1038919246468,17098849,104297248.26652785
2018-02-27,02333.HK,6.8016573216409,6.9103099945106,6.7437092294438,6.7871702985916,48430673,329058033.4644242
2018-02-28,02331.HK,6.1208002125267,6.1208002125267,5.9855339094874,6.0869836367669,11765966,71818184.85306881
2018-02-28,02333.HK,6.8089008331656,6.8740924368874,6.6350565565741,6.7074916718205,31938150,215844285.6415609
2018-02-28,02328.HK,6.5199750819404,6.5699365768211,6.4283790079923,6.4616866712461,22838864,148243203.63751402
2018-03-01,02328.HK,6.4033982605519,6.6532057349557,6.3617636814846,6.6198980717019,20691748,134737382.91815996
2018-03-01,02333.HK,6.6712741141973,6.7074916718205,6.555377929803,6.6857611372466,18151440,121224711.97223443
2018-03-01,02331.HK,6.070075348887,6.0785294928269,5.9348090458477,6.0531670610071,6101000,36981950.971381955
2018-03-02,02333.HK,6.5915954874262,6.6857611372466,6.555377929803,6.5843519759016,32030764,211017831.83712572
2018-03-02,02328.HK,6.5283019977538,6.5699365768211,6.4200520921788,6.5116481661269,29680396,193515442.34212205
2018-03-02,02331.HK,6.0024421973673,6.0024421973673,5.7910885988685,5.8164510306883,14332700,84698325.48487625
2018-03-05,02333.HK,6.6857611372466,6.6857611372466,6.4467252569333,6.5408909067537,24469250,161823127.76382717
2018-03-05,02331.HK,5.8249051746283,5.9855339094874,5.7910885988685,5.9179007579678,8501750,49917200.16872444
2018-03-05,02328.HK,6.5199750819404,6.5782634926346,6.3451098498577,6.4033982605519,16442786,106248131.1343528
2018-03-06,02331.HK,5.9601714776676,6.2898830913258,5.9601714776676,6.1799792201064,25883422,157114321.82703945
2018-03-06,02328.HK,6.4949943345,6.5699365768211,6.4033982605519,6.5033212503134,18889759,122767524.4015346
2018-03-06,02333.HK,6.6350565565741,6.6640306026727,6.4684557915073,6.5191603721798,32775000,215564729.91995454
2018-03-07,02328.HK,6.4700135870596,6.5033212503134,6.3118021866038,6.3534367656711,17803367,114150296.41797204
2018-03-07,02331.HK,6.1630709322265,6.3236996670856,6.1208002125267,6.1630709322265,13892047,85617671.05482435
2018-03-07,02333.HK,6.453968768458,6.5119168606551,6.3815336532115,6.4394817454087,30559080,197005992.8646468
2018-03-08,02328.HK,6.4283790079923,6.5199750819404,6.3950713447384,6.4533597554327,11966124,77072241.6893751
2018-03-08,02331.HK,6.2645206595059,6.3575162428454,6.1630709322265,6.256066515566,12317833,77113250.9422387
2018-03-08,02333.HK,6.4612122799826,6.4901863260812,6.3960206762608,6.453968768458,21588400,139409047.27307755
2018-03-09,02328.HK,6.5116481661269,6.71149414565,6.4533597554327,6.7031672298365,17662253,116701706.43590036
2018-03-09,02331.HK,6.256066515566,6.4758742580048,6.256066515566,6.433603538305,19833848,125842493.50931463
2018-03-09,02333.HK,6.352559607113,6.5046733491305,6.2873680033912,6.4901863260812,41101291,263926718.9196407
2018-03-12,02328.HK,6.8697055461057,6.8697055461057,6.7448018089038,6.7947633037846,24939739,170394143.34494713
2018-03-12,02333.HK,6.555377929803,6.555377929803,6.3960206762608,6.4756993030319,24596300,160258142.4709885
2018-03-12,02331.HK,6.4927825458847,6.9070355989424,6.4758742580048,6.8563107353027,28547596,190542260.97882617
2018-03-13,02333.HK,6.4249947223594,6.5191603721798,6.4177512108348,6.4756993030319,15858756,102294479.38966921
2018-03-13,02331.HK,6.7633151519632,6.983122894402,6.7041361443835,6.983122894402,23393129,160786099.25456455
2018-03-13,02328.HK,6.7947633037846,6.7947633037846,6.6781864823961,6.7448018089038,15100794,102229091.80814716
2018-03-14,02333.HK,6.4249947223594,6.4467252569333,6.3742901416869,6.4322382338841,18815816,120959664.78690687
2018-03-14,02331.HK,6.9323980307623,7.1437516292611,6.8732190231826,7.0338477580417,13756289,96061856.65791039
2018-03-14,02328.HK,6.71149414565,6.7864363879711,6.6198980717019,6.7864363879711,11895271,80280770.8182988
2018-03-15,02333.HK,6.3815336532115,6.5119168606551,6.3598031186376,6.4756993030319,17850208,114752141.2866998
2018-03-15,02331.HK,6.9493063186422,7.1352974853212,6.9154897428824,7.0338477580417,13048985,91232983.89966853
2018-03-15,02328.HK,6.7364748930904,6.9279939568,6.6698595665827,6.8780324619192,18306498,124616975.83273427
2018-03-16,02328.HK,6.9613016200538,6.9613016200538,6.7614556405307,6.8530517144788,32608612,225233443.9583399
2018-03-16,02331.HK,7.0253936141018,7.1775682050209,7.0084853262219,7.1522057732011,28663222,203187839.3326635
2018-03-16,02333.HK,6.3887771647362,6.4612122799826,6.3887771647362,6.4322382338841,15750521,100968836.1386462
2018-03-19,02328.HK,6.8530517144788,6.8946862935461,6.7198210614634,6.7531287247173,16868679,114759145.12243901
2018-03-19,02331.HK,7.1522057732011,7.3804676595798,7.0845726216814,7.169114061081,20671542,148021882.22489774
2018-03-19,02333.HK,6.4394817454087,6.4467252569333,6.3380725840637,6.4105076993101,11941553,76724415.00177506
2018-03-20,02328.HK,6.7531287247173,6.7697825563442,6.6781864823961,6.7198210614634,15136309,101965365.5525575
2018-03-20,02331.HK,7.160659917141,7.160659917141,6.7633151519632,6.9408521747022,15193008,107122193.01173525
2018-03-20,02333.HK,6.3815336532115,6.3960206762608,6.3090985379651,6.3960206762608,15459000,98764106.18965615
2018-03-21,02328.HK,6.7697825563442,6.8530517144788,6.5616096610077,6.5699365768211,22924420,152902662.04535863
2018-03-21,02333.HK,6.4612122799826,6.4612122799826,6.3235855610144,6.3380725840637,20509350,131252506.51321399
2018-03-21,02331.HK,6.9323980307623,6.9323980307623,6.4927825458847,6.5857781292242,19318600,130576118.98215759
2018-03-22,02333.HK,6.3960206762608,6.4032641877855,6.2511504457679,6.3018550264405,18135500,115141162.4031697
2018-03-22,02328.HK,6.6615326507692,6.7031672298365,6.5366289135673,6.5865904084481,18097199,119876959.68957213
2018-03-22,02331.HK,6.5096908337646,7.169114061081,6.4843284019447,7.1268433413812,35943729,245073944.44533956
2018-03-23,02333.HK,6.1569847959476,6.2076893766201,6.0410886115533,6.1424977728983,37204500,228798049.61631364
2018-03-23,02328.HK,6.386744428925,6.5865904084481,6.386744428925,6.5116481661269,52011401,335431734.75833744
2018-03-23,02331.HK,6.805585871663,7.1014809095614,6.6872278565036,6.8901273110625,28353833,194162982.19944865
2018-03-26,02328.HK,6.3534367656711,6.386744428925,6.1785715335884,6.2951483549769,54651730,345633529.447836
2018-03-26,02331.HK,6.8901273110625,6.9577604625821,6.7125902883235,6.8309483034828,15137412,103850787.33026269
2018-03-26,02333.HK,6.0121145654547,6.0121145654547,5.7803221966661,5.9179489156343,73386800,437754591.33699113
2018-03-27,02331.HK,6.8985814550025,7.0676643338015,6.7041361443835,6.8647648792426,9930089,68335627.01843879
2018-03-27,02333.HK,5.9831405193561,6.0845496807011,5.8527573119125,5.9107054041097,36392429,216422971.6533343
2018-03-27,02328.HK,6.3367829340442,6.3534367656711,6.1452638703346,6.1535907861481,47281527,295281971.1456813
2018-03-28,02331.HK,6.8478565913627,6.8563107353027,6.6449571368038,6.7041361443835,11683428,79166865.69230688
2018-03-28,02333.HK,5.8527573119125,5.8527573119125,5.6934000583703,5.7441046390429,48724200,282523910.5353705
2018-03-28,02328.HK,6.0786485438269,6.0786485438269,5.7538988271019,5.7872064903557,74177620,440090442.85034204
2018-03-29,02333.HK,5.7296176159936,5.7296176159936,5.5050687587296,5.700643569895,44126094,252186389.76653594
2018-03-29,02328.HK,5.7955334061692,5.84549490105,5.7039373322211,5.7205911638481,47592481,274040469.89609075
2018-03-29,02331.HK,6.7633151519632,6.8309483034828,6.5942322731641,6.797131727723,10089883,68411661.22187442
2018-04-03,02328.HK,5.6539758373404,5.84549490105,5.6539758373404,5.8371679852365,30960909,177888129.09835777
2018-04-03,02331.HK,6.7633151519632,7.2536555004805,6.6872278565036,7.2029306368408,12402852,86610639.75707963
2018-04-03,02333.HK,5.6499389892225,5.7151305929443,5.5123122702542,5.6861565468457,24003050,136050433.97851092
2018-04-04,02328.HK,5.8704756484904,5.8954563959307,5.6706296689673,5.6789565847807,25540327,147488137.9510421
2018-04-04,02333.HK,5.6861565468457,5.6934000583703,5.5919908970253,5.6137214315993,16317500,92192879.45663814
2018-04-04,02331.HK,7.3381969398801,7.5833671141387,7.2282930686607,7.3043803641202,21578562,157982881.09708166
2018-04-06,02328.HK,5.7039373322211,5.7455719112884,5.5707066792057,5.6040143424596,25550617,144462571.14713758
2018-04-06,02331.HK,7.2705637883604,7.6087295459586,7.2705637883604,7.5833671141387,17388035,129140335.21011798
2018-04-06,02333.HK,5.6499389892225,5.6644260122718,5.476094712631,5.6137214315993,19274505,108550739.54971595
2018-04-09,02333.HK,5.5847473855007,5.6861565468457,5.4036595973846,5.6644260122718,50327540,283071612.0716657
2018-04-09,02328.HK,5.6623027531538,5.8121872377961,5.6289950899,5.7205911638481,26150076,148831770.5147687
2018-04-09,02331.HK,7.6340919777785,7.9807118793166,7.5157339626191,7.8116290005175,23517024,181618695.47194523
2018-04-10,02328.HK,5.737244995475,5.9370909749981,5.7205911638481,5.8954563959307,33510420,194908354.6802947
2018-04-10,02333.HK,5.6426954776978,5.8092962427647,5.59923440855,5.7078870814196,34696116,196910564.5693571
2018-04-10,02331.HK,7.8454455762773,7.8454455762773,7.3297427959401,7.5833671141387,20391316,157306897.53754142
2018-04-11,02333.HK,5.7223741044689,5.7296176159936,5.6064779200746,5.700643569895,26570294,151756468.98752254
2018-04-11,02328.HK,5.9121102275577,5.9370909749981,5.8038603219827,5.8288410694231,26258395,154149268.41594207
2018-04-11,02331.HK,7.541096394439,7.9807118793166,7.4819173868593,7.7862665686976,27187705,208357911.33484188
2018-04-12,02333.HK,5.7803221966661,5.7803221966661,5.5919908970253,5.6789130353211,27338902,156641454.50112268
2018-04-12,02328.HK,5.8621487326769,5.8621487326769,5.7455719112884,5.7872064903557,19541070,113820432.93407282
2018-04-12,02331.HK,7.8116290005175,8.276606917215,7.7439958489979,8.0737074626561,21732661,172615316.11254543
2018-04-13,02333.HK,5.6354519661732,5.700643569895,5.577503873976,5.6644260122718,19333885,109235270.67464405
2018-04-13,02328.HK,5.8205141536096,5.8371679852365,5.7538988271019,5.7955334061692,11398320,66201713.61078894
2018-04-13,02331.HK,8.1836113338755,8.3019693490348,8.0398908868962,8.2850610611549,28430519,234106451.71584368
2018-04-16,02331.HK,8.268152773275,8.268152773275,7.7778124247577,7.904624583857,13796440,111563376.2205151
2018-04-16,02328.HK,5.8205141536096,5.8288410694231,5.6206681740865,5.6539758373404,20676520,118626260.89383875
2018-04-16,02333.HK,5.6861565468457,5.6861565468457,5.4398771550078,5.5412863163528,24983500,140250409.38635987
2018-04-17,02333.HK,5.5630168509267,5.5630168509267,5.4181466204339,5.476094712631,19330080,106693454.82624772
2018-04-17,02331.HK,7.904624583857,8.1075240384159,7.6340919777785,7.6848168414182,16320454,127213380.83344917
2018-04-17,02328.HK,5.6539758373404,5.6956104164077,5.5373990159519,5.5707066792057,18121787,101705652.85373619
2018-04-18,02333.HK,5.577503873976,5.577503873976,5.2587893668917,5.4181466204339,39880025,219253408.30416462
2018-04-18,02328.HK,5.6706296689673,5.7289180796615,5.5540528475788,5.6123412582731,16059464,90599232.7095319
2018-04-18,02331.HK,7.7355417050579,7.9807118793166,7.4311925232196,7.5241881065591,13864431,105783735.52590345
2018-04-19,02333.HK,5.476094712631,5.6137214315993,5.3891725743353,5.5412863163528,26953450,148478214.3478317
2018-04-19,02328.HK,5.6872835005942,5.8704756484904,5.6539758373404,5.8288410694231,63973919,368365810.2180983
2018-04-19,02331.HK,7.4481008110995,7.5495505383789,7.3973759474597,7.4819173868593,14232100,106242755.99758472
2018-04-20,02333.HK,5.5412863163528,5.5485298278775,5.3891725743353,5.4543641780571,20240004,111276004.99472919
2018-04-20,02331.HK,7.4734632429193,7.6932709853581,7.3128345080602,7.3128345080602,21817492,161299966.44580662
2018-04-20,02328.HK,5.8288410694231,5.8788025643038,5.7039373322211,5.7455719112884,25810867,149372817.02410904
2018-04-23,02333.HK,5.4326336434832,5.5195557817789,5.3384679936628,5.4543641780571,24421203,132936791.93019672
2018-04-23,02328.HK,5.6623027531538,5.7788795745423,5.5873605108327,5.6123412582731,22175165,125008545.6348267
2018-04-23,02331.HK,7.3043803641202,7.4650090989794,7.2282930686607,7.3804676595798,11874470,87187393.65599246
2018-04-24,02331.HK,7.2874720762403,7.5749129701988,7.0169394701618,7.4227383792796,24878988,182987574.70017704
2018-04-24,02333.HK,5.5340428048282,5.5847473855007,5.4543641780571,5.5195557817789,20210000,111696613.71766475
2018-04-24,02328.HK,5.5790335950192,5.6872835005942,5.5790335950192,5.6289950899,35701615,200072362.50897077
2018-04-25,02333.HK,5.8672443349618,6.0628191461272,5.6789130353211,5.6789130353211,106298048,613666995.1809428
2018-04-25,02328.HK,5.5956874266461,5.6456489215269,5.5373990159519,5.5457259317654,23393800,130319997.91200347
2018-04-25,02331.HK,7.3128345080602,7.7862665686976,7.2959262201803,7.6932709853581,25841926,193893333.8545546
2018-04-26,02328.HK,5.6206681740865,5.6206681740865,5.3208992048019,5.4041683629365,45803274,252486804.35523778
2018-04-26,02333.HK,5.7730786851414,6.0121145654547,5.7658351736168,5.8672443349618,74506600,433640445.5648105
2018-04-26,02331.HK,7.6932709853581,7.710179273238,7.2705637883604,7.5157339626191,6888878,52386489.79400563
2018-04-27,02333.HK,5.9758970078315,5.9758970078315,5.7296176159936,5.9179489156343,18866279,112196307.78755923
2018-04-27,02331.HK,7.5241881065591,7.5580046823189,7.2959262201803,7.3804676595798,8756984,65259916.03479304
2018-04-27,02328.HK,5.4957644368846,5.5707066792057,5.4374760261904,5.5623797633923,32344768,178836554.33425093
2018-04-30,02331.HK,7.5495505383789,7.5664588262588,7.4227383792796,7.5157339626191,6717731,50602264.3580869
2018-04-30,02333.HK,6.00487105393,6.026601588504,5.9469229617329,5.9614099847822,17207882,102957176.04649849
2018-04-30,02328.HK,5.6956104164077,5.953744806625,5.5956874266461,5.9037833117442,34814968,201916260.73250452
2018-05-02,02331.HK,7.4650090989794,7.5241881065591,7.1775682050209,7.2029306368408,21112500,154838438.83625197
2018-05-02,02328.HK,5.8288410694231,5.8538218168634,5.7538988271019,5.7788795745423,26971673,156539822.7421921
2018-05-02,02333.HK,5.9976275424054,6.00487105393,5.8092962427647,5.9541664732575,31408270,187692586.7141623
2018-05-03,02328.HK,5.7122642480346,5.7622257429154,5.6373220057134,5.737244995475,34865130,199594314.1055819
2018-05-03,02333.HK,5.9541664732575,5.9541664732575,5.7658351736168,5.8382702888632,34073571,200905215.63856488
2018-05-03,02331.HK,7.0592101898616,7.2621096444205,7.0592101898616,7.2113847807808,10617580,75759591.87419666
2018-05-04,02331.HK,7.1014809095614,7.5072798186791,7.1014809095614,7.3720135156399,13070185,94585624.86692482
2018-05-04,02333.HK,5.8672443349618,5.8817313580111,5.700643569895,5.7803221966661,23374500,136128021.94676816
2018-05-04,02328.HK,5.7289180796615,5.84549490105,5.7122642480346,5.7538988271019,29487618,169300459.2552904
2018-05-07,02331.HK,7.4227383792796,7.7270875611179,7.4227383792796,7.6087295459586,10551670,79303544.58134907
2018-05-07,02333.HK,5.7803221966661,5.8382702888632,5.7223741044689,5.7658351736168,24520238,141557263.35239542
2018-05-07,02328.HK,5.8205141536096,5.953744806625,5.7622257429154,5.8288410694231,26170348,152433840.0811917
2018-05-08,02333.HK,5.80205273124,5.9686534963068,5.80205273124,5.8672443349618,21735000,126816085.86694805
2018-05-08,02328.HK,5.8288410694231,6.1119562070807,5.7955334061692,6.0120332173192,34471786,204088042.23274156
2018-05-08,02331.HK,7.6087295459586,7.7693582808177,7.6087295459586,7.6932709853581,7522249,57552729.09734826
2018-05-09,02333.HK,5.8672443349618,5.8962183810604,5.577503873976,5.7513481505675,64187580,372884667.32615536
2018-05-09,02328.HK,5.9870524698788,6.0786485438269,5.9121102275577,6.0037063015057,20721039,124230490.07072514
2018-05-09,02331.HK,7.6932709853581,7.7355417050579,7.6256378338385,7.6848168414182,6706300,51565035.19635495
2018-05-10,02328.HK,5.9953793856923,6.0286870489461,5.9204371433711,5.9953793856923,14330986,85919698.04104495
2018-05-10,02331.HK,7.8200831444574,7.8200831444574,7.6087295459586,7.6848168414182,7223792,56002086.23938414
2018-05-10,02333.HK,5.7513481505675,5.7803221966661,5.6861565468457,5.7513481505675,23162530,133215774.07796423
2018-05-11,02333.HK,5.8237832658139,5.9179489156343,5.7585916620921,5.8382702888632,30831769,179780870.6317166
2018-05-11,02328.HK,6.0286870489461,6.0703216280134,5.9703986382519,6.0453408805731,21473319,129634726.67273766
2018-05-11,02331.HK,7.6932709853581,7.7439958489979,7.6002754020186,7.6510002656584,12913177,99071645.30019376
2018-05-14,02333.HK,5.9686534963068,5.9686534963068,5.8455138003879,5.8527573119125,20531000,121352692.65177523
2018-05-14,02328.HK,6.1119562070807,6.1535907861481,6.0869754596404,6.1535907861481,18316374,112330173.02127707
2018-05-14,02331.HK,7.7355417050579,7.7355417050579,7.4988256747392,7.5157339626191,6052708,46155759.12197696
2018-05-15,02331.HK,7.6340919777785,7.6340919777785,7.2874720762403,7.2874720762403,10054107,75011500.80322939
2018-05-15,02333.HK,5.8962183810604,5.9396794502082,5.8527573119125,5.8672443349618,22260500,130930280.89500609
2018-05-15,02328.HK,6.1119562070807,6.1202831228942,5.9787255540654,6.0037063015057,17171174,104020074.53010678
2018-05-16,02328.HK,5.9870524698788,5.9870524698788,5.84549490105,5.9454178908115,24925650,148712289.9229701
2018-05-16,02333.HK,5.8817313580111,5.9396794502082,5.8310267773386,5.8672443349618,15996370,93970481.15290046
2018-05-16,02331.HK,7.2874720762403,7.5918212580787,7.1944764929008,7.3804676595798,22633097,165990451.41548532
2018-05-17,02331.HK,7.5072798186791,7.9468953035568,7.4058300913997,7.9468953035568,15734284,121580190.17949717
2018-05-17,02328.HK,5.9870524698788,5.9870524698788,5.84549490105,5.8621487326769,11324797,67094899.115549594
2018-05-17,02333.HK,5.9416073810323,5.9713525994605,5.8523717257477,5.8523717257477,12633578,74500077.48793773
2018-05-18,02328.HK,5.8871294801173,5.9370909749981,5.8538218168634,5.8871294801173,8517760,50145156.000563934
2018-05-18,02333.HK,5.8598080303548,5.8746806395689,5.7631360704631,5.8151902027125,20900276,122005342.68530944
2018-05-18,02331.HK,7.8285372883974,8.1667030459956,7.7355417050579,8.1159781823558,20408100,162698633.08933917
2018-05-21,02331.HK,8.1667030459956,8.2850610611549,8.0314367429563,8.1159781823558,13563618,110426034.09856458
2018-05-21,02328.HK,5.9953793856923,6.0619947122,5.9037833117442,5.9204371433711,26622125,158612178.55689597
2018-05-21,02333.HK,5.8746806395689,5.9416073810323,5.8151902027125,5.8226265073195,14673250,85818756.0465401
2018-05-23,02331.HK,8.1159781823558,8.1582489020556,7.7355417050579,7.7355417050579,8837990,70047787.1248817
2018-05-23,02333.HK,5.8151902027125,5.8672443349618,5.7259545474279,5.7780086796772,28667700,166175173.8003416
2018-05-23,02328.HK,5.9953793856923,5.9953793856923,5.7622257429154,5.7705526587288,26948980,158539933.67323166
2018-05-24,02331.HK,7.7355417050579,7.8285372883974,7.6171836898985,7.6763626974782,12044500,92814341.28817302
2018-05-24,02333.HK,5.8226265073195,5.9044258579971,5.8003175934984,5.8300628119266,17640500,102779632.96808042
2018-05-24,02328.HK,5.7455719112884,5.8371679852365,5.7205911638481,5.8038603219827,8701550,50248981.024710074
2018-05-25,02331.HK,7.5664588262588,7.8792621520371,7.532642250499,7.7524499929378,10870500,83262099.15953833
2018-05-25,02333.HK,5.8300628119266,5.8746806395689,5.7556997658561,5.8077538981054,19584000,113957501.22463334
2018-05-25,02328.HK,5.7955334061692,5.8288410694231,5.7122642480346,5.7455719112884,16059565,92672565.50877798
2018-05-28,02331.HK,7.8116290005175,7.8708080080972,7.6340919777785,7.8200831444574,6027500,47110072.4769181
2018-05-28,02328.HK,5.8038603219827,5.9037833117442,5.7039373322211,5.8621487326769,16552031,96548071.7595032
2018-05-28,02333.HK,5.8746806395689,5.8746806395689,5.748263461249,5.8151902027125,15327045,89585588.22191747
2018-05-29,02328.HK,5.8038603219827,5.8371679852365,5.7205911638481,5.7955334061692,23601257,136880136.21115056
2018-05-29,02331.HK,7.7439958489979,7.8454455762773,7.4311925232196,7.4396466671595,8317000,63141177.40344055
2018-05-29,02333.HK,5.8077538981054,5.8151902027125,5.7259545474279,5.7631360704631,16982917,98253731.97616571
2018-05-30,02331.HK,7.4396466671595,7.5664588262588,7.2029306368408,7.5241881065591,8825000,66027920.939033315
2018-05-30,02333.HK,5.7259545474279,5.7259545474279,5.592101064501,5.6887730243926,29486763,168291683.30991828
2018-05-30,02328.HK,5.7538988271019,5.7622257429154,5.6206681740865,5.6706296689673,24052807,137395989.49097636
2018-05-31,02333.HK,5.7259545474279,5.7631360704631,5.6590278059644,5.6887730243926,35769228,204147996.53716692
2018-05-31,02331.HK,7.6002754020186,7.9722577353766,7.4058300913997,7.9638035914367,13017772,101304815.8633953
2018-05-31,02328.HK,5.6539758373404,5.7872064903557,5.6206681740865,5.7538988271019,32714194,186599712.45012516
2018-06-01,02331.HK,7.9468953035568,8.1582489020556,7.8792621520371,8.1159781823558,11603407,93192029.32327634
2018-06-01,02328.HK,5.7788795745423,5.7872064903557,5.6706296689673,5.7538988271019,39355703,226940300.76996195
2018-06-01,02333.HK,5.7259545474279,5.8003175934984,5.6739004151785,5.740827156642,22453600,128735264.83525196
2018-06-04,02331.HK,8.1159781823558,8.2258820535752,7.8454455762773,7.8877162959771,7839562,62730977.54597421
2018-06-04,02328.HK,5.8288410694231,6.0370139647596,5.7872064903557,5.9620717224384,38624941,227711655.46089786
2018-06-04,02333.HK,5.7928812888913,5.8746806395689,5.740827156642,5.8151902027125,26437110,153441931.45569688
2018-06-05,02331.HK,7.8877162959771,8.0737074626561,7.7355417050579,8.0229825990163,5949656,47331592.57239543
2018-06-05,02328.HK,5.9287640591846,5.9870524698788,5.8954563959307,5.9787255540654,26939893,160393248.03978318
2018-06-05,02333.HK,5.7928812888913,5.889553248783,5.7854449842843,5.8449354211407,22382263,130240337.17486547
2018-06-06,02331.HK,8.082161606596,8.2089737656953,8.0398908868962,8.0990698944759,7712971,62402684.65602701
2018-06-06,02328.HK,6.0120332173192,6.0370139647596,5.9287640591846,6.0120332173192,21845413,131335348.60205667
2018-06-06,02333.HK,5.9044258579971,5.9416073810323,5.8226265073195,5.8746806395689,19665594,115821563.03194746
2018-06-07,02333.HK,5.9341710764253,6.053151950138,5.9044258579971,5.9044258579971,24049547,142356446.6942237
2018-06-07,02331.HK,8.1413406141757,8.1413406141757,8.0483450308362,8.090615750536,5666714,45990927.189650446
2018-06-07,02328.HK,6.0286870489461,6.1119562070807,5.9620717224384,6.0953023754538,21443948,129993099.38469069
2018-06-08,02331.HK,8.1413406141757,8.1413406141757,7.7609041368778,7.7778124247577,3918565,31190117.96400403
2018-06-08,02328.HK,6.0869754596404,6.0869754596404,5.9204371433711,5.9703986382519,20007325,120617901.11155653
2018-06-08,02333.HK,5.8003175934984,5.8300628119266,5.599537369108,5.6664641105715,82036380,470346630.6260629
2018-06-11,02328.HK,5.9287640591846,5.9787255540654,5.8538218168634,5.9121102275577,28649375,169616823.8843688
2018-06-11,02331.HK,7.7947207126376,7.8454455762773,7.5157339626191,7.7524499929378,9234588,71785858.01582906
2018-06-11,02333.HK,5.6664641105715,5.7185182428208,5.5474832368587,5.6144099783221,32612894,183950975.4442168
2018-06-12,02331.HK,7.710179273238,8.2427903414551,7.710179273238,8.0314367429563,12918336,101677742.4400897
2018-06-12,02333.HK,5.5623558460728,5.6441551967503,5.4879928000023,5.599537369108,19156993,106914155.09498304
2018-06-12,02328.HK,5.8954563959307,5.9370909749981,5.84549490105,5.8954563959307,30438702,179450040.3897286
2018-06-13,02331.HK,8.0483450308362,8.445689796014,8.0483450308362,8.2427903414551,26089252,212511768.0469108
2018-06-13,02333.HK,5.6813367197856,5.6887730243926,5.5028654092164,5.5400469322516,28310729,158842775.78892773
2018-06-13,02328.HK,5.8538218168634,5.8871294801173,5.7955334061692,5.8371679852365,20211254,118144782.20082541
2018-06-14,02333.HK,5.5028654092164,5.5177380184305,5.3095214894331,5.3838845355036,43768300,238247268.80274418
2018-06-14,02331.HK,8.2174279096353,8.2174279096353,7.5749129701988,7.7609041368778,22633500,180822789.18737713
2018-06-14,02328.HK,5.8871294801173,5.9703986382519,5.7788795745423,5.8288410694231,31835530,186492065.95450497
2018-06-15,02331.HK,7.6171836898985,7.7778124247577,7.5241881065591,7.6763626974782,13794583,105484047.50250903
2018-06-15,02328.HK,5.8621487326769,5.8621487326769,5.7622257429154,5.8038603219827,24586570,143413574.12151104
2018-06-15,02333.HK,5.3690119262895,5.3913208401107,5.1756680065062,5.2054132249344,53451659,282610283.65212166
2018-06-19,02328.HK,5.7455719112884,5.7455719112884,5.5290721001384,5.6123412582731,33922766,192645915.34967652
2018-06-19,02331.HK,7.6256378338385,7.7439958489979,7.2113847807808,7.2282930686607,17582243,130582711.31647512
2018-06-19,02333.HK,5.1607953972921,5.1607953972921,5.0046330005441,5.0566871327934,37414227,191139605.37457663
2018-06-20,02328.HK,5.6373220057134,5.6956104164077,5.5540528475788,5.6373220057134,17981328,101366536.02635051
2018-06-20,02333.HK,5.0269419143653,5.1756680065062,5.0269419143653,5.0715597420075,43836969,221343852.02843153
2018-06-20,02331.HK,7.3973759474597,7.5241881065591,7.1860223489609,7.4396466671595,11141613,82654182.02216764
2018-06-21,02328.HK,5.7039373322211,5.7039373322211,5.4957644368846,5.5124182685115,22866183,128237619.8797133
2018-06-21,02331.HK,7.4988256747392,7.6171836898985,7.1860223489609,7.2113847807808,11449500,84212277.30523811
2018-06-21,02333.HK,5.0938686558287,5.1310501788639,5.0269419143653,5.0343782189723,16831249,85235522.54162373
2018-06-22,02333.HK,4.9302699544736,5.0195056097582,4.8930884314384,4.9525788682948,32994912,163041863.60827348
2018-06-22,02328.HK,5.4874375210711,5.5873605108327,5.4208221945634,5.5623797633923,19849038,109664121.58618541
2018-06-22,02331.HK,7.1099350535013,7.4650090989794,7.1099350535013,7.3381969398801,8363664,60419660.71014613
2018-06-25,02331.HK,7.4819173868593,7.532642250499,7.0253936141018,7.0507560459216,9614500,69862194.35973598
2018-06-25,02333.HK,4.982324086723,4.98976039133,4.841034299189,4.8856521268313,27179530,134103477.76779275
2018-06-25,02328.HK,5.4874375210711,5.6206681740865,5.4874375210711,5.5290721001384,24991578,137659979.74310386
2018-06-26,02328.HK,5.6206681740865,5.6206681740865,5.4291491103769,5.4874375210711,33300341,184951853.75639507
2018-06-26,02331.HK,7.160659917141,7.3212886520002,6.9323980307623,7.0507560459216,11791839,83789364.49923205
2018-06-26,02333.HK,4.8856521268313,4.8856521268313,4.7443623392974,4.7815438623326,40753870,196987824.3034535
2018-06-27,02331.HK,7.0253936141018,7.5157339626191,7.0000311822819,7.3128345080602,34113476,244563400.46394923
2018-06-27,02333.HK,4.8930884314384,4.8930884314384,4.4617827642295,4.5361458103,62437733,294370004.9900598
2018-06-27,02328.HK,5.6021889166011,5.6021889166011,5.2927469511271,5.3636607348816,40326776,221108681.27251044
2018-06-28,02328.HK,5.5248284252326,5.5248284252326,5.279853535899,5.3249804891973,39576418,214698286.40880197
2018-06-28,02333.HK,4.5807636379423,4.5807636379423,4.3130566720885,4.4097286319802,59664842,268208150.39357367
2018-06-28,02331.HK,7.3973759474597,7.4142842353396,7.0761184777415,7.0930267656214,14040576,101726800.28181069
2018-06-29,02331.HK,7.2029306368408,7.4396466671595,7.1099350535013,7.3128345080602,9008500,65382635.15392033
2018-06-29,02333.HK,4.4692190688366,4.5064005918718,4.2981840628744,4.4617827642295,50700700,226404022.3188672
2018-06-29,02328.HK,5.3894475653377,5.5248284252326,5.3378739044254,5.4603613490922,43211552,234418541.0479756
2018-07-03,02333.HK,4.3130566720885,4.4171649365872,4.1643305799475,4.3576744997308,71203037,308691196.2220515
2018-07-03,02331.HK,7.5072798186791,7.5241881065591,6.9493063186422,7.2029306368408,10891101,80105193.90116161
2018-07-03,02328.HK,5.1702595064604,5.4152343957939,5.1702595064604,5.3958942729518,41850226,221097961.80957738
2018-07-04,02333.HK,4.3428018905167,4.3502381951238,4.0899675338771,4.1717668845546,36724944,156348530.72432104
2018-07-04,02331.HK,7.2282930686607,7.2705637883604,6.9154897428824,6.9408521747022,7231500,51232086.913689405
2018-07-04,02328.HK,5.3572140272675,5.5119350100045,5.2024930445306,5.273406828285,41554214,220873546.99224585
2018-07-05,02328.HK,5.2476199978288,5.4023409805658,5.2411732902148,5.3894475653377,52972884,281738073.06189084
2018-07-05,02331.HK,6.8394024474228,7.0423019019817,6.6872278565036,6.9323980307623,11450500,78847000.68772924
2018-07-05,02333.HK,4.1271490569123,4.2015121029828,4.0081681831995,4.1122764476982,33775633,139145905.98728204
2018-07-06,02328.HK,5.4216811034079,5.4990415947764,5.2991936587412,5.3894475653377,38551462,208392408.02512828
2018-07-06,02331.HK,6.9323980307623,7.1860223489609,6.8647648792426,7.1437516292611,11432966,80466070.23697954
2018-07-06,02333.HK,4.1048401430912,4.2684388444462,4.0156044878066,4.1122764476982,44973781,184777401.0028145
2018-07-09,02328.HK,5.4539146414781,5.6279757470572,5.4087876881798,5.4861481795483,33389432,182641241.81919459
2018-07-09,02331.HK,7.1944764929008,7.4819173868593,7.1437516292611,7.2536555004805,5292924,38236432.29146786
2018-07-09,02333.HK,4.1643305799475,4.2015121029828,4.08253122927,4.1494579707334,36397500,151300559.38670403
2018-07-10,02328.HK,5.5312751328466,5.6988895308117,5.4990415947764,5.5828487937589,51861290,288196402.0268133
2018-07-10,02331.HK,7.3128345080602,7.3128345080602,7.0253936141018,7.1099350535013,5740625,41397855.75716949
2018-07-10,02333.HK,4.0899675338771,4.0974038384841,3.8445694818444,3.9486777463431,72093899,289768640.464511
2018-07-11,02331.HK,7.1268433413812,7.35510522776,6.983122894402,7.2113847807808,5979575,42868255.21178842
2018-07-11,02328.HK,5.4539146414781,5.6279757470572,5.4539146414781,5.6150823318291,67686506,374610865.0238698
2018-07-11,02333.HK,4.075094924663,4.08253122927,3.8966236140938,3.9114962233079,86899709,347016223.3303236
2018-07-12,02328.HK,5.6215290394432,5.918077589689,5.5570619633028,5.8020368526363,67968401,388220753.7013911
2018-07-12,02333.HK,3.8966236140938,3.9932955739854,3.8371331772374,3.9858592693784,51343728,202358028.56682616
2018-07-12,02331.HK,7.1860223489609,7.6002754020186,7.1522057732011,7.5241881065591,8010191,58915797.699456096
2018-07-13,02328.HK,5.8729506363908,5.8729506363908,5.750463191724,5.7955901450223,34712543,202522361.8110279
2018-07-13,02331.HK,7.6510002656584,7.7439958489979,7.5241881065591,7.6510002656584,13358064,102202551.2126819
2018-07-13,02333.HK,3.9858592693784,4.0156044878066,3.9114962233079,3.933805137129,38071168,150755437.06188175
2018-07-16,02331.HK,7.7017251292981,7.7355417050579,7.35510522776,7.4311925232196,6014822,45510903.010275915
2018-07-16,02328.HK,5.7762500221801,5.8213769754784,5.6602092851274,5.7891434374082,27986800,161839176.8374029
2018-07-16,02333.HK,3.9189325279149,3.933805137129,3.785079044988,3.8966236140938,42917780,167713159.5401891
2018-07-17,02331.HK,7.4734632429193,7.541096394439,7.2790179323004,7.3381969398801,6865500,50844726.49250464
2018-07-17,02328.HK,5.7440164841099,5.7891434374082,5.6279757470572,5.7311230688819,28042584,160896282.4132475
2018-07-17,02333.HK,3.8966236140938,3.9709866601643,3.8445694818444,3.8891873094867,25245896,98279886.42618863
2018-07-18,02333.HK,4.1420216661264,4.2163847121969,3.9635503555572,4.08253122927,128189100,527149016.7816293
2018-07-18,02331.HK,7.2959262201803,7.6425461217184,7.2705637883604,7.5580046823189,7572804,56242953.67708478
2018-07-18,02328.HK,5.7955901450223,5.7955901450223,5.5183817176185,5.6021889166011,39359246,224303994.97004226
2018-07-19,02331.HK,7.5918212580787,7.5918212580787,7.2367472126006,7.3043803641202,7147438,53234838.76508303
2018-07-19,02328.HK,5.5635086709168,5.6924428231976,5.5635086709168,5.5699553785309,14488796,80655244.69289081
2018-07-19,02333.HK,4.1271490569123,4.2684388444462,4.0379134016277,4.0453497062348,74907403,306090329.1840307
2018-07-20,02328.HK,5.5054883023905,5.6602092851274,5.4861481795483,5.589295501373,29554985,163953084.4492366
2018-07-20,02331.HK,7.2790179323004,7.35510522776,6.9577604625821,7.1860223489609,16232000,117398266.9227167
2018-07-20,02333.HK,4.0527860108418,4.08253122927,3.8668783956656,4.0453497062348,48731508,197317182.74090204
2018-07-23,02333.HK,4.0156044878066,4.1271490569123,3.9561140509502,4.0676586200559,32486310,131297695.56679231
2018-07-23,02328.HK,5.595742208987,5.6150823318291,5.4925948871624,5.5699553785309,23809464,132924637.37244715
2018-07-23,02331.HK,7.2452013565406,7.3889218035198,7.0676643338015,7.1268433413812,7129162,51230317.461362794
2018-07-24,02328.HK,5.3894475653377,5.6215290394432,5.3894475653377,5.5699553785309,55995162,306836771.6325996
2018-07-24,02331.HK,7.1522057732011,7.5833671141387,7.0761184777415,7.5580046823189,12345110,90799583.09827225
2018-07-24,02333.HK,4.1048401430912,4.2610025398392,4.0304770970207,4.1717668845546,63608500,263231279.0590039
2018-07-25,02328.HK,5.5828487937589,5.7117829460397,5.5570619633028,5.6344224546713,56578573,317328600.0950546
2018-07-25,02333.HK,4.1792031891616,4.2461299306251,4.1048401430912,4.2163847121969,33288195,139736983.60003126
2018-07-25,02331.HK,7.5749129701988,7.8285372883974,7.3381969398801,7.7355417050579,9279801,71038986.3029509
2018-07-26,02328.HK,5.589295501373,5.6215290394432,5.4861481795483,5.5441685480747,43091018,239876149.87855184
2018-07-26,02331.HK,7.8116290005175,7.9384411596168,7.6171836898985,7.6932709853581,10533341,81659199.36106144
2018-07-26,02333.HK,4.2238210168039,4.238693626018,4.0676586200559,4.1122764476982,35449500,147755243.53393358
2018-07-27,02333.HK,4.1122764476982,4.231257321411,4.0602223154489,4.2015121029828,23397641,97261519.92937218
2018-07-27,02328.HK,5.4797014719343,5.5828487937589,5.4797014719343,5.5506152556887,34904118,192501738.3191635
2018-07-27,02331.HK,7.6932709853581,7.7355417050579,7.4396466671595,7.6932709853581,15039000,115699102.34880047
2018-07-30,02328.HK,5.5441685480747,5.6279757470572,5.4990415947764,5.595742208987,41535280,231349656.2347848
2018-07-30,02331.HK,7.6510002656584,7.7524499929378,7.541096394439,7.6510002656584,9344541,71495085.6734558
2018-07-30,02333.HK,4.1494579707334,4.2163847121969,4.1048401430912,4.1494579707334,24321696,100921855.32895465
2018-07-31,02331.HK,7.8200831444574,7.8200831444574,7.2198389247207,7.2282930686607,15205500,114409042.25428364
2018-07-31,02333.HK,4.1420216661264,4.1866394937687,4.0676586200559,4.1866394937687,27777071,115672906.18667428
2018-07-31,02328.HK,5.589295501373,5.7955901450223,5.5635086709168,5.7053362384257,79104167,446726217.6742684
2018-08-01,02331.HK,7.3128345080602,7.3128345080602,7.0676643338015,7.0930267656214,21039500,151546059.133812
2018-08-01,02333.HK,4.2089484075898,4.3130566720885,4.1717668845546,4.2684388444462,34362396,145651668.8999064
2018-08-01,02328.HK,5.6924428231976,5.8729506363908,5.6924428231976,5.7891434374082,53656702,308032026.2363098
2018-08-02,02333.HK,4.2684388444462,4.2758751490533,4.075094924663,4.1643305799475,35284050,148771129.0043893
2018-08-02,02328.HK,5.756909899338,5.8471638059346,5.7246763612678,5.8149302678644,89778285,519449982.25277233
2018-08-02,02331.HK,7.1014809095614,7.1352974853212,6.7802234398431,6.9408521747022,16840800,118242061.50273322
2018-08-03,02333.HK,4.1345853615193,4.1717668845546,3.9412414417361,3.9709866601643,37078487,150271173.41677952
2018-08-03,02331.HK,7.0761184777415,7.169114061081,6.7548610080232,6.7633151519632,11772500,81462366.2028493
2018-08-03,02328.HK,5.7891434374082,6.1179255257243,5.7891434374082,6.0470117419698,84548534,500364784.3064585
2018-08-06,02333.HK,4.0081681831995,4.0230407924136,3.8817510048797,3.8817510048797,23388701,92267480.40207359
2018-08-06,02331.HK,6.805585871663,7.0253936141018,6.6956820004436,6.7633151519632,11782010,79934463.77468707
2018-08-06,02328.HK,6.0212249115137,6.3113267541455,5.9889913734435,6.1952860170928,88823893,542559029.7779372
2018-08-07,02333.HK,3.9114962233079,3.926368832522,3.8371331772374,3.9189325279149,25993860,101771534.34963015
2018-08-07,02331.HK,6.8647648792426,7.1014809095614,6.8309483034828,7.1014809095614,15949744,111379022.48625092
2018-08-07,02328.HK,6.2533063856191,6.2661998008472,6.0985854028822,6.2468596780051,57934685,362096591.671879
2018-08-08,02333.HK,3.7999516542021,3.8073879588092,3.472754251492,3.5322446883484,133782676,490460423.83190924
2018-08-08,02331.HK,7.160659917141,7.160659917141,6.991577038342,7.0592101898616,9049500,64341357.26666002
2018-08-08,02328.HK,6.3242201693736,6.4724944444965,6.2404129703911,6.4144740759701,73966726,471119753.4215571
2018-08-09,02331.HK,7.0592101898616,7.169114061081,6.9577604625821,6.983122894402,10162500,71352604.98441441
2018-08-09,02328.HK,6.2919866313034,6.5111746901807,6.2855399236893,6.4338141988123,64497836,410393307.45473313
2018-08-09,02333.HK,3.5396809929554,3.5991714298118,3.480190556099,3.5694262113836,43269720,153804539.09086564
2018-08-10,02331.HK,6.974668750462,7.1437516292611,6.8309483034828,6.8647648792426,20188000,139695243.05823824
2018-08-10,02328.HK,6.4596010292684,6.4982812749527,6.4080273683561,6.4273674911982,45341602,292157898.8207627
2018-08-10,02333.HK,3.6066077344189,3.6586618666682,3.5619899067766,3.5694262113836,28481750,102193002.41793017
2018-08-13,02331.HK,6.805585871663,7.4734632429193,6.797131727723,7.1860223489609,23648606,165441015.05794784
2018-08-13,02333.HK,3.5842988205977,3.5842988205977,3.4876268607061,3.5322446883484,25665341,91324257.9492191
2018-08-13,02328.HK,6.2533063856191,6.3048800465315,6.1308189409524,6.2146261399349,53501380,333525797.93201214
2018-08-14,02331.HK,7.35510522776,7.7270875611179,7.2705637883604,7.2705637883604,32429416,237150952.4010396
2018-08-14,02333.HK,3.5322446883484,3.5545536021695,3.4653179468849,3.5173720791343,27829800,98094712.35784502
2018-08-14,02328.HK,6.1823926018647,6.2919866313034,6.1694991866366,6.227519555163,39833836,247167202.81872386
2018-08-15,02331.HK,7.2198389247207,7.35510522776,6.8309483034828,7.0761184777415,26857515,191976945.18799478
2018-08-15,02333.HK,3.5396809929554,3.5396809929554,3.3165918547439,3.331464463958,35056750,120440014.24832441
2018-08-15,02328.HK,6.2661998008472,6.2726465084613,5.9632045429873,6.0405650343558,41548898,255666258.42391816
2018-08-16,02328.HK,5.8600572211627,6.1566057714085,5.8407170983206,6.1437123561804,36135299,216879901.40219826
2018-08-16,02333.HK,3.2645377224946,3.4355727284567,3.2422288086734,3.3537733777792,39822820,131779905.82510275
2018-08-16,02331.HK,7.1099350535013,7.5072798186791,6.8901273110625,7.4481008110995,18402946,133955373.94115593
2018-08-17,02333.HK,3.3537733777792,3.4132638146356,3.3017192455298,3.331464463958,17426658,58250676.75830615
2018-08-17,02328.HK,6.0018847886716,6.2790932160753,6.0018847886716,6.233966262777,43457069,265867111.70826215
2018-08-17,02331.HK,7.4903715307992,7.6932709853581,7.1437516292611,7.35510522776,17161700,127386809.24368271
2018-08-20,02333.HK,3.3463370731721,3.3909549008144,3.2794103317087,3.3537733777792,20080900,67272123.97725397
2018-08-20,02331.HK,7.4142842353396,7.4396466671595,7.1014809095614,7.1860223489609,12465167,90997629.91225265
2018-08-20,02328.HK,6.227519555163,6.2661998008472,6.0470117419698,6.1630524790226,35005502,216869097.06191403
2018-08-21,02331.HK,7.2282930686607,7.3043803641202,7.0507560459216,7.2029306368408,11762500,84873634.4179807
2018-08-21,02328.HK,6.0147782038996,6.233966262777,6.0147782038996,6.2146261399349,30622567,187247876.9445815
2018-08-21,02333.HK,3.4207001192426,3.5768625159907,3.3686459869933,3.5694262113836,37278216,130289719.61018546
2018-08-22,02333.HK,3.5694262113836,3.6437892574541,3.4876268607061,3.5991714298118,27515348,98623229.38473529
2018-08-22,02331.HK,7.1352974853212,7.2282930686607,6.9493063186422,7.0000311822819,14069700,99439916.87728767
2018-08-22,02328.HK,6.1114788181102,6.233966262777,6.0599051571979,6.1630524790226,24400197,149750490.86635292
2018-08-23,02331.HK,6.991577038342,7.0423019019817,6.8478565913627,7.0423019019817,11030463,77400091.19885989
2018-08-23,02328.HK,6.066351864812,6.1243722333383,5.918077589689,6.0276716191277,45646523,276025060.56109685
2018-08-23,02333.HK,3.62891664824,3.7181523035246,3.4578816422779,3.480190556099,35797570,127244381.39241484
2018-08-24,02331.HK,7.0761184777415,7.1437516292611,6.9408521747022,7.0761184777415,12165000,86080981.28172535
2018-08-24,02328.HK,6.0083314962856,6.0212249115137,5.8922907592329,5.905184174461,30006949,178744128.571397
2018-08-24,02333.HK,3.5024994699202,3.5173720791343,3.4504453376708,3.4950631653131,15720832,55003753.29899
2018-08-27,02331.HK,7.1014809095614,7.1183891974413,7.0253936141018,7.0930267656214,10385374,73707635.47632195
2018-08-27,02328.HK,5.9503111277592,6.072798572426,5.905184174461,5.9245242973031,39477413,234393891.1911075
2018-08-27,02333.HK,3.3983912054215,3.6660981712753,3.3983912054215,3.6512255620612,26326585,92796167.52327926
2018-08-28,02333.HK,3.6586618666682,3.7181523035246,3.621480343633,3.6437892574541,24711500,90227260.4768741
2018-08-28,02331.HK,7.160659917141,7.2705637883604,7.0676643338015,7.1268433413812,8522000,60879051.384563096
2018-08-28,02328.HK,5.9696512506014,6.0470117419698,5.9309710049171,5.9503111277592,34779524,207285308.80864477
2018-08-29,02333.HK,3.7032796943105,3.7404612173457,3.6586618666682,3.7181523035246,18738224,69532227.5881008
2018-08-29,02331.HK,7.160659917141,7.160659917141,6.9070355989424,6.9577604625821,10568200,74603145.12849484
2018-08-29,02328.HK,5.9309710049171,5.9889913734435,5.7698033145661,5.7826967297942,45854910,268564589.8725453
2018-08-30,02331.HK,6.991577038342,7.0761184777415,6.8732190231826,6.991577038342,8602500,60145041.47233706
2018-08-30,02328.HK,5.7891434374082,5.8278236830925,5.6988895308117,5.7633566069521,19182334,110801957.19296706
2018-08-30,02333.HK,3.7032796943105,3.7702064357739,3.6363529528471,3.6735344758823,25543010,94213019.0586882
2018-08-31,02333.HK,3.6363529528471,3.6586618666682,3.4950631653131,3.5917351252048,43131701,155879866.89209962
2018-08-31,02331.HK,6.8309483034828,7.0338477580417,6.8309483034828,7.0000311822819,7376954,51015249.72071493
2018-08-31,02328.HK,5.6215290394432,5.756909899338,5.6215290394432,5.6988895308117,32383612,183298021.3283647
2018-09-03,02328.HK,5.7117829460397,5.7311230688819,5.6473158698993,5.6924428231976,12876830,73425138.25604397
2018-09-03,02333.HK,3.5396809929554,3.5396809929554,3.2794103317087,3.3537733777792,63239704,217970006.97138116
2018-09-03,02331.HK,7.0000311822819,7.0845726216814,6.6365029928639,6.7633151519632,10774575,74147103.66464944
2018-09-04,02331.HK,6.797131727723,6.8140400156029,6.5773239852842,6.6787737125637,19313493,130133402.69481955
2018-09-04,02333.HK,3.3612096823862,3.4132638146356,3.324028159351,3.3909549008144,27150400,91661984.6498648
2018-09-04,02328.HK,5.6731027003555,5.7698033145661,5.6408691622853,5.6988895308117,21256820,120866195.94965978
2018-09-05,02331.HK,6.6534112807438,6.805585871663,6.4505118261849,6.5181449777045,10592695,69761139.060542
2018-09-05,02328.HK,5.7246763612678,5.7955901450223,5.595742208987,5.6215290394432,21268430,120657987.66532193
2018-09-05,02333.HK,3.3612096823862,3.3909549008144,3.2050472856382,3.2199198948523,48576900,159845436.68027842
2018-09-06,02328.HK,5.7053362384257,5.7053362384257,5.4797014719343,5.5441685480747,29655309,166803770.27032417
2018-09-06,02333.HK,3.2273561994593,3.2422288086734,3.1455568487818,3.167865762603,30719750,98229809.93453166
2018-09-06,02331.HK,6.425149394365,6.5688698413443,6.0531670610071,6.256066515566,31767764,201426937.12986666
2018-09-07,02331.HK,6.2983372352657,6.4843284019447,6.1461626443466,6.1715250761664,17698753,110350506.49702291
2018-09-07,02328.HK,5.434574518636,5.6021889166011,5.434574518636,5.5248284252326,37069538,203130001.94252446
2018-09-07,02333.HK,3.1901746764241,3.2347925040664,3.1306842395677,3.1604294579959,34524006,109624147.62017044
2018-09-10,02331.HK,6.1715250761664,6.247612371626,5.9770797655475,6.0447129170671,14619976,89300553.13568097
2018-09-10,02328.HK,5.4152343957939,5.5119350100045,5.3572140272675,5.4474679338641,22303299,121137049.00317946
2018-09-10,02333.HK,3.1529931533889,3.1529931533889,3.019139670462,3.0563211934972,59003624,183186024.51073653
2018-09-11,02331.HK,6.1884333640463,6.1884333640463,5.6811847276491,5.7657261670486,27148948,162271427.7466999
2018-09-11,02328.HK,5.4023409805658,5.5377218404607,5.4023409805658,5.4861481795483,21818864,118787232.07500188
2018-09-11,02333.HK,3.0563211934972,3.0563211934972,2.9447766243915,3.019139670462,28942160,87918480.19922271
2018-09-12,02331.HK,5.7910885988685,5.9179007579678,5.5628267124897,5.6558222958292,19888026,113828230.74671556
2018-09-12,02328.HK,5.5054883023905,5.5248284252326,5.4087876881798,5.5054883023905,23575993,129797353.67874031
2018-09-12,02333.HK,3.0711938027113,3.1827383718171,3.0340122796761,3.1083753257466,54811508,169355751.3605116
2018-09-13,02331.HK,5.9094466140278,6.0108963413073,5.7910885988685,5.8925383261479,23581054,139151622.090735
2018-09-13,02333.HK,3.1529931533889,3.2645377224946,3.1529931533889,3.2496651132805,44400707,142141276.85975796
2018-09-13,02328.HK,5.4990415947764,5.589295501373,5.4990415947764,5.5699553785309,31043468,171810026.66648102
2018-09-14,02331.HK,6.0869836367669,6.1038919246468,5.8418134625082,5.9179007579678,17325500,103995312.29048802
2018-09-14,02328.HK,5.5699553785309,5.5764020861449,5.4797014719343,5.4925948871624,34927160,193191731.5689562
2018-09-14,02333.HK,3.3091555501369,3.3909549008144,3.2794103317087,3.3463370731721,32259107,107350124.33651786
2018-09-17,02333.HK,3.324028159351,3.3909549008144,3.2347925040664,3.3686459869933,33683500,112716344.80419412
2018-09-17,02331.HK,5.8925383261479,5.9770797655475,5.698093015529,5.8418134625082,10801500,63374300.42258443
2018-09-17,02328.HK,5.4732547643203,5.4732547643203,5.3894475653377,5.4152343957939,20646250,112403234.6610039
2018-09-18,02328.HK,5.4152343957939,5.5183817176185,5.3636607348816,5.5054883023905,31053183,169561600.21948695
2018-09-18,02333.HK,3.324028159351,3.3983912054215,3.2794103317087,3.3165918547439,26892883,89292708.54325624
2018-09-18,02331.HK,5.7741803109886,5.9263549019077,5.7065471594689,5.9263549019077,19073300,111583909.1380675
2018-09-19,02333.HK,3.4578816422779,3.777642740381,3.4281364238497,3.7107159989175,100539398,360363245.67500275
2018-09-19,02331.HK,5.9179007579678,6.1799792201064,5.8249051746283,6.0362587731271,24166287,144443825.0361124
2018-09-19,02328.HK,5.4861481795483,5.6731027003555,5.4861481795483,5.6408691622853,23125222,128657373.11387594
2018-09-20,02328.HK,5.6473158698993,5.7375697764959,5.6473158698993,5.7311230688819,19236508,109440715.83668804
2018-09-20,02333.HK,3.7478975219528,3.926368832522,3.7107159989175,3.777642740381,42780000,160971306.21131998
2018-09-20,02331.HK,6.0869836367669,6.1546167882865,5.9939880534274,6.0954377807068,10316000,62836929.67132934
2018-09-21,02333.HK,3.7925153495951,4.1643305799475,3.7925153495951,4.1122764476982,117429669,464128542.1350336
2018-09-21,02328.HK,5.7117829460397,5.8922907592329,5.7117829460397,5.8471638059346,29045948,167870283.1463072
2018-09-21,02331.HK,6.256066515566,6.3236996670856,6.0362587731271,6.2307040837461,18534606,115718686.63531682
2018-09-24,02331.HK,6.1461626443466,6.1461626443466,5.9517173337276,6.070075348887,12598000,76950083.11937846
2018-09-24,02333.HK,4.1122764476982,4.1122764476982,3.7925153495951,3.9040599187008,54322510,217733756.21353665
2018-09-24,02328.HK,5.7633566069521,5.8213769754784,5.6150823318291,5.6666559927415,15384901,87924806.13751934
2018-09-26,02333.HK,3.8445694818444,3.926368832522,3.7627701311669,3.777642740381,46249650,176262323.75182348
2018-09-26,02328.HK,5.7182296536538,5.9309710049171,5.6731027003555,5.8407170983206,31102485,179755983.98454124
2018-09-26,02331.HK,6.1968875079863,6.1968875079863,5.9432631897877,5.9432631897877,11847342,71914258.62403361
2018-09-27,02331.HK,5.9179007579678,6.070075348887,5.884084182208,6.0447129170671,9737264,58241563.741912514
2018-09-27,02333.HK,3.8148242634162,3.8148242634162,3.6512255620612,3.6958433897034,36039160,135339076.6288009
2018-09-27,02328.HK,5.8278236830925,5.9245242973031,5.8278236830925,5.8600572211627,10970405,64110393.555722885
2018-09-28,02331.HK,6.1546167882865,6.3152455231456,6.0869836367669,6.256066515566,16508932,102443563.36841814
2018-09-28,02328.HK,5.8858440516188,5.9889913734435,5.8729506363908,5.9567578353733,26662307,157875543.59488133
2018-09-28,02333.HK,3.7181523035246,3.8148242634162,3.6809707804893,3.7107159989175,32526490,120817505.27534996
2018-10-02,02331.HK,6.1884333640463,6.2137957958662,5.7319095912888,5.8587217503881,14718479,88657899.78077266
2018-10-02,02328.HK,5.7182296536538,6.066351864812,5.7182296536538,5.8600572211627,20063135,116148366.31908578
2018-10-02,02333.HK,3.6660981712753,3.6958433897034,3.4207001192426,3.4876268607061,43193863,154498509.48553762
2018-10-03,02331.HK,5.7657261670486,5.8671758943281,5.6727305837091,5.8333593185683,14102000,81785151.75908476
2018-10-03,02328.HK,5.8793973440048,6.0018847886716,5.8084835602503,5.9309710049171,12176240,71902939.7524384
2018-10-03,02333.HK,3.4950631653131,3.5842988205977,3.4653179468849,3.5694262113836,17068863,60291400.66789569
2018-10-04,02331.HK,5.7234554473489,5.9348090458477,5.7234554473489,5.8249051746283,6118000,35326435.14262825
2018-10-04,02328.HK,5.905184174461,5.905184174461,5.7375697764959,5.7698033145661,19451417,113547525.05942452
2018-10-04,02333.HK,3.5099357745272,3.5694262113836,3.4355727284567,3.5248083837413,33277962,117050974.38929057
2018-10-05,02328.HK,5.7182296536538,5.7311230688819,5.6602092851274,5.6859961155836,16282084,92842280.96484397
2018-10-05,02331.HK,5.8333593185683,5.9348090458477,5.7403637352288,5.9263549019077,13123814,77166151.06134102
2018-10-05,02333.HK,3.5471172975625,3.5545536021695,3.4355727284567,3.5173720791343,26448871,93423884.10256204
2018-10-08,02333.HK,3.5545536021695,3.6512255620612,3.4653179468849,3.6140440390259,53047234,190137138.26217023
2018-10-08,02328.HK,5.7440164841099,5.7762500221801,5.6344224546713,5.6537625775134,21552142,122823276.41036606
2018-10-08,02331.HK,5.9179007579678,5.9855339094874,5.7657261670486,5.8249051746283,6211786,36471898.74640869
2018-10-09,02333.HK,3.5768625159907,3.8148242634162,3.5619899067766,3.6586618666682,52465090,189806218.9666968
2018-10-09,02328.HK,5.7053362384257,5.7633566069521,5.6150823318291,5.6408691622853,19087998,108288172.99818037
2018-10-09,02331.HK,5.8587217503881,5.9686256216075,5.4444686973304,5.52055599279,17839730,101501621.26665333
2018-10-10,02333.HK,3.6809707804893,3.7330249127387,3.5991714298118,3.6958433897034,42357176,156230508.06307307
2018-10-10,02328.HK,5.6731027003555,5.756909899338,5.6537625775134,5.6537625775134,19832461,112319806.93779457
2018-10-10,02331.HK,5.6558222958292,5.7910885988685,5.5797350003696,5.7403637352288,16487271,93946003.73023383
2018-10-11,02333.HK,3.4950631653131,3.4950631653131,3.3612096823862,3.4578816422779,77560631,269637393.2924658
2018-10-11,02331.HK,5.5374642806699,5.5459184246098,5.3514731139909,5.4360145533904,14379168,78894747.84969859
2018-10-11,02328.HK,5.5441685480747,5.5699553785309,5.434574518636,5.5377218404607,24334392,134835532.40782636
2018-10-12,02333.HK,3.4207001192426,3.5917351252048,3.3835185962074,3.5917351252048,65611712,230048940.8386662
2018-10-12,02328.HK,5.6731027003555,5.8342703907065,5.6150823318291,5.7955901450223,27348325,156824769.6302834
2018-10-12,02331.HK,5.51210184885,5.9009924700879,5.4529228412703,5.7065471594689,15709600,88120244.2305433
2018-10-15,02331.HK,5.6642764397692,5.8418134625082,5.5966432882495,5.6727305837091,12425166,70432097.10494189
2018-10-15,02328.HK,5.7182296536538,5.8342703907065,5.6279757470572,5.6408691622853,27667097,157136644.38658613
2018-10-15,02333.HK,3.5024994699202,3.5471172975625,3.3537733777792,3.4876268607061,47461263,165880112.09053987
2018-10-16,02331.HK,5.6642764397692,5.7065471594689,5.4951935609701,5.6135515761294,10542729,59449542.24011331
2018-10-16,02333.HK,3.5099357745272,3.5471172975625,3.3909549008144,3.4207001192426,24791325,85909823.44955629
2018-10-16,02328.HK,5.6731027003555,5.7633566069521,5.5699553785309,5.6150823318291,19772929,111600240.59012441
2018-10-18,02333.HK,3.4653179468849,3.4653179468849,3.2645377224946,3.3463370731721,44160665,150403607.71815273
2018-10-18,02328.HK,5.5377218404607,5.7955901450223,5.5377218404607,5.750463191724,38115224,215125850.5275835
2018-10-18,02331.HK,5.6727305837091,5.7488178791687,5.5543725685498,5.689638871589,5559294,31583376.169311
2018-10-19,02328.HK,5.7375697764959,5.905184174461,5.6666559927415,5.8793973440048,33024946,191824855.91915557
2018-10-19,02331.HK,5.6220057200694,5.8333593185683,5.5543725685498,5.7826344549285,5112213,29151474.881473273
2018-10-19,02333.HK,3.2571014178875,3.5024994699202,3.2347925040664,3.3835185962074,41613492,138169693.915789
2018-10-22,02328.HK,5.8793973440048,5.9889913734435,5.8793973440048,5.911630882075,38026962,224188491.14703196
2018-10-22,02331.HK,5.9517173337276,6.2898830913258,5.9517173337276,6.247612371626,20828688,127048016.12097104
2018-10-22,02333.HK,3.3909549008144,3.6066077344189,3.3909549008144,3.5322446883484,47681830,165055412.93326524
2018-10-23,02328.HK,5.8793973440048,5.9309710049171,5.7826967297942,5.8665039287767,25762238,151300352.05694994
2018-10-23,02333.HK,3.4950631653131,3.5396809929554,3.3017192455298,3.3612096823862,58486821,200500801.38527462
2018-10-23,02331.HK,6.0954377807068,6.2814289473858,5.8333593185683,5.9601714776676,19699000,118741723.39035866
2018-10-24,02333.HK,3.3835185962074,3.4132638146356,3.2868466363157,3.2942829409228,33124541,110599555.40326618
2018-10-24,02328.HK,5.8729506363908,5.8987374668469,5.5248284252326,5.5635086709168,62920086,359791501.57564735
2018-10-24,02331.HK,5.9009924700879,5.9179007579678,5.698093015529,5.8333593185683,20613230,120941446.16024083
2018-10-25,02333.HK,3.1976109810312,3.4355727284567,3.1306842395677,3.3612096823862,39708821,130221517.8473714
2018-10-25,02328.HK,5.3958942729518,5.6731027003555,5.3701074424956,5.6731027003555,27872070,154257929.2349046
2018-10-25,02331.HK,5.6811847276491,5.9601714776676,5.5966432882495,5.9009924700879,18182500,105296468.4489265
2018-10-26,02331.HK,5.9179007579678,6.1123460685867,5.8164510306883,5.884084182208,12599554,74349873.28046587
2018-10-26,02333.HK,3.3463370731721,3.4355727284567,3.2645377224946,3.3091555501369,29835956,99286492.53368594
2018-10-26,02328.HK,5.6408691622853,5.6666559927415,5.4925948871624,5.5183817176185,16193981,90356348.36169772
2018-10-29,02333.HK,3.2571014178875,3.2571014178875,2.9893944520338,3.0414485842831,92839736,292377859.692159
2018-10-29,02328.HK,5.4925948871624,5.6279757470572,5.4925948871624,5.6021889166011,26193046,145303091.26601616
2018-10-29,02331.HK,5.8333593185683,6.0024421973673,5.7572720231087,5.8079968867484,8617235,50158151.06996113
2018-10-30,02328.HK,5.6279757470572,5.6602092851274,5.5441685480747,5.5764020861449,30021113,168183946.5126277
2018-10-30,02333.HK,3.2496651132805,3.331464463958,3.1604294579959,3.2645377224946,106068050,345474396.04756755
2018-10-30,02331.HK,5.875630038268,6.0108963413073,5.7741803109886,5.9939880534274,10483416,62217072.10818452
2018-10-31,02331.HK,5.9009924700879,6.247612371626,5.9009924700879,6.2053416519262,11343337,68663113.89030252
2018-10-31,02328.HK,5.3507673196535,5.3507673196535,4.8479241257583,4.8994977866707,151605183,776996658.6213974
2018-10-31,02333.HK,3.3017192455298,3.5173720791343,3.2422288086734,3.4504453376708,51027926,172274477.34569052
2018-11-01,02331.HK,6.247612371626,6.6280488489239,6.247612371626,6.3575162428454,15752079,99278490.87015702
2018-11-01,02333.HK,3.4950631653131,3.621480343633,3.4504453376708,3.4876268607061,55981881,195452061.0482469
2018-11-01,02328.HK,4.8608175409864,4.9188379095128,4.7125432658635,4.8608175409864,88397846,429685800.42221445
2018-11-02,02331.HK,6.5096908337646,6.8309483034828,6.5096908337646,6.7041361443835,16304184,107720333.1979453
2018-11-02,02333.HK,3.62891664824,3.7925153495951,3.6140440390259,3.7330249127387,70668708,260129449.24293396
2018-11-02,02328.HK,4.9639648628111,5.1444726760042,4.9381780323549,5.0864523074778,54505100,273899496.45415676
2018-11-05,02331.HK,6.7294985762034,6.7294985762034,6.3659703867854,6.5604156974043,10244751,68075931.27222838
2018-11-05,02328.HK,5.0284319389515,5.0993457227059,4.9961984008813,5.0735588922498,34408490,173797125.24774078
2018-11-05,02333.HK,3.5917351252048,3.7702064357739,3.5917351252048,3.7181523035246,49395376,180537319.02988097
2018-11-06,02328.HK,5.0606654770217,5.1444726760042,5.0413253541795,5.0993457227059,26511013,134676094.49806198
2018-11-06,02333.HK,3.7553338265598,3.7553338265598,3.5991714298118,3.6512255620612,27243112,100888863.47942671
2018-11-06,02331.HK,6.611140561044,6.6365029928639,6.425149394365,6.4674201140648,4481100,29303169.120615024
2018-11-07,02333.HK,3.62891664824,3.6660981712753,3.4653179468849,3.5099357745272,49512800,176732286.11899394
2018-11-07,02331.HK,6.611140561044,6.8985814550025,6.5181449777045,6.7464068640833,12407500,82866884.8386335
2018-11-07,02328.HK,5.0606654770217,5.2089397521446,5.0606654770217,5.112239137934,31542617,160440017.02354005
2018-11-08,02333.HK,3.6660981712753,3.6809707804893,3.5248083837413,3.5545536021695,34486040,124505842.94254415
2018-11-08,02331.HK,6.974668750462,7.0423019019817,6.8563107353027,6.8901273110625,14855702,102985639.29039083
2018-11-08,02328.HK,5.1895996293025,5.2347265826008,5.1380259683902,5.1831529216884,28903421,149904016.95505697
2018-11-09,02328.HK,5.1509193836182,5.2540667054429,5.1251325531621,5.1767062140744,39053469,201664803.06154722
2018-11-09,02331.HK,6.7548610080232,6.8901273110625,6.7041361443835,6.7886775837831,19749450,133738719.12097447
2018-11-09,02333.HK,3.5396809929554,3.5471172975625,3.4058275100285,3.4430090330638,33259698,116121080.74650536
2018-11-12,02328.HK,5.1251325531621,5.3701074424956,5.1251325531621,5.2863002435131,30287150,157666313.41391066
2018-11-12,02331.HK,6.619594704984,7.0761184777415,6.5942322731641,6.8394024474228,7446424,50110699.70580683
2018-11-12,02333.HK,3.4876268607061,3.5173720791343,3.3983912054215,3.4207001192426,22385000,77321449.72307582
2018-11-13,02331.HK,6.7379527201433,6.9577604625821,6.5519615534643,6.9323980307623,7995128,54648102.02919319
2018-11-13,02328.HK,5.1638127988463,5.3830008577237,5.10579243032,5.3701074424956,36550612,192510615.79011706
2018-11-13,02333.HK,3.3389007685651,3.5322446883484,3.3389007685651,3.5099357745272,32139098,110057714.42221233
2018-11-14,02331.HK,6.9154897428824,6.9323980307623,6.7125902883235,6.7210444322634,25089656,171067975.74332595
2018-11-14,02328.HK,5.4732547643203,5.4732547643203,5.266960120671,5.3185337815833,23651679,127621959.26179436
2018-11-14,02333.HK,3.5248083837413,3.6140440390259,3.4653179468849,3.5842988205977,22563330,80202565.92843914
2018-11-15,02328.HK,5.3636607348816,5.3830008577237,5.2089397521446,5.3765541501096,21877262,117483247.48762618
2018-11-15,02333.HK,3.6066077344189,3.6437892574541,3.5099357745272,3.5619899067766,20725000,74284593.05688837
2018-11-15,02331.HK,6.7210444322634,6.9323980307623,6.7210444322634,6.9239438868223,6666979,45485425.28929484
2018-11-16,02331.HK,6.9154897428824,6.9662146065221,6.7802234398431,6.8394024474228,6246000,42956528.310323134
2018-11-16,02333.HK,3.5694262113836,3.62891664824,3.4950631653131,3.5842988205977,17952472,64213524.16617169
2018-11-16,02328.HK,5.2863002435131,5.3185337815833,5.1767062140744,5.266960120671,46894650,247445725.56864297
2018-11-19,02331.HK,6.9239438868223,7.2452013565406,6.7886775837831,7.1944764929008,17063184,120452602.36428258
2018-11-19,02328.HK,5.2991936587412,5.3572140272675,5.266960120671,5.2863002435131,17833634,94388911.98101747
2018-11-19,02333.HK,3.621480343633,3.6437892574541,3.5322446883484,3.5917351252048,23894295,86177349.15548685
2018-11-20,02331.HK,7.1352974853212,7.1352974853212,6.8478565913627,6.9408521747022,12759500,89802315.7935343
2018-11-20,02333.HK,3.5545536021695,3.621480343633,3.5024994699202,3.5322446883484,18568000,65793835.32916818
2018-11-20,02328.HK,5.2540667054429,5.273406828285,5.1638127988463,5.1831529216884,21241203,110849550.42774013
2018-11-21,02331.HK,6.8985814550025,6.983122894402,6.7548610080232,6.9662146065221,5190000,35979145.779656336
2018-11-21,02333.HK,3.5322446883484,3.7330249127387,3.4578816422779,3.6809707804893,37096244,133791600.52828886
2018-11-21,02328.HK,5.1315792607761,5.2540667054429,5.1251325531621,5.2282798749867,21328761,110481479.75017565
2018-11-22,02331.HK,7.0000311822819,7.0169394701618,6.8901273110625,6.9323980307623,5130297,35738749.89719651
2018-11-22,02328.HK,5.2540667054429,5.2540667054429,5.112239137934,5.1315792607761,14360171,74569826.01018253
2018-11-22,02333.HK,3.7255886081316,3.7255886081316,3.6140440390259,3.6586618666682,19967093,73721007.98281087
2018-11-23,02333.HK,3.6660981712753,3.6660981712753,3.5545536021695,3.621480343633,13292500,48435068.70470929
2018-11-23,02328.HK,5.0928990150919,5.1315792607761,5.0155385237234,5.0800055998638,17905350,91074708.82369854
2018-11-23,02331.HK,6.9323980307623,6.974668750462,6.8140400156029,6.8478565913627,3757500,25889653.371317342
2018-11-26,02328.HK,5.1315792607761,5.1380259683902,5.0542187694076,5.0928990150919,20065700,102580656.87004226
2018-11-26,02333.HK,3.6660981712753,3.7107159989175,3.5694262113836,3.6958433897034,25880686,95266048.9450198
2018-11-26,02331.HK,6.8309483034828,6.9662146065221,6.7464068640833,6.9323980307623,4804000,33059557.89485673
2018-11-27,02331.HK,6.9323980307623,7.1014809095614,6.8901273110625,7.0761184777415,8883000,62218826.07251962
2018-11-27,02333.HK,3.7032796943105,3.7107159989175,3.5991714298118,3.6512255620612,13710917,50418505.57308805
2018-11-27,02328.HK,5.0413253541795,5.0800055998638,5.0026451084953,5.0413253541795,25092821,126501074.71518779
2018-11-28,02331.HK,7.0507560459216,7.0507560459216,6.7633151519632,6.9154897428824,10769500,75204742.01126233
2018-11-28,02328.HK,5.0606654770217,5.1509193836182,5.0026451084953,5.0928990150919,25643435,130186135.53591155
2018-11-28,02333.HK,3.6660981712753,3.7627701311669,3.62891664824,3.7404612173457,22575330,83602761.18135867
2018-11-29,02331.HK,7.0084853262219,7.2452013565406,6.9239438868223,7.1099350535013,9724251,68645531.74797186
2018-11-29,02328.HK,5.1251325531621,5.1960463369165,5.0800055998638,5.1831529216884,31910681,164472204.7224439
2018-11-29,02333.HK,3.7553338265598,3.8148242634162,3.7181523035246,3.7330249127387,26444384,99012517.0158827
2018-11-30,02331.HK,6.9408521747022,7.2452013565406,6.9408521747022,7.0845726216814,7382958,51774561.10192934
2018-11-30,02333.HK,3.7330249127387,3.7553338265598,3.6363529528471,3.7181523035246,21410710,79767497.26801041
2018-11-30,02328.HK,5.1702595064604,5.2282798749867,5.1573660912323,5.1767062140744,21795247,112757336.78979447
2018-12-03,02328.HK,5.3507673196535,5.434574518636,5.2991936587412,5.3572140272675,35062561,187724624.5816399
2018-12-03,02333.HK,3.8148242634162,3.9412414417361,3.785079044988,3.8371331772374,46287488,177094944.1053821
2018-12-03,02331.HK,7.1944764929008,7.3297427959401,7.0845726216814,7.3297427959401,10277563,74636789.38343878
2018-12-04,02328.HK,5.3507673196535,5.4087876881798,5.2927469511271,5.3636607348816,25666083,137498699.87261322
2018-12-04,02333.HK,3.8073879588092,3.9189325279149,3.785079044988,3.9040599187008,38093660,146878636.7767938
2018-12-04,02331.HK,7.3973759474597,7.4903715307992,7.2705637883604,7.4311925232196,10557679,78277632.97147648
2018-12-05,02328.HK,5.2282798749867,5.3507673196535,5.2282798749867,5.273406828285,21727630,114088381.53230365
2018-12-05,02333.HK,3.8296968726303,3.8668783956656,3.7107159989175,3.7627701311669,27683383,105092585.99049017
2018-12-05,02331.HK,7.3804676595798,7.4311925232196,7.1860223489609,7.3973759474597,11086563,81917747.07679532
2018-12-06,02333.HK,3.7107159989175,3.7107159989175,3.5322446883484,3.5694262113836,36597262,133216635.93382423
2018-12-06,02328.HK,5.1444726760042,5.1831529216884,5.0542187694076,5.1251325531621,21631367,111072799.82860765
2018-12-06,02331.HK,7.2367472126006,7.2705637883604,7.0761184777415,7.1099350535013,6535767,46883286.25713701
2018-12-07,02331.HK,7.160659917141,7.3043803641202,7.0253936141018,7.2705637883604,8215298,59278401.62267912
2018-12-07,02328.HK,5.118685845548,5.2024930445306,5.0671121846357,5.0671121846357,57800872,294374004.08025014
2018-12-07,02333.HK,3.5842988205977,3.6363529528471,3.4578816422779,3.4653179468849,35460610,124991855.4205806
2018-12-10,02331.HK,7.2452013565406,7.34665108382,7.1099350535013,7.3297427959401,7030700,51236029.92642303
2018-12-10,02328.HK,5.0155385237234,5.0413253541795,4.9059444942847,5.0026451084953,21735144,108873331.93235825
2018-12-10,02333.HK,3.4504453376708,3.5248083837413,3.4281364238497,3.4876268607061,23480400,81454355.22338448
2018-12-11,02328.HK,4.9381780323549,5.0413253541795,4.9381780323549,4.9768582780391,14235331,70571911.87773867
2018-12-11,02331.HK,7.3297427959401,7.3297427959401,7.1268433413812,7.2874720762403,8869200,64821501.072171204
2018-12-11,02333.HK,3.4950631653131,3.4950631653131,3.3909549008144,3.4058275100285,27079921,93437787.1589436
2018-12-12,02328.HK,5.0800055998638,5.1638127988463,4.9897516932672,5.118685845548,30966449,157908629.2555404
2018-12-12,02333.HK,3.472754251492,3.472754251492,3.2942829409228,3.331464463958,47397438,161251267.35199052
2018-12-12,02331.HK,7.3212886520002,7.3212886520002,7.0253936141018,7.0507560459216,9692718,69652088.1701756
2018-12-13,02333.HK,3.3612096823862,3.5619899067766,3.3165918547439,3.5471172975625,33720964,116477722.69553943
2018-12-13,02331.HK,7.1099350535013,7.2536555004805,6.974668750462,7.1944764929008,10841500,77540638.89015919
2018-12-13,02328.HK,5.10579243032,5.2024930445306,5.0542187694076,5.1767062140744,24035761,123573839.94974391
2018-12-14,02333.HK,3.5545536021695,3.5545536021695,3.4430090330638,3.5248083837413,19052560,67439984.49914233
2018-12-14,02331.HK,7.0845726216814,7.1860223489609,7.0338477580417,7.1014809095614,8925500,63308810.39655381
2018-12-14,02328.HK,5.0477720617936,5.1831529216884,5.0477720617936,5.112239137934,26970005,137007776.42835468
2018-12-17,02333.HK,3.5545536021695,3.5545536021695,3.4281364238497,3.4653179468849,8063300,28301665.130745173
2018-12-17,02331.HK,7.1014809095614,7.1014809095614,6.8732190231826,7.0000311822819,7082479,49936831.62936313
2018-12-17,02328.HK,5.2153864597586,5.2153864597586,5.0864523074778,5.112239137934,13289763,68625848.27303399
2018-12-18,02333.HK,3.4058275100285,3.4876268607061,3.324028159351,3.3612096823862,22879500,77413213.72192606
2018-12-18,02328.HK,5.1380259683902,5.1960463369165,5.0735588922498,5.118685845548,15242630,78169631.59824441
2018-12-18,02331.HK,6.9577604625821,7.1014809095614,6.8309483034828,7.0084853262219,5696359,39778374.94763288
2018-12-19,02328.HK,5.118685845548,5.1895996293025,5.0671121846357,5.0864523074778,18178711,92758128.5994649
2018-12-19,02333.HK,3.4132638146356,3.4132638146356,3.3165918547439,3.3686459869933,18411750,62433413.89507045
2018-12-19,02331.HK,6.983122894402,7.0507560459216,6.8816731671225,6.9154897428824,4304750,29915026.375175014
2018-12-20,02328.HK,5.0542187694076,5.1315792607761,5.0542187694076,5.112239137934,17695942,89952524.73687917
2018-12-20,02333.HK,3.3686459869933,3.3983912054215,3.2868466363157,3.331464463958,32397000,108531739.13973463
2018-12-20,02331.HK,6.8732190231826,6.9239438868223,6.7294985762034,6.8394024474228,20693947,141884130.9718851
2018-12-21,02333.HK,3.2868466363157,3.3537733777792,3.2124835902453,3.3165918547439,40141815,132537003.1359968
2018-12-21,02331.HK,6.7464068640833,6.9323980307623,6.6449571368038,6.8647648792426,3426715,23320803.190215506
2018-12-21,02328.HK,5.0155385237234,5.0606654770217,4.9188379095128,4.9704115704251,47342220,236378523.1330995
2018-12-24,02333.HK,3.2496651132805,3.3686459869933,3.2496651132805,3.3389007685651,8290795,27312224.535188045
2018-12-24,02331.HK,6.8901273110625,7.0930267656214,6.8478565913627,6.991577038342,3343650,23207780.37394318
2018-12-24,02328.HK,4.8414774181443,4.957518155197,4.8156905876881,4.957518155197,7986754,39131083.54568296
2018-12-27,02333.HK,3.3389007685651,3.3983912054215,3.2794103317087,3.2868466363157,18106732,59985316.27993607
2018-12-27,02331.HK,6.991577038342,7.0845726216814,6.8140400156029,6.8901273110625,3094172,21476190.455102812
2018-12-27,02328.HK,5.0284319389515,5.1251325531621,4.9704115704251,5.0542187694076,25128148,126679169.61597615
2018-12-28,02328.HK,5.1251325531621,5.1315792607761,5.0413253541795,5.0800055998638,13638132,69589510.60460171
2018-12-28,02333.HK,3.2868466363157,3.3537733777792,3.2571014178875,3.3537733777792,15389500,51097910.85345673
2018-12-28,02331.HK,6.991577038342,7.1352974853212,6.8309483034828,7.0761184777415,4101087,28846421.600484166
2018-12-31,02333.HK,3.3686459869933,3.4281364238497,3.3389007685651,3.3389007685651,5712112,19157129.156493105
2018-12-31,02331.HK,7.0676643338015,7.1352974853212,6.9493063186422,7.1014809095614,1553462,11005614.354022508
2018-12-31,02328.HK,5.1444726760042,5.1831529216884,5.0155385237234,5.1638127988463,16043121,82688535.58778451
2019-01-02,02331.HK,7.0592101898616,7.1522057732011,6.9493063186422,7.0930267656214,2163520,15309323.848963292
2019-01-02,02333.HK,3.3389007685651,3.3909549008144,3.2571014178875,3.2645377224946,25427093,83953122.31597733
2019-01-02,02328.HK,5.112239137934,5.1638127988463,4.9768582780391,5.0155385237234,18566928,94020859.32200067
2019-01-03,02328.HK,5.0155385237234,5.0155385237234,4.8801576638285,4.951071447583,19163840,95499259.41626023
2019-01-03,02331.HK,7.0338477580417,7.1183891974413,6.9493063186422,7.0000311822819,4183397,29354643.528656464
2019-01-03,02333.HK,3.2347925040664,3.2645377224946,3.0860664119254,3.17530206721,50552300,162022511.89776796
2019-01-04,02328.HK,4.9059444942847,5.0800055998638,4.8801576638285,5.0477720617936,21723270,108113636.12557952
2019-01-04,02333.HK,3.1529931533889,3.2645377224946,3.1232479349607,3.2273561994593,22559903,71970031.25318408
2019-01-04,02331.HK,7.0000311822819,7.2113847807808,6.8732190231826,7.2113847807808,5712400,40590646.27369968
2019-01-07,02328.HK,5.1251325531621,5.1702595064604,5.0864523074778,5.1509193836182,22326530,114714290.92404173
2019-01-07,02333.HK,3.2794103317087,3.3537733777792,3.2571014178875,3.2794103317087,17969292,58928681.83829049
2019-01-07,02331.HK,7.2367472126006,7.35510522776,7.0761184777415,7.35510522776,4706447,34337890.07118891
2019-01-08,02331.HK,7.1522057732011,7.4227383792796,7.1437516292611,7.3889218035198,5481475,39853413.6418031
2019-01-08,02333.HK,3.3091555501369,3.3091555501369,3.1529931533889,3.2050472856382,29095336,94766460.13951467
2019-01-08,02328.HK,5.1702595064604,5.2476199978288,5.1509193836182,5.1960463369165,24403893,126489109.3035223
2019-01-09,02333.HK,3.5248083837413,3.6884070850964,3.4950631653131,3.5024994699202,108666777,381817447.7220914
2019-01-09,02331.HK,7.3889218035198,7.4311925232196,7.2705637883604,7.3043803641202,9175165,67406735.89147733
2019-01-09,02328.HK,5.273406828285,5.3378739044254,5.2089397521446,5.2605134130569,28751621,151433641.21164542
2019-01-10,02331.HK,7.2705637883604,7.3720135156399,7.0930267656214,7.3128345080602,11860759,86485086.29742765
2019-01-10,02328.HK,5.1831529216884,5.273406828285,5.1380259683902,5.2476199978288,29260884,152606818.21416706
2019-01-10,02333.HK,3.4504453376708,3.7181523035246,3.4504453376708,3.6586618666682,75565690,268602295.58992374
2019-01-11,02328.HK,5.273406828285,5.273406828285,5.1509193836182,5.1960463369165,28841098,150975262.37199333
2019-01-11,02333.HK,3.621480343633,3.6809707804893,3.6140440390259,3.6660981712753,20335185,74097128.65134276
2019-01-11,02331.HK,7.3128345080602,7.710179273238,7.3128345080602,7.6932709853581,13083522,98166355.6787296
2019-01-14,02328.HK,5.1444726760042,5.2347265826008,5.1251325531621,5.1895996293025,23874025,123357950.28434989
2019-01-14,02333.HK,3.6660981712753,3.6809707804893,3.5471172975625,3.5768625159907,23201470,84023667.54839075
2019-01-14,02331.HK,7.8200831444574,7.9891660232565,7.718633417178,7.7778124247577,14687883,114550032.58342491
2019-01-15,02328.HK,5.273406828285,5.273406828285,5.1315792607761,5.2347265826008,28869303,151681243.70164284
2019-01-15,02333.HK,3.6512255620612,3.7255886081316,3.5842988205977,3.7107159989175,24355289,89651107.15937367
2019-01-15,02331.HK,7.8031748565775,7.8031748565775,7.5241881065591,7.7862665686976,13627339,106221301.56143348
2019-01-16,02328.HK,5.1573660912323,5.3958942729518,5.1573660912323,5.3894475653377,25657872,135304397.40406248
2019-01-16,02331.HK,7.7778124247577,8.1159781823558,7.710179273238,8.0567991747762,16079301,127304743.06349853
2019-01-16,02333.HK,3.6735344758823,3.8371331772374,3.5991714298118,3.8296968726303,46960664,176178363.13588354
2019-01-17,02333.HK,3.9040599187008,3.9040599187008,3.7702064357739,3.8148242634162,38555546,148802897.0761422
2019-01-17,02331.HK,8.1159781823558,8.3357859247946,7.9976201671965,8.2005196217554,16449896,134202345.98092881
2019-01-17,02328.HK,5.3443206120394,5.4603613490922,5.3378739044254,5.3507673196535,25577760,136778196.1478687
2019-01-18,02331.HK,8.268152773275,8.3019693490348,8.1582489020556,8.2427903414551,24270276,200362573.2073996
2019-01-18,02328.HK,5.4603613490922,5.4603613490922,5.2540667054429,5.3507673196535,46939226,253733005.94866678
2019-01-18,02333.HK,3.8296968726303,3.9040599187008,3.8073879588092,3.8668783956656,39528860,152118423.12996554
2019-01-21,02331.HK,8.8768511369517,8.8768511369517,7.7439958489979,7.7947207126376,16331635,136137013.16188365
2019-01-21,02328.HK,5.2991936587412,5.3314271968114,5.1380259683902,5.1960463369165,58669125,307873273.60512054
2019-01-21,02333.HK,3.9040599187008,3.933805137129,3.8520057864515,3.9040599187008,48824000,190611821.47064787
2019-01-22,02328.HK,5.1960463369165,5.1960463369165,5.0671121846357,5.0800055998638,34821408,178913298.5599085
2019-01-22,02331.HK,7.7862665686976,7.9215328717369,7.6679085535383,7.8116290005175,12872200,100389615.6730253
2019-01-22,02333.HK,3.8891873094867,3.9114962233079,3.7032796943105,3.8073879588092,31343154,120617471.95339486
2019-01-23,02328.HK,5.0284319389515,5.0993457227059,5.0284319389515,5.0800055998638,34428383,174008579.55895525
2019-01-23,02333.HK,3.7107159989175,4.075094924663,3.7107159989175,3.9561140509502,46608734,178670621.20874518
2019-01-23,02331.HK,7.7439958489979,7.904624583857,7.7439958489979,7.7862665686976,10817716,84000984.12005165
2019-01-24,02333.HK,3.933805137129,4.0156044878066,3.9189325279149,3.9709866601643,23870318,94344946.9625913
2019-01-24,02328.HK,5.1315792607761,5.1444726760042,5.0606654770217,5.0864523074778,28309238,144632343.77860644
2019-01-24,02331.HK,7.8116290005175,8.0145284550764,7.7693582808177,7.9638035914367,12752750,100590073.99352196
2019-01-25,02333.HK,4.0156044878066,4.1568942753405,3.9486777463431,4.1197127523053,42974143,174804143.21346703
2019-01-25,02328.HK,5.0800055998638,5.1767062140744,5.0800055998638,5.1380259683902,33022130,168710583.39549375
2019-01-25,02331.HK,8.0314367429563,8.2343361975152,7.9807118793166,8.0483450308362,14736500,118479852.0547466
2019-01-28,02333.HK,4.1271490569123,4.1940757983757,3.9635503555572,4.0453497062348,67819160,277126000.60883766
2019-01-28,02328.HK,5.1702595064604,5.2411732902148,5.0542187694076,5.10579243032,44139383,226789296.08272094
2019-01-28,02331.HK,8.0314367429563,8.3611483566145,8.0314367429563,8.1920654778154,8695569,70536291.49118677
2019-01-29,02328.HK,5.0928990150919,5.2089397521446,5.0671121846357,5.1960463369165,35218162,181178872.10808945
2019-01-29,02333.HK,4.0081681831995,4.0230407924136,3.785079044988,3.8668783956656,68289185,268890256.353868
2019-01-29,02331.HK,8.2850610611549,8.3696025005545,8.1920654778154,8.2850610611549,8759833,72575751.29051971
2019-01-30,02333.HK,3.9189325279149,4.0156044878066,3.8445694818444,4.0007318785925,46260480,183183738.44197372
2019-01-30,02331.HK,8.1244323262958,8.2850610611549,7.9976201671965,8.268152773275,10861500,89024031.52949414
2019-01-30,02328.HK,5.1960463369165,5.2282798749867,5.1380259683902,5.1638127988463,22193637,114961476.51512666
2019-01-31,02331.HK,8.2850610611549,8.3273317808547,8.1244323262958,8.1582489020556,8597036,70681863.85643968
2019-01-31,02333.HK,4.0453497062348,4.0602223154489,3.9189325279149,3.9561140509502,38254001,153044001.28440937
2019-01-31,02328.HK,5.2153864597586,5.2347265826008,5.1702595064604,5.2153864597586,27904496,145532730.604788
2019-02-01,02331.HK,8.2427903414551,8.454143939954,8.1751571899355,8.3611483566145,12141333,100796974.42242472
2019-02-01,02328.HK,5.2605134130569,5.3120870739692,5.2218331673727,5.2863002435131,25342787,133642826.01357234
2019-02-01,02333.HK,4.0156044878066,4.0304770970207,3.9412414417361,4.0230407924136,29463051,118421507.93101852
2019-02-04,02333.HK,3.9709866601643,4.0304770970207,3.9486777463431,4.0007318785925,9500031,37865786.62073215
2019-02-04,02331.HK,8.454143939954,8.6739516823928,8.3611483566145,8.445689796014,12251500,103524156.50810596
2019-02-04,02328.HK,5.3443206120394,5.3701074424956,5.279853535899,5.3443206120394,16219034,86679717.71356784
2019-02-08,02328.HK,5.1960463369165,5.2605134130569,5.1702595064604,5.2282798749867,21816643,113711901.74031723
2019-02-08,02331.HK,8.445689796014,8.7584931217923,8.3019693490348,8.6739516823928,15243050,130477775.51871437
2019-02-08,02333.HK,3.9858592693784,4.0379134016277,3.9114962233079,4.0156044878066,23743971,94993261.70407584
2019-02-11,02328.HK,5.2153864597586,5.3507673196535,5.2024930445306,5.3314271968114,28212337,148775130.57767752
2019-02-11,02333.HK,4.0156044878066,4.1345853615193,3.9709866601643,4.0974038384841,22254377,90274972.94870612
2019-02-11,02331.HK,8.6232268187531,8.7754014096722,8.4372356520741,8.5386853793535,12086978,103717827.58822306
2019-02-12,02328.HK,5.3507673196535,5.4474679338641,5.3314271968114,5.428127811022,36208040,195141333.0236519
2019-02-12,02333.HK,4.1345853615193,4.3651108043379,4.0379134016277,4.238693626018,44733331,187282330.25242546
2019-02-12,02331.HK,8.3696025005545,8.6570433945129,8.3696025005545,8.6232268187531,18433352,156617402.15935868
2019-02-13,02333.HK,4.2833114536603,4.5212732010859,4.2833114536603,4.4617827642295,69998185,306070361.45314026
2019-02-13,02328.HK,5.4797014719343,5.6859961155836,5.4410212262501,5.6602092851274,50943490,283752966.1266326
2019-02-13,02331.HK,8.6739516823928,8.8937594248316,8.6570433945129,8.8430345611919,15053075,131842253.84932438
2019-02-14,02331.HK,8.8599428490718,8.8599428490718,8.5555936672334,8.640135106633,10501500,91888534.32591698
2019-02-14,02328.HK,5.7053362384257,5.7633566069521,5.5570619633028,5.595742208987,46885298,264927215.36416087
2019-02-14,02333.HK,4.4022923273731,4.4840916780507,4.3502381951238,4.4022923273731,50781640,223555624.14342293
2019-02-15,02328.HK,5.5635086709168,5.589295501373,5.3120870739692,5.3572140272675,44526552,243131063.54914176
2019-02-15,02333.HK,4.2981840628744,4.387419718159,4.238693626018,4.3130566720885,43396953,186850804.72343522
2019-02-15,02331.HK,8.5555936672334,8.6063185308732,8.2850610611549,8.454143939954,12395649,105423368.48039742
2019-02-18,02328.HK,5.3958942729518,5.5183817176185,5.3701074424956,5.5054883023905,30110502,164123050.91880473
2019-02-18,02331.HK,8.6063185308732,8.6063185308732,8.3780566444944,8.3780566444944,8339125,70817413.81714366
2019-02-18,02333.HK,4.3130566720885,4.4246012411943,4.3130566720885,4.3428018905167,27948880,120960776.13161261
2019-02-19,02331.HK,8.454143939954,8.5217770914736,8.3273317808547,8.4203273641942,7662500,64650318.1840178
2019-02-19,02328.HK,5.5119350100045,5.6602092851274,5.4732547643203,5.5248284252326,24926989,137556640.37287867
2019-02-19,02333.HK,4.3204929766956,4.4766553734436,4.2981840628744,4.3056203674815,21912004,94507715.051031
2019-02-20,02331.HK,8.454143939954,8.6063185308732,8.3104234929748,8.4710522278339,11597024,98140953.08127214
2019-02-20,02328.HK,5.5248284252326,5.6473158698993,5.5248284252326,5.6215290394432,27753908,154677489.80486268
2019-02-20,02333.HK,4.3353655859097,4.5212732010859,4.3204929766956,4.4469101550154,31111818,136616282.23873845
2019-02-21,02331.HK,8.6063185308732,8.8768511369517,8.5217770914736,8.8430345611919,10662724,93028817.99961837
2019-02-21,02328.HK,5.7440164841099,5.9309710049171,5.7053362384257,5.8084835602503,61151801,353228091.8826031
2019-02-21,02333.HK,4.4915279826577,4.7889801669397,4.4692190688366,4.6699992932269,77127580,353303213.94648576
2019-02-22,02331.HK,8.8092179854321,9.012117439991,8.7754014096722,8.995209152111,12316350,109642778.08773948
2019-02-22,02328.HK,5.756909899338,6.0856919876541,5.750463191724,6.07924528004,54726906,323878075.95161647
2019-02-22,02333.HK,4.6105088563705,4.8782158222243,4.5361458103,4.8633432130102,42282574,200289425.5943213
2019-02-25,02328.HK,6.1243722333383,6.4982812749527,6.1243722333383,6.3757938302859,96564097,603533624.1419576
2019-02-25,02333.HK,4.9079610406525,5.0566871327935,4.8261616899749,4.841034299189,59203905,288589296.9727094
2019-02-25,02331.HK,9.012117439991,9.1135671672704,8.7923096975522,8.8430345611919,9025724,80577836.97036228
2019-02-26,02333.HK,4.9005247360454,4.9600151729018,4.7071808162621,4.7443623392974,50012479,241182356.1564766
2019-02-26,02331.HK,8.8768511369517,9.2657417581896,8.7584931217923,8.9613925763512,26985924,240690744.57033494
2019-02-26,02328.HK,6.388687245514,6.4209207835842,6.1888393094787,6.2210728475489,58400856,368210391.6947565
2019-02-27,02333.HK,4.833597994582,4.8633432130102,4.4692190688366,4.4915279826577,54706112,255070693.06249225
2019-02-27,02331.HK,8.995209152111,9.2657417581896,8.8937594248316,9.1304754551503,14320825,129787378.63289139
2019-02-27,02328.HK,6.2404129703911,6.2855399236893,6.0921386952681,6.0985854028822,40371529,249072115.32877794
2019-02-28,02333.HK,4.5212732010859,4.5212732010859,4.2089484075898,4.2758751490533,83576999,367619629.43121773
2019-02-28,02331.HK,9.2150168945498,9.4686412127485,9.1304754551503,9.2995583339494,23318508,215866135.29118022
2019-02-28,02328.HK,6.072798572426,6.1114788181102,5.9632045429873,6.0599051571979,35754889,216901737.56129426
2019-03-01,02333.HK,4.3130566720885,4.4543464596225,4.2981840628744,4.4171649365872,34772145,151784265.82950234
2019-03-01,02331.HK,9.553182652148,9.6715406673074,9.3840997733489,9.5869992279078,13060861,124993627.52506374
2019-03-01,02328.HK,6.1114788181102,6.3564537074438,6.0856919876541,6.2726465084613,43403537,268757420.9122416
2019-03-04,02333.HK,4.4617827642295,4.4915279826577,4.3651108043379,4.4320375458013,34483500,153345026.33047357
2019-03-04,02328.HK,6.2790932160753,6.3564537074438,6.1243722333383,6.1372656485664,77857265,483351871.22975403
2019-03-04,02331.HK,9.6715406673074,9.925164985506,9.6039075157877,9.6546323794275,17079118,165036994.97680244
2019-03-05,02328.HK,6.1437123561804,6.1759458942506,5.9632045429873,6.066351864812,58941344,359838797.7558026
2019-03-05,02331.HK,9.6546323794275,9.8575318339864,9.4010080612288,9.5700909400279,12525583,120400433.79493706
2019-03-05,02333.HK,4.4543464596225,4.5956362471564,4.4171649365872,4.4989642872648,27305695,122238186.24736342
2019-03-06,02328.HK,6.072798572426,6.1114788181102,5.9696512506014,6.0599051571979,36629247,222205900.8451075
2019-03-06,02333.HK,4.4915279826577,4.6774355978339,4.4469101550154,4.5658910287282,29789063,134906012.77378613
2019-03-06,02331.HK,9.7053572430672,9.7898986824667,9.4855495006284,9.7222655309471,14677316,142572679.29150224
2019-03-07,02328.HK,6.0534584495839,6.0599051571979,5.8536105135486,5.905184174461,33384574,199617094.81099054
2019-03-07,02333.HK,4.5212732010859,4.528709505693,4.3428018905167,4.379983413552,36008330,160259692.79728216
2019-03-07,02331.HK,9.6715406673074,10.009706424906,9.6039075157877,9.6715406673074,20278504,196124376.1081558
2019-03-08,02331.HK,9.6039075157877,9.6715406673074,9.18120031879,9.3840997733489,23560295,223681526.5971043
2019-03-08,02333.HK,4.4246012411943,4.4320375458013,4.1271490569123,4.1494579707334,61302736,262806644.15858594
2019-03-08,02328.HK,5.8084835602503,5.8471638059346,5.6602092851274,5.6666559927415,61048124,350267871.174174
2019-03-11,02328.HK,5.6602092851274,5.8471638059346,5.6602092851274,5.7762500221801,23729859,135692783.41082233
2019-03-11,02331.HK,9.367191485469,9.8744401218663,9.2995583339494,9.8068069703466,9521750,91285009.89833109
2019-03-11,02333.HK,4.1717668845546,4.238693626018,4.0974038384841,4.1717668845546,30801989,128498717.68861507
2019-03-12,02333.HK,4.2163847121969,4.3130566720885,4.075094924663,4.1643305799475,44439247,186216338.4521411
2019-03-12,02328.HK,5.8987374668469,5.9503111277592,5.8020368526363,5.8536105135486,38908681,228634179.28510138
2019-03-12,02331.HK,9.9758898491457,10.009706424906,9.8237152582265,9.8913484097462,8719000,86611225.18963924
2019-03-13,02331.HK,9.7898986824667,9.925164985506,9.7222655309471,9.7898986824667,13219249,129415108.36829923
2019-03-13,02328.HK,5.8342703907065,5.9825446658294,5.8342703907065,5.9567578353733,40166837,236804154.4096732
2019-03-13,02333.HK,4.1643305799475,4.2015121029828,4.0527860108418,4.0899675338771,36060003,148825007.3737047
2019-03-14,02333.HK,4.0899675338771,4.1048401430912,3.9561140509502,4.0081681831995,33822378,136949103.65913293
2019-03-14,02331.HK,9.8237152582265,10.263330743104,9.7729903945868,9.9758898491457,14085435,139443025.38277957
2019-03-14,02328.HK,5.905184174461,5.9696512506014,5.8020368526363,5.8600572211627,22157970,130346932.94349404
2019-03-15,02331.HK,9.8575318339864,9.9758898491457,9.739173818827,9.7729903945868,15751275,154602877.00793466
2019-03-15,02328.HK,5.8600572211627,5.8987374668469,5.7762500221801,5.7891434374082,30796230,179375731.39875045
2019-03-15,02333.HK,3.9784229647713,4.1122764476982,3.9784229647713,4.0602223154489,49189012,197706509.5762474
2019-03-18,02333.HK,4.0527860108418,4.1048401430912,3.9412414417361,4.075094924663,31968500,129918080.8433426
2019-03-18,02331.HK,9.8068069703466,9.9420732733859,9.4686412127485,9.9082566976261,8142728,80267200.475492
2019-03-18,02328.HK,5.8342703907065,5.8342703907065,5.6731027003555,5.8342703907065,40641923,237115967.9802735
2019-03-19,02331.HK,9.8575318339864,9.8575318339864,9.6546323794275,9.7222655309471,10337223,101200365.82806498
2019-03-19,02333.HK,4.0899675338771,4.238693626018,4.0899675338771,4.1792031891616,52781177,218228281.78796184
2019-03-19,02328.HK,5.8471638059346,5.8987374668469,5.7826967297942,5.8922907592329,21622973,126920954.54867178
2019-03-20,02328.HK,5.8922907592329,5.9309710049171,5.8084835602503,5.8084835602503,18948802,110857827.91328596
2019-03-20,02331.HK,9.8068069703466,10.009706424906,9.7222655309471,9.925164985506,17611544,173755246.15363207
2019-03-20,02333.HK,4.1345853615193,4.1940757983757,4.0527860108418,4.1345853615193,26503283,109580085.92400332
2019-03-21,02331.HK,9.8913484097462,9.9082566976261,9.4686412127485,9.6377240915476,17791321,173723998.85139546
2019-03-21,02333.HK,4.1568942753405,4.2163847121969,4.0899675338771,4.1792031891616,29752655,124010515.95385286
2019-03-21,02328.HK,5.8149302678644,5.9567578353733,5.8084835602503,5.8665039287767,23399601,136670449.65457863
2019-03-22,02328.HK,5.9309710049171,5.9503111277592,5.6988895308117,5.7762500221801,22928019,134211693.07324205
2019-03-22,02333.HK,4.231257321411,4.2610025398392,4.1271490569123,4.1940757983757,28447150,119838357.52927011
2019-03-22,02331.HK,9.8237152582265,11.05802027346,9.8237152582265,10.736762803742,41805607,429771632.79538834
2019-03-25,02328.HK,5.595742208987,5.7891434374082,5.5248284252326,5.6924428231976,43525194,245660221.71686548
2019-03-25,02331.HK,9.8913484097462,10.128064440065,9.6208158036676,9.7560821067069,234888500,2307477741.4319468
2019-03-25,02333.HK,4.0602223154489,4.1643305799475,3.9932955739854,4.075094924663,56119583,228275305.54389536
2019-03-26,02333.HK,4.1122764476982,4.1345853615193,4.0304770970207,4.0602223154489,23991349,98034635.01436521
2019-03-26,02331.HK,9.925164985506,10.246422455224,9.739173818827,10.195697591585,39540721,397796706.7200481
2019-03-26,02328.HK,5.6859961155836,5.7246763612678,5.6021889166011,5.6795494079695,26317550,149556656.29669243
2019-03-27,02333.HK,4.0899675338771,4.1792031891616,4.0602223154489,4.1420216661264,23063684,94929998.80014677
2019-03-27,02331.HK,10.144972727945,10.432413621903,10.009706424906,10.314055606744,34237992,350238024.2254277
2019-03-27,02328.HK,5.7246763612678,5.7246763612678,5.5506152556887,5.595742208987,46018163,260472433.49710616
2019-03-28,02333.HK,4.1866394937687,4.3056203674815,4.1271490569123,4.238693626018,36929556,155571905.63290882
2019-03-28,02331.HK,10.364780470384,10.432413621903,10.060431288545,10.144972727945,23073042,236611198.47733968
2019-03-28,02328.HK,5.6279757470572,5.7246763612678,5.5764020861449,5.6602092851274,31261200,176441104.9640646
2019-03-29,02333.HK,4.238693626018,4.387419718159,4.1940757983757,4.379983413552,39246784,169127678.0688816
2019-03-29,02328.HK,5.6473158698993,5.7762500221801,5.6021889166011,5.750463191724,24166462,137721997.28855756
2019-03-29,02331.HK,10.280239030984,10.466230197663,10.128064440065,10.415505334023,13424293,138912868.10447648
2019-04-01,02331.HK,10.466230197663,10.770579379501,10.364780470384,10.652221364342,21726593,229416000.93894845
2019-04-01,02328.HK,5.7246763612678,5.8213769754784,5.6215290394432,5.6731027003555,52964893,301841074.2182593
2019-04-01,02333.HK,4.3948560227661,4.4989642872648,4.3576744997308,4.4246012411943,33198509,146396415.67635235
2019-04-02,02328.HK,5.6731027003555,5.7375697764959,5.6279757470572,5.6859961155836,29027647,164863955.33359906
2019-04-02,02333.HK,4.4766553734436,4.6476903794057,4.4394738504084,4.5064005918718,55772206,250502423.90354964
2019-04-02,02331.HK,10.686037940102,10.787487667381,10.432413621903,10.550771637063,14183916,150610561.57525194
2019-04-03,02328.HK,5.750463191724,5.8471638059346,5.7053362384257,5.8471638059346,34047852,197437143.7837422
2019-04-03,02333.HK,4.5435821149071,4.7592349485115,4.5212732010859,4.684871902441,64427701,297284038.0609761
2019-04-03,02331.HK,10.567679924942,10.787487667381,10.432413621903,10.736762803742,16858653,179582103.66062838
2019-04-04,02333.HK,4.6625629886198,4.8633432130102,4.6551266840128,4.8038527761538,73042451,345725104.82205164
2019-04-04,02331.HK,10.736762803742,10.787487667381,10.550771637063,10.787487667381,9545611,102731061.03195345
2019-04-04,02328.HK,5.8149302678644,5.9567578353733,5.8149302678644,5.8536105135486,28238763,164752578.84107825
2019-04-08,02331.HK,10.888937394661,10.97347883406,10.686037940102,10.686037940102,17176399,185290192.38252392
2019-04-08,02333.HK,4.8484706037961,5.0566871327935,4.7369260346903,4.7964164715467,63387649,305683358.28823304
2019-04-08,02328.HK,5.8729506363908,5.9309710049171,5.8213769754784,5.8536105135486,33425669,195984075.75306687
2019-04-09,02333.HK,4.9600151729018,5.0046330005441,4.841034299189,4.8707795176172,57066946,280506714.87046725
2019-04-09,02328.HK,5.8600572211627,5.8600572211627,5.7246763612678,5.7826967297942,36139617,210382334.30640957
2019-04-09,02331.HK,10.770579379501,11.311644591658,10.702946227982,11.244011440139,23780272,261756478.82987106
2019-04-10,02328.HK,5.7891434374082,5.8149302678644,5.750463191724,5.7891434374082,32388626,187502401.65456858
2019-04-10,02333.HK,4.833597994582,5.2723399663979,4.7741075577256,5.1756680065062,128659783,643894995.8446428
2019-04-10,02331.HK,11.294736303779,11.379277743178,10.99038712194,11.244011440139,21644105,243915511.36893716
2019-04-11,02328.HK,5.7891434374082,5.8213769754784,5.6795494079695,5.7182296536538,36433537,209627151.64300588
2019-04-11,02333.HK,5.2351584433626,5.3243940986472,5.0046330005441,5.1087412650428,68695344,355288874.3852043
2019-04-11,02331.HK,11.260919728019,11.294736303779,10.736762803742,10.97347883406,13072824,145333189.57395592
2019-04-12,02333.HK,5.1979769203274,5.1979769203274,4.7815438623326,4.9302699544736,84805681,429466436.7768103
2019-04-12,02328.HK,5.6859961155836,5.7182296536538,5.6215290394432,5.6988895308117,33017770,187951767.87449068
2019-04-12,02331.HK,10.855120818901,11.548360621977,10.753671091621,11.345461167418,13726931,152372928.54302195
2019-04-15,02331.HK,11.260919728019,11.565268909857,11.142561712859,11.294736303779,10617530,119742677.29364812
2019-04-15,02328.HK,5.7440164841099,5.8600572211627,5.7117829460397,5.756909899338,28762197,165395955.16161302
2019-04-15,02333.HK,4.9748877821159,5.0938686558287,4.8187253853679,4.8930884314384,59078487,291492552.2243885
2019-04-16,02331.HK,11.277828015899,11.497635758337,11.1087451371,11.379277743178,7243652,82060094.7229748
2019-04-16,02333.HK,4.9748877821159,4.9748877821159,4.684871902441,4.8112890807608,48823555,238897972.15219402
2019-04-16,02328.HK,5.7762500221801,5.911630882075,5.7698033145661,5.8858440516188,41400418,241407784.70529866
2019-04-17,02331.HK,11.379277743178,11.379277743178,11.125653424979,11.227103152259,7978749,90185319.48154353
2019-04-17,02328.HK,5.8665039287767,6.0276716191277,5.8471638059346,6.0212249115137,37408947,222353709.06839752
2019-04-17,02333.HK,4.8112890807608,5.294648880219,4.7815438623326,5.287212575612,124952596,630916998.8370407
2019-04-18,02333.HK,5.3095214894331,5.3987571447177,5.1087412650428,5.1831043111133,63341185,332307675.9840913
2019-04-18,02331.HK,11.548360621977,12.004884394735,11.277828015899,11.987976106855,23045455,271202794.4745725
2019-04-18,02328.HK,6.1243722333383,6.1243722333383,5.9760979582154,6.0341183267418,37363989,227144853.77171835
2019-04-23,02331.HK,11.987976106855,12.630491046291,11.987976106855,12.444499879612,30642052,374330599.8330365
2019-04-23,02333.HK,5.1161775696498,5.2574673571838,5.0343782189723,5.1682317018992,40601442,208780923.27152947
2019-04-23,02328.HK,5.9438644201452,5.9632045429873,5.8536105135486,5.9438644201452,29245507,173831328.50640738
2019-04-24,02333.HK,5.1682317018992,5.2351584433626,4.9302699544736,5.0195056097582,58538501,298187435.40309703
2019-04-24,02331.HK,12.089425834134,12.495224743252,11.987976106855,12.292325288693,23333045,284450248.0638614
2019-04-24,02328.HK,5.9438644201452,6.0083314962856,5.8213769754784,5.905184174461,20921755,123951445.8397226
2019-04-25,02328.HK,5.8729506363908,5.911630882075,5.8407170983206,5.8665039287767,35832714,210328258.97482067
2019-04-25,02333.HK,4.982324086723,5.1533590926851,4.833597994582,4.8559069084031,51319712,252447590.62967244
2019-04-25,02331.HK,12.157058985654,12.376866728093,11.751260076536,12.190875561414,23285836,283481005.40087986
2019-04-26,02328.HK,5.8407170983206,5.8987374668469,5.750463191724,5.8213769754784,24463984,142650641.4139568
2019-04-26,02333.HK,4.8559069084031,4.9302699544736,4.8038527761538,4.833597994582,37581072,182070990.70171803
2019-04-26,02331.HK,12.190875561414,12.613582758411,12.038700970494,12.157058985654,15793261,192266642.55638087
2019-04-29,02331.HK,12.055609258374,12.173967273534,11.852709803815,12.072517546254,8847000,106730768.92027196
2019-04-29,02333.HK,4.9079610406525,4.9377062590807,4.7666712531185,4.8559069084031,27642275,134947761.45574045
2019-04-29,02328.HK,5.8407170983206,5.8536105135486,5.7440164841099,5.7826967297942,32416073,188392715.5806894
2019-04-30,02328.HK,5.7375697764959,5.7633566069521,5.589295501373,5.6795494079695,44125563,251893405.9263183
2019-04-30,02331.HK,12.004884394735,12.258508712933,12.004884394735,12.055609258374,12588992,151448681.05751997
2019-04-30,02333.HK,4.8484706037961,4.8484706037961,4.5584547241212,4.7369260346903,54282180,260158112.85085687
2019-05-02,02333.HK,4.6328177701916,4.6699992932269,4.528709505693,4.6328177701916,45288737,209814465.5631338
2019-05-02,02331.HK,11.835801515936,12.309233576573,11.835801515936,12.241600425053,14025404,168847644.74637744
2019-05-02,02328.HK,5.595742208987,5.6859961155836,5.595742208987,5.6731027003555,33621985,189440467.25461993
2019-05-03,02328.HK,5.6731027003555,5.7440164841099,5.6279757470572,5.7311230688819,18544816,105744634.25648302
2019-05-03,02331.HK,12.140150697774,12.495224743252,12.038700970494,12.410683303852,30278739,371684147.4837796
2019-05-03,02333.HK,4.5733273333353,4.6774355978339,4.5361458103,4.6476903794057,21641500,99778327.41514216
2019-05-06,02333.HK,4.5435821149071,4.5807636379423,4.4246012411943,4.4617827642295,77771414,350179980.11819625
2019-05-06,02328.HK,5.5635086709168,5.6408691622853,5.4797014719343,5.5570619633028,50062746,278363151.5179974
2019-05-06,02331.HK,12.055609258374,12.157058985654,11.632902061377,11.801984940176,21051670,251121100.03089455
2019-05-07,02328.HK,5.5828487937589,5.6279757470572,5.5441685480747,5.595742208987,32308615,180582396.47509062
2019-05-07,02331.HK,11.835801515936,12.292325288693,11.835801515936,12.089425834134,12521650,149791661.52400202
2019-05-07,02333.HK,4.4840916780507,4.5361458103,4.3651108043379,4.4840916780507,40032972,179511516.5928367
2019-05-08,02328.HK,5.4797014719343,5.5312751328466,5.3572140272675,5.3830008577237,60559928,328922235.48476034
2019-05-08,02331.HK,11.818893228056,11.987976106855,11.565268909857,11.835801515936,14318308,169347602.4952293
2019-05-08,02333.HK,4.3651108043379,4.4989642872648,4.3651108043379,4.4394738504084,29379237,129335989.62917736
2019-05-09,02333.HK,4.3725471089449,4.379983413552,4.1866394937687,4.3130566720885,55431107,240726316.2730335
2019-05-09,02331.HK,12.089425834134,12.089425834134,11.142561712859,11.227103152259,22863563,266549464.71086124
2019-05-09,02328.HK,5.2863002435131,5.3507673196535,5.1315792607761,5.2089397521446,53620094,281377877.55986273
2019-05-10,02328.HK,5.2411732902148,5.3120870739692,5.1315792607761,5.1895996293025,55184947,287810825.3662987
2019-05-10,02333.HK,4.4246012411943,4.5212732010859,4.3576744997308,4.3948560227661,68867562,303687259.9660716
2019-05-10,02331.HK,11.07492856134,11.649810349257,11.00729540982,11.430002606818,28751596,323526344.4773435
2019-05-14,02328.HK,5.0155385237234,5.1573660912323,5.0155385237234,5.0993457227059,46016983,232728228.20745245
2019-05-14,02333.HK,4.1568942753405,4.4097286319802,4.1568942753405,4.3725471089449,45984616,196111543.37543628
2019-05-14,02331.HK,10.736762803742,11.1087451371,10.533863349183,10.584588212822,44698789,476519285.1421649
2019-05-15,02328.HK,5.10579243032,5.2347265826008,5.10579243032,5.1444726760042,33188908,170097552.79470205
2019-05-15,02333.HK,4.3725471089449,4.528709505693,4.3576744997308,4.4171649365872,41361868,181779454.69265437
2019-05-15,02331.HK,10.483138485543,11.497635758337,10.483138485543,11.0242036977,23833567,256298340.45812416
2019-05-16,02333.HK,4.4840916780507,4.5361458103,4.4022923273731,4.4320375458013,27641684,123228413.25444113
2019-05-16,02331.HK,11.159470000739,11.565268909857,11.07492856134,11.362369455298,24450990,275340635.6605831
2019-05-16,02328.HK,5.1251325531621,5.2024930445306,5.10579243032,5.10579243032,32602903,166778927.41837177
2019-05-17,02331.HK,11.700535212896,11.700535212896,10.9396622583,10.9396622583,16457663,186302370.117198
2019-05-17,02328.HK,5.1702595064604,5.1702595064604,5.0348786465655,5.0671121846357,26856380,137469372.16865975
2019-05-17,02333.HK,4.4394738504084,4.4692190688366,4.2461299306251,4.3204929766956,30966256,135631687.6598051
2019-05-20,02331.HK,10.9396622583,11.227103152259,10.601496500702,10.736762803742,13068681,141641142.17811605
2019-05-20,02333.HK,4.3204929766956,4.3204929766956,4.1420216661264,4.2089484075898,41752755,178063838.20246455
2019-05-20,02328.HK,5.1315792607761,5.1315792607761,4.9897516932672,5.0413253541795,23571841,119897045.04594979
2019-05-21,02333.HK,4.1568942753405,4.2981840628744,4.1122764476982,4.2163847121969,30503329,127706441.88282011
2019-05-21,02331.HK,10.652221364342,10.821304243141,10.584588212822,10.669129652222,15390621,164074416.35195065
2019-05-21,02328.HK,5.0928990150919,5.1251325531621,5.0090918161093,5.0542187694076,30932275,156936718.88376462
2019-05-22,02328.HK,5.0413253541795,5.1380259683902,5.0413253541795,5.0800055998638,32399087,163960941.06792092
2019-05-22,02331.HK,10.736762803742,10.99038712194,10.567679924942,10.652221364342,23416849,250431306.26370683
2019-05-22,02333.HK,4.2535662352321,4.2981840628744,4.1866394937687,4.2238210168039,20311426,86093911.92153628
2019-05-23,02333.HK,4.2798859433684,4.34305769161,3.987716607751,4.0903706986436,69867664,292405139.3289313
2019-05-23,02331.HK,10.635313076462,10.905845682541,10.567679924942,10.804395955261,19485182,208878316.2550832
2019-05-23,02328.HK,5.0671121846357,5.1251325531621,5.0090918161093,5.0800055998638,35891430,182097283.83205944
2019-05-24,02328.HK,5.1380259683902,5.2540667054429,5.0993457227059,5.2218331673727,40945179,212093143.3642986
2019-05-24,02331.HK,10.804395955261,10.838212531021,10.516955061303,10.550771637063,11714665,125084317.18146612
2019-05-24,02333.HK,4.145645978355,4.4930905936838,4.0114060133416,4.2404036007174,59348225,248848578.639972
2019-05-27,02333.HK,4.2088177265966,4.3746435657308,4.1298530412946,4.264093006308,28687039,121531360.31917642
2019-05-27,02328.HK,5.2218331673727,5.2218331673727,5.0477720617936,5.1509193836182,44742114,232049438.56511283
2019-05-27,02331.HK,10.483138485543,10.97347883406,10.483138485543,10.821304243141,16493330,175690602.19514287
2019-05-28,02333.HK,4.2877824118986,4.5325729363348,4.2877824118986,4.4299188454422,63012720,274663034.18623185
2019-05-28,02331.HK,10.95657054618,11.04111198558,10.736762803742,10.9396622583,129384630,1416517989.9007535
2019-05-28,02328.HK,5.10579243032,5.2476199978288,5.10579243032,5.1895996293025,43770027,225314794.21263123
2019-05-29,02333.HK,4.3272647545496,4.5167799992744,4.3272647545496,4.4457117825026,28803839,126347701.86201455
2019-05-29,02331.HK,10.855120818901,11.497635758337,10.804395955261,11.159470000739,69404842,763959598.7658823
2019-05-29,02328.HK,5.1444726760042,5.5506152556887,5.1315792607761,5.4474679338641,86395054,457545640.4771823
2019-05-30,02333.HK,4.4062294398516,4.461504719563,4.3667470972006,4.4536082510328,11254500,49856521.64602925
2019-05-30,02331.HK,11.345461167418,11.531452334097,10.601496500702,10.821304243141,23399275,259343119.851079
2019-05-30,02328.HK,5.4925948871624,5.6215290394432,5.434574518636,5.4474679338641,72082899,394295721.6908542
2019-05-31,02333.HK,4.4536082510328,4.5641588104556,4.382540034261,4.500987062214,29410783,131680829.8053593
2019-05-31,02331.HK,10.753671091621,11.328552879538,10.753671091621,10.97347883406,17725261,192559701.60941315
2019-05-31,02328.HK,5.4539146414781,5.5699553785309,5.3701074424956,5.4603613490922,62683626,342073197.1268441
2019-06-03,02333.HK,4.500987062214,4.540469404865,4.3746435657308,4.4378153139724,24628500,110074647.16095336
2019-06-03,02328.HK,5.4861481795483,5.5183817176185,5.4087876881798,5.4474679338641,39779812,217468596.73585796
2019-06-03,02331.HK,10.99038712194,11.244011440139,10.838212531021,11.176378288619,12557752,139182371.33398905
2019-06-04,02333.HK,4.461504719563,4.4930905936838,4.3351612230798,4.4536082510328,17517896,78087010.92357413
2019-06-04,02331.HK,11.193286576499,11.480727470458,10.804395955261,10.872029106781,13498333,148922489.42151797
2019-06-04,02328.HK,5.4410212262501,5.5570619633028,5.3636607348816,5.3958942729518,45967732,249074213.6869796
2019-06-05,02328.HK,5.4797014719343,5.4861481795483,5.3120870739692,5.3443206120394,22159207,119925872.9656723
2019-06-05,02333.HK,4.5325729363348,4.6905023069388,4.5325729363348,4.6036411531066,43731101,199768350.55149242
2019-06-05,02331.HK,11.09183684922,11.210194864379,10.922753970421,11.125653424979,7680168,85317028.92210719
2019-06-06,02328.HK,5.3120870739692,5.3314271968114,5.2218331673727,5.273406828285,35160000,186092982.80162883
2019-06-06,02333.HK,4.658916432818,4.7299846495898,4.5562623419254,4.698398775469,31452490,147155431.50774738
2019-06-06,02331.HK,11.413094318938,11.480727470458,11.1087451371,11.362369455298,13043494,148535812.54323232
2019-06-10,02333.HK,4.777363460771,4.7931563978314,4.5878482160462,4.6036411531066,45144140,211748692.81476817
2019-06-10,02331.HK,11.497635758337,12.072517546254,11.497635758337,12.072517546254,15391709,181392470.37482652
2019-06-10,02328.HK,5.273406828285,5.4990415947764,5.2218331673727,5.3830008577237,46230295,246324435.4822248
2019-06-11,02328.HK,5.428127811022,5.5506152556887,5.3894475653377,5.4861481795483,45213025,246733716.60927737
2019-06-11,02333.HK,4.6036411531066,4.7062952439992,4.5167799992744,4.6273305586972,29893209,137971683.3270194
2019-06-11,02331.HK,12.123242409894,12.376866728093,11.937251243215,12.106334122014,11719404,141978098.0631744
2019-06-12,02331.HK,12.004884394735,12.562857894772,11.937251243215,12.495224743252,17007049,208337278.30754638
2019-06-12,02328.HK,5.4797014719343,5.5119350100045,5.4023409805658,5.4539146414781,22532675,123181809.22914238
2019-06-12,02333.HK,4.6431234957576,4.6431234957576,4.461504719563,4.5562623419254,27361739,125855597.12548931
2019-06-13,02331.HK,12.495224743252,12.596674470531,12.140150697774,12.190875561414,13384977,165211442.39882368
2019-06-13,02333.HK,4.5562623419254,4.5562623419254,4.3272647545496,4.3904365027912,49294160,220510002.16163763
2019-06-13,02328.HK,5.4668080567062,5.4668080567062,5.3314271968114,5.3830008577237,23213096,125928827.95615853
2019-06-14,02331.HK,12.258508712933,12.444499879612,12.055609258374,12.157058985654,7547229,92134940.29311953
2019-06-14,02328.HK,5.3185337815833,5.4023409805658,5.3185337815833,5.3314271968114,28889113,153833963.07521752
2019-06-14,02333.HK,4.34305769161,4.3904365027912,4.264093006308,4.3509541601402,94269279,409789114.44097316
2019-06-17,02331.HK,12.258508712933,12.393775015973,12.038700970494,12.072517546254,8034327,97741710.60594755
2019-06-17,02333.HK,4.34305769161,4.4062294398516,4.2877824118986,4.2956788804288,26445944,114229771.80744503
2019-06-17,02328.HK,5.3378739044254,5.4668080567062,5.3378739044254,5.3894475653377,27815536,149193098.26288423
2019-06-18,02331.HK,12.241929505334,12.497324418519,12.122745212514,12.395166453245,12641956,155730541.53806677
2019-06-18,02328.HK,5.4474679338641,5.4603613490922,5.3249804891973,5.3507673196535,38476189,207737470.24040306
2019-06-18,02333.HK,4.3351612230798,4.3904365027912,4.264093006308,4.3351612230798,20744228,89929572.82832624
2019-06-19,02331.HK,12.65056136643,12.837850969432,12.514350746064,12.769745659249,10126371,128707729.93796605
2019-06-19,02328.HK,5.5119350100045,5.5828487937589,5.428127811022,5.4539146414781,31930024,175069921.27611554
2019-06-19,02333.HK,4.500987062214,4.500987062214,4.3667470972006,4.4062294398516,22284889,99248165.52375008
2019-06-20,02333.HK,4.422022376912,4.5483658733952,4.3983329713214,4.4772976566234,22695710,100988193.33915485
2019-06-20,02331.HK,12.854877296978,12.940008934706,12.599482383793,12.752719331704,9719824,124450666.14689119
2019-06-20,02328.HK,5.4539146414781,5.5699553785309,5.4023409805658,5.5506152556887,40451150,222572944.7748894
2019-06-21,02331.HK,12.940008934706,13.025140572434,12.599482383793,12.905956279615,10639107,137488994.7167195
2019-06-21,02328.HK,5.5764020861449,5.589295501373,5.5054883023905,5.5119350100045,33846804,187652386.18964893
2019-06-21,02333.HK,4.4851941251536,4.5878482160462,4.3904365027912,4.4062294398516,20893743,92887559.43568124
2019-06-24,02328.HK,5.4861481795483,5.5699553785309,5.4861481795483,5.5119350100045,20046523,110236663.80764177
2019-06-24,02333.HK,4.4378153139724,4.5167799992744,4.422022376912,4.4536082510328,18045025,80222980.25805397
2019-06-24,02331.HK,12.786771986795,13.076219555071,12.003560919694,13.008114244889,10564639,136256830.5419059
2019-06-25,02333.HK,4.4299188454422,4.5167799992744,4.3272647545496,4.4141259083818,18135876,80197249.4969013
2019-06-25,02331.HK,14.898036602458,15.493958066556,14.676694344364,15.391800101282,43552287,659595830.6522093
2019-06-25,02328.HK,5.5441685480747,5.5506152556887,5.428127811022,5.4474679338641,24868461,136672541.58863613
2019-06-26,02333.HK,4.34305769161,4.3983329713214,4.303575348959,4.3509541601402,17107277,74365434.49458681
2019-06-26,02328.HK,5.4869471880218,5.5204041830707,5.4334159959436,5.4601815919827,23852566,130558555.8677784
2019-06-26,02331.HK,14.949115585094,15.323694791099,14.69372067191,15.221536825825,21363777,322279545.02569294
2019-06-27,02328.HK,5.5003299860414,5.634157966237,5.4601815919827,5.573935375149,22595743,125115627.00763023
2019-06-27,02333.HK,4.3272647545496,4.4299188454422,4.3272647545496,4.3509541601402,24976516,108375836.78712621
2019-06-27,02331.HK,15.153431515642,15.579089704284,14.983168240186,15.425852756373,21697550,331747774.72812957
2019-06-28,02333.HK,4.3983329713214,4.4536082510328,4.3588506286704,4.4141259083818,30170956,132940154.55566728
2019-06-28,02328.HK,5.6274665672273,5.6809977593055,5.5605525771294,5.6408493652468,24830354,139898136.793586
2019-06-28,02331.HK,15.425852756373,15.817458289923,15.238563153371,15.681247669558,15441286,240166817.1537612
2019-07-02,02333.HK,4.500987062214,4.7220881810596,4.461504719563,4.6431234957576,59623160,272600383.427815
2019-07-02,02331.HK,15.919616255197,16.243116478565,15.732326652195,15.885563600106,22737697,361588271.29019177
2019-07-02,02328.HK,5.7479117494034,5.8148257395012,5.7144547543544,5.7612945474229,35416962,203810561.0324289
2019-07-03,02333.HK,4.6668129013482,4.777363460771,4.6352270272274,4.7457775866502,28636011,134769522.3764088
2019-07-03,02331.HK,15.885563600106,16.038800548017,15.528010721647,15.749352979741,11847231,187393082.19358867
2019-07-03,02328.HK,5.7144547543544,5.7746773454425,5.6274665672273,5.7479117494034,15734288,90176087.86583915
2019-07-04,02333.HK,4.7615705237106,4.8405352090126,4.6668129013482,4.7457775866502,19025645,90441715.0195727
2019-07-04,02331.HK,15.834484617469,16.157984840837,15.47693173901,15.681247669558,8743192,137774049.2030381
2019-07-04,02328.HK,5.7077633553447,5.7746773454425,5.667614961286,5.7144547543544,12933000,73861773.40636924
2019-07-05,02328.HK,5.6743063602957,5.727837552374,5.6542321632664,5.7144547543544,7012236,39930340.34177478
2019-07-05,02331.HK,15.545037049193,15.834484617469,15.528010721647,15.664221342012,7076389,110424426.38884038
2019-07-05,02333.HK,4.6826058384086,4.816845803422,4.658916432818,4.7615705237106,22743071,107394786.77009934
2019-07-08,02331.HK,15.425852756373,15.664221342012,15.170457843188,15.459905411464,11404763,176122375.9897476
2019-07-08,02333.HK,4.7931563978314,4.7931563978314,4.6668129013482,4.7141917125294,20571456,97789996.66448517
2019-07-08,02328.HK,5.6542321632664,5.788060143462,5.6542321632664,5.7746773454425,29336738,167643461.94135085
2019-07-09,02328.HK,5.7947515424718,6.0222591088044,5.7345289513838,5.9486537196968,52234094,306703067.17210466
2019-07-09,02331.HK,15.579089704284,15.919616255197,15.35774744619,15.732326652195,14233024,222828070.2378791
2019-07-09,02333.HK,4.7141917125294,4.7141917125294,4.5167799992744,4.6431234957576,37950547,177557615.30295533
2019-07-10,02328.HK,5.9954935127653,6.0423333058338,5.9486537196968,5.9821107147457,35481591,212492227.18020815
2019-07-10,02331.HK,15.98772156538,16.685800994752,15.919616255197,16.396353426476,22388747,362519430.91084546
2019-07-10,02333.HK,4.698398775469,4.698398775469,4.500987062214,4.5878482160462,31387000,145733717.16134378
2019-07-11,02331.HK,16.668774667207,17.00930121812,16.021774220471,16.430406081567,11785699,195048490.7258225
2019-07-11,02333.HK,4.6273305586972,4.6273305586972,4.4694011880932,4.5325729363348,25745033,117911008.8782071
2019-07-11,02328.HK,6.0088763107849,6.0757903008827,5.9419623206871,5.975419315736,34832871,208723711.79223335
2019-07-12,02331.HK,16.600669357024,16.600669357024,16.123932185745,16.294195461202,8395010,138076359.5488277
2019-07-12,02333.HK,4.4694011880932,4.5167799992744,4.4141259083818,4.461504719563,20947768,93541272.49170575
2019-07-12,02328.HK,5.9218881236577,6.0222591088044,5.9218881236577,5.9486537196968,21081884,125126693.07937287
2019-07-15,02328.HK,5.9285795226675,6.0155677097947,5.8482827345501,5.9888021137555,19799232,117977501.92603932
2019-07-15,02333.HK,4.4299188454422,4.500987062214,4.382540034261,4.461504719563,17350846,77136860.4985881
2019-07-15,02331.HK,16.021774220471,16.549590374387,16.004747892926,16.37932709893,9105010,147506175.76207963
2019-07-16,02331.HK,16.37932709893,16.856064270209,16.311221788748,16.839037942663,10059731,167083908.2891147
2019-07-16,02328.HK,5.9085053256381,6.1962354830588,5.9085053256381,6.1092472959316,44325179,266344518.0643981
2019-07-16,02333.HK,4.422022376912,4.5325729363348,4.422022376912,4.5088835307442,10031000,44792958.57984967
2019-07-17,02331.HK,16.770932632481,17.111459183394,16.515537719296,17.00930121812,13690978,231242219.2417168
2019-07-17,02333.HK,4.4851941251536,4.6747093698784,4.4457117825026,4.579951747516,25332902,114823226.00402173
2019-07-17,02328.HK,6.0222591088044,6.1627784880099,6.0222591088044,6.1159386949414,20750422,125936363.37359928
2019-07-18,02331.HK,16.702827322298,16.856064270209,16.549590374387,16.804985287572,11010657,184471515.7337767
2019-07-18,02333.HK,4.579951747516,4.579951747516,4.4694011880932,4.5088835307442,13429550,61029483.90557963
2019-07-18,02328.HK,6.0624075028631,6.2899150691958,6.0624075028631,6.2497666751371,49134725,302477646.19407046
2019-07-19,02328.HK,6.2765322711762,6.2966064682055,6.1962354830588,6.2631494731566,23287187,146006956.85038206
2019-07-19,02333.HK,4.4851941251536,4.5641588104556,4.4378153139724,4.4930905936838,17515388,78629070.21245399
2019-07-19,02331.HK,16.685800994752,17.026327545666,16.430406081567,16.481485064204,7279871,120726781.96464904
2019-07-22,02333.HK,4.461504719563,4.461504719563,4.3272647545496,4.4141259083818,29847300,132456805.02072844
2019-07-22,02328.HK,6.2230010790979,6.2296924781077,6.0891730989023,6.1226300939512,42551274,262661167.37367684
2019-07-22,02331.HK,16.481485064204,17.494551553172,16.447432409113,16.958222235483,11655606,194880026.5202378
2019-07-23,02328.HK,6.189544084049,6.3769032563229,6.1493956899903,6.3568290592936,43974405,275859646.9432353
2019-07-23,02333.HK,4.3904365027912,4.4141259083818,4.2561965377778,4.382540034261,25980804,113964491.95287597
2019-07-23,02331.HK,17.281722458851,17.281722458851,16.668774667207,16.770932632481,7382306,125693559.99833538
2019-07-24,02331.HK,16.787958960026,17.451985734307,16.600669357024,17.111459183394,6023744,102100708.32245868
2019-07-24,02333.HK,4.4062294398516,4.5246764678046,4.3904365027912,4.3983329713214,15236128,67073719.94031023
2019-07-24,02328.HK,6.3568290592936,6.4572000444403,6.2564580741468,6.2899150691958,35327185,223386934.73740438
2019-07-25,02331.HK,17.451985734307,17.451985734307,16.839037942663,16.975248563029,8457385,145582187.4688875
2019-07-25,02333.HK,4.4694011880932,4.4694011880932,4.3904365027912,4.4062294398516,16120912,71541630.14880145
2019-07-25,02328.HK,6.2497666751371,6.3769032563229,6.2230010790979,6.283223670186,23528703,147442503.76848733
2019-07-26,02333.HK,4.3509541601402,4.382540034261,4.2798859433684,4.34305769161,25321352,110072067.19516933
2019-07-26,02328.HK,6.2296924781077,6.3233720642447,6.2096182810784,6.2899150691958,12898209,80740257.37154897
2019-07-26,02331.HK,16.8901169253,17.281722458851,16.685800994752,17.111459183394,6754531,114832349.93751648
2019-07-29,02328.HK,6.2230010790979,6.3367548622642,6.1694698870197,6.3233720642447,22872633,143484294.19436583
2019-07-29,02333.HK,4.34305769161,4.34305769161,4.2719894748382,4.2956788804288,10960508,47342470.653861925
2019-07-29,02331.HK,17.154025002258,17.154025002258,16.770932632481,16.822011615118,5363759,91119636.09539002
2019-07-30,02328.HK,6.2698408721664,6.4772742414697,6.2698408721664,6.4505086454305,44955161,285922680.2699205
2019-07-30,02333.HK,4.2719894748382,4.3193682860194,4.224610663657,4.2798859433684,21041831,89973558.64147879
2019-07-30,02331.HK,17.026327545666,17.281722458851,16.770932632481,17.06889336453,7406999,126271633.59330042
2019-07-31,02328.HK,6.4438172464208,6.4505086454305,6.2230010790979,6.2698408721664,36306919,230796877.75261894
2019-07-31,02333.HK,4.2956788804288,4.2956788804288,4.1614389154154,4.2404036007174,25724500,109793226.8931227
2019-07-31,02331.HK,17.06889336453,17.06889336453,16.362300771385,16.566616701933,7358317,123750372.7628629
2019-08-01,02328.HK,6.1493956899903,6.2765322711762,6.129321492961,6.2296924781077,35567643,220147494.31421685
2019-08-01,02333.HK,4.2009212580664,4.2483000692476,4.0508883559926,4.0903706986436,33195100,137615132.81609207
2019-08-01,02331.HK,16.753906304935,17.239156639987,16.481485064204,16.61769568457,14734102,245850293.80838478
2019-08-02,02333.HK,4.0114060133416,4.0350954189322,3.9719236706906,4.0114060133416,17684506,70939733.71137561
2019-08-02,02331.HK,16.175011168382,16.362300771385,15.851510945015,15.953668910289,13699510,220073587.01227704
2019-08-02,02328.HK,6.0891730989023,6.0891730989023,5.975419315736,6.0155677097947,41508980,251227722.0666938
2019-08-05,02333.HK,3.9719236706906,3.9956130762812,3.869269579798,3.8850625168584,21257220,83508841.96284518
2019-08-05,02331.HK,15.664221342012,15.766379307286,15.119378860551,15.664221342012,22444383,351573783.1968913
2019-08-05,02328.HK,5.8951225276186,5.9486537196968,5.7813687444523,5.8616655325697,48103844,282773349.3941803
2019-08-06,02331.HK,15.034247222823,16.260142806111,15.034247222823,15.86853727256,18990829,293434747.98783493
2019-08-06,02328.HK,5.7546031484131,5.8616655325697,5.7345289513838,5.8148257395012,52776978,305299746.9450087
2019-08-06,02333.HK,3.8218907686168,3.8376837056772,3.671857866543,3.8060978315564,30711100,117131960.34938958
2019-08-07,02331.HK,16.260142806111,16.549590374387,15.817458289923,16.123932185745,11013294,178327669.40167886
2019-08-07,02328.HK,5.821517138511,5.8884311286088,5.7679859464327,5.8282085375207,24211587,141029173.36568767
2019-08-07,02333.HK,3.790304894496,3.8060978315564,3.6876508036034,3.750822551845,32334600,121919669.76322883
2019-08-08,02331.HK,16.123932185745,16.566616701933,16.123932185745,16.311221788748,8146045,132109111.92907444
2019-08-08,02328.HK,5.8951225276186,5.9553451187066,5.7947515424718,5.9218881236577,37332345,220578359.25106075
2019-08-08,02333.HK,3.750822551845,3.8850625168584,3.750822551845,3.8376837056772,21587600,81908818.84244312
2019-08-09,02331.HK,16.634722012115,16.634722012115,16.1069058582,16.157984840837,8316042,136352763.7414183
2019-08-09,02333.HK,3.9956130762812,4.066681293053,3.869269579798,3.8850625168584,34857392,137349899.18744978
2019-08-09,02328.HK,6.0557161038534,6.0557161038534,5.788060143462,5.8081343404914,16144131,95765777.86895533
2019-08-12,02331.HK,16.37932709893,16.37932709893,16.004747892926,16.004747892926,4926759,79774266.46140073
2019-08-12,02333.HK,3.8850625168584,4.0035095448114,3.869269579798,3.8929589853886,13383560,52048808.728306435
2019-08-12,02328.HK,5.8014429414816,5.8951225276186,5.7746773454425,5.8348999365305,23047336,134093352.06037596
2019-08-13,02333.HK,3.869269579798,3.8771660483282,3.790304894496,3.8060978315564,14892426,57152420.59820348
2019-08-13,02331.HK,16.004747892926,16.294195461202,15.681247669558,15.749352979741,12753585,202489312.2890664
2019-08-13,02328.HK,5.8348999365305,5.8549741335599,5.7211461533642,5.7412203503936,21086556,122050254.34648055
2019-08-14,02333.HK,3.908751922449,3.908751922449,3.750822551845,3.7666154889054,22985999,88212993.82101241
2019-08-14,02328.HK,5.821517138511,5.8348999365305,5.7010719563349,5.7144547543544,17817988,102773904.3777065
2019-08-14,02331.HK,16.685800994752,17.920209741813,16.600669357024,16.907143252846,28889378,485239632.2508921
2019-08-15,02328.HK,5.7144547543544,5.7211461533642,5.5873181731686,5.6542321632664,36515378,207565950.08028919
2019-08-15,02333.HK,3.7192366777242,3.8613731112678,3.6639613980128,3.829787237147,18379629,69374129.43373011
2019-08-15,02331.HK,16.668774667207,17.451985734307,16.311221788748,17.324288277715,23063059,391992008.14472497
2019-08-16,02328.HK,5.6274665672273,5.821517138511,5.6073923701979,5.7612945474229,35383610,201487740.831974
2019-08-16,02333.HK,3.829787237147,3.9166483909792,3.790304894496,3.8376837056772,17844049,68409363.6049156
2019-08-16,02331.HK,17.451985734307,17.537117372036,17.154025002258,17.366854096579,15864438,276190662.8645108
2019-08-19,02328.HK,5.821517138511,6.0155677097947,5.821517138511,5.9553451187066,44008023,259138212.54173207
2019-08-19,02333.HK,3.908751922449,3.9403377965698,3.8455801742074,3.8771660483282,22902300,89157714.57106534
2019-08-19,02331.HK,17.409419915443,18.005341379541,17.239156639987,17.920209741813,19356085,341921657.332184
2019-08-20,02331.HK,17.707380647492,18.728960300232,17.707380647492,18.643828662504,19633923,356858422.2746722
2019-08-20,02333.HK,3.869269579798,3.9245448595094,3.8455801742074,3.8929589853886,15525150,60254881.40440337
2019-08-20,02328.HK,5.821517138511,6.0021849117751,5.821517138511,5.8884311286088,21985775,128726143.9312679
2019-08-21,02333.HK,3.8929589853886,3.9245448595094,3.8376837056772,3.9166483909792,9686556,37824099.59459989
2019-08-21,02328.HK,5.8750483305892,5.975419315736,5.8549741335599,5.9419623206871,25804382,152465328.47180122
2019-08-21,02331.HK,18.430999568183,18.899223575689,18.303302111591,18.686394481368,12149852,225485422.16386268
2019-08-22,02333.HK,3.9324413280396,4.0587848245228,3.8929589853886,3.9245448595094,19268877,75697650.2192903
2019-08-22,02328.HK,5.8549741335599,5.9687279167262,5.8549741335599,5.9151967246479,16249472,95629530.89783181
2019-08-22,02331.HK,18.899223575689,19.580276677516,18.558697024776,19.197184307738,15694706,298955960.6932345
2019-08-23,02333.HK,3.8929589853886,3.9640272021604,3.8376837056772,3.9482342651,11871400,46542970.776925184
2019-08-23,02331.HK,19.154618488874,19.282315945466,18.218170473862,18.941789394553,14532361,276815376.0826035
2019-08-23,02328.HK,5.9687279167262,5.9687279167262,5.8282085375207,5.9419623206871,14430878,85940858.85595119
2019-08-26,02331.HK,17.707380647492,19.069486851146,17.707380647492,18.856657756825,11873515,217071829.227117
2019-08-26,02333.HK,3.7982013630262,3.9166483909792,3.790304894496,3.8929589853886,15355670,59051460.11367135
2019-08-26,02328.HK,5.6207751682175,5.9553451187066,5.6207751682175,5.9218881236577,45123185,260420865.55599684
2019-08-27,02331.HK,19.11205267001,19.750539952972,19.026921032281,19.410013402059,14233349,274149005.30240864
2019-08-27,02333.HK,3.8613731112678,3.9482342651,3.8534766427376,3.9008554539188,30764447,119400334.6477846
2019-08-27,02328.HK,5.9419623206871,5.9553451187066,5.7412203503936,5.7813687444523,40131640,235238250.9534955
2019-08-28,02331.HK,19.665408315244,19.920803228429,19.367447583195,19.367447583195,12286497,239788533.44880152
2019-08-28,02328.HK,5.821517138511,5.8884311286088,5.788060143462,5.8282085375207,23482393,136781718.33338353
2019-08-28,02333.HK,4.0114060133416,4.106163635704,3.9482342651,3.987716607751,40518990,162058184.74641243
2019-08-29,02328.HK,5.8616655325697,5.9085053256381,5.7679859464327,5.8884311286088,23130038,135890091.13836592
2019-08-29,02333.HK,3.987716607751,3.987716607751,3.8455801742074,3.908751922449,20631520,81458074.20509595
2019-08-29,02331.HK,19.452579220923,20.091066503886,19.410013402059,19.920803228429,11894512,234163585.01220337
2019-08-30,02328.HK,6.0155677097947,6.0757903008827,5.9486537196968,6.0155677097947,41363702,248826150.10877046
2019-08-30,02331.HK,20.218763960478,20.559290511391,19.580276677516,19.707974134108,15560273,310635472.375629
2019-08-30,02333.HK,3.9403377965698,4.0114060133416,3.908751922449,3.9324413280396,14756918,58088977.98698635
2019-09-02,02331.HK,20.346461417071,20.686987967984,20.048500685021,20.64442214912,8731103,178947813.23871046
2019-09-02,02328.HK,5.9888021137555,6.0624075028631,5.9151967246479,5.9352709216773,20377289,121490141.1500607
2019-09-02,02333.HK,3.908751922449,3.9956130762812,3.8850625168584,3.9166483909792,7183106,28105339.971893992
2019-09-03,02333.HK,3.9245448595094,3.9324413280396,3.829787237147,3.8455801742074,14327903,55664798.89048302
2019-09-03,02331.HK,20.516724692527,20.984948700033,19.878237409565,20.005934866157,17190477,348301923.5611937
2019-09-03,02328.HK,5.9419623206871,5.9419623206871,5.8148257395012,5.8616655325697,23597984,139270910.61155415
2019-09-04,02333.HK,3.8850625168584,3.908751922449,3.8218907686168,3.8929589853886,13459129,52342697.38175809
2019-09-04,02328.HK,6.0155677097947,6.1828526850392,5.9620365177164,6.1427042909805,44152073,268406456.46604136
2019-09-04,02331.HK,20.091066503886,20.303895598206,19.750539952972,20.005934866157,9899862,198477390.08861834
2019-09-05,02328.HK,6.2096182810784,6.2564580741468,6.1159386949414,6.1560870890001,23898001,147757819.6499207
2019-09-05,02331.HK,19.963369047293,20.303895598206,19.495145039787,19.835671590701,13998721,278567832.97946995
2019-09-05,02333.HK,3.9166483909792,4.066681293053,3.9008554539188,4.0114060133416,27097000,107413245.09694037
2019-09-06,02331.HK,20.13363232275,20.431593054799,19.537710858651,19.707974134108,11573177,230546981.74478027
2019-09-06,02328.HK,6.2230010790979,6.2765322711762,6.1694698870197,6.2430752761273,28577162,178122541.75382003
2019-09-06,02333.HK,4.0350954189322,4.2088177265966,4.027198950402,4.1930247895362,49349830,203028166.75374007
2019-09-09,02328.HK,6.2430752761273,6.2765322711762,6.1694698870197,6.2096182810784,10887859,67791585.81053205
2019-09-09,02333.HK,4.3746435657308,4.3746435657308,4.224610663657,4.2483000692476,49876860,215042676.23485437
2019-09-09,02331.HK,19.707974134108,19.963369047293,19.282315945466,19.665408315244,7577358,149173107.2448285
2019-09-10,02328.HK,6.283223670186,6.283223670186,6.1493956899903,6.189544084049,15042799,93812669.15031926
2019-09-10,02333.HK,4.34305769161,4.422022376912,4.3114718174892,4.3272647545496,49334000,213870843.77941886
2019-09-10,02331.HK,19.878237409565,20.005934866157,18.984355213417,19.282315945466,11544347,226041508.32124603
2019-09-11,02328.HK,6.2296924781077,6.283223670186,6.1493956899903,6.2631494731566,27969162,174707160.18765366
2019-09-11,02333.HK,4.3114718174892,4.3983329713214,4.303575348959,4.3588506286704,21045124,91234005.49970604
2019-09-11,02331.HK,18.814091937961,18.899223575689,18.133038836134,18.388433749319,17046567,317087673.3487198
2019-09-12,02331.HK,17.962775560677,19.026921032281,17.622249009764,19.026921032281,24860871,459798037.66333413
2019-09-12,02328.HK,6.3233720642447,6.3835946553327,6.2966064682055,6.3501376602838,27102436,171741493.10220566
2019-09-12,02333.HK,4.422022376912,4.422022376912,4.2956788804288,4.3588506286704,14406000,63248628.25921003
2019-09-13,02333.HK,4.540469404865,4.5641588104556,4.422022376912,4.5483658733952,41462865,188424575.07487005
2019-09-13,02331.HK,18.771526119096,19.282315945466,18.175604654998,19.026921032281,8787318,166073487.51267192
2019-09-13,02328.HK,6.3501376602838,6.4438172464208,6.3099892662251,6.4170516503816,18028567,115087063.9445075
2019-09-16,02333.HK,4.5088835307442,4.5720552789858,4.4378153139724,4.4851941251536,33330821,149889996.2044146
2019-09-16,02331.HK,18.856657756825,19.239750126602,18.345867930455,18.814091937961,13491510,254117648.10735112
2019-09-16,02328.HK,6.3233720642447,6.4103602513718,6.2296924781077,6.2899150691958,34581130,218090861.04441667
2019-09-17,02333.HK,4.500987062214,4.500987062214,4.3272647545496,4.3746435657308,27663219,122764256.91197225
2019-09-17,02331.HK,18.516131205911,19.324881764331,18.473565387047,19.154618488874,8441943,159007160.84532118
2019-09-17,02328.HK,6.2631494731566,6.2631494731566,6.1493956899903,6.2163096800881,16499146,102950209.28521034
2019-09-18,02328.HK,6.2564580741468,6.2698408721664,6.1761612860294,6.2163096800881,14642017,91313238.74727963
2019-09-18,02333.HK,4.3904365027912,4.4694011880932,4.3272647545496,4.3509541601402,23244923,101596476.43637969
2019-09-18,02331.HK,19.495145039787,20.261329779342,19.324881764331,19.835671590701,13239525,260360665.02488083
2019-09-19,02331.HK,20.005934866157,20.218763960478,18.899223575689,19.069486851146,10927114,213490793.85152283
2019-09-19,02328.HK,6.1962354830588,6.2363838771175,6.1560870890001,6.2029268820686,20878285,129436622.81020194
2019-09-19,02333.HK,4.382540034261,4.3904365027912,4.2561965377778,4.3193682860194,14927200,64947562.939244784
2019-09-20,02333.HK,4.3509541601402,4.3509541601402,4.1535424468852,4.2404036007174,33388500,143426274.29919702
2019-09-20,02328.HK,6.1828526850392,6.3300634632544,6.1828526850392,6.283223670186,47572679,296522324.4183092
2019-09-20,02331.HK,19.154618488874,19.282315945466,18.643828662504,18.814091937961,9077275,172326212.96987435
2019-09-23,02328.HK,6.2430752761273,6.2698408721664,6.1360128919708,6.189544084049,18390050,114318245.83230509
2019-09-23,02331.HK,18.984355213417,19.197184307738,18.345867930455,18.686394481368,5398087,101674992.10383645
2019-09-23,02333.HK,4.185128321006,4.2404036007174,4.1140601042342,4.1930247895362,19231500,80562225.77269617
2019-09-24,02328.HK,6.2430752761273,6.3032978672153,6.1694698870197,6.2296924781077,30961777,193089526.88970745
2019-09-24,02333.HK,4.224610663657,4.2404036007174,4.145645978355,4.1930247895362,14366000,60463875.46028675
2019-09-24,02331.HK,18.728960300232,19.410013402059,18.430999568183,19.026921032281,10243584,193377770.9618144
2019-09-25,02333.HK,4.185128321006,4.185128321006,4.0824742301134,4.1298530412946,24290835,100988920.14985955
2019-09-25,02331.HK,18.984355213417,19.793105771836,18.686394481368,19.707974134108,13172700,254841223.39807132
2019-09-25,02328.HK,6.2096182810784,6.2296924781077,6.1360128919708,6.1694698870197,21474188,132915433.2951571
2019-09-26,02333.HK,4.1219565727644,4.1930247895362,4.106163635704,4.185128321006,17091099,70988605.16041721
2019-09-26,02331.HK,20.261329779342,20.261329779342,19.069486851146,19.282315945466,12794109,252962856.8302888
2019-09-26,02328.HK,6.1627784880099,6.189544084049,6.0757903008827,6.1025558969218,17071670,104694870.52960348
2019-09-27,02331.HK,19.239750126602,19.495145039787,18.771526119096,19.452579220923,7114398,137636315.26268658
2019-09-27,02333.HK,4.1298530412946,4.1772318524758,4.0903706986436,4.145645978355,10941270,45272234.5793608
2019-09-27,02328.HK,6.1092472959316,6.1493956899903,6.0824816998925,6.1226300939512,13504710,82593978.45296207
2019-09-30,02328.HK,6.2430752761273,6.2430752761273,6.1092472959316,6.1226300939512,21789358,134720390.61558145
2019-09-30,02333.HK,4.0903706986436,4.2009212580664,4.0903706986436,4.145645978355,6438690,26514579.109012052
2019-09-30,02331.HK,19.367447583195,19.580276677516,18.941789394553,19.154618488874,7513179,144711588.92464063
2019-10-02,02333.HK,4.1930247895362,4.2009212580664,4.0903706986436,4.1377495098248,10066130,41929328.54901337
2019-10-02,02328.HK,6.0557161038534,6.1159386949414,5.9888021137555,6.0757903008827,17977947,109049789.58725308
2019-10-02,02331.HK,19.069486851146,19.282315945466,18.558697024776,18.856657756825,5014438,95089150.35785243
2019-10-03,02331.HK,18.814091937961,20.176198141614,18.771526119096,19.707974134108,14678099,282715349.7451849
2019-10-03,02333.HK,4.106163635704,4.1219565727644,4.0587848245228,4.0824742301134,12350127,50565358.79992692
2019-10-03,02328.HK,6.0757903008827,6.1360128919708,5.9888021137555,6.1159386949414,11529052,70279538.78138192
2019-10-04,02333.HK,4.0903706986436,4.0903706986436,4.0035095448114,4.066681293053,14247781,58109945.19165348
2019-10-04,02331.HK,19.920803228429,20.431593054799,19.62284249638,20.005934866157,9849735,196633894.82303852
2019-10-04,02328.HK,6.1493956899903,6.1694698870197,6.0490247048436,6.1226300939512,12066036,74037352.45098318
2019-10-08,02328.HK,6.189544084049,6.2698408721664,6.1025558969218,6.1360128919708,28303568,174428620.0043254
2019-10-08,02331.HK,20.218763960478,20.984948700033,19.835671590701,20.516724692527,14143562,288072454.68203634
2019-10-08,02333.HK,4.0429918874624,4.2483000692476,3.987716607751,4.0745777615832,29027874,117817894.47935994
2019-10-09,02328.HK,6.0891730989023,6.1025558969218,6.0021849117751,6.035641906824,14707687,89163992.01856282
2019-10-09,02331.HK,20.389027235935,21.836265077316,20.389027235935,21.325475250946,19668916,410239522.6981268
2019-10-09,02333.HK,4.027198950402,4.0745777615832,4.0114060133416,4.0429918874624,20143104,81279346.67347488
2019-10-10,02328.HK,6.0557161038534,6.1694698870197,6.035641906824,6.1226300939512,17735803,107996374.51503071
2019-10-10,02331.HK,21.15521197549,22.261923265958,20.899817062305,22.006528352773,20564463,443799005.99808615
2019-10-10,02333.HK,4.027198950402,4.1772318524758,4.027198950402,4.0824742301134,23926736,97019004.61823617
2019-10-11,02331.HK,21.87883089618,22.219357447094,21.36804106981,21.751133439588,13644157,297647041.6508096
2019-10-11,02328.HK,6.2363838771175,6.5040398375088,6.1226300939512,6.497348438499,61396404,390902686.83872306
2019-10-11,02333.HK,4.1140601042342,4.185128321006,4.066681293053,4.106163635704,16216531,66651756.55282188
2019-10-14,02331.HK,21.963962533909,22.261923265958,21.282909432082,22.006528352773,9581766,210657477.29065973
2019-10-14,02328.HK,6.4906570394892,6.5308054335479,6.3233720642447,6.3233720642447,27258514,174645695.860269
2019-10-14,02333.HK,4.224610663657,4.2798859433684,4.1298530412946,4.1693353839456,25070534,105220354.89029332
2019-10-15,02328.HK,6.3166806652349,6.5776452266164,6.3166806652349,6.497348438499,38730177,248144807.63538268
2019-10-15,02333.HK,4.1772318524758,4.224610663657,4.1140601042342,4.1535424468852,20335187,84703926.61614996
2019-10-15,02331.HK,22.049094171637,22.985542186649,21.793699258452,22.772713092328,13520495,303006510.50170124
2019-10-16,02331.HK,22.857844730056,23.155805462105,22.474752360279,22.90041054892,9670981,221263608.6980633
2019-10-16,02328.HK,6.4572000444403,6.5776452266164,6.437125847411,6.4638914434501,11380556,73524602.62953001
2019-10-16,02333.HK,4.1772318524758,4.1772318524758,4.106163635704,4.1377495098248,12387970,51502869.83336948
2019-10-17,02333.HK,4.1535424468852,4.2009212580664,4.1219565727644,4.1693353839456,8757500,36443801.30175036
2019-10-17,02331.HK,22.730147273464,23.538897831883,22.474752360279,22.942976367785,21498104,490942781.02221483
2019-10-17,02328.HK,6.5107312365186,6.4839656404795,6.3969774533523,6.4438172464208,17606569,114042575.86435895
2019-10-18,02333.HK,4.2167141951268,4.2483000692476,4.1772318524758,4.2167141951268,15496639,65344897.648055576
2019-10-18,02331.HK,22.730147273464,23.155805462105,22.474752360279,22.730147273464,12331458,280295856.43653584
2019-10-18,02328.HK,6.4237430493914,6.4772742414697,6.3702118573131,6.3902860543425,14781669,94706368.3838806
2019-10-21,02333.HK,4.1930247895362,4.1930247895362,4.106163635704,4.1772318524758,16139500,67545878.53687634
2019-10-21,02331.HK,22.772713092328,23.070673824377,22.347054903686,22.857844730056,9685745,220982973.6376834
2019-10-21,02328.HK,6.3835946553327,6.5308054335479,6.3367548622642,6.4906570394892,16846463,108442802.41475222
2019-10-22,02331.HK,22.857844730056,22.90041054892,21.751133439588,22.091659990501,21579953,485004099.6214491
2019-10-22,02328.HK,6.5642624285968,6.591028024636,6.497348438499,6.5241140345381,18545511,121365314.83460468
2019-10-22,02333.HK,4.2088177265966,4.3114718174892,4.1930247895362,4.2404036007174,18594235,78553403.46354422
2019-10-23,02331.HK,21.453172707539,22.091659990501,21.282909432082,21.453172707539,12210982,261964305.77465
2019-10-23,02328.HK,6.5241140345381,6.591028024636,6.4906570394892,6.5174226355284,17032744,111066577.73392758
2019-10-23,02333.HK,4.2798859433684,4.303575348959,4.2167141951268,4.2483000692476,10264254,43767733.69636892
2019-10-24,02328.HK,6.591028024636,6.591028024636,6.4906570394892,6.5040398375088,13261849,86832406.31625856
2019-10-24,02333.HK,4.2719894748382,4.2877824118986,4.2088177265966,4.2877824118986,21286098,91102071.61936222
2019-10-24,02331.HK,21.495738526403,21.87883089618,21.027514518897,21.538304345267,14635245,314906880.383697
2019-10-25,02331.HK,21.453172707539,22.38962072255,21.36804106981,22.347054903686,13187634,288810685.4267648
2019-10-25,02333.HK,4.2877824118986,4.3667470972006,4.2404036007174,4.3193682860194,31828263,136975328.04698384
2019-10-25,02328.HK,6.4638914434501,6.5241140345381,6.4237430493914,6.4772742414697,12695782,82149109.18081123
2019-10-28,02333.HK,4.6747093698784,4.9431892999052,4.6510199642878,4.9194998943146,155968383,748196652.5499011
2019-10-28,02328.HK,6.591028024636,6.6847076107729,6.5508796305773,6.6177936206751,23116365,152669971.18645597
2019-10-28,02331.HK,22.347054903686,22.38962072255,21.836265077316,22.17679162823,7635500,169980915.0972223
2019-10-29,02333.HK,4.974775174026,5.1248080760998,4.974775174026,5.093222201979,126384250,636218148.6841799
2019-10-29,02331.HK,22.219357447094,22.730147273464,22.091659990501,22.432186541415,8827284,197075929.91253087
2019-10-29,02328.HK,6.6847076107729,6.744930201861,6.5040398375088,6.5508796305773,20798763,137641921.0993333
2019-10-30,02328.HK,6.6913990097827,6.8118441919588,6.5374968325577,6.5508796305773,27710046,183472075.1345965
2019-10-30,02333.HK,5.1406010131602,5.172186887281,5.014257516677,5.1011186705092,62842530,321807788.23629236
2019-10-30,02331.HK,22.517318179143,22.6875814546,22.134225809365,22.6875814546,11572928,261576524.35426703
2019-10-31,02328.HK,6.5642624285968,6.7315474038414,6.5575710295871,6.6579420147338,31636393,209151428.04777655
2019-10-31,02333.HK,5.1484974816904,5.1800833558112,4.9905681110864,5.0379469222676,46429665,236476600.60844728
2019-10-31,02331.HK,22.730147273464,23.240937099834,22.347054903686,22.6875814546,5993028,136094859.98184597
2019-11-01,02328.HK,6.6111022216653,6.7181646058218,6.591028024636,6.6579420147338,24074233,159721031.3171895
2019-11-01,02333.HK,4.9826716425562,5.1169116075696,4.9826716425562,5.0458433907978,21114944,105875766.66621393
2019-11-01,02331.HK,22.602449816871,23.113239643241,22.38962072255,22.645015635735,5716888,129337346.13820891
2019-11-04,02333.HK,5.053739859328,5.093222201979,4.9905681110864,5.053739859328,27149122,137204599.9971587
2019-11-04,02328.HK,6.744930201861,6.7716957979001,6.6780162117632,6.7716957979001,34158805,230855895.89188474
2019-11-04,02331.HK,22.645015635735,23.070673824377,22.474752360279,23.070673824377,6438436,147168770.39240283
2019-11-05,02331.HK,23.240937099834,23.326068737562,21.623435982995,22.006528352773,28467002,644029844.7671472
2019-11-05,02333.HK,5.0695327963884,5.172186887281,5.0221539852072,5.1563939502206,30473218,155808447.50072342
2019-11-05,02328.HK,6.8118441919588,6.8386097879979,6.6646334137436,6.7984613939392,27743023,188795510.45329836
2019-11-06,02331.HK,22.474752360279,22.474752360279,21.027514518897,21.963962533909,16301543,362209810.85617304
2019-11-06,02328.HK,6.8386097879979,6.8386097879979,6.7181646058218,6.7716957979001,15849453,107857949.34966391
2019-11-06,02333.HK,5.1800833558112,5.1879798243414,5.0379469222676,5.1484974816904,20437416,105544751.63282432
2019-11-07,02331.HK,22.091659990501,22.134225809365,21.623435982995,22.091659990501,12222437,270013922.45931906
2019-11-07,02333.HK,5.1484974816904,5.3143233208246,5.13270454463,5.211669229932,30659871,158820687.45841852
2019-11-07,02328.HK,6.7583129998805,6.7984613939392,6.6780162117632,6.7984613939392,16643800,112818120.82792817
2019-11-08,02328.HK,6.8653753840371,6.8653753840371,6.7315474038414,6.7850785959197,16123582,110047107.04152992
2019-11-08,02331.HK,22.219357447094,22.304489084822,21.538304345267,21.751133439588,9474245,208293601.71534625
2019-11-08,02333.HK,5.3143233208246,5.4406668173078,5.2353586355226,5.4011844746568,54782923,293513419.2328786
2019-11-11,02331.HK,21.87883089618,22.049094171637,21.240343613218,21.580870164131,9358944,203368454.24009562
2019-11-11,02333.HK,5.488045628489,5.488045628489,5.13270454463,5.1958762928716,42609584,227618734.27882794
2019-11-11,02328.HK,6.6780162117632,6.7984613939392,6.5508796305773,6.5575710295871,32163392,212850690.39687416
2019-11-12,02328.HK,6.5776452266164,6.6579420147338,6.5374968325577,6.6378678177045,25652190,169503425.78019908
2019-11-12,02331.HK,21.495738526403,22.091659990501,21.282909432082,21.963962533909,7780473,169068515.34391445
2019-11-12,02333.HK,5.251151572583,5.330116257885,5.1011186705092,5.13270454463,33495717,173907352.93544275
2019-11-13,02328.HK,6.5040398375088,6.6044108226555,6.4505086454305,6.4906570394892,19707651,128047475.45133324
2019-11-13,02333.HK,5.1011186705092,5.1169116075696,4.9589822369656,4.974775174026,44125876,222303821.18656176
2019-11-13,02331.HK,21.751133439588,22.091659990501,21.282909432082,21.836265077316,5291104,115312729.32119241
2019-11-14,02331.HK,21.793699258452,21.836265077316,21.15521197549,21.36804106981,8289863,178902457.0814335
2019-11-14,02333.HK,4.974775174026,5.014257516677,4.8879140201938,4.9589822369656,28346992,140796070.92965978
2019-11-14,02328.HK,6.4170516503816,6.5174226355284,6.3702118573131,6.4103602513718,19713952,126439491.25769763
2019-11-15,02331.HK,21.580870164131,21.580870164131,21.070080337761,21.282909432082,6282405,134643811.62707326
2019-11-15,02333.HK,4.9116034257844,5.0300504537374,4.9116034257844,4.9194998943146,28537045,140275318.92265728
2019-11-15,02328.HK,6.3969774533523,6.4505086454305,6.343446261274,6.343446261274,11707580,74579764.93644229
2019-11-18,02331.HK,21.282909432082,21.708567620724,21.15521197549,21.410606888675,5037630,107537069.31146754
2019-11-18,02328.HK,6.4103602513718,6.4572000444403,6.3099892662251,6.3969774533523,21075359,134959619.9806482
2019-11-18,02333.HK,4.9905681110864,4.9984645796166,4.895810488724,4.9589822369656,18924540,94145331.771862
2019-11-19,02331.HK,21.410606888675,22.17679162823,21.36804106981,22.17679162823,7657884,166893620.85211524
2019-11-19,02333.HK,4.9589822369656,5.0616363278582,4.9431892999052,4.974775174026,25234692,125337654.33454522
2019-11-19,02328.HK,6.4237430493914,6.5107312365186,6.343446261274,6.4772742414697,15913648,102651124.00433858
2019-11-20,02331.HK,22.17679162823,23.41120037529,22.134225809365,23.368634556426,15706494,357679481.54837114
2019-11-20,02333.HK,5.0221539852072,5.0221539852072,4.8879140201938,4.9273963628448,15456204,76891139.94388136
2019-11-20,02328.HK,6.4705828424599,6.4705828424599,6.2899150691958,6.3233720642447,15756068,100791211.74948567
2019-11-21,02333.HK,4.9668787054958,4.9668787054958,4.7457775866502,4.895810488724,39629125,195424871.4569429
2019-11-21,02328.HK,6.2096182810784,6.2163096800881,6.1092472959316,6.1962354830588,20573971,127618837.7867998
2019-11-21,02331.HK,23.070673824377,23.240937099834,22.006528352773,22.17679162823,10751192,243232094.2971724
2019-11-22,02333.HK,4.856328146073,4.9589822369656,4.8484316775428,4.8642246146032,14044687,68261060.49534157
2019-11-22,02328.HK,6.2163096800881,6.283223670186,6.189544084049,6.2631494731566,22199985,138521903.00507253
2019-11-22,02331.HK,22.432186541415,22.857844730056,21.708567620724,21.793699258452,7037472,155619216.4958808
2019-11-25,02328.HK,6.3032978672153,6.343446261274,6.2363838771175,6.2899150691958,20400246,128452320.91658439
2019-11-25,02331.HK,21.580870164131,22.049094171637,21.282909432082,21.708567620724,9482142,205238298.08808026
2019-11-25,02333.HK,4.856328146073,5.0616363278582,4.7852599293012,4.8326387404824,31979842,154925815.08763683
2019-11-26,02331.HK,21.87883089618,22.261923265958,21.538304345267,21.921396715045,12340406,270256295.8074633
2019-11-26,02328.HK,6.3166806652349,6.3635204583034,6.2631494731566,6.3166806652349,47792830,301892045.19785845
2019-11-26,02333.HK,4.8721210831334,4.9194998943146,4.7931563978314,4.7931563978314,27520000,132994218.13807565
2019-11-27,02331.HK,21.793699258452,22.602449816871,21.793699258452,22.38962072255,8194717,181034901.68237838
2019-11-27,02328.HK,6.2966064682055,6.3902860543425,6.2631494731566,6.3568290592936,12782510,80871333.08230625
2019-11-27,02333.HK,4.816845803422,4.9037069572542,4.7931563978314,4.816845803422,14336126,69054908.36042902
2019-11-28,02333.HK,4.7931563978314,4.816845803422,4.73788111812,4.7694669922408,13764787,65813737.06278088
2019-11-28,02331.HK,22.17679162823,22.772713092328,22.091659990501,22.432186541415,6538559,145839217.84596792
2019-11-28,02328.HK,6.283223670186,6.3032978672153,6.2430752761273,6.2899150691958,10776540,67747466.27524878
2019-11-29,02331.HK,22.432186541415,22.730147273464,21.325475250946,21.36804106981,8118779,177802184.06261683
2019-11-29,02328.HK,6.2230010790979,6.2430752761273,6.0490247048436,6.0624075028631,28888407,177452941.63849112
2019-11-29,02333.HK,4.7536740551804,4.8010528663616,4.7062952439992,4.777363460771,17689490,84299596.41402356
2019-12-02,02331.HK,21.282909432082,22.134225809365,21.197777794354,21.793699258452,5932822,127782925.86229566
2019-12-02,02333.HK,4.816845803422,4.895810488724,4.7141917125294,4.8089493348918,21154732,101815558.21896568
2019-12-02,02328.HK,6.0624075028631,6.2096182810784,6.0624075028631,6.1427042909805,31985873,195195577.89434177
2019-12-03,02328.HK,6.129321492961,6.1761612860294,6.0222591088044,6.1360128919708,13697541,84002460.30815656
2019-12-03,02333.HK,4.8247422719522,4.8405352090126,4.7457775866502,4.7931563978314,19089430,91800101.70196357
2019-12-03,02331.HK,21.793699258452,22.049094171637,21.538304345267,21.751133439588,6071492,132191051.68374413
2019-12-04,02333.HK,4.7615705237106,4.8010528663616,4.7141917125294,4.73788111812,17507464,83155653.81954506
2019-12-04,02331.HK,21.453172707539,21.708567620724,21.070080337761,21.112646156625,9417135,200424031.31468952
2019-12-04,02328.HK,5.975419315736,6.1025558969218,5.9687279167262,6.0021849117751,25618965,153426911.74422944
2019-12-05,02333.HK,4.8010528663616,4.8010528663616,4.7141917125294,4.73788111812,14768447,70437620.49315766
2019-12-05,02328.HK,6.0222591088044,6.1761612860294,6.0222591088044,6.1427042909805,24045443,146255967.013307
2019-12-05,02331.HK,21.240343613218,22.049094171637,21.15521197549,21.963962533909,6426821,138833171.01839244
2019-12-06,02333.HK,4.7299846495898,4.7457775866502,4.5957446845764,4.6273305586972,40425507,189137105.7269063
2019-12-06,02328.HK,6.2230010790979,6.2497666751371,6.0490247048436,6.129321492961,17230727,106419749.02754235
2019-12-06,02331.HK,21.921396715045,22.38962072255,21.793699258452,22.219357447094,4171439,92065231.70067948
2019-12-09,02328.HK,6.1560870890001,6.2029268820686,6.1159386949414,6.1427042909805,12536377,77091142.69189352
2019-12-09,02331.HK,22.304489084822,22.304489084822,21.410606888675,21.623435982995,6440557,141460152.64550212
2019-12-09,02333.HK,4.579951747516,4.6905023069388,4.5562623419254,4.5720552789858,20373439,93228928.44100289
2019-12-10,02331.HK,21.36804106981,21.963962533909,19.878237409565,20.261329779342,31974252,665533997.0661199
2019-12-10,02333.HK,4.5483658733952,4.579951747516,4.382540034261,4.4694011880932,60979848,274951032.3544846
2019-12-10,02328.HK,6.1427042909805,6.2899150691958,6.1226300939512,6.2497666751371,19482497,120718139.20998661
2019-12-11,02333.HK,4.4694011880932,4.540469404865,4.4457117825026,4.4851941251536,30729599,137585561.59167677
2019-12-11,02331.HK,20.389027235935,21.027514518897,20.218763960478,20.516724692527,13026321,266425727.6832575
2019-12-11,02328.HK,6.2029268820686,6.2698408721664,6.1694698870197,6.2163096800881,27815309,172722451.26024318
2019-12-12,02331.HK,20.516724692527,21.027514518897,20.303895598206,20.474158873663,13100270,268495821.1278259
2019-12-12,02328.HK,6.2564580741468,6.3501376602838,6.2564580741468,6.2899150691958,14395107,90303191.93017152
2019-12-12,02333.HK,4.4851941251536,4.6036411531066,4.4851941251536,4.5246764678046,30576659,137745870.37750536
2019-12-13,02333.HK,4.5878482160462,4.6905023069388,4.5878482160462,4.6747093698784,37580705,174046722.0910723
2019-12-13,02331.HK,20.559290511391,20.686987967984,19.963369047293,20.516724692527,11225348,230546282.5586353
2019-12-13,02328.HK,6.4505086454305,6.4638914434501,6.3635204583034,6.4438172464208,16906901,109001545.65763332
2019-12-16,02328.HK,6.4572000444403,6.4772742414697,6.4036688523621,6.4036688523621,12815747,82410820.99079433
2019-12-16,02331.HK,20.218763960478,20.729553786848,20.218763960478,20.64442214912,6376645,130285015.69491878
2019-12-16,02333.HK,4.6905023069388,4.698398775469,4.5720552789858,4.5957446845764,19273500,89489240.6954841
2019-12-17,02328.HK,6.4036688523621,6.5441882315675,6.3635204583034,6.5107312365186,19803524,127875316.05287555
2019-12-17,02333.HK,4.6273305586972,4.6747093698784,4.6036411531066,4.6352270272274,26702820,123668203.97828957
2019-12-17,02331.HK,20.686987967984,21.495738526403,20.601856330256,21.282909432082,10141898,212827209.2509673
2019-12-18,02331.HK,21.538304345267,21.580870164131,20.64442214912,20.942382881169,5602209,118992844.1530624
2019-12-18,02333.HK,4.6747093698784,4.6747093698784,4.5562623419254,4.5957446845764,23277120,107894735.74001545
2019-12-18,02328.HK,6.5308054335479,6.5575710295871,6.4705828424599,6.5508796305773,29090086,190273671.7701588
2019-12-19,02333.HK,4.579951747516,4.6431234957576,4.4930905936838,4.5246764678046,21096718,96038886.97673097
2019-12-19,02328.HK,6.5107312365186,6.5508796305773,6.437125847411,6.4839656404795,11963797,77732957.75646962
2019-12-19,02331.HK,20.857251243441,21.282909432082,20.516724692527,20.857251243441,5299506,110533128.10812303
2019-12-20,02333.HK,4.5246764678046,4.5246764678046,4.422022376912,4.4536082510328,27178337,122007423.88525656
2019-12-20,02331.HK,20.984948700033,21.197777794354,20.516724692527,20.686987967984,5851931,121930649.00880268
2019-12-20,02328.HK,6.3635204583034,6.5040398375088,6.3635204583034,6.4638914434501,21328224,136792957.1904323
2019-12-23,02328.HK,6.4237430493914,6.4638914434501,6.3501376602838,6.3835946553327,11247103,72022723.16040777
2019-12-23,02331.HK,20.601856330256,21.197777794354,20.601856330256,21.112646156625,4292116,89521741.77799088
2019-12-23,02333.HK,4.4299188454422,4.461504719563,4.4062294398516,4.461504719563,12406265,55154678.487349615
2019-12-24,02331.HK,20.942382881169,21.15521197549,20.814685424576,21.070080337761,1313593,27593638.798571955
2019-12-24,02328.HK,6.3769032563229,6.4438172464208,6.3635204583034,6.3902860543425,5213324,33279747.222917695
2019-12-24,02333.HK,4.4772976566234,4.5325729363348,4.4378153139724,4.5088835307442,8627820,38765576.88599696
2019-12-27,02333.HK,4.5167799992744,4.5325729363348,4.4694011880932,4.4930905936838,18890252,85099362.99418493
2019-12-27,02328.HK,6.4237430493914,6.4638914434501,6.3367548622642,6.3902860543425,21475004,137590663.12940097
2019-12-27,02331.HK,21.112646156625,21.197777794354,20.048500685021,20.218763960478,9305336,192301329.24672142
2019-12-30,02331.HK,20.048500685021,20.64442214912,19.835671590701,20.389027235935,5553460,112284096.90395616
2019-12-30,02333.HK,4.540469404865,4.5957446845764,4.4457117825026,4.5325729363348,17197782,78018102.13036188
2019-12-30,02328.HK,6.4103602513718,6.4505086454305,6.3501376602838,6.4170516503816,19910038,127697129.20278123
2019-12-31,02333.HK,4.5483658733952,4.5957446845764,4.5088835307442,4.5483658733952,11459000,52119724.5432356
2019-12-31,02328.HK,6.4170516503816,6.4170516503816,6.2497666751371,6.283223670186,16002270,101616617.37702963
2019-12-31,02331.HK,20.261329779342,20.516724692527,19.537710858651,19.878237409565,9465658,189973707.6391075
2020-01-02,02333.HK,4.5562623419254,4.6747093698784,4.5562623419254,4.619434090167,27203732,124806593.32599895
2020-01-02,02328.HK,6.3367548622642,6.4103602513718,6.3233720642447,6.4103602513718,12749758,81261316.44850075
2020-01-02,02331.HK,19.878237409565,20.048500685021,19.282315945466,19.62284249638,13649750,269589932.72308636
2020-01-03,02331.HK,19.920803228429,20.005934866157,19.495145039787,19.963369047293,8154818,162624082.99457937
2020-01-03,02328.HK,6.5575710295871,6.5575710295871,6.343446261274,6.3702118573131,23979060,154998040.75597656
2020-01-03,02333.HK,4.6510199642878,4.7536740551804,4.6115376216368,4.6510199642878,19433629,90386196.45756234
2020-01-06,02328.HK,6.3568290592936,6.4638914434501,6.3166806652349,6.4036688523621,21570689,137626365.96873727
2020-01-06,02331.HK,19.835671590701,19.835671590701,19.282315945466,19.750539952972,7663646,151687355.8759117
2020-01-06,02333.HK,4.6273305586972,4.6273305586972,4.5088835307442,4.5483658733952,14934736,68518301.91472097
2020-01-07,02328.HK,6.3902860543425,6.4505086454305,6.3099892662251,6.3300634632544,18765854,119354110.93809694
2020-01-07,02331.HK,20.048500685021,21.282909432082,19.878237409565,20.984948700033,19861248,407487757.2660025
2020-01-07,02333.HK,4.579951747516,4.6036411531066,4.500987062214,4.540469404865,17979861,81991952.2906351
2020-01-08,02328.HK,6.2163096800881,6.2899150691958,6.1560870890001,6.2230010790979,21081588,131120212.21456324
2020-01-08,02331.HK,20.729553786848,20.772119605712,20.005934866157,20.64442214912,11478417,237453874.37050304
2020-01-08,02333.HK,4.4930905936838,4.5088835307442,4.422022376912,4.500987062214,23673851,106462227.1540769
2020-01-09,02333.HK,4.500987062214,4.619434090167,4.500987062214,4.5325729363348,18670510,84330586.14425267
2020-01-09,02328.HK,6.3032978672153,6.3902860543425,6.2899150691958,6.3902860543425,13233948,83993114.775766
2020-01-09,02331.HK,21.070080337761,22.857844730056,20.772119605712,22.559883998007,19247242,419878241.01094794
2020-01-10,02333.HK,4.500987062214,4.6668129013482,4.422022376912,4.619434090167,37158700,169451496.7374899
2020-01-10,02331.HK,22.474752360279,22.985542186649,22.432186541415,22.815278911192,10631279,240745479.18286642
2020-01-10,02328.HK,6.3902860543425,6.4036688523621,6.2497666751371,6.283223670186,16544079,104835773.04493387
2020-01-13,02333.HK,4.6431234957576,4.6826058384086,4.4930905936838,4.579951747516,39210921,180822637.37052846
2020-01-13,02328.HK,6.3367548622642,6.3568290592936,6.2899150691958,6.3367548622642,17262398,109387584.4608398
2020-01-13,02331.HK,22.985542186649,22.985542186649,22.559883998007,22.6875814546,9695038,221401334.6403037
2020-01-14,02331.HK,22.772713092328,23.496332013019,22.517318179143,23.283502918698,11738279,270310356.61084515
2020-01-14,02333.HK,4.6273305586972,4.658916432818,4.5957446845764,4.6115376216368,18434046,85154860.51210663
2020-01-14,02328.HK,6.3501376602838,6.4103602513718,6.3367548622642,6.3769032563229,24960542,158836919.66734
2020-01-15,02331.HK,23.070673824377,23.155805462105,22.559883998007,22.815278911192,9736326,223380297.3270458
2020-01-15,02328.HK,6.3902860543425,6.5174226355284,6.3902860543425,6.4505086454305,16440084,105551871.74551144
2020-01-15,02333.HK,4.6273305586972,4.6431234957576,4.5246764678046,4.5720552789858,18302539,84186059.03512038
2020-01-16,02328.HK,6.4839656404795,6.497348438499,6.3635204583034,6.4237430493914,13086664,84459423.31711034
2020-01-16,02333.HK,4.5720552789858,4.6115376216368,4.500987062214,4.5957446845764,19671476,90172078.47800735
2020-01-16,02331.HK,22.857844730056,23.240937099834,22.730147273464,23.028108005513,6226575,142856163.07723778
2020-01-17,02331.HK,23.368634556426,23.581463650747,22.772713092328,23.581463650747,9569986,224655891.27063534
2020-01-17,02328.HK,6.4705828424599,6.4839656404795,6.4237430493914,6.4772742414697,16793253,108718319.909136
2020-01-17,02333.HK,4.6115376216368,4.7694669922408,4.5641588104556,4.7615705237106,42984869,201450912.8752955
2020-01-20,02331.HK,23.581463650747,23.581463650747,22.730147273464,23.070673824377,5982684,139552498.21911237
2020-01-20,02333.HK,4.816845803422,4.8721210831334,4.6826058384086,4.7141917125294,45573301,217180420.77837273
2020-01-20,02328.HK,6.437125847411,6.4638914434501,6.2631494731566,6.2765322711762,31655340,201227585.19381908
2020-01-21,02331.HK,22.857844730056,22.857844730056,21.836265077316,21.963962533909,9072546,203323954.1027283
2020-01-21,02328.HK,6.2497666751371,6.2497666751371,6.0289505078142,6.0490247048436,18865602,116012051.62787332
2020-01-21,02333.HK,4.7220881810596,4.7220881810596,4.5088835307442,4.5562623419254,34657000,160779897.0375456
2020-01-22,02328.HK,6.0557161038534,6.2363838771175,6.035641906824,6.1694698870197,23524779,143797399.33459285
2020-01-22,02333.HK,4.5720552789858,4.7141917125294,4.5088835307442,4.6273305586972,15810000,72721145.04688412
2020-01-22,02331.HK,22.091659990501,22.942976367785,21.921396715045,22.815278911192,5284579,118657133.13708493
2020-01-23,02328.HK,6.2163096800881,6.2163096800881,6.0423333058338,6.1025558969218,22391328,137917879.86136895
2020-01-23,02331.HK,22.517318179143,22.559883998007,21.15521197549,21.495738526403,10831068,238354205.03281236
2020-01-23,02333.HK,4.5483658733952,4.619434090167,4.4694011880932,4.5483658733952,25190960,114577702.78206356
2020-01-24,02328.HK,6.0958644979121,6.1493956899903,6.035641906824,6.1025558969218,7205280,43946517.251244396
2020-01-24,02331.HK,21.495738526403,22.006528352773,21.027514518897,21.921396715045,6293700,136627212.0345506
2020-01-24,02333.HK,4.4851941251536,4.5167799992744,4.4378153139724,4.4772976566234,17502976,78435139.27832004
2020-01-29,02333.HK,4.2877824118986,4.4536082510328,4.2404036007174,4.3746435657308,39562326,171352860.23892152
2020-01-29,02328.HK,5.7813687444523,5.9419623206871,5.7813687444523,5.8148257395012,27322672,158419509.16663536
2020-01-29,02331.HK,20.857251243441,21.453172707539,20.601856330256,20.64442214912,16854543,349745869.38343763
2020-01-30,02328.HK,5.7746773454425,5.8148257395012,5.6207751682175,5.6408493652468,28107158,160429006.4552822
2020-01-30,02333.HK,4.3193682860194,4.3746435657308,4.1772318524758,4.2167141951268,30740000,131199587.73521708
2020-01-30,02331.HK,20.559290511391,20.984948700033,19.963369047293,20.048500685021,13875545,281727617.0482093
2020-01-31,02328.HK,5.727837552374,5.7412203503936,5.5873181731686,5.6140837692077,32372781,183584767.5313975
2020-01-31,02331.HK,20.091066503886,20.474158873663,19.452579220923,19.62284249638,9484801,188339261.89981598
2020-01-31,02333.HK,4.2325071321872,4.2877824118986,4.0824742301134,4.106163635704,32599226,135917106.45103937
2020-02-03,02333.HK,4.0903706986436,4.224610663657,4.0429918874624,4.1377495098248,30669800,126177400.58484207
2020-02-03,02328.HK,5.6073923701979,5.6475407642566,5.5337869810903,5.6007009711881,27501693,154120771.095071
2020-02-03,02331.HK,19.410013402059,20.091066503886,18.643828662504,19.154618488874,21317259,411046123.1293393
2020-02-04,02333.HK,4.1930247895362,4.2483000692476,4.1377495098248,4.1693353839456,24948989,104316215.99111776
2020-02-04,02328.HK,5.5003299860414,5.7479117494034,5.4869471880218,5.7077633553447,36525085,204688280.99103066
2020-02-04,02331.HK,19.069486851146,20.005934866157,18.856657756825,19.878237409565,19595480,381599675.8981386
2020-02-05,02328.HK,5.6943805573251,5.7479117494034,5.667614961286,5.7412203503936,21590770,123451714.50517283
2020-02-05,02333.HK,4.224610663657,4.34305769161,4.185128321006,4.2483000692476,24252160,102743193.38005981
2020-02-05,02331.HK,20.772119605712,20.772119605712,19.707974134108,19.920803228429,15354128,312402172.9447619
2020-02-06,02333.HK,4.2561965377778,4.3351612230798,4.2088177265966,4.2798859433684,26450219,112890625.51419017
2020-02-06,02331.HK,20.005934866157,20.048500685021,19.154618488874,19.410013402059,25791699,508302136.76669914
2020-02-06,02328.HK,5.7813687444523,5.9352709216773,5.7144547543544,5.8616655325697,27132880,157954525.93716234
2020-02-07,02331.HK,19.154618488874,19.239750126602,18.388433749319,18.856657756825,27096775,514991499.9462753
2020-02-07,02328.HK,5.7746773454425,5.821517138511,5.7211461533642,5.821517138511,21110234,122399189.53288382
2020-02-07,02333.HK,4.2325071321872,4.34305769161,4.2088177265966,4.3272647545496,28911656,123738590.11390267
2020-02-10,02333.HK,4.2483000692476,4.4062294398516,4.2483000692476,4.3588506286704,21676617,93286954.5700256
2020-02-10,02328.HK,5.788060143462,5.8014429414816,5.7211461533642,5.7546031484131,21763556,125604699.47093405
2020-02-10,02331.HK,18.388433749319,18.516131205911,17.792512285221,18.218170473862,25644508,469379177.4270994
2020-02-11,02331.HK,18.388433749319,19.069486851146,18.09047301727,18.899223575689,20184254,376311773.256461
2020-02-11,02328.HK,5.7746773454425,5.8616655325697,5.7412203503936,5.7612945474229,27689357,159711822.0417579
2020-02-11,02333.HK,4.2798859433684,4.4378153139724,4.2798859433684,4.3588506286704,23947038,103436076.48130143
2020-02-12,02333.HK,4.422022376912,4.5246764678046,4.3588506286704,4.4772976566234,29301183,130380302.43909344
2020-02-12,02328.HK,5.7813687444523,5.8750483305892,5.7546031484131,5.8348999365305,35851994,208233197.52649164
2020-02-12,02331.HK,19.920803228429,19.920803228429,19.324881764331,19.665408315244,27418995,542707068.1924561
2020-02-13,02333.HK,4.5088835307442,4.579951747516,4.4378153139724,4.4851941251536,15006666,67485559.68006061
2020-02-13,02328.HK,5.821517138511,5.821517138511,5.7211461533642,5.7479117494034,18116940,104801324.49830596
2020-02-13,02331.HK,19.920803228429,20.048500685021,19.495145039787,19.665408315244,19259236,381200095.2327613
2020-02-14,02333.HK,4.4536082510328,4.5562623419254,4.3904365027912,4.500987062214,25500800,114174672.08202198
2020-02-14,02331.HK,19.495145039787,19.707974134108,19.324881764331,19.410013402059,11711906,227826779.2930034
2020-02-14,02328.HK,5.7144547543544,5.8014429414816,5.7077633553447,5.7546031484131,20695415,118678456.47840153
2020-02-17,02331.HK,19.495145039787,20.516724692527,19.154618488874,20.091066503886,10190595,201703524.7129482
2020-02-17,02328.HK,5.7679859464327,5.8081343404914,5.7479117494034,5.8014429414816,17932861,103736480.04817586
2020-02-17,02333.HK,4.461504719563,4.73788111812,4.461504719563,4.6826058384086,50963077,233006005.23120984
2020-02-18,02331.HK,19.835671590701,20.13363232275,19.410013402059,19.62284249638,10658612,210286495.8753653
2020-02-18,02333.HK,4.6826058384086,4.73788111812,4.5720552789858,4.658916432818,28331000,132327333.7330604
2020-02-18,02328.HK,5.727837552374,5.7546031484131,5.7144547543544,5.7211461533642,11895122,68093528.977884
2020-02-19,02331.HK,19.750539952972,20.176198141614,19.665408315244,19.750539952972,7007269,138397346.34572217
2020-02-19,02333.HK,4.698398775469,4.7694669922408,4.6668129013482,4.6905023069388,20456346,96031304.55075423
2020-02-19,02328.HK,5.7412203503936,5.7612945474229,5.7010719563349,5.7546031484131,15921822,91517227.74570875
2020-02-20,02328.HK,5.8014429414816,5.9018139266284,5.7412203503936,5.8616655325697,36800143,214602029.8347998
2020-02-20,02331.HK,20.346461417071,20.346461417071,19.62284249638,19.920803228429,12256646,246770804.07410455
2020-02-20,02333.HK,4.698398775469,4.7615705237106,4.6431234957576,4.698398775469,17342946,81484076.249425
2020-02-21,02328.HK,5.8014429414816,5.8683569315794,5.7746773454425,5.7813687444523,16181246,93712162.6308856
2020-02-21,02331.HK,19.750539952972,20.005934866157,19.495145039787,19.665408315244,6458731,127288503.48716149
2020-02-21,02333.HK,4.6510199642878,4.7852599293012,4.579951747516,4.6747093698784,28433826,132583082.60538879
2020-02-24,02331.HK,19.197184307738,19.410013402059,18.558697024776,18.899223575689,25649324,488573554.51908666
2020-02-24,02333.HK,4.6826058384086,4.9273963628448,4.658916432818,4.816845803422,57064088,271038772.2205829
2020-02-24,02328.HK,5.7211461533642,5.7679859464327,5.6408493652468,5.6743063602957,27438000,156334213.03490016
2020-02-25,02331.HK,18.516131205911,19.367447583195,18.473565387047,19.069486851146,10410263,195638084.4957562
2020-02-25,02333.HK,4.73788111812,4.8326387404824,4.6747093698784,4.8010528663616,33680000,160635648.2986701
2020-02-25,02328.HK,5.6073923701979,5.788060143462,5.573935375149,5.5940095721783,34309462,192157037.14434123
2020-02-26,02333.HK,4.7536740551804,4.7694669922408,4.6668129013482,4.7062952439992,24870770,117638360.32347852
2020-02-26,02331.HK,18.984355213417,19.069486851146,18.303302111591,18.345867930455,13687489,255478509.32464674
2020-02-26,02328.HK,5.4735643900023,5.5672439761392,5.4334159959436,5.5538611781197,26989468,148812174.74660528
2020-02-27,02331.HK,18.09047301727,18.388433749319,17.877643922949,18.260736292726,13328429,242252256.17621034
2020-02-27,02333.HK,4.6668129013482,4.6905023069388,4.5878482160462,4.6431234957576,18218822,84808037.02509595
2020-02-27,02328.HK,5.5003299860414,5.6542321632664,5.4601815919827,5.6073923701979,29865200,165867174.85677898
2020-02-28,02331.HK,17.792512285221,17.962775560677,17.154025002258,17.451985734307,30348048,534800858.81627035
2020-02-28,02333.HK,4.5325729363348,4.579951747516,4.3746435657308,4.4536082510328,34755183,156158185.8190591
2020-02-28,02328.HK,5.4735643900023,5.4735643900023,5.3665020058457,5.3999590008947,30458425,165595198.343691
2020-03-02,02333.HK,4.382540034261,4.5878482160462,4.3509541601402,4.5641588104556,34808099,155708789.55504054
2020-03-02,02328.HK,5.4601815919827,5.5672439761392,5.3731934048555,5.5471697791099,23327056,128384550.92257693
2020-03-02,02331.HK,17.451985734307,18.218170473862,16.941195907937,18.005341379541,25199389,446751489.42105156
2020-03-03,02328.HK,5.5270955820805,5.5873181731686,5.4534901929729,5.4869471880218,20113898,110767666.42273755
2020-03-03,02331.HK,18.005341379541,18.345867930455,17.537117372036,17.537117372036,13027206,231509465.9516482
2020-03-03,02333.HK,4.5957446845764,4.6510199642878,4.4536082510328,4.5246764678046,24543000,111921248.17144343
2020-03-04,02328.HK,5.4601815919827,5.5337869810903,5.4066503999044,5.5070213850512,37958781,208150827.9938889
2020-03-04,02331.HK,17.707380647492,18.260736292726,17.451985734307,18.133038836134,11113357,199153688.37564567
2020-03-04,02333.HK,4.5562623419254,4.5562623419254,4.422022376912,4.4694011880932,25347534,114389156.59985326
2020-03-05,02328.HK,5.573935375149,5.6943805573251,5.5404783801001,5.634157966237,39295482,220213715.07537672
2020-03-05,02333.HK,4.4772976566234,4.4930905936838,4.4299188454422,4.461504719563,20688162,92463695.8222646
2020-03-05,02331.HK,18.473565387047,19.537710858651,18.133038836134,19.452579220923,29858746,566213559.304323
2020-03-06,02331.HK,19.11205267001,19.239750126602,18.60126284364,18.643828662504,13411930,253189618.75999224
2020-03-06,02333.HK,4.422022376912,4.5720552789858,4.382540034261,4.540469404865,36820222,165000468.53910235
2020-03-06,02328.HK,5.5337869810903,5.5471697791099,5.4534901929729,5.5070213850512,32498292,179403707.09945467
2020-03-09,02328.HK,5.3464278088164,5.3865762028751,5.2460568236696,5.2995880157479,46487825,247455060.29978794
2020-03-09,02331.HK,17.622249009764,18.388433749319,17.239156639987,17.5796831909,16106067,283482339.27667594
2020-03-09,02333.HK,4.4299188454422,4.4457117825026,4.264093006308,4.2719894748382,32956893,143393930.7036454
2020-03-10,02333.HK,4.2009212580664,4.3667470972006,4.2009212580664,4.264093006308,32831221,138958377.04091418
2020-03-10,02328.HK,5.4869471880218,5.4869471880218,5.2795138187186,5.4133417989142,55455009,302237811.9365684
2020-03-10,02331.HK,17.835078104085,18.771526119096,17.451985734307,18.558697024776,20494819,372941916.99635386
2020-03-11,02333.HK,4.3114718174892,4.34305769161,4.2404036007174,4.2719894748382,21827336,93677046.83531219
2020-03-11,02331.HK,18.814091937961,19.154618488874,18.430999568183,18.473565387047,18108772,337616842.45634985
2020-03-11,02328.HK,5.4735643900023,5.4735643900023,5.3665020058457,5.3731934048555,23977399,130038519.75183283
2020-03-12,02333.HK,4.264093006308,4.264093006308,4.0903706986436,4.1377495098248,44297296,186089452.44125968
2020-03-12,02328.HK,5.2460568236696,5.2728224197088,5.1055374444642,5.1858342325816,29165118,152123666.80935544
2020-03-12,02331.HK,17.920209741813,18.303302111591,17.026327545666,17.366854096579,24912256,439540183.91518205
2020-03-13,02331.HK,16.055826875563,17.451985734307,15.834484617469,17.154025002258,36371130,603939919.9644858
2020-03-13,02328.HK,4.7642760949653,5.0653890504055,4.7642760949653,4.9717094642686,51726241,251802967.70472622
2020-03-13,02333.HK,4.0114060133416,4.027198950402,3.7192366777242,3.9956130762812,58751331,235211514.42887387
2020-03-16,02333.HK,4.0193024818718,4.0193024818718,3.7192366777242,3.7429260833148,39768583,154346415.4797971
2020-03-16,02328.HK,4.7977330900142,4.9114868731805,4.7241277009066,4.7977330900142,41380618,198533160.26383722
2020-03-16,02331.HK,16.260142806111,16.822011615118,15.493958066556,15.59611603183,21616290,344307064.6779978
2020-03-17,02331.HK,15.323694791099,16.345274443839,14.846957619821,15.493958066556,29361907,452432528.58237517
2020-03-17,02333.HK,3.7429260833148,3.7666154889054,3.4665496847578,3.5771002441806,46020269,168434790.3392102
2020-03-17,02328.HK,4.650522311799,4.7642760949653,4.5769169226914,4.7040535038772,44624406,208721194.57825795
2020-03-18,02328.HK,4.6103739177403,4.7508932969457,4.3494093563588,4.3828663514077,43256157,194506506.51049408
2020-03-18,02333.HK,3.4823426218182,3.671857866543,3.2928273770934,3.3402061882746,48307402,164789804.01688728
2020-03-18,02331.HK,15.272615808462,15.442879083919,13.501877743713,13.927535932355,37108041,541780214.0022293
2020-03-19,02331.HK,13.757272656898,15.187484170734,12.599482383793,14.45535208627,46714288,658966338.744138
2020-03-19,02328.HK,4.3561007553685,4.3828663514077,3.9679996128012,4.1018275929968,61979886,262110717.41392478
2020-03-19,02333.HK,3.2691379715028,3.3402061882746,3.0954156638384,3.237552097382,49585254,161317939.88246515
2020-03-20,02331.HK,14.812904964729,15.766379307286,14.795878637184,15.000194567731,30499445,454641494.73489475
2020-03-20,02328.HK,4.1285931890359,4.4096319474468,4.1285931890359,4.3828663514077,49767064,211795175.8413336
2020-03-20,02333.HK,3.3086203141538,3.395481467986,3.2138626917914,3.3244132512142,33345886,110592190.55246745
2020-03-23,02331.HK,14.642641689273,14.846957619821,13.621062036533,14.421299431179,13748874,199798232.20425668
2020-03-23,02328.HK,4.188815780124,4.249038371212,4.0884447949772,4.2222727751729,28980253,121877737.16895431
2020-03-23,02333.HK,3.2138626917914,3.2296556288518,3.040140384127,3.040140384127,40252803,125870576.8881687
2020-03-24,02331.HK,15.136405188097,16.1069058582,14.659668016818,15.783405634832,26676836,412421361.237151
2020-03-24,02328.HK,4.7843502919946,4.7843502919946,4.4230147454664,4.5434599276425,49849517,232493417.0582867
2020-03-24,02333.HK,3.0717262582478,3.4981355588786,3.0717262582478,3.4033779365162,38845539,125764456.26338428
2020-03-25,02331.HK,17.366854096579,18.09047301727,16.770932632481,16.958222235483,33988917,583336085.2345598
2020-03-25,02333.HK,3.671857866543,3.8534766427376,3.6244790553618,3.829787237147,64167315,240680212.19334197
2020-03-25,02328.HK,4.6438309127892,4.8847212771414,4.6103739177403,4.8579556811023,30328528,144087600.3814315
2020-03-26,02331.HK,17.324288277715,17.877643922949,16.975248563029,17.06889336453,26499186,455695658.7348178
2020-03-26,02328.HK,4.8178072870436,4.9449438682294,4.7575846959555,4.8244986860533,26029605,125492707.88442646
2020-03-26,02333.HK,3.8613731112678,3.8613731112678,3.6481684609524,3.6639613980128,28103250,105743178.52397001
2020-03-27,02331.HK,18.133038836134,20.303895598206,18.133038836134,19.324881764331,62522584,1170982993.6039517
2020-03-27,02328.HK,4.9784008632783,5.018549257337,4.8178072870436,4.8713384791218,26024540,128167467.75293253
2020-03-27,02333.HK,3.7429260833148,3.8771660483282,3.7034437406638,3.8534766427376,28227000,107211829.87414055
2020-03-30,02328.HK,4.7174363018968,4.9850922622881,4.6705965088283,4.8579556811023,30014908,143702254.71682778
2020-03-30,02333.HK,3.7824084259658,3.8850625168584,3.711340209194,3.7824084259658,23381536,88438518.7784227
2020-03-30,02331.HK,19.707974134108,19.707974134108,18.005341379541,19.026921032281,29530052,571921734.2390078
2020-03-31,02328.HK,5.0453148533762,5.0854632474349,4.8914126761512,5.018549257337,40067472,201616796.73390305
2020-03-31,02333.HK,3.869269579798,3.9719236706906,3.8218907686168,3.9245448595094,29023745,113102841.43188798
2020-03-31,02331.HK,20.091066503886,20.303895598206,19.069486851146,19.282315945466,32819141,646100295.1261044
2020-04-01,02331.HK,18.558697024776,19.154618488874,18.260736292726,18.345867930455,110319113,2035639435.755984
2020-04-01,02328.HK,4.9516352672392,5.1858342325816,4.8111158880338,4.8579556811023,43086619,211331053.86851948
2020-04-01,02333.HK,3.9166483909792,4.0508883559926,3.7192366777242,3.7271331462544,40833068,156059525.64350206
2020-04-02,02333.HK,3.7666154889054,3.7666154889054,3.592893181241,3.7034437406638,11219085,41903614.72578569
2020-04-02,02328.HK,4.7241277009066,4.8981040751609,4.710744902887,4.864647080112,26030326,124799466.74524638
2020-04-02,02331.HK,18.09047301727,18.473565387047,17.537117372036,18.430999568183,19988433,365003503.917832
2020-04-03,02328.HK,4.7642760949653,4.8445728830827,4.7375104989262,4.7843502919946,17675834,84389967.47196147
2020-04-03,02331.HK,18.473565387047,18.558697024776,17.196590821122,17.537117372036,32477938,584776360.9935832
2020-04-03,02333.HK,3.671857866543,3.7587190203752,3.6481684609524,3.7271331462544,11654500,43115770.37932365
2020-04-06,02328.HK,4.8847212771414,4.8847212771414,4.7442018979359,4.8445728830827,21479202,104488737.29243691
2020-04-06,02333.HK,3.7745119574356,3.9008554539188,3.6876508036034,3.9008554539188,23020530,88345512.87705316
2020-04-06,02331.HK,17.835078104085,18.303302111591,16.975248563029,18.260736292726,24399890,440366950.37130237
2020-04-07,02328.HK,4.8914126761512,4.9784008632783,4.804424489024,4.9449438682294,45863174,225563265.86048308
2020-04-07,02333.HK,3.9324413280396,4.0035095448114,3.9008554539188,3.9561307336302,31942637,125990896.90713002
2020-04-07,02331.HK,18.728960300232,19.495145039787,18.388433749319,19.410013402059,26543582,506172487.9313023
2020-04-08,02333.HK,3.8771660483282,3.9719236706906,3.8613731112678,3.8850625168584,13512834,52444853.035712354
2020-04-08,02328.HK,4.9382524692196,4.9650180652588,4.7642760949653,4.7709674939751,32785142,159159077.6012865
2020-04-08,02331.HK,19.282315945466,19.580276677516,18.686394481368,18.984355213417,13562791,259501431.59682897
2020-04-09,02333.HK,3.9008554539188,3.9956130762812,3.869269579798,3.987716607751,19935975,78633187.7035738
2020-04-09,02328.HK,4.8178072870436,4.8981040751609,4.7843502919946,4.8847212771414,23904495,115967022.77495876
2020-04-09,02331.HK,19.580276677516,20.64442214912,19.410013402059,20.601856330256,29098347,584616824.7301517
2020-04-14,02328.HK,4.8780298781316,5.0520062523859,4.8713384791218,4.9717094642686,44539217,219349838.98229992
2020-04-14,02331.HK,20.601856330256,20.857251243441,19.920803228429,20.64442214912,14892981,307140020.8570278
2020-04-14,02333.HK,3.987716607751,4.0193024818718,3.908751922449,3.9482342651,19863120,78816372.25077209
2020-04-15,02331.HK,20.772119605712,21.538304345267,20.559290511391,20.64442214912,19336593,400427405.69034606
2020-04-15,02333.HK,4.0114060133416,4.0114060133416,3.8534766427376,3.9166483909792,18789205,74480919.7269682
2020-04-15,02328.HK,4.9850922622881,5.018549257337,4.8178072870436,4.8244986860533,26947030,132169670.78634208
2020-04-16,02331.HK,20.64442214912,21.15521197549,20.516724692527,20.686987967984,15850012,327551673.1665099
2020-04-16,02333.HK,3.829787237147,3.908751922449,3.8139943000866,3.8218907686168,15551500,59497535.25331787
2020-04-16,02328.HK,4.7709674939751,4.7910416910044,4.7174363018968,4.7241277009066,42493629,201740526.26549283
2020-04-17,02328.HK,4.8111158880338,4.9984750603077,4.7843502919946,4.9717094642686,52766701,258103710.1500802
2020-04-17,02333.HK,3.8850625168584,4.0114060133416,3.8850625168584,3.9482342651,29844455,116890236.65540114
2020-04-17,02331.HK,21.070080337761,21.282909432082,20.431593054799,20.64442214912,17242790,359637203.16788346
2020-04-20,02331.HK,20.516724692527,20.899817062305,19.665408315244,20.729553786848,19436475,400841130.2537051
2020-04-20,02333.HK,3.9798201392208,4.0508883559926,3.9561307336302,4.0193024818718,24074000,96285438.99009162
2020-04-20,02328.HK,5.0520062523859,5.0520062523859,4.9315610702099,4.9516352672392,18815640,94112458.7611594
2020-04-21,02331.HK,20.814685424576,20.857251243441,19.750539952972,20.176198141614,21846197,447747458.79552466
2020-04-21,02328.HK,4.9047954741707,4.9650180652588,4.8579556811023,4.8914126761512,25170212,123286317.96986504
2020-04-21,02333.HK,4.0429918874624,4.0429918874624,3.8376837056772,3.8850625168584,29645961,117517395.83818634
2020-04-22,02333.HK,3.8455801742074,3.9324413280396,3.7982013630262,3.9166483909792,15708078,60964845.877889596
2020-04-22,02331.HK,19.750539952972,20.346461417071,19.410013402059,20.261329779342,18243257,364973411.2885627
2020-04-22,02328.HK,4.8178072870436,4.9114868731805,4.8178072870436,4.8981040751609,25919293,125914776.67950377
2020-04-23,02331.HK,20.601856330256,20.772119605712,19.707974134108,19.793105771836,16000757,323174986.3098916
2020-04-23,02333.HK,3.8929589853886,3.9166483909792,3.829787237147,3.869269579798,14072713,54617807.419136405
2020-04-23,02328.HK,4.864647080112,4.9248696712001,4.804424489024,4.8311900850631,21152405,102545137.2659178
2020-04-24,02328.HK,4.8178072870436,4.8178072870436,4.7642760949653,4.7910416910044,13466667,64699584.72033136
2020-04-24,02331.HK,19.707974134108,20.091066503886,19.197184307738,19.920803228429,13496006,267415108.52873176
2020-04-24,02333.HK,3.8613731112678,3.9324413280396,3.829787237147,3.8771660483282,14872347,57545119.82730004
2020-04-27,02328.HK,4.8579556811023,5.0319320553566,4.8445728830827,5.0051664593175,58920014,290567647.2986223
2020-04-27,02333.HK,3.9324413280396,3.9324413280396,3.8376837056772,3.908751922449,17084114,66979919.69368889
2020-04-27,02331.HK,20.261329779342,20.431593054799,19.707974134108,19.920803228429,12387774,248883591.2691037
2020-04-28,02333.HK,3.9482342651,4.0193024818718,3.8376837056772,3.9956130762812,36004000,143005139.8395444
2020-04-28,02328.HK,5.0787718484251,5.0988460454544,5.0051664593175,5.0653890504055,27181622,137867373.52959678
2020-04-28,02331.HK,19.793105771836,19.963369047293,19.324881764331,19.920803228429,15443897,306668760.03373283
2020-04-29,02333.HK,3.987716607751,4.0903706986436,3.9561307336302,4.0903706986436,21289310,85988452.43644981
2020-04-29,02331.HK,20.176198141614,20.814685424576,20.091066503886,20.814685424576,11239584,230360239.53820604
2020-04-29,02328.HK,5.1389944395131,5.172451434562,4.9382524692196,4.9717094642686,25702279,129934066.31069322
2020-05-04,02331.HK,20.772119605712,20.772119605712,19.920803228429,20.005934866157,19291342,393331697.4557271
2020-05-04,02328.HK,4.8512642820925,4.8914126761512,4.7241277009066,4.7508932969457,38853929,186540774.41138104
2020-05-04,02333.HK,4.0429918874624,4.0508883559926,3.9166483909792,4.0429918874624,27184477,109906619.9759082
2020-05-05,02333.HK,4.0429918874624,4.1535424468852,3.9719236706906,4.0350954189322,14856168,60004711.071232826
2020-05-05,02328.HK,4.7508932969457,4.7977330900142,4.6705965088283,4.6973621048675,44785397,211571934.56379932
2020-05-05,02331.HK,20.389027235935,20.686987967984,20.13363232275,20.559290511391,11405700,233522113.8653381
2020-05-06,02328.HK,4.7308190999164,4.8847212771414,4.7308190999164,4.8445728830827,35520681,170062222.03903425
2020-05-06,02333.HK,4.0114060133416,4.2009212580664,4.0114060133416,4.1614389154154,26058360,106485467.68886213
2020-05-06,02331.HK,20.64442214912,21.87883089618,20.559290511391,21.793699258452,20522321,435464375.0815822
2020-05-07,02333.HK,4.106163635704,4.1693353839456,4.0903706986436,4.1377495098248,10175984,41944964.13314537
2020-05-07,02331.HK,21.963962533909,22.134225809365,21.453172707539,21.66600180186,12724102,277576058.2323435
2020-05-07,02328.HK,4.804424489024,4.8378814840729,4.7575846959555,4.7977330900142,14735985,70748625.02617161
2020-05-08,02333.HK,4.185128321006,4.3588506286704,4.1377495098248,4.3114718174892,38252449,162507881.73559028
2020-05-08,02328.HK,4.8579556811023,4.864647080112,4.804424489024,4.8445728830827,24833695,120474817.54587911
2020-05-08,02331.HK,22.091659990501,22.772713092328,21.410606888675,22.304489084822,14592427,323923782.23138416
2020-05-11,02333.HK,4.34305769161,4.4378153139724,4.2167141951268,4.264093006308,33272302,143189858.69031927
2020-05-11,02328.HK,4.8914126761512,4.9449438682294,4.8178072870436,4.8244986860533,31596580,153494785.31440172
2020-05-11,02331.HK,22.730147273464,23.070673824377,21.66600180186,22.049094171637,17155011,384094189.78118175
2020-05-12,02331.HK,21.963962533909,22.347054903686,21.708567620724,22.006528352773,7168851,157608948.78174058
2020-05-12,02333.HK,4.2088177265966,4.3114718174892,4.1772318524758,4.2877824118986,18130654,77024458.64370428
2020-05-12,02328.HK,4.7977330900142,4.8579556811023,4.7442018979359,4.7709674939751,25572483,122347716.50807822
2020-05-13,02333.HK,4.185128321006,4.3272647545496,4.185128321006,4.264093006308,13143833,55527577.053126775
2020-05-13,02328.HK,4.7575846959555,4.7843502919946,4.7040535038772,4.7642760949653,21924358,104380342.4031554
2020-05-13,02331.HK,21.538304345267,22.730147273464,21.410606888675,22.347054903686,12659121,277775036.43048257
2020-05-14,02328.HK,4.7174363018968,4.7508932969457,4.6170653167501,4.650522311799,42755530,200266017.77331463
2020-05-14,02331.HK,22.432186541415,22.645015635735,21.836265077316,22.006528352773,10170933,225991595.8974441
2020-05-14,02333.HK,4.264093006308,4.264093006308,4.0587848245228,4.145645978355,27686491,116418081.35561065
2020-05-15,02328.HK,4.6839793068479,4.6839793068479,4.5836083217012,4.650522311799,24300304,113415613.51080588
2020-05-15,02333.HK,4.106163635704,4.1377495098248,4.0587848245228,4.0982671671738,14680069,60220805.14598575
2020-05-15,02331.HK,22.219357447094,22.517318179143,21.623435982995,22.432186541415,6555823,146363809.53268954
2020-05-18,02328.HK,4.6237567157599,4.6906707058577,4.6036825187305,4.6906707058577,18771444,87422626.3684796
2020-05-18,02333.HK,4.027198950402,4.1298530412946,4.0193024818718,4.0903706986436,18527838,75200507.70561686
2020-05-18,02331.HK,22.304489084822,22.985542186649,21.921396715045,22.304489084822,8664602,193259520.73332685
2020-05-19,02328.HK,4.7910416910044,4.8311900850631,4.7442018979359,4.8178072870436,30815083,148048739.39650714
2020-05-19,02333.HK,4.1219565727644,4.2483000692476,4.1219565727644,4.1219565727644,27184175,112051988.8164277
2020-05-19,02331.HK,22.90041054892,22.942976367785,22.347054903686,22.645015635735,5771479,131432235.38539323
2020-05-20,02331.HK,22.857844730056,22.985542186649,22.17679162823,22.38962072255,9848907,222819039.61421472
2020-05-20,02328.HK,4.8311900850631,4.8311900850631,4.7575846959555,4.7776588929849,14069133,67594087.1245357
2020-05-20,02333.HK,4.145645978355,4.185128321006,4.0350954189322,4.0824742301134,22052000,90723253.41857259
2020-05-21,02331.HK,22.517318179143,22.857844730056,21.495738526403,21.793699258452,10344361,229184580.3258888
2020-05-21,02328.HK,4.8111158880338,4.8111158880338,4.6973621048675,4.7308190999164,23190466,110640959.45613475
2020-05-21,02333.HK,4.1298530412946,4.145645978355,4.0508883559926,4.1219565727644,22407696,92452020.6408557
2020-05-22,02328.HK,4.6170653167501,4.6639051098186,4.3694835533881,4.3828663514077,64006650,288027738.1538462
2020-05-22,02331.HK,21.36804106981,21.495738526403,20.942382881169,21.282909432082,18397284,392330824.6266248
2020-05-22,02333.HK,4.066681293053,4.066681293053,3.869269579798,3.987716607751,26270592,105796900.52883919
2020-05-25,02328.HK,4.3962491494272,4.3962491494272,4.2758039672512,4.3226437603196,29504010,128621151.79904933
2020-05-25,02331.HK,21.580870164131,21.836265077316,21.112646156625,21.66600180186,7443033,160943947.59482294
2020-05-25,02333.HK,3.9719236706906,3.9719236706906,3.829787237147,3.9166483909792,19780750,78020935.90443745
2020-05-26,02331.HK,22.006528352773,22.38962072255,21.751133439588,22.261923265958,5189989,114876388.47412305
2020-05-26,02328.HK,4.3694835533881,4.4698545385349,4.3694835533881,4.4497803415055,27969920,123337052.79953118
2020-05-26,02333.HK,3.9166483909792,4.0193024818718,3.9166483909792,3.9482342651,12566500,49417023.94880963
2020-05-27,02331.HK,22.559883998007,22.815278911192,21.15521197549,21.495738526403,12048223,265395982.2889573
2020-05-27,02333.HK,3.9482342651,3.9798201392208,3.869269579798,3.908751922449,12199701,47926441.12461386
2020-05-27,02328.HK,4.4832373365544,4.5769169226914,4.4631631395251,4.5434599276425,32508638,146722816.8486837
2020-05-28,02333.HK,3.869269579798,3.9324413280396,3.8534766427376,3.8929589853886,16712842,64864449.78892517
2020-05-28,02331.HK,21.112646156625,22.304489084822,21.112646156625,21.836265077316,13344487,286565593.81273985
2020-05-28,02328.HK,4.5702255236816,4.6572137108088,4.5100029325936,4.5501513266522,40206245,183348053.06842455
2020-05-29,02333.HK,3.869269579798,3.9008554539188,3.8218907686168,3.8771660483282,36396852,140972935.54221818
2020-05-29,02331.HK,21.495738526403,22.261923265958,21.495738526403,22.134225809365,18160411,396169042.1264444
2020-05-29,02328.HK,4.4230147454664,4.5434599276425,4.4230147454664,4.4899287355642,49895233,222356695.8509264
2020-06-01,02331.HK,22.559883998007,22.815278911192,22.091659990501,22.602449816871,14391591,324978918.4345969
2020-06-01,02328.HK,4.5836083217012,4.6371395137794,4.5836083217012,4.5969911197207,25190140,115630292.60666974
2020-06-01,02333.HK,3.9640272021604,4.0429918874624,3.8534766427376,3.8929589853886,43168716,169588002.67311278
2020-06-02,02328.HK,4.6170653167501,4.6371395137794,4.5702255236816,4.5769169226914,16914303,77754900.68726604
2020-06-02,02333.HK,3.9403377965698,4.0429918874624,3.8929589853886,3.9324413280396,18729919,73728257.65441248
2020-06-02,02331.HK,22.815278911192,24.219950933709,22.772713092328,23.92199020166,23724538,554410058.5420418
2020-06-03,02328.HK,4.6839793068479,4.7575846959555,4.650522311799,4.7308190999164,31959501,150446129.54789102
2020-06-03,02333.HK,3.987716607751,4.0982671671738,3.9561307336302,4.0508883559926,35351000,142086362.03665
2020-06-03,02331.HK,24.007121839389,24.177385114845,23.794292745068,23.92199020166,11647935,279137590.830928
2020-06-04,02328.HK,4.7642760949653,4.804424489024,4.650522311799,4.6839793068479,64573210,305052090.097459
2020-06-04,02331.HK,24.007121839389,24.688174941215,23.41120037529,23.666595288475,14186163,338153560.9958853
2020-06-04,02333.HK,4.145645978355,4.264093006308,4.0824742301134,4.1219565727644,33902989,140148219.17348647
2020-06-05,02333.HK,4.1535424468852,4.185128321006,4.0824742301134,4.1693353839456,23680690,98545744.90988831
2020-06-05,02328.HK,4.6839793068479,4.8512642820925,4.6772879078381,4.8378814840729,46015489,219076540.2420737
2020-06-05,02331.HK,23.326068737562,23.41120037529,22.645015635735,23.240937099834,13387253,311702144.2988485
2020-06-08,02328.HK,4.9382524692196,4.9650180652588,4.8512642820925,4.9248696712001,46187624,227777088.44389018
2020-06-08,02333.HK,4.264093006308,4.2877824118986,4.1772318524758,4.2325071321872,33886061,143958155.2928284
2020-06-08,02331.HK,23.538897831883,23.666595288475,22.432186541415,22.90041054892,8491051,197159267.93306285
2020-06-09,02333.HK,4.2404036007174,4.3746435657308,4.224610663657,4.3272647545496,29072315,124540976.61992705
2020-06-09,02331.HK,22.602449816871,22.6875814546,21.197777794354,21.36804106981,31088162,683480871.9523314
2020-06-09,02328.HK,4.9917836612979,5.018549257337,4.9449438682294,4.9784008632783,30794803,153514934.1539864
2020-06-10,02328.HK,5.0051664593175,5.0051664593175,4.8713384791218,4.9516352672392,30585119,152264982.83307105
2020-06-10,02333.HK,4.422022376912,4.422022376912,4.3193682860194,4.4062294398516,36974934,163212014.1301071
2020-06-10,02331.HK,21.36804106981,21.963962533909,21.112646156625,21.793699258452,16054134,346462181.45156103
2020-06-11,02331.HK,21.836265077316,21.921396715045,21.197777794354,21.36804106981,10653983,230148971.60913798
2020-06-11,02333.HK,4.422022376912,4.422022376912,4.303575348959,4.3509541601402,33546210,147150056.61851296
2020-06-11,02328.HK,4.9114868731805,4.9784008632783,4.7709674939751,4.7709674939751,24832115,120217910.16373004
2020-06-12,02328.HK,4.6705965088283,4.7508932969457,4.650522311799,4.7442018979359,25782103,121366651.12371525
2020-06-12,02331.HK,20.686987967984,21.580870164131,20.474158873663,21.36804106981,8314806,174839703.88681188
2020-06-12,02333.HK,4.224610663657,4.303575348959,4.224610663657,4.303575348959,13169565,56156250.012618616
2020-06-15,02331.HK,21.410606888675,21.410606888675,20.516724692527,20.984948700033,12670702,268590725.49447685
2020-06-15,02333.HK,4.303575348959,4.303575348959,4.0745777615832,4.1772318524758,37936314,160865282.4835459
2020-06-15,02328.HK,4.6639051098186,4.7375104989262,4.6170653167501,4.6371395137794,38794571,180415018.01217043
2020-06-16,02328.HK,4.7040535038772,4.9114868731805,4.7040535038772,4.7910416910044,37333833,177244149.16240606
2020-06-16,02333.HK,4.224610663657,4.3193682860194,4.2009212580664,4.2088177265966,26650029,112375555.58484086
2020-06-16,02331.HK,21.815568988842,21.901288316892,21.172674028464,21.558411004691,8552460,185477114.4677456
2020-06-17,02333.HK,4.2088177265966,4.264093006308,4.1614389154154,4.2167141951268,19386060,81668933.68322256
2020-06-17,02331.HK,21.815568988842,21.815568988842,20.529779068085,20.786937052236,16943416,360915991.2482488
2020-06-17,02328.HK,4.7843502919946,4.8981040751609,4.7709674939751,4.864647080112,30136028,145391227.48886544
2020-06-18,02328.HK,4.864647080112,4.9382524692196,4.7977330900142,4.9047954741707,33693948,164585544.70649424
2020-06-18,02331.HK,20.872656380287,21.601270668716,20.744077388211,21.558411004691,16624450,352696579.09409875
2020-06-18,02333.HK,4.1693353839456,4.3272647545496,4.1693353839456,4.2561965377778,16553032,69734049.75865448
2020-06-19,02333.HK,4.2325071321872,4.3272647545496,4.2167141951268,4.2325071321872,28519301,120708144.88749354
2020-06-19,02328.HK,4.864647080112,4.9650180652588,4.8378814840729,4.9315610702099,37038300,181417448.16703382
2020-06-19,02331.HK,21.515551340665,22.029867308968,21.086954700413,21.987007644943,26661389,579919323.8053701
2020-06-22,02331.HK,21.815568988842,22.287025293119,21.38697234859,22.287025293119,16197546,357176899.8007002
2020-06-22,02328.HK,4.8914126761512,4.9850922622881,4.8914126761512,4.9181782721903,29800760,146166632.7748487
2020-06-22,02333.HK,4.410595320604,4.410595320604,4.2025483715189,4.2275140054091,16540029,71437289.37871358
2020-06-23,02333.HK,4.2441577613359,4.2774452731895,4.1110077139215,4.2441577613359,14481953,61463693.22425172
2020-06-23,02328.HK,4.9248696712001,4.9516352672392,4.8378814840729,4.9248696712001,21694606,106843107.11803572
2020-06-23,02331.HK,22.201305965069,22.45846394922,21.686989996766,21.901288316892,5016031,110609990.04936957
2020-06-24,02333.HK,4.2441577613359,4.2940890291164,4.1609389817019,4.2108702494823,14245461,60222885.89100912
2020-06-24,02331.HK,21.815568988842,22.158446301044,21.47269167664,21.644130332741,10309763,224029600.02839077
2020-06-24,02328.HK,4.9449438682294,5.0453148533762,4.9382524692196,4.9717094642686,33236355,164796705.2854183
2020-06-26,02331.HK,21.38697234859,21.815568988842,21.172674028464,21.429832012615,8218825,175951911.05199036
2020-06-26,02328.HK,4.8981040751609,4.9516352672392,4.8981040751609,4.9114868731805,27691353,135820422.86806324
2020-06-26,02333.HK,4.1692608596653,4.1859046155921,4.0943639579947,4.1359733478117,14993338,62261591.82093239
2020-06-29,02328.HK,4.9143607683667,4.9143607683667,4.6341559877142,4.6413407256797,62226430,297308595.06008685
2020-06-29,02333.HK,4.1609389817019,4.1609389817019,3.9279263987266,4.0610764461411,32492540,133577082.58490291
2020-06-29,02331.HK,21.001235372363,21.215533692489,20.058322763808,20.48691940406,31305763,649409170.3690083
2020-06-30,02333.HK,4.0693983241045,4.1110077139215,3.9945014224338,4.0277889342874,16571963,67093143.825071
2020-06-30,02328.HK,4.6844491534723,4.6988186294032,4.5623086080597,4.5910475599215,44593343,206812703.2178712
2020-06-30,02331.HK,20.872656380287,21.344112684564,20.444059740035,21.086954700413,18976366,398120468.5425094
2020-07-02,02331.HK,21.858428652867,21.858428652867,21.172674028464,21.429832012615,14609445,316208731.66901135
2020-07-02,02333.HK,4.0444326902142,4.285767151153,3.9945014224338,4.2275140054091,36565219,151232771.24089614
2020-07-02,02328.HK,4.6413407256797,4.9718386720903,4.6413407256797,4.9718386720903,62601228,300898417.64235127
2020-07-03,02331.HK,21.601270668716,22.029867308968,21.172674028464,21.901288316892,12616899,274433696.48147935
2020-07-03,02333.HK,4.2358358833725,4.4688484663478,4.2358358833725,4.3856296867138,42873560,184816460.7035146
2020-07-03,02328.HK,4.9933928859866,5.1586418591919,4.9933928859866,5.0724250036066,27158213,136684813.1323913
2020-07-06,02333.HK,4.493814100238,4.8266892187742,4.4688484663478,4.7351485611768,60439687,278897807.29529876
2020-07-06,02331.HK,22.244165629094,22.758481597397,21.901288316892,22.587042941296,14865606,333221541.55562055
2020-07-06,02328.HK,5.1011639554684,5.5394329713607,5.1011639554684,5.5106940194989,108402498,575175956.4538385
2020-07-07,02331.HK,23.058499245574,24.001411854129,22.329884957145,23.2727975657,19777837,458166418.16599846
2020-07-07,02333.HK,4.843332974701,5.0264142898959,4.7101829272865,4.7434704391402,67014965,321229647.62022424
2020-07-07,02328.HK,5.6040956130497,5.6687582547388,5.3382603083281,5.3598145222245,62483931,342534102.1913369
2020-07-08,02331.HK,22.972779917523,23.529955549851,22.715621933372,23.187078237649,17237976,397851263.5211296
2020-07-08,02328.HK,5.3598145222245,5.5106940194989,5.3454450462936,5.4819550676371,51013985,276540935.6153279
2020-07-08,02333.HK,4.760114195067,4.9598392661887,4.6935391713597,4.9015861204448,40438584,195352739.8958252
2020-07-09,02328.HK,5.5178787574644,5.5538024472916,5.28796714257,5.3885534740863,72904542,397564223.34762084
2020-07-09,02333.HK,5.0763455576763,5.317680018615,5.0347361678593,5.1262768254567,68224061,348032165.9134156
2020-07-09,02331.HK,23.101358909599,23.315657229725,22.37274462117,22.758481597397,13609100,312055577.72187966
2020-07-10,02333.HK,5.2094956050908,5.4341863101027,5.1345987034201,5.2843925067614,68990682,361990248.8341878
2020-07-10,02331.HK,22.544183277271,22.715621933372,21.086954700413,21.644130332741,19585699,432729504.84164923
2020-07-10,02328.HK,5.3310755703627,5.3310755703627,4.9215455063321,4.9933928859866,121018780,624727288.3679378
2020-07-13,02328.HK,5.0293165758139,5.0293165758139,4.7778507470232,4.8928065544703,87045172,431836457.2403833
2020-07-13,02333.HK,5.3509675304686,5.7420957947486,5.3093581406516,5.5756582354805,66199838,361670427.79622823
2020-07-13,02331.HK,21.515551340665,21.729849660791,21.129814364438,21.344112684564,11876192,254504799.5095562
2020-07-14,02328.HK,4.8640676026086,4.871252340574,4.7419270571959,4.7778507470232,44866026,216297279.6822287
2020-07-14,02331.HK,20.744077388211,20.872656380287,19.972603435757,20.57263873211,23796531,491597257.9877092
2020-07-14,02333.HK,5.4924394558465,5.6089457473342,5.3010362626882,5.5340488456635,44824419,247127965.8627413
2020-07-15,02331.HK,20.744077388211,21.429832012615,20.144042091858,21.301253020539,18757126,394324780.0942777
2020-07-15,02333.HK,5.5423707236269,5.6838426490048,5.4008987982491,5.5756582354805,45444499,252626627.95706362
2020-07-15,02328.HK,4.8353286507468,4.8640676026086,4.6844491534723,4.7131881053341,37626368,179638002.6592331
2020-07-16,02333.HK,5.5923019914073,5.6505551371512,5.317680018615,5.3676112863954,57645376,315894160.91316456
2020-07-16,02331.HK,21.644130332741,21.686989996766,20.401200076009,20.57263873211,19546094,412586468.25893486
2020-07-16,02328.HK,4.7850354849886,4.7850354849886,4.6269712497488,4.6413407256797,39106868,184318025.0944727
2020-07-17,02333.HK,5.3676112863954,5.7004864049316,5.2011737271274,5.6006238693708,62608490,343352320.5337183
2020-07-17,02328.HK,4.6772644155069,4.6916338914378,4.5479391321288,4.5623086080597,57117110,263868854.370043
2020-07-17,02331.HK,20.401200076009,21.729849660791,20.401200076009,21.301253020539,14125631,294536732.1183222
2020-07-20,02331.HK,21.686989996766,21.686989996766,20.529779068085,20.915516044312,11217035,238936900.67524168
2020-07-20,02328.HK,4.5766780839906,4.662894939576,4.5048307043361,4.6054170358524,53874214,247339078.7273887
2020-07-20,02333.HK,5.6838426490048,5.8336364523461,5.5673363575171,5.7837051845656,50724926,290845257.6296594
2020-07-21,02328.HK,4.6772644155069,4.6844491534723,4.5623086080597,4.6126017738179,41430239,192440688.25087288
2020-07-21,02331.HK,21.001235372363,21.601270668716,20.658358060161,21.344112684564,13421224,284163200.814991
2020-07-21,02333.HK,5.9085333540167,6.3079834962601,5.8835677201265,6.2330865945894,83069827,504301134.31522876
2020-07-22,02333.HK,6.1498678149554,6.4244897877477,5.9834302556873,6.0333615234678,53823316,327870901.2912114
2020-07-22,02331.HK,21.001235372363,21.38697234859,20.57263873211,20.829796716262,34576664,723188770.6508024
2020-07-22,02328.HK,4.6269712497488,4.6700796775414,4.5335696561979,4.5479391321288,41299396,189459128.5628371
2020-07-23,02333.HK,6.0749709132848,6.3828803979307,6.0333615234678,6.3329491301503,49689054,308268904.5329645
2020-07-23,02328.HK,4.5479391321288,4.6126017738179,4.5048307043361,4.5407543941634,42177249,191668044.97155708
2020-07-23,02331.HK,21.172674028464,21.901288316892,20.744077388211,21.858428652867,13031252,280374571.43915004
2020-07-24,02333.HK,6.6824680046132,7.1568150485273,6.5826054690524,6.7906524181375,190468198,1283100484.179162
2020-07-24,02328.HK,4.5263849182325,4.5263849182325,4.3611359450272,4.4042443728199,51769304,231166231.33989808
2020-07-24,02331.HK,21.258393356514,21.644130332741,20.872656380287,21.258393356514,13192037,280441511.71968687
2020-07-27,02331.HK,21.38697234859,21.815568988842,21.172674028464,21.601270668716,8452034,181669045.79126647
2020-07-27,02333.HK,6.7074336385035,6.9071587096251,6.5992492249792,6.7240773944303,62263950,418149465.6895192
2020-07-27,02328.HK,4.4473528006125,4.5120154423016,4.4114291107853,4.4617222765434,37363023,166434988.50825134
2020-07-28,02328.HK,4.519200180267,4.5838628219561,4.454537538578,4.4832764904398,31233293,140588495.790925
2020-07-28,02333.HK,6.8489055638813,6.9404462214788,6.6075711029426,6.6991117605401,68941343,467009254.666439
2020-07-28,02331.HK,21.901288316892,22.929920253498,21.901288316892,22.115586637019,12230081,269164973.0266014
2020-07-29,02331.HK,22.37274462117,22.45846394922,21.644130332741,22.37274462117,10767391,240896089.07928428
2020-07-29,02328.HK,4.4760917524743,4.5407543941634,4.4329833246817,4.5120154423016,25740671,115679955.10672967
2020-07-29,02333.HK,6.6741461266498,6.8239399299911,6.5409960792354,6.7490430283205,48716550,326965732.8137842
2020-07-30,02328.HK,4.5263849182325,4.5335696561979,4.4186138487508,4.4257985867162,27558499,123354370.08447261
2020-07-30,02331.HK,22.501323613246,22.801341261422,21.815568988842,21.987007644943,7196724,160085120.6428795
2020-07-30,02333.HK,6.8156180520277,6.8405836859179,6.3995241538575,6.4744210555282,59304083,394076791.1538705
2020-07-31,02333.HK,6.4161679097843,6.5659617131256,6.2414084725528,6.2996616182967,60767053,386351743.4359315
2020-07-31,02331.HK,21.815568988842,22.115586637019,21.258393356514,21.38697234859,17092758,369225292.0328607
2020-07-31,02328.HK,4.4186138487508,4.4617222765434,4.3611359450272,4.3970596348544,39195123,172765703.25887212
2020-08-03,02328.HK,4.3755054209581,4.4186138487508,4.3323969931654,4.3683206829926,43018620,188073666.2559678
2020-08-03,02331.HK,21.301253020539,21.858428652867,20.786937052236,21.644130332741,12871853,276393330.77603364
2020-08-03,02333.HK,6.2580522284797,6.4411335436745,6.224764716626,6.4078460318209,33041304,209248897.42583165
2020-08-04,02328.HK,4.4114291107853,4.5623086080597,4.3826901589235,4.4904612284052,54371121,242002878.38042888
2020-08-04,02331.HK,22.072726972993,22.715621933372,21.815568988842,22.45846394922,9489484,211289011.87864277
2020-08-04,02333.HK,6.3912022758941,6.4827429334916,6.3163053742235,6.3912022758941,26289285,168020138.12362865
2020-08-05,02333.HK,6.3912022758941,6.7407211503571,6.3745585199673,6.6991117605401,54799301,358670029.5335414
2020-08-05,02328.HK,4.519200180267,4.5694933460252,4.4617222765434,4.5120154423016,38322574,173049714.5029206
2020-08-05,02331.HK,22.37274462117,23.744253869977,22.37274462117,23.401376557775,19714919,451216545.66954255
2020-08-06,02331.HK,23.829973198028,24.17285051023,22.801341261422,23.315657229725,12410626,292553393.3865313
2020-08-06,02328.HK,4.5335696561979,4.5479391321288,4.4401680626471,4.4904612284052,25933866,117014003.87057912
2020-08-06,02333.HK,6.7490430283205,6.7573649062839,6.491064811455,6.5576398351622,33606828,223597701.12180528
2020-08-07,02331.HK,23.315657229725,23.572815213876,22.758481597397,23.35851689375,8165101,190549672.90487993
2020-08-07,02333.HK,6.574283591089,6.6658242486864,6.3495928860771,6.532674201272,25563119,167527360.88705078
2020-08-07,02328.HK,4.4689070145089,4.5048307043361,4.4114291107853,4.4689070145089,27739772,123966461.67167756
2020-08-10,02331.HK,24.001411854129,24.001411854129,22.887060589473,22.972779917523,4547639,106810833.24712187
2020-08-10,02328.HK,4.4760917524743,4.519200180267,4.3970596348544,4.4617222765434,20624135,92167341.56967747
2020-08-10,02333.HK,6.5243523233086,7.1568150485273,6.491064811455,6.8572274418447,58554463,391775608.62010884
2020-08-11,02333.HK,6.9737337333324,6.9903774892592,6.7823305401741,6.7989742961009,29350798,202119985.64243743
2020-08-11,02331.HK,23.401376557775,25.715798415138,23.101358909599,25.415780766961,28453593,694511762.9675035
2020-08-11,02328.HK,4.5048307043361,4.5694933460252,4.4473528006125,4.4689070145089,27748786,124505163.79017903
2020-08-12,02333.HK,6.8988368316617,6.8988368316617,6.4993866894184,6.6242148588694,29690906,200755828.28835
2020-08-12,02331.HK,25.415780766961,25.415780766961,23.572815213876,24.730026142558,19783462,496028832.72690326
2020-08-12,02328.HK,4.4401680626471,4.5479391321288,4.4401680626471,4.5407543941634,26207822,117685208.57194614
2020-08-13,02333.HK,6.6991117605401,6.9071587096251,6.657502370723,6.7823305401741,31249700,210645513.73231426
2020-08-13,02331.HK,25.287201774886,25.330061438911,24.387148830356,24.944324462684,11159053,280268131.7779671
2020-08-13,02328.HK,4.5623086080597,4.5838628219561,4.5048307043361,4.5335696561979,19339757,87956037.66616188
2020-08-14,02331.HK,26.572991695642,27.687342960298,25.630079087087,27.04444799992,38387556,1029121234.4450046
2020-08-14,02328.HK,4.5263849182325,4.6413407256797,4.4976459663707,4.598232297887,29419350,134220153.7485226
2020-08-14,02333.HK,6.7573649062839,6.7573649062839,6.5493179571988,6.657502370723,21561336,144621230.3774754
2020-08-17,02333.HK,6.5992492249792,6.7074336385035,6.532674201272,6.6242148588694,27589006,182411114.97504178
2020-08-17,02331.HK,27.430184976147,28.115939600551,27.001588335895,27.987360608475,21941803,607980433.9806479
2020-08-17,02328.HK,4.6197865117833,4.7634812710923,4.6197865117833,4.6700796775414,59823548,277876377.9453216
2020-08-18,02328.HK,4.6700796775414,4.6772644155069,4.598232297887,4.6700796775414,28523069,133205004.8780111
2020-08-18,02333.HK,6.6824680046132,6.8156180520277,6.6075711029426,6.7407211503571,24516458,164544526.57194242
2020-08-18,02331.HK,28.115939600551,28.115939600551,26.873009343819,27.430184976147,13907237,386246559.4598319
2020-08-19,02328.HK,4.6485254636451,4.6485254636451,4.5479391321288,4.5694933460252,17777176,81935171.37540972
2020-08-19,02333.HK,6.7407211503571,6.8239399299911,6.6741461266498,6.7740086622107,15005875,101400173.11308292
2020-08-19,02331.HK,27.687342960298,27.687342960298,27.04444799992,27.215886656021,8045301,220856504.06770042
2020-08-20,02328.HK,4.5335696561979,4.5551238700943,4.454537538578,4.5120154423016,33027691,149377394.77372304
2020-08-20,02331.HK,27.558763968223,27.558763968223,26.744430351743,27.215886656021,6493556,177841130.6044817
2020-08-20,02333.HK,6.7740086622107,6.7740086622107,6.3246272521869,6.3912022758941,41233622,271424665.6860393
2020-08-21,02333.HK,6.3912022758941,6.574283591089,6.2996616182967,6.4161679097843,44234091,283261189.13199264
2020-08-21,02328.HK,4.5766780839906,4.5766780839906,4.4904612284052,4.5120154423016,26626008,120997813.27030216
2020-08-21,02331.HK,27.301605984071,27.858781616399,27.001588335895,27.601623632248,16767156,460285507.9403204
2020-08-24,02331.HK,27.858781616399,29.316010193257,27.730202624324,29.316010193257,16354943,467545230.5418954
2020-08-24,02328.HK,4.5407543941634,4.6844491534723,4.4257985867162,4.454537538578,68166584,306589161.56886953
2020-08-24,02333.HK,6.4078460318209,6.5493179571988,6.4078460318209,6.4993866894184,29276186,188937272.94614395
2020-08-25,02328.HK,4.454537538578,4.4617222765434,4.3539512070617,4.4042443728199,57673989,255460645.2556807
2020-08-25,02333.HK,6.4494554216379,6.6991117605401,6.4494554216379,6.615892980906,23485200,153421160.151712
2020-08-25,02331.HK,29.444589185333,29.658887505459,28.415957248727,29.487448849358,12666026,373217362.9901926
2020-08-26,02328.HK,4.3826901589235,4.4186138487508,4.3395817311308,4.4042443728199,43413288,190734859.7318607
2020-08-26,02333.HK,6.5493179571988,6.657502370723,6.4411335436745,6.5826054690524,18699948,122783142.60543962
2020-08-26,02331.HK,29.144571537156,29.573168177409,28.630255568853,29.316010193257,16772577,490267304.2690726
2020-08-27,02328.HK,4.3611359450272,4.4042443728199,4.3252122551999,4.3539512070617,49585580,216071325.59343812
2020-08-27,02333.HK,6.5409960792354,6.5826054690524,6.4577772996013,6.5826054690524,9528384,62523357.50754035
2020-08-27,02331.HK,29.358869857282,29.444589185333,28.801694224954,29.058852209106,6795582,198491210.27767453
2020-08-28,02328.HK,4.3323969931654,4.389874896889,4.3252122551999,4.3252122551999,40723225,176282884.6916305
2020-08-28,02331.HK,29.787466497535,29.83032616156,28.673115232879,29.530308513383,9775946,289943682.6734419
2020-08-28,02333.HK,6.5992492249792,6.6491804927596,6.5077085673818,6.5576398351622,10534560,69301018.60870159
2020-08-31,02331.HK,29.487448849358,29.530308513383,27.773062288349,28.115939600551,13367708,385012638.30447805
2020-08-31,02328.HK,4.4042443728199,4.4329833246817,4.3036580413036,4.3036580413036,51077299,222388067.6345039
2020-08-31,02333.HK,6.6824680046132,7.3232526077953,6.6824680046132,6.9986993672226,116457420,796636727.356089
2020-09-01,02333.HK,7.09024002482,7.6977371161485,7.0236650011128,7.6228402144779,88455034,650723006.4059119
2020-09-01,02328.HK,4.3036580413036,4.3611359450272,4.2749190894418,4.3323969931654,36553417,157838660.45494735
2020-09-01,02331.HK,28.115939600551,28.630255568853,27.773062288349,28.587395904828,12835195,363899184.1809815
2020-09-02,02328.HK,4.310842779269,4.3252122551999,4.2677343514763,4.2964733033381,36838758,158541417.09833547
2020-09-02,02331.HK,28.673115232879,29.101711873131,28.373097584702,29.058852209106,8161409,235587099.33436167
2020-09-02,02333.HK,7.7393465059655,7.7393465059655,7.356540119649,7.6561277263315,50078413,385490458.46791357
2020-09-03,02328.HK,4.2821038274072,4.3467664690963,4.2533648755454,4.2533648755454,42832131,182796156.8156329
2020-09-03,02331.HK,29.058852209106,29.058852209106,28.373097584702,28.630255568853,5570782,160686721.60275698
2020-09-03,02333.HK,7.5729089466975,7.6061964585511,7.2899650959417,7.3398963637221,29039979,216533776.52283683
2020-09-04,02331.HK,27.344465648097,28.244518592626,27.215886656021,28.073079936525,9880643,273780491.92893815
2020-09-04,02333.HK,7.2150681942711,7.5562651907706,6.965411855369,7.4813682891,41118900,302150651.05804396
2020-09-04,02328.HK,4.1671480199601,4.2533648755454,4.1671480199601,4.2389953996145,37581052,157955856.48524544
2020-09-07,02333.HK,7.5312995568804,8.2053716719161,7.5312995568804,7.8891403093068,83980826,647510638.6228653
2020-09-07,02331.HK,27.558763968223,29.444589185333,27.558763968223,27.858781616399,11703318,324284579.37816364
2020-09-07,02328.HK,4.24618013758,4.2964733033381,4.2030717097873,4.2389953996145,24043933,102008496.05477178
2020-09-08,02333.HK,7.9224278211604,8.1554404041357,7.8059215296728,7.8225652855996,59773259,470564775.46179
2020-09-08,02328.HK,4.2677343514763,4.3683206829926,4.24618013758,4.3467664690963,32338017,139287936.99109536
2020-09-08,02331.HK,28.0302202725,28.373097584702,26.230114383441,27.430184976147,11888288,329664635.0963136
2020-09-09,02328.HK,4.310842779269,4.3539512070617,4.2964733033381,4.3180275172345,22892735,98769220.52361302
2020-09-09,02331.HK,26.615851359668,27.301605984071,26.315833711491,27.13016732797,10885132,292516253.9447032
2020-09-09,02333.HK,7.7060589941119,7.789277773746,7.4980120450268,7.7143808720753,23733402,182989749.1805235
2020-09-10,02328.HK,4.3252122551999,4.3323969931654,4.2174411857182,4.2318106616491,36141739,154632844.43888763
2020-09-10,02333.HK,7.8641746754166,7.8891403093068,7.5562651907706,7.6311620924413,19941892,154503166.16412565
2020-09-10,02331.HK,27.515904304198,28.115939600551,27.04444799992,27.473044640172,9239388,254032117.5046124
2020-09-11,02328.HK,4.2102564477528,4.2318106616491,4.181517495891,4.2174411857182,15324436,64574856.5057389
2020-09-11,02333.HK,7.5396214348438,7.9890028448676,7.5396214348438,7.8891403093068,21307136,164371362.39710703
2020-09-11,02331.HK,27.473044640172,28.458816912753,26.95872867187,28.073079936525,4576876,127113862.23404732
2020-09-14,02331.HK,28.073079936525,29.015992545081,28.073079936525,28.501676576778,4054642,114695191.94930595
2020-09-14,02328.HK,4.2174411857182,4.2605496135109,4.2030717097873,4.2174411857182,16813286,70909044.8436592
2020-09-14,02333.HK,7.9390715770872,8.1304747702455,7.7809558957825,7.955715333014,25844687,205397896.31163132
2020-09-15,02328.HK,4.1958869718219,4.2318106616491,4.1671480199601,4.1743327579255,26508208,110939762.80092394
2020-09-15,02331.HK,28.544536240803,29.787466497535,28.115939600551,29.573168177409,8097524,235304753.17568886
2020-09-15,02333.HK,7.9890028448676,8.2802685735868,7.9890028448676,8.2053716719161,42240661,342030542.03524953
2020-09-16,02331.HK,30.001764817661,30.516080785964,29.273150529232,29.744606833509,9963966,297655407.8778109
2020-09-16,02333.HK,8.2386591837698,8.6381093260131,8.2053716719161,8.4217404989646,50693444,422286519.16715705
2020-09-16,02328.HK,4.2102564477528,4.2102564477528,4.1312243301328,4.1527785440292,21306623,89094016.8528536
2020-09-17,02333.HK,8.4217404989646,8.6048218141595,8.305234207477,8.5715343023059,44088406,374603199.3539915
2020-09-17,02331.HK,29.616027841434,30.216063137787,29.101711873131,29.787466497535,7211238,214186367.85497907
2020-09-17,02328.HK,4.1527785440292,4.1599632819946,4.102485378271,4.1168548542019,22286267,92149628.95254782
2020-09-18,02331.HK,30.001764817661,32.401906003074,29.658887505459,31.759011042695,21575314,666254066.0354005
2020-09-18,02333.HK,8.6214655700863,8.7213281056472,8.4383842548914,8.6381093260131,45520888,392835587.8864762
2020-09-18,02328.HK,4.1096701162365,4.1958869718219,4.1096701162365,4.1887022338564,100799740,418236887.6562767
2020-09-21,02331.HK,31.71615137867,32.316186675023,29.873185825585,30.216063137787,13489664,417722382.30146366
2020-09-21,02328.HK,4.1887022338564,4.2030717097873,4.0162685226856,4.0162685226856,48598588,199374996.6746165
2020-09-21,02333.HK,8.5382467904523,8.7046843497204,8.3718092311842,8.4383842548914,32876196,279063524.8332022
2020-09-22,02333.HK,8.3718092311842,8.4050967430378,7.8059215296728,7.8808184313434,57980839,471170493.9139796
2020-09-22,02328.HK,4.0090837847202,4.0162685226856,3.8725737633767,3.973160094893,32727686,130620185.63370131
2020-09-22,02331.HK,30.216063137787,30.644659778039,29.144571537156,29.487448849358,9903829,295646686.71006715
2020-09-23,02333.HK,7.9057840652336,8.1637622820991,7.8641746754166,7.914105943197,23960496,189526205.6337207
2020-09-23,02328.HK,3.973160094893,3.9803448328584,3.8438348115149,3.8725737633767,39134954,153521216.8198136
2020-09-23,02331.HK,29.91604548961,30.987537090241,29.83032616156,30.473221121938,18631318,562565815.0132666
2020-09-24,02333.HK,7.7310246280021,7.9473934550506,7.5063339229902,7.5978745805877,38871949,297932094.13122153
2020-09-24,02328.HK,3.8150958596531,3.829465335584,3.7504332179641,3.8150958596531,43462954,165815335.85369316
2020-09-24,02331.HK,30.087484145711,30.81609843414,29.616027841434,29.91604548961,6366950,191019736.50580353
2020-09-25,02333.HK,7.6561277263315,7.87249655338,7.5396214348438,7.5562651907706,30457212,231663538.05173856
2020-09-25,02328.HK,3.8366500735494,3.8725737633767,3.8150958596531,3.8510195494803,33707800,129567215.05958027
2020-09-25,02331.HK,29.91604548961,30.258922801812,29.573168177409,29.873185825585,7024820,210004293.96380407
2020-09-28,02328.HK,3.8510195494803,3.8869432393076,3.8222805976185,3.8725737633767,16673892,64391180.375249915
2020-09-28,02333.HK,7.7393465059655,8.0722216245017,7.7227027500387,7.9890028448676,36852395,289813671.4874475
2020-09-28,02331.HK,29.744606833509,30.216063137787,29.401729521308,29.701747169484,4787608,142302919.99778068
2020-09-29,02333.HK,8.0722216245017,8.1804060380259,7.7809558957825,7.8475309194898,12096100,96283459.37368779
2020-09-29,02328.HK,3.8797585013421,3.8869432393076,3.8150958596531,3.8510195494803,22488313,86926078.27021201
2020-09-29,02331.HK,30.173203473762,30.773238770115,29.958905153636,30.301782465837,6521307,197187974.56640428
2020-09-30,02331.HK,30.001764817661,31.287554738418,30.001764817661,30.858958098165,6396206,194638860.5392719
2020-09-30,02328.HK,3.8653890254112,3.9228669291348,3.8222805976185,3.8725737633767,19117000,73963317.31662914
2020-09-30,02333.HK,7.9057840652336,8.2386591837698,7.8225652855996,8.1804060380259,19991653,160794765.31819907
2020-10-05,02328.HK,3.8797585013421,3.973160094893,3.8438348115149,3.9516058809966,42344781,165808704.85066625
2020-10-05,02333.HK,8.3218779634038,8.388452987111,7.8475309194898,8.1471185261723,17283464,142320653.97185746
2020-10-05,02331.HK,31.073256418292,33.216239619553,30.73037910609,33.216239619553,12853599,413175700.99127424
2020-10-06,02333.HK,8.3218779634038,8.8711219089884,8.2220154278429,8.8711219089884,35014586,301002886.3149328
2020-10-06,02328.HK,3.973160094893,3.9803448328584,3.8582042874458,3.8797585013421,32399136,127213888.79817505
2020-10-06,02331.HK,33.644836259805,33.730555587856,32.187607682948,32.487625331124,9852037,325769729.24745566
2020-10-07,02328.HK,3.8438348115149,3.8869432393076,3.8079111216876,3.8438348115149,29254054,112447751.14313671
2020-10-07,02331.HK,31.973309362821,32.916221971376,31.80187070672,32.316186675023,7971373,256237776.44983834
2020-10-07,02333.HK,8.8045468852812,8.8711219089884,8.6048218141595,8.821190641208,17298725,152451393.19645843
2020-10-08,02333.HK,8.7879031293544,9.3704345867927,8.737971861574,9.3038595630854,33307368,301294498.88288164
2020-10-08,02331.HK,32.144748018922,33.044800963452,31.844730370746,33.001941299427,5405556,176077038.66246867
2020-10-08,02328.HK,3.8582042874458,3.8582042874458,3.764802693895,3.7863569077913,44043491,168346581.10068724
2020-10-09,02333.HK,9.3205033190122,9.5535159019876,9.1041344919637,9.1540657597442,47231865,436294176.33049834
2020-10-09,02331.HK,33.001941299427,33.259099283578,32.230467346973,32.359046339048,8545459,279269820.03204745
2020-10-09,02328.HK,3.8222805976185,3.829465335584,3.7863569077913,3.8007263837222,35450093,135118153.21408853
2020-10-12,02331.HK,32.316186675023,33.901994243957,32.187607682948,33.816274915906,9833126,325144413.75688267
2020-10-12,02333.HK,9.4536533664267,9.7865284849629,9.4370096104999,9.6367346816216,47515186,453541669.45759594
2020-10-12,02328.HK,3.8150958596531,3.9013127152385,3.8079111216876,3.8653890254112,47355325,181855928.9449038
2020-10-14,02331.HK,33.687695923831,33.859134579932,32.530484995149,33.130520291503,13144111,439133025.37817496
2020-10-14,02328.HK,3.8438348115149,3.8582042874458,3.7935416457567,3.829465335584,38721231,148559813.76407522
2020-10-14,02333.HK,10.818441352425,10.818441352425,10.169334871279,10.618716281303,103540683,1109808971.4874303
2020-10-15,02328.HK,3.8222805976185,3.8510195494803,3.7719874318604,3.7719874318604,36542059,138755095.19751588
2020-10-15,02331.HK,32.6162043232,32.873362307351,31.973309362821,32.401906003074,6771770,220143844.48207623
2020-10-15,02333.HK,10.618716281303,11.184603982815,10.26919740684,10.335772430548,76099952,797317792.5782014
2020-10-16,02333.HK,10.369059942401,10.818441352425,10.26919740684,10.668647549084,38230391,402139891.57155037
2020-10-16,02328.HK,3.7719874318604,3.9156821911694,3.7719874318604,3.8797585013421,51716464,197860621.54580677
2020-10-16,02331.HK,32.573344659175,33.730555587856,32.401906003074,33.344818611629,7829900,258066313.2970341
2020-10-19,02333.HK,10.735222572791,11.068097691327,10.58542876945,10.818441352425,45451297,489820990.2515891
2020-10-19,02331.HK,33.001941299427,33.344818611629,32.444765667099,32.744783315276,6927588,227733110.24006057
2020-10-19,02328.HK,3.9156821911694,4.0234532606511,3.894127977273,3.9372364050657,47268402,185597456.5400582
2020-10-20,02331.HK,32.916221971376,35.016345508613,32.873362307351,34.887766516537,10926859,370442310.9225242
2020-10-20,02328.HK,3.9659753569275,4.0018990467547,3.9372364050657,3.9587906189621,28378346,112445875.41641136
2020-10-20,02333.HK,10.735222572791,11.550766613204,10.618716281303,11.484191589497,64828929,720230411.5742816
2020-10-21,02328.HK,3.9803448328584,4.0306379986165,3.9300516671003,4.0090837847202,35431349,141538116.83000746
2020-10-21,02331.HK,34.287731220184,36.516433749496,34.202011892133,36.516433749496,13424223,475245449.9408863
2020-10-21,02333.HK,11.450904077644,11.900285487667,11.034810179473,11.167960226888,72925451,824745440.2578987
2020-10-22,02328.HK,3.9875295708239,4.0306379986165,3.9659753569275,4.0162685226856,24840737,99410121.72098546
2020-10-22,02331.HK,36.002117781193,36.259275765344,34.202011892133,34.58774886836,21588603,761968303.4600699
2020-10-22,02333.HK,11.184603982815,11.184603982815,10.718578816864,10.984878911693,66143002,733178075.7152042
2020-10-23,02328.HK,4.0234532606511,4.1671480199601,4.0090837847202,4.1527785440292,53939967,220512836.8644029
2020-10-23,02331.HK,34.716327860436,34.716327860436,33.087660627477,34.073432900058,8666239,298074253.7516314
2020-10-23,02333.HK,10.968235155766,11.534122857278,10.668647549084,10.901660132059,50165737,548559707.6132841
2020-10-27,02333.HK,9.9862535560846,10.901660132059,9.9862535560846,10.485566233889,71934266,736312665.1380125
2020-10-27,02328.HK,4.0953006403056,4.0953006403056,3.9516058809966,4.0234532606511,50307332,204216423.9608619
2020-10-27,02331.HK,33.559116931755,34.759187524461,33.044800963452,34.373450548234,20025814,680202480.4483541
2020-10-28,02328.HK,4.0162685226856,4.0162685226856,3.8510195494803,3.8797585013421,50564509,199629364.76034594
2020-10-28,02333.HK,10.485566233889,11.0514539354,10.002897312011,10.735222572791,52685331,559012141.1805154
2020-10-28,02331.HK,34.373450548234,35.48780181289,33.559116931755,35.230643828739,10692087,372106516.317403
2020-10-29,02328.HK,3.8079111216876,3.8797585013421,3.6929553142405,3.8582042874458,55056228,211033698.91978088
2020-10-29,02331.HK,34.287731220184,35.316363156789,33.644836259805,34.844906852512,5200704,179769193.67761117
2020-10-29,02333.HK,10.518853745742,11.217891494668,10.468922477962,10.701935060937,48282671,512298182.1566824
2020-10-30,02328.HK,3.8438348115149,3.9084974532039,3.7432484799986,3.764802693895,50619059,192571035.39797828
2020-10-30,02331.HK,34.887766516537,34.973485844587,33.987713572007,34.287731220184,5517304,190831125.18240085
2020-10-30,02333.HK,10.602072525376,10.901660132059,10.169334871279,10.435634966108,51102629,537541080.4739138
2020-11-02,02331.HK,34.716327860436,35.316363156789,34.373450548234,34.930626180562,3252907,113277532.16432033
2020-11-02,02333.HK,10.369059942401,11.0514539354,10.302484918694,11.00152266762,38107551,407190283.35554415
2020-11-02,02328.HK,3.7863569077913,3.8438348115149,3.764802693895,3.8007263837222,33686726,127791997.99019669
2020-11-03,02331.HK,34.930626180562,35.316363156789,34.41631021226,34.673468196411,9344682,325214063.9254004
2020-11-03,02328.HK,3.829465335584,3.9300516671003,3.829465335584,3.894127977273,51389721,198456652.73259348
2020-11-03,02333.HK,11.151316470961,12.016791779155,11.118028959107,11.78377919618,80724433,925711296.7653569
2020-11-04,02328.HK,3.8582042874458,4.0162685226856,3.8510195494803,3.9516058809966,51221205,200013943.82443637
2020-11-04,02331.HK,34.759187524461,36.173556437294,34.330590884209,35.787819461067,4995179,176197463.9034814
2020-11-04,02333.HK,11.78377919618,12.349666897691,11.500835345424,11.584054125058,73671032,860766198.1897955
2020-11-05,02331.HK,36.687872405597,37.330767365975,36.173556437294,37.030749717799,7113133,262185181.87022904
2020-11-05,02333.HK,11.966860511375,12.299735629911,11.400972809863,11.683916660619,67418081,797245005.5472213
2020-11-05,02328.HK,4.0234532606511,4.102485378271,3.9803448328584,4.0881159023401,64831049,262940768.9363857
2020-11-06,02331.HK,38.530837958682,38.830855606858,37.545065686101,38.616557286732,10024089,386666178.0291034
2020-11-06,02328.HK,4.0881159023401,4.1671480199601,4.0665616884438,4.1527785440292,54776528,225703792.69329622
2020-11-06,02333.HK,12.033435535082,12.116654314716,10.851728864279,11.36768529801,83512469,977142689.069425
2020-11-09,02333.HK,11.550766613204,11.717204172473,11.151316470961,11.36768529801,64769500,742208335.5316876
2020-11-09,02331.HK,39.216592583085,39.859487543464,38.145100982454,38.959434598934,9536641,372768353.02057844
2020-11-09,02328.HK,4.2102564477528,4.2102564477528,4.0737464264092,4.1384090680983,49512717,206682556.50699726
2020-11-10,02328.HK,4.2030717097873,4.3180275172345,4.1958869718219,4.2318106616491,77173285,325473790.5961686
2020-11-10,02331.HK,40.288084183716,40.716680823968,37.587925350127,38.573697622707,11119148,438437911.7246624
2020-11-10,02333.HK,11.36768529801,11.434260321717,10.319128674621,11.234535250595,71766412,811040136.0030262
2020-11-11,02333.HK,10.751866328718,11.234535250595,9.8031722408897,9.9862535560846,114839855,1190781340.2716737
2020-11-11,02328.HK,4.2749190894418,4.3826901589235,4.24618013758,4.3395817311308,60115302,258931659.2039849
2020-11-11,02331.HK,38.402258966606,38.959434598934,34.030573236032,34.41631021226,20898347,760893863.3717234
2020-11-12,02331.HK,34.716327860436,36.816451397672,34.716327860436,36.38785475742,11910246,423434153.30379444
2020-11-12,02328.HK,4.3467664690963,4.3611359450272,4.2246259236836,4.24618013758,35195344,151215855.89780253
2020-11-12,02333.HK,10.235909894987,10.885016376132,10.152691115353,10.785153840571,62668318,658677353.4391084
2020-11-13,02333.HK,11.151316470961,11.201247738742,10.818441352425,11.118028959107,45224258,503557311.6102581
2020-11-13,02328.HK,4.2102564477528,4.2174411857182,4.0809311643747,4.1527785440292,39998004,167252353.52671823
2020-11-13,02331.HK,36.645012741571,36.987890053773,35.702100133016,36.344995093395,7270819,265348567.88830987
2020-11-16,02331.HK,37.030749717799,38.059381654404,36.473574085471,38.059381654404,13041995,489662558.95280725
2020-11-16,02328.HK,4.1958869718219,4.2318106616491,4.1312243301328,4.2102564477528,100057868,420550394.332437
2020-11-16,02333.HK,11.36768529801,11.36768529801,10.718578816864,10.885016376132,35614071,396254648.68235606
2020-11-17,02328.HK,4.24618013758,4.3539512070617,4.2246259236836,4.310842779269,84005804,359419794.9881627
2020-11-17,02333.HK,11.084741447254,11.317754030229,10.835085108352,10.984878911693,36534646,403152883.58426076
2020-11-17,02331.HK,38.059381654404,38.530837958682,37.159328709874,37.930802662328,7944375,301847260.26561886
2020-11-18,02331.HK,37.930802662328,39.859487543464,37.930802662328,39.388031239186,6981656,269906750.3107543
2020-11-18,02328.HK,4.3467664690963,4.5694933460252,4.2964733033381,4.5335696561979,111039696,493034911.8652429
2020-11-18,02333.HK,11.101385203181,11.617341636912,10.751866328718,11.334397786156,50787285,569726252.4388051
2020-11-19,02331.HK,39.602329559312,40.888119480069,39.002294262959,40.416663175792,10230551,409319193.07255554
2020-11-19,02328.HK,4.5335696561979,4.6197865117833,4.5335696561979,4.5838628219561,80105859,365179880.2685125
2020-11-19,02333.HK,11.46754783357,11.733847928399,11.101385203181,11.550766613204,38482853,442905205.58149004
2020-11-20,02328.HK,4.5694933460252,4.6054170358524,4.4976459663707,4.598232297887,61803018,283296556.4948836
2020-11-20,02331.HK,40.245224519691,40.716680823968,38.659416950757,39.216592583085,15927270,632804907.8432655
2020-11-20,02333.HK,11.617341636912,12.898910843276,11.584054125058,12.649254504374,87218854,1058252352.9618936
2020-11-23,02328.HK,4.6054170358524,4.662894939576,4.6054170358524,4.6269712497488,47059337,217235035.82347956
2020-11-23,02333.HK,12.815692063642,13.548017324421,12.56603572474,13.464798544787,71579556,940572924.6067588
2020-11-23,02331.HK,39.430890903211,39.516610231262,38.102241318429,38.787995942833,7960614,311335182.84551686
2020-11-24,02328.HK,4.6485254636451,4.6485254636451,4.5551238700943,4.5694933460252,46274544,213279808.500458
2020-11-24,02331.HK,39.045153926984,39.08801359101,37.37362703,38.18796064648,9113732,351940953.87392265
2020-11-24,02333.HK,13.614592348129,13.81431741925,12.98212962291,13.414867277007,78521880,1061201992.5748869
2020-11-25,02328.HK,4.598232297887,4.6916338914378,4.5048307043361,4.5910475599215,44705908,205407549.95471996
2020-11-25,02333.HK,13.631236104055,14.296986341128,13.265073473666,13.564661080348,53184664,723202326.9655099
2020-11-25,02331.HK,38.18796064648,38.445118630631,35.48780181289,36.216416101319,14318883,532693782.6698272
2020-11-26,02328.HK,4.5910475599215,4.7419270571959,4.5838628219561,4.727557581265,54999689,256260192.33952925
2020-11-26,02333.HK,13.731098639616,13.781029907397,12.98212962291,13.281717229592,46145782,623263756.1533064
2020-11-26,02331.HK,36.559293413521,37.545065686101,36.259275765344,36.859311061698,10547573,387194045.13024956
2020-11-27,02333.HK,13.265073473666,13.714454883689,13.148567182178,13.381579765153,34137156,454820479.2457347
2020-11-27,02328.HK,4.7203728432996,4.7706660090577,4.6844491534723,4.727557581265,43613962,206030839.25780216
2020-11-27,02331.HK,36.859311061698,37.116469045849,36.216416101319,36.816451397672,7199920,265229797.8232336
2020-11-30,02331.HK,36.859311061698,36.902170725723,35.659240468991,36.002117781193,14939704,544264089.9649271
2020-11-30,02333.HK,13.481442300714,13.631236104055,13.065348402544,13.065348402544,55594741,737930976.7644182
2020-11-30,02328.HK,4.7419270571959,4.871252340574,4.5694933460252,4.598232297887,121887811,569225789.0911132
2020-12-01,02328.HK,4.5910475599215,4.6844491534723,4.5263849182325,4.6485254636451,69937423,323095963.4442831
2020-12-01,02331.HK,36.002117781193,37.545065686101,35.744959797042,37.245048037925,6877072,251863016.56700677
2020-12-01,02333.HK,13.148567182178,13.165210938105,12.699185772154,13.115279670324,38520589,505849425.08208656
2020-12-02,02331.HK,37.37362703,37.459346358051,35.787819461067,36.044977445218,9150687,335915334.7647596
2020-12-02,02328.HK,4.6700796775414,4.727557581265,4.6197865117833,4.6557102016106,49627457,231407618.10932556
2020-12-02,02333.HK,12.882267087349,12.998773378837,12.333023141764,12.599323236593,53269300,678693239.7215818
2020-12-03,02328.HK,4.6557102016106,4.6557102016106,4.4689070145089,4.5263849182325,82043806,376667015.34297705
2020-12-03,02331.HK,36.173556437294,36.816451397672,35.659240468991,36.645012741571,8804169,320553494.6944594
2020-12-03,02333.HK,12.599323236593,12.599323236593,11.650629148765,11.933572999521,81988702,1005710159.3498361
2020-12-04,02333.HK,12.116654314716,12.549391968813,11.83371046396,11.916929243594,46102612,554005488.8791727
2020-12-04,02331.HK,37.073609381824,37.245048037925,36.473574085471,37.116469045849,4409855,163583744.15233296
2020-12-04,02328.HK,4.5623086080597,4.6269712497488,4.5120154423016,4.6269712497488,149941814,688928645.6167344
2020-12-07,02331.HK,37.202188373899,37.330767365975,36.044977445218,36.38785475742,7024153,258453861.11549184
2020-12-07,02328.HK,4.6485254636451,4.6485254636451,4.5263849182325,4.5766780839906,59070945,272470745.6880967
2020-12-07,02333.HK,11.750491684326,11.866997975814,11.484191589497,11.667272904692,40130245,469880315.1548083
2020-12-08,02328.HK,4.5838628219561,4.598232297887,4.5335696561979,4.5551238700943,36146439,165170912.49300578
2020-12-08,02331.HK,36.516433749496,37.887942998303,36.30213542937,37.416486694026,5341154,197443556.87929964
2020-12-08,02333.HK,11.866997975814,13.281717229592,11.866997975814,13.03206089069,71742358,893158597.5319021
2020-12-09,02331.HK,37.930802662328,38.316539638555,36.945030389748,36.987890053773,9371249,351040862.09853435
2020-12-09,02333.HK,13.03206089069,13.131923426251,12.516104456959,12.732473284008,50426292,649604961.7686502
2020-12-09,02328.HK,4.5623086080597,4.5766780839906,4.4401680626471,4.4473528006125,40869679,184110984.83556035
2020-12-10,02331.HK,36.987890053773,38.916574934909,36.559293413521,38.530837958682,7357734,277823356.3669963
2020-12-10,02328.HK,4.3252122551999,4.3970596348544,4.2964733033381,4.3252122551999,46451450,200912380.8118054
2020-12-10,02333.HK,12.61596699252,12.799048307715,12.19987309435,12.549391968813,55924095,703674962.631344
2020-12-11,02328.HK,4.3252122551999,4.389874896889,4.2821038274072,4.3180275172345,27889466,120527670.88157848
2020-12-11,02331.HK,40.15950519164,40.15950519164,38.230820310505,38.702276614782,5266318,207655610.51961637
2020-12-11,02333.HK,12.799048307715,13.115279670324,12.466173189179,12.532748212886,33367645,422631196.7558247
2020-12-14,02328.HK,4.310842779269,4.310842779269,4.1384090680983,4.2102564477528,80087989,341218850.5808152
2020-12-14,02331.HK,39.045153926984,39.645189223338,38.445118630631,39.345171575161,7354236,288250476.92979646
2020-12-14,02333.HK,12.482816945106,13.714454883689,12.283091873984,13.548017324421,43678120,568488951.4622563
2020-12-15,02328.HK,4.2318106616491,4.2821038274072,4.1743327579255,4.2030717097873,31202270,131593738.58589941
2020-12-15,02333.HK,13.481442300714,14.280342585201,13.39822352108,13.781029907397,59045651,804865209.6986607
2020-12-15,02331.HK,40.116645527615,42.088190072776,39.602329559312,41.359575784347,11847009,482624763.58440286
2020-12-16,02328.HK,4.2318106616491,4.2677343514763,4.2102564477528,4.2605496135109,28287214,120112606.2342749
2020-12-16,02333.HK,14.097261270006,14.480067656323,13.697811127763,14.330273852981,47242055,671487588.8972918
2020-12-16,02331.HK,41.359575784347,42.002470744725,40.116645527615,40.888119480069,11774078,484195389.6817323
2020-12-17,02333.HK,14.513355168176,14.696436483371,13.997398734445,14.346917608908,46759741,674749440.1228993
2020-12-17,02328.HK,4.2821038274072,4.2821038274072,4.1887022338564,4.2605496135109,25543923,109106440.8552485
2020-12-17,02331.HK,41.145277464221,41.316716120321,39.688048887363,40.116645527615,11127913,452137804.6329254
2020-12-18,02328.HK,4.2605496135109,4.2964733033381,4.2174411857182,4.2318106616491,46741620,198473338.44231206
2020-12-18,02333.HK,14.23041131742,15.728349350833,14.23041131742,15.345542964517,81800607,1209665506.433348
2020-12-18,02331.HK,40.545242167867,40.545242167867,39.25945224711,39.688048887363,13187817,529050979.8720552
2020-12-21,02328.HK,4.2605496135109,4.2749190894418,4.1671480199601,4.1671480199601,18988443,80014428.06719948
2020-12-21,02331.HK,40.245224519691,42.388207720952,39.473750567237,41.488154776422,8900237,363723223.27314943
2020-12-21,02333.HK,15.661774327126,17.018240435161,15.661774327126,16.5771809031,83045864,1338655945.7757185
2020-12-22,02331.HK,41.230996792271,42.431067384977,40.416663175792,40.588101831893,8276746,338597948.63057745
2020-12-22,02328.HK,4.1455938060637,4.1743327579255,4.0809311643747,4.1168548542019,26687804,110253305.20261548
2020-12-22,02333.HK,16.5771809031,17.434334333331,16.094511981223,16.685365316625,58426188,971701889.396171
2020-12-23,02333.HK,16.810193486076,18.807444197293,16.47731836754,18.765834807476,84928375,1510707135.9626973
2020-12-23,02331.HK,40.845259816044,42.688225369129,40.588101831893,42.431067384977,9600449,399745066.10035735
2020-12-23,02328.HK,4.1312243301328,4.1312243301328,4.0593769504783,4.0809311643747,22068569,90615260.08463393
2020-12-24,02333.HK,18.765834807476,18.765834807476,17.72560006205,18.474569078756,33713749,627756814.6395252
2020-12-24,02331.HK,42.559646377053,43.416839657558,41.573874104473,42.85966402523,5478709,233993772.33739075
2020-12-24,02328.HK,4.0737464264092,4.1887022338564,4.0665616884438,4.1455938060637,14929033,61353400.7844078
2020-12-28,02333.HK,18.474569078756,20.138944671437,18.266522129671,20.09733528162,63461838,1223921972.9348378
2020-12-28,02328.HK,4.1527785440292,4.2102564477528,4.1455938060637,4.1671480199601,22091999,91901904.66586253
2020-12-28,02331.HK,43.073962345356,44.616910250264,42.85966402523,44.231173274037,6628303,289342446.17071474
2020-12-29,02333.HK,20.222163451071,20.388601010339,18.807444197293,19.556413213999,83811060,1666942337.795391
2020-12-29,02328.HK,4.1958869718219,4.1958869718219,4.0593769504783,4.0881159023401,34773789,144033084.01075146
2020-12-29,02331.HK,44.574050586239,44.74548924234,42.731085033154,43.373979993533,5450782,239692771.00983536
2020-12-30,02328.HK,4.1168548542019,4.1958869718219,4.0809311643747,4.1312243301328,51506534,212414985.47131371
2020-12-30,02333.HK,19.556413213999,21.512054535399,19.514803824182,21.387226365948,71658090,1466971504.9737022
2020-12-30,02331.HK,43.331120329507,45.002647226491,43.331120329507,44.531190922214,5216406,229162743.79367244
2020-12-31,02331.HK,44.83120857039,45.688401850895,44.145453945987,45.688401850895,4812344,217805752.04660416
2020-12-31,02328.HK,4.1455938060637,4.24618013758,4.1455938060637,4.2174411857182,26834808,112210219.15087444
2020-12-31,02333.HK,21.886539043752,22.677117450275,21.470445145582,22.136195382654,54172785,1192417063.5968955
2021-01-04,02333.HK,22.177804772471,22.427461111373,21.095960637229,22.385851721556,94828421,2112950589.657488
2021-01-04,02328.HK,4.2389953996145,4.2533648755454,4.1168548542019,4.2246259236836,27754922,117453574.83283776
2021-01-04,02331.HK,45.431243866744,46.288437147248,43.75971696976,45.688401850895,9803125,446628638.46286494
2021-01-05,02331.HK,46.031279163097,46.931332107627,44.959787562466,46.116998491147,6355983,292846443.1248274
2021-01-05,02328.HK,4.2174411857182,4.2174411857182,4.1312243301328,4.2102564477528,33642527,141764522.5909421
2021-01-05,02333.HK,22.385851721556,22.385851721556,20.346991620522,20.929523077961,121076155,2622229516.554707
2021-01-06,02331.HK,45.516963194794,47.317069083854,45.516963194794,46.759893451526,8790576,405583360.6952905
2021-01-06,02333.HK,20.51342917979,21.928148433569,20.51342917979,21.387226365948,87350417,1830019867.2467883
2021-01-06,02328.HK,4.2389953996145,4.3180275172345,4.181517495891,4.310842779269,34177663,146106743.99120697
2021-01-07,02333.HK,21.137570027046,23.426086466982,20.721476128875,23.426086466982,75308069,1678001459.0722792
2021-01-07,02331.HK,46.288437147248,46.288437147248,44.574050586239,45.088366554542,6437363,294112827.604083
2021-01-07,02328.HK,4.3180275172345,4.4042443728199,4.310842779269,4.3395817311308,36146502,156471145.00562742
2021-01-08,02333.HK,23.550914636433,24.799196330943,22.88516439936,24.591149381858,75789535,1824332322.943253
2021-01-08,02331.HK,45.64554218687,46.931332107627,45.174085882592,46.588454795425,9272505,427620099.09415764
2021-01-08,02328.HK,4.3395817311308,4.4257985867162,4.2821038274072,4.4042443728199,37002803,161773037.39537263
2021-01-11,02331.HK,46.417016139324,46.588454795425,42.259628728877,43.459699321583,16089400,723031212.8683586
2021-01-11,02328.HK,4.4401680626471,4.4401680626471,4.2318106616491,4.2605496135109,45930449,199813934.74408677
2021-01-11,02333.HK,25.54816534765,26.463571923624,24.507930602224,25.464946568016,96571946,2463217744.605827
2021-01-12,02331.HK,43.888295961835,44.145453945987,41.873891752649,43.631137977684,16251112,711144061.5638622
2021-01-12,02333.HK,25.340118398565,25.54816534765,23.134820738263,25.256899618931,70680749,1788117565.321556
2021-01-12,02328.HK,4.2533648755454,4.4832764904398,4.2533648755454,4.4832764904398,39864745,174141990.10572582
2021-01-13,02328.HK,4.519200180267,4.5694933460252,4.4114291107853,4.4689070145089,33009003,148344228.67833963
2021-01-13,02333.HK,25.256899618931,25.423337178199,23.301258297531,23.800570975335,83771258,2054803012.9898353
2021-01-13,02331.HK,43.75971696976,44.059734617936,42.002470744725,42.216769064851,11825349,508350976.5764506
2021-01-14,02331.HK,42.345348056927,43.502558985608,41.659593432523,42.131049736801,13716807,579373222.2958965
2021-01-14,02328.HK,4.4760917524743,4.4832764904398,4.3539512070617,4.4114291107853,33013276,146703089.6072737
2021-01-14,02333.HK,23.883789754969,24.175055483688,21.886539043752,22.302632941922,89853145,2074997667.807519
2021-01-15,02331.HK,42.345348056927,43.545418649633,41.230996792271,43.545418649633,12708644,545777588.4803617
2021-01-15,02328.HK,4.4114291107853,4.519200180267,4.3970596348544,4.4617222765434,33794437,149931577.77527118
2021-01-15,02333.HK,22.05297660302,22.261023552105,20.222163451071,21.470445145582,124738280,2714518384.317603
2021-01-18,02333.HK,21.137570027046,23.426086466982,20.929523077961,23.17643012808,74766280,1656596471.7590969
2021-01-18,02331.HK,43.974015289886,45.945559835046,43.802576633785,45.64554218687,10880125,487535993.89589494
2021-01-18,02328.HK,4.4617222765434,4.4617222765434,4.3826901589235,4.454537538578,13567389,60485182.668410055
2021-01-19,02331.HK,45.774121178945,47.059911099702,44.702629578315,46.888472443601,13633172,631642538.4111364
2021-01-19,02328.HK,4.4689070145089,4.6126017738179,4.4689070145089,4.5694933460252,46292121,209203361.56814408
2021-01-19,02333.HK,23.59252402625,23.800570975335,22.136195382654,22.635508060458,48064875,1110972291.8718045
2021-01-20,02331.HK,47.574227068005,49.374332957065,46.502735467374,47.145630427753,17127227,811144250.3687494
2021-01-20,02328.HK,4.5838628219561,4.6126017738179,4.519200180267,4.5766780839906,39094319,179062554.19481465
2021-01-20,02333.HK,23.301258297531,24.050227314237,22.801945619726,23.384477077165,52152288,1217383958.3764668
2021-01-21,02328.HK,4.5766780839906,4.598232297887,4.4976459663707,4.5263849182325,30391351,138327191.437838
2021-01-21,02331.HK,46.845612779576,46.845612779576,44.145453945987,44.659769914289,15726642,719536197.3497052
2021-01-21,02333.HK,23.59252402625,23.59252402625,21.928148433569,22.136195382654,67937384,1553344785.155482
2021-01-22,02331.HK,44.659769914289,45.002647226491,42.94538335328,43.288260665482,20532126,902880022.6578556
2021-01-22,02328.HK,4.519200180267,4.5263849182325,4.310842779269,4.3252122551999,50098441,221545637.2889524
2021-01-22,02333.HK,22.219414162288,22.385851721556,20.430210400156,21.761710874301,93246428,2050541404.5416467
2021-01-25,02328.HK,4.310842779269,4.3252122551999,4.2389953996145,4.2964733033381,33830791,145596155.73080975
2021-01-25,02333.HK,22.05297660302,23.883789754969,21.969757823386,23.550914636433,67068005,1529281002.833545
2021-01-25,02331.HK,43.588278313659,44.83120857039,43.116822009381,43.931155625861,14428134,631371060.2417713
2021-01-26,02331.HK,44.316892602088,44.445471594163,42.473927049003,43.202541337432,10163031,444731360.11489695
2021-01-26,02333.HK,24.383102432773,24.965633890211,23.17643012808,23.342867687348,70432616,1680732463.3489783
2021-01-26,02328.HK,4.2964733033381,4.2964733033381,4.1312243301328,4.181517495891,39229166,166292254.20471552
2021-01-27,02333.HK,23.509305246616,23.634133416067,21.22078880668,21.886539043752,53966113,1224918631.3522022
2021-01-27,02328.HK,4.1671480199601,4.2174411857182,4.1527785440292,4.181517495891,29408108,122759228.57301241
2021-01-27,02331.HK,42.85966402523,42.85966402523,39.945206871514,41.873891752649,21256942,900588140.3120694
2021-01-28,02328.HK,4.1527785440292,4.1527785440292,4.0809311643747,4.0881159023401,37036186,152605649.7610502
2021-01-28,02333.HK,21.095960637229,22.385851721556,20.887913688144,21.095960637229,47565819,1003446645.3015592
2021-01-28,02331.HK,41.016698472145,41.916751416675,38.830855606858,40.716680823968,19047372,778403040.1350813
2021-01-29,02328.HK,4.1240395921674,4.1384090680983,4.0450074745474,4.0665616884438,50542679,206987465.67146042
2021-01-29,02333.HK,21.63688270485,22.635508060458,20.055725891803,20.222163451071,66042380,1382235516.333437
2021-01-29,02331.HK,40.588101831893,43.031102681331,40.588101831893,41.616733768498,15494037,636842382.1856877
2021-02-01,02333.HK,20.222163451071,20.555038569607,19.806069552901,20.430210400156,47798678,971564863.8252096
2021-02-01,02328.HK,4.0593769504783,4.1384090680983,4.0306379986165,4.102485378271,21311239,86969699.38653646
2021-02-01,02331.HK,41.531014440448,43.116822009381,40.759540487994,42.645365705104,11063737,465652665.77120453
2021-02-02,02331.HK,43.974015289886,44.74548924234,42.816804361205,42.902523689255,16967433,737035927.2002317
2021-02-02,02328.HK,4.1455938060637,4.2102564477528,4.1240395921674,4.1671480199601,25532712,106123421.48710988
2021-02-02,02333.HK,21.137570027046,22.302632941922,20.596647959424,21.928148433569,54399946,1171386379.3543296
2021-02-03,02331.HK,43.75971696976,44.316892602088,42.902523689255,43.502558985608,5908949,257814169.12209788
2021-02-03,02328.HK,4.1671480199601,4.1958869718219,4.1240395921674,4.1384090680983,28455891,118171013.59603362
2021-02-03,02333.HK,22.177804772471,22.261023552105,20.846304298327,21.095960637229,43378159,938568138.2353333
2021-02-04,02333.HK,20.929523077961,21.012741857595,19.972507112169,20.138944671437,56631656,1162887669.0155008
2021-02-04,02331.HK,43.631137977684,43.631137977684,39.988066535539,41.102417800195,28843211,1221993914.0408165
2021-02-04,02328.HK,4.1455938060637,4.1887022338564,4.0809311643747,4.1240395921674,23792236,98376534.72209816
2021-02-05,02333.HK,20.055725891803,20.763085518692,19.26514748528,19.348366264914,59324643,1168816849.968168
2021-02-05,02328.HK,4.1384090680983,4.1743327579255,4.1096701162365,4.1384090680983,17788071,73614314.33037639
2021-02-05,02331.HK,39.859487543464,44.488331258188,39.816627879438,43.631137977684,20721497,865025373.1322957
2021-02-08,02328.HK,4.1671480199601,4.1887022338564,4.1168548542019,4.1527785440292,29342974,122065694.42452368
2021-02-08,02333.HK,20.430210400156,21.803320264118,20.138944671437,21.22078880668,69539332,1448191330.9879527
2021-02-08,02331.HK,44.574050586239,44.874068234416,43.288260665482,44.402611930138,8421430,374655367.5076463
2021-02-09,02333.HK,21.095960637229,22.05297660302,20.721476128875,21.63688270485,34361443,734181080.3633884
2021-02-09,02328.HK,4.1671480199601,4.181517495891,4.1312243301328,4.1527785440292,15409996,64105017.53568443
2021-02-09,02331.HK,45.002647226491,45.774121178945,44.402611930138,45.259805210643,6224125,280902393.38763833
2021-02-10,02328.HK,4.1455938060637,4.2318106616491,4.1455938060637,4.1671480199601,15791858,65636819.25361428
2021-02-10,02331.HK,45.259805210643,45.602682522844,44.402611930138,45.474103530769,4152842,188401793.52275142
2021-02-10,02333.HK,22.05297660302,23.093211348446,21.844929653935,22.968383178994,41960270,944554206.1102244
2021-02-11,02328.HK,4.181517495891,4.2749190894418,4.1455938060637,4.2318106616491,19312123,81239614.1088889
2021-02-11,02331.HK,45.774121178945,45.774121178945,44.574050586239,45.774121178945,2435972,111504477.51651701
2021-02-11,02333.HK,22.718726840092,22.801945619726,22.011367213203,22.760336229909,15051935,342273950.5952778
2021-02-16,02331.HK,46.7170337875,47.488507739955,45.131226218567,45.559822858819,6578880,303539183.3266676
2021-02-16,02333.HK,23.342867687348,24.299883653139,23.093211348446,23.675742805884,36144984,849743461.9900514
2021-02-16,02328.HK,4.2677343514763,4.2749190894418,4.2030717097873,4.24618013758,29484344,125513591.7909601
2021-02-17,02333.HK,23.925399144786,23.925399144786,23.17643012808,23.550914636433,30339933,720214089.6045805
2021-02-17,02328.HK,4.2389953996145,4.4042443728199,4.2174411857182,4.3539512070617,53635791,230444744.13492194
2021-02-17,02331.HK,45.002647226491,45.859840506996,44.231173274037,45.516963194794,6107043,276403576.5930178
2021-02-18,02331.HK,46.759893451526,46.759893451526,43.75971696976,44.531190922214,12601941,575222429.5519468
2021-02-18,02333.HK,23.550914636433,24.091836704054,22.011367213203,22.177804772471,62565991,1430531323.4895065
2021-02-18,02328.HK,4.3755054209581,4.3826901589235,4.2749190894418,4.3395817311308,49922525,217539578.11366847
2021-02-19,02333.HK,21.720101484484,22.801945619726,20.929523077961,22.593898670641,47149753,1044697080.8780527
2021-02-19,02328.HK,4.3395817311308,4.3539512070617,4.2749190894418,4.3180275172345,46923553,203122893.20947966
2021-02-19,02331.HK,44.059734617936,44.74548924234,43.031102681331,44.574050586239,6851712,303646584.84443414
2021-02-22,02328.HK,4.3467664690963,4.389874896889,4.2533648755454,4.2677343514763,52540460,226304917.89163098
2021-02-22,02331.HK,45.431243866744,45.431243866744,41.145277464221,41.531014440448,13508107,587347745.0875943
2021-02-22,02333.HK,23.218039517897,23.467695856799,20.555038569607,20.679866739058,87877890,1928827688.6395016
2021-02-23,02333.HK,20.305382230705,20.430210400156,19.389975654731,19.598022603816,74165453,1479727047.89732
2021-02-23,02331.HK,41.145277464221,41.531014440448,40.116645527615,40.630961495918,17149252,701200664.7698209
2021-02-23,02328.HK,4.2677343514763,4.3539512070617,4.2605496135109,4.2749190894418,49830260,212841321.02542183
2021-02-24,02328.HK,4.3036580413036,4.4186138487508,4.2246259236836,4.2605496135109,85598274,366540696.7148545
2021-02-24,02331.HK,41.145277464221,41.145277464221,39.002294262959,39.859487543464,19791535,801604320.9081864
2021-02-24,02333.HK,19.722850773267,20.222163451071,17.72560006205,18.516178468573,106168423,2029888715.8285193
2021-02-25,02328.HK,4.2892885653727,4.3611359450272,4.2389953996145,4.3036580413036,66860254,287263296.36540776
2021-02-25,02333.HK,19.26514748528,19.639631993633,18.391350299122,19.015491146378,63923288,1223512144.0377002
2021-02-25,02331.HK,40.630961495918,40.97383880812,39.045153926984,40.545242167867,11726778,475967659.6239967
2021-02-26,02333.HK,17.864240116639,19.469065469907,17.399685409114,19.04674300852,78345140,1445898070.2391098
2021-02-26,02331.HK,39.25945224711,39.302311911136,37.245048037925,37.37362703,17865701,684551840.5370717
2021-02-26,02328.HK,4.2605496135109,4.2821038274072,4.2030717097873,4.2174411857182,71575546,303408410.2188996
2021-03-01,02331.HK,38.402258966606,40.545242167867,38.102241318429,40.288084183716,16739231,658607915.7312539
2021-03-01,02333.HK,19.595762208322,19.849155685154,18.413259316441,19.426833223768,44647168,871124187.0262774
2021-03-01,02328.HK,4.2677343514763,4.2749190894418,4.2030717097873,4.2677343514763,38927515,166132292.98310897
2021-03-02,02333.HK,19.97585242357,20.144781408125,18.793349531688,18.793349531688,31556198,611704306.6010543
2021-03-02,02331.HK,42.173909400826,42.173909400826,39.002294262959,39.430890903211,12386923,505416188.89824146
2021-03-02,02328.HK,4.2964733033381,4.3539512070617,4.2749190894418,4.310842779269,83739717,360387106.44353354
2021-03-03,02331.HK,39.045153926984,39.816627879438,37.887942998303,39.516610231262,9600910,377132213.56227285
2021-03-03,02333.HK,19.004510762382,19.553529962184,18.539956054857,19.426833223768,30324595,582707470.8428421
2021-03-03,02328.HK,4.3467664690963,4.4186138487508,4.3395817311308,4.3683206829926,53535247,233282171.65680292
2021-03-04,02331.HK,38.27367997453,38.659416950757,36.859311061698,37.459346358051,12088327,457742793.50392497
2021-03-04,02333.HK,18.877814023966,19.04674300852,17.568614393668,17.695311132084,58628535,1072114374.1354289
2021-03-04,02328.HK,4.3180275172345,4.4114291107853,4.3180275172345,4.3683206829926,48831246,212082602.9034734
2021-03-05,02331.HK,34.58774886836,38.959434598934,34.58774886836,37.887942998303,25318939,917503810.6774184
2021-03-05,02328.HK,4.310842779269,4.4186138487508,4.2964733033381,4.4114291107853,72403840,315762989.18199456
2021-03-05,02333.HK,16.656397877074,19.469065469907,16.639504978619,18.582188300995,89511864,1577135766.761796
2021-03-08,02331.HK,38.573697622707,39.08801359101,34.58774886836,35.144924500688,25998888,958301100.0502343
2021-03-08,02328.HK,4.519200180267,4.6988186294032,4.4689070145089,4.6269712497488,131873618,603069358.6622087
2021-03-08,02333.HK,18.666652793273,18.835581777827,16.555040486341,16.673290775529,72273750,1277075123.2528517
2021-03-09,02333.HK,16.977362947728,18.413259316441,15.761074258935,17.484149901391,93314231,1607874785.3060794
2021-03-09,02331.HK,36.002117781193,38.359399302581,33.901994243957,35.959258117168,20847247,750098288.9064894
2021-03-09,02328.HK,4.6916338914378,4.7850354849886,4.6341559877142,4.6988186294032,112438675,527925019.54688597
2021-03-10,02331.HK,38.102241318429,38.530837958682,36.087837109243,36.773591733647,17667372,661429598.170461
2021-03-10,02328.HK,4.6700796775414,4.6988186294032,4.5623086080597,4.6054170358524,64172044,297613791.60688114
2021-03-10,02333.HK,18.582188300995,19.088975254659,17.948704608916,18.11763359347,34256269,628599485.5344414
2021-03-11,02331.HK,37.587925350127,39.816627879438,36.902170725723,39.645189223338,19068100,736344375.999144
2021-03-11,02328.HK,4.6054170358524,4.6557102016106,4.5048307043361,4.5335696561979,41886910,191401956.53055432
2021-03-11,02333.HK,18.244330331886,19.257904239213,17.990936855055,19.004510762382,27945562,520469899.1140072
2021-03-12,02333.HK,19.384600977629,19.511297716045,18.413259316441,18.455491562579,24618648,465785959.26740324
2021-03-12,02328.HK,4.519200180267,4.598232297887,4.4832764904398,4.519200180267,32897835,148671901.86239403
2021-03-12,02331.HK,40.502382503842,40.630961495918,38.059381654404,38.145100982454,8943960,351709973.201046
2021-03-15,02331.HK,37.887942998303,38.745136278808,37.030749717799,37.37362703,9146753,344199495.7205453
2021-03-15,02328.HK,4.5551238700943,4.6700796775414,4.519200180267,4.6126017738179,32876524,150701476.07874742
2021-03-15,02333.HK,18.286562578025,18.624420547134,17.695311132084,17.990936855055,31481545,571035865.4449912
2021-03-16,02328.HK,4.662894939576,4.6844491534723,4.6054170358524,4.662894939576,35777132,166825007.75534257
2021-03-16,02331.HK,37.545065686101,39.002294262959,37.37362703,38.916574934909,5058001,193371527.3613546
2021-03-16,02333.HK,18.075401347332,19.215671993075,17.948704608916,18.708885039411,21099420,388063553.9370865
2021-03-17,02331.HK,39.25945224711,41.145277464221,38.316539638555,40.759540487994,12309904,492513059.3729139
2021-03-17,02333.HK,18.708885039411,18.962278516243,18.202098085748,18.835581777827,16660086,312747022.99966574
2021-03-17,02328.HK,4.6988186294032,4.7634812710923,4.6700796775414,4.727557581265,41316220,194731116.66136682
2021-03-18,02333.HK,19.131207500798,19.637994454461,18.835581777827,19.088975254659,28875257,551808799.8253945
2021-03-18,02328.HK,4.7706660090577,4.7994049609195,4.6916338914378,4.7203728432996,24570865,116601517.17551306
2021-03-18,02331.HK,41.145277464221,41.916751416675,40.459522839817,41.659593432523,10915652,451934577.30689275
2021-03-19,02328.HK,4.727557581265,4.727557581265,4.6341559877142,4.7131881053341,47535167,224383711.40850896
2021-03-19,02333.HK,18.75111728555,18.793349531688,17.8220078705,17.990936855055,37989650,697908888.5413173
2021-03-19,02331.HK,40.588101831893,41.445295112397,39.302311911136,40.673821159943,18553231,753835614.3858722
2021-03-22,02333.HK,18.033169101193,18.835581777827,17.990936855055,18.371027070302,22223444,404513307.49111676
2021-03-22,02328.HK,4.7131881053341,4.7203728432996,4.6197865117833,4.6557102016106,27203216,127432082.1629255
2021-03-22,02331.HK,41.05955813617,41.573874104473,40.416663175792,41.188137128246,10296418,423428324.9895238
2021-03-23,02333.HK,18.413259316441,18.835581777827,17.484149901391,17.484149901391,30064821,539624591.2489345
2021-03-23,02328.HK,4.6557102016106,4.6772644155069,4.5623086080597,4.598232297887,29166744,134953685.9367833
2021-03-23,02331.HK,41.831032088624,41.831032088624,39.473750567237,39.859487543464,6981529,285162365.91824585
2021-03-24,02331.HK,40.630961495918,40.630961495918,38.230820310505,38.702276614782,7937511,314854225.0846502
2021-03-24,02328.HK,4.5623086080597,4.6341559877142,4.3970596348544,4.454537538578,57689939,260090652.085957
2021-03-24,02333.HK,17.315220916837,17.864240116639,15.845538751212,15.997574837311,63403999,1056082234.341602
2021-03-25,02333.HK,15.642823969747,16.774648166262,15.068465422262,16.757755267807,55405305,897581987.4166734
2021-03-25,02328.HK,4.454537538578,4.8496981266777,4.4257985867162,4.7994049609195,101484862,469567538.7587195
2021-03-25,02331.HK,40.202364855666,43.373979993533,39.25945224711,42.85966402523,44864624,1863273347.20927
2021-03-26,02333.HK,16.935130701589,19.342368731491,16.774648166262,18.497723808718,98274582,1741074483.0336173
2021-03-26,02328.HK,4.8209591748159,4.871252340574,4.7419270571959,4.7491117951614,47951222,229448298.8185684
2021-03-26,02331.HK,44.274032938062,46.7170337875,43.802576633785,44.102594281961,34381150,1519245038.4728467
2021-03-29,02328.HK,4.6772644155069,4.8928065544703,4.6700796775414,4.871252340574,47191131,225302652.5459544
2021-03-29,02331.HK,44.788348906365,46.116998491147,42.85966402523,44.916927898441,18348409,822974554.1363969
2021-03-29,02333.HK,17.8220078705,18.455491562579,17.357453162975,17.737543378223,35769578,635975071.0180973
2021-03-30,02333.HK,17.906472362777,18.666652793273,17.441917655252,18.666652793273,31920743,583720664.4065534
2021-03-30,02331.HK,45.431243866744,46.459875803349,43.331120329507,43.588278313659,17884009,796012967.9250134
2021-03-30,02328.HK,4.9071760304012,4.9143607683667,4.7994049609195,4.8496981266777,43236580,210926935.02123722
2021-03-31,02328.HK,4.8784370785395,4.8784370785395,4.7778507470232,4.8425133887122,37900724,184215530.33848888
2021-03-31,02333.HK,19.595762208322,20.229245900402,18.11763359347,18.202098085748,52138451,985360943.4236071
2021-03-31,02331.HK,43.373979993533,44.059734617936,42.688225369129,43.288260665482,12491836,541285248.8524736
2021-04-01,02328.HK,4.8784370785395,4.8784370785395,4.7491117951614,4.7706660090577,25907276,124990988.42141643
2021-04-01,02333.HK,18.582188300995,20.144781408125,18.455491562579,20.144781408125,50619148,980163105.6487311
2021-04-01,02331.HK,42.85966402523,44.402611930138,42.173909400826,44.274032938062,11137023,485204993.5776066
2021-04-07,02328.HK,4.871252340574,4.871252340574,4.727557581265,4.7634812710923,23217593,111847661.82954411
2021-04-07,02331.HK,46.245577483223,47.659946396056,45.474103530769,46.502735467374,26179618,1214057701.5955412
2021-04-07,02333.HK,20.355942638818,21.073890823174,20.144781408125,20.440407131095,37200781,758828036.6949669
2021-04-08,02333.HK,19.891387931293,20.736032854065,19.891387931293,20.313710392679,25464339,511898126.62497735
2021-04-08,02328.HK,4.7562965331268,4.8137744368504,4.7203728432996,4.7778507470232,23462371,111846850.32776012
2021-04-08,02331.HK,45.602682522844,47.745665724106,45.602682522844,47.488507739955,14454460,672791443.0030087
2021-04-09,02328.HK,4.7994049609195,5.0077623619175,4.7203728432996,5.0077623619175,72345467,354752049.9588913
2021-04-09,02333.HK,20.862729592481,20.90496183862,19.764691192877,20.187013654263,19695551,404248655.82657605
2021-04-09,02331.HK,47.574227068005,48.088543036308,46.159858155172,46.245577483223,10681045,501046777.15143555
2021-04-12,02328.HK,5.0652402656411,5.5178787574644,5.0293165758139,5.1730113351228,89835044,459876891.5188477
2021-04-12,02333.HK,20.398174884956,20.440407131095,18.708885039411,18.835581777827,32108915,629876678.9079914
2021-04-12,02331.HK,46.674174123475,48.988595980838,46.374156475299,48.345701020459,16470501,782512474.2890201
2021-04-13,02328.HK,5.1155334313992,5.1801960730883,4.9718386720903,5.0005776239521,46605249,235731937.32315007
2021-04-13,02333.HK,18.835581777827,19.257904239213,18.455491562579,18.920046270104,25351450,478579958.33786017
2021-04-13,02331.HK,48.345701020459,50.660122877822,48.088543036308,49.160034636939,25854909,1260500961.2000403
2021-04-14,02331.HK,49.588631277191,50.574403549771,48.774297660711,49.545771613166,11615809,575763144.6517174
2021-04-14,02333.HK,19.342368731491,20.102549161986,19.004510762382,19.722458946738,21828896,426371030.3229912
2021-04-14,02328.HK,5.0365013137793,5.0436860517448,4.9287302442976,4.9790234100557,32629850,163402534.70501375
2021-04-15,02331.HK,51.088719518074,52.717386751033,49.760069933292,51.088719518074,22116671,1129912401.3925211
2021-04-15,02333.HK,19.637994454461,19.891387931293,19.04674300852,19.891387931293,11555364,228388201.08128798
2021-04-15,02328.HK,4.9574691961594,4.9790234100557,4.9071760304012,4.9574691961594,32183680,159549602.21905136
2021-04-16,02328.HK,4.9862081480212,4.9862081480212,4.871252340574,4.9430997202285,31728012,157518599.59776047
2021-04-16,02333.HK,20.018084669709,20.947194084758,19.215671993075,20.693800607927,46631556,949229279.0948293
2021-04-16,02331.HK,51.431596830276,52.631667422982,50.31724556562,51.431596830276,11589005,596041032.8240527
2021-04-19,02331.HK,50.660122877822,52.674527087007,49.460052285115,52.074491790654,9812600,504046839.9479438
2021-04-19,02328.HK,4.9143607683667,4.9502844581939,4.8640676026086,4.8999912924358,22298730,109423793.36438927
2021-04-19,02333.HK,20.778265100204,22.42532269961,20.693800607927,21.918535745947,62189129,1327638427.854297
2021-04-20,02331.HK,54.00317667179,55.674703568773,52.074491790654,54.00317667179,17121461,924613283.2621623
2021-04-20,02328.HK,4.9215455063321,5.0580555276757,4.8928065544703,5.0508707897102,43127806,215044217.68347546
2021-04-20,02333.HK,21.707374515254,22.256393715056,21.158355315452,21.538445530699,43739797,945781694.9542574
2021-04-21,02331.HK,51.474456494301,53.360281711411,51.003000190023,53.145983391285,21548289,1127195736.980867
2021-04-21,02328.HK,5.014947099883,5.0508707897102,4.935914982263,5.0293165758139,39442460,198085234.12906396
2021-04-21,02333.HK,21.327284300006,21.327284300006,20.440407131095,20.651568361788,37580666,788796620.4730457
2021-04-22,02328.HK,5.0508707897102,5.0724250036066,5.014947099883,5.0436860517448,25613140,129276648.80907235
2021-04-22,02333.HK,19.553529962184,20.144781408125,17.653078885946,18.033169101193,180450202,3391263719.249795
2021-04-22,02331.HK,53.145983391285,55.246106928521,52.803106079083,54.817510288269,8943014,482759517.7325815
2021-04-23,02328.HK,5.0939792175029,5.1370876452956,5.0365013137793,5.0939792175029,30483852,155284108.55743423
2021-04-23,02333.HK,18.159865839609,18.920046270104,17.906472362777,18.497723808718,66371151,1216503208.9225743
2021-04-23,02331.HK,54.431773312042,54.774650624244,53.403141375436,54.346053983991,13360173,726645295.6195616
2021-04-26,02328.HK,5.1011639554684,5.1227181693647,4.9933928859866,5.0508707897102,25600871,129950465.9494176
2021-04-26,02333.HK,18.328794824164,18.371027070302,17.146291932282,17.146291932282,81865002,1452084024.1333127
2021-04-26,02331.HK,54.346053983991,54.817510288269,53.145983391285,54.260334655941,9735413,528664023.9241231
2021-04-27,02333.HK,17.441917655252,17.864240116639,17.019595193866,17.52638214753,39903931,697686311.2587632
2021-04-27,02331.HK,54.688931296193,55.546124576698,53.531720367512,55.460405248647,8440867,464877949.956617
2021-04-27,02328.HK,5.0365013137793,5.1011639554684,5.0221318378484,5.1011639554684,26178021,132692007.15466847
2021-04-28,02331.HK,55.160387600471,56.574756513303,54.517492640092,55.07466827242,12137402,668983593.8108695
2021-04-28,02328.HK,5.0939792175029,5.1155334313992,5.0580555276757,5.0867944795375,14715391,74907032.81723252
2021-04-28,02333.HK,17.52638214753,17.8220078705,16.977362947728,17.061827440005,35061377,606355128.0517896
2021-04-29,02328.HK,5.1730113351228,5.496324543568,5.0939792175029,5.4747703296717,108538949,577849515.5391327
2021-04-29,02331.HK,54.817510288269,55.503264912673,54.00317667179,55.031808608395,9301204,510865462.1594634
2021-04-29,02333.HK,17.188524178421,17.399685409114,16.774648166262,17.104059686143,16710074,286515807.0140352
2021-04-30,02331.HK,54.731790960218,55.246106928521,52.888825407134,54.346053983991,10446362,569733327.2335385
2021-04-30,02333.HK,16.89289845545,16.977362947728,16.166503821866,16.234075415688,35199040,583018839.1845707
2021-04-30,02328.HK,5.4604008537408,5.4891398056026,5.3598145222245,5.4819550676371,46912037,256664102.92542455
2021-05-03,02331.HK,53.960317007764,55.203247264496,53.960317007764,54.860369952294,5821010,316723153.5006836
2021-05-03,02333.HK,16.234075415688,16.419897298698,15.896217446579,16.098932228044,14207350,229683178.07358792
2021-05-03,02328.HK,5.5178787574644,5.5178787574644,5.3669992601899,5.3957382120517,17466147,95309419.14563136
2021-05-04,02331.HK,55.374685920597,57.260511137707,55.203247264496,56.917633825505,11069216,621493971.2053342
2021-05-04,02333.HK,16.132718024955,16.656397877074,15.761074258935,16.656397877074,15515800,254374682.25635076
2021-05-04,02328.HK,5.4604008537408,5.496324543568,5.4244771639135,5.4604008537408,20362978,111190022.45590512
2021-05-05,02331.HK,56.146159873051,56.917633825505,55.288966592546,56.103300209026,5162347,289735331.753165
2021-05-05,02328.HK,5.4532161157753,5.5681719232225,5.4101076879826,5.5178787574644,27313397,149828934.8987303
2021-05-05,02333.HK,16.369218603331,17.104059686143,16.1158251265,16.935130701589,21528414,358494909.91846496
2021-05-06,02333.HK,17.146291932282,17.568614393668,16.757755267807,17.146291932282,34514396,591793909.6823862
2021-05-06,02331.HK,56.660475841354,60.860722915826,55.803282560849,59.74637165117,20555403,1196394831.0841851
2021-05-06,02328.HK,5.5681719232225,5.704681944566,5.5322482333953,5.6903124686351,66840929,376263777.941881
2021-05-07,02333.HK,17.146291932282,17.315220916837,16.166503821866,16.217182517232,35479369,591857510.5581895
2021-05-07,02331.HK,60.303547283498,62.53224981281,58.503441394439,58.717739714565,18662680,1110628096.2165053
2021-05-07,02328.HK,5.6903124686351,5.7190514204969,5.5538024472916,5.5681719232225,26319388,148158209.5006221
2021-05-10,02328.HK,5.6112803510152,5.640019302877,5.5250634954298,5.640019302877,37376889,210269289.1346336
2021-05-10,02333.HK,16.419897298698,16.723969470896,15.997574837311,16.200289618777,32907149,536718675.6506002
2021-05-10,02331.HK,58.717739714565,58.803459042615,54.903229616319,55.288966592546,23990583,1367543675.1086848
2021-05-11,02333.HK,15.37253759446,15.693502665113,14.494106874776,15.389430492915,65980638,1014847140.2703212
2021-05-11,02331.HK,52.28879011078,54.603211968143,51.474456494301,54.517492640092,26969409,1440251161.638956
2021-05-11,02328.HK,5.640019302877,5.6615735167733,5.5897261371188,5.6615735167733,29607121,167303813.0520588
2021-05-12,02333.HK,15.457002086737,16.250968314143,15.338751797549,15.74418136048,32757833,511041578.38314945
2021-05-12,02331.HK,55.07466827242,55.931861552925,54.346053983991,55.331826256572,13865821,765438345.1882412
2021-05-12,02328.HK,5.6974972066006,5.6974972066006,5.4891398056026,5.5825413991534,32100823,181049261.35823798
2021-05-13,02331.HK,54.774650624244,56.917633825505,54.388913648017,54.860369952294,9798859,537149054.0457973
2021-05-13,02328.HK,5.4819550676371,5.5106940194989,5.2520434527428,5.431661901879,21591751,117822050.0575831
2021-05-13,02333.HK,15.271180203727,15.659716868202,14.798179046974,15.085358320717,25139065,381567497.5705009
2021-05-14,02328.HK,5.431661901879,5.560987185257,5.4029229500172,5.4532161157753,31964960,173967345.2195995
2021-05-14,02333.HK,15.203608609905,15.406323391371,14.831964843885,14.933322234618,22755947,342897200.5203153
2021-05-14,02331.HK,55.160387600471,56.403317857202,54.903229616319,55.117527936445,6994925,385692874.16853106
2021-05-17,02328.HK,5.4604008537408,5.5178787574644,5.3741839981554,5.4460313778099,23656740,129005315.81470734
2021-05-17,02333.HK,15.119144117628,16.369218603331,14.798179046974,16.031360634222,42089841,655559896.0375555
2021-05-17,02331.HK,55.631843904748,59.832090979221,55.331826256572,58.332002738338,11678275,665450570.5778925
2021-05-18,02331.HK,55.374685920597,57.346230465757,55.288966592546,56.446177521228,95222476,5323929742.694229
2021-05-18,02333.HK,16.031360634222,16.1158251265,15.676609766658,15.997574837311,17389718,278487077.845078
2021-05-18,02328.HK,5.4388466398444,5.4891398056026,5.3598145222245,5.4029229500172,28301337,153418287.41951248
2021-05-20,02331.HK,55.117527936445,56.017580880975,53.917457343739,55.288966592546,27585758,1522823419.852535
2021-05-20,02328.HK,5.352629784259,5.4388466398444,5.28796714257,5.3885534740863,29721002,159619364.5518236
2021-05-20,02333.HK,16.30164700951,17.357453162975,16.267861212599,17.188524178421,51339993,859692577.1785896
2021-05-21,02331.HK,55.846142224874,57.603388449909,55.246106928521,56.660475841354,17940927,1009236510.8715389
2021-05-21,02333.HK,17.357453162975,17.484149901391,16.605719181708,16.89289845545,24405456,417947724.70400006
2021-05-21,02328.HK,5.3957382120517,5.4604008537408,5.3885534740863,5.4388466398444,19809899,107316015.81149586
2021-05-24,02333.HK,16.935130701589,17.104059686143,16.555040486341,16.791541064718,15703237,264808959.98376372
2021-05-24,02331.HK,56.403317857202,57.346230465757,55.07466827242,57.003353153556,9168475,519883113.99767977
2021-05-24,02328.HK,5.4101076879826,5.4244771639135,5.3310755703627,5.3598145222245,14803574,79716670.20652217
2021-05-25,02328.HK,5.3669992601899,5.496324543568,5.3598145222245,5.4244771639135,19463857,105021876.96880998
2021-05-25,02331.HK,57.217651473682,59.703511987145,56.96049348953,59.317775010918,12018617,700297328.9250319
2021-05-25,02333.HK,16.842219760084,17.568614393668,16.571933384797,17.441917655252,33606637,576087280.4876575
2021-05-26,02331.HK,59.74637165117,60.003529635322,58.460581730413,59.146336354817,6286289,373696961.25912404
2021-05-26,02333.HK,18.202098085748,19.173439746936,18.202098085748,18.371027070302,60293289,1102557002.3334463
2021-05-26,02328.HK,5.4460313778099,5.4675855917062,5.3454450462936,5.3813687361208,25121641,136001029.31276307
2021-05-27,02333.HK,18.371027070302,18.708885039411,17.779775624361,18.539956054857,45234387,834822847.6169558
2021-05-27,02328.HK,5.3310755703627,5.4101076879826,5.3238908323973,5.3741839981554,30189074,161590936.6516005
2021-05-27,02331.HK,58.332002738338,60.817863251801,58.332002738338,60.817863251801,23569575,1404155851.3472652
2021-05-28,02328.HK,5.3957382120517,5.5035092815335,5.3741839981554,5.4388466398444,18585057,100680688.52191278
2021-05-28,02331.HK,60.817863251801,62.575109476835,59.874950643246,61.203600228028,12888785,786354204.088434
2021-05-28,02333.HK,18.455491562579,18.962278516243,18.033169101193,18.202098085748,44796187,821060120.4278603
2021-05-31,02331.HK,61.889354852432,62.789407796962,61.460758212179,62.44653048476,10991551,683322112.406949
2021-05-31,02328.HK,5.496324543568,5.496324543568,5.2592281907082,5.3238908323973,30460629,164795283.13368726
2021-05-31,02333.HK,18.666652793273,18.666652793273,17.779775624361,18.328794824164,22195480,410565858.8419352
2021-06-01,02328.HK,5.3023366185009,5.3669992601899,5.2089350249501,5.3167060944318,17995121,95545479.2616961
2021-06-01,02331.HK,62.575109476835,64.889531334198,61.717916196331,64.075197717718,17776236,1125682875.081436
2021-06-01,02333.HK,18.371027070302,19.173439746936,17.906472362777,18.920046270104,33771193,629682017.4780029
2021-06-02,02333.HK,19.257904239213,19.806923439016,19.004510762382,19.215671993075,36379087,699816788.4777687
2021-06-02,02328.HK,5.3598145222245,5.4101076879826,5.3167060944318,5.4101076879826,18342168,98771861.26327497
2021-06-02,02331.HK,64.546654021996,65.961022934829,63.303723765264,63.603741413441,13242720,848529902.3203852
2021-06-03,02328.HK,5.4388466398444,5.5035092815335,5.3454450462936,5.3669992601899,20142110,108826268.38076992
2021-06-03,02333.HK,19.469065469907,19.595762208322,18.371027070302,18.455491562579,32143375,609511629.2020423
2021-06-03,02331.HK,64.632373350046,65.575285958602,63.260864101239,63.43230275734,7282703,466328500.44064415
2021-06-04,02328.HK,5.3669992601899,5.3669992601899,5.2807824046046,5.3023366185009,26349595,140566339.66123584
2021-06-04,02333.HK,18.286562578025,19.849155685154,18.159865839609,19.595762208322,52599651,996298531.4152509
2021-06-04,02331.HK,62.746548132936,65.275268310425,62.060793508533,63.260864101239,7556538,476089899.4146042
2021-06-07,02333.HK,19.806923439016,19.849155685154,19.173439746936,19.553529962184,20874688,410818592.14429444
2021-06-07,02328.HK,5.2520434527428,5.2664129286737,5.1801960730883,5.2304892388464,36617746,191923359.76865482
2021-06-07,02331.HK,64.032338053693,65.060969990299,62.917986789037,64.289496037845,11020886,707110152.4168769
2021-06-08,02333.HK,19.511297716045,20.524871623372,19.384600977629,19.849155685154,37681342,741577352.9428213
2021-06-08,02328.HK,5.2520434527428,5.3741839981554,5.2520434527428,5.3598145222245,19753130,104808705.06053291
2021-06-08,02331.HK,64.460934693946,65.018110326274,61.375038884129,61.589337204255,15340345,966827329.1311041
2021-06-09,02328.HK,5.3598145222245,5.4819550676371,5.3382603083281,5.4532161157753,18953780,102473901.92295392
2021-06-09,02331.HK,61.375038884129,62.960846453063,61.375038884129,62.746548132936,12744289,790920688.0420622
2021-06-09,02333.HK,19.300136485352,20.102549161986,19.004510762382,19.891387931293,23104035,452741175.91276026
2021-06-10,02333.HK,20.060316915847,20.567103869511,19.553529962184,19.806923439016,48926798,975288207.8299152
2021-06-10,02331.HK,62.960846453063,63.43230275734,61.889354852432,62.317951492684,7922022,496230696.7298813
2021-06-10,02328.HK,5.496324543568,5.496324543568,5.3095213564664,5.3741839981554,17297390,94015712.87226045
2021-06-11,02333.HK,19.933620177431,21.031658577036,19.595762208322,20.693800607927,56935382,1156568861.0445487
2021-06-11,02328.HK,5.3741839981554,5.3885534740863,5.3167060944318,5.3669992601899,15222693,81754867.59926508
2021-06-11,02331.HK,62.317951492684,63.775180069542,60.56070526765,63.475162421365,7580109,476762757.45895404
2021-06-15,02333.HK,20.778265100204,21.116123069313,19.764691192877,20.355942638818,53090662,1091921159.8551006
2021-06-15,02328.HK,5.352629784259,5.352629784259,5.2951518805355,5.3454450462936,15768264,84345034.10995433
2021-06-15,02331.HK,63.43230275734,66.13246159093,63.089425445138,65.746724614702,10450407,674986705.9509897
2021-06-16,02333.HK,19.97585242357,19.97585242357,18.075401347332,18.497723808718,73936882,1422308133.002341
2021-06-16,02328.HK,5.3454450462936,5.4819550676371,5.3382603083281,5.3741839981554,26266501,140783573.50782436
2021-06-16,02331.HK,66.17499161698,66.733974652081,64.6270385967,65.100024241785,11033416,724205930.1881757
2021-06-17,02331.HK,65.530011191863,68.195930282346,64.799033376731,67.507951162221,12644101,841072716.419618
2021-06-17,02328.HK,5.3598145222245,5.3957382120517,5.2735976666391,5.3310755703627,13130230,70186922.91019562
2021-06-17,02333.HK,18.244330331886,19.04674300852,18.075401347332,18.497723808718,36302710,666918068.135323
2021-06-18,02331.HK,69.657885912611,73.527768463311,67.980936807307,68.539919842408,24067531,1663039987.0704489
2021-06-18,02328.HK,5.3167060944318,5.3167060944318,5.2376739768119,5.2807824046046,36849832,195257835.40571174
2021-06-18,02333.HK,18.75111728555,20.102549161986,18.582188300995,19.764691192877,56495995,1087994461.6090846
2021-06-21,02328.HK,5.2735976666391,5.2735976666391,5.1730113351228,5.2376739768119,11560892,60759838.12629976
2021-06-21,02331.HK,68.711914622439,72.108811528054,68.023935502315,69.786881997634,8705317,602837964.348132
2021-06-21,02333.HK,19.257904239213,21.20058756159,18.920046270104,20.778265100204,58148970,1164031004.9163394
2021-06-22,02328.HK,5.2304892388464,5.2807824046046,5.1801960730883,5.2520434527428,19974313,104690694.50726756
2021-06-22,02333.HK,20.862729592481,20.947194084758,20.060316915847,20.060316915847,33424044,683906853.5542008
2021-06-22,02331.HK,69.528889827587,71.764821967992,68.10993289233,71.248837627899,10543130,742118940.8338791
2021-06-23,02333.HK,20.229245900402,21.876303499808,20.187013654263,21.285052053867,58649321,1217392693.4047828
2021-06-23,02331.HK,70.603857202782,74.086751498412,70.603857202782,73.140780208241,14401120,1035041886.3563159
2021-06-23,02328.HK,5.3010706961756,5.3393732301075,5.2168051215254,5.2244656283118,19231958,101213336.26000804
2021-06-24,02333.HK,21.538445530699,21.960767992085,21.073890823174,21.369516546145,27496860,589917113.0561444
2021-06-24,02328.HK,5.2168051215254,5.2244656283118,5.1402000536616,5.1555210672344,30144367,156333603.63884333
2021-06-24,02331.HK,73.097781513233,73.871758023373,68.840910707463,71.377833712922,18702444,1351023551.5663557
2021-06-25,02331.HK,70.947846762844,71.807820663,69.829880692642,71.03384415286,17175229,1219284027.642218
2021-06-25,02333.HK,21.83407125367,22.045232484363,21.158355315452,21.580677776838,33974322,737493331.5558335
2021-06-25,02328.HK,5.1708420808071,5.2397866418846,5.1095580265161,5.2244656283118,21220931,110299053.80949011
2021-06-28,02328.HK,5.209144614739,5.209144614739,5.1172185333025,5.1861630943799,7180698,37322782.638127334
2021-06-28,02331.HK,78.257624914167,90.297259516347,75.806699298724,80.708550529611,37165294,2954012323.2117953
2021-06-28,02333.HK,21.622910022976,22.467554945749,21.580677776838,22.12969697664,36682030,802467221.269062
2021-06-29,02331.HK,80.278563579533,83.116477450047,78.687611864245,81.869515294821,20952886,1698735105.8866737
2021-06-29,02333.HK,22.594251684165,22.720948422581,21.538445530699,21.707374515254,45134181,999758807.7394595
2021-06-29,02328.HK,5.1708420808071,5.1708420808071,5.0329529586523,5.0712554925842,33086797,169439101.63249528
2021-06-30,02328.HK,5.0559344790114,5.2244656283118,5.0406134654387,5.209144614739,45914984,235660471.1741421
2021-06-30,02331.HK,82.987481365024,84.406438300281,81.009541394666,81.525525734759,12462212,1025097985.6175005
2021-06-30,02333.HK,21.749606761392,22.214161468917,20.862729592481,21.20058756159,44625687,958340964.2232858
2021-07-02,02333.HK,21.20058756159,21.20058756159,20.313710392679,20.693800607927,46558467,975269244.5378238
2021-07-02,02328.HK,5.209144614739,5.3317127233211,5.1785025875935,5.2780891758165,42770351,224271335.1205596
2021-07-02,02331.HK,79.977572714479,80.751549224619,76.537677113856,77.870636659097,21658236,1709356885.3951607
2021-07-05,02331.HK,76.795669283903,77.999632744121,74.215747583436,75.6777032137,22179211,1690869550.2529671
2021-07-05,02328.HK,5.2857496826028,5.5385464065534,5.2857496826028,5.4159782979713,54311778,290614937.1486644
2021-07-05,02333.HK,20.609336115649,22.552019438026,20.355942638818,22.087464730501,45604817,973589894.5370579
2021-07-06,02331.HK,76.107690163778,78.644613169237,75.462709738661,76.150688858786,12148567,924860559.4335065
2021-07-06,02333.HK,22.087464730501,22.340858207333,21.031658577036,21.791839007531,36438395,799445700.9656932
2021-07-06,02328.HK,5.5079043794079,5.5691884336989,5.4466203251168,5.5155648861943,41304174,227657646.3150427
2021-07-07,02331.HK,75.548707128677,80.579554444588,74.387742363467,79.977572714479,16154629,1256234675.3081815
2021-07-07,02333.HK,21.538445530699,22.678716176442,20.90496183862,22.42532269961,30511119,670691882.0816886
2021-07-07,02328.HK,5.5002438726215,5.530885899767,5.4083177911849,5.469601845476,17034523,93433044.59569168
2021-07-08,02331.HK,80.106568799502,80.579554444588,75.849697993731,76.021692773763,18654797,1456270512.8060794
2021-07-08,02333.HK,22.087464730501,22.383090453472,21.242819807729,21.496213284561,36082380,786301415.9685565
2021-07-08,02328.HK,5.4849228590487,5.5921699540581,5.370015257253,5.3776757640394,22759820,123615394.69686651
2021-07-09,02331.HK,77.096660148957,79.117598814323,73.570767158319,78.859606644276,17654845,1376691858.5065877
2021-07-09,02333.HK,22.045232484363,23.396664360799,21.791839007531,23.227735376244,68283173,1545690948.3246338
2021-07-09,02328.HK,5.370015257253,5.4083177911849,5.3010706961756,5.3163917097484,10492053,56061174.13867397
2021-07-12,02333.HK,23.565593345353,23.818986822185,22.974341899412,23.438896606937,32173515,756149831.2736758
2021-07-12,02328.HK,5.3623547504667,5.3776757640394,5.2168051215254,5.2704286690301,13235252,70363784.00923093
2021-07-12,02331.HK,79.633583154416,79.633583154416,73.699763243342,75.247716263622,18514888,1433804956.0097194
2021-07-13,02328.HK,5.3393732301075,5.3393732301075,5.2857496826028,5.3240522165347,8349006,44514501.51728421
2021-07-13,02333.HK,23.565593345353,24.368006021987,23.312199868521,24.072380299017,33746668,803811440.3846523
2021-07-13,02331.HK,74.989724093576,78.171627524152,74.430741058475,77.010662758942,16281993,1237434617.364995
2021-07-14,02331.HK,77.655643184058,78.816607949269,75.419711043654,78.128628829144,8113062,631943728.7339863
2021-07-14,02333.HK,24.030148052878,24.030148052878,22.636483930303,23.481128853076,29652363,704410814.7044325
2021-07-14,02328.HK,5.2704286690301,5.3240522165347,5.2397866418846,5.2857496826028,13825281,72971065.99872082
2021-07-15,02328.HK,5.3163917097484,5.4619413386896,5.3010706961756,5.4006572843986,15529486,83215131.15795995
2021-07-15,02333.HK,23.481128853076,23.776754576046,22.847645160997,22.932109653274,25862340,600177477.3761579
2021-07-15,02331.HK,78.515617084214,82.987481365024,78.128628829144,81.353530954728,14040328,1122307637.7736511
2021-07-16,02331.HK,81.353530954728,81.353530954728,77.741640574074,79.76257923944,9719593,782991508.4152321
2021-07-16,02328.HK,5.4006572843986,5.4389598183305,5.3317127233211,5.4006572843986,10097349,54532321.429964915
2021-07-16,02333.HK,22.467554945749,24.410238268126,22.467554945749,23.523361099215,39785984,914896924.9551404
2021-07-19,02333.HK,23.143270883967,24.114612545155,22.763180668719,23.396664360799,22292211,518739028.2013301
2021-07-19,02328.HK,5.3393732301075,5.3393732301075,5.2321261350982,5.2934101893892,14623787,77745779.97192569
2021-07-19,02331.HK,79.160597509331,82.47149702493,77.569645794043,78.644613169237,8719259,687972251.7280002
2021-07-20,02333.HK,23.143270883967,23.312199868521,22.42532269961,23.016574145551,30320862,699803145.5407006
2021-07-20,02328.HK,5.3393732301075,5.3393732301075,5.0942370129433,5.2014841079527,33820881,178250540.8342554
2021-07-20,02331.HK,78.9886027293,82.686490499969,78.343622304183,81.009541394666,14330635,1146437502.0589757
2021-07-21,02328.HK,5.1248790400888,5.1402000536616,4.9027243432838,5.0176319450795,41146097,208662370.40965024
2021-07-21,02333.HK,24.156844791294,27.028637528721,24.156844791294,26.73301180575,100277894,2551563822.7567897
2021-07-21,02331.HK,81.826516599813,84.105447435226,78.429619694199,79.891575324463,11192271,904996355.2097042
2021-07-22,02331.HK,79.977572714479,80.751549224619,76.795669283903,78.60161447423,13412769,1063493002.9849566
2021-07-22,02333.HK,26.73301180575,26.986405282582,26.268457098225,26.690779559612,37162085,992669737.8709244
2021-07-22,02328.HK,5.0176319450795,5.147860560448,4.986989917934,5.1248790400888,43178056,218966953.64910603
2021-07-23,02331.HK,77.784639269082,79.289593594354,67.249958992175,72.108811528054,33605176,2518597897.642548
2021-07-23,02333.HK,26.690779559612,29.266946574068,26.564082821196,28.88685635882,85149041,2366191199.7508197
2021-07-23,02328.HK,5.1325395468752,5.1938236011663,5.0712554925842,5.1095580265161,24338602,124639168.24196832
2021-07-26,02333.HK,28.59123063585,29.984894758424,27.282031005552,27.493192236245,47314173,1326794043.1877298
2021-07-26,02331.HK,70.001875472673,74.215747583436,68.797912012455,71.076842847867,18837635,1328794700.9950728
2021-07-26,02328.HK,5.0406134654387,5.1018975197297,4.9640083975748,4.9946504247204,26589507,133416359.72711632
2021-07-27,02333.HK,27.493192236245,28.422301651295,24.705863991096,25.930599129116,59011248,1576302300.6807883
2021-07-27,02331.HK,71.03384415286,72.925786733202,58.779216075641,62.219111676264,34912745,2326113233.679235
2021-07-27,02328.HK,4.986989917934,5.0406134654387,4.5963040718286,4.7341931939834,56744402,275811361.209126
2021-07-28,02333.HK,26.183992605948,26.690779559612,24.410238268126,26.648547313473,46876444,1238300799.4552515
2021-07-28,02331.HK,65.229020326809,71.721823272984,64.498042511676,71.721823272984,33159941,2270640946.834682
2021-07-28,02328.HK,4.7035511668379,4.8184587686336,4.665248632906,4.7188721804107,31790834,149773348.2550523
2021-07-29,02331.HK,75.075721483591,75.333713653638,69.571888522595,73.570767158319,24673477,1833812859.3184638
2021-07-29,02328.HK,4.7571747143426,4.82611927542,4.6422671125468,4.7724957279153,43267749,206163694.37416688
2021-07-29,02333.HK,28.211140420602,30.069359250702,26.901940790305,29.520340050899,59743770,1724548145.5244236
2021-07-30,02331.HK,73.74276193835,73.74276193835,67.249958992175,70.431862422751,22183570,1599153935.8690946
2021-07-30,02328.HK,4.7341931939834,4.8797428229247,4.726532687197,4.8107982618472,41888636,199913336.35819906
2021-07-30,02333.HK,28.717927374266,32.223203803772,28.464533897434,31.547487865553,58553634,1764379533.405192
2021-08-02,02331.HK,71.807820663,71.807820663,66.346986397011,68.797912012455,18949701,1332218296.542901
2021-08-02,02328.HK,4.9257058636429,5.0329529586523,4.8107982618472,5.0099714382931,43054265,213886641.7560188
2021-08-02,02333.HK,32.012042573078,32.941151988128,30.998468665751,31.927578080801,35509740,1135239652.5589366
2021-08-03,02331.HK,70.173870252704,74.688733228521,68.88390940247,73.871758023373,15554806,1120300901.4912462
2021-08-03,02333.HK,32.096507065356,32.307668296049,29.140249835652,29.393643312484,49392908,1518588670.259408
2021-08-03,02328.HK,5.1095580265161,5.1938236011663,5.0712554925842,5.1402000536616,31460364,161230560.0571658
2021-08-04,02333.HK,29.098017589513,31.420791127138,28.971320851097,30.576146204365,37641326,1123107326.5713792
2021-08-04,02328.HK,5.1402000536616,5.1861630943799,5.1018975197297,5.1325395468752,7872160,40434324.88688088
2021-08-04,02331.HK,79.547585764401,82.987481365024,77.397651014012,78.042631439128,36130993,2846945517.3245926
2021-08-05,02328.HK,5.1172185333025,5.1785025875935,5.0712554925842,5.1018975197297,12527294,64008935.608226985
2021-08-05,02331.HK,78.816607949269,79.547585764401,74.12975019342,74.817729313545,14138651,1086091138.0876112
2021-08-05,02333.HK,30.407217219811,32.180971557633,29.858198020008,31.167397650306,31180453,959962192.4753921
2021-08-06,02328.HK,5.0559344790114,5.1095580265161,5.0176319450795,5.0635949857978,11361161,57484801.74697059
2021-08-06,02331.HK,75.419711043654,76.193687553794,71.42083240793,71.635825882969,13494842,992245618.0249715
2021-08-06,02333.HK,31.420791127138,32.012042573078,30.407217219811,30.618378450504,20944707,649696114.6635127
2021-08-09,02333.HK,29.562572297038,30.027127004563,28.042211436048,28.88685635882,50715531,1482146905.4642274
2021-08-09,02328.HK,5.0635949857978,5.3853362708258,4.9946504247204,5.3010706961756,33506767,173643219.0193894
2021-08-09,02331.HK,69.700884607618,71.721823272984,66.733974652081,70.431862422751,15209176,1065651806.4741796
2021-08-10,02333.HK,28.88685635882,29.098017589513,27.450959990107,28.844624112681,47499732,1371114925.1797657
2021-08-10,02331.HK,71.635825882969,76.021692773763,71.377833712922,75.634704518693,13779216,1014636224.4195337
2021-08-10,02328.HK,5.3010706961756,5.3010706961756,5.1785025875935,5.2397866418846,16711778,88078233.8816665
2021-08-11,02331.HK,74.645734533513,77.053661453949,74.043752803405,74.387742363467,8682047,646957825.4964973
2021-08-11,02328.HK,5.2551076554573,5.3546942436803,5.2168051215254,5.3010706961756,16741753,88364465.29349257
2021-08-11,02333.HK,28.675695128127,29.055785343375,28.211140420602,28.971320851097,24420833,703894075.0884804
2021-08-12,02333.HK,28.971320851097,30.74507518892,28.548998389711,29.731501281593,31967099,938279463.3475462
2021-08-12,02328.HK,5.3623547504667,5.3623547504667,5.2321261350982,5.2551076554573,12539782,66570331.981741235
2021-08-12,02331.HK,74.731731923529,74.989724093576,71.463831102937,74.344743668459,10666047,795028347.6292485
2021-08-13,02333.HK,29.098017589513,30.407217219811,28.971320851097,29.224714327929,26254235,765609354.8012614
2021-08-13,02328.HK,5.2627681622437,5.3010706961756,5.2014841079527,5.2627681622437,11727302,61718071.59461687
2021-08-13,02331.HK,77.397651014012,77.397651014012,71.592827187961,75.161718873607,17123569,1306180448.433583
2021-08-16,02328.HK,5.1708420808071,5.3163917097484,5.1708420808071,5.2627681622437,10280351,53630587.74787877
2021-08-16,02333.HK,28.717927374266,29.224714327929,27.36649549783,27.95774694377,45239190,1281980799.4258757
2021-08-16,02331.HK,75.849697993731,78.257624914167,75.29071495863,78.257624914167,11079310,853701401.8833516
2021-08-17,02333.HK,27.95774694377,28.126675928325,25.972831375255,26.859708544166,41051966,1125182159.448631
2021-08-17,02328.HK,5.2627681622437,5.4236388047577,5.2168051215254,5.2474471486709,22720687,119399656.19094914
2021-08-17,02331.HK,78.257624914167,79.76257923944,75.6777032137,78.257624914167,18615857,1456832754.56177
2021-08-18,02331.HK,76.580675808864,84.234443520249,76.580675808864,82.643491804961,24932387,1984919283.3503757
2021-08-18,02333.HK,26.859708544166,27.197566513275,25.21265094476,26.310689344364,37765453,1004002081.2252896
2021-08-18,02328.HK,5.2857496826028,5.4312993115441,5.209144614739,5.3929967776122,24243302,129444037.7082116
2021-08-19,02331.HK,82.643491804961,83.374469620094,80.407559664557,81.482527039751,19757650,1621372218.1136122
2021-08-19,02333.HK,26.564082821196,27.788817959216,26.43738608278,27.282031005552,40569444,1092253449.7559392
2021-08-19,02328.HK,5.3393732301075,5.3623547504667,5.2551076554573,5.3163917097484,18247555,97220828.40354611
2021-08-20,02333.HK,27.239798759414,27.619888974661,25.21265094476,26.817476298027,54712678,1478809141.8876007
2021-08-20,02328.HK,5.3163917097484,5.370015257253,5.1631815740207,5.2474471486709,15131157,79921552.1447216
2021-08-20,02331.HK,80.837546614634,81.869515294821,76.322683638817,76.709671893887,24319172,1915708952.5151527
2021-08-23,02328.HK,5.2857496826028,5.3546942436803,4.986989917934,5.0712554925842,23103802,119643098.44024788
2021-08-23,02331.HK,78.773609254261,81.69752051479,78.60161447423,80.794547919627,19743019,1575178579.4395287
2021-08-23,02333.HK,27.408727743968,28.126675928325,26.775244051889,27.493192236245,26373203,723969740.3639567
2021-08-24,02331.HK,82.385499634915,82.514495719938,80.493557054572,82.342500939907,15129305,1246110081.3683288
2021-08-24,02333.HK,27.873282451493,29.266946574068,27.704353466939,28.337837159018,28966595,814122368.127115
2021-08-24,02328.HK,5.1555210672344,5.3010706961756,5.0712554925842,5.2321261350982,18811544,97703841.2015783
2021-08-25,02331.HK,83.24547353507,83.417468315101,78.773609254261,81.267533564712,25978140,2136870965.1295652
2021-08-25,02333.HK,28.717927374266,29.393643312484,28.126675928325,29.055785343375,25533005,737568247.8440456
2021-08-25,02328.HK,5.308731202962,5.3393732301075,5.2551076554573,5.2857496826028,26976210,142899470.604991
2021-08-26,02333.HK,29.140249835652,29.140249835652,26.944173036443,27.070869774859,30197640,848721576.9975756
2021-08-26,02328.HK,5.308731202962,5.3240522165347,5.2321261350982,5.2857496826028,12435962,65876280.8513051
2021-08-26,02331.HK,81.955512684837,81.955512684837,79.934574019471,81.525525734759,16749531,1369115360.4606073
2021-08-27,02328.HK,5.2397866418846,5.3393732301075,5.2321261350982,5.2934101893892,26582854,140001216.75950703
2021-08-27,02333.HK,27.197566513275,28.88685635882,26.986405282582,28.295604912879,30286202,840338699.716564
2021-08-27,02331.HK,82.041510074852,84.492435690296,79.633583154416,84.492435690296,16354829,1361817102.842135
2021-08-30,02331.HK,85.137416115413,87.631340425864,83.847455265179,87.201353475787,14774063,1273071919.6414366
2021-08-30,02328.HK,5.2934101893892,5.3317127233211,5.2168051215254,5.2857496826028,17546560,92813931.72174998
2021-08-30,02333.HK,28.675695128127,30.956236419613,28.675695128127,30.238288235256,37889733,1116117549.802512
2021-08-31,02328.HK,5.2474471486709,5.3929967776122,5.209144614739,5.3853362708258,34322734,182473098.49349782
2021-08-31,02331.HK,86.771366525709,90.0392673463,86.255382185615,89.867272566269,20012997,1767534277.1159194
2021-08-31,02333.HK,29.984894758424,30.322752727533,28.760159620404,30.238288235256,37440300,1127387019.1191387
2021-09-01,02333.HK,30.322752727533,30.74507518892,28.211140420602,29.224714327929,30263280,901050834.3951111
2021-09-01,02328.HK,5.3853362708258,5.469601845476,5.3163917097484,5.4542808319032,26980681,146230125.6054377
2021-09-01,02331.HK,90.297259516347,90.985238636472,88.835303886082,90.469254296378,13484723,1218793183.2201352
2021-09-02,02331.HK,91.071236026487,91.071236026487,85.00842003039,86.1693847956,18762652,1662752044.3743863
2021-09-02,02333.HK,29.562572297038,29.858198020008,28.548998389711,28.929088604959,20092518,587622374.7616354
2021-09-02,02328.HK,5.4542808319032,5.5002438726215,5.4083177911849,5.4466203251168,15347628,83651487.91135629
2021-09-03,02333.HK,28.717927374266,29.224714327929,27.577656728523,28.084443682186,22632480,642789263.4438645
2021-09-03,02328.HK,5.4466203251168,5.469601845476,5.3470337368939,5.4466203251168,24920936,135734876.53853497
2021-09-03,02331.HK,85.653400455506,85.911392625553,82.600493109954,85.911392625553,56708577,4864597639.463151
2021-09-06,02328.HK,5.4312993115441,5.6534540083491,5.4083177911849,5.6228119812036,43912259,242705499.0509809
2021-09-06,02331.HK,85.39540828546,87.545343035849,84.707429165335,86.341379575631,25197380,2163658551.8576484
2021-09-06,02333.HK,28.084443682186,28.633462881988,27.577656728523,28.380069405157,20879050,589462695.9881444
2021-09-07,02333.HK,28.506766143572,28.88685635882,28.295604912879,28.844624112681,16064072,460648431.1882733
2021-09-07,02331.HK,86.94336130574,93.049175996845,86.427376965646,92.619189046767,16080416,1443720253.8446295
2021-09-07,02328.HK,5.6381329947764,5.791343130504,5.5845094472717,5.7607011033585,37201812,212028641.56900203
2021-09-08,02333.HK,28.844624112681,28.971320851097,27.535424482384,27.873282451493,22345299,633689290.4152653
2021-09-08,02328.HK,5.7836826237176,5.7990036372904,5.7147380626402,5.7377195829993,21046515,121242682.18235016
2021-09-08,02331.HK,92.96317860683,93.049175996845,87.459345645833,88.835303886082,12195444,1108556606.2636445
2021-09-09,02333.HK,27.873282451493,28.126675928325,26.901940790305,27.450959990107,26695232,738446743.6013792
2021-09-09,02331.HK,88.147324765958,89.781275176254,87.71733781588,89.609280396222,9666867,859174730.2371538
2021-09-09,02328.HK,5.7300590762129,5.7683616101448,5.5921699540581,5.6840960354947,20463984,116789543.78975128
2021-09-10,02328.HK,5.7070775558538,5.791343130504,5.6994170490674,5.7453800897857,23456012,134314491.98280594
2021-09-10,02331.HK,91.243230806518,91.501222976565,89.26529083616,90.125264736316,7619551,690973250.7909483
2021-09-10,02333.HK,27.746585713077,28.211140420602,27.450959990107,27.873282451493,13260658,368778024.86772525
2021-09-13,02328.HK,5.6611145151355,5.852627184795,5.6151514744172,5.8066641440767,23063074,132241113.91651589
2021-09-13,02331.HK,89.953269956285,89.953269956285,84.406438300281,86.427376965646,16090826,1419055149.6941137
2021-09-13,02333.HK,27.831050205354,28.084443682186,27.113102020998,27.36649549783,15796746,435970804.64829457
2021-09-14,02328.HK,5.8373061712223,5.852627184795,5.6381329947764,5.6840960354947,15273784,87987704.3412594
2021-09-14,02331.HK,86.427376965646,88.147324765958,83.847455265179,85.094417420405,12601186,1080689017.0561922
2021-09-14,02333.HK,27.619888974661,28.88685635882,26.73301180575,28.380069405157,36125210,1011505128.2310925
2021-09-15,02331.HK,86.083387405584,89.351288226176,85.696399150514,88.147324765958,12304129,1071878579.1602614
2021-09-15,02328.HK,5.6764355287083,5.691756542281,5.5691884336989,5.6074909676308,24102451,135985142.7328074
2021-09-15,02333.HK,28.337837159018,28.88685635882,27.408727743968,27.450959990107,13156309,366987327.0161038
2021-09-16,02328.HK,5.5155648861943,5.5462069133398,5.3776757640394,5.4772623522624,20568893,113055143.61765067
2021-09-16,02333.HK,27.493192236245,27.788817959216,24.705863991096,25.085954206344,39732482,1044549994.8027657
2021-09-16,02331.HK,88.577311716036,88.577311716036,84.922422640374,85.524404370483,10630006,925351143.3049967
2021-09-17,02328.HK,5.4542808319032,5.4542808319032,5.308731202962,5.4542808319032,36262378,197785193.2446283
2021-09-17,02331.HK,87.545343035849,90.297259516347,86.1693847956,90.211262126331,16913191,1503215707.3097682
2021-09-17,02333.HK,25.085954206344,26.183992605948,24.790328483373,26.141760359809,31480341,806332961.5965817
2021-09-20,02333.HK,25.634973406146,25.8039023907,24.072380299017,24.917025221789,22006800,556243861.70262
2021-09-20,02328.HK,5.4006572843986,5.4159782979713,5.2780891758165,5.3853362708258,22132022,119357923.32804231
2021-09-20,02331.HK,89.437285616191,89.437285616191,81.783517904806,82.85848528,15270635,1315532914.699678
2021-09-21,02328.HK,5.2857496826028,5.5768489404853,5.2857496826028,5.530885899767,17087689,92415652.42893451
2021-09-21,02333.HK,24.28354152971,25.846134636839,24.241309283571,25.634973406146,16338316,407792235.6363675
2021-09-21,02331.HK,82.127507464868,84.01945004521,80.880545309642,83.030480060031,11870951,980291188.5833436
2021-09-23,02333.HK,26.057295867532,26.606315067334,23.523361099215,24.536935006542,47371272,1198356536.1832786
2021-09-23,02328.HK,5.530885899767,5.7300590762129,5.5155648861943,5.5155648861943,21103011,116556686.22354998
2021-09-23,02331.HK,84.449436995288,85.137416115413,77.913635354105,80.665551834603,22705057,1874472616.4685192
2021-09-24,02333.HK,24.705863991096,26.43738608278,24.410238268126,24.705863991096,43644731,1078280788.0139713
2021-09-24,02328.HK,5.4542808319032,5.5615279269126,5.4542808319032,5.4772623522624,13184916,72065739.31679799
2021-09-24,02331.HK,80.106568799502,80.14956749451,74.602735838506,76.279684943809,29653343,2318687611.3677173
2021-09-27,02333.HK,24.536935006542,24.917025221789,23.396664360799,24.368006021987,23132199,565639413.9775987
2021-09-27,02328.HK,5.370015257253,5.5768489404853,5.370015257253,5.469601845476,25807861,139873665.7402264
2021-09-27,02331.HK,74.430741058475,77.139658843965,71.893818053015,75.6777032137,25113265,1884856569.8724315
2021-09-28,02333.HK,24.621399498819,25.170418698621,23.945683560601,24.410238268126,18228883,446895994.0760108
2021-09-28,02328.HK,5.469601845476,5.5691884336989,5.4312993115441,5.5079043794079,26461930,145243000.648721
2021-09-28,02331.HK,74.258746278443,76.06469146877,71.334835017914,74.559737143498,18339712,1364644063.1175861
2021-09-29,02328.HK,5.5232253929807,5.7070775558538,5.5079043794079,5.6994170490674,31975917,179427141.62380368
2021-09-29,02331.HK,73.74276193835,76.365682333825,72.538798478132,75.634704518693,17048697,1273345582.1268947
2021-09-29,02333.HK,23.692290083769,24.494702760403,23.35443211466,24.241309283571,25499642,611144811.8192981
2021-09-30,02331.HK,75.634704518693,78.128628829144,74.731731923529,77.526647099035,11273561,863336920.1524527
2021-09-30,02328.HK,5.7453800897857,5.8219851576495,5.6840960354947,5.7836826237176,36551342,210701357.09035358
2021-09-30,02333.HK,23.903451314462,24.790328483373,23.734522329908,24.241309283571,22325184,537420319.4935184
2021-10-04,02333.HK,24.28354152971,24.748096237235,22.805412914858,23.607825591492,13235421,316931203.05733323
2021-10-04,02328.HK,5.7836826237176,5.7836826237176,5.6151514744172,5.6611145151355,9671813,55345968.874961115
2021-10-04,02331.HK,77.526647099035,79.633583154416,74.172748888428,75.333713653638,11163857,853255604.2056268
2021-10-05,02328.HK,5.6151514744172,5.6457935015627,5.5462069133398,5.6381329947764,15130472,85133752.7845843
2021-10-05,02331.HK,75.849697993731,78.558615779222,74.172748888428,77.956634049113,9974971,767106850.8718699
2021-10-05,02333.HK,23.191070922153,24.731437256466,22.763191384844,24.47470953408,13379198,318864957.2742358
2021-10-06,02328.HK,5.7147380626402,5.7223985694266,5.5691884336989,5.6457935015627,17642744,100215475.04557568
2021-10-06,02331.HK,78.257624914167,78.300623609175,71.463831102937,72.409802393109,14909110,1123158623.5705907
2021-10-06,02333.HK,25.159316793775,25.202104747506,23.405010690807,23.576162505731,15848846,386200553.0770292
2021-10-07,02328.HK,5.6457935015627,5.7377195829993,5.6228119812036,5.6840960354947,11046846,62579772.4564422
2021-10-07,02333.HK,24.00404204304,25.030952932582,23.875678181847,24.817013163927,15068972,367841556.96212
2021-10-07,02331.HK,73.097781513233,74.12975019342,72.710793258163,73.914756718381,7984959,586944545.1326852
2021-10-08,02333.HK,25.373256562429,25.972287914662,24.046829996771,25.116528840044,29312603,739993517.5289432
2021-10-08,02328.HK,5.6840960354947,5.791343130504,5.6840960354947,5.7453800897857,19191776,109675972.79686467
2021-10-08,02331.HK,73.914756718381,74.645734533513,66.088994226964,69.614887217603,28844221,2070000384.870416
2021-10-11,02328.HK,5.7453800897857,5.8219851576495,5.5921699540581,5.6381329947764,23009440,130964130.65422328
2021-10-11,02331.HK,67.077964212143,71.506829797945,67.077964212143,68.238928977354,23490885,1589356788.235879
2021-10-11,02333.HK,25.330468608698,27.084774711666,25.030952932582,26.100651775855,28182400,724726203.5628132
2021-10-12,02331.HK,68.238928977354,71.03384415286,67.636947247245,69.915878082657,15705047,1084863869.0767024
2021-10-12,02333.HK,25.929499960931,27.76938197136,25.843924053469,26.442955405702,33821775,885664700.803902
2021-10-12,02328.HK,5.5845094472717,5.6611145151355,5.5538674201262,5.5691884336989,16593436,92539085.97561064
2021-10-15,02333.HK,27.897745832553,28.924656722095,27.427078341513,28.496777184786,37456828,1056179974.4012539
2021-10-15,02328.HK,5.63047248799,5.63047248799,5.4772623522624,5.530885899767,45438395,253577105.57973287
2021-10-15,02331.HK,70.64685589779,73.226777598257,69.055904182502,73.226777598257,22975718,1652800015.420265
2021-10-18,02333.HK,28.582353092247,29.18138444448,28.111685601207,28.71071695344,20874248,597974876.4075209
2021-10-18,02331.HK,73.441771073296,75.419711043654,73.226777598257,75.29071495863,17043407,1267454146.7819648
2021-10-18,02328.HK,5.5385464065534,5.63047248799,5.4619413386896,5.4925833658351,24225160,133615441.8584375
2021-10-19,02331.HK,75.892696688739,77.483648404027,72.882788038194,77.483648404027,15707163,1204553626.3581626
2021-10-19,02328.HK,5.5385464065534,5.6764355287083,5.530885899767,5.6611145151355,20184141,113027767.59777935
2021-10-19,02333.HK,28.967444675826,29.18138444448,28.325625369862,28.967444675826,21344263,618288757.5987798
2021-10-20,02328.HK,5.6687750219219,5.7530405965721,5.6074909676308,5.6381329947764,14360368,81185680.03096886
2021-10-20,02331.HK,78.859606644276,79.76257923944,76.752670588895,77.999632744121,13877510,1088407831.6024365
2021-10-20,02333.HK,28.667928999709,29.480900120596,28.667928999709,29.352536259404,24822723,720112968.7290426
2021-10-21,02333.HK,29.395324213135,29.566476028058,28.282837416131,28.667928999709,16191339,470060908.1059982
2021-10-21,02328.HK,5.691756542281,5.7836826237176,5.6457935015627,5.7070775558538,27880131,158900493.95163256
2021-10-21,02331.HK,78.515617084214,78.515617084214,76.150688858786,77.311653623996,7883684,614246480.4229919
2021-10-22,02333.HK,29.010232629556,29.694839889251,28.71071695344,29.095808537018,18222952,529431799.544251
2021-10-22,02331.HK,78.042631439128,80.966542699658,77.82763796409,79.934574019471,11254737,888995949.7157481
2021-10-22,02328.HK,5.7070775558538,5.7607011033585,5.6611145151355,5.7453800897857,18871353,108061685.47420596
2021-10-25,02333.HK,28.839080814633,30.465023056407,28.753504907171,30.336659195215,29405022,870031968.4279304
2021-10-25,02331.HK,78.60161447423,78.9886027293,76.795669283903,78.730610559253,8074676,635203370.7522321
2021-10-25,02328.HK,5.7377195829993,5.852627184795,5.6611145151355,5.7683616101448,19037547,109523780.75014845
2021-10-26,02331.HK,81.912513989829,84.277442215257,79.160597509331,82.127507464868,22958003,1883015652.338499
2021-10-26,02333.HK,31.106842362371,32.347693020567,29.609263981789,29.694839889251,31560268,959458693.3560169
2021-10-26,02328.HK,5.7377195829993,5.7607011033585,5.6611145151355,5.7223985694266,15927775,91267091.70262772
2021-10-27,02331.HK,81.525525734759,83.331470925086,80.020571409487,81.869515294821,11457652,936061759.3213247
2021-10-27,02333.HK,29.309748305673,30.465023056407,29.18138444448,29.694839889251,12622628,372396483.53885853
2021-10-27,02328.HK,5.7223985694266,5.7223985694266,5.5998304608445,5.6228119812036,12645240,71731455.1316255
2021-10-28,02331.HK,76.709671893887,77.354652319004,74.860728008552,75.161718873607,158524286,12037651892.62199
2021-10-28,02333.HK,29.951567611636,30.251083287753,28.539565138516,29.224172398211,15605325,461728327.48458284
2021-10-28,02328.HK,5.6840960354947,5.6840960354947,5.4389598183305,5.4925833658351,15922684,88981367.13834178
2021-10-29,02333.HK,28.839080814633,30.465023056407,28.154473554938,30.037143519098,41801185,1230547972.7378957
2021-10-29,02328.HK,5.4925833658351,5.5845094472717,5.3240522165347,5.5768489404853,30302284,167714540.7324479
2021-10-29,02331.HK,75.634704518693,76.021692773763,72.409802393109,74.387742363467,16937642,1270513248.6270213
2021-11-01,02331.HK,74.817729313545,74.946725398568,70.947846762844,72.452801088117,18857875,1388604626.749121
2021-11-01,02328.HK,5.4542808319032,5.8143246508631,5.4389598183305,5.7300590762129,34869818,194997948.52307257
2021-11-01,02333.HK,30.165507380291,30.165507380291,27.854957878822,28.2400494624,48959373,1429749721.3670053
2021-11-02,02328.HK,5.7836826237176,5.7836826237176,5.5921699540581,5.6457935015627,18036589,103074381.67849663
2021-11-02,02333.HK,28.753504907171,29.352536259404,28.026109693746,28.325625369862,20394638,582054099.6774639
2021-11-02,02331.HK,73.871758023373,75.247716263622,69.786881997634,70.388863727743,17583338,1268291636.1700122
2021-11-03,02328.HK,5.7147380626402,5.7453800897857,5.469601845476,5.5002438726215,27171729,152365224.94241324
2021-11-03,02333.HK,28.325625369862,28.496777184786,27.084774711666,27.76938197136,14292183,400860055.1535441
2021-11-03,02331.HK,70.904848067836,75.892696688739,70.775851982813,75.075721483591,18506994,1350830762.402421
2021-11-04,02331.HK,76.107690163778,78.644613169237,75.118720178599,78.042631439128,18717464,1442651547.5954075
2021-11-04,02333.HK,28.026109693746,29.309748305673,27.812169925091,29.266960351942,20206936,578858699.8283672
2021-11-04,02328.HK,5.5385464065534,5.5462069133398,5.3623547504667,5.4389598183305,66408861,364501842.50747484
2021-11-05,02333.HK,28.967444675826,29.566476028058,28.453989231055,28.753504907171,13272549,383052065.83342856
2021-11-05,02328.HK,5.3853362708258,5.3853362708258,5.2474471486709,5.3240522165347,26300764,140832549.59519273
2021-11-05,02331.HK,79.117598814323,82.170506159876,78.300623609175,79.977572714479,21035238,1673302398.8795867
2021-11-08,02333.HK,28.753504907171,28.967444675826,27.726594017629,27.854957878822,13986200,395868641.10872763
2021-11-08,02331.HK,81.267533564712,81.267533564712,77.139658843965,77.999632744121,10701345,852186446.9215993
2021-11-08,02328.HK,5.3546942436803,5.4542808319032,5.2857496826028,5.3929967776122,16226017,87196108.61111973
2021-11-09,02331.HK,78.730610559253,80.708550529611,78.558615779222,79.76257923944,7562938,599337083.9348737
2021-11-09,02333.HK,27.812169925091,28.796292860902,27.812169925091,28.197261508669,12071865,338069147.4975536
2021-11-09,02328.HK,5.3929967776122,5.3929967776122,5.3010706961756,5.3546942436803,12523674,67300289.30169716
2021-11-10,02331.HK,81.353530954728,81.525525734759,77.82763796409,81.095538784681,9526559,773790323.6837972
2021-11-10,02328.HK,5.3546942436803,5.370015257253,5.1861630943799,5.2551076554573,28443224,150888486.00639808
2021-11-10,02333.HK,27.213138572858,28.154473554938,26.956410850473,28.068897647476,16601249,458875424.2603918
2021-11-11,02333.HK,27.854957878822,28.496777184786,27.255926526589,28.496777184786,9974857,281050249.48068786
2021-11-11,02331.HK,81.095538784681,81.611523124775,79.246594899346,81.439528344743,7681226,624234291.7731385
2021-11-11,02328.HK,5.209144614739,5.3317127233211,5.147860560448,5.3317127233211,28335460,149340020.73415422
2021-11-12,02331.HK,82.47149702493,82.987481365024,81.439528344743,82.643491804961,7735156,638595098.2687322
2021-11-12,02328.HK,5.3546942436803,5.3546942436803,5.2168051215254,5.2704286690301,22925063,121790806.07831469
2021-11-12,02333.HK,28.582353092247,28.839080814633,28.068897647476,28.453989231055,8453885,241089339.41091397
2021-11-15,02331.HK,84.105447435226,84.277442215257,81.69752051479,82.47149702493,6909987,575522260.3597
2021-11-15,02328.HK,5.2244656283118,5.3010706961756,5.1861630943799,5.2627681622437,17396238,91219207.49107282
2021-11-15,02333.HK,28.453989231055,28.71071695344,27.29871448032,28.068897647476,15421260,435827067.25220746
2021-11-16,02331.HK,82.47149702493,83.718459180156,81.267533564712,82.256503549891,8451977,696138636.057187
2021-11-16,02333.HK,28.026109693746,28.71071695344,27.427078341513,28.667928999709,17316702,490876886.6155148
2021-11-16,02328.HK,5.2321261350982,5.3546942436803,5.2321261350982,5.3470337368939,19832359,104904848.24987069
2021-11-17,02331.HK,82.557494414946,83.331470925086,81.267533564712,81.783517904806,6210603,510328392.06804436
2021-11-17,02328.HK,5.3393732301075,5.4083177911849,5.2780891758165,5.3623547504667,20661608,110557454.22862788
2021-11-17,02333.HK,28.667928999709,29.780415796713,28.667928999709,29.438112166866,17661308,513114344.8517802
2021-11-18,02331.HK,81.783517904806,82.213504854884,79.246594899346,79.934574019471,7002221,566192909.6760515
2021-11-18,02328.HK,5.3546942436803,5.3776757640394,5.2857496826028,5.3546942436803,28867469,154576470.08391953
2021-11-18,02333.HK,29.65205193552,30.12271942656,28.667928999709,29.438112166866,18521071,547206562.3709712
2021-11-19,02328.HK,5.3393732301075,5.3929967776122,5.308731202962,5.370015257253,17988949,96325321.66015758
2021-11-19,02333.HK,29.65205193552,29.865991704175,27.897745832553,29.053020583287,19679714,577649518.7596906
2021-11-19,02331.HK,80.14956749451,81.009541394666,78.429619694199,80.880545309642,6447053,519084835.92217326
2021-11-22,02333.HK,29.095808537018,32.00538939072,29.095808537018,31.406358038487,47778731,1445358370.8641224
2021-11-22,02328.HK,5.3546942436803,5.4006572843986,5.2934101893892,5.3470337368939,17975835,96186248.19684252
2021-11-22,02331.HK,82.428498329922,82.987481365024,79.203596204339,80.192566189518,7459232,606514124.1687356
2021-11-23,02333.HK,30.807326686255,31.663085760873,30.079931472829,30.379447148946,18033935,551719151.1018578
2021-11-23,02331.HK,78.945604034292,78.945604034292,75.6777032137,75.849697993731,13410019,1037903970.6532634
2021-11-23,02328.HK,5.3623547504667,5.4619413386896,5.3010706961756,5.3546942436803,31006314,166148093.13295302
2021-11-24,02331.HK,75.849697993731,76.967664063934,75.763700603716,76.150688858786,5681297,431779670.9120222
2021-11-24,02328.HK,5.3546942436803,5.3623547504667,5.2168051215254,5.2474471486709,28260599,149811433.21526948
2021-11-24,02333.HK,30.336659195215,31.235206223564,29.865991704175,30.935690547447,16057723,491947209.86339384
2021-11-25,02331.HK,75.462709738661,75.849697993731,73.183778903249,74.559737143498,11062789,829833337.5605164
2021-11-25,02333.HK,30.935690547447,30.935690547447,29.18138444448,29.523688074327,22468134,679204710.2153767
2021-11-25,02328.HK,5.2704286690301,5.3317127233211,5.2397866418846,5.308731202962,10872637,57511682.526568286
2021-11-26,02333.HK,29.095808537018,29.908779657906,28.453989231055,28.924656722095,12579017,364920209.4211459
2021-11-26,02331.HK,73.398772378288,75.204717568615,73.398772378288,74.215747583436,7830317,577934242.5515634
2021-11-26,02328.HK,5.2474471486709,5.2704286690301,5.2014841079527,5.2168051215254,21752300,113810777.3284955
2021-11-29,02333.HK,28.539565138516,29.566476028058,28.325625369862,28.539565138516,22528956,642966607.2647609
2021-11-29,02328.HK,5.209144614739,5.2934101893892,5.147860560448,5.209144614739,18366744,95675025.59788984
2021-11-29,02331.HK,75.720701908708,77.268654928988,73.828759328366,74.043752803405,6775343,507352774.9412658
2021-11-30,02328.HK,5.1708420808071,5.2551076554573,5.0789159993706,5.1095580265161,35716207,183588449.1379888
2021-11-30,02331.HK,74.51673844849,76.322683638817,73.957755413389,76.193687553794,15175541,1143556124.4625635
2021-11-30,02333.HK,28.753504907171,29.095808537018,27.598230156436,27.897745832553,34976664,990735881.1515388
2021-12-01,02328.HK,5.0789159993706,5.2474471486709,5.0789159993706,5.1631815740207,20457182,104762227.06031209
2021-12-01,02331.HK,76.193687553794,77.698641879066,75.634704518693,75.849697993731,10363349,787839333.7852789
2021-12-01,02333.HK,28.154473554938,28.368413323593,27.384290387782,27.598230156436,16770187,467491633.49766797
2021-12-02,02328.HK,5.147860560448,5.3393732301075,5.1402000536616,5.3240522165347,26210947,137239375.39305818
2021-12-02,02333.HK,27.427078341513,28.453989231055,26.82804698928,27.683806063898,20963897,577669452.1269712
2021-12-02,02331.HK,75.806699298724,77.096660148957,75.419711043654,76.666673198879,7833595,597207324.2151803
2021-12-03,02328.HK,5.3317127233211,5.3546942436803,5.209144614739,5.2244656283118,27511169,145206403.31295708
2021-12-03,02333.HK,27.427078341513,27.641018110167,26.100651775855,27.084774711666,27917432,760915475.4030585
2021-12-03,02331.HK,76.580675808864,77.311653623996,74.473739753482,75.204717568615,11838076,898423511.2462466
2021-12-06,02333.HK,26.400167451971,27.555442202706,25.843924053469,25.972287914662,16928613,443296514.3807516
2021-12-06,02331.HK,75.978694078755,77.311653623996,71.893818053015,72.624795868148,12095473,898714750.1792682
2021-12-06,02328.HK,5.1248790400888,5.3010706961756,5.1248790400888,5.1938236011663,15937057,82224876.07986654
2021-12-07,02333.HK,26.528531313164,26.870834943011,25.41604451616,26.528531313164,36583767,970513608.4129958
2021-12-07,02328.HK,5.2244656283118,5.3393732301075,5.2014841079527,5.3163917097484,18325266,96582007.29400253
2021-12-07,02331.HK,74.301744973451,75.247716263622,72.710793258163,75.204717568615,11524417,861487409.2648244
2021-12-08,02331.HK,77.655643184058,79.461588374385,76.924665368926,79.246594899346,13719997,1076349117.8987942
2021-12-08,02333.HK,26.528531313164,26.956410850473,25.587196331084,26.015075868393,27146151,713178347.3176154
2021-12-08,02328.HK,5.3623547504667,5.3623547504667,5.2397866418846,5.2627681622437,14291790,75926012.69632268
2021-12-09,02331.HK,80.794547919627,81.439528344743,78.300623609175,81.009541394666,10582375,856135774.8286707
2021-12-09,02333.HK,26.35737949824,26.742471081818,26.100651775855,26.442955405702,33098278,873800081.5718879
2021-12-09,02328.HK,5.2780891758165,5.3240522165347,5.2321261350982,5.2627681622437,13365898,70444012.00653207
2021-12-10,02328.HK,5.2321261350982,5.2704286690301,5.2168051215254,5.2474471486709,13058846,68425566.82922748
2021-12-10,02331.HK,79.117598814323,82.557494414946,79.117598814323,80.622553139596,7262062,580021443.6893904
2021-12-10,02333.HK,26.186227683316,26.999198804204,25.244892701236,25.758348146007,36018947,935494461.8669331
2021-12-13,02328.HK,5.2857496826028,5.3240522165347,5.1938236011663,5.2244656283118,58370236,306741874.05444926
2021-12-13,02333.HK,25.801136099738,26.229015637047,24.94537702512,25.073740886313,21037405,535137695.7403671
2021-12-13,02331.HK,82.299502244899,82.514495719938,77.655643184058,78.257624914167,8815187,707670550.0449728
2021-12-14,02333.HK,24.817013163927,24.817013163927,23.790102274386,24.175193857964,28406526,695849201.2823647
2021-12-14,02328.HK,5.1938236011663,5.2474471486709,5.1325395468752,5.2168051215254,37232747,193808152.67145663
2021-12-14,02331.HK,77.354652319004,79.934574019471,76.666673198879,79.203596204339,8493591,664870865.3168147
2021-12-15,02333.HK,24.046829996771,24.260769765426,23.533374552,23.790102274386,23791520,569056665.4339385
2021-12-15,02328.HK,5.1325395468752,5.1938236011663,4.9103848500702,5.0329529586523,52455769,266619363.32059085
2021-12-15,02331.HK,79.203596204339,79.203596204339,75.892696688739,76.752670588895,6842297,533549548.20527226
2021-12-16,02328.HK,4.9793294111476,5.0176319450795,4.9257058636429,4.9793294111476,30310201,150924475.29709542
2021-12-16,02333.HK,23.832890228116,24.817013163927,23.447798644538,24.774225210196,29687341,721508005.5217664
2021-12-16,02331.HK,75.978694078755,77.612644489051,74.559737143498,76.580675808864,6549655,499605619.89064664
2021-12-17,02328.HK,4.9563478907885,4.9640083975748,4.7954772482745,4.8644218093519,34453901,169181913.4962185
2021-12-17,02333.HK,24.431921580349,24.431921580349,23.576162505731,23.747314320655,24065153,579720341.6903771
2021-12-17,02331.HK,76.881666673918,76.881666673918,72.237807613078,72.237807613078,30782333,2295122657.143625
2021-12-20,02331.HK,72.409802393109,72.667794563155,67.937938112299,68.754913317447,19203253,1355410875.231441
2021-12-20,02333.HK,23.362222737076,23.533374552,21.950220263956,22.420887754996,40621468,929888578.8970834
2021-12-20,02328.HK,4.8797428229247,4.8797428229247,4.6346066057605,4.7571747143426,40061548,193034917.2456379
2021-12-21,02331.HK,68.797912012455,70.947846762844,67.679945942252,70.216868947712,15019590,1043972506.9807574
2021-12-21,02333.HK,22.164160032611,22.720403431113,21.993008217687,22.420887754996,28369140,632419731.2966566
2021-12-21,02328.HK,4.7571747143426,4.8644218093519,4.7571747143426,4.7954772482745,29497469,140889527.56754354
2021-12-22,02331.HK,71.807820663,73.957755413389,71.592827187961,73.785760633358,13059012,950654162.6360573
2021-12-22,02328.HK,4.8184587686336,4.82611927542,4.7571747143426,4.8031377550608,16810158,80870278.8877768
2021-12-22,02333.HK,22.848767292306,23.747314320655,22.720403431113,23.533374552,27889167,646779649.8567691
2021-12-23,02331.HK,73.269776293264,73.828759328366,71.119841542875,71.248837627899,7157949,517228433.99918735
2021-12-23,02328.HK,4.8184587686336,4.8950638364974,4.8184587686336,4.887403329711,33461408,162385905.8322224
2021-12-23,02333.HK,23.790102274386,24.560285441542,23.704526366924,24.431921580349,34186659,824274942.9058455
2021-12-24,02333.HK,24.47470953408,24.859801117658,22.977131153498,23.105495014691,13179084,313531756.24271756
2021-12-24,02331.HK,72.58179717314,72.58179717314,69.958876777665,70.130871557696,2931066,209150125.54310828
2021-12-24,02328.HK,4.9027243432838,4.9410268772157,4.8644218093519,4.9027243432838,5440193,26671766.653262123
2021-12-28,02331.HK,70.904848067836,71.893818053015,70.130871557696,70.904848067836,5992151,424872556.25453156
2021-12-28,02328.HK,4.9027243432838,4.9716689043612,4.8950638364974,4.9257058636429,10146700,49863066.39031158
2021-12-28,02333.HK,23.019919107229,23.276646829615,22.164160032611,22.634827523651,27057682,617655808.0644612
2021-12-29,02333.HK,22.378099801266,22.805979338575,22.249735940073,22.805979338575,6336547,143155520.56066105
2021-12-29,02328.HK,4.9180453568566,4.9486873840021,4.8950638364974,4.9333663704293,8341176,41086179.53287785
2021-12-29,02331.HK,71.291836322906,71.893818053015,70.001875472673,70.990845457852,3639440,258914641.69008094
2021-12-30,02328.HK,4.887403329711,4.9793294111476,4.8797428229247,4.887403329711,23662605,115648694.46663615
2021-12-30,02333.HK,22.763191384844,23.191070922153,22.335311847535,22.934343199767,8117431,185473291.93034673
2021-12-30,02331.HK,71.463831102937,72.409802393109,70.216868947712,72.366803698101,5189167,373180591.84929895
2021-12-31,02328.HK,4.887403329711,4.9486873840021,4.8567613025655,4.8797428229247,12276000,59950743.08487792
2021-12-31,02333.HK,23.747314320655,24.217981811695,22.763191384844,22.934343199767,9854007,230000689.9889205
2021-12-31,02331.HK,73.871758023373,75.591705823685,72.366803698101,73.398772378288,8188752,602980925.1838312
2022-01-03,02333.HK,22.977131153498,23.405010690807,22.677615477382,22.934343199767,6244701,143351714.90265414
2022-01-03,02331.HK,73.527768463311,76.365682333825,72.882788038194,73.527768463311,4599502,338191118.1025359
2022-01-03,02328.HK,4.9257058636429,5.0329529586523,4.9257058636429,4.9563478907885,12018714,59384788.90356862
2022-01-04,02331.HK,74.387742363467,74.645734533513,67.163961602159,67.980936807307,26477040,1884750606.5758748
2022-01-04,02328.HK,5.0099714382931,5.1172185333025,4.986989917934,5.0942370129433,45248468,228599976.38554987
2022-01-04,02333.HK,23.319434783346,23.447798644538,22.249735940073,22.506463662458,13128368,300809629.36357147
2022-01-05,02331.HK,66.733974652081,69.055904182502,65.702005971894,68.238928977354,12583247,849198692.3381885
2022-01-05,02328.HK,5.1095580265161,5.2321261350982,5.0406134654387,5.1708420808071,61689770,317097759.06437176
2022-01-05,02333.HK,22.292523893804,22.506463662458,20.23870211472,20.452641883375,52998370,1132712055.785135
2022-01-06,02328.HK,5.2244656283118,5.2321261350982,5.1248790400888,5.209144614739,51034469,266236879.25352928
2022-01-06,02333.HK,20.538217790836,20.794945513222,19.639670762487,20.794945513222,35628201,736313125.0814013
2022-01-06,02331.HK,68.238928977354,69.528889827587,66.088994226964,67.378955077198,11770837,798168003.7455153
2022-01-07,02328.HK,5.1938236011663,5.370015257253,5.1402000536616,5.3546942436803,32577540,171822381.01560196
2022-01-07,02331.HK,67.378955077198,67.378955077198,64.6270385967,65.272019021817,15683657,1040226189.2424177
2022-01-07,02333.HK,21.907432310226,22.164160032611,20.70936960576,21.222825050531,27705371,597469890.7526268
2022-01-10,02331.HK,64.756034681723,66.045995531957,62.606099931334,66.045995531957,17239669,1127491852.7059212
2022-01-10,02333.HK,21.1800370968,21.907432310226,20.367065975913,21.65070458784,16538525,354178646.0599804
2022-01-10,02328.HK,5.3929967776122,5.4389598183305,5.3163917097484,5.3623547504667,21734240,116879695.69781679
2022-01-11,02331.HK,64.498042511676,66.604978567058,64.498042511676,65.444013801848,12252912,796084290.554327
2022-01-11,02328.HK,5.3623547504667,5.4389598183305,5.3393732301075,5.4389598183305,23741482,128219607.70571823
2022-01-11,02333.HK,21.393976865455,21.479552772916,20.281490068451,20.752157559491,24102675,507917290.27539265
2022-01-12,02333.HK,21.094461189338,22.12137207888,21.094461189338,21.993008217687,23099006,497638857.17884344
2022-01-12,02328.HK,5.4849228590487,5.5002438726215,5.3470337368939,5.3929967776122,40341172,219414013.5323574
2022-01-12,02331.HK,66.002996836949,67.937938112299,65.916999446933,67.808942027276,10927963,731145958.4332564
2022-01-13,02331.HK,69.098902877509,69.098902877509,67.206960297167,68.367925062377,9985050,686306575.1605793
2022-01-13,02333.HK,22.249735940073,22.420887754996,21.351188911724,21.821856402764,16864189,371615831.4002779
2022-01-13,02328.HK,5.469601845476,5.5615279269126,5.4083177911849,5.4925833658351,50184948,275068347.3980083
2022-01-14,02333.HK,21.393976865455,22.249735940073,21.265613004262,21.950220263956,13559465,293862061.9646745
2022-01-14,02328.HK,5.5002438726215,5.5002438726215,5.4006572843986,5.4389598183305,16964096,92786850.78843202
2022-01-14,02331.HK,67.077964212143,68.152931587338,64.971028156762,66.088994226964,10105124,672834313.8650115
2022-01-17,02328.HK,5.469601845476,5.469601845476,5.3776757640394,5.4389598183305,19736806,107650082.64879306
2022-01-17,02331.HK,65.745004666902,66.002996836949,63.767064696544,64.197051646622,12365316,803387294.0032597
2022-01-17,02333.HK,22.035796171418,22.078584125149,21.222825050531,21.607916634109,15588798,340176511.44768685
2022-01-18,02331.HK,64.799033376731,66.045995531957,63.939059476575,65.272019021817,9783211,636256275.3035256
2022-01-18,02328.HK,5.4542808319032,5.5002438726215,5.3853362708258,5.4236388047577,17181138,93447519.2151904
2022-01-18,02333.HK,21.607916634109,21.821856402764,21.094461189338,21.693492541571,10991641,237976772.22659025
2022-01-19,02333.HK,21.65070458784,21.864644356495,20.880521420684,21.222825050531,12072554,258796500.86491716
2022-01-19,02328.HK,5.4159782979713,5.5921699540581,5.4159782979713,5.5768489404853,32524943,178770539.66982415
2022-01-19,02331.HK,66.905969432112,67.765943332268,64.369046426653,64.584039901692,9859086,648185655.0813881
2022-01-20,02328.HK,5.5462069133398,5.6534540083491,5.5232253929807,5.5921699540581,30836307,171733204.28238997
2022-01-20,02331.HK,65.78800336191,68.969906792486,64.928029461754,68.668915927431,16203374,1089327875.066503
2022-01-20,02333.HK,21.137249143069,21.607916634109,20.581005744567,21.522340726647,19236066,410301343.1333942
2022-01-21,02331.HK,69.657885912611,70.775851982813,68.410923757385,70.130871557696,18487796,1292193015.6022558
2022-01-21,02328.HK,5.5998304608445,5.5998304608445,5.469601845476,5.530885899767,21553217,119951372.54285496
2022-01-21,02333.HK,21.522340726647,21.736280495302,20.966097328146,21.351188911724,17775628,381051956.94932866
2022-01-24,02331.HK,69.614887217603,70.388863727743,68.10993289233,68.324926367369,9032509,622971303.8322909
2022-01-24,02328.HK,5.5002438726215,5.5385464065534,5.4312993115441,5.5155648861943,21757205,119836604.70317546
2022-01-24,02333.HK,20.538217790836,20.538217790836,19.425730993833,19.939186438604,49778864,1007459600.1051592
2022-01-25,02328.HK,5.5079043794079,5.5462069133398,5.469601845476,5.5232253929807,37820685,208602442.15781546
2022-01-25,02333.HK,19.596882808756,20.195914160989,19.29736713264,19.639670762487,21742807,426556405.82234865
2022-01-25,02331.HK,66.217990311988,69.743883302626,66.217990311988,68.4969211474,11121835,749138508.6454613
2022-01-26,02333.HK,19.725246669949,20.024762346066,18.912275549062,19.211791225178,23772136,462808280.14005643
2022-01-26,02331.HK,68.4969211474,69.485891132579,65.358016411832,65.916999446933,13136594,882870551.3979957
2022-01-26,02328.HK,5.5538674201262,5.6687750219219,5.5155648861943,5.5615279269126,17841149,99155712.29021296
2022-01-27,02333.HK,18.869487595331,18.869487595331,17.799788752058,18.056516474444,26423745,487861657.70434844
2022-01-27,02331.HK,65.40101510684,65.40101510684,62.176112981256,62.606099931334,10964045,701737884.7993581
2022-01-27,02328.HK,5.5462069133398,5.5768489404853,5.4925833658351,5.5615279269126,17096847,94953621.54018237
2022-01-28,02331.HK,63.638068611521,63.85306208656,62.004118201225,62.778094711365,7421384,469091445.9129265
2022-01-28,02328.HK,5.5921699540581,5.6381329947764,5.5385464065534,5.5615279269126,13836465,77163875.17531262
2022-01-28,02333.HK,17.970940566982,17.970940566982,16.909799314455,17.543061029673,25452827,451965869.3586918
2022-01-31,02331.HK,64.068055561599,64.928029461754,63.294079051458,64.799033376731,4981302,320962943.9313406
2022-01-31,02328.HK,5.5002438726215,5.63047248799,5.4849228590487,5.5462069133398,9867459,54500200.11299545
2022-01-31,02333.HK,17.543061029673,17.88536465952,17.200757399825,17.799788752058,4562784,80630894.74924286
2022-02-04,02328.HK,5.5691884336989,5.7377195829993,5.5538674201262,5.6764355287083,18178181,102212493.92328764
2022-02-04,02333.HK,18.398820104291,18.484396011753,17.757000798327,18.142092381905,12866065,235068877.60335472
2022-02-04,02331.HK,67.765943332268,70.130871557696,66.475982482034,69.743883302626,13339379,917147846.853573
2022-02-07,02328.HK,5.6764355287083,5.7377195829993,5.6151514744172,5.6764355287083,13810733,78395735.47870417
2022-02-07,02333.HK,18.441608058022,18.527183965484,17.671424890865,18.056516474444,32865323,599761325.8268595
2022-02-07,02331.HK,70.259867642719,72.022814138039,68.711914622439,69.227898962533,10972503,765264968.7697138
2022-02-08,02328.HK,5.6994170490674,5.9139112390861,5.6994170490674,5.9139112390861,55088427,319879993.81448954
2022-02-08,02333.HK,17.970940566982,17.970940566982,17.200757399825,17.41469716848,28257998,499963640.17870486
2022-02-08,02331.HK,69.657885912611,70.087872862688,67.077964212143,68.066934197323,9342910,643375299.5266517
2022-02-09,02333.HK,17.714212844596,17.928152613251,17.329121261018,17.799788752058,34344690,609858687.7482933
2022-02-09,02328.HK,5.9292322526588,6.1590474562503,5.8449666780086,6.1590474562503,83572848,505125981.34707224
2022-02-09,02331.HK,69.055904182502,71.635825882969,68.367925062377,70.732853287805,14339886,1002277423.1029255
2022-02-10,02331.HK,71.850819358008,71.936816748023,69.27089765754,70.904848067836,6819150,486736154.763472
2022-02-10,02328.HK,6.2050104969686,6.2050104969686,6.0977634019592,6.1513869494639,50831288,314045798.6210375
2022-02-10,02333.HK,18.013728520713,18.099304428175,17.098066310871,17.500273075942,30114737,534747408.9504227
2022-02-11,02331.HK,71.463831102937,71.979815443031,70.345865032735,71.119841542875,10666630,760443640.0769987
2022-02-11,02333.HK,17.115181492364,17.329121261018,16.772877862516,16.909799314455,25878149,440251761.5205012
2022-02-11,02328.HK,6.1590474562503,6.335239112337,6.0977634019592,6.2969365784051,52374752,326189537.36551803
2022-02-14,02331.HK,71.119841542875,71.506829797945,69.313896352548,70.64685589779,7469417,529457289.9485798
2022-02-14,02333.HK,16.721532318039,16.94402967744,16.396343869684,16.567495684608,14950322,248840843.85329476
2022-02-14,02328.HK,6.2662945512596,6.2816155648324,6.1207449223184,6.2279920173277,33397863,208641235.55020934
2022-02-15,02328.HK,6.2050104969686,6.2203315105413,5.9905163069499,6.0824423883865,23161513,142297999.87051985
2022-02-15,02331.HK,70.904848067836,71.678824577976,68.582918537416,68.797912012455,6607941,461573798.0738591
2022-02-15,02333.HK,15.780197335959,16.29365278073,15.574815158051,16.156731328791,41308130,659627400.5421097
2022-02-16,02328.HK,6.1820289766094,6.6263383702195,6.1437264426775,6.4271651937736,67740641,427077447.79760385
2022-02-16,02331.HK,69.227898962533,70.603857202782,68.152931587338,69.141901572517,12112427,837997053.992677
2022-02-16,02333.HK,16.3621135067,17.286333307287,16.310767962223,17.286333307287,34028244,572498779.203686
2022-02-17,02333.HK,17.286333307287,17.329121261018,16.430574232669,16.687301955055,35702269,606467932.5220098
2022-02-17,02328.HK,6.4654677277055,6.4807887412783,6.3122575919779,6.4041836734145,28514442,183485464.21872747
2022-02-17,02331.HK,69.657885912611,70.603857202782,68.453922452393,70.216868947712,9139405,639186016.972105
2022-02-18,02333.HK,16.464804595654,16.738647499532,16.276537599238,16.430574232669,10848051,178425373.5969841
2022-02-18,02331.HK,70.130871557696,70.130871557696,67.593948552237,67.593948552237,8684939,598065830.7203707
2022-02-18,02328.HK,6.4424862073464,6.5344122887829,6.3658811394826,6.4501467141327,28795806,185626878.2180627
2022-02-21,02333.HK,16.208076873268,16.5846108661,16.156731328791,16.327883143715,11556655,188003432.5050333
2022-02-21,02331.HK,66.905969432112,69.227898962533,65.530011191863,68.797912012455,12048597,817520689.4306828
2022-02-21,02328.HK,6.4424862073464,6.5420727955693,6.4195046869872,6.5344122887829,15996029,103789422.33707035
2022-02-22,02331.HK,67.937938112299,67.937938112299,65.315017716824,66.045995531957,8443497,565646470.8867373
2022-02-22,02328.HK,6.3735416462689,6.5267517819966,6.3275786055506,6.496109754851,24257138,156090455.02442938
2022-02-22,02333.HK,16.036925058345,16.036925058345,14.924438261341,15.42077852462,42225286,664155265.3469608
2022-02-23,02328.HK,6.43482570056,6.4654677277055,6.3582206326962,6.3812021530553,20064204,128571698.66230975
2022-02-23,02333.HK,15.42077852462,15.831542880436,15.42077852462,15.677506247005,22336502,347313449.99898565
2022-02-23,02331.HK,66.776973347089,67.249958992175,65.702005971894,66.733974652081,6304470,420857883.1661637
2022-02-24,02328.HK,6.3199180987643,6.3582206326962,6.1667079630367,6.2586340444732,29568130,185962132.4915125
2022-02-24,02333.HK,15.266741891188,15.489239250589,14.376752453585,14.821747172387,43597083,655885177.5246357
2022-02-24,02331.HK,65.272019021817,66.56197987205,63.251080356451,64.111054256606,14991482,969822007.0790797
2022-02-25,02328.HK,6.1667079630367,6.4041836734145,6.1667079630367,6.2279920173277,30742234,190520383.5780789
2022-02-25,02331.HK,66.303987702003,67.33595638219,65.78800336191,66.17499161698,8277654,548307576.5378485
2022-02-25,02333.HK,14.890207898356,15.403663343127,14.890207898356,15.027129350295,28367629,424341961.8688062
2022-02-28,02331.HK,66.647977262066,67.33595638219,65.100024241785,66.776973347089,16803443,1120999276.1693757
2022-02-28,02333.HK,15.010014168803,15.010014168803,13.606569286429,13.914642553292,53762023,777524029.980188
2022-02-28,02328.HK,6.2586340444732,6.3428996191234,6.1207449223184,6.3199180987643,30444841,191476010.00553745
2022-03-01,02328.HK,6.3275786055506,6.3582206326962,6.1896894833958,6.2509735376868,16138619,101500230.3056709
2022-03-01,02331.HK,67.206960297167,67.464952467214,64.971028156762,65.616008581879,10239048,679990376.9275292
2022-03-01,02333.HK,14.188485457169,14.222715820154,13.726375556876,14.051564005231,36836903,520137981.3808155
2022-03-02,02328.HK,6.2509735376868,6.2816155648324,5.8832692119406,5.9981768137363,49024003,300251191.7878086
2022-03-02,02331.HK,65.530011191863,66.17499161698,64.756034681723,64.842032071739,5841925,380811849.42135906
2022-03-02,02333.HK,13.82906664583,14.085794368215,13.281380838074,13.349841564044,29482357,400649137.35686815
2022-03-03,02333.HK,13.435417471505,13.53810856046,11.672553777792,11.895051137193,72576490,919198250.8372421
2022-03-03,02331.HK,64.799033376731,65.530011191863,63.46607383149,64.584039901692,6777605,438453682.1836031
2022-03-03,02328.HK,5.952213773018,6.2586340444732,5.952213773018,6.1207449223184,22109252,133462043.09039184
2022-03-04,02328.HK,6.0594608680273,6.1284054291047,5.9751952933771,6.0747818816001,16085269,97591279.36952819
2022-03-04,02333.HK,11.723899322269,12.442736944948,11.347365329437,11.860820774208,69672666,821605162.9926649
2022-03-04,02331.HK,63.337077746466,65.186021631801,62.219111676264,63.294079051458,10815201,684770706.8160323
2022-03-07,02328.HK,5.8985902255133,5.9675347865907,5.6611145151355,5.8832692119406,45301229,266866356.21095514
2022-03-07,02331.HK,61.359137776108,62.563101236326,59.38119780575,61.574131251147,15310362,941076425.3253309
2022-03-07,02333.HK,10.987946518097,11.381595692422,10.799679521681,11.022176881082,58497148,643764722.9900186
2022-03-08,02328.HK,5.952213773018,5.9905163069499,5.6687750219219,5.7530405965721,42904455,251103779.68181592
2022-03-08,02331.HK,61.058146911054,62.09011559124,58.091236955517,58.349229125563,12868177,768277624.972373
2022-03-08,02333.HK,10.93660097362,11.022176881082,10.388915165865,10.491606254819,40700416,436068474.16583717
2022-03-09,02331.HK,57.618251310431,57.618251310431,51.254444449279,52.888394859575,63347327,3500150325.3023343
2022-03-09,02328.HK,5.791343130504,5.8756087051542,5.5845094472717,5.7223985694266,26902426,154873792.03274858
2022-03-09,02333.HK,10.696988432727,10.868140247651,9.6871927246778,10.577182162281,62163466,661238090.2304899
2022-03-10,02333.HK,11.107752788544,11.535632325853,10.525836617804,10.816794703174,47494115,520643489.9473082
2022-03-10,02328.HK,6.0058373205226,6.0977634019592,5.8066641440767,5.8909297187269,36529680,217292546.48916584
2022-03-10,02331.HK,53.791367454738,54.393349184847,51.684431399357,52.286413129466,48659159,2580827795.9069476
2022-03-11,02333.HK,10.542951799296,10.953716155113,9.9439204470633,10.851025066159,50802672,543435594.7356493
2022-03-11,02328.HK,5.7530405965721,5.8296456644359,5.6534540083491,5.7836826237176,30107655,173671841.27348563
2022-03-11,02331.HK,49.87848620903,51.856426179388,47.728551458641,50.609464024162,49748611,2499567973.1692142
2022-03-14,02328.HK,5.9292322526588,5.9292322526588,5.5155648861943,5.6151514744172,39949102,230593881.52004963
2022-03-14,02333.HK,10.508721436311,10.508721436311,9.5502712727389,9.6187319987084,49930459,502486494.2558226
2022-03-14,02331.HK,47.642554068625,47.986543628687,44.202658468002,44.933636283135,45885514,2123953039.2261744
2022-03-15,02333.HK,9.2593131873688,10.64564288825,8.9170095575215,9.6871927246778,84562825,801085031.900931
2022-03-15,02328.HK,5.5155648861943,5.5232253929807,5.1785025875935,5.2627681622437,44241984,238427419.1378326
2022-03-15,02331.HK,41.794731547566,47.083571033524,41.794731547566,43.815670212932,72866871,3119081050.670191
2022-03-16,02331.HK,42.396713277675,50.308473159108,42.396713277675,49.792488819014,82190712,3788548079.519381
2022-03-16,02333.HK,10.337569621388,11.210443877498,9.7214230876626,11.176213514513,68199259,733612034.0775722
2022-03-16,02328.HK,5.4159782979713,5.5998304608445,5.3240522165347,5.530885899767,53004540,290116750.6217938
2022-03-17,02331.HK,53.404379199668,56.113296985158,50.351471854115,54.995330914956,56370097,3055251086.966618
2022-03-17,02333.HK,12.100433315101,12.151778859578,10.012381173033,10.542951799296,103296685,1169493309.747778
2022-03-17,02328.HK,5.7070775558538,5.9139112390861,5.6228119812036,5.8756087051542,46924492,271755834.3965899
2022-03-18,02328.HK,5.8985902255133,6.1207449223184,5.7530405965721,6.0518003612409,89412036,534254376.6784638
2022-03-18,02333.HK,10.508721436311,11.039292062575,10.286224076911,10.765449158697,47388993,504080760.70382
2022-03-18,02331.HK,55.89830351012,55.89830351012,50.781458804193,52.114418349435,64590282,3488286082.248111
2022-03-21,02328.HK,5.9751952933771,5.9905163069499,5.8756087051542,5.9368927594452,28886474,172049110.911781
2022-03-21,02331.HK,52.802397469559,55.726308730088,52.114418349435,53.447377894676,27606436,1466588811.8035653
2022-03-21,02333.HK,11.056407244067,11.107752788544,10.35468480288,10.474491073327,38151408,410717043.156706
2022-03-22,02328.HK,6.013497827309,6.0901028951728,5.9598742798044,5.9751952933771,19571851,117320457.72139668
2022-03-22,02331.HK,53.920363539761,58.908212160664,53.834366149746,58.177234345532,38028970,2131478093.5259354
2022-03-22,02333.HK,10.560066980788,11.073522425559,10.337569621388,11.00506169959,42504325,458305619.0488038
2022-03-23,02328.HK,5.9368927594452,6.0441398544546,5.8985902255133,6.0288188408818,30270603,181104652.73299667
2022-03-23,02331.HK,58.435226515579,59.510193890773,55.855304815112,57.919242175485,29260193,1702277105.156495
2022-03-23,02333.HK,11.124867970036,11.518517144361,10.919485792128,11.193328696006,58132933,648711115.7339214
2022-03-24,02331.HK,57.704248700446,60.499163875952,57.102266970338,59.510193890773,22118845,1296324043.7182858
2022-03-24,02328.HK,5.9751952933771,6.013497827309,5.9215717458725,5.9675347865907,20115686,120118104.13569357
2022-03-24,02333.HK,11.124867970036,11.415826055407,10.970831336605,11.073522425559,19756791,219284479.79108885
2022-03-25,02333.HK,11.00506169959,11.210443877498,10.012381173033,10.080841899002,40895866,431163144.0284681
2022-03-25,02328.HK,5.9139112390861,5.9828558001635,5.7300590762129,5.8832692119406,24282397,143231909.59623468
2022-03-25,02331.HK,58.134235650524,59.080206940696,55.296321780011,56.156295680166,21405205,1223206126.346171
2022-03-28,02331.HK,56.113296985158,56.113296985158,52.802397469559,55.425317865034,21441021,1195750891.6569393
2022-03-28,02333.HK,10.080841899002,10.217763350941,9.7727686321397,10.012381173033,27367700,274952650.5342662
2022-03-28,02328.HK,5.7223985694266,5.8449666780086,5.5921699540581,5.8219851576495,49052414,283139944.97769994
2022-03-29,02333.HK,10.097957080495,10.474491073327,10.080841899002,10.457375891834,26616600,273556537.795646
2022-03-29,02331.HK,55.554313950057,57.618251310431,55.167325694987,56.156295680166,16669441,931076708.152517
2022-03-29,02328.HK,5.852627184795,6.0518003612409,5.8296456644359,5.9981768137363,44484578,263589007.41768873
2022-03-30,02331.HK,56.500285240229,58.60722129561,56.070298290151,58.349229125563,17231305,989503505.5694218
2022-03-30,02333.HK,10.696988432727,11.6554385963,10.560066980788,11.518517144361,76847702,853605276.1836984
2022-03-30,02328.HK,6.1207449223184,6.2816155648324,6.0824423883865,6.2203315105413,36034819,222354227.76163247
2022-03-31,02333.HK,11.535632325853,11.552747507345,10.594297343773,10.748333977204,32984034,367507551.09744316
2022-03-31,02331.HK,58.779216075641,59.682188670805,55.726308730088,58.134235650524,13280846,776354773.8518157
2022-03-31,02328.HK,6.1820289766094,6.2433130309005,6.1360659358911,6.1437264426775,17527056,108017102.73807248
2022-04-01,02331.HK,56.328290460197,57.962240870493,55.597312645065,57.360259140384,9545095,542584003.174879
2022-04-01,02333.HK,10.406030347357,10.816794703174,10.320454439895,10.731218795712,22596062,238809296.073117
2022-04-01,02328.HK,6.1207449223184,6.1590474562503,6.0058373205226,6.1360659358911,15247105,93440441.06013018
2022-04-04,02331.HK,58.478225210587,58.478225210587,56.328290460197,57.747247395454,14728162,855893794.5341669
2022-04-04,02328.HK,6.113084415532,6.2433130309005,6.0901028951728,6.2279920173277,11092508,68446744.53005384
2022-04-04,02333.HK,10.919485792128,11.193328696006,10.71410361422,11.039292062575,28303599,310756221.464797
2022-04-06,02333.HK,10.868140247651,10.902370610636,10.286224076911,10.337569621388,36397264,385914910.205409
2022-04-06,02331.HK,55.89830351012,57.016269580322,53.705370064723,54.307351794832,17842143,983152530.6798311
2022-04-06,02328.HK,6.1590474562503,6.4041836734145,6.0824423883865,6.3122575919779,45629823,284531720.9648296
2022-04-07,02328.HK,6.2816155648324,6.4195046869872,6.2586340444732,6.2662945512596,29618317,185823989.75295982
2022-04-07,02331.HK,54.52234526987,56.457286545221,54.092358319793,54.694340049902,13376052,730444031.0524535
2022-04-07,02333.HK,10.183532987956,10.902370610636,10.166417806464,10.217763350941,26836735,273752091.7517245
2022-04-08,02328.HK,6.1973499901822,6.4654677277055,6.1973499901822,6.4271651937736,32329708,204073444.76942867
2022-04-08,02331.HK,53.920363539761,54.092358319793,50.824457499201,51.985422264411,27038421,1431762611.454513
2022-04-08,02333.HK,10.251993713926,10.423145528849,9.9268052655709,10.388915165865,21386234,220715653.63794407
2022-04-11,02331.HK,51.899424874396,51.899424874396,47.943544933679,49.018512308874,29979021,1512710479.046966
2022-04-11,02333.HK,10.097957080495,10.183532987956,8.8314336500597,9.036815827968,75408172,721459123.331159
2022-04-11,02328.HK,6.43482570056,6.43482570056,6.2509735376868,6.3045970851915,27124636,172776102.95680773
2022-04-12,02333.HK,9.1395069169222,9.5331560912466,8.9170095575215,9.3791194578153,43430952,402140786.59357923
2022-04-12,02331.HK,48.889516223851,54.479346574863,48.889516223851,52.888394859575,25249425,1284916866.278817
2022-04-12,02328.HK,6.2433130309005,6.3965231666281,6.2279920173277,6.2816155648324,18239922,114226860.3208688
2022-04-13,02331.HK,52.458407909497,53.36138050466,51.469437924318,52.028420959419,14519630,758555047.5249895
2022-04-13,02328.HK,6.3428996191234,6.3888626598417,6.2279920173277,6.3275786055506,16157024,102358610.3837676
2022-04-13,02333.HK,9.3277739133382,9.7727686321397,9.0881613724451,9.6187319987084,39824852,377270896.9321904
2022-04-14,02331.HK,52.931393554582,55.468316560042,51.770428789372,54.995330914956,19917496,1074815051.4575627
2022-04-14,02328.HK,6.3812021530553,6.4578072209191,6.3199180987643,6.3888626598417,14486794,92498649.1555437
2022-04-14,02333.HK,9.8241141766168,10.132187443479,9.8069989951244,9.8754597210938,30563624,301045184.78492063
2022-04-19,02331.HK,53.318381809652,53.920363539761,50.480467939139,50.996452279232,20166776,1051846946.2738439
2022-04-19,02333.HK,9.9610356285557,10.217763350941,9.5845016357237,9.7214230876626,40603753,399590846.0730125
2022-04-19,02328.HK,6.3658811394826,6.4578072209191,6.2586340444732,6.4118441802008,32700441,208918626.46525657
2022-04-20,02333.HK,9.7556534506473,10.35468480288,9.7214230876626,9.9268052655709,63491401,624833439.5086775
2022-04-20,02331.HK,51.899424874396,54.608342659886,51.211445754271,53.232384419637,16858198,886166428.5885242
2022-04-20,02328.HK,6.43482570056,6.6110173566467,6.3582206326962,6.4118441802008,29030757,186474275.78379288
2022-04-21,02328.HK,6.4118441802008,6.4195046869872,6.1896894833958,6.3045970851915,25761009,163794178.94287124
2022-04-21,02331.HK,51.856426179388,53.791367454738,51.168447059263,52.329411824473,18312422,953947515.97517
2022-04-21,02333.HK,9.7556534506473,9.978150810048,9.1566220984146,9.3620042763229,35563049,339941099.25473493
2022-04-22,02331.HK,51.942423569403,54.221354404816,50.65246271917,53.318381809652,13610370,716319253.8534644
2022-04-22,02333.HK,9.0539310094604,9.5845016357237,8.9854702834909,9.5673864542313,31242045,290884019.079971
2022-04-22,02328.HK,6.3045970851915,6.3428996191234,6.0518003612409,6.2509735376868,18929022,118832336.27150851
2022-04-25,02333.HK,9.5673864542313,9.7727686321397,8.5918211091666,8.7116273796131,45848391,419031686.6742536
2022-04-25,02328.HK,6.1590474562503,6.1590474562503,5.9445532662316,6.0058373205226,30081688,182970134.20541602
2022-04-25,02331.HK,51.641432704349,51.770428789372,49.319503173929,49.448499258952,18787578,949617490.8876053
2022-04-26,02331.HK,50.394470549123,52.114418349435,49.448499258952,50.781458804193,21164747,1070681473.6264035
2022-04-26,02328.HK,5.9675347865907,6.0747818816001,5.8449666780086,5.8832692119406,29034686,172042186.47245038
2022-04-26,02333.HK,8.848548831552,9.2593131873688,8.8143184685673,8.9170095575215,48385346,429796344.7692619
2022-04-27,02331.HK,49.405500563944,53.662371369715,48.803518833835,52.243414434458,19204130,976039488.994131
2022-04-27,02333.HK,8.6431666536437,9.0539310094604,8.4206692942429,8.9683551019986,38314126,337385031.79871017
2022-04-27,02328.HK,5.8832692119406,5.9445532662316,5.7607011033585,5.9062507322997,19059672,112352191.58733921
2022-04-28,02331.HK,52.243414434458,52.501406604505,50.222475769092,51.555435314333,14703133,763084146.5517454
2022-04-28,02333.HK,9.0539310094604,9.1223917354298,8.6773970166284,9.0881613724451,18911801,171549820.4251064
2022-04-28,02328.HK,6.0058373205226,6.1667079630367,5.8679481983678,6.1590474562503,20399188,124076885.77986422
2022-04-29,02333.HK,9.0025854649833,9.7385382691549,9.0025854649833,9.6700775431855,46704592,436049553.6750082
2022-04-29,02328.HK,6.1667079630367,6.2433130309005,6.0824423883865,6.174368469823,29955805,184843439.5564204
2022-04-29,02331.HK,51.555435314333,54.006360929777,51.03945097424,53.791367454738,17771959,936109529.7965082
2022-05-03,02328.HK,6.174368469823,6.273955058046,6.0747818816001,6.2050104969686,13368949,82749643.0293548
2022-05-03,02333.HK,9.4818105467695,9.4818105467695,8.8998943760291,9.3277739133382,26174444,246165207.55717963
2022-05-03,02331.HK,53.791367454738,53.920363539761,52.329411824473,53.146387029621,7565131,404499060.76000667
2022-05-04,02331.HK,52.931393554582,53.103388334614,50.007482294053,51.082449669248,7730975,402064210.8086746
2022-05-04,02333.HK,9.3791194578153,9.4133498208,8.9683551019986,9.0710461909527,17401241,160527889.47206667
2022-05-04,02328.HK,6.2126710037549,6.3045970851915,6.1896894833958,6.2892760716187,11468027,71686333.30647774
2022-05-05,02331.HK,51.555435314333,51.942423569403,49.362501868936,51.03945097424,14438273,740646488.3191869
2022-05-05,02333.HK,9.2935435503535,9.3620042763229,8.848548831552,8.8827791945367,40331797,366541879.5766972
2022-05-05,02328.HK,6.3122575919779,6.3122575919779,6.113084415532,6.1360659358911,15022100,93499980.43400045
2022-05-06,02328.HK,6.0518003612409,6.0747818816001,5.8296456644359,5.9368927594452,30613913,183510404.0901914
2022-05-06,02331.HK,49.018512308874,49.362501868936,46.9545749485,47.298564508563,32261316,1553657825.7018046
2022-05-06,02333.HK,8.5575907461818,8.6431666536437,8.2580750700655,8.3179782052887,45142674,380904153.87037724
2022-05-10,02331.HK,44.976634978142,48.158538408718,44.546648028065,47.298564508563,26020650,1200530334.7618651
2022-05-10,02333.HK,7.8474750270965,8.1841653747937,7.7352449111974,7.8647411987733,41152838,323301144.4820956
2022-05-10,02328.HK,5.6994170490674,5.9368927594452,5.6764355287083,5.8909297187269,23757881,137681039.62899584
2022-05-11,02333.HK,7.8388419412581,8.7194166967739,7.769777254551,8.3309278340463,107083365,865756679.4074445
2022-05-11,02328.HK,5.8296456644359,5.9139112390861,5.7683616101448,5.852627184795,26987455,157637406.40817034
2022-05-11,02331.HK,47.298564508563,51.297443144287,47.040572338516,49.405500563944,19668202,950997543.0336062
2022-05-12,02333.HK,8.1668992031169,8.7021505250971,8.0892014305714,8.5208557224909,100302355,836910559.350656
2022-05-12,02331.HK,47.34156320357,49.233505783913,46.911576253493,48.416530578765,13305699,637064186.3407605
2022-05-12,02328.HK,5.8143246508631,5.8756087051542,5.6764355287083,5.7223985694266,22553512,130096812.79474121
2022-05-13,02331.HK,49.577495343975,49.663492733991,47.298564508563,49.061511003882,20428757,1007536145.7009141
2022-05-13,02328.HK,5.8219851576495,5.8219851576495,5.7147380626402,5.7453800897857,21899847,126661764.555974
2022-05-13,02333.HK,8.7194166967739,9.8244516840878,8.7021505250971,9.5827252806129,144631617,1323534194.3765152
2022-05-16,02331.HK,49.577495343975,49.964483599045,48.588525358796,49.233505783913,7094719,350518143.55552423
2022-05-16,02328.HK,5.7453800897857,5.852627184795,5.7147380626402,5.7530405965721,10279411,59098496.04298696
2022-05-16,02333.HK,9.8417178557646,9.962581057502,9.3064665337844,9.8762501991181,108039757,1065162238.5916448
2022-05-17,02328.HK,5.6764355287083,5.8832692119406,5.6764355287083,5.8602876915814,18354855,105877440.94177525
2022-05-17,02331.HK,49.577495343975,51.168447059263,49.10450969889,51.03945097424,12372167,622424831.4394956
2022-05-17,02333.HK,9.9280487141485,11.1539469032,9.807185512411,11.033083701462,130398043,1366645323.0297358
2022-05-18,02331.HK,50.222475769092,52.286413129466,50.136478379076,52.20041573945,14520366,743608935.741161
2022-05-18,02328.HK,5.8985902255133,5.8985902255133,5.791343130504,5.852627184795,15367513,90293493.15936957
2022-05-18,02333.HK,11.395673306675,11.63739971015,10.532364722836,10.756824954634,174593280,1933838665.8181176
2022-05-19,02328.HK,5.7147380626402,5.952213773018,5.7147380626402,5.8985902255133,16237511,94285772.91275181
2022-05-19,02333.HK,10.273372147684,10.929486671402,10.100710430916,10.67049409625,115324259,1207667927.5884008
2022-05-19,02331.HK,50.738460109185,50.996452279232,49.663492733991,50.437469244131,14218452,719282547.5327574
2022-05-20,02331.HK,50.824457499201,52.114418349435,50.093479684069,51.254444449279,13096542,668440313.3410751
2022-05-20,02333.HK,10.791357297987,10.946752843078,10.359703006068,10.705026439604,68237349,733428119.6699607
2022-05-20,02328.HK,5.9445532662316,6.0288188408818,5.9215717458725,5.9751952933771,16929771,100899306.74587756
2022-05-23,02328.HK,5.9828558001635,6.0364793476682,5.9062507322997,6.0211583340954,15649534,93928613.6652826
2022-05-23,02333.HK,10.635961752896,10.964019014755,10.100710430916,10.204307460977,76690226,799122477.9563813
2022-05-23,02331.HK,51.03945097424,51.125448364255,46.481589303415,46.56758669343,30682131,1497395958.1206927
2022-05-24,02333.HK,11.568335023443,11.585601195119,10.61869558122,10.72229261128,208669375,2325685668.4476886
2022-05-24,02328.HK,6.0518003612409,6.113084415532,5.9445532662316,5.9905163069499,11737674,70674393.6279949
2022-05-24,02331.HK,47.298564508563,48.029542323695,44.417651943041,44.933636283135,26865707,1238941641.2174633
2022-05-25,02328.HK,5.9751952933771,6.0058373205226,5.8602876915814,5.9139112390861,20505655,121896958.40646833
2022-05-25,02333.HK,10.756824954634,12.069054002069,10.584163237866,11.879126113625,124396056,1407911518.3502033
2022-05-25,02331.HK,44.116661077987,44.890637588127,43.256687177831,43.557678042885,34993072,1533997230.7045453
2022-05-26,02331.HK,43.428681957862,44.288655858018,41.880728937582,43.643675432901,31316411,1363396865.3940108
2022-05-26,02333.HK,11.913658456978,11.913658456978,11.136680731523,11.620133538473,83951004,987842732.9726374
2022-05-26,02328.HK,5.9139112390861,5.9598742798044,5.852627184795,5.9368927594452,15451367,91555560.9131873
2022-05-27,02328.HK,5.9751952933771,6.0594608680273,5.9598742798044,6.0288188408818,17378645,104306750.10713387
2022-05-27,02333.HK,11.913658456978,12.017255487039,10.998551358109,11.274810104937,93610207,1085338671.046928
2022-05-27,02331.HK,45.234627148189,47.126569728532,44.331654553026,45.277625843197,27202693,1231088515.4315023
2022-05-30,02333.HK,11.482004165059,11.74099674021,11.067616044816,11.361140963321,67959950,776209500.3837242
2022-05-30,02331.HK,46.266595828376,50.953453584224,46.223597133368,50.2654744641,42574300,2054892660.1264803
2022-05-30,02328.HK,6.0441398544546,6.0671213748137,5.9292322526588,5.952213773018,25200317,151155957.12820473
2022-05-31,02328.HK,5.9368927594452,5.9445532662316,5.791343130504,5.8373061712223,53176543,313055597.86359715
2022-05-31,02331.HK,50.523466634147,53.232384419637,50.2654744641,52.630402689528,48315587,2491969873.8473253
2022-05-31,02333.HK,11.430205650028,12.310780405544,11.136680731523,12.189917203807,126737495,1496777601.0436494
2022-06-01,02328.HK,5.8373061712223,5.8756087051542,5.7070775558538,5.7377195829993,32580195,188558298.1012809
2022-06-01,02331.HK,52.802397469559,52.931393554582,51.42643922931,52.673401384536,18168889,958189040.7831895
2022-06-01,02333.HK,12.258981890514,12.932362585908,11.965456972009,12.22444954716,96922088,1186492648.172103
2022-06-02,02328.HK,5.7377195829993,5.9062507322997,5.7147380626402,5.8756087051542,28930195,167987925.9876485
2022-06-02,02333.HK,12.17265103213,13.174088989383,11.999989315362,13.018693444292,94279776,1187517157.1879518
2022-06-02,02331.HK,51.598434009341,52.458407909497,50.007482294053,51.598434009341,18130489,935504840.2235829
2022-06-06,02328.HK,5.8756087051542,6.0364793476682,5.8219851576495,6.013497827309,29844757,177413747.70423838
2022-06-06,02331.HK,53.146387029621,54.608342659886,52.888394859575,54.479346574863,27098427,1458244042.7012782
2022-06-06,02333.HK,12.984161100939,13.277686019444,12.742434697464,13.053225787646,73685871,959293765.7246827
2022-06-07,02333.HK,13.053225787646,13.174088989383,12.414377435605,12.604305324049,61872290,793745102.8134078
2022-06-07,02331.HK,55.683310035081,55.812306120104,54.264353099824,54.52234526987,19096209,1052255113.3426515
2022-06-07,02328.HK,6.0518003612409,6.0518003612409,5.8679481983678,6.0364793476682,30604241,184976312.743432
2022-06-08,02331.HK,55.339320475018,57.618251310431,54.952332219948,56.801276105283,26641428,1493792814.8355677
2022-06-08,02333.HK,12.673370010756,13.19135516106,12.638837667403,12.897830242555,64905063,829850181.7133833
2022-06-08,02328.HK,6.0901028951728,6.3428996191234,6.0288188408818,6.2816155648324,44043462,272446655.9339688
2022-06-09,02333.HK,13.208621332737,13.24315367609,12.155384860453,12.276248062191,58163472,741144243.7377758
2022-06-09,02328.HK,6.2509735376868,6.4195046869872,6.2203315105413,6.2509735376868,27891456,174348753.38355574
2022-06-09,02331.HK,56.801276105283,57.618251310431,53.920363539761,54.350350489839,25175692,1399159558.2289
2022-06-10,02328.HK,6.0977634019592,6.2279920173277,6.0977634019592,6.1590474562503,13844879,84847031.62889834
2022-06-10,02331.HK,53.017390944598,57.317260445376,52.716400079544,56.199294375174,14576473,795997032.3565764
2022-06-10,02333.HK,11.913658456978,13.433081564535,11.654665881826,13.398549221181,100506059,1272015119.1606507
2022-06-13,02333.HK,13.122290474353,14.244591633343,12.915096414231,13.640275624656,92565660,1238647297.1241968
2022-06-13,02328.HK,6.0364793476682,6.1590474562503,6.0058373205226,6.1437264426775,12761783,77720571.59586765
2022-06-13,02331.HK,53.576373979699,55.253323085003,52.028420959419,54.479346574863,15830791,855303764.2268375
2022-06-14,02333.HK,13.225887504413,14.227325461667,13.087758130999,14.089196088252,78155535,1067412485.8772277
2022-06-14,02328.HK,6.0671213748137,6.273955058046,6.0671213748137,6.2279920173277,20008533,123003591.02270156
2022-06-14,02331.HK,53.146387029621,56.027299595143,53.103388334614,54.608342659886,15245949,821411556.6775048
2022-06-15,02333.HK,14.089196088252,15.107900217182,14.037397573222,14.192793118313,102145741,1444442372.2292922
2022-06-15,02331.HK,54.006360929777,57.317260445376,54.006360929777,55.726308730088,13665295,749764651.0198025
2022-06-15,02328.HK,6.3428996191234,6.5037702616374,6.2279920173277,6.43482570056,36743018,234746095.71009147
2022-06-16,02331.HK,57.618251310431,58.306230430555,53.963362234769,54.178355709808,12261439,685393638.6928161
2022-06-16,02328.HK,6.4884492480646,6.5037702616374,6.3122575919779,6.3582206326962,32695609,210014847.68671587
2022-06-16,02333.HK,14.451785693465,14.641713581909,13.484880079565,13.72660648304,54567577,768813292.413817
2022-06-17,02328.HK,6.1820289766094,6.3888626598417,6.1820289766094,6.335239112337,29030969,181694210.9274461
2022-06-17,02333.HK,13.640275624656,14.140994603283,13.484880079565,13.77840499807,53649614,735500815.8992648
2022-06-17,02331.HK,54.814972638874,55.769030706955,53.947647122436,54.684873811408,14697130,804666739.1299165
2022-06-20,02328.HK,6.3122575919779,6.3582206326962,6.2433130309005,6.335239112337,8468416,53552131.72538378
2022-06-20,02331.HK,54.337943604833,56.549623671749,53.947647122436,55.899129534421,11040822,608553951.1657423
2022-06-20,02333.HK,13.830203513101,14.227325461667,13.553944766272,13.812937341424,39872906,551106178.4186175
2022-06-21,02328.HK,6.3582206326962,6.4654677277055,6.3275786055506,6.3582206326962,15723693,99974709.2547808
2022-06-21,02331.HK,55.899129534421,59.151600221063,54.814972638874,57.763879394762,17350741,986068714.6054709
2022-06-21,02333.HK,13.985599058192,13.985599058192,13.381283049504,13.709340311363,46020468,637267035.509273
2022-06-22,02328.HK,6.3428996191234,6.3812021530553,6.273955058046,6.3122575919779,32931100,208374123.81724903
2022-06-22,02331.HK,57.980710773872,58.978135117775,55.335367948736,55.335367948736,13113409,742980043.2828782
2022-06-22,02333.HK,13.709340311363,14.417253350111,13.605743281303,13.709340311363,59207667,811698055.9448569
2022-06-23,02333.HK,13.951066714838,14.797109127,13.916534371485,14.538116551849,77171086,1099270605.9716318
2022-06-23,02331.HK,55.812396982777,57.416949188187,55.595565603668,55.985862086065,8256528,461532728.17657393
2022-06-23,02328.HK,6.3325803788162,6.454517099846,6.2838056904043,6.3650968377575,28365825,180090044.91590834
2022-06-24,02328.HK,6.3894841819635,6.4220006409047,6.2187727725217,6.3081930346102,26887837,170706537.63892367
2022-06-24,02333.HK,14.658979753586,15.021569358799,14.417253350111,14.486318036818,69492527,1012690196.8113452
2022-06-24,02331.HK,57.416949188187,59.064867669419,56.939920154146,58.717937462844,16586953,963161953.2704892
2022-06-27,02331.HK,59.845460634213,64.875948629553,59.671995530926,61.493379115445,31313048,1899744456.6726747
2022-06-27,02328.HK,6.3407094935515,6.5439373619346,6.3407094935515,6.454517099846,20723325,132579819.57180962
2022-06-27,02333.HK,14.831641470354,15.056101702152,14.417253350111,14.607181238556,65845001,969199655.353501
2022-06-28,02328.HK,6.4382588703754,6.7959399187296,6.4220006409047,6.6983905419057,37674315,247457134.00142148
2022-06-28,02333.HK,14.607181238556,15.505022165748,14.26185780502,15.349626620657,89358852,1338452979.9419258
2022-06-28,02331.HK,60.495954771542,63.965256837293,60.365855944076,63.097931320855,20964619,1295549366.328251
2022-06-29,02333.HK,15.090634045506,15.22876341892,13.72660648304,13.933800543161,134477443,1951565874.0023475
2022-06-29,02328.HK,6.6496158534938,6.8040690334649,6.6252285092878,6.6983905419057,22241609,148440569.58798754
2022-06-29,02331.HK,62.404070907705,63.097931320855,60.756152426473,61.233181460514,19512565,1206239961.6281385
2022-06-30,02333.HK,13.933800543161,14.313656320051,13.812937341424,13.933800543161,46719923,650986088.4738401
2022-06-30,02328.HK,6.6658740829644,6.7471652303176,6.6089702798172,6.6333576240231,23185186,154172580.39180136
2022-06-30,02331.HK,61.059716357226,64.35555331969,61.059716357226,63.054565045033,23797334,1476794504.349773
2022-07-04,02333.HK,14.037397573222,14.037397573222,12.949628757585,13.105024302676,67974900,922501706.3859895
2022-07-04,02328.HK,6.6170993945525,6.8203272629355,6.5845829356112,6.7959399187296,27390639,183695858.86145893
2022-07-04,02331.HK,61.536745391267,63.66169290654,60.495954771542,62.187239528595,16582950,1025854327.8634129
2022-07-05,02328.HK,6.8203272629355,6.982909557642,6.8040690334649,6.8853601808181,34036180,233244622.4296687
2022-07-05,02331.HK,63.401495251609,64.138721940581,61.927041873664,62.534169735171,10763777,677771707.1322039
2022-07-05,02333.HK,13.13955664603,13.381283049504,12.258981890514,12.569772980696,106165569,1364722804.2149618
2022-07-06,02333.HK,12.569772980696,12.811499384171,11.982723143685,12.189917203807,82893202,1026204999.9607122
2022-07-06,02331.HK,61.883675597842,63.488227803252,60.149024564966,61.493379115445,21518097,1327419715.4474084
2022-07-06,02328.HK,6.9503930987007,6.9503930987007,6.6577449682291,6.730907000847,14018184,95893491.077339
2022-07-07,02328.HK,6.6170993945525,6.7878108039943,6.4951626735226,6.7715525745236,11882113,79542737.80711737
2022-07-07,02333.HK,12.1208525171,12.984161100939,11.913658456978,12.966894929262,76709194,962230442.9429936
2022-07-07,02331.HK,61.059716357226,64.485652147156,59.888826910035,63.835158009827,20869187,1303227244.253768
2022-07-08,02333.HK,13.260419847767,13.433081564535,12.517974465665,12.604305324049,68828645,890116993.4367436
2022-07-08,02328.HK,6.8934892955534,6.8934892955534,6.6496158534938,6.7390361155823,12934449,88164602.33576937
2022-07-08,02331.HK,62.837733665924,63.531594079074,61.36328028798,62.360704631883,22058500,1380844875.596088
2022-07-11,02328.HK,6.730907000847,6.730907000847,6.6170993945525,6.6740031976997,9266103,62105639.30274209
2022-07-11,02333.HK,12.138118688776,12.155384860453,11.326608619968,11.464737993382,97459388,1150159983.6474144
2022-07-11,02331.HK,62.620902286814,63.141297596677,58.6312049112,59.585262979282,16415484,1003036675.3134774
2022-07-12,02328.HK,6.6496158534938,6.7878108039943,6.6008411650818,6.6902614271704,15040621,100320019.18249044
2022-07-12,02333.HK,11.378407134998,11.602867366796,10.877688156371,11.447471821705,82762638,944564978.5627141
2022-07-12,02331.HK,57.807245670584,60.712786150651,57.72051311894,59.281699048529,12680176,742354213.3463117
2022-07-13,02333.HK,11.516536508412,11.63739971015,11.171213074877,11.412939478352,43029701,493324247.89856744
2022-07-13,02331.HK,59.715361806748,59.845460634213,58.154175877159,59.064867669419,8123442,482452152.4481665
2022-07-13,02328.HK,6.6658740829644,6.8447146071415,6.6658740829644,6.7959399187296,26829453,180586553.02659553
2022-07-14,02333.HK,11.326608619968,11.551068851766,11.119414559846,11.361140963321,42835181,485916929.9414295
2022-07-14,02328.HK,6.7634234597883,6.8528437218768,6.6983905419057,6.730907000847,26471325,178606403.64043838
2022-07-14,02331.HK,59.151600221063,59.411797875994,57.373582912365,58.154175877159,12954546,759821536.2650586
2022-07-15,02331.HK,58.457739807913,59.975559461679,57.2434840849,57.677146843119,9405761,546168493.8008486
2022-07-15,02333.HK,11.464737993382,11.654665881826,10.894954328048,11.067616044816,81952825,923295033.6652421
2022-07-15,02328.HK,6.6740031976997,6.7227778861117,6.5683247061405,6.5927120503465,21066991,139744885.36507604
2022-07-18,02333.HK,11.240277761584,11.896392285301,11.10214838817,11.861859941948,74225233,857380776.9213738
2022-07-18,02328.HK,6.4870335587873,6.6821323124351,6.4626462145814,6.6821323124351,15046240,99073215.14911066
2022-07-18,02331.HK,57.677146843119,59.498530427638,56.983286429968,59.151600221063,8548427,499351007.88981205
2022-07-19,02333.HK,11.965456972009,11.965456972009,11.482004165059,11.620133538473,39634233,467398394.8675163
2022-07-19,02331.HK,57.980710773872,58.457739807913,56.592989947571,57.893978222228,10446143,605221785.6668935
2022-07-19,02328.HK,6.6252285092878,6.7634234597883,6.6252285092878,6.730907000847,18762611,125297987.5199729
2022-07-20,02333.HK,11.758262911887,11.827327598594,11.499270336735,11.551068851766,34550187,402670885.63962543
2022-07-20,02331.HK,58.891402566132,59.671995530926,58.371007256269,59.021501393597,7544982,444825368.971942
2022-07-20,02328.HK,6.6902614271704,6.8203272629355,6.6902614271704,6.7390361155823,13426800,90156246.12351598
2022-07-21,02333.HK,11.499270336735,11.533802680089,11.119414559846,11.223011589907,34773442,395065976.34186685
2022-07-21,02331.HK,58.154175877159,59.758728082569,57.677146843119,58.024077049694,8830602,512961956.32618695
2022-07-21,02328.HK,6.7471652303176,6.7471652303176,6.5845829356112,6.6740031976997,16286837,109294191.26833199
2022-07-22,02328.HK,6.6821323124351,6.7959399187296,6.6821323124351,6.7227778861117,17199940,115281825.56019653
2022-07-22,02333.HK,11.361140963321,11.551068851766,11.20574541823,11.361140963321,19197763,218108491.62342826
2022-07-22,02331.HK,57.893978222228,58.6312049112,56.896553878324,57.633780567297,9349306,540052184.2087294
2022-07-25,02328.HK,6.6658740829644,6.755294345053,6.6252285092878,6.6658740829644,16877907,112506002.84598343
2022-07-25,02333.HK,11.240277761584,11.240277761584,10.825889641341,10.912220499725,44257826,490210706.7571581
2022-07-25,02331.HK,57.286850360722,58.371007256269,56.549623671749,58.327640980447,7346000,424652026.69611377
2022-07-26,02328.HK,6.6496158534938,6.6983905419057,6.6414867387584,6.6658740829644,22077773,146988182.10045427
2022-07-26,02333.HK,10.998551358109,11.188479246553,10.894954328048,11.136680731523,23568393,260845924.51732907
2022-07-26,02331.HK,58.110809601337,59.802094358391,58.110809601337,59.151600221063,10154249,595355853.8383477
2022-07-27,02333.HK,10.998551358109,11.188479246553,10.705026439604,10.912220499725,32592508,357063503.53131473
2022-07-27,02331.HK,58.544472359556,58.978135117775,56.11596091353,57.330216636543,12307189,713045848.8956053
2022-07-27,02328.HK,6.6414867387584,6.706519656641,6.6333576240231,6.6658740829644,8450080,56224131.766211696
2022-07-28,02331.HK,57.93734449805,57.93734449805,56.202693465174,57.590414291475,10456582,604012741.5294445
2022-07-28,02333.HK,10.929486671402,11.136680731523,10.808623469664,10.877688156371,29652424,323317797.117626
2022-07-28,02328.HK,6.6740031976997,6.6902614271704,6.6333576240231,6.6821323124351,10562402,70536436.21225941
2022-07-29,02333.HK,10.912220499725,10.946752843078,10.480566207805,10.687760267927,40979829,442581759.1308338
2022-07-29,02331.HK,57.633780567297,57.93734449805,54.207844777367,55.161902845449,19098676,1077124105.8493052
2022-07-29,02328.HK,6.6658740829644,6.6902614271704,6.5276791324639,6.5520664766699,19746640,130504956.88624853
2022-08-01,02331.HK,55.552199327846,56.896553878324,54.988437742161,56.723088775037,10208579,573085574.1730206
2022-08-01,02333.HK,10.601429409543,11.792795255241,10.515098551159,11.758262911887,97901060,1094518789.7709289
2022-08-01,02328.HK,6.4870335587873,6.5358082471993,6.3488386082868,6.3813550672281,35788396,230269494.0148675
2022-08-02,02328.HK,6.3325803788162,6.3325803788162,6.1456107399038,6.2187727725217,32419000,203451158.90661168
2022-08-02,02331.HK,56.33279229264,56.33279229264,54.814972638874,55.812396982777,6625750,371522993.9207971
2022-08-02,02333.HK,11.378407134998,11.499270336735,10.877688156371,10.964019014755,56357654,629583361.2341659
2022-08-03,02328.HK,6.2350310019923,6.3000639198749,6.1781271988451,6.2187727725217,25212915,156998347.99675032
2022-08-03,02331.HK,56.376158568462,57.286850360722,55.985862086065,56.506257395927,7061734,398572797.4089343
2022-08-03,02333.HK,11.136680731523,11.395673306675,10.446033864452,10.601429409543,60577201,658416933.6877468
2022-08-04,02328.HK,6.226901887257,6.3081930346102,6.226901887257,6.3081930346102,35698020,223739034.61135688
2022-08-04,02331.HK,57.113385257434,57.2434840849,55.725664431133,56.072594637708,9122130,516248611.3904358
2022-08-04,02333.HK,10.72229261128,10.860421984695,10.152508945947,10.394235349422,70229372,741500248.7502711
2022-08-05,02333.HK,10.515098551159,10.687760267927,10.394235349422,10.566897066189,35753173,376874118.2461424
2022-08-05,02328.HK,6.4220006409047,6.4382588703754,6.3081930346102,6.3650968377575,23485346,150154704.3110547
2022-08-05,02331.HK,57.156751533256,57.807245670584,56.202693465174,56.679722499215,5811116,330758477.8168384
2022-08-08,02333.HK,10.566897066189,10.566897066189,10.13524277427,10.480566207805,28904600,304184253.4747434
2022-08-08,02328.HK,6.3650968377575,6.4138715261694,6.2675474609336,6.3000639198749,10288148,65150524.15915713
2022-08-08,02331.HK,56.376158568462,56.809821326681,54.337943604833,55.075170293805,10649137,593430234.9431677
2022-08-09,02333.HK,10.584163237866,10.756824954634,10.014379572532,10.1870412893,42469755,441073983.6618154
2022-08-09,02328.HK,6.3000639198749,6.3000639198749,6.1618689693744,6.202514543051,13812716,86347282.78805599
2022-08-09,02331.HK,54.945071466339,57.113385257434,54.468042432298,56.072594637708,7790101,432419415.86740136
2022-08-10,02333.HK,10.100710430916,10.221573632654,9.6690561389968,9.807185512411,48741823,485173570.1860313
2022-08-10,02328.HK,6.226901887257,6.2350310019923,6.0805778220212,6.1293525104331,18399194,113672560.88822666
2022-08-10,02331.HK,56.11596091353,57.156751533256,52.820123951066,54.164478501545,14442733,796375470.7973021
2022-08-11,02333.HK,9.9280487141485,10.014379572532,9.7381208257039,9.962581057502,32907374,327274196.4956188
2022-08-11,02328.HK,6.2187727725217,6.2350310019923,6.1049651662272,6.1699980841097,22947345,142144699.48653314
2022-08-11,02331.HK,55.161902845449,58.197542152981,54.294577329011,58.024077049694,12813196,725137072.4242634
2022-08-12,02328.HK,6.1862563135804,6.2675474609336,6.1537398546391,6.2431601167276,21761215,135239601.63223243
2022-08-12,02331.HK,59.758728082569,61.970408149486,58.717937462844,60.799518702295,21767505,1312126119.8403804
2022-08-12,02333.HK,9.9971134008556,10.048911915886,9.7208546540271,10.014379572532,22399470,224123418.2563032
2022-08-15,02331.HK,60.799518702295,62.577536010993,60.322489668254,61.84030932202,13525074,829356374.6880671
2022-08-15,02333.HK,9.9107825424717,10.13524277427,9.6863223106736,9.8935163707949,19440538,192503112.793359
2022-08-15,02328.HK,6.2675474609336,6.2838056904043,6.1618689693744,6.1781271988451,11088000,68998820.3138131
2022-08-16,02331.HK,62.187239528595,62.187239528595,59.715361806748,60.582687323185,13472852,827030527.2624289
2022-08-16,02333.HK,9.9798472291788,10.100710430916,9.6172576239664,9.7208546540271,41080490,404657243.3530106
2022-08-16,02328.HK,6.1374816251685,6.1618689693744,6.0318031336093,6.0643195925506,24566025,149874876.87975895
2022-08-17,02331.HK,61.14644890887,61.753576770377,60.365855944076,60.799518702295,10873715,663002848.6015196
2022-08-17,02333.HK,9.807185512411,9.9280487141485,9.5309267655825,9.8762501991181,35826425,352593566.63070947
2022-08-17,02328.HK,6.0643195925506,6.2919348051396,6.0643195925506,6.2675474609336,17714038,109223580.79818358
2022-08-18,02331.HK,60.712786150651,61.103082633048,60.018925737501,60.582687323185,7764142,470877640.004048
2022-08-18,02333.HK,9.8762501991181,9.9107825424717,9.0820063019863,9.2892003621076,66559154,637818087.692004
2022-08-18,02328.HK,6.2431601167276,6.2919348051396,6.1618689693744,6.1943854283157,7852444,48832564.94495099
2022-08-19,02331.HK,60.105658289145,61.103082633048,59.498530427638,59.932193185857,6247633,374976221.0621606
2022-08-19,02328.HK,6.1456107399038,6.3325803788162,6.1374816251685,6.3081930346102,15539802,96764822.4014001
2022-08-19,02333.HK,9.2028695037237,9.5136605939058,9.1510709886934,9.4618620788754,42219811,394010719.8915325
2022-08-22,02328.HK,6.3325803788162,6.4057424114341,6.251289231463,6.3569677230222,19076259,121034553.09181386
2022-08-22,02331.HK,59.194966496885,62.404070907705,59.194966496885,61.36328028798,11310158,681766409.6699076
2022-08-22,02333.HK,9.4273297355219,10.739558782957,9.3755312204915,10.515098551159,134036090,1336502556.3260536
2022-08-23,02328.HK,6.3163221493455,6.3732259524928,6.3081930346102,6.3244512640809,18320557,115793004.92238146
2022-08-23,02331.HK,60.972983805582,61.970408149486,59.54189670346,60.626053599007,10340573,628701861.5059415
2022-08-23,02333.HK,10.463300036129,10.67049409625,9.9798472291788,10.066178087563,76472840,784973747.9182993
2022-08-24,02331.HK,60.45258849572,60.886251253939,58.84803629031,60.279123392432,11781627,711207998.2688364
2022-08-24,02328.HK,6.3650968377575,6.3650968377575,6.1781271988451,6.2431601167276,15363374,96852683.53992778
2022-08-24,02333.HK,10.066178087563,10.066178087563,9.7035884823503,9.962581057502,46267313,463338434.18316734
2022-08-25,02331.HK,60.626053599007,61.36328028798,59.455164151816,60.842884978117,5616772,341131666.53485495
2022-08-25,02328.HK,6.4220006409047,6.4220006409047,6.251289231463,6.3000639198749,15935663,101367266.75241336
2022-08-25,02333.HK,10.325170662714,10.428767692775,9.8935163707949,10.394235349422,45766198,474124218.99690324
2022-08-26,02331.HK,60.45258849572,62.317338356061,60.409222219898,61.883675597842,7301844,446640157.9769955
2022-08-26,02328.HK,6.3000639198749,6.3407094935515,6.2431601167276,6.3081930346102,13760472,86747783.39549874
2022-08-26,02333.HK,10.497832379482,10.964019014755,10.342436834391,10.774091126311,56697198,603029229.4243999
2022-08-29,02333.HK,10.515098551159,10.72229261128,10.428767692775,10.549630894513,26475498,278849601.15471506
2022-08-29,02328.HK,6.3488386082868,6.6902614271704,6.3407094935515,6.6170993945525,43052398,279107361.6707813
2022-08-29,02331.HK,61.319914012158,61.406646563801,59.888826910035,60.972983805582,7342655,448977278.81295884
2022-08-30,02331.HK,61.14644890887,61.14644890887,58.978135117775,60.105658289145,5967589,361791370.5708476
2022-08-30,02333.HK,10.549630894513,10.894954328048,10.446033864452,10.515098551159,30204647,318126358.5285142
2022-08-30,02328.HK,6.6333576240231,6.9747804429067,6.6333576240231,6.9016184102888,59624963,403511222.6258669
2022-08-31,02333.HK,10.273372147684,10.480566207805,9.962581057502,10.256105976007,44741154,459256271.135845
2022-08-31,02331.HK,58.414373532091,62.794367390102,58.327640980447,62.447437183527,13658751,825410688.986879
2022-08-31,02328.HK,6.8447146071415,6.9341348692301,6.7390361155823,6.9097475250241,31114815,213983772.33341908
2022-09-01,02333.HK,10.13524277427,10.256105976007,9.9107825424717,10.014379572532,24012628,241922692.87712172
2022-09-01,02328.HK,6.9016184102888,7.0804589344659,6.8121981482002,7.0398133607892,41982398,292647368.65162075
2022-09-01,02331.HK,61.580111667089,62.317338356061,60.279123392432,60.279123392432,10113122,616188655.4918065
2022-09-02,02328.HK,7.007296901848,7.0723298197305,6.9341348692301,7.007296901848,37633645,263710124.01374748
2022-09-02,02333.HK,9.9107825424717,10.014379572532,9.6345237956432,9.8244516840878,22201126,219072210.85167998
2022-09-02,02331.HK,59.758728082569,60.062292013323,57.850611946406,59.194966496885,13484694,802027085.786698
2022-09-05,02328.HK,7.007296901848,7.1373627376131,6.9910386723773,7.0885880492012,24578421,173227297.34722582
2022-09-05,02331.HK,58.414373532091,59.325065324351,57.416949188187,58.414373532091,8042861,469818686.7206869
2022-09-05,02333.HK,9.807185512411,9.807185512411,9.3927973921683,9.6172576239664,27314165,265281222.4300649
2022-09-06,02331.HK,59.151600221063,59.54189670346,57.763879394762,58.197542152981,4808041,282109743.92462045
2022-09-06,02328.HK,7.0804589344659,7.1861374260251,7.0398133607892,7.1373627376131,27265386,193827197.9841997
2022-09-06,02333.HK,9.6172576239664,9.9971134008556,9.6172576239664,9.8762501991181,28951911,282187151.7858731
2022-09-07,02333.HK,9.7553869973807,10.1870412893,9.65178996732,9.9280487141485,31668699,311674400.4171345
2022-09-07,02331.HK,56.896553878324,58.284274704625,56.723088775037,57.763879394762,7037723,403474184.21798134
2022-09-07,02328.HK,7.0479424755246,7.1211045081425,6.9341348692301,7.0885880492012,16187951,114420731.72213276
2022-09-08,02333.HK,9.962581057502,10.031645744209,9.3927973921683,9.4618620788754,30430747,295550157.34949356
2022-09-08,02331.HK,57.460315464009,58.110809601337,56.246059740996,57.156751533256,6888769,394785249.0008411
2022-09-08,02328.HK,7.0723298197305,7.1211045081425,6.9910386723773,7.0235551313186,30056098,211833649.74272847
2022-09-09,02328.HK,7.0235551313186,7.1698791965544,7.0235551313186,7.1536209670838,21563526,152854952.70223936
2022-09-09,02333.HK,9.496394422229,9.9280487141485,9.3064665337844,9.8589840274414,49533860,479373303.1864953
2022-09-09,02331.HK,57.416949188187,58.6312049112,56.592989947571,58.284274704625,9799271,566893823.9786699
2022-09-13,02333.HK,9.9798472291788,10.376969177745,9.9280487141485,10.13524277427,42142842,423853529.9155611
2022-09-13,02328.HK,7.1373627376131,7.210524770231,7.1048462786718,7.1861374260251,46509809,333091628.41114074
2022-09-13,02331.HK,58.371007256269,60.105658289145,57.807245670584,58.978135117775,8531341,500572774.82525945
2022-09-14,02333.HK,9.8417178557646,9.9971134008556,9.7208546540271,9.7553869973807,19238460,188509058.91652086
2022-09-14,02328.HK,7.0560715902599,7.210524770231,7.007296901848,7.1942665407604,39051713,278250057.4227806
2022-09-14,02331.HK,57.547048015653,57.763879394762,56.246059740996,57.460315464009,6570434,377824145.6285647
2022-09-15,02333.HK,9.8762501991181,9.8762501991181,9.3755312204915,9.496394422229,30264784,293154452.4869159
2022-09-15,02331.HK,57.200117809078,57.850611946406,56.853187602503,57.547048015653,5187606,297631542.95768476
2022-09-15,02328.HK,7.1536209670838,7.210524770231,7.1536209670838,7.210524770231,30879048,221775572.85076955
2022-09-16,02333.HK,9.3927973921683,9.4618620788754,9.1510709886934,9.1856033320469,46015719,427449233.59744155
2022-09-16,02331.HK,57.503681739831,57.503681739831,55.595565603668,56.289426016818,12039984,685033598.3501649
2022-09-16,02328.HK,7.1536209670838,7.2023956554957,7.1211045081425,7.1698791965544,57748494,413580281.6294298
2022-09-19,02331.HK,55.42210050038,56.33279229264,54.72824008723,55.812396982777,8813191,490165436.05404097
2022-09-19,02333.HK,9.2028695037237,9.496394422229,9.0820063019863,9.1683371603702,28780398,264365319.76643738
2022-09-19,02328.HK,7.1536209670838,7.1536209670838,6.8609728366122,6.9016184102888,47266378,332170128.645689
2022-09-20,02331.HK,55.899129534421,57.547048015653,55.205269121271,57.156751533256,7301505,412739040.4475245
2022-09-20,02333.HK,9.2719341904308,9.3927973921683,9.1338048170166,9.2892003621076,28890046,268116015.51751187
2022-09-20,02328.HK,6.9260057544947,6.9422639839654,6.8284563776709,6.8609728366122,17735397,122258769.37189077
2022-09-21,02328.HK,6.9097475250241,6.9341348692301,6.7878108039943,6.9097475250241,25902521,178979880.37163478
2022-09-21,02333.HK,9.2546680187541,9.2546680187541,8.6848843534203,8.7539490401274,43251992,389454280.480903
2022-09-21,02331.HK,56.896553878324,57.156751533256,55.725664431133,55.985862086065,5853082,330355018.49883896
2022-09-22,02328.HK,6.8691019513475,6.9747804429067,6.706519656641,6.958522213436,24297815,167990526.9227195
2022-09-22,02333.HK,8.4604241216222,8.7021505250971,8.434524864107,8.5812873233596,43918892,374226542.2236598
2022-09-22,02331.HK,54.51140870812,55.985862086065,54.121112225723,55.508833052024,8346286,459130201.7596526
2022-09-23,02331.HK,55.682298155311,56.11596091353,53.81754829497,54.337943604833,9980662,549037423.0831412
2022-09-23,02328.HK,6.9178766397594,7.1292336228778,6.8121981482002,6.8691019513475,33225346,229038566.99205965
2022-09-23,02333.HK,8.5812873233596,8.7194166967739,8.4172586924302,8.4690572074606,16804279,143259373.27101335
2022-09-26,02328.HK,6.8203272629355,6.8691019513475,6.5845829356112,6.7878108039943,25666320,174635413.11500084
2022-09-26,02333.HK,8.3481940057231,8.8057475551578,8.3481940057231,8.7539490401274,45837499,391959732.38101465
2022-09-26,02331.HK,54.901705190517,56.33279229264,54.554774983942,54.858338914695,9438615,517991399.3460577
2022-09-27,02328.HK,6.7796816892589,6.7959399187296,6.6577449682291,6.7227778861117,20748893,140080544.48309502
2022-09-27,02331.HK,55.075170293805,56.983286429968,54.294577329011,56.462891120106,13960822,778581510.81234
2022-09-27,02333.HK,8.7712152118042,9.2028695037237,8.7021505250971,9.1338048170166,58673415,525274335.3671574
2022-09-28,02331.HK,55.725664431133,56.896553878324,54.771606363052,55.682298155311,16000485,891290717.1224792
2022-09-28,02333.HK,9.0302077869559,9.0302077869559,8.1064676022482,8.279129319016,56481230,488826325.1149666
2022-09-28,02328.HK,6.6821323124351,6.7146487713763,6.4951626735226,6.5439373619346,30157856,199434952.34280416
2022-09-29,02333.HK,8.5381218941677,8.5640211516829,7.8561081129349,7.9424389713188,37451172,308608159.8149019
2022-09-29,02331.HK,56.376158568462,56.809821326681,54.988437742161,55.682298155311,10684467,598642441.4680403
2022-09-29,02328.HK,6.5683247061405,6.6496158534938,6.3976132966988,6.4463879851107,12718995,82767032.82323028
2022-09-30,02328.HK,6.4138715261694,6.6983905419057,6.3813550672281,6.6170993945525,27640385,180090526.5862789
2022-09-30,02333.HK,7.9424389713188,8.0460360013795,7.6575471386519,7.7870434262278,24109110,189611910.68275738
2022-09-30,02331.HK,55.682298155311,55.682298155311,50.998740366547,52.126263537916,17383305,937034554.7623408
2022-10-03,02331.HK,51.215571745656,53.036955330176,50.60844388415,52.473193744491,4498228,233207854.10660648
2022-10-03,02328.HK,6.6170993945525,6.6170993945525,6.454517099846,6.5601955914052,17000676,112011461.3063457
2022-10-03,02333.HK,7.7007125678439,7.8474750270965,7.5107846793993,7.7093456536823,16378515,126196934.86607009
2022-10-05,02328.HK,6.7227778861117,6.8934892955534,6.706519656641,6.8365854924062,21198245,143717353.4709251
2022-10-05,02333.HK,8.0719352588946,8.1668992031169,7.8561081129349,7.925172799642,31490844,251881217.16125947
2022-10-05,02331.HK,55.508833052024,58.674571187022,54.901705190517,57.93734449805,14933083,847050592.6939958
2022-10-06,02328.HK,6.8528437218768,6.8691019513475,6.7796816892589,6.8203272629355,8377901,57276236.43341497
2022-10-06,02331.HK,57.850611946406,58.6312049112,56.33279229264,58.501106083735,7804983,454061590.623022
2022-10-06,02333.HK,7.9079066279652,7.9079066279652,7.1999935892172,7.5021515935609,49201099,379095900.0765348
2022-10-07,02331.HK,58.110809601337,58.891402566132,57.547048015653,57.93734449805,5034573,292126451.6643066
2022-10-07,02328.HK,6.8203272629355,6.8365854924062,6.6983905419057,6.7471652303176,5488372,37231722.955090255
2022-10-07,02333.HK,7.3122237051163,7.3381229626315,6.9927995290959,7.0704973016414,45513742,327305726.5797751
2022-10-10,02328.HK,6.5927120503465,6.8040690334649,6.5927120503465,6.6740031976997,15081591,100041586.64224817
2022-10-10,02331.HK,56.549623671749,56.549623671749,51.822699607163,52.820123951066,21506966,1176105721.7762315
2022-10-10,02333.HK,6.9323679282272,6.9582671857423,6.5438790654996,6.6129437522067,82220637,556852077.3644079
2022-10-11,02333.HK,6.5438790654996,6.7251738681058,6.4489151212773,6.4834474646309,47557660,309774582.91446304
2022-10-11,02328.HK,6.6496158534938,6.7471652303176,6.5927120503465,6.6333576240231,22364180,148531404.89320695
2022-10-11,02331.HK,52.993589054354,53.600716915861,50.868641539081,51.822699607163,13297679,696906680.2960964
2022-10-12,02333.HK,6.4748143787925,6.8978355848736,6.2589872328327,6.6215768380451,51977470,340358640.7907199
2022-10-12,02331.HK,51.952798434629,52.386461192848,49.394188161137,51.258938021478,15511614,800490308.0884299
2022-10-12,02328.HK,6.6333576240231,6.7796816892589,6.5845829356112,6.6821323124351,24771632,164923208.30282295
2022-10-13,02333.HK,6.6129437522067,6.6992746105906,6.1899225461256,6.198555631964,52556350,336662822.8296299
2022-10-13,02331.HK,50.60844388415,51.128839194013,48.570228920521,48.700327747987,13118251,651378696.3860264
2022-10-13,02328.HK,6.730907000847,6.7390361155823,6.6414867387584,6.6740031976997,13590571,91090191.90098651
2022-10-14,02328.HK,6.7634234597883,6.8609728366122,6.6983905419057,6.7471652303176,25070302,169357269.3293697
2022-10-14,02333.HK,6.3280519195399,6.5438790654996,6.1640232886104,6.2330879753176,59429999,373254265.6951207
2022-10-14,02331.HK,49.567653264424,52.169629813738,48.440130093055,50.348246229219,13723185,685582186.5963346
2022-10-17,02333.HK,6.2244548894792,6.4316489496005,6.1467571169337,6.3194188337015,37209112,233373201.13984382
2022-10-17,02331.HK,48.570228920521,48.960525402918,43.496374649359,48.179932438124,47459715,2295867542.142652
2022-10-17,02328.HK,6.7390361155823,6.8772310660828,6.706519656641,6.8365854924062,17468625,118573721.50592405
2022-10-18,02333.HK,6.4748143787925,6.6561091813987,6.353951177055,6.6129437522067,57190633,374248586.0313706
2022-10-18,02328.HK,6.8934892955534,6.9910386723773,6.6496158534938,6.7634234597883,43047104,293945271.84906036
2022-10-18,02331.HK,48.613595196343,49.220723057849,44.970828027304,49.090624230384,34454611,1683180436.7032611
2022-10-19,02328.HK,6.730907000847,6.8447146071415,6.7146487713763,6.7878108039943,32635730,220596612.11249667
2022-10-19,02331.HK,48.136566162302,48.136566162302,45.664688440454,45.924886095385,27734692,1304382703.7198267
2022-10-19,02333.HK,6.5438790654996,6.5784114088532,6.3625842628934,6.3625842628934,34512767,222718880.82343605
2022-10-20,02328.HK,6.706519656641,6.8203272629355,6.6170993945525,6.7471652303176,23564804,158516723.7194708
2022-10-20,02331.HK,44.233601338332,44.840729199838,42.108653823059,44.060136235044,34839599,1538059205.6338265
2022-10-20,02333.HK,6.2244548894792,6.3280519195399,5.9568292284891,6.3107857478631,72208962,452578357.42135304
2022-10-21,02328.HK,6.8203272629355,6.8203272629355,6.6008411650818,6.6170993945525,27053181,181762567.76962394
2022-10-21,02331.HK,43.886671131756,44.276967614153,41.891822443949,42.629049132921,29556388,1278546098.121128
2022-10-21,02333.HK,6.3625842628934,6.5697783230148,6.241721061156,6.5266128938228,47973539,309170201.23820686
2022-10-24,02328.HK,6.6008411650818,6.6008411650818,6.0724487072859,6.1374816251685,51015363,324925080.577896
2022-10-24,02331.HK,41.631624789018,41.978554995593,39.073014515526,39.593409825389,34131934,1386183760.3033278
2022-10-24,02333.HK,6.7424400397826,7.0359649582878,6.6215768380451,6.7424400397826,132714383,894818769.7942432
2022-10-25,02331.HK,39.593409825389,40.634200445114,37.55519486176,39.983706307786,30575772,1216565879.6527402
2022-10-25,02333.HK,6.8115047264897,6.9323679282272,6.3798504345702,6.8287708981665,78346253,534332242.53952384
2022-10-25,02328.HK,6.1049651662272,6.1781271988451,6.0318031336093,6.1293525104331,31672730,193747120.25354448
2022-10-26,02331.HK,40.027072583608,42.152020098881,39.680142377033,40.243903962717,28300053,1135836445.3113773
2022-10-26,02328.HK,6.1293525104331,6.251289231463,6.0480613630799,6.1537398546391,27323710,167809826.84322345
2022-10-26,02333.HK,6.8805694131968,7.5539501085912,6.8546701556816,7.1740943317021,84919625,596758387.3589551
2022-10-27,02333.HK,7.4244538210154,7.769777254551,7.1913605033789,7.217259760894,75502638,552744000.1372944
2022-10-27,02331.HK,41.501525961552,42.325485202168,39.506677273745,39.636776101211,31756406,1288330431.2278695
2022-10-27,02328.HK,6.1537398546391,6.3488386082868,6.1537398546391,6.2106436577864,15927164,98464781.98064849
2022-10-28,02333.HK,7.2086266750556,7.2776913617628,7.0359649582878,7.2345259325708,77768340,561610001.3308882
2022-10-28,02328.HK,6.2594183461983,6.3650968377575,6.0318031336093,6.0561904778152,32719071,201477639.76056212
2022-10-28,02331.HK,39.550043549567,39.680142377033,36.297572862925,36.731235621144,34924959,1332060273.752318
2022-10-31,02333.HK,7.3812883918234,7.4676192502073,7.217259760894,7.3985545635002,66635072,492427949.73834044
2022-10-31,02328.HK,6.0561904778152,6.1130942809625,5.8448334946968,5.8854790683735,46511975,277715317.69529504
2022-10-31,02331.HK,36.601136793678,36.601136793678,34.649654381693,35.213415967378,32044988,1150648240.7267034
2022-11-01,02331.HK,35.300148519021,39.766874928676,34.476189278405,38.552619205663,48277919,1782728969.0690541
2022-11-01,02328.HK,5.9586411009914,6.0399322483446,5.950511986256,6.0236740188739,36164151,216665126.66219592
2022-11-01,02333.HK,7.4676192502073,7.7007125678439,7.3122237051163,7.571216280268,51024585,383675170.9128785
2022-11-02,02333.HK,7.5366839369145,7.6748133103287,7.3640222201467,7.5884824519448,43699257,330479266.5972622
2022-11-02,02328.HK,6.0399322483446,6.0399322483446,5.8854790683735,5.9098664125794,23323050,139352875.82933176
2022-11-02,02331.HK,37.945491344157,41.241328306621,36.948067000253,40.981130651689,41963642,1656024254.8515036
2022-11-03,02331.HK,39.896973756142,40.07043885943,37.772026240869,38.118956447445,25879824,1009519271.432558
2022-11-03,02328.HK,5.9342537567854,6.0155449041386,5.6741220852551,5.7635423473436,46121010,269757085.54824734
2022-11-03,02333.HK,7.3985545635002,7.4848854218841,7.1309289025101,7.1568281600253,60427815,439774987.23569757
2022-11-04,02331.HK,39.116380791348,44.407066441619,38.94291568806,42.845880512031,44665862,1830457526.2923331
2022-11-04,02328.HK,5.8204461504909,6.0480613630799,5.8204461504909,6.0074157894033,37326657,220747272.83689272
2022-11-04,02333.HK,7.2517921042476,8.1927984606321,7.2258928467324,7.9942374863491,104412102,795934998.3542004
2022-11-07,02331.HK,42.021921271415,45.924886095385,41.111229479155,45.231025682235,40014140,1745675817.4079623
2022-11-07,02328.HK,5.974899330462,6.0155449041386,5.7798005768143,5.8204461504909,43679282,257606110.77498367
2022-11-07,02333.HK,7.9338058854804,8.5035895508141,7.8302088554197,8.4172586924302,63420029,518492494.85598147
2022-11-08,02328.HK,5.8448334946968,6.1049651662272,5.8204461504909,6.0968360514918,41510229,247850718.75230742
2022-11-08,02333.HK,8.4172586924302,8.4690572074606,7.9597051429956,8.1755322889553,62729377,520427720.47676545
2022-11-08,02331.HK,45.447857061345,46.315182577782,44.060136235044,45.144293130591,25238784,1143217855.3949156
2022-11-09,02331.HK,45.057560578948,45.751420992098,43.192810718606,44.19023506251,13912155,620814583.186144
2022-11-09,02328.HK,6.0887069367565,6.2187727725217,6.0561904778152,6.1537398546391,28974620,177360121.8254534
2022-11-09,02333.HK,8.1755322889553,8.3395609198847,7.9079066279652,8.0287698297027,34521194,279695928.5364019
2022-11-10,02331.HK,43.799938580113,43.9734036834,41.848456168127,43.843304855934,16153214,707860033.4382813
2022-11-10,02328.HK,6.1374816251685,6.1374816251685,5.9911575599326,6.0805778220212,24343917,148717712.54172596
2022-11-10,02333.HK,7.8129426837429,7.8302088554197,7.3640222201467,7.4935185077225,61409526,469981263.25264275
2022-11-11,02333.HK,8.0892014305714,8.1151006880866,7.6230147952984,7.8215757695813,73709290,586386045.3857217
2022-11-11,02331.HK,50.39161250504,50.39161250504,46.054984922851,49.437554436959,42992598,2145957621.5061264
2022-11-11,02328.HK,6.202514543051,6.2838056904043,6.0643195925506,6.202514543051,35237164,218559022.16587314
2022-11-14,02328.HK,6.3000639198749,6.3976132966988,5.8610917241675,5.9342537567854,81438860,498174442.2325317
2022-11-14,02333.HK,8.0460360013795,8.3481940057231,7.9510720571572,8.0115036580259,80102999,643128541.6399056
2022-11-14,02331.HK,52.039530986272,55.508833052024,49.524286988603,50.044682298465,42293349,2158741629.920909
2022-11-15,02333.HK,7.9769713146723,9.0474739586327,7.8215757695813,8.9611431002488,100020251,847077227.6235632
2022-11-15,02328.HK,5.9017372978441,5.9586411009914,5.7960588062849,5.8529626094322,72233964,424544284.9664998
2022-11-15,02331.HK,50.174781125931,52.299728641204,48.223298713946,51.172205469835,24301496,1231441694.6845305
2022-11-16,02328.HK,5.7960588062849,5.9179955273147,5.7554132326083,5.8692208389028,71951422,419666729.2494552
2022-11-16,02333.HK,8.8575460701881,9.0129416152791,8.4172586924302,8.6848843534203,68952439,604796681.8478012
2022-11-16,02331.HK,50.001316022643,53.080321605998,49.871217195178,51.649234503875,19307681,981318201.5201958
2022-11-17,02328.HK,5.8854790683735,5.9911575599326,5.8773499536381,5.9342537567854,23973282,141678894.0910955
2022-11-17,02333.HK,8.4604241216222,8.5381218941677,8.2186977181473,8.4604241216222,35779996,302713941.22994584
2022-11-17,02331.HK,50.912007814903,52.039530986272,49.784484643534,51.128839194013,15727451,802421210.6656114
2022-11-18,02333.HK,8.63308583839,8.8402798985113,8.477690293299,8.7366828684507,71584765,621705405.4917728
2022-11-18,02328.HK,5.9911575599326,5.999286674668,5.8854790683735,5.9342537567854,34081922,203220469.1571501
2022-11-18,02331.HK,51.866065882985,52.516560020313,49.784484643534,50.174781125931,19477459,993748206.970717
2022-11-21,02331.HK,47.876368507371,49.611019540246,46.922310439289,49.133990506206,19050649,924055149.4658207
2022-11-21,02333.HK,8.7194166967739,8.7366828684507,8.4517910357838,8.6676181817435,62696521,545053298.6943492
2022-11-21,02328.HK,5.8936081831088,5.999286674668,5.7960588062849,5.9423828715207,35014433,207215257.88546196
2022-11-22,02328.HK,5.9423828715207,6.1781271988451,5.9179955273147,6.1456107399038,38332129,231679265.23214993
2022-11-22,02331.HK,49.264089333671,50.304879953397,45.968252371207,46.705479060179,22144816,1062614216.840612
2022-11-22,02333.HK,8.5122226366525,8.7366828684507,8.4172586924302,8.5640211516829,59772800,510347452.355707
2022-11-23,02331.HK,46.48864768107,46.792211611823,45.274391958057,46.141717474495,17058689,790076295.57261
2022-11-23,02333.HK,8.5726542375213,8.6503520100668,8.3999925207535,8.4517910357838,56851719,483934489.4044099
2022-11-23,02328.HK,6.1537398546391,6.2919348051396,6.1537398546391,6.226901887257,28026116,173490650.80641106
2022-11-24,02333.HK,8.6158196667132,8.7021505250971,8.3222947482079,8.4863233791374,19411550,165989552.4208406
2022-11-24,02328.HK,6.226901887257,6.251289231463,6.0968360514918,6.1699980841097,25212276,156277031.81124467
2022-11-24,02331.HK,47.009042990933,47.269240645864,46.098351198673,46.662112784358,9538056,446720364.68472445
2022-11-25,02328.HK,6.2187727725217,6.3163221493455,6.1943854283157,6.2675474609336,27399824,171061488.40215707
2022-11-25,02333.HK,8.4949564649757,8.4949564649757,7.925172799642,7.9769713146723,43842500,361085246.83960867
2022-11-25,02331.HK,47.269240645864,47.269240645864,45.79478726792,46.358548853604,8776819,410877080.9034656
2022-11-28,02328.HK,6.226901887257,6.2919348051396,6.0318031336093,6.2431601167276,20302652,126587664.64266098
2022-11-28,02333.HK,7.6661802244903,8.0978345164098,7.5107846793993,8.0719352588946,36619500,288160959.97190666
2022-11-28,02331.HK,43.366275821894,47.702903404083,42.325485202168,47.442705749152,20021729,909076409.8907385
2022-11-29,02331.HK,48.31003126559,50.478345056684,46.965676715111,50.218147401753,26961024,1328210294.8632612
2022-11-29,02328.HK,6.2919348051396,6.4870335587873,6.2919348051396,6.3650968377575,40328727,255220986.8783793
2022-11-29,02333.HK,8.0546690872179,8.9611431002488,7.9856044005107,8.9266107568952,68675061,583095214.5762687
2022-11-30,02331.HK,49.871217195178,53.297152985107,48.917159127096,53.12368788182,32529184,1675170109.156101
2022-11-30,02333.HK,8.788481383481,9.7899193407342,8.788481383481,9.7381208257039,120470386,1115953459.704479
2022-11-30,02328.HK,6.3569677230222,6.4220006409047,6.2594183461983,6.3894841819635,82233202,524090777.14298695
2022-12-01,02328.HK,6.4220006409047,6.4301297556401,5.974899330462,6.0155449041386,98487256,612469866.0531695
2022-12-01,02333.HK,10.273372147684,10.428767692775,9.6345237956432,9.7208546540271,73375493,733543124.3646827
2022-12-01,02331.HK,56.202693465174,56.723088775037,52.733391399423,53.427251812573,38448991,2107580389.6572933
2022-12-02,02333.HK,9.807185512411,9.807185512411,9.2892003621076,9.4618620788754,47349637,456191204.39156777
2022-12-02,02328.HK,6.0399322483446,6.0724487072859,5.9586411009914,6.0236740188739,31555123,190334289.7928253
2022-12-02,02331.HK,53.860914570792,54.598141259764,52.733391399423,53.253786709285,26086721,1397135663.6458557
2022-12-05,02331.HK,55.248635397093,56.462891120106,53.774182019148,54.988437742161,31125672,1715601490.386215
2022-12-05,02333.HK,9.7899193407342,10.083444259239,9.3237327054612,9.5136605939058,77346719,746534286.4493191
2022-12-05,02328.HK,6.0399322483446,6.0480613630799,5.9179955273147,6.0399322483446,58746798,354826679.7271861
2022-12-06,02331.HK,55.335367948736,55.552199327846,52.820123951066,53.860914570792,17911074,977911348.3660862
2022-12-06,02333.HK,9.2719341904308,10.13524277427,9.2201356754005,9.6345237956432,58027104,548543501.9147733
2022-12-06,02328.HK,6.0155449041386,6.2106436577864,5.999286674668,6.1943854283157,37752806,230479565.55733132
2022-12-07,02333.HK,9.6345237956432,10.048911915886,9.2201356754005,9.2374018470773,76172226,718758292.5562506
2022-12-07,02328.HK,6.1862563135804,6.2756765756689,6.0561904778152,6.0643195925506,65553516,401534161.83588654
2022-12-07,02331.HK,54.381309880655,57.677146843119,52.690025123601,53.12368788182,30541867,1641701671.7484045
2022-12-08,02333.HK,9.4100635638451,9.7035884823503,9.2719341904308,9.5827252806129,66428591,630832101.0489315
2022-12-08,02331.HK,53.644083191682,55.682298155311,53.470618088395,54.858338914695,14142561,767251061.6435926
2022-12-08,02328.HK,6.1212233956978,6.2594183461983,6.1049651662272,6.2187727725217,29534257,182226309.10560498
2022-12-09,02333.HK,9.4445959071986,9.5827252806129,9.0647401303095,9.2892003621076,98735596,924846269.9962621
2022-12-09,02328.HK,6.2431601167276,6.2919348051396,6.1781271988451,6.251289231463,35043825,218926648.21467772
2022-12-09,02331.HK,54.468042432298,55.42210050038,52.646658847779,54.684873811408,17224864,940072068.7506133
2022-12-12,02328.HK,6.1781271988451,6.1943854283157,5.974899330462,6.0480613630799,37040499,226432062.6008972
2022-12-12,02333.HK,9.2028695037237,9.2028695037237,8.7539490401274,9.0474739586327,76609062,699070846.9144781
2022-12-12,02331.HK,53.904280846614,53.991013398258,51.085472918191,51.649234503875,19638637,1036463586.0210905
2022-12-13,02328.HK,6.0480613630799,6.0643195925506,5.9667702157267,6.0236740188739,43693552,263728498.8208191
2022-12-13,02331.HK,50.738542711616,53.557350640039,50.651810159972,52.559926296135,15807982,816470169.3510427
2022-12-13,02333.HK,8.9266107568952,9.2374018470773,8.8920784135417,8.9093445852185,36383665,324468712.0612126
2022-12-14,02333.HK,8.943876928572,9.0474739586327,8.6503520100668,8.8575460701881,54078176,481334242.9886982
2022-12-14,02328.HK,6.0236740188739,6.0318031336093,5.9830284451973,6.0318031336093,30309984,182700659.80206567
2022-12-14,02331.HK,54.034379674079,55.335367948736,52.950222778532,54.684873811408,18331506,996493823.7923629
2022-12-15,02333.HK,8.8057475551578,9.0647401303095,8.5640211516829,9.0129416152791,53880703,480041749.5208135
2022-12-15,02331.HK,54.858338914695,56.029228361887,53.080321605998,53.860914570792,10187290,553777281.9200834
2022-12-15,02328.HK,6.0318031336093,6.0643195925506,5.9342537567854,6.0155449041386,33315947,200684404.3580815
2022-12-16,02331.HK,54.468042432298,54.468042432298,52.776757675245,54.207844777367,11953243,649514644.0288589
2022-12-16,02328.HK,6.0561904778152,6.0561904778152,5.950511986256,6.0399322483446,35065740,212079747.2618054
2022-12-16,02333.HK,8.8920784135417,9.340998877138,8.8230137268346,9.0820063019863,44874488,403288924.43897235
2022-12-19,02328.HK,5.999286674668,6.0318031336093,5.9342537567854,5.974899330462,15933423,95394885.35020824
2022-12-19,02331.HK,53.947647122436,56.809821326681,53.080321605998,53.860914570792,10603543,571576359.8411479
2022-12-19,02333.HK,9.0820063019863,9.3582650488147,8.8920784135417,8.9784092719256,37654452,340027525.663959
2022-12-20,02333.HK,8.943876928572,8.943876928572,8.5812873233596,8.7366828684507,41595768,367718231.7135416
2022-12-20,02328.HK,5.974899330462,5.999286674668,5.9017372978441,5.974899330462,15356750,91755035.29307231
2022-12-20,02331.HK,53.036955330176,54.424676156477,51.952798434629,53.210420433464,11096168,589469365.5162389
2022-12-21,02331.HK,53.774182019148,54.901705190517,53.080321605998,54.598141259764,11398383,617634623.6664275
2022-12-21,02333.HK,8.788481383481,8.8920784135417,8.5553880658445,8.8575460701881,30507987,269172388.07909
2022-12-21,02328.HK,5.974899330462,6.0236740188739,5.9179955273147,5.9830284451973,25841942,154508038.00938833
2022-12-22,02328.HK,6.0480613630799,6.0968360514918,6.0155449041386,6.0480613630799,20647670,124878375.16462396
2022-12-22,02333.HK,9.0129416152791,9.2719341904308,8.9093445852185,9.2201356754005,49070500,447353109.5961467
2022-12-22,02331.HK,56.072594637708,58.978135117775,56.072594637708,58.6312049112,29324745,1681829836.151421
2022-12-23,02331.HK,57.850611946406,59.455164151816,57.113385257434,58.674571187022,15320435,892608247.02939
2022-12-23,02333.HK,8.9956754436024,9.1510709886934,8.7712152118042,8.788481383481,26357557,234373463.63339493
2022-12-23,02328.HK,6.0399322483446,6.1293525104331,6.0074157894033,6.0805778220212,8920011,54057541.57663685
2022-12-28,02331.HK,59.758728082569,62.143873252774,59.368431600172,59.758728082569,21746423,1299538578.8255243
2022-12-28,02328.HK,6.0805778220212,6.1781271988451,6.0399322483446,6.0805778220212,20866105,126877975.29496568
2022-12-28,02333.HK,8.8057475551578,8.8057475551578,8.4172586924302,8.6676181817435,37791216,330169869.4051181
2022-12-29,02333.HK,8.4949564649757,8.8057475551578,8.4517910357838,8.63308583839,20003862,171313497.28334484
2022-12-29,02331.HK,59.671995530926,59.845460634213,57.93734449805,58.327640980447,9222600,544131723.8448943
2022-12-29,02328.HK,6.0643195925506,6.0643195925506,5.950511986256,5.9911575599326,14264224,85981013.26495126
2022-12-30,02333.HK,8.788481383481,9.0647401303095,8.7194166967739,8.7712152118042,32042386,281327288.17450714
2022-12-30,02328.HK,5.9911575599326,6.0805778220212,5.9911575599326,6.0236740188739,19032038,114333365.58572266
2022-12-30,02331.HK,59.932193185857,60.626053599007,58.761303738666,58.761303738666,7175515,425843483.79218435
2023-01-03,02333.HK,8.7194166967739,8.8748122418649,8.3654601773999,8.8575460701881,42231574,371151401.8941002
2023-01-03,02328.HK,5.9830284451973,6.0074157894033,5.8854790683735,5.999286674668,16992593,101805302.01480864
2023-01-03,02331.HK,57.763879394762,60.582687323185,56.939920154146,60.149024564966,15150356,893211235.9918444
2023-01-04,02333.HK,8.8057475551578,8.8230137268346,8.6244527525516,8.788481383481,32481974,285747643.4674565
2023-01-04,02328.HK,6.0074157894033,6.1456107399038,5.950511986256,6.1374816251685,38040973,231001857.31774786
2023-01-04,02331.HK,61.319914012158,61.84030932202,58.414373532091,61.666844218733,16025342,985452431.0606716
2023-01-05,02331.HK,63.097931320855,63.314762699965,61.623477942911,62.707634838458,20416400,1284248380.467499
2023-01-05,02328.HK,6.226901887257,6.2756765756689,6.0074157894033,6.0561904778152,37309560,229138385.7901016
2023-01-05,02333.HK,8.943876928572,9.2892003621076,8.9093445852185,8.9611431002488,44848521,401506833.3839951
2023-01-06,02328.HK,6.0561904778152,6.1293525104331,5.8854790683735,6.0968360514918,53685487,326220573.874883
2023-01-06,02333.HK,9.0302077869559,9.0647401303095,8.63308583839,8.788481383481,46758214,416585040.71538556
2023-01-06,02331.HK,64.312187043868,64.35555331969,61.580111667089,62.447437183527,19344162,1226029353.0569267
2023-01-09,02328.HK,6.0643195925506,6.1374816251685,5.8367043799615,5.9017372978441,88918905,532004337.93080086
2023-01-09,02333.HK,8.788481383481,8.8920784135417,8.6158196667132,8.8920784135417,51106063,451791901.43095475
2023-01-09,02331.HK,63.314762699965,64.268820768046,62.273972080239,62.707634838458,17499641,1102673357.440843
2023-01-10,02331.HK,62.75100111428,64.398919595512,62.664268562636,64.312187043868,14587435,926762999.0748768
2023-01-10,02328.HK,5.8692208389028,5.9911575599326,5.8529626094322,5.974899330462,33983472,201252163.07012197
2023-01-10,02333.HK,8.8920784135417,9.4273297355219,8.63308583839,9.2201356754005,89809195,813321683.4977788
2023-01-11,02333.HK,8.9611431002488,9.1856033320469,8.8230137268346,8.9611431002488,60585527,542915577.2509873
2023-01-11,02331.HK,64.398919595512,64.875948629553,63.097931320855,63.488227803252,16794960,1073929762.5381727
2023-01-11,02328.HK,5.9911575599326,6.1456107399038,5.9586411009914,6.1374816251685,59094658,358368892.3244741
2023-01-12,02333.HK,9.0129416152791,9.6345237956432,8.8748122418649,9.1510709886934,70502331,640302614.4467206
2023-01-12,02331.HK,64.659117250443,64.789216077909,61.016350081404,62.013774425308,22890012,1449772005.2663202
2023-01-12,02328.HK,6.1374816251685,6.3000639198749,6.1130942809625,6.2838056904043,48793390,303038358.1453984
2023-01-13,02328.HK,6.1781271988451,6.3081930346102,6.1699980841097,6.2675474609336,53054108,330147083.7663812
2023-01-13,02333.HK,9.2028695037237,9.3927973921683,9.0820063019863,9.2892003621076,35402514,327332881.15703535
2023-01-13,02331.HK,61.84030932202,62.05714070113,60.495954771542,61.84030932202,16301131,1008066983.3387692
2023-01-16,02331.HK,62.447437183527,62.664268562636,59.411797875994,59.845460634213,19907678,1217283815.7212353
2023-01-16,02328.HK,6.226901887257,6.2756765756689,6.1212233956978,6.2431601167276,30151014,187992507.03150386
2023-01-16,02333.HK,9.3755312204915,9.3755312204915,8.8748122418649,8.9784092719256,39100585,358824905.1543483
2023-01-17,02333.HK,8.9956754436024,9.0647401303095,8.7712152118042,8.9266107568952,21051000,188641023.40333748
2023-01-17,02328.HK,6.1781271988451,6.2187727725217,6.0968360514918,6.1293525104331,27927422,171858089.79872483
2023-01-17,02331.HK,59.585262979282,61.580111667089,59.368431600172,60.712786150651,12910361,776545620.9315854
2023-01-18,02331.HK,60.018925737501,62.100506976952,59.845460634213,60.582687323185,14437324,870582281.3398776
2023-01-18,02333.HK,8.8748122418649,9.3755312204915,8.7712152118042,9.0129416152791,38170009,341387862.8584856
2023-01-18,02328.HK,6.1293525104331,6.202514543051,6.1049651662272,6.1943854283157,27828352,171474658.657628
2023-01-19,02328.HK,6.1943854283157,6.1943854283157,6.0561904778152,6.1049651662272,47364067,291273632.8082099
2023-01-19,02331.HK,60.582687323185,62.96783249339,60.539321047364,62.924466217568,11501896,710283217.6408863
2023-01-19,02333.HK,8.9784092719256,9.2719341904308,8.9266107568952,9.1683371603702,9223924,83692104.9693838
2023-01-20,02331.HK,63.401495251609,64.745849802087,63.054565045033,64.529018422978,11349452,725970612.1425344
2023-01-20,02333.HK,9.2201356754005,9.3582650488147,9.099272473663,9.3582650488147,13414258,124607730.27100477
2023-01-20,02328.HK,6.1049651662272,6.1781271988451,6.0399322483446,6.1781271988451,18304806,112419811.41136481
2023-01-26,02333.HK,9.496394422229,10.117976602593,9.4445959071986,10.083444259239,39613817,387816073.20859736
2023-01-26,02328.HK,6.1943854283157,6.3000639198749,6.1537398546391,6.3000639198749,50206364,313650435.97740996
2023-01-26,02331.HK,65.873372973456,69.212576211742,64.962681181197,69.16920993592,15842773,1069724493.1834617
2023-01-27,02328.HK,6.3081930346102,6.3407094935515,6.251289231463,6.3081930346102,25986677,163928974.8440651
2023-01-27,02331.HK,69.16920993592,71.727820209412,68.995744832633,70.253366831468,12339372,860193519.9656789
2023-01-27,02333.HK,10.100710430916,10.359703006068,9.9453148858253,10.100710430916,33089987,334232376.84977484
2023-01-30,02333.HK,10.1870412893,10.394235349422,9.5309267655825,9.6172576239664,64823403,641891024.7935649
2023-01-30,02328.HK,6.2756765756689,6.2919348051396,6.1049651662272,6.1130942809625,28803365,178419144.44245845
2023-01-30,02331.HK,70.166634279824,70.687029589687,66.697332214072,67.261093799757,21215819,1457820902.2588043
2023-01-31,02328.HK,6.1618689693744,6.2187727725217,5.9911575599326,5.9911575599326,43214421,262593002.4308208
2023-01-31,02331.HK,68.648814626058,68.69218090188,66.133570628388,66.957529869004,16441040,1114754667.048547
2023-01-31,02333.HK,9.7035884823503,9.7035884823503,9.3064665337844,9.496394422229,38843850,372900627.9740213
2023-02-01,02328.HK,6.0318031336093,6.0399322483446,5.9667702157267,6.0236740188739,35160595,211938874.8451075
2023-02-01,02333.HK,9.5654591089361,10.014379572532,9.4618620788754,9.9971134008556,39716292,388476421.03503
2023-02-01,02331.HK,67.56465773051,67.824855385442,66.133570628388,67.304460075579,9950966,671039002.8691932
2023-02-02,02333.HK,10.066178087563,10.117976602593,9.8244516840878,9.8762501991181,28906499,288232891.66325945
2023-02-02,02328.HK,6.0236740188739,6.0236740188739,5.9179955273147,5.9342537567854,59246846,354234752.7018046
2023-02-02,02331.HK,68.085053040373,68.171785592017,66.090204352566,66.567233386607,10543422,709847939.5322611
2023-02-03,02333.HK,9.7208546540271,10.048911915886,9.4618620788754,10.014379572532,52188850,514979589.3823795
2023-02-03,02328.HK,5.9342537567854,5.9667702157267,5.8692208389028,5.8854790683735,30476090,180109620.67774844
2023-02-03,02331.HK,66.393768283319,66.610599662429,64.35555331969,66.567233386607,12541058,833735816.8403195
2023-02-06,02328.HK,5.8610917241675,5.9342537567854,5.8367043799615,5.8936081831088,28809438,169323149.09364116
2023-02-06,02333.HK,9.8417178557646,9.8417178557646,9.2374018470773,9.3927973921683,55316454,531992588.96228933
2023-02-06,02331.HK,64.875948629553,65.830006697635,62.924466217568,63.66169290654,16541538,1063105140.9498303
2023-02-07,02331.HK,63.965256837293,64.832582353731,63.184663872499,63.618326630718,4923513,314079715.8956686
2023-02-07,02328.HK,5.9017372978441,5.9261246420501,5.8041879210202,5.8529626094322,28956620,170188189.21451753
2023-02-07,02333.HK,9.4100635638451,9.4618620788754,9.1856033320469,9.2374018470773,26712309,249058429.06168556
2023-02-08,02328.HK,5.8854790683735,5.9667702157267,5.8692208389028,5.9098664125794,14482004,85410120.21827091
2023-02-08,02333.HK,9.1510709886934,9.2719341904308,8.9093445852185,9.1683371603702,23451515,214808937.4994436
2023-02-08,02331.HK,63.314762699965,64.485652147156,63.011198769211,63.531594079074,4414204,279962847.73973054
2023-02-09,02328.HK,5.8854790683735,5.9342537567854,5.8448334946968,5.8692208389028,18227926,107131900.03101964
2023-02-09,02331.HK,62.490803459349,65.526442766881,62.490803459349,65.222878836128,8412655,537205573.965728
2023-02-09,02333.HK,9.1338048170166,9.340998877138,9.0647401303095,9.3064665337844,21835405,201325396.62731844
2023-02-10,02333.HK,9.2719341904308,9.2892003621076,8.9093445852185,8.943876928572,20073861,182830830.20255834
2023-02-10,02331.HK,65.483076491059,65.916739249278,62.100506976952,62.620902286814,11184927,716416825.5200294
2023-02-10,02328.HK,5.9017372978441,6.0074157894033,5.8854790683735,5.9098664125794,18471933,109091576.18074715
2023-02-13,02328.HK,5.8692208389028,5.8936081831088,5.8204461504909,5.8448334946968,25299018,148177035.71935713
2023-02-13,02331.HK,61.84030932202,64.442285871334,61.666844218733,64.138721940581,8934355,562770693.9280877
2023-02-13,02333.HK,8.9266107568952,9.4100635638451,8.6848843534203,9.340998877138,63865219,583332444.94202
2023-02-14,02328.HK,5.8448334946968,5.9179955273147,5.8041879210202,5.8773499536381,38619641,226353258.2554179
2023-02-14,02333.HK,9.3755312204915,9.7899193407342,9.340998877138,9.6690561389968,62351613,593730370.3917531
2023-02-14,02331.HK,64.615750974622,64.702483526265,62.620902286814,63.011198769211,5292852,337755278.10277295
2023-02-15,02328.HK,5.8610917241675,5.9179955273147,5.7879296915496,5.8529626094322,37815041,221483722.45065016
2023-02-15,02331.HK,63.011198769211,63.011198769211,60.886251253939,61.580111667089,10267457,639617961.2391808
2023-02-15,02333.HK,9.7899193407342,9.9971134008556,9.65178996732,9.7553869973807,63386788,619457094.6245726
2023-02-16,02328.HK,5.8367043799615,5.9586411009914,5.8367043799615,5.9017372978441,17269636,101359307.491466
2023-02-16,02331.HK,62.05714070113,63.748425458184,61.103082633048,62.05714070113,7485343,464518983.74721855
2023-02-16,02333.HK,9.8589840274414,10.083444259239,9.8244516840878,9.9107825424717,45855814,453279369.3266766
2023-02-17,02328.HK,5.8854790683735,5.9261246420501,5.8285752652262,5.8529626094322,13614695,79907651.60930644
2023-02-17,02333.HK,9.8935163707949,10.066178087563,9.8417178557646,9.9107825424717,35075795,347325764.400231
2023-02-17,02331.HK,61.666844218733,63.358128975787,61.580111667089,62.100506976952,7732462,478513169.9806444
2023-02-20,02331.HK,62.100506976952,62.404070907705,59.455164151816,61.14644890887,12154247,748986971.9171921
2023-02-20,02328.HK,5.8692208389028,5.9586411009914,5.7960588062849,5.9342537567854,18715085,110451515.17682265
2023-02-20,02333.HK,9.9107825424717,9.9107825424717,9.496394422229,9.7381208257039,49244121,483796487.48987347
2023-02-21,02331.HK,60.495954771542,61.189815184692,59.325065324351,59.628629255104,6831224,410298970.69642043
2023-02-21,02328.HK,5.9342537567854,5.950511986256,5.8773499536381,5.8854790683735,12831952,75835122.13263169
2023-02-21,02333.HK,9.7381208257039,10.446033864452,9.6863223106736,10.221573632654,135779259,1355056261.711121
2023-02-22,02333.HK,10.1870412893,10.428767692775,9.962581057502,10.411501521098,88793515,914508510.0066085
2023-02-22,02328.HK,5.8854790683735,5.9261246420501,5.8285752652262,5.8692208389028,14444311,84894270.58618502
2023-02-22,02331.HK,59.54189670346,60.582687323185,58.371007256269,59.151600221063,7720791,458203841.40669245
2023-02-23,02333.HK,10.359703006068,10.929486671402,10.307904491038,10.791357297987,68685643,726387088.5578966
2023-02-23,02331.HK,58.501106083735,59.802094358391,57.980710773872,58.587838635378,7814870,457517440.7085273
2023-02-23,02328.HK,5.8692208389028,5.9261246420501,5.8123170357556,5.8692208389028,14592359,85645777.53155082
2023-02-24,02331.HK,58.154175877159,58.804670014488,57.547048015653,57.677146843119,7863153,455399706.37096107
2023-02-24,02328.HK,5.8529626094322,5.8692208389028,5.8123170357556,5.8610917241675,20918807,122522020.89604287
2023-02-24,02333.HK,10.791357297987,10.825889641341,9.6172576239664,9.807185512411,157838982,1625626513.9383197
2023-02-27,02333.HK,9.7208546540271,10.014379572532,9.4618620788754,9.6172576239664,51266739,495700977.45429415
2023-02-27,02328.HK,5.8123170357556,5.8367043799615,5.7147676589317,5.7310258884023,31213860,180156144.9833277
2023-02-27,02331.HK,57.2434840849,59.238332772707,56.809821326681,58.110809601337,8529155,491937325.3827184
2023-02-28,02331.HK,58.414373532091,59.845460634213,57.763879394762,57.893978222228,10723281,623603569.2542028
2023-02-28,02328.HK,5.7391550031377,5.8285752652262,5.6009600526372,5.6009600526372,47102713,267075092.42957205
2023-02-28,02333.HK,9.6172576239664,9.6172576239664,8.9611431002488,8.9784092719256,75281738,699957061.5959074
2023-03-01,02333.HK,9.0474739586327,9.5309267655825,9.0474739586327,9.4791282505522,39202442,363144024.28132147
2023-03-01,02328.HK,5.6090891673725,5.7635423473436,5.6090891673725,5.7310258884023,22518612,127681825.48817553
2023-03-01,02331.HK,58.067443325516,61.84030932202,58.067443325516,61.796943046198,13978886,837785296.2750719
2023-03-02,02333.HK,9.3064665337844,9.4273297355219,9.099272473663,9.1683371603702,30462961,281398612.20884377
2023-03-02,02331.HK,61.623477942911,62.230605804417,61.059716357226,61.623477942911,8841646,544852977.2600273
2023-03-02,02328.HK,5.7066385441964,5.950511986256,5.7066385441964,5.9098664125794,27499029,159721303.34251073
2023-03-03,02333.HK,9.340998877138,9.3582650488147,9.0474739586327,9.2028695037237,27501544,254992506.10323843
2023-03-03,02328.HK,5.9342537567854,5.999286674668,5.9098664125794,5.9423828715207,24239261,143940447.51783577
2023-03-03,02331.HK,62.447437183527,62.577536010993,60.23575711661,60.495954771542,11595417,712789948.5567352
2023-03-06,02333.HK,9.2374018470773,9.2892003621076,8.9784092719256,9.2546680187541,25022726,231360998.7127779
2023-03-06,02331.HK,59.411797875994,60.495954771542,57.677146843119,59.888826910035,11125742,663653985.904082
2023-03-06,02328.HK,5.9423828715207,6.226901887257,5.9423828715207,6.1781271988451,68343391,414178379.42922366
2023-03-07,02331.HK,59.888826910035,61.016350081404,57.677146843119,58.544472359556,10613760,628511307.2278072
2023-03-07,02328.HK,6.1537398546391,6.2919348051396,6.0887069367565,6.1943854283157,55227168,340975994.74339616
2023-03-07,02333.HK,9.2546680187541,9.5999914522897,9.1510709886934,9.3064665337844,28585306,265287855.44574302
2023-03-08,02333.HK,9.1510709886934,9.2546680187541,8.6676181817435,8.788481383481,57780683,518279794.38925356
2023-03-08,02328.HK,6.1130942809625,6.1374816251685,5.9911575599326,6.1049651662272,39017728,238360460.099139
2023-03-08,02331.HK,58.154175877159,58.154175877159,56.809821326681,57.2434840849,8954907,516687656.48893094
2023-03-09,02328.HK,6.1049651662272,6.1212233956978,5.950511986256,5.9830284451973,32292259,195174310.24523267
2023-03-09,02331.HK,57.113385257434,57.330216636543,56.072594637708,56.679722499215,7005836,398607925.43670535
2023-03-09,02333.HK,8.7712152118042,8.788481383481,8.3568270915615,8.3827263490767,60856889,521967758.7415079
2023-03-10,02328.HK,5.950511986256,6.0318031336093,5.8773499536381,5.9098664125794,21848557,129566076.744262
2023-03-10,02331.HK,55.335367948736,56.289426016818,55.031804017983,55.335367948736,10330883,571663212.0403416
2023-03-10,02333.HK,8.279129319016,8.279129319016,7.7007125678439,7.8647411987733,71928633,580603268.8367932
2023-03-13,02331.HK,55.725664431133,57.72051311894,55.63893187949,56.896553878324,13598640,765754501.3958571
2023-03-13,02333.HK,7.769777254551,7.769777254551,7.2431590184092,7.5194177652377,87554023,669315266.2070327
2023-03-13,02328.HK,5.9423828715207,6.1049651662272,5.9423828715207,6.0643195925506,23812275,142953450.4588217
2023-03-14,02328.HK,6.0236740188739,6.1862563135804,6.0155449041386,6.0480613630799,34906878,210693297.11307237
2023-03-14,02331.HK,56.636356223393,57.113385257434,54.51140870812,56.202693465174,13153293,742102541.1976403
2023-03-14,02333.HK,7.4071876493386,7.5021515935609,6.9669002715807,7.0877634733182,98711819,715411495.8167725
2023-03-15,02331.HK,56.419524844284,57.72051311894,55.855763258599,56.072594637708,10361724,582806147.1237121
2023-03-15,02333.HK,7.1913605033789,7.217259760894,6.9927995290959,7.1222958166717,53305432,381497816.8199138
2023-03-15,02328.HK,6.0805778220212,6.1456107399038,5.9911575599326,6.0561904778152,30046742,182335172.9094815
2023-03-16,02333.HK,7.0963965591566,7.3640222201467,6.9927995290959,7.3208567909547,57980267,417958099.3230488
2023-03-16,02328.HK,5.999286674668,6.0805778220212,5.9342537567854,5.999286674668,27816226,166877513.98135358
2023-03-16,02331.HK,56.072594637708,56.983286429968,54.988437742161,55.552199327846,9130404,509589732.6611351
2023-03-17,02328.HK,6.0074157894033,6.1943854283157,5.9667702157267,6.1049651662272,37882384,229422933.25774077
2023-03-17,02331.HK,55.552199327846,55.552199327846,49.220723057849,50.044682298465,56209212,2967758752.9361095
2023-03-17,02333.HK,7.4417199926922,7.4417199926922,7.1827274175405,7.3381229626315,64059256,473392871.7574388
2023-03-20,02331.HK,49.00389167874,49.264089333671,46.48864768107,48.223298713946,33621919,1634482359.9902334
2023-03-20,02333.HK,7.3208567909547,7.3381229626315,7.1740943317021,7.2776913617628,36684700,267771679.70899785
2023-03-20,02328.HK,6.0480613630799,6.1537398546391,5.950511986256,6.0155449041386,26653930,160771258.4970016
2023-03-21,02328.HK,6.0724487072859,6.1049651662272,6.0236740188739,6.0399322483446,19155090,116006873.6596941
2023-03-21,02333.HK,7.3381229626315,7.6661802244903,7.2431590184092,7.6230147952984,49826109,372727640.34531546
2023-03-21,02331.HK,48.396763817233,51.432403124766,48.396763817233,50.955374090725,17347091,861735288.6669484
2023-03-22,02331.HK,51.215571745656,53.340519260929,51.215571745656,52.21299608956,22149961,1145469371.9179444
2023-03-22,02328.HK,6.0805778220212,6.1862563135804,6.0805778220212,6.1374816251685,17605022,107549602.68254127
2023-03-22,02333.HK,7.6489140528135,7.9942374863491,7.6489140528135,7.9079066279652,62621957,487099277.8642172
2023-03-23,02331.HK,52.733391399423,53.210420433464,51.692600779697,52.820123951066,9731604,513602506.09944004
2023-03-23,02333.HK,7.8043095979045,8.080568344733,7.7870434262278,8.0546690872179,39269828,311389682.6102114
2023-03-23,02328.HK,6.1049651662272,6.251289231463,6.0887069367565,6.226901887257,27865340,171815834.1400677
2023-03-24,02333.HK,8.0460360013795,8.0978345164098,7.8820073704501,7.925172799642,30014230,239681767.16594177
2023-03-24,02328.HK,6.251289231463,6.251289231463,6.1130942809625,6.1537398546391,27997670,173655955.3465441
2023-03-24,02331.HK,52.820123951066,53.730815743326,51.605868228053,52.21299608956,11600554,609221190.4098821
2023-03-27,02331.HK,51.866065882985,52.169629813738,50.521711332506,50.781908987437,10415411,534560423.2965584
2023-03-27,02333.HK,7.8992735421268,7.9942374863491,7.7007125678439,7.8302088554197,22815348,179436807.37994888
2023-03-27,02328.HK,6.1699980841097,6.202514543051,5.974899330462,5.999286674668,35188937,214112097.35584432
2023-03-28,02333.HK,7.8992735421268,8.3309278340463,7.8992735421268,8.1668992031169,35628499,286206809.7938712
2023-03-28,02328.HK,6.0887069367565,6.6577449682291,6.0887069367565,6.6333576240231,95780431,609262413.4206479
2023-03-28,02331.HK,50.738542711616,51.866065882985,50.088048574287,51.51913567641,10091779,515980945.6725173
2023-03-29,02331.HK,52.039530986272,53.81754829497,52.039530986272,52.993589054354,15567979,817576703.5484723
2023-03-29,02333.HK,8.2877624048544,8.3740932632383,8.123733773925,8.2273308039857,28484956,235215851.69485453
2023-03-29,02328.HK,6.6577449682291,6.6821323124351,6.5276791324639,6.6496158534938,43066102,286548079.2495611
2023-03-30,02331.HK,52.820123951066,53.774182019148,52.039530986272,52.690025123601,10892746,574647627.1462413
2023-03-30,02333.HK,8.2618631473392,8.3568270915615,8.0374029155411,8.2963954906928,35257597,291902205.04075056
2023-03-30,02328.HK,6.6496158534938,6.6496158534938,6.4626462145814,6.5927120503465,42606219,282102761.3704154
2023-03-31,02333.HK,8.5467549800061,8.6158196667132,8.279129319016,8.3654601773999,46686210,394783614.2019198
2023-03-31,02331.HK,53.340519260929,54.771606363052,53.12368788182,53.687449467504,10729823,574195580.2528106
2023-03-31,02328.HK,6.6089702798172,6.6333576240231,6.4626462145814,6.5114209029933,45847968,300771637.548489
2023-04-03,02331.HK,53.080321605998,53.297152985107,51.562501952232,52.646658847779,11776544,622549218.6505225
2023-04-03,02333.HK,8.3654601773999,8.4431579499454,8.0460360013795,8.2014315464705,36791722,304762237.35437024
2023-04-03,02328.HK,6.5114209029933,6.5601955914052,6.3894841819635,6.454517099846,24625453,159646048.44491652
2023-04-04,02331.HK,52.863490226888,52.863490226888,49.177356782027,50.348246229219,21323908,1100438786.3551357
2023-04-04,02333.HK,8.1841653747937,8.1841653747937,7.6489140528135,7.769777254551,46709236,372598235.7022611
2023-04-04,02328.HK,6.4301297556401,6.478904444052,6.3894841819635,6.4220006409047,21768846,139888023.68715134
2023-04-06,02331.HK,48.917159127096,50.868641539081,48.830426575452,50.781908987437,8101622,403862081.8080995
2023-04-06,02333.HK,7.6748133103287,7.8474750270965,7.6230147952984,7.6920794820055,14672132,112732539.73948799
2023-04-06,02328.HK,6.4220006409047,6.5439373619346,6.4057424114341,6.4870335587873,16206283,104603730.74844353
2023-04-11,02331.HK,51.779333331341,52.90685650271,50.044682298465,50.998740366547,9316858,478784359.07837874
2023-04-11,02333.HK,7.6920794820055,7.9769713146723,7.6920794820055,7.9338058854804,27823660,217384660.83195135
2023-04-11,02328.HK,6.478904444052,6.6821323124351,6.4301297556401,6.5845829356112,41958874,274064610.4819392
2023-04-12,02333.HK,7.9165397138036,7.9165397138036,7.6402809669751,7.8129426837429,32586600,256285175.54794443
2023-04-12,02328.HK,6.6008411650818,6.958522213436,6.5520664766699,6.9178766397594,52240159,353109983.8005176
2023-04-12,02331.HK,51.389036848944,51.692600779697,49.957949746821,50.39161250504,12388293,630444252.9637073
2023-04-13,02328.HK,6.8934892955534,7.1048462786718,6.8284563776709,6.9991677871126,46053815,319904929.57176983
2023-04-13,02331.HK,49.00389167874,51.649234503875,48.743694023808,51.605868228053,10393441,522840801.8077092
2023-04-13,02333.HK,7.6834463961671,7.7352449111974,7.4848854218841,7.726611825359,27250653,209967074.65230244
2023-04-14,02328.HK,7.007296901848,7.0967171639365,6.8691019513475,6.9910386723773,40096152,280639695.4655725
2023-04-14,02331.HK,51.605868228053,53.12368788182,51.432403124766,52.21299608956,12339008,640510898.6829706
2023-04-14,02333.HK,7.7784103403894,8.5812873233596,7.7784103403894,8.4690572074606,91187179,740780365.7912445
2023-04-17,02328.HK,6.9910386723773,7.1211045081425,6.958522213436,7.1129753934071,41766170,294535324.57697123
2023-04-17,02331.HK,52.039530986272,52.90685650271,51.172205469835,51.909432158807,10254152,532954234.1660191
2023-04-17,02333.HK,8.3999925207535,9.1510709886934,8.3568270915615,8.9784092719256,79692400,692463273.5114499
2023-04-18,02328.HK,7.0154260165833,7.2674285733783,6.9503930987007,7.1780083112897,46417156,329409427.6863181
2023-04-18,02331.HK,50.218147401753,51.172205469835,49.69775209189,51.042106642369,13399026,678394388.351898
2023-04-18,02333.HK,9.0129416152791,9.2719341904308,8.8402798985113,8.9093445852185,59654937,534576427.0933269
2023-04-19,02331.HK,50.998740366547,50.998740366547,49.350821885315,49.654385816068,10702281,538609019.9674015
2023-04-19,02333.HK,8.9956754436024,8.9956754436024,8.2704962331776,8.3740932632383,54693283,475004837.7638913
2023-04-19,02328.HK,7.1942665407604,7.3243323765255,7.1373627376131,7.259299458643,37374336,270096216.02993923
2023-04-20,02333.HK,8.3395609198847,8.3395609198847,8.0287698297027,8.0978345164098,32337900,265775424.939674
2023-04-20,02331.HK,49.871217195178,50.131414850109,49.047257954562,49.784484643534,6376980,317751208.7557148
2023-04-20,02328.HK,7.2918159175842,7.5031729007026,7.2023956554957,7.43813998282,50185293,369613576.3694318
2023-04-21,02333.HK,8.0633021730562,8.1755322889553,7.8992735421268,7.9769713146723,26750025,214538858.40178725
2023-04-21,02328.HK,7.3487197207315,7.4787855564967,7.2999450323196,7.3731070649375,33801024,248806410.25312036
2023-04-21,02331.HK,56.376158568462,56.376158568462,49.264089333671,51.215571745656,24987464,1344222243.960866
2023-04-24,02333.HK,7.769777254551,8.2014315464705,7.4244538210154,8.0719352588946,61216541,484887421.7947778
2023-04-24,02328.HK,7.3243323765255,7.5356893596439,7.259299458643,7.3649779502021,29900470,219608641.3725044
2023-04-24,02331.HK,51.215571745656,51.215571745656,48.613595196343,49.350821885315,10540568,530013455.29100835
2023-04-25,02331.HK,49.307455609493,49.307455609493,48.006467334836,48.09319988648,8690805,423245051.89383984
2023-04-25,02333.HK,8.1064676022482,8.123733773925,7.6402809669751,7.8215757695813,33150466,264011030.1221796
2023-04-25,02328.HK,7.3568488354668,7.4706564417613,7.3243323765255,7.3812361796728,23222458,171127280.13225436
2023-04-26,02333.HK,7.6920794820055,8.1582661172785,7.6920794820055,8.0460360013795,22845410,179771850.42263925
2023-04-26,02328.HK,7.3568488354668,7.462527327026,7.2836868028489,7.4137526386141,23354695,172481446.19685492
2023-04-26,02331.HK,48.09319988648,49.090624230384,47.702903404083,48.873792851274,5706917,276691289.64698243
2023-04-27,02328.HK,7.4137526386141,7.6413678512031,7.3243323765255,7.4950437859673,46977991,350192652.12740856
2023-04-27,02333.HK,8.0460360013795,8.2532300615008,7.9424389713188,8.1323668597634,19634269,158825556.88302466
2023-04-27,02331.HK,48.266664989768,48.917159127096,47.702903404083,48.570228920521,7200526,348638286.1801388
2023-04-28,02333.HK,8.2445969756624,8.3050285765312,8.0374029155411,8.1496330314401,22233854,182253458.21016797
2023-04-28,02331.HK,48.613595196343,49.524286988603,47.702903404083,48.440130093055,10971090,532392577.49263066
2023-04-28,02328.HK,7.5438184743792,7.8283374901155,7.3731070649375,7.6982716543504,43927404,334772725.44455856
2023-05-02,02331.HK,48.917159127096,49.350821885315,47.009042990933,47.442705749152,11611405,559436708.4116952
2023-05-02,02333.HK,8.1668992031169,8.3136616623696,7.7179787395206,7.8474750270965,29065820,232735459.3940106
2023-05-02,02328.HK,7.8852412932628,7.8852412932628,7.5031729007026,7.7307881132917,33501733,261582023.84926865
2023-05-03,02333.HK,7.8388419412581,7.8388419412581,7.6316478811367,7.769777254551,25198323,196655514.03999898
2023-05-03,02331.HK,46.445281405248,47.39933947333,46.185083750317,47.18250809422,10921958,511299392.2730152
2023-05-03,02328.HK,7.7307881132917,7.7307881132917,7.5600767038499,7.7226589985563,13672115,105640653.02980186
2023-05-04,02331.HK,46.835577887645,48.353397541411,46.835577887645,47.919734783192,13754988,651679094.3618054
2023-05-04,02328.HK,7.7551754574976,8.1128565058518,7.6657551954091,8.0478235879692,47851295,378096984.6046751
2023-05-04,02333.HK,7.8302088554197,8.0287698297027,7.7956765120662,7.8992735421268,18825282,148055970.9239245
2023-05-05,02333.HK,7.8992735421268,8.0115036580259,7.8043095979045,7.8992735421268,19304350,152490341.20295548
2023-05-05,02331.HK,47.919734783192,48.78706029963,47.833002231549,48.396763817233,11144566,536702787.7706721
2023-05-05,02328.HK,7.9746615553513,8.2591805710876,7.9746615553513,8.242922341617,46686816,378573677.681161
2023-05-08,02333.HK,8.0287698297027,8.2532300615008,7.9338058854804,8.1064676022482,62101707,501012893.68722355
2023-05-08,02328.HK,8.242922341617,8.6493780783831,8.0722109321752,8.5843451605005,63106058,530951259.48507106
2023-05-08,02331.HK,48.223298713946,48.960525402918,47.269240645864,47.616170852439,13770053,659857287.7105042
2023-05-09,02331.HK,47.355973197508,47.572804576617,45.57795588881,45.751420992098,10637475,495213789.0035395
2023-05-09,02333.HK,8.2186977181473,8.2704962331776,8.1064676022482,8.1151006880866,30861440,252042269.74304157
2023-05-09,02328.HK,8.6006033899712,8.698152766795,8.4217628657941,8.4542793247354,43156345,368013201.1852073
2023-05-10,02331.HK,45.100926854769,45.534589612988,44.103502510866,44.320333889975,19333268,864402599.4380076
2023-05-10,02333.HK,8.1582661172785,8.8230137268346,8.123733773925,8.6071865808748,59563055,499300790.5800016
2023-05-10,02328.HK,8.5193122426179,8.5355704720886,8.1291147353225,8.3079552594996,71318541,600048083.6338673
2023-05-11,02331.HK,44.537165269085,45.404490785523,43.626473476825,44.233601338332,16981798,753743613.4161505
2023-05-11,02333.HK,8.6503520100668,8.8057475551578,8.4431579499454,8.7366828684507,39025522,339269056.083176
2023-05-11,02328.HK,8.2104058826757,8.3242134889702,8.0803400469105,8.1453729647931,45390929,371201998.202579
2023-05-12,02328.HK,8.1291147353225,8.1291147353225,7.8120792606449,7.9096286374687,45626569,365896415.58597517
2023-05-12,02333.HK,8.8920784135417,8.8920784135417,8.3740932632383,8.4604241216222,41312749,358439790.8785449
2023-05-12,02331.HK,44.537165269085,44.623897820729,43.626473476825,44.060136235044,14568494,645364627.6895472
2023-05-15,02331.HK,43.9734036834,45.014194303126,43.843304855934,44.66726409655,9967431,441759869.94528747
2023-05-15,02333.HK,8.5208557224909,8.7539490401274,8.4086256065918,8.6158196667132,26369949,225946628.02143365
2023-05-15,02328.HK,7.8852412932628,8.194147653205,7.8445957195862,8.1047273911165,43997272,351757500.7390591
2023-05-16,02331.HK,44.66726409655,44.66726409655,43.366275821894,43.626473476825,10870285,479889045.5688973
2023-05-16,02333.HK,8.7021505250971,8.7366828684507,8.3050285765312,8.3999925207535,36965336,316093232.0049654
2023-05-16,02328.HK,8.2104058826757,8.242922341617,7.990919784822,8.0884691616458,27732556,226004732.45182422
2023-05-17,02333.HK,8.434524864107,8.434524864107,8.1755322889553,8.2186977181473,24372183,202937694.1572172
2023-05-17,02331.HK,43.453008373537,43.539740925181,41.761723616484,42.108653823059,26224803,1121918867.7291389
2023-05-17,02328.HK,8.1128565058518,8.1128565058518,7.9340159816747,7.9827906700867,29271442,235571401.38147384
2023-05-18,02333.HK,8.2704962331776,8.3481940057231,8.1841653747937,8.2618631473392,15904298,131467785.1154173
2023-05-18,02328.HK,7.9746615553513,8.2916970300289,7.9746615553513,8.1616311942637,28905171,233211150.6168409
2023-05-18,02331.HK,42.282118926346,42.802514236209,41.067863203333,41.891822443949,26887686,1131621252.473451
2023-05-19,02328.HK,8.0640818174399,8.1453729647931,7.8852412932628,8.0965982763812,32017724,258714097.44812903
2023-05-19,02331.HK,42.021921271415,42.238752650524,41.067863203333,41.718357340662,14212363,595073618.6779873
2023-05-19,02333.HK,8.2618631473392,8.2618631473392,7.9510720571572,7.9942374863491,17423500,141619084.69553402
2023-05-22,02331.HK,42.108653823059,43.539740925181,40.894398100046,43.236176994428,17771801,758365674.8335232
2023-05-22,02328.HK,8.0965982763812,8.1778894237344,7.9746615553513,8.1291147353225,34834101,282604062.92335045
2023-05-22,02333.HK,8.0287698297027,8.1755322889553,7.8215757695813,8.0633021730562,29671837,238740668.72906283
2023-05-23,02331.HK,44.060136235044,44.060136235044,41.761723616484,41.978554995593,16156809,695055350.4116884
2023-05-23,02333.HK,8.1409999456018,8.1496330314401,7.8992735421268,7.9597051429956,15713937,126502732.70889948
2023-05-23,02328.HK,8.1291147353225,8.3242134889702,8.0965982763812,8.0965982763812,37734139,306131655.07886803
2023-05-24,02328.HK,8.1209856205871,8.1778894237344,7.7714336869683,7.8608539490568,45698541,365173375.41439706
2023-05-24,02331.HK,41.588258513196,41.718357340662,40.894398100046,41.111229479155,10735907,443927006.01674855
2023-05-24,02333.HK,7.9165397138036,7.9510720571572,7.769777254551,7.7956765120662,25741000,202224078.93505728
2023-05-25,02333.HK,7.769777254551,7.769777254551,7.1827274175405,7.2258928467324,65758430,493045861.3291687
2023-05-25,02331.HK,40.200537686895,40.200537686895,38.856183136417,39.333212170458,32094889,1276313436.7127552
2023-05-25,02328.HK,7.8039501459096,7.8608539490568,7.5682058185852,7.7307881132917,36523519,283691653.98498285
2023-05-29,02333.HK,7.2258928467324,7.2690582759244,6.7338069539442,6.9237348423888,49845359,352646635.9402933
2023-05-29,02328.HK,7.7226589985563,7.9177577522041,7.6007222775265,7.8283374901155,35702170,277602160.1539818
2023-05-29,02331.HK,38.986281963882,39.203113342992,37.294997206829,37.425096034294,30029356,1147292236.1788971
2023-05-30,02331.HK,37.425096034294,37.945491344157,36.817968172788,37.598561137582,18836133,706577792.3179302
2023-05-30,02333.HK,6.9237348423888,7.2258928467324,6.8546701556816,7.0273318724494,32308419,225368454.45997304
2023-05-30,02328.HK,7.8283374901155,8.0234362437633,7.6738843101444,7.8364666048508,34631080,271244541.8985528
2023-05-31,02333.HK,6.9496340999039,7.0100657007727,6.7769723831361,6.9410010140655,83728056,581517937.3489981
2023-05-31,02331.HK,37.208264655185,37.294997206829,35.994008932172,36.427671690391,32426770,1193887785.8063166
2023-05-31,02328.HK,7.7633045722329,7.7876919164389,7.5356893596439,7.5844640480559,51926775,398480063.9488985
2023-06-01,02333.HK,6.9927995290959,6.9927995290959,6.707907696429,6.8115047264897,35159439,242675796.70585114
2023-06-01,02331.HK,36.427671690391,37.381729758472,35.95064265635,36.124107759637,18814060,682496765.8397968
2023-06-01,02328.HK,7.5600767038499,7.690142539615,7.43813998282,7.5844640480559,46618657,353009075.3678093
2023-06-02,02331.HK,37.294997206829,40.677566720936,36.991433276075,40.157171411074,36028092,1395226928.282661
2023-06-02,02328.HK,7.6413678512031,7.7795628017036,7.5031729007026,7.5763349333205,52260706,397643945.6086846
2023-06-02,02333.HK,6.8978355848736,7.2517921042476,6.8978355848736,7.2517921042476,42168789,298336332.22555476
2023-06-05,02331.HK,41.631624789018,41.67499106484,39.506677273745,40.590834169292,21199380,871532575.995809
2023-06-05,02328.HK,7.5763349333205,7.6738843101444,7.4787855564967,7.6332387364678,25086842,190780085.77066964
2023-06-05,02333.HK,7.2517921042476,7.2517921042476,6.9669002715807,7.0359649582878,21737238,155288187.87725642
2023-06-06,02328.HK,7.6576260806738,7.9584033258807,7.6169805069971,7.7064007690857,23492350,180468548.08197382
2023-06-06,02331.HK,40.330636514361,42.021921271415,39.680142377033,40.113805135252,23013533,925655406.2849716
2023-06-06,02333.HK,7.1654612458637,7.3812883918234,7.1222958166717,7.3208567909547,39535740,286363651.7304813
2023-06-07,02331.HK,40.460735341827,41.631624789018,40.460735341827,40.981130651689,13674361,556832738.0544807
2023-06-07,02328.HK,7.8120792606449,7.8852412932628,7.6576260806738,7.7064007690857,23224109,180201435.86239335
2023-06-07,02333.HK,7.3985545635002,7.6748133103287,7.3294898767931,7.6230147952984,31331879,235326996.76999268
2023-06-08,02331.HK,41.067863203333,41.45815968573,39.376578446279,40.330636514361,15359708,625128593.6509311
2023-06-08,02328.HK,7.6820134248797,7.8689830637921,7.6576260806738,7.8283374901155,22067135,171134503.7692863
2023-06-08,02333.HK,7.6834463961671,7.6834463961671,7.2863244476011,7.5107846793993,25751111,195634165.49327987
2023-06-09,02328.HK,7.8689830637921,7.8933704079981,7.7958210311742,7.8527248343215,29984570,235704325.49527004
2023-06-09,02333.HK,7.6316478811367,7.726611825359,7.3035906192779,7.4330869068538,28573828,215228570.3488285
2023-06-09,02331.HK,40.113805135252,40.677566720936,39.85360748032,40.243903962717,9443360,379423387.8936983
2023-06-12,02328.HK,7.8120792606449,7.8933704079981,7.7876919164389,7.8608539490568,15841358,124140272.94248685
2023-06-12,02331.HK,39.896973756142,40.981130651689,38.856183136417,40.807665548402,16503585,665957937.3284414
2023-06-12,02333.HK,7.4676192502073,7.6316478811367,7.372655305985,7.5971155377832,13257493,99860307.99932027
2023-06-13,02333.HK,7.6402809669751,7.8388419412581,7.6230147952984,7.6489140528135,12147410,92862060.23766512
2023-06-13,02328.HK,7.8852412932628,7.8852412932628,7.6820134248797,7.7064007690857,19287072,150358561.52737203
2023-06-13,02331.HK,40.027072583608,40.720932996758,39.289845894636,40.113805135252,18645418,747130081.9775156
2023-06-14,02331.HK,39.983706307786,41.631624789018,39.203113342992,39.680142377033,14071617,560499583.7193633
2023-06-14,02333.HK,7.6661802244903,7.925172799642,7.6661802244903,7.7525110828742,23476650,180989609.6405194
2023-06-14,02328.HK,7.6657551954091,7.8202083753802,7.6576260806738,7.7226589985563,17339545,133414050.19745089
2023-06-15,02331.HK,40.330636514361,43.236176994428,40.027072583608,43.192810718606,28558591,1192655984.218193
2023-06-15,02333.HK,7.8043095979045,8.1841653747937,7.7525110828742,7.925172799642,28640649,225251292.1499039
2023-06-15,02328.HK,7.7714336869683,7.8202083753802,7.5356893596439,7.7064007690857,27575689,213405974.67681465
2023-06-16,02331.HK,43.504748086558,44.030485223556,42.716142381062,43.417125230392,36481710,1585529287.502854
2023-06-16,02333.HK,8.0633021730562,8.1668992031169,7.925172799642,7.968338228834,57977931,464740670.51880115
2023-06-16,02328.HK,7.7470463427623,8.0315653584986,7.690142539615,7.8771121785275,88055201,687894209.524018
2023-06-19,02328.HK,7.8852412932628,7.8852412932628,7.5763349333205,7.7064007690857,30111023,234740146.37357157
2023-06-19,02331.HK,43.417125230392,43.417125230392,40.657005261154,41.708479535149,16404380,698216384.1518728
2023-06-19,02333.HK,7.9769713146723,8.123733773925,7.7438779970358,7.9165397138036,38353652,304787095.5221634
2023-06-20,02328.HK,7.6820134248797,7.714529883821,7.5925931627912,7.6251096217325,14015300,107266960.817592
2023-06-20,02331.HK,41.839913819399,42.40946238448,40.087456696073,40.700816689237,11402990,470605562.29133564
2023-06-20,02333.HK,7.9424389713188,7.9424389713188,7.6920794820055,7.7611441687126,14014555,110039364.80652137
2023-06-21,02328.HK,7.5763349333205,7.8039501459096,7.5600767038499,7.738917228027,26143201,200194857.80989605
2023-06-21,02333.HK,7.726611825359,7.7611441687126,7.5107846793993,7.5884824519448,31686542,242641189.02587324
2023-06-21,02331.HK,40.394136692655,40.394136692655,37.590205295334,38.51024528508,21603986,852324581.7928196
2023-06-23,02333.HK,7.5625831944296,7.5625831944296,7.3467560484699,7.4762523360457,14432461,108523703.63949955
2023-06-23,02328.HK,7.7226589985563,7.7226589985563,7.5519475891146,7.5519475891146,12396458,94675509.51529281
2023-06-23,02331.HK,38.115942432332,38.466433856997,37.020656730253,37.634016723417,11681500,442436573.93894094
2023-06-26,02328.HK,7.5553936067231,7.5553936067231,7.4175529023815,7.4864732545523,13750488,103416504.88678253
2023-06-26,02333.HK,7.4762523360457,7.7611441687126,7.3812883918234,7.4848854218841,18199700,136144109.42649752
2023-06-26,02331.HK,37.634016723417,38.203565288498,36.319673880923,37.064468158336,19173192,716104196.3734736
2023-06-27,02331.HK,37.064468158336,38.51024528508,36.626353877505,38.115942432332,9877092,371281916.0009011
2023-06-27,02328.HK,7.4692431665096,7.6673891790006,7.4606281224883,7.6243139588939,19042742,143711357.10066023
2023-06-27,02333.HK,7.5366839369145,7.6489140528135,7.3899214776618,7.61438170946,16027500,121416852.32363364
2023-06-28,02331.HK,38.028319576166,38.860736709745,37.371148154918,38.685490997413,13327994,511220603.5208987
2023-06-28,02328.HK,7.6673891790006,7.8655351914917,7.5984688268298,7.6673891790006,18228399,139764229.24310535
2023-06-28,02333.HK,7.6834463961671,7.726611825359,7.5280508510761,7.6230147952984,9795073,74963952.37103577
2023-06-29,02333.HK,7.7745604370353,7.7745604370353,7.5055445049579,7.6759212619402,17394000,134372839.33598992
2023-06-29,02331.HK,38.685490997413,38.685490997413,35.969182456258,36.27586245284,14714377,551504807.5486367
2023-06-29,02328.HK,7.8052298833422,7.8052298833422,7.503703342595,7.5381635186804,18412470,141254885.3564695
2023-06-30,02328.HK,7.5295484746591,7.5295484746591,7.4175529023815,7.503703342595,19696651,148052357.2197849
2023-06-30,02331.HK,36.27586245284,37.940696719999,36.188239596674,36.933033874087,14891976,545112563.5435425
2023-06-30,02333.HK,7.6759212619402,8.1780843351513,7.6669540642043,8.0435763691126,41619238,327116756.5736113
2023-07-03,02328.HK,7.5123183866164,7.6673891790006,7.5123183866164,7.6070838708512,12024494,90901580.8642528
2023-07-03,02333.HK,8.0704779623203,8.7699193857214,8.0704779623203,8.6443786174187,51475915,430206268.2679177
2023-07-03,02331.HK,37.239713870669,38.773113853579,37.10827958642,37.853073863833,11256468,422639781.0821071
2023-07-04,02333.HK,8.5905754310032,8.6623130128905,8.3305266966618,8.6354114196828,25433980,219062702.52030534
2023-07-04,02331.HK,37.80926243575,38.685490997413,37.590205295334,38.554056713163,9353096,357116727.43921083
2023-07-04,02328.HK,7.5467785627018,7.6587741349793,7.5123183866164,7.5295484746591,8033739,60559638.24840036
2023-07-05,02333.HK,8.6533458151546,8.6981818038341,8.3753626853413,8.4650346627004,15245224,130486772.45106325
2023-07-05,02331.HK,37.896885291916,37.984508148082,36.232051024757,36.670165305588,19047184,710146166.5339843
2023-07-05,02328.HK,7.4950882985737,7.5640086507444,7.3744776822748,7.477858210531,21045158,157554012.50482842
2023-07-06,02328.HK,7.4692431665096,7.6070838708512,7.331402462168,7.3744776822748,22682311,168344946.34465587
2023-07-06,02333.HK,8.4291658717568,8.5905754310032,8.2408547193027,8.4381330694927,22770479,192038238.164222
2023-07-06,02331.HK,35.881559600092,36.670165305588,34.873896754179,35.706313887759,25143707,899992257.8657968
2023-07-07,02328.HK,7.331402462168,7.4433980344456,7.2797121980399,7.2883272420613,19702465,144022356.40351906
2023-07-07,02333.HK,8.3574282898695,8.4381330694927,8.204985928359,8.2408547193027,21801008,180929650.3346136
2023-07-07,02331.HK,35.57487960351,35.706313887759,33.822422480184,34.172913904849,27714652,966517912.4260143
2023-07-10,02333.HK,8.3753626853413,8.5009034536441,8.204985928359,8.3305266966618,12996175,108556330.96957707
2023-07-10,02328.HK,7.3486325502107,7.4520130784669,7.1677166257624,7.2538670659759,21785719,159062976.66792455
2023-07-10,02331.HK,35.355822463094,35.837748172009,34.654839613764,34.961519610346,11751246,413158192.3855718
2023-07-11,02328.HK,7.2538670659759,7.305557330104,7.1160263616343,7.1935617578264,28108899,203050658.80897382
2023-07-11,02333.HK,8.4471002672286,8.5905754310032,8.303625103454,8.5278050468518,15353459,130311756.38430779
2023-07-11,02331.HK,35.706313887759,36.451108165172,35.049142466512,36.056805312424,11703285,419932118.2443569
2023-07-12,02328.HK,7.2194068898905,7.2710971540186,7.159101581741,7.2624821099972,23675432,171432489.12419465
2023-07-12,02333.HK,8.5995426287391,8.7071490015701,8.4022642785491,8.5457394423236,11958550,102516356.45545341
2023-07-12,02331.HK,36.582542449422,36.582542449422,35.44344531926,35.837748172009,9457339,342451619.44269687
2023-07-13,02328.HK,7.3141723741253,7.4520130784669,7.3141723741253,7.3658626382534,14021349,102916947.12039053
2023-07-13,02333.HK,8.6354114196828,8.6981818038341,8.3843298830772,8.5726410355314,21964413,188982385.52599436
2023-07-13,02331.HK,36.407296737089,36.933033874087,36.056805312424,36.319673880923,13142371,477902414.7840064
2023-07-14,02331.HK,36.933033874087,37.502582439168,36.232051024757,37.064468158336,10364786,383484136.5503147
2023-07-14,02328.HK,7.4089378583602,7.5123183866164,7.331402462168,7.4261679464029,24954487,185101227.47429264
2023-07-14,02333.HK,8.5726410355314,8.5726410355314,8.106346753264,8.2946579057181,25706234,216797366.76585597
2023-07-18,02333.HK,8.1870515328872,8.5905754310032,7.998740380433,8.4919362559082,25642085,213842011.29712686
2023-07-18,02328.HK,7.3486325502107,7.4347829904242,7.2969422860826,7.331402462168,23487196,172396429.81130046
2023-07-18,02331.HK,36.494919593256,36.538731021339,35.662502459676,36.012993884341,8637749,313152578.5666
2023-07-19,02331.HK,35.312011035011,35.837748172009,34.304348189099,35.487256747343,14082053,498499520.6361507
2023-07-19,02333.HK,8.5009034536441,8.5636738377955,8.3305266966618,8.5009034536441,15039509,127849413.99921152
2023-07-19,02328.HK,7.2452520219545,7.3400175061894,7.1677166257624,7.2797121980399,28159124,204505134.28319278
2023-07-20,02331.HK,35.750125315842,36.670165305588,35.312011035011,35.487256747343,9755486,347477641.6970262
2023-07-20,02333.HK,8.5278050468518,8.7699193857214,8.4829690581723,8.5726410355314,26141257,223513577.9271112
2023-07-20,02328.HK,7.1935617578264,7.3486325502107,7.1677166257624,7.1935617578264,18335328,131896314.31800361
2023-07-21,02331.HK,35.399633891177,36.056805312424,34.961519610346,35.224388178845,10215255,360721197.28545123
2023-07-21,02333.HK,8.5636738377955,8.7519849902496,8.4471002672286,8.5905754310032,20799146,178396867.5310687
2023-07-21,02328.HK,7.2107918458691,7.3227874181467,7.1677166257624,7.305557330104,15114864,109706321.78567274
2023-07-24,02328.HK,7.2969422860826,7.2969422860826,7.107411317613,7.1418714936983,12127547,87553696.36927027
2023-07-24,02333.HK,8.5009034536441,8.5367722445877,8.2498219170386,8.411231476285,15630412,132171818.37719147
2023-07-24,02331.HK,35.312011035011,35.312011035011,34.0414796206,34.654839613764,8707001,304600719.28286725
2023-07-25,02328.HK,7.3917077703175,7.6329290029152,7.3486325502107,7.5984688268298,38500467,288564399.70132095
2023-07-25,02331.HK,36.801599589838,37.590205295334,36.056805312424,36.670165305588,23760949,872879429.3101037
2023-07-25,02333.HK,8.7519849902496,9.1465416906297,8.6533458151546,8.8864929562883,48280800,425799913.02060354
2023-07-26,02333.HK,8.8864929562883,8.8864929562883,8.5188378491159,8.5457394423236,19732700,171992506.12604454
2023-07-26,02328.HK,7.5984688268298,7.6673891790006,7.5381635186804,7.5984688268298,19756003,150115372.938256
2023-07-26,02331.HK,36.801599589838,36.801599589838,35.531068175427,35.881559600092,13555391,492624320.9673722
2023-07-27,02328.HK,7.5295484746591,7.7276944871501,7.4606281224883,7.5467785627018,19311351,145572121.6046332
2023-07-27,02333.HK,8.7340505947778,9.3079512498761,8.6623130128905,8.9851321313833,61728700,546891057.3741903
2023-07-27,02331.HK,36.626353877505,38.51024528508,36.27586245284,37.765451007667,24301755,903925708.1636264
2023-07-28,02333.HK,8.8775257585524,9.4693608091225,8.7250833970419,9.3258856453479,56843122,517369367.62404805
2023-07-28,02331.HK,37.6778281515,40.832250973486,37.283525298752,40.394136692655,37241221,1453747648.3327036
2023-07-28,02328.HK,7.4433980344456,7.6846192670433,7.4433980344456,7.6070838708512,18630901,140202019.18993804
2023-07-31,02328.HK,7.6070838708512,7.9086104115984,7.6070838708512,7.8396900594276,39734232,306882849.49862486
2023-07-31,02333.HK,9.5590327864816,10.043261464221,9.3796888317634,9.4693608091225,72782594,692467922.7705268
2023-07-31,02331.HK,41.620856678983,43.285690946142,41.095119541985,41.182742398152,49048612,2030700801.6689765
2023-08-01,02328.HK,7.8396900594276,7.8999953675771,7.5984688268298,7.6156989148725,25486975,196955556.20163113
2023-08-01,02331.HK,41.533233822817,41.708479535149,39.386473846743,39.693153843325,25839810,1049437212.1397264
2023-08-01,02333.HK,9.4872952045944,9.7921799276153,9.2541480634607,9.4334920181789,38330818,362624625.7264244
2023-08-02,02331.HK,39.123605278244,40.262702408406,38.422622428914,38.860736709745,12599639,491287278.35060185
2023-08-02,02333.HK,9.4155576227071,10.043261464221,9.3796888317634,9.5410983910098,45718221,433332294.52804416
2023-08-02,02328.HK,7.6156989148725,7.701849355086,7.2452520219545,7.2969422860826,49318094,367731520.2684883
2023-08-03,02331.HK,38.028319576166,39.34266241866,37.896885291916,38.422622428914,10006116,382488497.0060516
2023-08-03,02333.HK,9.5410983910098,9.5949015774253,9.2362136679888,9.4334920181789,21807575,206894901.72133163
2023-08-03,02328.HK,7.2538670659759,7.6329290029152,7.2280219339118,7.5553936067231,33860905,250727484.37924847
2023-08-04,02328.HK,7.5898537828085,7.8569201474703,7.5898537828085,7.6673891790006,27426952,209229835.18293804
2023-08-04,02333.HK,9.5590327864816,9.8459831140308,9.3617544362916,9.4693608091225,21445671,204038334.3549163
2023-08-04,02331.HK,39.561719559075,40.306513836489,38.51024528508,38.948359565911,8330537,327015559.51181173
2023-08-07,02331.HK,38.334999572748,38.685490997413,37.80926243575,38.422622428914,7425005,284962863.57522523
2023-08-07,02333.HK,9.4693608091225,9.4693608091225,9.2003448770452,9.3976232272352,16855890,159009903.7743007
2023-08-07,02328.HK,7.5726236947658,7.6156989148725,7.4003228143388,7.503703342595,14361854,108262003.88341418
2023-08-08,02328.HK,7.477858210531,7.6156989148725,7.3486325502107,7.5812387387871,28446502,214189315.7434856
2023-08-08,02333.HK,9.4334920181789,9.4334920181789,9.0389353177988,9.1106728996861,21118500,195812473.408966
2023-08-08,02331.HK,37.634016723417,37.6778281515,36.582542449422,37.10827958642,15234759,569340435.693478
2023-08-09,02333.HK,9.0030665268551,9.2362136679888,8.9044273517601,9.1465416906297,13065401,118565954.67716707
2023-08-09,02328.HK,7.5812387387871,7.5898537828085,7.4606281224883,7.5898537828085,11534201,87493215.26684025
2023-08-09,02331.HK,36.713976733671,37.80926243575,36.538731021339,37.6778281515,10963027,407779682.7674308
2023-08-10,02331.HK,37.064468158336,38.247376716581,36.582542449422,37.984508148082,9871958,370440171.0199768
2023-08-10,02333.HK,9.1286072951579,9.2900168544043,8.8775257585524,9.0748041087424,11490083,104579353.9569805
2023-08-10,02328.HK,7.6673891790006,7.6673891790006,7.4089378583602,7.5123183866164,22166642,168241571.63586178
2023-08-11,02331.HK,40.262702408406,40.74462811732,38.115942432332,38.291188144664,26257732,1031323502.849922
2023-08-11,02333.HK,9.0748041087424,9.0748041087424,8.7250833970419,8.8416569676087,18773328,168175800.1927861
2023-08-11,02328.HK,7.4347829904242,7.5640086507444,7.3227874181467,7.3658626382534,30444377,225298217.68143144
2023-08-14,02328.HK,7.3227874181467,7.3658626382534,7.2107918458691,7.305557330104,36164245,264511521.71010083
2023-08-14,02333.HK,8.7788865834573,8.7788865834573,8.3215594989259,8.6354114196828,45452632,395762839.3375309
2023-08-14,02331.HK,36.801599589838,37.239713870669,36.100616740507,36.670165305588,22450818,824750610.9029989
2023-08-15,02331.HK,36.451108165172,36.713976733671,35.662502459676,35.969182456258,10300837,372994804.5919896
2023-08-15,02328.HK,7.305557330104,7.3658626382534,7.2107918458691,7.2710971540186,24089882,175574943.23864216
2023-08-15,02333.HK,8.5367722445877,8.7430177925137,8.4291658717568,8.5636738377955,18568000,158760541.42884564
2023-08-16,02331.HK,35.268199606928,35.487256747343,34.435782473348,34.523405329514,24601459,858487653.6940377
2023-08-16,02328.HK,7.2452520219545,7.2452520219545,7.0815661855489,7.1763316697837,54334288,391793240.86150324
2023-08-16,02333.HK,8.4650346627004,8.5457394423236,8.3663954876054,8.4650346627004,19301990,163392014.4090965
2023-08-17,02331.HK,33.91004533635,36.319673880923,33.603365339768,35.706313887759,22320045,776920135.309139
2023-08-17,02328.HK,6.9178803491433,7.2452520219545,6.9178803491433,7.2021768018478,69301810,489272758.9335633
2023-08-17,02333.HK,8.4201986740209,8.6892146060982,8.2587891147745,8.608509826475,18344900,156194977.28537363
2023-08-18,02331.HK,35.049142466512,35.312011035011,34.216725332932,34.260536761015,18477505,640334972.2375132
2023-08-18,02328.HK,7.1504865377197,7.4175529023815,7.107411317613,7.1418714936983,30700419,219390690.0312739
2023-08-18,02333.HK,8.5995426287391,8.5995426287391,8.3125923011899,8.3484610921336,16482470,139672481.4445863
2023-08-21,02333.HK,8.3394938943977,8.3394938943977,8.0256419736408,8.1511827419435,25188529,207687943.34205136
2023-08-21,02328.HK,7.0643360975062,7.1504865377197,6.96095556925,7.0384909654422,49626921,349939942.26480114
2023-08-21,02331.HK,33.822422480184,34.348159617182,33.296685343186,33.734799624018,14081777,475662868.2054216
2023-08-22,02333.HK,8.1511827419435,8.3305266966618,7.9718387872253,8.2408547193027,26683900,218701744.20607373
2023-08-22,02331.HK,33.734799624018,34.172913904849,32.113776784942,32.639513921939,27030031,897049876.3754687
2023-08-22,02328.HK,7.0212608773995,7.2883272420613,7.0040307893568,7.1504865377197,29244459,207222543.1199047
2023-08-23,02331.HK,32.945052717301,33.033614686972,31.749466126754,32.280837944775,18470626,602381515.9680492
2023-08-23,02333.HK,8.2408547193027,8.2498219170386,8.0166747759049,8.0704779623203,13888000,113265894.14119011
2023-08-23,02328.HK,7.0901812295703,7.2624821099972,7.0901812295703,7.1763316697837,29994554,213958845.77568504
2023-08-24,02331.HK,32.41368089928,33.653548474663,31.97087105093,33.077895671807,18001669,589478841.8604316
2023-08-24,02328.HK,7.1763316697837,7.2366369779332,7.159101581741,7.1935617578264,20222099,145294703.75629038
2023-08-24,02333.HK,8.1601499396795,8.4381330694927,8.0704779623203,8.3394938943977,18989600,156660818.27579618
2023-08-25,02333.HK,8.204985928359,8.4740018604364,8.204985928359,8.3574282898695,9755000,80783175.34940949
2023-08-25,02328.HK,7.2021768018478,7.4261679464029,7.1763316697837,7.2969422860826,14721967,106727776.37079072
2023-08-25,02331.HK,32.900771732466,33.166457641477,32.457961884115,32.856490747631,7808206,256723125.72033414
2023-08-28,02333.HK,8.7878537811933,9.0568697132706,8.3574282898695,8.3574282898695,18238480,156351942.07371876
2023-08-28,02331.HK,34.362044232024,34.362044232024,32.590804838621,32.767928777961,13127586,440627246.9331284
2023-08-28,02328.HK,7.477858210531,7.5726236947658,7.4261679464029,7.5381635186804,29214894,219345741.56030387
2023-08-29,02331.HK,33.299300595982,34.052077338178,32.767928777961,33.653548474663,13837052,463215027.0693332
2023-08-29,02333.HK,8.4291658717568,8.7430177925137,8.3932970808132,8.6264442219468,18725000,159683149.50229993
2023-08-29,02328.HK,7.5553936067231,7.6932343110647,7.4520130784669,7.6846192670433,16279740,124051723.5907849
2023-08-30,02333.HK,8.7340505947778,8.7609521879855,8.5367722445877,8.6174770242109,16556800,143642886.24103603
2023-08-30,02331.HK,34.317763247189,34.716292110705,33.742110444333,33.830672414003,15258250,519912934.2136914
2023-08-30,02328.HK,7.8827652795344,7.9603006757265,7.7793847512782,7.8138449273636,24731244,194098348.49984246
2023-08-31,02333.HK,8.608509826475,8.6533458151546,8.2139531260949,8.3394938943977,36474903,309088395.88123536
2023-08-31,02328.HK,8.0119909398546,8.0119909398546,7.7449245751928,7.7707697072568,33510449,264443697.8721168
2023-08-31,02331.HK,33.830672414003,34.406325216859,32.635085823456,32.812209762796,23295578,776242229.9472153
2023-09-04,02328.HK,7.8052298833422,8.072296248004,7.7966148393209,8.0636812039827,17237281,136768439.7881174
2023-09-04,02331.HK,33.520705520157,36.000440670922,33.432143550487,34.76057309554,29821649,1018130162.074261
2023-09-04,02333.HK,8.4381330694927,8.5278050468518,8.303625103454,8.4919362559082,28361135,240077990.84852692
2023-09-05,02333.HK,8.4829690581723,8.4829690581723,8.2856907079822,8.4560674649645,19885342,168419267.20653307
2023-09-05,02328.HK,8.072296248004,8.0895263360467,7.8827652795344,8.0033758958332,16618770,133578948.97691867
2023-09-05,02331.HK,34.362044232024,34.362044232024,33.697829459498,34.007796353343,7836201,267879906.58244675
2023-09-06,02331.HK,33.609267489828,34.007796353343,32.856490747631,33.653548474663,11703774,393614398.32599735
2023-09-06,02328.HK,8.072296248004,8.1842918202816,7.9689157197479,8.1412166001748,27266721,221044665.63060337
2023-09-06,02333.HK,8.4560674649645,8.6712802106264,8.4471002672286,8.6264442219468,20358089,173883646.6328402
2023-09-07,02328.HK,8.1153714681108,8.218751996367,8.0119909398546,8.1498316441962,12535744,101948211.1619419
2023-09-07,02331.HK,33.564986504993,33.874953398838,33.077895671807,33.166457641477,8321315,277646683.5738416
2023-09-07,02333.HK,8.6264442219468,8.6264442219468,8.3843298830772,8.4022642785491,11065024,94211534.1234956
2023-09-11,02333.HK,8.2498219170386,8.6264442219468,8.1422155442076,8.5905754310032,16734850,140910761.77993867
2023-09-11,02328.HK,8.0378360719186,8.3135174806018,8.0378360719186,8.1756767762602,26946406,218447949.94662118
2023-09-11,02331.HK,32.635085823456,33.786391429168,32.14799499027,33.520705520157,10540699,348664141.8299151
2023-09-12,02333.HK,8.6354114196828,8.9223617472319,8.5367722445877,8.8237225721369,23583453,205873332.95839113
2023-09-12,02328.HK,8.1842918202816,8.1842918202816,7.9775307637692,8.0981413800681,17885387,145608809.54495147
2023-09-12,02331.HK,33.033614686972,34.096358323014,32.635085823456,33.387862565652,7056524,234352374.17429766
2023-09-13,02331.HK,33.476424535322,33.697829459498,32.502242868951,32.635085823456,11247158,371783301.31190646
2023-09-13,02333.HK,8.8775257585524,8.8775257585524,8.6981818038341,8.7250833970419,10255849,90264850.75289632
2023-09-13,02328.HK,7.9086104115984,8.1239865121321,7.9086104115984,8.0636812039827,15084919,120470362.63271001
2023-09-14,02328.HK,8.0550661599613,8.2015219083243,7.9775307637692,8.1239865121321,18378777,148675600.56582934
2023-09-14,02331.HK,32.679366808291,32.900771732466,30.819565445217,31.705185141919,28573948,919860419.7142996
2023-09-14,02333.HK,8.7250833970419,8.7430177925137,8.5547066400596,8.6981818038341,9685295,84374731.66685915
2023-09-15,02333.HK,8.6892146060982,8.7430177925137,8.5816082332673,8.5995426287391,16411223,141864825.18688914
2023-09-15,02328.HK,8.1584466882175,8.2015219083243,7.9775307637692,8.1153714681108,33097971,269315180.6987138
2023-09-15,02331.HK,31.882309081259,32.945052717301,31.395218248073,31.926590066094,16644133,531021901.99606496
2023-09-18,02333.HK,8.5995426287391,8.8775257585524,8.5547066400596,8.6892146060982,19848245,171575744.6712866
2023-09-18,02331.HK,31.705185141919,32.457961884115,31.262375293568,31.705185141919,7384982,234142221.57973924
2023-09-18,02328.HK,8.2273670403883,8.2273670403883,7.9861458077906,8.1584466882175,20320627,166485004.43523884
2023-09-19,02328.HK,8.2015219083243,8.4858183610288,8.04645111594,8.4599732289647,54513321,454136716.3794872
2023-09-19,02333.HK,8.6264442219468,8.6712802106264,8.3932970808132,8.4919362559082,12016375,102850439.60729243
2023-09-19,02331.HK,31.173813323898,31.528061202579,30.908127414888,31.173813323898,13835234,431297002.00844663
2023-09-20,02328.HK,8.3824378327726,8.4858183610288,8.3049024365805,8.3996679208153,31100668,260967349.69161353
2023-09-20,02331.HK,30.819565445217,31.749466126754,30.509598551372,30.642441505877,23319612,716635077.4204075
2023-09-20,02333.HK,8.4740018604364,8.4740018604364,8.3394938943977,8.3394938943977,10268224,86322370.31684281
2023-09-21,02333.HK,8.2767235102463,8.3394938943977,8.1153139509999,8.2318875215667,16653859,137466040.2048291
2023-09-21,02331.HK,30.376755596867,30.642441505877,29.579697869835,30.111069687856,18198457,550392543.7337722
2023-09-21,02328.HK,8.3996679208153,8.4858183610288,8.3049024365805,8.391052876794,21523806,180700108.5239539
2023-09-22,02328.HK,8.3479776566872,8.4944334050501,8.2618272164737,8.4858183610288,26746736,225124548.9818506
2023-09-22,02333.HK,8.1870515328872,8.6443786174187,8.1870515328872,8.6174770242109,22627080,190118706.01187164
2023-09-22,02331.HK,29.933945748516,30.553879536207,29.579697869835,30.553879536207,18827344,569412547.223689
2023-09-25,02328.HK,8.4858183610288,8.5805838452636,8.3393626126659,8.4599732289647,19859444,168266999.55857342
2023-09-25,02333.HK,8.6174770242109,8.6443786174187,8.3843298830772,8.4201986740209,14672250,124990518.63169077
2023-09-25,02331.HK,30.553879536207,30.553879536207,29.71254082434,29.933945748516,14002255,423482977.01606953
2023-09-26,02328.HK,8.4685882729861,8.5288935811355,8.2618272164737,8.3393626126659,26835190,225522277.76356983
2023-09-26,02333.HK,8.4201986740209,8.5009034536441,8.2318875215667,8.3394938943977,16251223,136182750.67040673
2023-09-26,02331.HK,30.066788703021,30.111069687856,27.897020446102,28.384111279288,33197130,970201062.6648548
2023-09-27,02328.HK,8.2015219083243,8.4341280969007,8.2015219083243,8.4341280969007,25471543,211867837.22051945
2023-09-27,02333.HK,8.3305266966618,8.5547066400596,8.303625103454,8.3305266966618,8425750,70190935.31439815
2023-09-27,02331.HK,28.339830294453,28.826921127639,27.985582415772,28.339830294453,18534819,525273624.9984031
2023-09-28,02328.HK,8.4341280969007,8.4772033170074,8.3135174806018,8.4255130528794,27413035,231086966.4631811
2023-09-28,02333.HK,8.2767235102463,8.4291658717568,8.2498219170386,8.2677563125104,16418000,135813634.86500975
2023-09-28,02331.HK,27.941301430937,28.384111279288,27.675615521927,27.852739461267,17312552,482968617.11820406
2023-09-29,02333.HK,8.2318875215667,8.4650346627004,8.2318875215667,8.3753626853413,8670648,71997810.39601322
2023-09-29,02328.HK,8.4255130528794,8.6839643735198,8.3652077447299,8.6667342854771,24692357,211023936.60549924
2023-09-29,02331.HK,28.384111279288,29.579697869835,28.339830294453,29.181169006319,22536071,648647621.8256699
2023-10-03,02331.HK,28.295549309618,28.561235218628,27.897020446102,28.162706355112,11732164,331188757.3062707
2023-10-03,02328.HK,8.4599732289647,8.5633537572209,8.3996679208153,8.5202785371142,18577289,157723522.17560408
2023-10-03,02333.HK,8.2318875215667,8.3215594989259,7.7655932392993,7.9270027985458,17482839,141251638.94259262
2023-10-04,02333.HK,7.8731996121303,7.9270027985458,7.7835276347712,7.8731996121303,6730324,52989184.30631125
2023-10-04,02331.HK,28.074144385442,28.074144385442,27.09996271907,27.542772567421,9383860,260950681.1586465
2023-10-04,02328.HK,8.5202785371142,8.7356546376479,8.4685882729861,8.7011944615625,24464287,210655529.0011887
2023-10-05,02331.HK,27.897020446102,28.206987339948,27.498491582586,27.542772567421,6033407,167245417.62317038
2023-10-05,02333.HK,7.8731996121303,7.998740380433,7.8731996121303,7.9270027985458,6203500,49008277.82731459
2023-10-05,02328.HK,8.7184245496052,8.8218050778614,8.6839643735198,8.7356546376479,25246153,220324176.8177537
2023-10-06,02328.HK,8.7356546376479,8.8390351659041,8.6839643735198,8.7356546376479,5078652,44365349.89679978
2023-10-06,02331.HK,27.808458476432,28.206987339948,27.587053552256,27.808458476432,8143500,226458181.602824
2023-10-06,02333.HK,7.9449371940176,8.0794451600562,7.9180356008098,7.9449371940176,4551034,36157679.297838695
2023-10-09,02331.HK,27.808458476432,28.472673248958,27.587053552256,28.074144385442,9395036,262509532.83050466
2023-10-09,02328.HK,8.6064289773277,8.7356546376479,8.3221325246232,8.4427431409221,26183411,223202740.39093757
2023-10-09,02333.HK,7.9449371940176,8.106346753264,7.8911340076021,7.8911340076021,7433891,58861813.59053993
2023-10-10,02333.HK,7.9449371940176,8.1332483464717,7.9449371940176,8.0704779623203,9419266,75426727.72898914
2023-10-10,02331.HK,28.694078173133,29.579697869835,28.162706355112,28.206987339948,15964524,454199213.004577
2023-10-10,02328.HK,8.3652077447299,8.6495041974344,8.3652077447299,8.4772033170074,31229816,262992699.22721028
2023-10-11,02328.HK,8.5116634930928,8.6667342854771,8.4082829648367,8.416898008858,29415435,248980500.2520681
2023-10-11,02333.HK,8.1960187306231,8.2498219170386,8.0525435668485,8.0704779623203,7855165,63888007.74751236
2023-10-11,02331.HK,28.605516203463,30.288193627196,28.605516203463,29.71254082434,19639556,572670373.4043653
2023-10-12,02328.HK,8.5633537572209,8.8390351659041,8.5030484490715,8.7356546376479,39827141,344485023.25131166
2023-10-12,02333.HK,8.1601499396795,8.8775257585524,8.1511827419435,8.7250833970419,60818430,513466690.8615284
2023-10-12,02331.HK,30.598160521042,31.528061202579,30.376755596867,30.996689384558,24006541,739339644.8238163
2023-10-13,02328.HK,8.7356546376479,8.7356546376479,8.4341280969007,8.4944334050501,23659730,203829615.48323157
2023-10-13,02333.HK,8.5188378491159,8.8685585608165,8.50987065138,8.6892146060982,18587250,159925186.49908915
2023-10-13,02331.HK,30.332474612032,31.439499232909,30.111069687856,30.996689384558,23297963,714422296.8067429
2023-10-16,02333.HK,8.6892146060982,9.2362136679888,8.5726410355314,9.0568697132706,55770486,494853873.54408866
2023-10-16,02331.HK,30.996689384558,31.439499232909,29.579697869835,29.845383778846,17955812,546234413.7061638
2023-10-16,02328.HK,8.4944334050501,8.5633537572209,8.3135174806018,8.3652077447299,21354407,180013819.49317503
2023-10-17,02333.HK,9.0748041087424,9.5949015774253,9.0748041087424,9.2541480634607,64240482,588730361.0486372
2023-10-17,02328.HK,8.3652077447299,8.4772033170074,8.2359820844097,8.3565927007086,22948756,191872259.15152973
2023-10-17,02331.HK,30.022507718186,30.376755596867,28.959764082144,29.402573930495,20769364,617110575.745588
2023-10-18,02328.HK,8.2704422604951,8.4944334050501,8.2532121724524,8.3738227887513,17678192,147120256.61973366
2023-10-18,02333.HK,9.2362136679888,9.7383767411999,9.1644760861015,9.4514264136507,55812494,521501899.9653321
2023-10-18,02331.HK,29.402573930495,29.756821809175,28.826921127639,29.26973097599,9225614,270644018.77876836
2023-10-19,02328.HK,8.3652077447299,8.3738227887513,8.1239865121321,8.2015219083243,25551297,211650714.84194747
2023-10-19,02333.HK,9.3976232272352,9.4155576227071,9.1286072951579,9.1465416906297,37108985,344077568.88728744
2023-10-19,02331.HK,28.738359157969,28.738359157969,27.232805673576,27.764177491597,27441332,775252433.5214541
2023-10-20,02333.HK,9.1465416906297,9.2720824589325,8.8237225721369,8.9851321313833,30630802,277693855.3853317
2023-10-20,02328.HK,8.1412166001748,8.2101369523456,8.0636812039827,8.0981413800681,15781445,128140267.40025721
2023-10-20,02331.HK,26.878557794895,27.365648628081,26.612871885885,27.055681734235,18724253,504939173.15301543
2023-10-24,02328.HK,7.9430705876838,8.0809112920254,7.9086104115984,8.0033758958332,31273177,249348021.70002738
2023-10-24,02333.HK,8.8775257585524,9.4693608091225,8.8775257585524,9.2900168544043,39581459,359548921.5327493
2023-10-24,02331.HK,27.321367643246,27.321367643246,25.860095143688,26.56859090105,24022436,647284040.086502
2023-10-25,02331.HK,28.029863400607,28.029863400607,26.391466961709,26.74571484039,16960906,464521716.8205977
2023-10-25,02333.HK,9.523163995538,9.828048718559,9.5052296000662,9.6307703683689,46263949,443068321.2805681
2023-10-25,02328.HK,8.0378360719186,8.2359820844097,8.0033758958332,8.0981413800681,21853627,176314816.25806385
2023-10-26,02331.HK,23.026112114243,23.513202947429,20.989186811829,21.210591736005,142917653,3161102945.3667536
2023-10-26,02328.HK,7.9689157197479,8.2359820844097,7.9689157197479,8.1498316441962,21657637,174546989.6515041
2023-10-26,02333.HK,9.4155576227071,9.8639175095026,9.4155576227071,9.7742455321435,41239300,395687024.6219152
2023-10-27,02328.HK,8.1326015561535,8.1584466882175,7.9861458077906,8.072296248004,30135390,244170457.6192149
2023-10-27,02331.HK,20.723500902819,22.317616356882,20.590657948313,22.051930447871,99260739,2122960463.4566288
2023-10-27,02333.HK,9.7742455321435,10.168802232524,9.4872952045944,9.7025079502562,82190920,800406143.6658176
2023-10-30,02331.HK,21.69768256919,22.406178326552,21.387715675345,21.69768256919,40215792,872589489.0845706
2023-10-30,02333.HK,10.401949373657,10.455752560073,10.061195859693,10.384014978186,110911428,1152700494.3100007
2023-10-30,02328.HK,7.9947608518119,7.9947608518119,7.6846192670433,7.9258404996411,37068279,295074646.37171847
2023-10-31,02331.HK,21.741963554026,21.874806508531,20.856343857324,21.25487272084,28042298,602865047.9385011
2023-10-31,02333.HK,10.581293328376,10.581293328376,9.6845735547844,9.7921799276153,44194813,450200920.3545183
2023-10-31,02328.HK,7.5812387387871,7.7707697072568,7.3658626382534,7.701849355086,67572230,516356171.89472735
2023-11-01,02331.HK,21.387715675345,22.937550144573,21.25487272084,22.184773402376,32006117,697293091.7013803
2023-11-01,02333.HK,9.8997863004463,10.437818164601,9.8101143230872,10.204671023467,53725255,540058548.1819298
2023-11-01,02328.HK,7.7535396192141,8.0981413800681,7.7535396192141,7.9947608518119,40712124,320573380.7828345
2023-11-02,02331.HK,22.760426205232,23.203236053583,22.406178326552,22.893269159738,26584320,606836223.3824397
2023-11-02,02328.HK,8.0378360719186,8.1239865121321,7.8224599713849,7.8999953675771,29373442,234074483.6969017
2023-11-02,02333.HK,10.348146187242,10.760637283094,10.312277396298,10.455752560073,42308613,440092050.4956676
2023-11-03,02333.HK,10.563358932904,10.72476849215,10.258474209883,10.294343000826,36128670,376780515.0610465
2023-11-03,02328.HK,7.874150235513,8.04645111594,7.7793847512782,7.9430705876838,19028810,150491444.88632774
2023-11-03,02331.HK,23.424640977759,24.708789537976,23.424640977759,24.39882264413,38441830,919210729.2819207
2023-11-06,02328.HK,8.0119909398546,8.1842918202816,7.8999953675771,8.1239865121321,33214987,267978140.6500157
2023-11-06,02331.HK,24.841632492481,25.417285295337,23.778888856439,24.265979689625,29005376,712192377.9020824
2023-11-06,02333.HK,10.473686955545,10.814440469509,10.384014978186,10.72476849215,54381954,576406714.5137994
2023-11-07,02331.HK,23.911731810945,24.04457476545,22.450459311387,23.158955068748,36050756,848466923.7261069
2023-11-07,02333.HK,10.599227723847,11.029653215171,10.491621351016,10.760637283094,33735741,360295436.83456236
2023-11-07,02328.HK,8.1067564240894,8.1153714681108,7.9689157197479,8.0550661599613,22326906,180421746.81138855
2023-11-08,02331.HK,23.380359992924,23.424640977759,22.804707190067,23.070393099078,19615122,455568594.44574827
2023-11-08,02333.HK,10.688899701206,10.72476849215,10.312277396298,10.473686955545,52421122,554683268.4845581
2023-11-08,02328.HK,7.9689157197479,8.0809112920254,7.9430705876838,8.0292210278973,18731336,149833237.39704475
2023-11-09,02331.HK,23.026112114243,23.026112114243,21.874806508531,22.140492417541,24107972,544437618.693661
2023-11-09,02333.HK,10.401949373657,10.563358932904,10.276408605355,10.455752560073,24511393,255625664.58725798
2023-11-09,02328.HK,7.9775307637692,8.0119909398546,7.7966148393209,7.8999953675771,18056108,143343163.3002055
2023-11-10,02328.HK,7.8827652795344,8.0378360719186,7.7879997952995,7.9861458077906,18335786,145484478.87510926
2023-11-10,02331.HK,21.830525523696,22.140492417541,21.653401584355,21.830525523696,16038402,350126744.220297
2023-11-10,02333.HK,10.312277396298,10.312277396298,9.7383767411999,9.9894582778054,47119886,478307735.2829427
2023-11-13,02333.HK,10.043261464221,10.150867837052,9.5949015774253,9.7742455321435,29490367,292212777.1739284
2023-11-13,02328.HK,8.0119909398546,8.1584466882175,7.9947608518119,8.0636812039827,25842075,207714362.60822716
2023-11-13,02331.HK,21.830525523696,21.963368478201,20.989186811829,21.476277645015,23547354,509880312.4109798
2023-11-14,02333.HK,9.8459831140308,10.097064650636,9.7563111366717,10.025327068749,21528951,213904231.6154337
2023-11-14,02328.HK,8.0206059838759,8.1153714681108,7.8224599713849,7.9086104115984,21436609,170734191.77308595
2023-11-14,02331.HK,21.69768256919,21.741963554026,20.900624842159,21.077748781499,14460360,309274068.2431246
2023-11-15,02331.HK,21.874806508531,22.229054387211,21.25487272084,22.007649463036,26549423,582526942.9340041
2023-11-15,02333.HK,10.222605418939,10.258474209883,10.043261464221,10.222605418939,15450871,157948157.61192745
2023-11-15,02328.HK,7.9086104115984,8.2704422604951,7.9086104115984,8.2704422604951,22205106,179628789.78170973
2023-11-16,02333.HK,10.294343000826,10.366080582714,10.097064650636,10.312277396298,17194424,177159484.1575992
2023-11-16,02331.HK,22.007649463036,22.007649463036,20.679219917984,20.900624842159,32040094,687392571.0581162
2023-11-16,02328.HK,8.2704422604951,8.2704422604951,7.9086104115984,7.9775307637692,27552955,223839834.7893841
2023-11-17,02333.HK,10.097064650636,10.437818164601,10.097064650636,10.384014978186,10545784,107994520.9261785
2023-11-17,02331.HK,20.590657948313,20.767781887654,20.015005145457,20.457814993808,18543591,380593046.7066293
2023-11-17,02328.HK,7.9344555436625,7.9603006757265,7.8310750154063,7.8827652795344,19830040,156828060.80641374
2023-11-20,02331.HK,20.679219917984,21.299153705675,20.280691054468,21.077748781499,19949242,416509936.8862058
2023-11-20,02328.HK,7.8224599713849,7.9258404996411,7.7535396192141,7.8999953675771,22415571,176213906.9724159
2023-11-20,02333.HK,10.384014978186,10.92204684234,10.366080582714,10.742702887622,31994347,337967771.1848803
2023-11-21,02328.HK,7.8655351914917,8.0550661599613,7.8569201474703,7.8827652795344,23394054,184208295.81370503
2023-11-21,02331.HK,21.387715675345,21.963368478201,20.900624842159,21.033467796664,18993789,402869503.99881315
2023-11-21,02333.HK,10.814440469509,10.868243655925,10.509555746488,10.545424537432,12830489,137028756.50652072
2023-11-22,02331.HK,20.812062872489,21.033467796664,20.280691054468,20.812062872489,16739800,348389770.07289135
2023-11-22,02333.HK,10.491621351016,10.563358932904,10.276408605355,10.419883769129,12035676,125842050.14920315
2023-11-22,02328.HK,7.8569201474703,7.8655351914917,7.7363095311714,7.8138449273636,21134992,165600747.24524692
2023-11-23,02333.HK,10.437818164601,10.796506074037,10.366080582714,10.742702887622,14658412,155236401.97907913
2023-11-23,02328.HK,7.7535396192141,8.0206059838759,7.7104643991074,7.9861458077906,19444892,153028241.62104017
2023-11-23,02331.HK,20.457814993808,20.989186811829,20.280691054468,20.944905826994,17599498,364333551.1401316
2023-11-24,02331.HK,20.457814993808,20.590657948313,20.147848099963,20.192129084798,13513339,274658237.33262277
2023-11-24,02328.HK,8.072296248004,8.2359820844097,7.9430705876838,8.1756767762602,22252310,180777466.30378222
2023-11-24,02333.HK,10.778571678566,10.832374864981,10.581293328376,10.760637283094,23772711,256022694.90707666
2023-11-27,02331.HK,20.457814993808,20.590657948313,19.129385448756,19.660757266777,26239212,526339861.3414045
2023-11-27,02333.HK,10.850309260453,11.011718819699,10.366080582714,10.509555746488,28710118,306622122.4066735
2023-11-27,02328.HK,8.218751996367,8.218751996367,7.8224599713849,7.9086104115984,22605000,182279513.61602893
2023-11-28,02333.HK,10.437818164601,10.653030910263,10.33021179177,10.599227723847,21045772,221370435.660907
2023-11-28,02328.HK,7.8913803235557,8.0378360719186,7.8310750154063,8.0292210278973,20033956,159476313.48427498
2023-11-28,02331.HK,19.527914312271,19.837881206117,19.085104463921,19.572195297106,15841169,309695722.12033254
2023-11-29,02331.HK,19.572195297106,19.572195297106,18.5537326459,18.90798052458,30748815,591609903.7542479
2023-11-29,02333.HK,10.52749014196,10.635096514791,10.186736627995,10.312277396298,20568669,214323140.26568684
2023-11-29,02328.HK,7.9516856317052,7.9861458077906,7.6415440469366,7.7793847512782,35189222,276782064.00221395
2023-11-30,02333.HK,10.312277396298,10.312277396298,9.9894582778054,10.097064650636,25228362,257447134.670936
2023-11-30,02328.HK,7.7535396192141,7.9516856317052,7.7449245751928,7.8138449273636,34616812,269446612.09029275
2023-11-30,02331.HK,18.99654249425,19.793600221282,18.509451661064,19.262228403261,26452739,506024640.5063271
2023-12-01,02333.HK,10.043261464221,10.043261464221,9.6307703683689,9.8459831140308,42108601,418754132.0685091
2023-12-01,02331.HK,19.306509388096,19.793600221282,19.217947418426,19.262228403261,24543406,473304095.260409
2023-12-01,02328.HK,7.8138449273636,8.0206059838759,7.8138449273636,7.9516856317052,24834021,195760758.49002817
2023-12-04,02331.HK,19.262228403261,19.306509388096,18.243765752054,18.332327721724,19383389,364354952.8264584
2023-12-04,02333.HK,9.9177206959181,10.025327068749,9.2541480634607,9.3796888317634,29725994,286817339.91770154
2023-12-04,02328.HK,7.8913803235557,8.0206059838759,7.8052298833422,7.8569201474703,27396253,215722212.01212373
2023-12-05,02331.HK,17.889517873373,19.040823479085,17.889517873373,18.81941855491,24907300,457160246.1500865
2023-12-05,02333.HK,9.3258856453479,9.4334920181789,8.9671977359115,9.1286072951579,20406781,188298397.95147395
2023-12-05,02328.HK,7.9086104115984,7.9086104115984,7.6587741349793,7.7190794431287,30530129,238557693.6184048
2023-12-06,02331.HK,18.81941855491,19.926443175787,18.465170676229,19.527914312271,20985206,402363339.884182
2023-12-06,02333.HK,9.1286072951579,9.2720824589325,8.913394549496,9.218279272517,26295843,241223424.361194
2023-12-06,02328.HK,7.701849355086,7.7190794431287,7.5553936067231,7.6501590909579,44187333,339182154.7120772
2023-12-07,02331.HK,19.572195297106,19.837881206117,19.040823479085,19.572195297106,16442472,321815273.1511971
2023-12-07,02333.HK,9.218279272517,9.3258856453479,8.9851321313833,9.3079512498761,14677898,135963060.96608633
2023-12-07,02328.HK,7.5984688268298,7.6156989148725,7.4864732545523,7.5812387387871,31209836,236878091.82543135
2023-12-08,02333.HK,9.2003448770452,9.218279272517,8.9044273517601,9.1286072951579,27189654,249178933.8723754
2023-12-08,02328.HK,7.5812387387871,7.6846192670433,7.5123183866164,7.6243139588939,18776310,142752085.58649737
2023-12-08,02331.HK,19.572195297106,19.749319236447,18.81941855491,18.90798052458,11023533,212093744.0080789
2023-12-11,02328.HK,7.5209334306377,7.6070838708512,7.4089378583602,7.503703342595,43497423,326766490.5733289
2023-12-11,02333.HK,9.0030665268551,9.2900168544043,9.0030665268551,9.2362136679888,18713500,170660384.96310565
2023-12-11,02331.HK,16.809061843397,17.322721267484,15.834880177026,16.20684044964,120710219,1992678398.1375494
2023-12-12,02328.HK,7.503703342595,7.7104643991074,7.4606281224883,7.6673891790006,37872924,287286817.03367925
2023-12-12,02333.HK,9.3438200408198,9.523163995538,9.1824104815734,9.4334920181789,15881376,149104776.53914627
2023-12-12,02331.HK,16.720499873727,17.181022116012,16.472526358651,16.915336207002,70297524,1182257997.0725565
2023-12-13,02333.HK,9.4155576227071,9.4872952045944,9.1644760861015,9.218279272517,21440228,199756855.7742084
2023-12-13,02328.HK,7.6501590909579,7.676004223022,7.477858210531,7.4864732545523,29205993,221040189.16327226
2023-12-13,02331.HK,16.844486631265,16.986185782738,16.135990873904,16.631937904057,36375172,608855350.2086788
2023-12-14,02331.HK,17.003898176672,17.269584085682,16.437101570783,16.915336207002,38286745,649328538.7214792
2023-12-14,02328.HK,7.5812387387871,7.7190794431287,7.5123183866164,7.5812387387871,23103678,175154498.66206327
2023-12-14,02333.HK,9.4155576227071,9.6307703683689,9.1824104815734,9.3079512498761,16957000,158747269.97619665
2023-12-15,02333.HK,9.4334920181789,9.5949015774253,9.2720824589325,9.2720824589325,31958649,298902444.52868086
2023-12-15,02328.HK,7.5812387387871,7.7621546632355,7.5812387387871,7.6415440469366,48519573,369301460.3175322
2023-12-15,02331.HK,17.021610570606,17.234159297814,16.561088328321,16.826774237331,61742137,1044935806.0201825
2023-12-18,02328.HK,7.6587741349793,7.6587741349793,7.503703342595,7.5812387387871,14648012,111617945.72754236
2023-12-18,02333.HK,9.2362136679888,9.3617544362916,9.0389353177988,9.1824104815734,12831295,118167399.97857834
2023-12-18,02331.HK,16.561088328321,16.702787479793,16.224552843574,16.507951146519,25550062,422458004.4313047
2023-12-19,02333.HK,9.1824104815734,9.2003448770452,8.7788865834573,8.9223617472319,29221500,264524300.84201708
2023-12-19,02328.HK,7.5726236947658,7.6501590909579,7.4692431665096,7.5984688268298,14787838,112173829.24618362
2023-12-19,02331.HK,16.507951146519,16.844486631265,16.224552843574,16.720499873727,24308043,403859308.1117668
2023-12-20,02328.HK,7.5381635186804,7.7190794431287,7.5381635186804,7.5984688268298,15449561,116927162.37826645
2023-12-20,02331.HK,16.915336207002,17.588407176495,16.862199025199,17.057035358474,30084312,511017712.77785414
2023-12-20,02333.HK,8.9223617472319,9.0748041087424,8.7699193857214,8.8685585608165,11678665,103887099.15969703
2023-12-21,02328.HK,7.5984688268298,7.701849355086,7.5209334306377,7.676004223022,12253858,93585611.88885544
2023-12-21,02331.HK,16.862199025199,17.676969146165,16.649650297991,17.570694782561,30308002,521796107.1956888
2023-12-21,02333.HK,8.7968209789292,8.8595913630805,8.6623130128905,8.7878537811933,11215915,98614108.70608968
2023-12-22,02331.HK,17.712393934033,18.332327721724,17.411283237154,17.535269994693,46928455,827059205.2671707
2023-12-22,02328.HK,7.7104643991074,7.8396900594276,7.6673891790006,7.7104643991074,23356875,180092353.16190165
2023-12-22,02333.HK,8.8237225721369,8.8506241653446,8.5636738377955,8.7071490015701,15757884,138124720.33868617
2023-12-27,02328.HK,7.7621546632355,7.848305103449,7.5898537828085,7.6415440469366,20491306,157820951.9009709
2023-12-27,02333.HK,8.7968209789292,8.814755374401,8.608509826475,8.7699193857214,13029384,114441902.91966633
2023-12-27,02331.HK,17.756674918868,17.800955903703,17.145597328144,17.428995631088,19264749,338921555.77079713
2023-12-28,02333.HK,8.7699193857214,9.2003448770452,8.7609521879855,9.1644760861015,18260000,163741030.65774307
2023-12-28,02328.HK,7.6932343110647,7.9430705876838,7.5984688268298,7.8827652795344,28003926,218094569.95558375
2023-12-28,02331.HK,17.428995631088,18.686575600405,17.428995631088,18.509451661064,38789096,697009941.0531119
2023-12-29,02331.HK,18.5537326459,18.686575600405,18.243765752054,18.509451661064,18015860,333862569.8142302
2023-12-29,02333.HK,9.0568697132706,9.2362136679888,8.9223617472319,9.0927385042142,16316774,148071527.73662117
2023-12-29,02328.HK,7.9258404996411,7.9947608518119,7.7966148393209,7.9947608518119,15724538,125172050.46688704
2024-01-02,02331.HK,18.598013630735,18.775137570075,17.198734509946,17.428995631088,30471042,548890256.1756988
2024-01-02,02328.HK,8.0033758958332,8.0895263360467,7.8999953675771,7.9430705876838,10946470,87278649.01921217
2024-01-02,02333.HK,9.0568697132706,9.0748041087424,8.8057881766651,8.8864929562883,8422971,75568211.7040886
2024-01-03,02328.HK,7.9258404996411,8.218751996367,7.848305103449,8.2015219083243,27447800,221330308.95067635
2024-01-03,02333.HK,8.8416569676087,8.8416569676087,8.1780843351513,8.5188378491159,46188277,400925671.72597003
2024-01-03,02331.HK,17.181022116012,17.287296479616,16.773637055529,16.879911419133,28394949,483579235.311416
2024-01-04,02328.HK,8.2015219083243,8.5030484490715,8.1412166001748,8.4599732289647,40278646,335551232.23279256
2024-01-04,02333.HK,8.5188378491159,8.5188378491159,8.3484610921336,8.50987065138,9755059,83058028.05806953
2024-01-04,02331.HK,16.844486631265,17.03932296454,16.472526358651,16.986185782738,20899816,353527414.3044693
2024-01-05,02333.HK,8.411231476285,8.5547066400596,8.2677563125104,8.3932970808132,12973400,109005935.3913289
2024-01-05,02331.HK,16.915336207002,17.003898176672,16.490238752585,16.685075085859,16379717,275182614.03033364
2024-01-05,02328.HK,8.416898008858,8.615044021349,8.3221325246232,8.5202785371142,31334068,265355320.809749
2024-01-08,02331.HK,16.561088328321,16.826774237331,15.657756237685,15.94115454063,24534248,398709043.5515377
2024-01-08,02328.HK,8.5375086251569,8.6839643735198,8.3221325246232,8.391052876794,35789868,302935490.7923522
2024-01-08,02333.HK,8.3932970808132,8.3932970808132,7.9539043917535,8.0704779623203,23538875,193769371.38421956
2024-01-09,02328.HK,8.391052876794,8.3996679208153,8.0550661599613,8.2790573045164,27395939,228346660.82522932
2024-01-09,02331.HK,15.94115454063,16.189128055706,15.569194268015,15.569194268015,22840845,359861496.51709753
2024-01-09,02333.HK,8.1153139509999,8.2229203238308,8.0256419736408,8.106346753264,16410177,133100161.69545764
2024-01-10,02331.HK,15.427495116543,15.799455389157,15.1972339954,15.710893419487,21736666,338422375.6929565
2024-01-10,02328.HK,8.2790573045164,8.3565927007086,8.1239865121321,8.3049024365805,25274558,209576126.17300928
2024-01-10,02333.HK,8.106346753264,8.1780843351513,7.8821668098662,8.0435763691126,14573750,117682471.05236799
2024-01-11,02333.HK,8.0525435668485,8.5188378491159,7.9359699962817,8.4560674649645,28803090,237749504.66215137
2024-01-11,02328.HK,8.3049024365805,8.5375086251569,8.1842918202816,8.391052876794,22713461,189611464.9340372
2024-01-11,02331.HK,15.85259257096,15.94115454063,15.321220752939,15.764030601289,18320072,289609406.45623505
2024-01-12,02331.HK,15.657756237685,16.348539601112,15.445207510477,15.94115454063,21959739,346951916.68804216
2024-01-12,02328.HK,8.391052876794,8.5719688012423,8.3565927007086,8.4427431409221,19029703,160171069.28986007
2024-01-12,02333.HK,8.4022642785491,8.6892146060982,8.2946579057181,8.5367722445877,15534299,131568029.06116372
2024-01-15,02333.HK,8.5367722445877,8.6892146060982,8.3663954876054,8.4740018604364,28251120,240286710.26696423
2024-01-15,02328.HK,8.4427431409221,8.4858183610288,8.3049024365805,8.4685882729861,19841073,167769480.5552729
2024-01-15,02331.HK,15.923442146696,15.976579328498,15.268083571136,15.799455389157,25026034,396949156.1553867
2024-01-16,02333.HK,8.4740018604364,8.8057881766651,8.411231476285,8.5457394423236,30266129,257560842.9079811
2024-01-16,02328.HK,8.4772033170074,8.5633537572209,8.3307475686445,8.3393626126659,24754162,208139998.65340674
2024-01-16,02331.HK,15.675468631619,15.764030601289,15.179521601466,15.409782722609,17502643,272037028.5091596
2024-01-17,02331.HK,15.356645540807,15.356645540807,14.223052329028,14.453313450171,32456705,483766522.5161353
2024-01-17,02333.HK,8.5636738377955,8.5636738377955,7.9359699962817,8.0704779623203,34102696,283634711.028601
2024-01-17,02328.HK,8.3393626126659,8.3393626126659,7.9516856317052,8.0895263360467,25698345,211097628.08535182
2024-01-18,02333.HK,8.0615107645844,8.3574282898695,7.9628715894894,8.2318875215667,22802290,185763396.40316018
2024-01-18,02328.HK,8.0895263360467,8.2704422604951,8.0636812039827,8.2273670403883,27609543,225250984.65154862
2024-01-18,02331.HK,14.488738238039,14.683574571313,14.169915147226,14.258477116897,25075527,360425787.40375614
2024-01-19,02331.HK,14.329326692633,14.524163025907,13.92194163215,14.329326692633,33633037,481938774.8384133
2024-01-19,02333.HK,8.2408547193027,8.4022642785491,8.106346753264,8.204985928359,19732511,162258865.7421158
2024-01-19,02328.HK,8.1670617322389,8.3738227887513,8.1326015561535,8.1929068643029,36094169,295249735.6791362
2024-01-22,02331.HK,14.223052329028,14.293901904765,13.231158268723,13.390569814129,32146129,443835529.7855907
2024-01-22,02333.HK,8.1870515328872,8.2408547193027,7.7386916460916,7.8731996121303,24184477,194204387.2154497
2024-01-22,02328.HK,8.2618272164737,8.3479776566872,7.9861458077906,8.04645111594,38160694,311167609.55503476
2024-01-23,02333.HK,7.900101205338,8.0884123577922,7.801462030243,7.9808059849612,14214077,112866218.81638324
2024-01-23,02328.HK,7.9258404996411,8.244597128431,7.9258404996411,8.1670617322389,26764866,215362185.89368457
2024-01-23,02331.HK,13.443706995931,14.152202753292,13.319720238393,13.780242480678,32377958,440727946.3738841
2024-01-24,02328.HK,8.1670617322389,8.7011944615625,8.1239865121321,8.615044021349,35035148,293981779.4143018
2024-01-24,02331.HK,14.116777965424,14.84298611672,13.797954874612,14.736711753115,31914404,460420963.8436499
2024-01-24,02333.HK,8.0256419736408,8.1332483464717,7.2185941774087,7.6579868664684,72649871,569706806.0229065
2024-01-25,02331.HK,15.073247237862,15.445207510477,14.471025844105,15.321220752939,31611881,480413152.59175515
2024-01-25,02328.HK,8.615044021349,8.6667342854771,8.3565927007086,8.5719688012423,46965589,403599090.18177646
2024-01-25,02333.HK,7.6669540642043,7.6759212619402,7.3710365389192,7.6221180755248,51131655,390877780.9593701
2024-01-26,02328.HK,8.5633537572209,8.5633537572209,8.2618272164737,8.3738227887513,39842547,337410126.29009753
2024-01-26,02331.HK,15.10867202573,15.781742995223,15.037822449994,15.161809207532,28959222,438304793.040434
2024-01-26,02333.HK,7.5324460981656,7.5772820868452,7.2813645615601,7.3620693411833,18972973,141296619.63942492
2024-01-29,02333.HK,7.3082661547679,7.4158725275988,7.1737581887292,7.2454957706165,19309079,140509869.38221973
2024-01-29,02331.HK,15.480632298345,15.94115454063,15.268083571136,15.693181025553,28657772,446686017.30341554
2024-01-29,02328.HK,8.3738227887513,8.5116634930928,8.2532121724524,8.3652077447299,29245360,244769487.00132486
2024-01-30,02333.HK,7.1737581887292,7.2454957706165,7.0302830249546,7.1468565955215,19810513,141849362.67569536
2024-01-30,02331.HK,15.693181025553,15.693181025553,14.949260480324,15.161809207532,27588764,425625521.88144356
2024-01-30,02328.HK,8.3565927007086,8.3565927007086,8.1842918202816,8.2273670403883,22786319,188943698.47189566
2024-01-31,02328.HK,8.2273670403883,8.4513581849434,8.0292210278973,8.3738227887513,45130321,374608512.98550266
2024-01-31,02333.HK,7.0840862113701,7.2634301660883,6.8150702792927,6.8957750589159,22678467,158520911.2413796
2024-01-31,02331.HK,15.126384419664,15.144096813598,14.559587813775,14.701286965247,23717331,353716377.59758127
2024-02-01,02333.HK,6.9137094543878,7.1289222000496,6.8509390702364,6.9495782453314,13724980,95136673.20644602
2024-02-01,02328.HK,8.3307475686445,8.3996679208153,8.2532121724524,8.3824378327726,16327052,136438523.56728894
2024-02-01,02331.HK,14.701286965247,15.728605813421,14.152202753292,15.604619055883,38975504,590593980.6750882
2024-02-02,02333.HK,6.9675126408032,7.2275613751447,6.8688734657082,6.9585454430673,23045228,160464591.8420194
2024-02-02,02328.HK,8.3996679208153,8.5202785371142,8.2359820844097,8.3393626126659,13453426,112598654.29696491
2024-02-02,02331.HK,15.781742995223,16.437101570783,15.445207510477,15.693181025553,34214312,538446435.3115623
2024-02-05,02328.HK,8.3393626126659,8.4513581849434,8.2101369523456,8.2790573045164,17453234,145022585.76242167
2024-02-05,02331.HK,15.409782722609,16.313114813244,15.409782722609,15.958866934564,23648421,370909516.64716643
2024-02-05,02333.HK,6.9047422566518,7.0482174204264,6.7343654996695,6.88680786118,19159439,132119181.5990206
2024-02-06,02328.HK,8.2359820844097,8.5030484490715,8.1842918202816,8.4772033170074,39347423,328810387.8334917
2024-02-06,02331.HK,16.0297165103,17.021610570606,15.870304964894,16.826774237331,26961817,442935345.3999101
2024-02-06,02333.HK,6.8778406634441,7.4248397253347,6.8150702792927,7.3889709343911,27609750,196951550.7566652
2024-02-07,02328.HK,8.4944334050501,8.5461236691782,8.2790573045164,8.3565927007086,22672086,191023956.52900314
2024-02-07,02331.HK,17.03932296454,17.340433661418,16.313114813244,16.561088328321,30062627,505058315.87193394
2024-02-07,02333.HK,7.4696757140143,7.6759212619402,7.2992989570319,7.3351677479756,23800092,176178318.22047907
2024-02-08,02331.HK,16.561088328321,16.702787479793,16.242265237508,16.454813964717,20190211,333299016.8259105
2024-02-08,02333.HK,7.2992989570319,7.6579868664684,7.2992989570319,7.5055445049579,26893362,199076007.2883125
2024-02-08,02328.HK,8.3996679208153,8.4341280969007,8.1412166001748,8.2790573045164,18496219,154246677.20427972
2024-02-09,02333.HK,7.5055445049579,7.5055445049579,7.2813645615601,7.3800037366552,2009534,14956507.65008087
2024-02-09,02328.HK,8.2532121724524,8.2532121724524,8.0550661599613,8.1498316441962,3521129,28878616.63553603
2024-02-09,02331.HK,16.437101570783,16.631937904057,16.29540241931,16.507951146519,10727446,176708136.99600527
2024-02-14,02333.HK,7.3800037366552,7.595216482317,7.1199550023137,7.5414132959016,7975514,59502985.22149761
2024-02-14,02328.HK,8.0292210278973,8.218751996367,8.0206059838759,8.1929068643029,6465160,52439326.181768514
2024-02-14,02331.HK,16.507951146519,17.145597328144,16.29540241931,16.986185782738,18194953,304712123.60169774
2024-02-15,02333.HK,7.5234789004297,7.6400524709966,7.4248397253347,7.6041836800529,5576486,42179599.296392545
2024-02-15,02331.HK,16.986185782738,18.066641812714,16.879911419133,17.933798858208,31107274,543132765.1508493
2024-02-15,02328.HK,8.1842918202816,8.3307475686445,8.1584466882175,8.2962873925591,11374906,93732519.6858085
2024-02-16,02331.HK,18.066641812714,18.99654249425,18.066641812714,18.81941855491,25490232,470117118.1683705
2024-02-16,02333.HK,7.6041836800529,7.9628715894894,7.6041836800529,7.900101205338,10865232,84228826.13693278
2024-02-16,02328.HK,8.3307475686445,8.3393626126659,8.1584466882175,8.3135174806018,18201328,151473863.74013403
2024-02-19,02331.HK,18.598013630735,18.598013630735,17.021610570606,17.198734509946,41563333,743916081.6441277
2024-02-19,02333.HK,7.8911340076021,7.9628715894894,7.5055445049579,7.5503804936375,15579182,120283082.38522547
2024-02-19,02328.HK,8.3135174806018,8.4772033170074,8.244597128431,8.416898008858,34308638,286998884.3087346
2024-02-20,02333.HK,7.5234789004297,7.5683148891093,7.1827253864651,7.3531021434474,33286285,247593058.2260453
2024-02-20,02328.HK,8.4341280969007,8.6839643735198,8.4341280969007,8.615044021349,34827090,296886525.89388645
2024-02-20,02331.HK,17.198734509946,17.340433661418,16.614225510123,17.003898176672,18651529,318965697.71540177
2024-02-21,02328.HK,8.5719688012423,8.7528847256906,8.5030484490715,8.6667342854771,34822118,300144076.52635354
2024-02-21,02331.HK,16.826774237331,18.199484767219,16.667362691925,17.606119570429,29608330,509750241.35755736
2024-02-21,02333.HK,7.2723973638242,7.7835276347712,7.2275613751447,7.6669540642043,29491923,220295100.99267828
2024-02-22,02328.HK,8.6839643735198,9.2525572789289,8.6667342854771,9.2008670148008,49210323,440059164.7098976
2024-02-22,02331.HK,17.552982388627,18.199484767219,17.375858449286,18.155203782384,22912882,409088728.0852034
2024-02-22,02333.HK,7.6938556574121,7.7655932392993,7.595216482317,7.702822855148,11799180,90834090.58591445
2024-02-23,02331.HK,18.155203782384,18.81941855491,18.155203782384,18.509451661064,24604220,451052624.37739605
2024-02-23,02333.HK,7.6041836800529,7.7655932392993,7.4786429117502,7.5772820868452,13822180,104920476.24695179
2024-02-23,02328.HK,9.2180971028435,9.3731678952277,9.1664068387154,9.2180971028435,22866595,210786493.12139565
2024-02-26,02333.HK,7.6490196687325,8.0435763691126,7.6490196687325,7.7117900528839,27486668,211108738.51462117
2024-02-26,02328.HK,9.1836369267581,9.2697873669716,9.0802563985019,9.2180971028435,20953830,192793403.28074342
2024-02-26,02331.HK,18.155203782384,18.465170676229,17.694681540099,17.800955903703,18513810,332842754.3789372
2024-02-27,02333.HK,7.801462030243,8.0884123577922,7.6310852732607,8.0256419736408,38981458,308481794.9945141
2024-02-27,02328.HK,9.1664068387154,9.4765484234839,9.0285661343738,9.3903979832704,28776315,266998230.47549117
2024-02-27,02331.HK,18.022360827879,18.376608706559,17.411283237154,18.243765752054,26953929,488757300.4702635
2024-02-28,02328.HK,9.355937807185,9.528238687612,9.2525572789289,9.3903979832704,27869254,261223196.85674617
2024-02-28,02331.HK,17.978079843043,18.155203782384,17.092460146342,17.21644690388,22513520,396176340.90369296
2024-02-28,02333.HK,8.0615107645844,8.0615107645844,7.6221180755248,7.6848884596761,22573770,177727797.2083175
2024-02-29,02331.HK,17.21644690388,17.800955903703,17.145597328144,17.287296479616,22481824,387853543.0444608
2024-02-29,02333.HK,7.6310852732607,8.0525435668485,7.6310852732607,7.9449371940176,31987658,249120239.84180722
2024-02-29,02328.HK,9.2697873669716,9.4593183354412,9.1836369267581,9.2353271908862,34559601,319764687.78942853
2024-03-01,02331.HK,16.915336207002,18.066641812714,16.755924661595,17.756674918868,29923032,518745849.211882
2024-03-01,02333.HK,7.9449371940176,8.0884123577922,7.8462980189226,8.0256419736408,13331977,106459697.06995046
2024-03-01,02328.HK,9.2180971028435,9.4248581593558,9.1836369267581,9.2870174550143,20550758,190147065.52040634
2024-03-04,02331.HK,18.066641812714,18.066641812714,16.809061843397,17.287296479616,26083295,461073600.94531983
2024-03-04,02328.HK,9.2870174550143,9.304247543057,9.0630263104592,9.2008670148008,19057720,176168462.8090423
2024-03-04,02333.HK,8.0256419736408,8.0256419736408,7.7386916460916,7.8373308211866,12656386,100383953.39941719
2024-03-05,02328.HK,9.0974864865446,9.355937807185,9.0285661343738,9.1491767506727,16912397,154297406.29656205
2024-03-05,02331.HK,16.915336207002,17.21644690388,16.525663540453,16.578800722255,22849930,382669342.1219686
2024-03-05,02333.HK,7.8283636234507,7.9808059849612,7.5683148891093,7.7655932392993,21830802,170214292.33361822
2024-03-06,02328.HK,9.0974864865446,9.2697873669716,8.9251856061176,9.2008670148008,19626446,179565823.4415332
2024-03-06,02331.HK,16.578800722255,17.322721267484,16.472526358651,17.198734509946,24761007,418182893.1636378
2024-03-06,02333.HK,7.8283636234507,8.106346753264,7.8193964257148,7.9808059849612,12774774,100979284.43756525
2024-03-07,02331.HK,17.234159297814,17.358146055352,16.543375934387,16.578800722255,12525289,211758548.098405
2024-03-07,02333.HK,7.9808059849612,8.0704779623203,7.7297244483557,7.7924948325071,7554171,59577105.804797664
2024-03-07,02328.HK,9.1491767506727,9.4593183354412,9.0974864865446,9.3731678952277,36092450,334258399.00746393
2024-03-08,02333.HK,7.8283636234507,8.0704779623203,7.7655932392993,7.9897731826971,11379791,90003545.43168473
2024-03-08,02328.HK,9.4248581593558,9.5110085995693,9.2870174550143,9.4937785115266,22622562,213994015.52125534
2024-03-08,02331.HK,16.667362691925,17.234159297814,16.649650297991,17.021610570606,16242646,273599033.40337807
2024-03-11,02333.HK,8.0704779623203,8.411231476285,8.0704779623203,8.2408547193027,16456679,134215183.00183946
2024-03-11,02328.HK,9.5110085995693,9.7866900082525,9.4937785115266,9.7177696560817,35451681,340846256.3695379
2024-03-11,02331.HK,17.198734509946,18.110922797549,17.092460146342,18.110922797549,34793263,614269096.5697727
2024-03-12,02333.HK,8.2946579057181,8.4650346627004,8.2139531260949,8.3394938943977,17224204,143255011.9860809
2024-03-12,02331.HK,18.155203782384,21.741963554026,17.933798858208,19.572195297106,150031636,2830151702.960389
2024-03-12,02328.HK,9.6488493039109,9.7694599202098,9.5110085995693,9.6143891278255,24657667,237493259.2956792
2024-03-13,02331.HK,19.129385448756,19.439352342601,18.686575600405,18.90798052458,43518944,827672999.8505574
2024-03-13,02328.HK,9.5454687756547,9.6316192158682,9.4248581593558,9.5799289517401,20219862,193356451.37151822
2024-03-13,02333.HK,8.3305266966618,8.608509826475,8.2677563125104,8.4201986740209,21316980,178537438.85616785
2024-03-14,02328.HK,9.4937785115266,9.9417608006368,9.4937785115266,9.6488493039109,37144795,355524492.9828619
2024-03-14,02331.HK,18.73085658524,19.483633327436,18.73085658524,19.040823479085,21278624,401864688.9685337
2024-03-14,02333.HK,8.4201986740209,8.5905754310032,8.303625103454,8.5188378491159,26863605,227521793.11906016
2024-03-15,02333.HK,8.4919362559082,8.4919362559082,8.1960187306231,8.411231476285,19488183,164706013.02233803
2024-03-15,02331.HK,18.863699539745,18.863699539745,17.933798858208,18.332327721724,28460964,529317396.4158439
2024-03-15,02328.HK,9.5799289517401,9.5799289517401,9.0630263104592,9.1836369267581,60256039,565309078.6769284
2024-03-18,02328.HK,9.2180971028435,9.2180971028435,8.8045749898187,9.1147165745873,46805669,429039804.4122494
2024-03-18,02331.HK,18.066641812714,18.243765752054,17.39357084322,17.676969146165,24067496,430129606.8891883
2024-03-18,02333.HK,8.3663954876054,8.6533458151546,8.3663954876054,8.4829690581723,14233987,119916817.95143034
2024-03-19,02333.HK,8.3394938943977,8.4022642785491,8.2408547193027,8.2498219170386,20489098,169950058.70673394
2024-03-19,02331.HK,17.375858449286,18.066641812714,17.057035358474,17.978079843043,25050199,442811594.82828087
2024-03-19,02328.HK,9.0285661343738,9.0285661343738,8.8562652539468,8.9768758702457,50651072,455997469.68390334
2024-03-20,02333.HK,8.2587891147745,8.2946579057181,8.1780843351513,8.1960187306231,7262724,59753363.92707872
2024-03-20,02328.HK,8.9251856061176,9.13194666263,8.8045749898187,8.9424156941603,31924278,285205135.55161655
2024-03-20,02331.HK,17.712393934033,19.395071357766,17.21644690388,18.99654249425,39491652,724848271.3579376
2024-03-21,02328.HK,8.9424156941603,9.0802563985019,8.8390351659041,8.9424156941603,26091148,233317891.3538591
2024-03-21,02333.HK,8.2139531260949,8.3305266966618,8.1780843351513,8.2587891147745,15308947,126090168.95506544
2024-03-21,02331.HK,19.306509388096,19.616476281942,18.686575600405,18.81941855491,30522032,581840396.3530617
2024-03-22,02328.HK,8.8734953419895,9.13194666263,8.8562652539468,9.0457962224165,19284228,172779852.063241
2024-03-22,02333.HK,8.2498219170386,8.2587891147745,7.9359699962817,8.0435763691126,16246106,132352137.82851538
2024-03-22,02331.HK,18.686575600405,18.73085658524,17.712393934033,18.110922797549,31252761,575011711.4145696
2024-03-25,02333.HK,7.9897731826971,8.0166747759049,7.6938556574121,7.7924948325071,16551000,130606158.95982234
2024-03-25,02331.HK,18.155203782384,18.509451661064,17.800955903703,17.889517873373,11954778,215453322.73318368
2024-03-25,02328.HK,9.0285661343738,9.0285661343738,8.9079555180749,8.9424156941603,11743924,105524922.39984275
2024-03-26,02331.HK,17.800955903703,18.155203782384,17.446708025023,17.800955903703,21898887,389821121.82717484
2024-03-26,02328.HK,8.9251856061176,9.0457962224165,8.8218050778614,8.8734953419895,20308845,180735326.28978005
2024-03-26,02333.HK,7.7655932392993,7.8821668098662,7.7297244483557,7.8104292279789,14689221,114399818.16140738
2024-03-27,02331.HK,17.482132812891,18.022360827879,17.234159297814,17.641544358297,21036378,369437474.86154073
2024-03-27,02328.HK,8.8907254300322,9.2525572789289,8.8045749898187,9.0630263104592,37304597,334878736.6585401
2024-03-27,02333.HK,7.8104292279789,7.8104292279789,7.6669540642043,7.7924948325071,12498464,97506292.33235905
2024-03-28,02331.HK,17.641544358297,18.863699539745,17.623831964363,18.420889691394,29089151,524512794.74950147
2024-03-28,02333.HK,7.7924948325071,7.9270027985458,7.6041836800529,7.801462030243,16546275,129010949.29460022
2024-03-28,02328.HK,9.0630263104592,9.1147165745873,8.8218050778614,8.8907254300322,29635192,266031439.9748984
2024-04-02,02331.HK,18.81941855491,19.395071357766,18.775137570075,18.99654249425,22263464,420957143.721688
2024-04-02,02328.HK,8.9768758702457,9.2870174550143,8.959645782203,9.1147165745873,23614598,213612841.3822842
2024-04-02,02333.HK,7.9449371940176,8.6802474083623,7.9449371940176,8.3753626853413,72879598,594708447.2235625
2024-04-03,02328.HK,8.9941059582884,9.1664068387154,8.9768758702457,9.0630263104592,17471116,157739126.24731627
2024-04-03,02333.HK,8.3753626853413,8.5009034536441,8.2767235102463,8.3215594989259,17332195,144697155.59877253
2024-04-03,02331.HK,18.99654249425,19.572195297106,18.420889691394,18.509451661064,15329529,287474612.53885823
2024-04-05,02333.HK,8.411231476285,8.411231476285,8.0884123577922,8.2229203238308,7946462,66091327.59092591
2024-04-05,02331.HK,18.598013630735,18.686575600405,17.933798858208,18.376608706559,8498582,157115929.92626235
2024-04-05,02328.HK,9.0113360463311,9.0457962224165,8.7011944615625,8.7528847256906,12280814,109079545.57806747
2024-04-08,02328.HK,8.6667342854771,9.2353271908862,8.6667342854771,9.0457962224165,27998823,247965003.2863065
2024-04-08,02331.HK,18.376608706559,18.376608706559,17.712393934033,17.933798858208,12046775,218711655.04552302
2024-04-08,02333.HK,8.2229203238308,8.814755374401,8.2229203238308,8.7788865834573,27874073,236954803.43282634
2024-04-09,02333.HK,8.8237225721369,9.6487047638408,8.8237225721369,9.5410983910098,46765132,429416638.24896127
2024-04-09,02328.HK,9.0457962224165,9.2008670148008,8.8045749898187,8.8734953419895,22808274,204354055.94343036
2024-04-09,02331.HK,18.155203782384,18.509451661064,17.694681540099,17.800955903703,13527840,243204587.62391758
2024-04-10,02328.HK,8.8734953419895,8.9251856061176,8.6667342854771,8.7184245496052,30963209,272351146.15735203
2024-04-10,02331.HK,18.066641812714,18.288046736889,17.694681540099,17.800955903703,14918783,267550453.53126034
2024-04-10,02333.HK,9.523163995538,10.366080582714,9.523163995538,10.33021179177,79098838,785189477.576699
2024-04-11,02328.HK,8.7011944615625,8.959645782203,8.615044021349,8.8045749898187,16425848,143773554.06571546
2024-04-11,02333.HK,10.13293344158,10.473686955545,9.9894582778054,10.419883769129,31704666,325810102.51229024
2024-04-11,02331.HK,17.198734509946,17.800955903703,16.986185782738,17.606119570429,13454197,234135681.67680955
2024-04-12,02331.HK,17.499845206825,17.517557600759,16.738212267661,16.826774237331,33462488,574327045.6153184
2024-04-12,02328.HK,8.7701148137333,8.7701148137333,8.5719688012423,8.5805838452636,25543206,221596235.0453408
2024-04-12,02333.HK,10.419883769129,10.473686955545,10.061195859693,10.204671023467,33456241,345010037.8293984
2024-04-15,02333.HK,10.079130255165,10.366080582714,10.025327068749,10.312277396298,36601850,373181622.07385045
2024-04-15,02331.HK,16.525663540453,16.525663540453,15.94115454063,16.047428904234,30555904,497650142.8614906
2024-04-15,02328.HK,8.5202785371142,8.8562652539468,8.4599732289647,8.7356546376479,20562586,177413304.95814934
2024-04-16,02331.HK,15.586906661949,16.012004116366,15.321220752939,15.462919904411,18114359,281223852.65539116
2024-04-16,02328.HK,8.6667342854771,8.8045749898187,8.5633537572209,8.589198889285,21268272,183501940.18733191
2024-04-16,02333.HK,10.240539814411,10.294343000826,9.7563111366717,9.828048718559,33423202,335378244.1961699
2024-04-17,02333.HK,9.828048718559,9.9715238823336,9.6845735547844,9.8997863004463,18908864,186515474.6944043
2024-04-17,02331.HK,15.640043843751,15.834880177026,15.10867202573,15.268083571136,13489775,208471842.24907863
2024-04-17,02328.HK,8.5288935811355,8.6667342854771,8.3996679208153,8.6064289773277,23600168,202198245.5569607
2024-04-18,02331.HK,15.268083571136,15.746318207355,15.055534843928,15.268083571136,16582502,253183026.35452986
2024-04-18,02328.HK,8.6064289773277,9.0630263104592,8.589198889285,8.8218050778614,40768923,355265166.1109911
2024-04-18,02333.HK,9.9715238823336,10.222605418939,9.7383767411999,9.9715238823336,11102500,110708843.90360878
2024-04-19,02328.HK,8.7701148137333,8.8390351659041,8.5116634930928,8.7356546376479,33975552,297384090.1477067
2024-04-19,02333.HK,9.8639175095026,9.9535894868618,9.4872952045944,9.8818519049745,18164565,179336656.00214064
2024-04-19,02331.HK,15.073247237862,15.161809207532,14.648149783445,14.825273722786,24404766,364833203.8953548
2024-04-22,02328.HK,8.5375086251569,8.6667342854771,8.244597128431,8.3221325246232,93114275,784936631.2109702
2024-04-22,02333.HK,9.8997863004463,9.9177206959181,9.0927385042142,9.2720824589325,39905079,382527468.7103215
2024-04-22,02331.HK,15.073247237862,15.622331449817,15.073247237862,15.498344692279,15756805,240855306.2914027
2024-04-23,02333.HK,9.4155576227071,9.7204423457281,9.2003448770452,9.6666391593126,25617091,244415185.7224529
2024-04-23,02328.HK,8.244597128431,8.6064289773277,8.1584466882175,8.4599732289647,46534177,388666716.86000234
2024-04-23,02331.HK,15.85259257096,16.472526358651,15.728605813421,16.383964388981,33853452,545659366.8443142
2024-04-24,02328.HK,8.4513581849434,8.6839643735198,8.2790573045164,8.6064289773277,32736628,279207216.4172223
2024-04-24,02333.HK,9.8459831140308,10.097064650636,9.7383767411999,10.061195859693,26284308,261623211.7782401
2024-04-24,02331.HK,16.738212267661,17.933798858208,16.720499873727,17.606119570429,44107971,757429396.3644252
2024-04-25,02333.HK,10.545424537432,11.334537938192,10.52749014196,10.599227723847,105016067,1110264109.2810884
2024-04-25,02331.HK,17.606119570429,18.243765752054,17.322721267484,17.623831964363,25450337,448307069.5270618
2024-04-25,02328.HK,8.6064289773277,8.7528847256906,8.5375086251569,8.7011944615625,41121170,355854862.86329424
2024-04-26,02331.HK,17.623831964363,18.90798052458,17.623831964363,18.686575600405,33584223,609728412.4380277
2024-04-26,02333.HK,10.545424537432,10.814440469509,10.33021179177,10.401949373657,39096325,409482669.16222835
2024-04-26,02328.HK,8.6322741093917,8.787344901776,8.5547387131996,8.6495041974344,38239931,330427005.00516343
2024-04-29,02333.HK,10.617162119319,10.886178051397,10.348146187242,10.491621351016,48120692,507884633.9353408
2024-04-29,02328.HK,8.6495041974344,8.6495041974344,8.391052876794,8.5978139333063,53567620,461948891.82331413
2024-04-29,02331.HK,18.598013630735,19.439352342601,18.376608706559,18.509451661064,36016994,668249677.3849665
2024-04-30,02331.HK,18.73085658524,19.085104463921,18.243765752054,18.465170676229,19589130,364318906.7542301
2024-04-30,02333.HK,10.599227723847,10.796506074037,10.581293328376,10.706834096678,27197240,289733038.3938277
2024-04-30,02328.HK,8.4427431409221,8.4858183610288,8.2273670403883,8.416898008858,89462784,754155217.2501445
2024-05-02,02331.HK,18.465170676229,19.306509388096,18.110922797549,19.173666433591,17134555,322462362.29712594
2024-05-02,02328.HK,8.3307475686445,8.3824378327726,7.9516856317052,7.9516856317052,46770616,380769715.37960345
2024-05-02,02333.HK,10.706834096678,10.886178051397,10.581293328376,10.72476849215,17489628,187415378.36121935
2024-05-03,02331.HK,19.749319236447,20.103567115127,19.217947418426,19.439352342601,16650645,326258329.2421589
2024-05-03,02333.HK,10.975850028756,11.011718819699,10.599227723847,10.706834096678,14558725,157836117.72202957
2024-05-03,02328.HK,7.9689157197479,8.1842918202816,7.9689157197479,8.1412166001748,28513637,229679232.49612188
2024-05-06,02331.HK,19.439352342601,19.439352342601,18.332327721724,18.90798052458,34053968,652939423.172165
2024-05-06,02333.HK,10.706834096678,10.72476849215,10.348146187242,10.670965305735,32246099,344675317.9661752
2024-05-06,02328.HK,8.218751996367,8.4685882729861,8.1584466882175,8.2876723485378,49294248,406835887.6254874
2024-05-07,02331.HK,19.040823479085,19.483633327436,18.775137570075,18.863699539745,13768082,260936290.5470695
2024-05-07,02328.HK,8.3049024365805,8.391052876794,8.0809112920254,8.2273670403883,63097694,521574040.2916587
2024-05-07,02333.HK,10.670965305735,11.137259588002,10.599227723847,10.868243655925,39718902,427756864.95284766
2024-05-08,02331.HK,19.129385448756,19.217947418426,18.332327721724,18.509451661064,15327019,288445585.7600581
2024-05-08,02328.HK,8.2273670403883,8.3824378327726,8.1670617322389,8.2532121724524,35945454,296200950.99426085
2024-05-08,02333.HK,10.760637283094,10.850309260453,10.52749014196,10.581293328376,14089691,150350603.8295267
2024-05-09,02328.HK,8.2532121724524,8.5719688012423,8.2532121724524,8.4772033170074,40710338,340550434.728172
2024-05-09,02333.HK,10.509555746488,11.208997169889,10.473686955545,11.101390797058,32873500,355213725.5996297
2024-05-09,02331.HK,18.775137570075,19.483633327436,18.465170676229,19.439352342601,16432056,313971319.1282636
2024-05-10,02331.HK,19.705038251612,20.103567115127,19.350790372931,19.749319236447,21595563,426019531.37895
2024-05-10,02328.HK,8.5116634930928,8.9424156941603,8.5116634930928,8.8562652539468,34248046,297408811.32666725
2024-05-10,02333.HK,11.208997169889,11.370406729136,10.939981237812,11.208997169889,25309046,283689024.98659056
2024-05-13,02331.HK,19.749319236447,19.749319236447,18.775137570075,19.040823479085,21413804,415322256.621215
2024-05-13,02328.HK,8.8218050778614,8.9424156941603,8.7528847256906,8.9079555180749,35906183,318304014.2519389
2024-05-13,02333.HK,11.191062774418,12.177454525368,10.993784424227,11.872569802347,45564825,525445191.1122982
2024-05-14,02331.HK,19.040823479085,19.572195297106,18.99654249425,19.129385448756,16581576,316461110.13643706
2024-05-14,02328.HK,8.8390351659041,8.959645782203,8.8045749898187,8.9251856061176,25738418,228611469.83728862
2024-05-14,02333.HK,11.836701011403,12.912764739713,11.836701011403,12.751355180466,75708297,930759930.4133537
2024-05-16,02328.HK,8.9251856061176,9.0630263104592,8.8218050778614,8.9079555180749,41313289,368372856.52077484
2024-05-16,02333.HK,12.751355180466,13.145911880846,12.643748807635,13.110043089903,53326428,689547996.4220785
2024-05-16,02331.HK,19.306509388096,19.395071357766,18.465170676229,19.217947418426,21456743,413304684.4560716
2024-05-17,02328.HK,8.9079555180749,9.0974864865446,8.8734953419895,9.0974864865446,64214856,578108432.7714963
2024-05-17,02333.HK,13.110043089903,13.522534185755,13.002436717072,13.396993417452,27695104,367057566.40149677
2024-05-17,02331.HK,19.306509388096,19.926443175787,19.173666433591,19.483633327436,21796747,422749463.432172
2024-05-20,02331.HK,19.572195297106,21.25487272084,19.306509388096,20.900624842159,47832777,967963690.1412858
2024-05-20,02328.HK,9.0630263104592,9.3731678952277,9.0457962224165,9.1664068387154,38020974,346550401.8997528
2024-05-20,02333.HK,13.701878140473,13.845353304247,13.056239903487,13.145911880846,40941086,549588840.0863816
2024-05-21,02328.HK,9.1147165745873,9.1664068387154,8.9941059582884,9.0630263104592,32318029,293734410.8567382
2024-05-21,02331.HK,20.856343857324,20.944905826994,20.236410069633,20.457814993808,27772438,573697457.6076074
2024-05-21,02333.HK,13.038305508015,13.038305508015,12.518208039332,12.751355180466,35868633,462519937.21482617
2024-05-22,02331.HK,20.723500902819,21.786244538861,20.546376963478,21.299153705675,42136787,885349823.2063401
2024-05-22,02333.HK,12.769289575938,13.056239903487,12.625814412163,12.697551994051,17082323,217516406.74418962
2024-05-22,02328.HK,9.0630263104592,9.0974864865446,8.8045749898187,8.8734953419895,27991819,251037933.79246247
2024-05-23,02328.HK,8.8045749898187,8.8734953419895,8.6839643735198,8.8045749898187,28590318,251725598.8137634
2024-05-23,02333.HK,12.697551994051,12.841027157825,12.285060898199,12.518208039332,19793725,249556909.88338694
2024-05-23,02331.HK,21.077748781499,21.122029766334,20.015005145457,20.103567115127,22352881,460260526.8303447
2024-05-24,02328.HK,8.8045749898187,8.959645782203,8.7011944615625,8.8562652539468,17466022,154232312.1180468
2024-05-24,02331.HK,19.926443175787,19.926443175787,18.73085658524,18.863699539745,30912998,599559802.0924777
2024-05-24,02333.HK,12.482339248389,12.482339248389,12.051913757065,12.356798480086,20727973,257432488.0895556
2024-05-27,02333.HK,12.356798480086,12.625814412163,12.087782548009,12.464404852917,22790437,282843035.4124974
2024-05-27,02328.HK,8.8562652539468,9.2525572789289,8.8562652539468,8.9941059582884,26277024,234527316.37640676
2024-05-27,02331.HK,18.863699539745,19.749319236447,18.420889691394,19.483633327436,19587828,375570480.2305441
2024-05-28,02331.HK,19.483633327436,19.705038251612,18.952261509415,19.439352342601,13449500,261747347.88458133
2024-05-28,02328.HK,8.9941059582884,9.1147165745873,8.9424156941603,8.9941059582884,10158363,91365393.18475643
2024-05-28,02333.HK,12.565442769927,12.767518603946,12.179661632253,12.344996405542,17180635,213988581.58171692
2024-05-29,02331.HK,19.040823479085,19.350790372931,18.509451661064,18.598013630735,15335760,288610086.2976466
2024-05-29,02328.HK,8.9251856061176,8.9941059582884,8.8045749898187,8.8562652539468,19196468,170670526.21439937
2024-05-29,02333.HK,12.344996405542,12.51033117883,12.198032162619,12.400107996638,10486160,129740561.98898192
2024-05-30,02333.HK,12.381737466273,13.043076559427,12.23477322335,12.620554361023,25423139,317818370.22195506
2024-05-30,02328.HK,8.959645782203,8.959645782203,8.7356546376479,8.787344901776,18356370,162885163.6908358
2024-05-30,02331.HK,18.64229461557,18.99654249425,18.243765752054,18.332327721724,14274338,263894128.33244222
2024-05-31,02333.HK,12.749148073581,13.079817620158,12.363366935907,12.381737466273,44417133,558120942.7157359
2024-05-31,02328.HK,8.7528847256906,9.0285661343738,8.7528847256906,8.7528847256906,24223993,212029818.32493603
2024-05-31,02331.HK,18.81941855491,19.085104463921,17.978079843043,18.022360827879,24726297,455480389.51365876
2024-06-03,02328.HK,8.8734953419895,8.9251856061176,8.6322741093917,8.6839643735198,32350565,283996870.88073254
2024-06-03,02331.HK,18.420889691394,18.775137570075,18.199484767219,18.376608706559,13157222,242076427.73325598
2024-06-03,02333.HK,12.400107996638,13.116558680888,12.400107996638,12.565442769927,22761136,284122148.1563451
2024-06-04,02328.HK,8.7011944615625,8.8045749898187,8.6064289773277,8.7184245496052,12524398,109085120.75211534
2024-06-04,02331.HK,18.066641812714,18.81941855491,18.066641812714,18.465170676229,16745557,305872774.17345345
2024-06-04,02333.HK,12.124550041157,12.179661632253,11.095800340695,11.187652992522,66345095,773325162.4643607
2024-06-05,02328.HK,8.6322741093917,8.8734953419895,8.6064289773277,8.6839643735198,23123984,200210210.8095149
2024-06-05,02331.HK,18.598013630735,18.686575600405,18.199484767219,18.243765752054,13765966,253581341.18148717
2024-06-05,02333.HK,11.242764583619,11.665286782023,11.169282462157,11.334617235445,34551438,390040504.06185853
2024-06-06,02333.HK,11.408099356907,11.463210948003,11.003947688868,11.150911931792,20524672,231508153.67242214
2024-06-06,02331.HK,18.420889691394,18.81941855491,18.022360827879,18.243765752054,20563068,376968901.5400957
2024-06-06,02328.HK,8.6064289773277,8.7528847256906,8.5633537572209,8.589198889285,19675064,169162539.3978942
2024-06-07,02333.HK,11.150911931792,11.150911931792,10.563054960099,10.710019203022,42689871,466620165.0425467
2024-06-07,02328.HK,8.589198889285,8.7701148137333,8.5805838452636,8.7356546376479,16310143,141285419.23916495
2024-06-07,02331.HK,18.332327721724,18.64229461557,17.845236888538,18.465170676229,19807927,364441081.02463496
2024-06-11,02333.HK,10.563054960099,10.581425490465,10.342608595714,10.563054960099,25386786,268162015.77827185
2024-06-11,02328.HK,8.6322741093917,8.6667342854771,8.4427431409221,8.5030484490715,24864014,213026449.99407244
2024-06-11,02331.HK,18.288046736889,18.420889691394,17.800955903703,18.288046736889,26771412,489596833.868511
2024-06-12,02333.HK,10.507943369003,10.691648672657,10.324238065349,10.36097912608,25092512,261826844.06747004
2024-06-12,02328.HK,8.5202785371142,8.5288935811355,8.3307475686445,8.4255130528794,20790000,176151503.57798347
2024-06-12,02331.HK,18.066641812714,18.376608706559,16.933048600936,16.95076099487,41045803,718658708.6058699
2024-06-13,02328.HK,8.4255130528794,8.5030484490715,8.3565927007086,8.4341280969007,15363347,129510258.63977535
2024-06-13,02333.HK,10.36097912608,10.489572838638,10.011939049137,10.232385413522,23446071,241416743.5621954
2024-06-13,02331.HK,17.181022116012,17.358146055352,16.844486631265,17.092460146342,15349203,263035318.38088536
2024-06-14,02331.HK,17.021610570606,17.110172540276,16.525663540453,16.702787479793,22269680,375515776.3875048
2024-06-14,02328.HK,8.3652077447299,8.5116634930928,8.3221325246232,8.3738227887513,37034156,309957934.03285295
2024-06-14,02333.HK,10.158903292061,10.397720186811,10.011939049137,10.324238065349,12556093,128594113.90789309
2024-06-17,02328.HK,8.3738227887513,8.6495041974344,8.2876723485378,8.4858183610288,20654865,174116805.94857636
2024-06-17,02333.HK,10.12216223133,10.636537081561,10.103791700964,10.379349656445,17467427,179054331.144671
2024-06-17,02331.HK,16.634744391861,16.957053755751,16.258716800656,16.491495785688,14608286,241958795.30916324
2024-06-18,02333.HK,10.324238065349,10.691648672657,10.269126474253,10.618166551195,20939649,219263300.94320548
2024-06-18,02328.HK,8.4858183610288,8.7011944615625,8.4858183610288,8.5633537572209,21964245,187236096.7262027
2024-06-18,02331.HK,16.419871482601,16.616838316089,16.151280346026,16.258716800656,12031226,196581740.4984085
2024-06-19,02328.HK,8.5633537572209,8.7528847256906,8.5633537572209,8.6495041974344,24676888,212379883.95346895
2024-06-19,02333.HK,10.673278142291,11.518322539099,10.673278142291,11.132541401426,36895186,402264883.9739369
2024-06-19,02331.HK,16.455683634144,16.545214013003,16.169186421798,16.455683634144,23434653,385633235.84394354
2024-06-20,02333.HK,11.206023522888,11.224394053253,10.83861291558,11.003947688868,19407033,215514822.11779934
2024-06-20,02331.HK,16.491495785688,16.545214013003,15.900595285223,16.115468194483,21464574,349947295.6338575
2024-06-20,02328.HK,8.6495041974344,8.7356546376479,8.5719688012423,8.6495041974344,21139595,182847015.68456325
2024-06-21,02331.HK,16.115468194483,16.348247179514,15.596191997105,15.667816300192,23050043,366303037.14174604
2024-06-21,02333.HK,11.003947688868,11.297876174715,10.820242385215,11.07742981033,20900224,230752867.980899
2024-06-21,02328.HK,8.6064289773277,8.6839643735198,8.5030484490715,8.5719688012423,25576918,219685235.67693356
2024-06-24,02331.HK,15.560379845562,15.954313512538,15.238070481672,15.954313512538,17478060,275407850.69723666
2024-06-24,02328.HK,8.5547387131996,8.6667342854771,8.4772033170074,8.6064289773277,16193757,138951889.70832515
2024-06-24,02333.HK,11.022318219234,11.279505644349,10.783501324484,11.003947688868,17445502,192129632.9761626
2024-06-25,02333.HK,11.022318219234,11.481581478369,11.022318219234,11.444840417638,20245481,227429216.65338898
2024-06-25,02331.HK,16.097562118711,16.724274770719,15.97221958831,16.07965604294,25876798,416321687.2854871
2024-06-25,02328.HK,8.5805838452636,8.7528847256906,8.5375086251569,8.7011944615625,40029013,345886264.2535299
2024-06-26,02331.HK,15.828970982137,16.07965604294,15.703628451735,15.86478313368,12626558,200091512.29055104
2024-06-26,02328.HK,8.5978139333063,8.7184245496052,8.5202785371142,8.5202785371142,39234475,335809685.53920066
2024-06-26,02333.HK,11.31624670508,11.536693069465,11.242764583619,11.499952008734,17148998,195637473.05539942
2024-06-27,02328.HK,8.4599732289647,8.5202785371142,8.2962873925591,8.3738227887513,35907458,302229411.74335223
2024-06-27,02331.HK,15.667816300192,15.846877057908,15.220164405901,15.327600860531,28981654,449149227.8688682
2024-06-27,02333.HK,11.426469887272,11.426469887272,11.059059279965,11.206023522888,13450514,152209334.73413244
2024-06-28,02331.HK,15.076915799727,15.273882633216,14.790418587381,15.130634027042,27111493,409485887.8377995
2024-06-28,02333.HK,11.022318219234,11.261135113984,10.912095037042,11.059059279965,15860055,175105930.8065293
2024-06-28,02328.HK,8.3652077447299,8.4772033170074,8.3307475686445,8.3565927007086,41124456,343837473.329608
2024-07-02,02331.HK,15.130634027042,15.130634027042,14.253236314232,14.378578844633,34728387,512403682.3364553
2024-07-02,02328.HK,8.3565927007086,8.4858183610288,8.2704422604951,8.3393626126659,53299907,444946432.7395083
2024-07-02,02333.HK,11.352987765811,11.463210948003,10.59979602083,10.801871854849,28039469,310605249.7664239
2024-07-03,02328.HK,8.2962873925591,8.7011944615625,8.2962873925591,8.4341280969007,38322556,320576142.2490453
2024-07-03,02331.HK,14.324860617318,14.790418587381,13.733960116854,14.611357829665,59047378,854303914.264789
2024-07-03,02333.HK,10.710019203022,11.022318219234,10.379349656445,10.820242385215,25061223,269787343.4555708
2024-07-04,02328.HK,8.4772033170074,8.5461236691782,8.4082829648367,8.4685882729861,37959484,321626752.36384636
2024-07-04,02333.HK,10.985577158503,11.279505644349,10.83861291558,10.930465567407,16820442,184318762.7703455
2024-07-04,02331.HK,14.718794284295,14.897855042011,13.930926950342,14.056269480744,27419860,394504109.9642211
2024-07-05,02328.HK,8.4740554055058,8.5196148431698,8.2644819922513,8.2827057673169,51845790,434383760.42315966
2024-07-05,02331.HK,14.092081632287,14.23533023846,13.895114798799,13.895114798799,22178700,310359816.7430635
2024-07-05,02333.HK,10.930465567407,10.948836097772,10.507943369003,10.83861291558,23059903,250996419.10853368
2024-07-08,02331.HK,13.877208723027,13.948833026114,13.572805434909,13.877208723027,16241913,225392416.76224563
2024-07-08,02328.HK,8.2827057673169,8.3556008675794,8.1642512293905,8.3282652049809,28669714,238115893.51903993
2024-07-08,02333.HK,10.820242385215,11.206023522888,10.746760263753,10.948836097772,14078783,153241066.03597158
2024-07-09,02328.HK,8.3282652049809,8.373824642645,8.1642512293905,8.2918176548497,23830421,198031785.80232358
2024-07-09,02333.HK,10.930465567407,11.389728826542,10.746760263753,11.297876174715,18911130,210181530.1848478
2024-07-09,02331.HK,13.859302647255,13.895114798799,13.340026449878,13.465368980279,26773969,365794955.54538745
2024-07-10,02331.HK,13.536993283366,13.751866192626,13.232589995248,13.268402146791,22053415,295575254.8301779
2024-07-10,02333.HK,11.297876174715,11.885733146407,11.279505644349,11.646916251657,23099144,265002532.15343812
2024-07-10,02328.HK,8.3373770925138,8.3920484177106,8.2189225545873,8.3009295423825,20360748,169384184.26992577
2024-07-11,02328.HK,8.3009295423825,8.373824642645,8.2280344421201,8.3009295423825,23690044,196649386.09994128
2024-07-11,02331.HK,13.429556828736,13.590711510681,13.304214298334,13.519087207594,26242894,353605204.4445702
2024-07-11,02333.HK,12.124550041157,12.344996405542,11.07742981033,11.31624670508,55205613,647031776.7922095
2024-07-12,02328.HK,8.3556008675794,8.5378386182354,8.3373770925138,8.4831672930386,23281605,196016774.5010424
2024-07-12,02331.HK,13.80558441994,14.611357829665,13.787678344169,14.521827450806,44605070,631773094.7067282
2024-07-12,02333.HK,11.31624670508,11.499952008734,11.132541401426,11.463210948003,19739477,224827290.20775294
2024-07-15,02328.HK,8.4831672930386,8.5287267307026,8.3829365301778,8.4376078553746,21489184,181806825.29343927
2024-07-15,02331.HK,14.306954541547,14.360672768862,13.733960116854,13.80558441994,27569812,387528707.00543594
2024-07-15,02333.HK,11.463210948003,11.665286782023,11.114170871061,11.206023522888,8230417,93288626.38310364
2024-07-16,02331.HK,13.572805434909,13.608617586452,13.196777843704,13.357932525649,36984563,498010787.3693744
2024-07-16,02328.HK,8.464943517973,8.6198456060306,8.3647127551122,8.5196148431698,27921443,237116689.08041105
2024-07-16,02333.HK,11.187652992522,11.279505644349,10.83861291558,11.095800340695,12509430,139376649.81507236
2024-07-17,02328.HK,8.5013910681042,8.5378386182354,8.2553701047185,8.4102721927762,25934773,219300073.86168647
2024-07-17,02331.HK,13.375838601421,14.23533023846,13.375838601421,14.163705935373,34014527,468372290.60724103
2024-07-17,02333.HK,11.095800340695,11.261135113984,10.985577158503,11.040688749599,12435728,137641678.6009318
2024-07-18,02331.HK,14.109987708059,14.181612011145,13.554899359137,13.787678344169,21199205,295704170.83136106
2024-07-18,02328.HK,8.4102721927762,8.783859581621,8.3282652049809,8.7109644813586,27367659,234284083.47800764
2024-07-18,02333.HK,11.114170871061,11.114170871061,10.710019203022,10.912095037042,11417000,125736938.93640597
2024-07-19,02328.HK,8.7474120314898,8.7656358065554,8.5287267307026,8.7018525938258,32614885,284552879.5446182
2024-07-19,02333.HK,10.893724506676,11.07742981033,10.728389733388,11.040688749599,10475008,114881577.16739334
2024-07-19,02331.HK,13.608617586452,13.698147965311,13.357932525649,13.483275056051,19447655,263436890.70421833
2024-07-22,02333.HK,11.003947688868,11.169282462157,10.820242385215,11.040688749599,7449564,82111465.00254598
2024-07-22,02331.HK,13.483275056051,13.680241889539,13.268402146791,13.447462904508,16925523,227908412.37920722
2024-07-22,02328.HK,8.7018525938258,8.8294190192851,8.510502955637,8.8020833566866,19810080,173377185.74726334
2024-07-23,02328.HK,8.7656358065554,9.0025448824083,8.7656358065554,8.8567546818835,31968240,281678404.254066
2024-07-23,02333.HK,11.114170871061,11.114170871061,10.783501324484,10.875353976311,12153648,133626472.34110652
2024-07-23,02331.HK,13.483275056051,13.501181131822,13.053529237531,13.089341389075,21201116,281684561.838312
2024-07-24,02331.HK,13.089341389075,13.160965692161,12.8207502525,12.946092782901,13688924,178198539.84359118
2024-07-24,02333.HK,10.967206628138,10.967206628138,9.993568518772,10.305867534984,39266723,417661955.26088417
2024-07-24,02328.HK,8.9114260070803,8.9934329948755,8.7656358065554,8.9387616696787,24564117,219237049.28193313
2024-07-25,02333.HK,10.103791700964,10.232385413522,9.8282337454835,10.140532761695,25225410,255335692.3718015
2024-07-25,02331.HK,12.92818670713,13.250496071019,12.784938100957,13.089341389075,20395141,265315576.99678126
2024-07-25,02328.HK,8.8932022320147,8.8932022320147,8.6198456060306,8.7565239190226,40748828,359602827.58786047
2024-07-26,02328.HK,8.6654050436946,9.0481043200723,8.5925099434322,8.9934329948755,26527038,234218333.84249726
2024-07-26,02333.HK,10.195644352791,10.471202308272,9.9384569276759,10.305867534984,27357955,280439719.82885677
2024-07-26,02331.HK,13.393744677193,13.393744677193,12.999811010216,13.089341389075,12774233,169150555.98478043
2024-07-29,02331.HK,13.250496071019,13.357932525649,12.92818670713,12.981904934445,16690184,218911799.77148956
2024-07-29,02328.HK,9.0481043200723,9.294125283458,9.0481043200723,9.1665588579987,22537385,205255438.34475484
2024-07-29,02333.HK,10.434461247541,10.434461247541,9.8282337454835,9.8466042758489,18938188,192043315.86113814
2024-07-30,02328.HK,9.1118875328019,9.2576777333267,8.9934329948755,9.1301113078675,21367957,194897123.4107368
2024-07-30,02331.HK,12.910280631358,12.92818670713,12.49844088861,12.60587734324,17181565,219203763.39541197
2024-07-30,02333.HK,9.7180105632912,9.7914926847528,9.2771178345218,9.5894168507335,47539546,458933166.8453442
2024-07-31,02333.HK,9.4791936685411,9.8833453365797,9.424082077445,9.8098632151181,24804395,239226693.0598759
2024-07-31,02328.HK,9.2030064081299,9.3670203837204,9.1665588579987,9.3305728335892,32198828,298379765.11424184
2024-07-31,02331.HK,12.623783419012,13.196777843704,12.552159115925,13.071435313303,19127411,245741504.713944
2024-08-01,02331.HK,13.071435313303,13.14305961639,12.176131524721,12.480534812839,36009809,460060781.9080397
2024-08-01,02328.HK,9.3305728335892,9.385244158786,9.1847826330643,9.294125283458,12812502,119314490.93703173
2024-08-01,02333.HK,9.8466042758489,9.9384569276759,9.5159347292719,9.9384569276759,14490889,143351562.87924212
2024-08-02,02333.HK,9.8649748062143,9.8649748062143,9.3689704863488,9.4975641989065,18962902,183584964.81264162
2024-08-02,02331.HK,12.319380130894,12.355192282437,12.086601145862,12.229849752035,26526186,325598719.0156664
2024-08-02,02328.HK,9.294125283458,9.3670203837204,9.1118875328019,9.3123490585236,19932681,185438458.79670206
2024-08-05,02331.HK,11.925446463917,12.176131524721,11.531512796941,11.835916085059,63731917,757178592.8891236
2024-08-05,02328.HK,9.2212301831955,9.2759015083923,9.0116567699411,9.1665588579987,19816898,182194469.93743163
2024-08-05,02333.HK,9.3505999559834,9.5710463203681,9.0474862049545,9.2036357130603,18166545,168533178.61114374
2024-08-06,02331.HK,12.032882918547,12.373098358209,12.032882918547,12.301474055122,29653429,360798563.38967425
2024-08-06,02333.HK,9.2954883648872,9.4424526078103,8.909707227214,9.001559879041,14583396,133416550.08615479
2024-08-06,02328.HK,9.2030064081299,9.2576777333267,8.9114260070803,8.9569854447443,22604742,205250965.27816162
2024-08-07,02328.HK,8.9660973322771,9.0025448824083,8.8020833566866,8.9114260070803,14745099,131802925.75681773
2024-08-07,02331.HK,12.319380130894,12.587971267468,12.140319373177,12.444722661295,20856732,258249127.57856885
2024-08-07,02333.HK,9.001559879041,9.3689704863488,8.9372630227621,9.3138588952526,14269905,130679642.97219306
2024-08-08,02328.HK,8.8476427943507,9.0207686574739,8.8203071317523,8.9114260070803,11888035,105560215.73940988
2024-08-08,02333.HK,9.2036357130603,9.3138588952526,9.0383009397718,9.1760799175122,9680272,88960323.29329665
2024-08-08,02331.HK,12.373098358209,12.731219873642,12.122413297406,12.49844088861,21103212,262434682.74597085
2024-08-09,02328.HK,8.8840903444819,9.1118875328019,8.8840903444819,8.9752092198099,8744526,78085554.69086915
2024-08-09,02331.HK,12.641689494783,12.92818670713,12.60587734324,12.731219873642,25715123,326233742.63845056
2024-08-09,02333.HK,9.3138588952526,9.5526757900027,9.2403767737911,9.2771178345218,11591749,107750967.95819284
2024-08-12,02328.HK,9.0572162076051,9.1301113078675,8.9660973322771,9.0754399826707,9183111,83257097.26006989
2024-08-12,02331.HK,12.695407722098,12.838656328272,12.49844088861,12.587971267468,13186632,166701307.22596934
2024-08-12,02333.HK,9.2954883648872,9.4424526078103,9.2036357130603,9.2954883648872,6506936,60485147.87906566
2024-08-13,02331.HK,12.659595570555,12.659595570555,12.426816585524,12.462628737067,6901585,86691583.22405969
2024-08-13,02328.HK,9.0754399826707,9.2759015083923,9.0389924325395,9.2576777333267,13660962,125224012.22988364
2024-08-13,02333.HK,9.3873410167142,9.3873410167142,9.2220062434257,9.332229425618,5113583,47862038.590606205
2024-08-14,02328.HK,9.1301113078675,9.3305728335892,9.1301113078675,9.2576777333267,6683788,61450041.870032646
2024-08-14,02331.HK,12.534253040153,12.623783419012,12.211943676264,12.265661903579,12977163,160916269.305473
2024-08-14,02333.HK,9.3505999559834,9.5159347292719,9.3138588952526,9.3505999559834,6497912,60759375.661184005
2024-08-15,02333.HK,9.3138588952526,9.5710463203681,9.0934125308679,9.4608231381757,8346468,78351141.40109211
2024-08-15,02328.HK,9.2212301831955,9.3487966086548,9.1483350829331,9.2759015083923,9410811,87036505.19582154
2024-08-15,02331.HK,12.140319373177,12.176131524721,11.603137100028,11.818010009288,32585160,390342998.13016164
2024-08-16,02333.HK,9.4975641989065,9.8098632151181,9.4975641989065,9.6261579114642,6832641,65332763.88196269
2024-08-16,02328.HK,9.2394539582611,9.3670203837204,9.2394539582611,9.3305728335892,7994120,74225511.28863315
2024-08-16,02331.HK,12.641689494783,12.856562404043,11.656855327343,11.728479630429,81837945,997202280.2548989
2024-08-19,02331.HK,11.728479630429,12.8207502525,11.638949251571,12.60587734324,73545999,894847296.8255516
2024-08-19,02328.HK,9.3305728335892,9.3305728335892,9.1301113078675,9.1847826330643,19857498,183834317.07418045
2024-08-19,02333.HK,9.6261579114642,9.9751979884067,9.6077873810989,9.6812695025604,9273889,89527469.3566106
2024-08-20,02333.HK,9.8466042758489,9.8466042758489,9.4791936685411,9.6077873810989,8999963,87544402.55001944
2024-08-20,02331.HK,12.784938100957,13.03562316176,12.552159115925,12.587971267468,28665144,363659050.3724258
2024-08-20,02328.HK,9.2394539582611,9.2576777333267,9.1118875328019,9.2030064081299,16584982,152933936.60615405
2024-08-21,02333.HK,9.4975641989065,9.6996400329258,9.3138588952526,9.6996400329258,10180001,97713779.13862853
2024-08-21,02328.HK,9.1027756452691,9.1665588579987,8.9569854447443,9.0116567699411,21214405,192143452.80069867
2024-08-21,02331.HK,12.408910509752,12.552159115925,12.140319373177,12.408910509752,22018816,273229517.27469546
2024-08-22,02331.HK,12.462628737067,12.60587734324,12.319380130894,12.480534812839,11941040,148923656.83798477
2024-08-22,02333.HK,9.6261579114642,9.7914926847528,9.5159347292719,9.7180105632912,10361122,100213644.7777473
2024-08-22,02328.HK,9.0572162076051,9.0936637577363,8.9205378946131,9.0663280951379,15878880,143890792.57896987
2024-08-23,02328.HK,9.0754399826707,9.2394539582611,9.0025448824083,9.1665588579987,16251765,148232339.14441577
2024-08-23,02333.HK,9.6996400329258,9.754751624022,9.3873410167142,9.662898972195,7744500,74976591.66257903
2024-08-23,02331.HK,12.373098358209,12.802844176728,12.28356797935,12.749125949413,29254904,367474130.19297403
2024-08-26,02328.HK,9.2394539582611,9.3670203837204,9.1301113078675,9.3305728335892,10636708,98761976.26854421
2024-08-26,02333.HK,9.7363810936566,9.754751624022,9.5343052596373,9.7363810936566,7322073,71290493.12357347
2024-08-26,02331.HK,12.731219873642,13.107247464846,12.641689494783,12.802844176728,19647734,250843249.20031616
2024-08-27,02328.HK,9.294125283458,9.3670203837204,9.2394539582611,9.3487966086548,8428133,78562512.60766916
2024-08-27,02333.HK,9.7363810936566,9.8833453365797,9.5710463203681,9.8098632151181,6062850,59252973.653727345
2024-08-27,02331.HK,12.71331379787,13.232589995248,12.695407722098,13.107247464846,16781581,216654920.1478654
2024-08-28,02333.HK,9.8098632151181,9.8098632151181,9.4057115470796,9.5159347292719,9432489,91145188.26334062
2024-08-28,02331.HK,13.250496071019,13.268402146791,12.623783419012,12.695407722098,20242849,262609506.32629734
2024-08-28,02328.HK,9.3305728335892,9.3670203837204,9.1118875328019,9.1847826330643,20146530,186510082.18479937
2024-08-29,02331.HK,12.724914770842,13.333497651187,12.448286188867,13.185962407467,22480215,291241044.9034898
2024-08-29,02328.HK,9.2759015083923,9.6403770097044,9.2759015083923,9.4581392590484,24134587,226069168.38167217
2024-08-29,02333.HK,9.4424526078103,9.6445284418296,9.1668946523295,9.6077873810989,13891302,132316318.42920716
2024-08-30,02331.HK,13.185962407467,13.812987193277,13.001543352817,13.517916705837,30162291,402725086.32214856
2024-08-30,02328.HK,9.4945868091796,9.5492581343764,9.1847826330643,9.2030064081299,29254645,273495725.96339864
2024-08-30,02333.HK,10.048680109868,10.526313899368,9.9200863973105,10.305867534984,34611794,352253705.02340126
2024-09-02,02331.HK,13.517916705837,13.665451949557,13.056869069212,13.130636691072,16081734,214277473.6069435
2024-09-02,02328.HK,9.2576777333267,9.5492581343764,9.1118875328019,9.4945868091796,25327172,237470914.7287792
2024-09-02,02333.HK,10.214014883157,10.214014883157,9.5894168507335,9.7914926847528,18948300,189535179.52451265
2024-09-03,02333.HK,9.8098632151181,10.195644352791,9.7363810936566,10.103791700964,10428331,103833092.44234069
2024-09-03,02331.HK,13.130636691072,13.610126233162,13.056869069212,13.204404312932,11393674,150026435.98812714
2024-09-03,02328.HK,9.476363034114,9.567481909442,9.3487966086548,9.3670203837204,13299228,125301226.18259947
2024-09-04,02333.HK,10.085421170599,10.379349656445,9.993568518772,10.36097912608,15225282,155651105.20091075
2024-09-04,02331.HK,13.093752880142,13.315055745722,12.983101447352,13.056869069212,10916244,142733284.97545195
2024-09-04,02328.HK,9.3670203837204,9.5128105842452,9.1847826330643,9.3305728335892,16446733,153757161.69385096
2024-09-05,02328.HK,9.3305728335892,9.7314958850324,9.294125283458,9.7132721099668,34050161,324222993.1935589
2024-09-05,02331.HK,13.038427163747,13.185962407467,12.817124298167,13.112194785607,9912769,129612537.29513796
2024-09-05,02333.HK,10.36097912608,10.765130794118,10.250755943887,10.526313899368,23725467,247780390.69729838
2024-09-09,02333.HK,10.507943369003,10.673278142291,10.158903292061,10.269126474253,15476973,160783074.4915937
2024-09-09,02328.HK,9.7314958850324,9.7861672102293,9.385244158786,9.4399154839828,14958901,143391622.3496864
2024-09-09,02331.HK,12.890891920027,12.983101447352,12.632705243517,12.724914770842,20639756,264351999.9213518
2024-09-10,02333.HK,10.103791700964,10.342608595714,10.030309579503,10.158903292061,11228788,113762753.1926696
2024-09-10,02331.HK,12.669589054447,12.835566203632,12.466728094332,12.522053810727,13489778,169914834.8532406
2024-09-10,02328.HK,9.5492581343764,9.8408385354261,9.4399154839828,9.4945868091796,14321316,136366460.64583382
2024-09-11,02333.HK,10.103791700964,10.324238065349,9.9751979884067,10.140532761695,13026903,131860425.53779297
2024-09-11,02331.HK,12.134773795963,12.171657606893,11.581516632013,12.005680457708,45684223,551418947.7230022
2024-09-11,02328.HK,9.4945868091796,9.4945868091796,9.1301113078675,9.3487966086548,30063625,283250206.40249586
2024-09-12,02333.HK,10.140532761695,10.269126474253,9.754751624022,10.103791700964,13765114,139332717.04074496
2024-09-12,02331.HK,12.153215701428,12.282309039683,11.913470930383,11.987238552243,28553581,344648207.9544947
2024-09-12,02328.HK,9.3487966086548,9.5128105842452,9.1301113078675,9.2030064081299,34832888,323106438.3408618
2024-09-13,02331.HK,11.987238552243,12.429844283402,11.968796646778,12.061006174103,30446322,366090301.23656607
2024-09-13,02328.HK,9.2212301831955,9.2759015083923,9.0663280951379,9.1847826330643,26399029,242950433.05540708
2024-09-13,02333.HK,10.103791700964,10.158903292061,9.8833453365797,10.12216223133,5445750,55072744.31339503
2024-09-16,02328.HK,9.2212301831955,9.2759015083923,9.1483350829331,9.2212301831955,4857080,44788252.6981952
2024-09-16,02331.HK,11.895029024918,11.987238552243,11.581516632013,11.913470930383,7073600,84205902.64190857
2024-09-16,02333.HK,10.103791700964,10.214014883157,9.8282337454835,10.177273822426,3111500,31552267.688013993
2024-09-17,02331.HK,11.913470930383,12.337634756078,11.839703308523,12.171657606893,9921600,119481505.64771877
2024-09-17,02328.HK,9.2576777333267,9.2576777333267,9.0936637577363,9.1847826330643,12861635,118600096.86724365
2024-09-17,02333.HK,10.214014883157,10.324238065349,10.140532761695,10.232385413522,2315758,23674457.529118385
2024-09-19,02333.HK,10.305867534984,10.83861291558,10.305867534984,10.820242385215,21970614,232076803.1891315
2024-09-19,02328.HK,9.0663280951379,9.3670203837204,9.0663280951379,9.3305728335892,16427734,151109697.44074088
2024-09-19,02331.HK,12.245425228753,12.946217636422,11.913470930383,12.761798581772,37366022,467210237.53150046
2024-09-20,02333.HK,10.930465567407,11.114170871061,10.746760263753,10.912095037042,15674108,171181326.95533943
2024-09-20,02331.HK,12.780240487237,13.462590989442,12.651147148982,13.370381462117,49472792,646872140.1855125
2024-09-20,02328.HK,9.2759015083923,9.4216917089172,9.1847826330643,9.4034679338516,32995162,308164410.4023436
2024-09-23,02328.HK,9.4034679338516,9.8408385354261,9.3487966086548,9.8043909852949,33112921,318014157.48442173
2024-09-23,02331.HK,13.351939556652,13.812987193277,13.130636691072,13.444149083977,39495009,529155881.0132201
2024-09-23,02333.HK,10.83861291558,11.408099356907,10.83861291558,10.948836097772,18315033,199518923.8326797
2024-09-24,02333.HK,11.095800340695,11.408099356907,10.875353976311,11.187652992522,18349200,204441770.95093268
2024-09-24,02328.HK,9.749719660098,10.132418936476,9.6768245598356,10.077747611279,36191231,358790224.0816723
2024-09-24,02331.HK,13.849871004207,14.440011979086,13.536358611302,14.347802451761,56878354,801918626.4024757
2024-09-25,02331.HK,15.214572008616,15.214572008616,14.144941491646,14.237151018971,44827712,660126678.8922191
2024-09-25,02328.HK,10.11419516141,10.56978953805,10.11419516141,10.351104237263,52574881,537980340.2573023
2024-09-25,02333.HK,11.408099356907,11.79388049458,11.408099356907,11.481581478369,29574825,338479152.5045708
2024-09-26,02328.HK,10.478670662722,10.715579738575,10.314656687132,10.442223112591,49554783,518365175.6008432
2024-09-26,02333.HK,11.573434130196,12.381737466273,11.481581478369,12.363366935907,38664187,462748476.3008029
2024-09-26,02331.HK,14.384686262691,16.37641205291,14.274034829901,16.37641205291,86994686,1338026044.490419
2024-09-27,02331.HK,16.89278540593,17.759554962784,16.63459872942,17.206297798835,110755465,1888329908.2087185
2024-09-27,02328.HK,10.606237088181,10.752027288706,9.9319574107541,10.205314036738,89477650,931084343.7563043
2024-09-27,02333.HK,12.547072239561,13.116558680888,12.418478527003,12.969594437965,42146036,537713176.1955056
2024-09-30,02333.HK,13.226781863081,13.539080879292,12.565442769927,13.318634514908,52233153,693275397.5601026
2024-09-30,02331.HK,17.980857828364,18.331254032199,17.169413987905,18.165276883014,105537792,1907391623.3866956
2024-09-30,02328.HK,10.187090261673,10.551565762985,9.9501811858197,10.496894437788,79266652,819775108.5727499
2024-10-02,02328.HK,10.296432912066,11.426306966134,10.296432912066,11.389859416002,71607540,776451022.6669112
2024-10-02,02331.HK,18.017741639294,19.179581683588,17.943974017434,18.294370221269,72998132,1325358167.3980718
2024-10-02,02333.HK,13.006335498696,14.586201110119,12.896112316504,14.549460049389,39231342,540525419.6145
2024-10-03,02331.HK,18.626324519639,18.718534046964,16.63459872942,17.464484475344,40175552,724984086.7500036
2024-10-03,02328.HK,11.31696431574,11.681439817052,11.189397890281,11.572097166658,42158932,482489193.2901182
2024-10-03,02333.HK,14.512718988658,14.512718988658,13.649304061485,14.126937850985,19947902,285650533.97541416
2024-10-04,02328.HK,11.553873391593,12.282824394217,11.335188090806,12.246376844086,36281663,431756329.18328804
2024-10-04,02333.HK,14.016714668792,14.82501800487,13.979973608062,14.769906413773,24164933,347813384.87828535
2024-10-04,02331.HK,17.390716853484,17.741113057319,16.81901778407,17.648903529994,29919986,524192475.65948826
2024-10-07,02331.HK,18.257486410339,19.271791210913,18.220602599409,19.225686447251,46970874,880308694.7070398
2024-10-07,02333.HK,14.696424292312,15.559839219485,14.567830579754,15.559839219485,31326037,473904415.1261514
2024-10-07,02328.HK,12.319271944348,12.865985196316,12.319271944348,12.793090096054,30379942,381456051.1352072
2024-10-08,02333.HK,15.614950810581,15.706803462408,13.4288576971,14.310643154639,56333807,842911317.398534
2024-10-08,02331.HK,19.271791210913,19.364000738238,16.22887680919,16.542389202095,110400359,1976949187.443426
2024-10-08,02328.HK,12.556181020201,12.793090096054,11.116502790018,11.280516765609,71906766,857009924.948479
2024-10-09,02328.HK,11.298740540674,11.371635640937,10.423999337525,10.697355963509,63636141,699873349.2948983
2024-10-09,02331.HK,16.63459872942,17.280065420695,15.085478670361,16.08134156547,84134882,1376275888.1148078
2024-10-09,02333.HK,14.531089519023,14.586201110119,13.245152393446,13.722786182946,36522310,515948403.5443897
2024-10-10,02333.HK,13.998344138427,14.769906413773,13.998344138427,14.237161033177,38020094,536758280.38093513
2024-10-10,02328.HK,11.02538391469,11.15295034015,10.660908413378,10.934265039362,54874187,602508941.5795019
2024-10-10,02331.HK,16.505505391165,17.482926380809,16.26576062012,16.63459872942,57242275,948507476.7995797
2024-10-14,02328.HK,10.824922388969,11.116502790018,10.660908413378,10.843146164034,30041337,325468874.76993275
2024-10-14,02333.HK,14.090196790254,14.402495806466,13.447228227465,13.998344138427,18613492,261412915.93383816
2024-10-14,02331.HK,16.15510918733,16.4870634857,15.491200590591,15.952248227215,51415004,825399954.9491304
2024-10-15,02328.HK,11.007160139625,11.134726565084,10.56978953805,10.679132188444,34042609,369128985.1920764
2024-10-15,02333.HK,13.777897774042,13.814638834773,12.547072239561,12.841000725407,53820101,716315902.8745468
2024-10-15,02331.HK,15.952248227215,16.33952824198,14.790408182921,15.122362481291,53124539,825412184.2469224
2024-10-16,02333.HK,12.822630195042,12.969594437965,12.381737466273,12.730777543215,17968223,229574664.3254637
2024-10-16,02331.HK,14.790408182921,15.122362481291,14.513779600946,14.827291993851,27920882,413476155.87351507
2024-10-16,02328.HK,10.843146164034,11.02538391469,10.642684638313,10.733803513641,43024877,464172802.9585782
2024-10-17,02328.HK,10.897817489231,10.970712589494,10.40577556246,10.56978953805,27285432,292876465.8727989
2024-10-17,02333.HK,12.749148073581,13.116558680888,11.812251024946,12.069438450061,29933803,371457339.86857724
2024-10-17,02331.HK,14.845733899316,15.288339630476,14.347802451761,14.440011979086,26255503,384455994.3838107
2024-10-18,02331.HK,14.440011979086,15.269897725011,14.274034829901,14.956385332106,28579692,420069990.53174776
2024-10-18,02328.HK,10.733803513641,11.171174115215,10.715579738575,11.134726565084,37412494,409078125.17955935
2024-10-18,02333.HK,12.069438450061,12.71240701285,11.885733146407,12.583813300292,27654642,340888425.6459428
2024-10-21,02333.HK,12.400107996638,12.602183830657,11.977585798234,12.161291101888,28498226,349978151.19299513
2024-10-21,02331.HK,14.901059615711,15.085478670361,14.476895790016,14.642872939201,23890767,352913604.46655864
2024-10-21,02328.HK,11.134726565084,11.353411865871,11.080055239887,11.116502790018,30577375,340192092.100981
2024-10-22,02333.HK,12.216402692984,12.804259664677,12.161291101888,12.547072239561,26586957,329192721.60107595
2024-10-22,02328.HK,11.134726565084,11.298740540674,10.843146164034,11.098279014953,44896479,499091834.06550705
2024-10-22,02331.HK,14.495337695481,15.122362481291,14.458453884551,14.808850088386,18962384,277838630.78289753
2024-10-23,02328.HK,11.098279014953,11.426306966134,10.916041264297,11.389859416002,39796887,447478951.9885367
2024-10-23,02333.HK,12.547072239561,12.987964968331,12.363366935907,12.71240701285,24291893,306800283.617644
2024-10-23,02331.HK,14.845733899316,14.882617710246,13.960522436997,14.089615775251,100948716,1460493198.3292782
2024-10-24,02328.HK,11.171174115215,11.663216041986,11.171174115215,11.626768491855,38678018,440889617.2596102
2024-10-24,02331.HK,13.886754815137,14.384686262691,13.812987193277,14.292476735366,41611029,586283410.6228476
2024-10-24,02333.HK,12.583813300292,12.914482846869,12.583813300292,12.620554361023,15546635,195921552.21813396
2024-10-25,02333.HK,12.785889134311,13.263522923811,12.785889134311,13.208411332715,33202842,431542325.65359527
2024-10-25,02328.HK,11.572097166658,11.663216041986,11.371635640937,11.48097829133,22436482,258614956.27889478
2024-10-25,02331.HK,14.181825302576,14.901059615711,14.181825302576,14.642872939201,31279119,450805583.2218168
2024-10-28,02331.HK,14.642872939201,15.067036764896,14.458453884551,14.845733899316,26888815,396456846.94430923
2024-10-28,02328.HK,11.462754516265,11.517425841462,11.171174115215,11.244069215478,19845157,225310240.96388286
2024-10-28,02333.HK,12.804259664677,12.914482846869,12.087808980426,12.436849057369,83336733,1051755769.0965594
2024-10-29,02331.HK,14.882617710246,15.288339630476,14.790408182921,14.845733899316,20858744,310048037.88292086
2024-10-29,02333.HK,12.528701709196,12.675665952119,12.087808980426,12.142920571523,26169000,322815841.73206776
2024-10-29,02328.HK,11.225845440412,11.225845440412,10.916041264297,11.116502790018,18792658,209936054.60568807
2024-10-30,02328.HK,11.043607689756,11.225845440412,10.806698613903,11.007160139625,27767777,306150401.88251287
2024-10-30,02331.HK,14.771966277456,15.159246292221,14.569105317341,14.661314844666,27352192,402532378.2211282
2024-10-30,02333.HK,12.124550041157,12.124550041157,11.665286782023,11.812251024946,22886977,273920507.72673744
2024-10-31,02328.HK,10.957942263357,11.180815665324,10.865078345871,10.976515046854,24586319,269643782.26036483
2024-10-31,02331.HK,14.698198655596,14.845733899316,14.495337695481,14.624431033736,14161086,207620140.38839188
2024-10-31,02333.HK,11.775509964215,11.848992085676,11.297876174715,11.352987765811,34709323,401387249.1081196
2024-11-01,02331.HK,14.790408182921,14.937943426641,14.310918640831,14.661314844666,16614267,244659394.9951894
2024-11-01,02333.HK,11.444840417638,11.775509964215,11.206023522888,11.573434130196,27984572,322078280.699814
2024-11-01,02328.HK,10.976515046854,11.199388448821,10.93936947986,11.125097314832,15534904,171673213.14200264
2024-11-04,02328.HK,11.143670098329,11.236534015815,11.013660613849,11.199388448821,16612338,185585220.26952237
2024-11-04,02333.HK,11.757139433849,12.198032162619,11.610175190926,11.9959563286,19092013,226747206.5434606
2024-11-04,02331.HK,14.624431033736,14.864175804781,14.550663411876,14.679756750131,7634959,111868136.12906271
2024-11-05,02333.HK,11.848992085676,12.326625875177,11.848992085676,12.27151428408,21120832,254722581.39527318
2024-11-05,02331.HK,14.698198655596,15.767829172565,14.421570073621,15.712503456171,37820473,575073569.0645634
2024-11-05,02328.HK,11.143670098329,11.496552984776,11.06937896434,11.477980201279,14988615,169533603.50272948
2024-11-06,02331.HK,15.454316779661,15.730945361635,15.214572008616,15.380549157801,24734665,381345039.64151675
2024-11-06,02328.HK,11.496552984776,11.700853603246,11.255106799313,11.366543500296,29957025,342455176.490357
2024-11-06,02333.HK,12.326625875177,12.344996405542,11.812251024946,11.959215267869,17798519,216126002.50774297
2024-11-07,02333.HK,11.922474207138,12.455219587734,11.610175190926,12.289884814446,29950257,362583187.6363547
2024-11-07,02328.HK,11.366543500296,11.626562469257,11.236534015815,11.60798968576,24197369,277961628.55287135
2024-11-07,02331.HK,15.380549157801,16.37641205291,15.122362481291,16.26576062012,35432477,560653571.6705304
2024-11-08,02333.HK,12.528701709196,12.730777543215,12.216402692984,12.253143753715,16863645,208956122.1656959
2024-11-08,02331.HK,16.431737769305,16.874343500465,15.915364416285,16.026015849075,32000050,519324869.3379204
2024-11-08,02328.HK,11.756571953737,12.053736489693,11.496552984776,11.626562469257,28300327,330875175.2278432
2024-11-11,02333.HK,11.9959563286,12.71240701285,11.9959563286,12.657295421754,25237995,311099322.20458776
2024-11-11,02328.HK,11.385116283793,11.793717520732,11.385116283793,11.589416902262,30197063,346881713.00744677
2024-11-11,02331.HK,15.546526306986,15.82315488896,15.177688197686,15.712503456171,28889366,451526775.8163679
2024-11-12,02331.HK,15.583410117916,16.099783470935,15.159246292221,15.196130103151,36216321,557360854.4392867
2024-11-12,02328.HK,11.589416902262,11.775144737235,11.329397933301,11.385116283793,31198714,358387945.0776193
2024-11-12,02333.HK,12.602183830657,13.281893454177,12.253143753715,12.400107996638,36158114,452017859.07630044
2024-11-13,02333.HK,12.216402692984,12.455219587734,11.959215267869,12.400107996638,13047396,160590681.55286565
2024-11-13,02331.HK,15.140804386756,15.398991063266,14.845733899316,15.398991063266,25102924,383319082.078724
2024-11-13,02328.HK,11.347970716799,11.366543500296,11.087951747838,11.347970716799,22469154,254979301.62324715
2024-11-14,02331.HK,15.085478670361,15.546526306986,14.882617710246,14.919501521176,19081484,286269774.7225651
2024-11-14,02328.HK,11.217961232318,11.385116283793,11.125097314832,11.199388448821,19303880,216370914.08137277
2024-11-14,02333.HK,12.27151428408,12.602183830657,12.124550041157,12.198032162619,18540800,226842483.3794784
2024-11-15,02333.HK,12.198032162619,12.841000725407,12.106179510792,12.418478527003,24695867,303963036.9974916
2024-11-15,02328.HK,11.310825149804,11.440834634285,11.199388448821,11.27367958281,22701519,256351281.6465133
2024-11-15,02331.HK,14.919501521176,15.177688197686,14.679756750131,14.790408182921,14938434,221909762.63030627
2024-11-18,02333.HK,12.418478527003,12.638924891388,12.142920571523,12.363366935907,13652913,169172190.0422775
2024-11-18,02328.HK,11.329397933301,11.459407417782,11.180815665324,11.310825149804,17695696,200317252.5254044
2024-11-18,02331.HK,14.808850088386,14.993269143036,14.624431033736,14.735082466526,12039931,177853454.7148971
2024-11-19,02331.HK,15.011711048501,15.269897725011,14.679756750131,14.808850088386,8660856,129135792.9228873
2024-11-19,02328.HK,11.385116283793,11.385116283793,11.143670098329,11.310825149804,16677641,189257381.69327804
2024-11-19,02333.HK,12.27151428408,12.749148073581,12.27151428408,12.528701709196,10846198,134494026.55291906
2024-11-20,02333.HK,12.528701709196,12.528701709196,11.977585798234,12.069438450061,22655130,278637031.533094
2024-11-20,02328.HK,11.180815665324,11.366543500296,11.180815665324,11.347970716799,11846572,133444444.97421983
2024-11-20,02331.HK,14.698198655596,15.159246292221,14.698198655596,15.011711048501,12159305,180625926.8072876
2024-11-21,02331.HK,14.882617710246,15.122362481291,14.716640561061,14.993269143036,10557104,157701422.3011654
2024-11-21,02328.HK,11.217961232318,11.347970716799,11.162242881826,11.255106799313,16108528,181004022.81671643
2024-11-21,02333.HK,11.977585798234,12.253143753715,11.812251024946,11.922474207138,16569253,198003070.47209498
2024-11-22,02333.HK,11.922474207138,12.014326858965,11.408099356907,11.518322539099,18927665,221839774.07293195
2024-11-22,02331.HK,14.882617710246,14.956385332106,14.384686262691,14.458453884551,19436228,285139878.64039904
2024-11-22,02328.HK,11.329397933301,11.440834634285,11.032233397346,11.125097314832,23635611,265362857.44311002
2024-11-25,02331.HK,14.698198655596,14.716640561061,14.144941491646,14.292476735366,19151809,277611938.9343523
2024-11-25,02333.HK,11.481581478369,11.812251024946,11.444840417638,11.573434130196,20050058,231127200.07131678
2024-11-25,02328.HK,11.329397933301,11.496552984776,11.180815665324,11.310825149804,30322296,343251772.9159712
2024-11-26,02331.HK,14.292476735366,14.495337695481,14.126499586181,14.200267208041,16927853,241160490.52031702
2024-11-26,02333.HK,11.408099356907,11.591804660561,11.261135113984,11.31624670508,7557330,85867691.1123181
2024-11-26,02328.HK,11.310825149804,11.347970716799,11.087951747838,11.087951747838,27851671,311921682.4777629
2024-11-27,02331.HK,14.181825302576,14.790408182921,13.923638626067,14.790408182921,17463352,252976155.7917105
2024-11-27,02328.HK,10.995087830352,11.236534015815,10.902223912865,11.199388448821,18335531,203473753.92277062
2024-11-27,02333.HK,11.518322539099,11.922474207138,11.206023522888,11.848992085676,16672651,194797540.77303475
2024-11-28,02333.HK,11.867362616042,11.977585798234,11.573434130196,11.628545721292,11335769,133172094.67859615
2024-11-28,02328.HK,11.106524531335,11.27367958281,11.050806180843,11.087951747838,12056714,133796226.43888651
2024-11-28,02331.HK,14.808850088386,14.901059615711,14.237151018971,14.384686262691,14282301,208475436.7102617
2024-11-29,02331.HK,14.403128168156,14.974827237571,14.274034829901,14.716640561061,16453873,239566488.22995394
2024-11-29,02333.HK,11.499952008734,11.683657312388,11.334617235445,11.481581478369,15898348,182684208.4758085
2024-11-29,02328.HK,11.143670098329,11.143670098329,10.790787211882,10.93936947986,16539145,182617296.81220338
2024-12-02,02331.HK,14.753524371991,15.214572008616,14.587547222806,15.048594859431,21877957,326004741.5269618
2024-12-02,02328.HK,10.920796696363,11.013660613849,10.772214428385,10.995087830352,19492088,213593174.89628357
2024-12-02,02333.HK,11.408099356907,11.885733146407,11.408099356907,11.848992085676,23438500,272555668.88849086
2024-12-03,02333.HK,11.885733146407,12.51033117883,11.738768903484,12.4735901181,44721535,544693163.974982
2024-12-03,02331.HK,14.974827237571,15.177688197686,14.716640561061,15.159246292221,15340282,231132592.87787235
2024-12-03,02328.HK,11.050806180843,11.440834634285,10.957942263357,11.310825149804,27394462,306292429.87270933
2024-12-04,02333.HK,12.4735901181,12.657295421754,11.885733146407,12.03269738933,26076297,319516615.70556724
2024-12-04,02328.HK,11.310825149804,11.477980201279,11.27367958281,11.422261850787,22195846,252290049.08485985
2024-12-04,02331.HK,15.196130103151,15.306781535941,14.993269143036,15.140804386756,9774111,148258282.5520397
2024-12-05,02328.HK,11.422261850787,11.645135252754,11.347970716799,11.40368906729,23288445,265790451.26416785
2024-12-05,02333.HK,12.161291101888,12.344996405542,11.79388049458,11.867362616042,15932111,191413589.10731173
2024-12-05,02331.HK,14.919501521176,14.993269143036,14.698198655596,14.808850088386,18534313,275497286.852838
2024-12-06,02328.HK,11.477980201279,11.73799917024,11.459407417782,11.496552984776,60266094,692292688.298455
2024-12-06,02333.HK,11.867362616042,12.253143753715,11.757139433849,12.124550041157,13492616,161856832.29456288
2024-12-06,02331.HK,14.827291993851,15.454316779661,14.790408182921,15.306781535941,22039353,332067741.92552096
2024-12-09,02333.HK,12.142920571523,12.547072239561,11.9959563286,12.547072239561,22360294,276037749.05686235
2024-12-09,02331.HK,15.233013914081,16.136667281865,15.103920575826,16.08134156547,32724624,512375254.4353232
2024-12-09,02328.HK,11.366543500296,11.663708036251,11.255106799313,11.645135252754,61796263,711017876.1474949
2024-12-10,02331.HK,16.78213397314,17.04032064965,15.989132038145,16.136667281865,43973404,723775873.3910209
2024-12-10,02333.HK,13.024706029061,13.134929211254,12.400107996638,12.547072239561,36807769,470620053.7153293
2024-12-10,02328.HK,11.979445355704,11.979445355704,11.255106799313,11.292252366307,40610045,472532345.8586321
2024-12-11,02328.HK,11.310825149804,11.40368906729,11.162242881826,11.199388448821,20596266,231813173.49704888
2024-12-11,02331.HK,16.136667281865,16.505505391165,15.7493872671,15.841596794425,13882049,221961914.42099878
2024-12-11,02333.HK,12.602183830657,12.859371255773,12.253143753715,12.381737466273,19473797,243265905.80019575
2024-12-12,02331.HK,15.804712983495,16.56083110756,15.509642496056,16.26576062012,21315593,341800581.3259503
2024-12-12,02328.HK,11.236534015815,11.236534015815,10.976515046854,11.106524531335,27577316,308080792.98062825
2024-12-12,02333.HK,12.381737466273,13.098188150523,12.381737466273,12.804259664677,26815642,337689341.23829114
2024-12-13,02328.HK,10.976515046854,11.217961232318,10.902223912865,11.106524531335,24133832,266474183.6146821
2024-12-13,02331.HK,15.952248227215,16.284202525585,15.638735834311,15.675619645241,17186732,271789844.42765576
2024-12-13,02333.HK,12.638924891388,12.767518603946,12.400107996638,12.4735901181,22851420,286928313.8690571
2024-12-16,02328.HK,10.976515046854,11.125097314832,10.957942263357,10.995087830352,31158896,342305444.50208133
2024-12-16,02331.HK,15.78627107803,15.89692251082,15.233013914081,15.417432968731,13965521,217887992.07141283
2024-12-16,02333.HK,12.4735901181,12.859371255773,12.344996405542,12.51033117883,16936242,211566868.59688017
2024-12-17,02331.HK,15.269897725011,15.89692251082,15.233013914081,15.546526306986,16770582,258404683.08768818
2024-12-17,02328.HK,10.995087830352,11.292252366307,10.920796696363,11.125097314832,26395268,291934107.55837536
2024-12-17,02333.HK,12.436849057369,13.043076559427,12.436849057369,12.896112316504,29866781,378307004.717462
2024-12-18,02333.HK,12.9512239076,13.134929211254,12.896112316504,12.969594437965,12130850,157220779.6136486
2024-12-18,02331.HK,15.601852023381,15.89692251082,15.528084401521,15.564968212451,11303835,176152296.710253
2024-12-18,02328.HK,11.143670098329,11.347970716799,11.106524531335,11.255106799313,20068656,224756674.18976226
2024-12-19,02331.HK,15.380549157801,15.694061550706,15.288339630476,15.398991063266,10348630,159263036.6589703
2024-12-19,02328.HK,11.06937896434,11.162242881826,10.995087830352,11.106524531335,15099171,167418879.4803473
2024-12-19,02333.HK,12.694036482484,12.914482846869,12.675665952119,12.822630195042,11095549,141560712.71857846
2024-12-20,02331.HK,15.251455819546,15.694061550706,15.251455819546,15.435874874196,11740639,180144435.77442217
2024-12-20,02333.HK,12.767518603946,12.896112316504,12.528701709196,12.785889134311,10849454,138620260.8997317
2024-12-20,02328.HK,11.087951747838,11.236534015815,11.013660613849,11.143670098329,22925829,254839180.4189445
2024-12-23,02331.HK,15.601852023381,15.730945361635,14.974827237571,15.269897725011,16177176,249708864.55384654
2024-12-23,02333.HK,12.859371255773,13.134929211254,12.4735901181,12.547072239561,15814848,200899521.049648
2024-12-23,02328.HK,11.199388448821,11.255106799313,11.013660613849,11.143670098329,31943253,356854985.98271245
2024-12-24,02331.HK,15.306781535941,15.528084401521,15.085478670361,15.472758685126,11719000,180352715.92534208
2024-12-24,02333.HK,12.547072239561,12.841000725407,12.4735901181,12.767518603946,8911625,112797070.31288403
2024-12-24,02328.HK,11.236534015815,11.570844118765,11.143670098329,11.477980201279,14020015,159228915.02068555
2024-12-27,02333.HK,12.767518603946,12.767518603946,12.087808980426,12.198032162619,24075081,300523828.45733225
2024-12-27,02328.HK,11.422261850787,11.496552984776,11.292252366307,11.347970716799,23744960,270339130.7540134
2024-12-27,02331.HK,15.509642496056,15.528084401521,14.937943426641,15.269897725011,18159000,279462835.43717784
2024-12-30,02331.HK,15.380549157801,15.472758685126,14.753524371991,15.030152953966,19199509,291935274.4455948
2024-12-30,02333.HK,12.069438450061,12.23477322335,12.051067919696,12.124550041157,9568206,115746532.92280151
2024-12-30,02328.HK,11.366543500296,11.422261850787,11.255106799313,11.329397933301,23379743,265312638.9302747
2024-12-31,02331.HK,15.067036764896,15.454316779661,14.993269143036,15.177688197686,12042799,182115571.76732877
2024-12-31,02333.HK,12.03269738933,12.547072239561,12.03269738933,12.547072239561,15059238,185076300.41332063
2024-12-31,02328.HK,11.422261850787,11.552271335268,11.180815665324,11.385116283793,14883753,169729691.36634472
2025-01-02,02331.HK,15.177688197686,15.233013914081,14.513779600946,14.642872939201,20789521,309977590.9935481
2025-01-02,02333.HK,12.344996405542,12.418478527003,11.738768903484,11.940844737503,38942048,472870195.75641656
2025-01-02,02328.HK,11.255106799313,11.292252366307,10.902223912865,10.93936947986,30363389,336949758.4579012
2025-01-03,02333.HK,11.9959563286,12.363366935907,11.757139433849,12.106179510792,27721924,334078788.9886506
2025-01-03,02331.HK,14.642872939201,14.864175804781,14.366244357226,14.513779600946,15379711,224210444.89743838
2025-01-03,02328.HK,10.93936947986,10.976515046854,10.716496077893,10.902223912865,21533768,235165902.43463653
2025-01-06,02333.HK,12.142920571523,12.289884814446,11.830621555311,12.014326858965,23910715,288808529.2474404
2025-01-06,02331.HK,14.550663411876,14.753524371991,14.421570073621,14.569105317341,15003257,218445687.01250303
2025-01-06,02328.HK,10.976515046854,11.032233397346,10.809359995379,10.902223912865,14680786,160598542.30874863
2025-01-07,02328.HK,10.827932778877,10.920796696363,10.586486593413,10.846505562374,21860720,236909413.8676763
2025-01-07,02333.HK,12.014326858965,12.014326858965,11.518322539099,11.702027842753,25407828,301290530.5241211
2025-01-07,02331.HK,14.421570073621,15.067036764896,14.421570073621,14.993269143036,25467787,374565429.9045337
2025-01-08,02328.HK,10.865078345871,10.995087830352,10.735068861391,10.902223912865,21944334,238834475.52232862
2025-01-08,02333.HK,11.573434130196,11.610175190926,11.389728826542,11.518322539099,17252378,199193857.3713492
2025-01-08,02331.HK,15.067036764896,15.196130103151,14.790408182921,15.103920575826,20593469,310662337.3482405
2025-01-09,02328.HK,11.013660613849,11.013660613849,10.735068861391,10.735068861391,12404645,134892634.17069423
2025-01-09,02331.HK,15.103920575826,15.380549157801,14.255592924436,14.347802451761,42031707,618953096.4703449
2025-01-09,02333.HK,11.610175190926,11.757139433849,11.463210948003,11.720398373119,11244344,131168497.435714
2025-01-10,02328.HK,10.772214428385,11.050806180843,10.772214428385,10.920796696363,22607449,245211821.32958654
2025-01-10,02331.HK,14.403128168156,14.476895790016,13.573242422232,13.665451949557,43904074,616162509.2815001
2025-01-10,02333.HK,11.830621555311,11.848992085676,11.536693069465,11.702027842753,11288291,132821697.20316063
2025-01-13,02328.HK,10.976515046854,11.013660613849,10.660777727402,10.93936947986,33864228,371082255.21715754
2025-01-13,02333.HK,11.665286782023,11.775509964215,11.408099356907,11.720398373119,13096172,153131477.56479314
2025-01-13,02331.HK,13.462590989442,13.628568138627,13.204404312932,13.517916705837,23099350,311616095.2154715
2025-01-14,02328.HK,11.050806180843,11.217961232318,10.920796696363,11.143670098329,43263263,480102732.20653987
2025-01-14,02331.HK,13.517916705837,14.126499586181,13.370381462117,13.831429098742,24461373,334501274.515896
2025-01-14,02333.HK,11.573434130196,12.289884814446,11.573434130196,12.23477322335,22536343,268274963.5673175
2025-01-15,02328.HK,10.976515046854,11.217961232318,10.976515046854,11.050806180843,30521782,336156548.2778701
2025-01-15,02331.HK,13.812987193277,14.255592924436,13.812987193277,13.978964342462,16965630,235753983.36663982
2025-01-15,02333.HK,12.308255344811,12.381737466273,11.683657312388,11.867362616042,28274582,341777746.21740544
2025-01-16,02328.HK,11.143670098329,11.236534015815,11.032233397346,11.217961232318,29496950,329799960.63926405
2025-01-16,02333.HK,11.959215267869,12.179661632253,11.702027842753,11.867362616042,23400500,278776917.8862297
2025-01-16,02331.HK,14.144941491646,14.624431033736,14.144941491646,14.274034829901,18838500,267685442.71673158
2025-01-17,02328.HK,11.106524531335,11.180815665324,10.957942263357,10.995087830352,26184645,289361436.80919284
2025-01-17,02333.HK,11.867362616042,12.106179510792,11.830621555311,12.03269738933,16274200,194477178.26971248
2025-01-17,02331.HK,14.274034829901,14.366244357226,14.034290058857,14.144941491646,15723678,223425416.38481474
2025-01-20,02328.HK,10.995087830352,11.236534015815,10.995087830352,11.199388448821,45445363,504318015.5509532
2025-01-20,02333.HK,12.106179510792,12.198032162619,11.885733146407,11.940844737503,15177598,182488033.56843683
2025-01-20,02331.HK,14.384686262691,14.716640561061,14.292476735366,14.347802451761,16339896,234742938.7076597
2025-01-21,02328.HK,11.143670098329,11.477980201279,11.06937896434,11.459407417782,30266760,342060961.22076386
2025-01-21,02333.HK,12.03269738933,12.142920571523,11.775509964215,12.051067919696,12871098,154992251.75073695
2025-01-21,02331.HK,14.642872939201,14.661314844666,14.384686262691,14.513779600946,12011620,175109315.39214027
2025-01-22,02333.HK,12.051067919696,12.051067919696,11.536693069465,11.646916251657,19193604,227424861.8916088
2025-01-22,02331.HK,14.458453884551,14.495337695481,14.200267208041,14.366244357226,14987454,216004419.48125684
2025-01-22,02328.HK,11.459407417782,11.552271335268,11.27367958281,11.347970716799,22283608,254115336.92938712
2025-01-23,02333.HK,11.812251024946,11.867362616042,11.610175190926,11.738768903484,13128669,154596772.6263806
2025-01-23,02331.HK,14.476895790016,14.698198655596,14.200267208041,14.329360546296,16282843,234523874.67096174
2025-01-23,02328.HK,11.347970716799,11.663708036251,11.347970716799,11.626562469257,32549850,373908804.51307243
2025-01-24,02333.HK,11.738768903484,11.79388049458,11.463210948003,11.536693069465,27481345,319820500.25649613
2025-01-24,02328.HK,11.626562469257,11.812290304229,11.533698551771,11.73799917024,28753584,335907442.8622273
2025-01-24,02331.HK,14.329360546296,14.735082466526,14.274034829901,14.587547222806,17004048,245852243.85869166
2025-01-27,02331.HK,14.513779600946,14.679756750131,14.421570073621,14.550663411876,13829985,200980405.45034152
2025-01-27,02333.HK,11.481581478369,11.628545721292,11.389728826542,11.610175190926,13397296,154683549.62925962
2025-01-27,02328.HK,11.626562469257,11.979445355704,11.626562469257,11.905154221715,25466218,299631913.5832658
2025-01-28,02331.HK,14.698198655596,14.790408182921,14.421570073621,14.771966277456,6028855,88835675.60372761
2025-01-28,02333.HK,11.665286782023,11.665286782023,11.279505644349,11.628545721292,4610125,53693739.78467253
2025-01-28,02328.HK,12.035163706196,12.035163706196,11.663708036251,11.73799917024,5326604,63315112.23513775
2025-02-03,02328.HK,11.793717520732,11.979445355704,11.626562469257,11.868008654721,17798621,210573048.20133373
2025-02-03,02333.HK,11.481581478369,11.481581478369,11.059059279965,11.297876174715,11408531,129940074.39919804
2025-02-03,02331.HK,14.274034829901,14.366244357226,13.647010044092,14.347802451761,22788531,326124813.0850551
2025-02-04,02328.HK,11.700853603246,12.220891541168,11.700853603246,12.128027623682,40120147,478009108.8349458
2025-02-04,02333.HK,11.371358296176,11.702027842753,11.31624670508,11.573434130196,14841624,170268990.97513047
2025-02-04,02331.HK,14.476895790016,15.362107252336,14.403128168156,15.159246292221,26215530,388463585.9205733
2025-02-05,02331.HK,15.067036764896,15.067036764896,14.587547222806,14.937943426641,18512168,277728617.0712026
2025-02-05,02328.HK,12.07230927319,12.183745974173,11.960872572207,12.165173190676,33317450,403765555.05786616
2025-02-05,02333.HK,11.481581478369,11.481581478369,10.783501324484,11.114170871061,35495865,401027887.48440003
2025-02-06,02333.HK,11.114170871061,11.426469887272,10.856983445945,11.352987765811,40492913,454880350.02002823
2025-02-06,02328.HK,12.128027623682,12.202318757671,11.960872572207,12.183745974173,26976837,327927376.76511896
2025-02-06,02331.HK,14.937943426641,14.974827237571,14.698198655596,14.956385332106,10016692,149721141.86155552
2025-02-07,02328.HK,12.016590922698,12.128027623682,11.979445355704,12.128027623682,47630633,575011732.4538096
2025-02-07,02333.HK,11.426469887272,12.03269738933,11.242764583619,11.959215267869,63907874,747264710.1492108
2025-02-07,02331.HK,14.974827237571,15.067036764896,14.642872939201,14.993269143036,27443249,411210965.51449835
2025-02-10,02331.HK,14.993269143036,14.993269143036,14.661314844666,14.808850088386,24608009,366685409.13295287
2025-02-10,02328.HK,12.128027623682,12.165173190676,11.886581438218,11.923727005212,41566064,499868386.1084521
2025-02-10,02333.HK,12.014326858965,12.216402692984,11.610175190926,11.885733146407,40530659,484342591.07863533
2025-02-11,02331.HK,14.790408182921,14.790408182921,14.274034829901,14.403128168156,27101884,395599917.8683361
2025-02-11,02333.HK,11.867362616042,11.867362616042,10.948836097772,11.040688749599,58667854,671983106.4719634
2025-02-11,02328.HK,12.053736489693,12.090882056687,11.73799917024,11.905154221715,38393991,459938717.17189115
2025-02-12,02331.HK,14.532221506411,14.735082466526,14.384686262691,14.624431033736,26595651,387720077.64300656
2025-02-12,02333.HK,11.040688749599,11.334617235445,10.985577158503,11.279505644349,30094823,335861149.8057287
2025-02-12,02328.HK,11.923727005212,12.40661937614,11.719426386743,12.276609891659,43820658,530237343.3212827
2025-02-13,02331.HK,14.624431033736,15.325223441406,14.458453884551,14.790408182921,41336181,607948558.972816
2025-02-13,02333.HK,11.352987765811,11.352987765811,10.765130794118,10.783501324484,45628179,505023843.32176375
2025-02-13,02328.HK,12.276609891659,12.295182675157,11.998018139201,12.109454840184,51993384,633957013.9257851
2025-02-14,02331.HK,15.048594859431,15.491200590591,14.882617710246,15.491200590591,32429504,495195209.3528351
2025-02-14,02333.HK,10.967206628138,11.720398373119,10.930465567407,11.573434130196,53860742,607027818.199656
2025-02-14,02328.HK,12.165173190676,12.480910510129,12.07230927319,12.480910510129,37621780,463614769.4266358
2025-02-17,02328.HK,12.480910510129,12.53662886062,12.295182675157,12.462337726632,26195582,326701452.26621413
2025-02-17,02333.HK,11.812251024946,11.904103676773,11.224394053253,11.352987765811,17301391,200395426.96362704
2025-02-17,02331.HK,15.398991063266,15.546526306986,14.956385332106,15.140804386756,27672040,422549220.6424134
2025-02-18,02333.HK,11.352987765811,11.757139433849,11.224394053253,11.55506359983,23856989,273258564.7207662
2025-02-18,02331.HK,15.214572008616,15.269897725011,14.753524371991,14.993269143036,23858300,360353868.27422947
2025-02-18,02328.HK,12.258037108162,12.518056077123,12.258037108162,12.480910510129,25454538,314859241.11489886
2025-02-19,02333.HK,11.481581478369,11.738768903484,11.389728826542,11.55506359983,13881929,159896535.68687898
2025-02-19,02331.HK,14.808850088386,15.196130103151,14.569105317341,15.196130103151,23233725,348563729.200309
2025-02-19,02328.HK,12.369473809145,12.480910510129,12.183745974173,12.369473809145,31969590,395447006.1941039
2025-02-20,02328.HK,12.350901025648,12.480910510129,12.220891541168,12.313755458654,32417307,399780870.65057933
2025-02-20,02333.HK,11.518322539099,11.518322539099,11.114170871061,11.114170871061,37291448,421999225.5576622
2025-02-20,02331.HK,15.085478670361,15.472758685126,14.937943426641,15.140804386756,18861269,285053027.80521303
2025-02-21,02328.HK,12.350901025648,12.443764943134,12.128027623682,12.276609891659,50508964,621955031.1659331
2025-02-21,02333.HK,11.261135113984,11.352987765811,10.967206628138,11.187652992522,38796062,435462287.6024347
2025-02-21,02331.HK,15.380549157801,15.398991063266,14.937943426641,15.269897725011,28645795,439003209.03171074
2025-02-24,02328.HK,12.276609891659,12.499483293626,12.220891541168,12.369473809145,42974021,529570659.2630544
2025-02-24,02333.HK,11.224394053253,11.683657312388,11.003947688868,11.499952008734,32433039,368509801.0389604
2025-02-24,02331.HK,15.122362481291,15.952248227215,14.827291993851,15.730945361635,49796542,768194019.919597
2025-02-25,02331.HK,15.528084401521,15.528084401521,15.177688197686,15.380549157801,25000362,386363513.9541992
2025-02-25,02333.HK,11.297876174715,11.720398373119,11.150911931792,11.702027842753,36414381,418763633.9277552
2025-02-25,02328.HK,12.276609891659,12.443764943134,12.183745974173,12.239464324665,47028494,576477024.592974
2025-02-26,02328.HK,12.239464324665,12.703783912095,12.239464324665,12.629492778106,36721640,456614444.9516998
2025-02-26,02333.HK,11.573434130196,11.812251024946,11.297876174715,11.738768903484,53654248,625399361.4977095
2025-02-26,02331.HK,15.509642496056,16.026015849075,15.509642496056,15.86003869989,39329309,616873942.4934249
2025-02-27,02328.HK,12.629492778106,12.629492778106,11.979445355704,12.035163706196,79389485,979057187.9953232
2025-02-27,02333.HK,11.830621555311,12.730777543215,11.702027842753,12.602183830657,81445429,994970158.1668371
2025-02-27,02331.HK,15.86003869989,16.542389202095,15.546526306986,16.284202525585,55507560,892124199.2387636
2025-02-28,02328.HK,12.035163706196,12.053736489693,11.756571953737,11.812290304229,75759685,903337801.9408923
2025-02-28,02333.HK,12.565442769927,12.565442769927,11.720398373119,11.830621555311,54443471,664103210.3026148
2025-02-28,02331.HK,16.19199299826,16.70836635128,15.620293928846,15.7493872671,56225885,897966186.7707005
2025-03-03,02328.HK,11.793717520732,12.128027623682,11.775144737235,11.868008654721,31705951,375108765.3471651
2025-03-03,02333.HK,11.904103676773,12.400107996638,11.683657312388,11.867362616042,38635758,459214309.49717873
2025-03-03,02331.HK,15.78627107803,16.33952824198,15.730945361635,15.89692251082,31450474,498225728.10154676
2025-03-04,02331.HK,15.78627107803,15.78627107803,15.343665346871,15.675619645241,20331365,319831591.94246835
2025-03-04,02333.HK,11.683657312388,11.812251024946,11.261135113984,11.591804660561,46356060,539479355.872871
2025-03-04,02328.HK,11.793717520732,12.258037108162,11.793717520732,12.128027623682,35968344,430212779.2173062
2025-03-05,02331.HK,15.78627107803,16.19199299826,15.546526306986,15.989132038145,21749250,345545593.11223453
2025-03-05,02328.HK,12.183745974173,12.40661937614,12.183745974173,12.276609891659,18296999,223775553.4083861
2025-03-05,02333.HK,11.848992085676,11.848992085676,11.408099356907,11.683657312388,20733025,243951504.14314795
2025-03-06,02333.HK,12.014326858965,12.106179510792,11.702027842753,12.014326858965,25981296,312147782.3635199
2025-03-06,02328.HK,12.332328242151,12.388046592643,12.165173190676,12.220891541168,27210614,334054092.99052846
2025-03-06,02331.HK,16.321086336515,16.579273013025,16.08134156547,16.394853958375,26783191,438118638.83131754
2025-03-07,02333.HK,11.940844737503,12.418478527003,11.738768903484,12.198032162619,28755017,347056907.8119577
2025-03-07,02328.HK,12.07230927319,12.369473809145,12.07230927319,12.165173190676,21315106,258312253.9452225
2025-03-07,02331.HK,16.26576062012,17.777996868249,16.19199299826,17.206297798835,94137894,1575494543.7026968
2025-03-10,02333.HK,12.381737466273,12.71240701285,11.977585798234,12.253143753715,24277559,299037391.1381253
2025-03-10,02328.HK,12.183745974173,12.295182675157,11.94229978871,12.07230927319,26870166,325882115.5009075
2025-03-10,02331.HK,17.243181609765,17.243181609765,16.15510918733,16.431737769305,37435078,630311616.7995985
2025-03-11,02333.HK,11.959215267869,12.785889134311,11.904103676773,12.638924891388,42959863,528366365.64823943
2025-03-11,02328.HK,11.923727005212,12.146600407179,11.923727005212,12.053736489693,30620237,367097807.43641967
2025-03-11,02331.HK,16.00757394361,16.89278540593,15.841596794425,16.800575878605,26471298,434237155.38625014
2025-03-12,02328.HK,12.109454840184,12.295182675157,12.07230927319,12.165173190676,27239789,330617872.80705595
2025-03-12,02333.HK,13.318634514908,14.494348458293,13.318634514908,14.237161033177,130142538,1793090584.6184416
2025-03-12,02331.HK,16.78213397314,17.00343683872,16.136667281865,16.357970147445,26105181,432564208.2133585
2025-03-13,02333.HK,14.237161033177,14.273902093908,13.502339818561,13.759527243677,48449147,678207832.9192381
2025-03-13,02331.HK,16.37641205291,16.52394729663,15.694061550706,15.89692251082,22859358,368873854.3230389
2025-03-13,02328.HK,12.165173190676,12.388046592643,12.128027623682,12.313755458654,24382607,298430048.51882714
2025-03-14,02331.HK,16.1182253764,17.021878744185,15.97069013268,16.911227311395,43630798,720550689.1358703
2025-03-14,02333.HK,13.869750425869,13.998344138427,13.630933531119,13.979973608062,28396266,395414085.8470489
2025-03-14,02328.HK,12.313755458654,12.74092947909,12.239464324665,12.573774427615,35529686,442123061.08737665
2025-03-17,02331.HK,17.33539113709,18.017741639294,17.33539113709,17.501368286274,54246154,944880108.2703774
2025-03-17,02328.HK,12.499483293626,13.168103499526,12.462337726632,13.149530716029,37347861,478967905.00982374
2025-03-17,02333.HK,13.961603077696,13.961603077696,13.539080879292,13.759527243677,27016980,374470611.73496395
2025-03-18,02331.HK,17.796438773714,17.833322584644,17.15097208244,17.667345435459,31976416,567002358.4033735
2025-03-18,02333.HK,13.869750425869,14.494348458293,13.722786182946,14.494348458293,41834254,593295458.6005749
2025-03-18,02328.HK,13.223821850017,13.576704736464,13.130957932531,13.53955916947,47520438,635903794.2034544
2025-03-19,02331.HK,17.667345435459,17.759554962784,17.37227494802,17.446042569879,25585925,449204256.0002389
2025-03-19,02328.HK,13.186676283023,13.892442055917,13.149530716029,13.818150921928,36876728,497924833.7619891
2025-03-19,02333.HK,14.512718988658,14.733165353043,14.108567320619,14.457607397562,36995244,535882146.7089236
2025-03-20,02331.HK,17.446042569879,17.446042569879,16.468621580235,16.616156823955,44991373,766252559.0641797
2025-03-20,02333.HK,14.512718988658,15.30265179437,14.310643154639,14.935241187062,55004232,809881216.7160318
2025-03-20,02328.HK,13.781005354934,13.948160406409,13.613850303459,13.743859787939,49700854,684004651.9178101
2025-03-21,02331.HK,16.542389202095,16.56083110756,15.78627107803,16.026015849075,42306932,688934648.924153
2025-03-21,02333.HK,14.935241187062,14.935241187062,14.035085199158,14.200419972446,35885303,522771014.4071379
2025-03-21,02328.HK,13.743859787939,13.799578138431,13.465268035481,13.669568653951,48299892,662032816.5465076
2025-03-24,02333.HK,14.310643154639,14.512718988658,13.979973608062,14.457607397562,29869063,429640344.07173824
2025-03-24,02328.HK,13.558131952967,14.041024323895,13.558131952967,13.743859787939,32885863,448924780.0092831
2025-03-24,02331.HK,16.026015849075,16.026015849075,15.491200590591,15.694061550706,36014708,571194662.645256
2025-03-25,02328.HK,13.669568653951,13.836723705425,13.576704736464,13.669568653951,34775655,475368203.50861436
2025-03-25,02333.HK,14.365754745735,14.365754745735,13.337005045273,13.410487166735,50250853,697889924.6179844
2025-03-25,02331.HK,15.546526306986,15.989132038145,15.417432968731,15.657177739776,25844923,403228664.20167613
2025-03-26,02331.HK,15.82315488896,15.989132038145,15.620293928846,15.82315488896,17856279,282542668.35748374
2025-03-26,02333.HK,13.410487166735,13.594192470388,13.263522923811,13.520710348927,30470256,410300241.34439254
2025-03-26,02328.HK,13.669568653951,13.855296488923,13.353831334498,13.483840818978,61055512,828932658.9576651
2025-03-27,02331.HK,15.675619645241,16.099783470935,15.528084401521,15.767829172565,17946126,282144047.1794488
2025-03-27,02333.HK,13.483969288196,13.630933531119,13.153299741619,13.226781863081,38354298,512236054.7299606
2025-03-27,02328.HK,13.446695251984,13.632423086956,13.335258551001,13.502413602476,41543975,559786552.2609824
2025-03-28,02331.HK,16.321086336515,16.81901778407,15.657177739776,15.82315488896,69078021,1110230285.2012138
2025-03-28,02333.HK,13.373746106004,13.373746106004,12.804259664677,13.043076559427,25359424,334957703.3527374
2025-03-28,02328.HK,13.520986385973,13.520986385973,12.926657314062,13.372404117995,52189552,701777001.081572
2025-03-31,02333.HK,13.337005045273,13.337005045273,12.436849057369,12.491960648465,39949586,515928243.13651794
2025-03-31,02331.HK,15.491200590591,15.509642496056,14.347802451761,14.679756750131,87503331,1320029633.3860383
2025-03-31,02328.HK,13.353831334498,14.096742674386,13.242394633515,13.353831334498,62436789,833770349.3736401
2025-04-01,02333.HK,12.675665952119,12.841000725407,12.436849057369,12.785889134311,34823388,443328805.9290627
2025-04-01,02331.HK,14.698198655596,14.827291993851,14.403128168156,14.550663411876,34510760,504700229.541815
2025-04-01,02328.HK,13.353831334498,13.688141437448,13.186676283023,13.613850303459,25565343,344719015.4945863
2025-04-02,02328.HK,13.595277519962,13.929587622912,13.558131952967,13.892442055917,33094986,454852847.2678207
2025-04-02,02333.HK,12.583813300292,13.024706029061,12.4735901181,12.859371255773,38979564,495882120.38347363
2025-04-02,02331.HK,14.421570073621,14.532221506411,14.218709113506,14.403128168156,37868185,545769502.7943931
2025-04-03,02333.HK,12.528701709196,12.583813300292,12.161291101888,12.326625875177,25035350,311130912.7197163
2025-04-03,02328.HK,13.613850303459,14.115315457884,13.613850303459,14.022451540398,37879800,523428793.2924672
2025-04-03,02331.HK,14.034290058857,14.403128168156,13.978964342462,14.329360546296,31841720,451573710.37355614
2025-04-07,02331.HK,13.204404312932,13.702335760487,12.724914770842,12.872450014562,87026235,1134685226.3826299
2025-04-07,02328.HK,13.07523958204,13.688141437448,12.090882056687,12.165173190676,77206673,974364147.6640537
2025-04-07,02333.HK,10.893724506676,11.481581478369,10.232385413522,10.324238065349,73735608,782259685.3847536
2025-04-08,02328.HK,12.165173190676,12.480910510129,11.960872572207,12.425192159637,70697448,869238037.8273776
2025-04-08,02333.HK,10.471202308272,10.801871854849,10.12216223133,10.489572838638,44431242,465656636.52997196
2025-04-08,02331.HK,12.872450014562,13.351939556652,12.872450014562,13.167520502002,54015635,703282771.4167413
2025-04-09,02328.HK,11.960872572207,12.629492778106,11.626562469257,12.53662886062,49837777,610450506.7332063
2025-04-09,02333.HK,10.011939049137,10.581425490465,9.7914926847528,10.507943369003,38072612,390622760.795733
2025-04-09,02331.HK,12.724914770842,13.573242422232,12.448286188867,13.388823367582,66421592,867258030.1126193
2025-04-10,02333.HK,10.893724506676,11.187652992522,10.691648672657,10.83861291558,34090441,370432483.34275514
2025-04-10,02331.HK,13.554800516767,14.071173869786,13.425707178512,13.739219571417,49609208,677017359.8554492
2025-04-10,02328.HK,12.53662886062,12.796647829581,12.350901025648,12.499483293626,42888547,536881236.4123254
2025-04-11,02328.HK,12.443764943134,12.722356695593,12.239464324665,12.592347211112,45432703,568729123.8892744
2025-04-11,02331.HK,13.739219571417,14.403128168156,13.683893855022,14.071173869786,39643182,551246244.3406084
2025-04-11,02333.HK,10.83861291558,11.371358296176,10.746760263753,11.114170871061,25414687,278961564.3580779
2025-04-14,02328.HK,12.778075046084,13.353831334498,12.778075046084,12.963802881056,42713444,549762130.6478653
2025-04-14,02333.HK,11.408099356907,11.408099356907,10.967206628138,11.261135113984,30275751,343164049.10065633
2025-04-14,02331.HK,14.237151018971,14.495337695481,14.071173869786,14.274034829901,24126322,343935025.1958646
2025-04-15,02331.HK,14.200267208041,14.384686262691,14.089615775251,14.181825302576,18025591,255801995.6602726
2025-04-15,02328.HK,13.000948448051,13.223821850017,12.908084530565,13.056666798542,29484819,384152034.5587175
2025-04-15,02333.HK,11.206023522888,11.371358296176,11.132541401426,11.297876174715,14776660,166266237.25279117
2025-04-16,02331.HK,14.071173869786,14.108057680716,13.499474800372,13.739219571417,29484587,409988982.4606896
2025-04-16,02328.HK,13.093812365537,13.260967417012,12.722356695593,12.815220613079,38481615,498510716.052702
2025-04-16,02333.HK,11.297876174715,11.31624670508,10.728389733388,10.856983445945,32470393,359688499.37133056
2025-04-17,02331.HK,13.573242422232,13.886754815137,13.481032894907,13.776103382347,25822342,353112080.42105204
2025-04-17,02333.HK,10.83861291558,11.242764583619,10.654907611926,11.022318219234,36579000,399825499.9901807
2025-04-17,02328.HK,13.000948448051,13.000948448051,12.722356695593,12.74092947909,29809417,383675186.74662083
2025-04-22,02331.HK,13.720777665952,13.739219571417,13.462590989442,13.720777665952,24903540,341695935.4351423
2025-04-22,02328.HK,12.815220613079,13.149530716029,12.759502262587,13.056666798542,31669768,409678336.0240788
2025-04-22,02333.HK,10.654907611926,10.967206628138,10.507943369003,10.710019203022,50624354,540792809.13201
2025-04-23,02331.HK,13.997406247927,14.089615775251,13.794545287812,13.905196720602,33783231,471320040.79355043
2025-04-23,02328.HK,13.186676283023,13.20524906652,12.982375664554,13.168103499526,26828118,353524570.9351195
2025-04-23,02333.HK,10.930465567407,11.07742981033,10.654907611926,10.820242385215,59524018,647344765.8423076
2025-04-24,02328.HK,13.168103499526,13.223821850017,12.982375664554,13.056666798542,23196520,304161704.3572702
2025-04-24,02333.HK,10.820242385215,10.820242385215,10.434461247541,10.563054960099,37295463,398749987.4800782
2025-04-24,02331.HK,13.849871004207,14.144941491646,13.702335760487,13.849871004207,15385311,213084572.709607
2025-04-25,02328.HK,13.149530716029,13.168103499526,12.963802881056,13.019521231548,28059653,367147258.4939924
2025-04-25,02331.HK,13.978964342462,14.181825302576,13.776103382347,13.923638626067,15541502,216824179.92029968
2025-04-25,02333.HK,10.563054960099,10.746760263753,10.397720186811,10.544684429734,25608676,270270629.5633355
2025-04-28,02328.HK,13.000948448051,13.038094015045,12.722356695593,12.982375664554,38418885,499125170.4999493
2025-04-28,02331.HK,13.923638626067,13.923638626067,13.702335760487,13.831429098742,10647792,147765094.03983974
2025-04-28,02333.HK,10.305867534984,10.820242385215,10.12216223133,10.710019203022,44530778,467926893.40164465
2025-04-29,02333.HK,10.618166551195,10.654907611926,10.397720186811,10.471202308272,31370000,330786750.56073993
2025-04-29,02328.HK,13.056666798542,13.093812365537,12.833793396576,12.889511747067,22333610,289735916.3139993
2025-04-29,02331.HK,13.628568138627,13.647010044092,13.333497651187,13.481032894907,32036955,434254534.1896411
2025-04-30,02331.HK,13.370381462117,13.554800516767,13.351939556652,13.554800516767,16480727,221873286.80965346
2025-04-30,02328.HK,12.926657314062,13.316685767503,12.926657314062,13.279540200509,36784034,481984830.19334763
2025-04-30,02333.HK,10.471202308272,10.563054960099,10.158903292061,10.214014883157,52031199,538138326.0227317
2025-05-02,02333.HK,10.269126474253,10.36097912608,10.103791700964,10.269126474253,13540900,139053214.67521244
2025-05-02,02328.HK,13.520986385973,13.948160406409,13.428122468487,13.836723705425,26465372,362015987.318501
2025-05-02,02331.HK,13.499474800372,14.200267208041,13.481032894907,14.052731964322,17738500,244367409.84776226
2025-05-06,02328.HK,13.948160406409,14.078169890889,13.558131952967,13.725287004442,33090542,457864686.91677815
2025-05-06,02331.HK,14.052731964322,14.108057680716,13.868312909672,14.015848153392,13563361,190352142.44698873
2025-05-06,02333.HK,10.305867534984,10.801871854849,10.250755943887,10.765130794118,34154490,359834600.8606655
2025-05-07,02331.HK,14.237151018971,14.347802451761,14.015848153392,14.126499586181,16000346,226914111.7527707
2025-05-07,02333.HK,10.948836097772,11.224394053253,10.746760263753,10.801871854849,35377300,384740660.2261294
2025-05-07,02328.HK,14.022451540398,14.078169890889,13.242394633515,13.353831334498,40863125,559340234.5761173
2025-05-08,02331.HK,14.126499586181,14.255592924436,13.923638626067,14.089615775251,11390007,160690875.739759
2025-05-08,02333.HK,10.765130794118,11.334617235445,10.710019203022,11.261135113984,43918897,483684651.8562716
2025-05-08,02328.HK,13.353831334498,13.725287004442,13.316685767503,13.576704736464,23050827,310385563.99450237
2025-05-09,02331.HK,14.089615775251,14.274034829901,14.034290058857,14.181825302576,11293448,159641024.84875157
2025-05-09,02333.HK,11.261135113984,11.31624670508,11.022318219234,11.114170871061,18645532,208599741.87697408
2025-05-09,02328.HK,13.762432571437,13.929587622912,13.613850303459,13.669568653951,27460673,376650607.6929896
2025-05-12,02331.HK,14.366244357226,14.642872939201,14.200267208041,14.421570073621,26000731,374252109.5471855
2025-05-12,02333.HK,11.297876174715,11.591804660561,11.169282462157,11.481581478369,34326593,390970585.8090749
2025-05-12,02328.HK,14.041024323895,14.041024323895,13.632423086956,13.818150921928,29540264,411483695.7919381
2025-05-13,02333.HK,11.591804660561,11.591804660561,11.132541401426,11.187652992522,20510487,233608885.0303047
2025-05-13,02328.HK,13.892442055917,13.892442055917,13.613850303459,13.725287004442,21831388,301466679.3977864
2025-05-13,02331.HK,14.403128168156,14.476895790016,14.237151018971,14.237151018971,15362111,219987573.97181737
2025-05-14,02328.HK,13.799578138431,14.226752158867,13.613850303459,14.20817937537,38431383,538188427.992007
2025-05-14,02331.HK,14.255592924436,14.532221506411,14.163383397111,14.495337695481,15553388,223587189.6463248
2025-05-14,02333.HK,11.242764583619,11.426469887272,11.150911931792,11.408099356907,31397924,355595052.269488
2025-05-15,02328.HK,14.226752158867,14.33818885985,14.0038787569,14.133888241381,40539292,574860141.2463253
2025-05-15,02331.HK,14.513779600946,14.532221506411,14.144941491646,14.200267208041,13331465,191400155.02118593
2025-05-15,02333.HK,11.371358296176,11.481581478369,11.150911931792,11.206023522888,15778958,178123779.73648724
2025-05-16,02328.HK,14.115315457884,14.152461024878,13.781005354934,13.948160406409,17182237,241096646.67203107
2025-05-16,02331.HK,14.108057680716,14.255592924436,13.997406247927,14.089615775251,10040967,141565954.3240703
2025-05-16,02333.HK,11.187652992522,11.389728826542,11.114170871061,11.261135113984,16548905,185751430.86984885
2025-05-19,02328.HK,13.87386927242,13.985305973403,13.781005354934,13.929587622912,20996073,291881705.313372
2025-05-19,02333.HK,11.114170871061,11.206023522888,10.985577158503,11.132541401426,12419712,138148879.68557703
2025-05-19,02331.HK,13.923638626067,13.997406247927,13.849871004207,13.905196720602,12921418,179794006.98374254
2025-05-20,02333.HK,11.132541401426,11.408099356907,11.095800340695,11.352987765811,18559084,208655412.29960075
2025-05-20,02328.HK,14.022451540398,14.096742674386,13.892442055917,14.022451540398,28241700,396017869.6684582
2025-05-20,02331.HK,14.015848153392,14.126499586181,13.794545287812,14.071173869786,11808594,165834119.8703838
2025-05-21,02333.HK,11.426469887272,11.444840417638,11.224394053253,11.297876174715,14615854,166067862.14373848
2025-05-21,02328.HK,14.0038787569,14.20817937537,13.892442055917,14.115315457884,23592165,331696334.7911148
2025-05-21,02331.HK,14.089615775251,14.366244357226,14.034290058857,14.200267208041,13634274,192856008.01107028
2025-05-22,02333.HK,11.279505644349,11.518322539099,11.187652992522,11.371358296176,15269779,172936843.26544294
2025-05-22,02328.HK,14.115315457884,14.189606591873,13.966733189906,14.078169890889,15339024,216230274.2042387
2025-05-22,02331.HK,14.144941491646,14.144941491646,13.905196720602,13.978964342462,10196914,143388524.5672488
2025-05-23,02333.HK,11.371358296176,11.848992085676,11.297876174715,11.646916251657,37558684,432268049.9836513
2025-05-23,02328.HK,14.022451540398,14.096742674386,13.855296488923,13.911014839414,20095442,280667676.747231
2025-05-23,02331.HK,14.071173869786,14.108057680716,13.868312909672,13.923638626067,11817904,165420003.28699556
2025-05-26,02328.HK,14.0038787569,14.301043292856,13.929587622912,14.059597107392,15850623,222411787.99724585
2025-05-26,02331.HK,14.071173869786,14.108057680716,13.868312909672,13.886754815137,8258120,115439965.01576816
2025-05-26,02333.HK,11.628545721292,11.646916251657,10.83861291558,11.003947688868,54072554,611898361.0377604
2025-05-27,02331.HK,13.886754815137,14.108057680716,13.886754815137,13.978964342462,8072977,112479654.92387804
2025-05-27,02333.HK,10.967206628138,11.003947688868,10.765130794118,10.930465567407,23863543,261278021.01914623
2025-05-27,02328.HK,14.319616076353,14.319616076353,13.948160406409,14.0038787569,30194509,427607009.82705563
2025-05-28,02331.HK,13.997406247927,14.237151018971,13.978964342462,14.181825302576,15151421,213477700.33907685
2025-05-28,02328.HK,14.282470509359,14.393907210342,14.022451540398,14.171033808375,36856974,524355034.42380494
2025-05-28,02333.HK,10.985577158503,11.683657312388,10.948836097772,11.499952008734,43834967,492826214.5116857
2025-05-29,02331.HK,14.181825302576,14.384686262691,14.108057680716,14.292476735366,18369300,261526498.212784
2025-05-29,02333.HK,11.499952008734,11.702027842753,11.31624670508,11.536693069465,25393718,292493034.3909367
2025-05-29,02328.HK,14.041024323895,14.115315457884,13.911014839414,13.948160406409,31333848,438504429.9916333
2025-05-30,02331.HK,14.144941491646,14.255592924436,13.757661476882,13.812987193277,36658737,512451177.362674
2025-05-30,02328.HK,13.948160406409,14.022451540398,13.688141437448,13.87386927242,66199059,920896092.1042761
2025-05-30,02333.HK,11.536693069465,11.536693069465,11.132541401426,11.187652992522,28718116,326300203.1161429
2025-06-02,02331.HK,13.812987193277,13.812987193277,13.296613840257,13.720777665952,13560638,186687709.0165627
2025-06-02,02328.HK,13.818150921928,13.929587622912,13.576704736464,13.911014839414,24808219,343955608.44733703
2025-06-02,02333.HK,11.022318219234,11.022318219234,10.820242385215,10.967206628138,10602404,116570913.09993814
2025-06-03,02331.HK,13.739219571417,13.960522436997,13.665451949557,13.868312909672,13306150,183674984.16162118
2025-06-03,02328.HK,13.948160406409,14.449625560834,13.948160406409,14.449625560834,39558980,561693723.5612233
2025-06-03,02333.HK,11.022318219234,11.444840417638,10.856983445945,11.389728826542,25277939,283265179.04412794
2025-06-04,02331.HK,13.868312909672,14.126499586181,13.794545287812,14.052731964322,17415946,243135704.89452815
2025-06-04,02328.HK,14.189606591873,14.301043292856,13.799578138431,13.799578138431,61305846,857950324.3707843
2025-06-04,02333.HK,11.444840417638,11.536693069465,11.334617235445,11.371358296176,19767984,225515125.55774787
2025-06-05,02333.HK,11.481581478369,11.628545721292,11.334617235445,11.499952008734,24477096,281260600.6955175
2025-06-05,02331.HK,14.181825302576,14.329360546296,14.034290058857,14.108057680716,22787618,322329523.34397924
2025-06-05,02328.HK,13.948160406409,14.282470509359,13.892442055917,14.282470509359,29289382,413428866.4964694
2025-06-06,02328.HK,14.319616076353,14.356761643348,14.0038787569,14.022451540398,24802624,351478823.2404256
2025-06-06,02331.HK,14.200267208041,14.200267208041,13.960522436997,14.034290058857,12069681,170391049.69384536
2025-06-06,02333.HK,11.499952008734,11.55506359983,11.224394053253,11.297876174715,18212648,207604409.93481803
2025-06-09,02333.HK,11.297876174715,11.738768903484,11.150911931792,11.55506359983,24709489,282342231.9883911
2025-06-09,02328.HK,14.226752158867,14.226752158867,13.818150921928,13.948160406409,26033823,366750343.3824357
2025-06-09,02331.HK,14.071173869786,14.495337695481,14.071173869786,14.458453884551,25752740,367358042.92711234
2025-06-10,02328.HK,13.929587622912,14.301043292856,13.892442055917,14.189606591873,32687995,459580039.9484605
2025-06-10,02333.HK,11.481581478369,11.573434130196,11.242764583619,11.499952008734,23952950,275237761.2699519
2025-06-10,02331.HK,14.384686262691,14.919501521176,14.310918640831,14.642872939201,28001518,406407860.74392223
2025-06-11,02328.HK,14.356761643348,14.468198344331,14.189606591873,14.20817937537,32532471,464644057.6540769
2025-06-11,02333.HK,11.55506359983,11.79388049458,11.444840417638,11.499952008734,17917817,206547775.30319667
2025-06-11,02331.HK,14.642872939201,14.882617710246,14.513779600946,14.753524371991,15975852,234816246.38840067
2025-06-12,02333.HK,11.481581478369,11.610175190926,11.334617235445,11.371358296176,12924675,147683409.6902837
2025-06-12,02331.HK,14.642872939201,14.661314844666,14.310918640831,14.440011979086,16658154,242233587.86655113
2025-06-12,02328.HK,14.245324942364,14.356761643348,13.929587622912,13.948160406409,27699019,390465943.1759425
2025-06-13,02333.HK,11.371358296176,11.371358296176,10.83861291558,11.022318219234,30473418,341205932.5054362
2025-06-13,02331.HK,14.347802451761,14.421570073621,14.126499586181,14.274034829901,18981134,271637464.3847111
2025-06-13,02328.HK,13.985305973403,14.096742674386,13.855296488923,14.022451540398,22931599,321131332.09786075
2025-06-16,02328.HK,13.929587622912,14.152461024878,13.762432571437,13.911014839414,24231097,337304169.4015301
2025-06-16,02331.HK,14.26186919345,14.355451012305,14.018556464428,14.299301920992,17280206,246771460.22940367
2025-06-16,02333.HK,11.003947688868,11.242764583619,10.948836097772,11.169282462157,21588983,239348744.39278308
2025-06-17,02333.HK,11.187652992522,11.334617235445,11.07742981033,11.132541401426,9649747,107692114.44620827
2025-06-17,02328.HK,13.948160406409,13.985305973403,13.725287004442,13.818150921928,29580096,410665077.329048
2025-06-17,02331.HK,14.299301920992,14.523898286243,14.187003738367,14.411600103618,16681550,239471173.83431646
2025-06-18,02333.HK,11.132541401426,11.169282462157,10.948836097772,11.114170871061,15166790,168705606.6136166
2025-06-18,02328.HK,13.892442055917,13.892442055917,13.53955916947,13.595277519962,20556477,282525337.6220032
2025-06-18,02331.HK,14.580047377556,14.729778287724,14.130854647054,14.224436465908,21488730,309485888.05078006
2025-06-19,02331.HK,14.205720102137,14.205720102137,13.85010919049,14.037272828199,23873038,337123021.7298214
2025-06-19,02328.HK,13.595277519962,13.688141437448,13.483840818978,13.632423086956,25411510,345948493.1248514
2025-06-19,02333.HK,11.040688749599,11.206023522888,10.59979602083,10.673278142291,25775922,279848758.45796955
2025-06-20,02331.HK,14.074705555741,15.085389199371,14.074705555741,14.711061923953,52046158,749094301.1997079
2025-06-20,02328.HK,13.632423086956,14.059597107392,13.632423086956,13.87386927242,39451901,542587761.5195792
2025-06-20,02333.HK,10.673278142291,10.856983445945,10.673278142291,10.728389733388,9919319,106144985.39545617
2025-06-23,02333.HK,10.801871854849,10.820242385215,10.581425490465,10.765130794118,10320005,111285787.58617635
2025-06-23,02328.HK,13.818150921928,14.189606591873,13.818150921928,14.189606591873,35465060,496648400.34620166
2025-06-23,02331.HK,14.65491283264,14.935658289204,14.44903283116,14.785927379036,17985878,264759680.13234937
2025-06-24,02328.HK,14.356761643348,14.87679958127,14.133888241381,14.802508447281,47624619,694349564.1921508
2025-06-24,02331.HK,14.954374652975,15.347418292164,14.804643742807,15.216403745768,34561735,521377223.88053995
2025-06-24,02333.HK,10.83861291558,11.187652992522,10.83861291558,11.169282462157,18472960,203275485.49856025
2025-06-25,02328.HK,14.932517931761,15.136818550231,14.579635045314,14.932517931761,43817052,654298914.7069042
2025-06-25,02331.HK,15.216403745768,15.384851019706,15.0666728356,15.235120109539,18627055,283611104.8433078
2025-06-25,02333.HK,11.206023522888,11.426469887272,11.206023522888,11.352987765811,16449818,185545814.979522
2025-06-26,02333.HK,11.297876174715,11.31624670508,11.07742981033,11.206023522888,12377297,139268725.10772127
2025-06-26,02328.HK,14.932517931761,14.969663498756,14.635353395806,14.728217313292,21175324,314037839.4461083
2025-06-26,02331.HK,15.160254654455,15.965058296605,14.954374652975,15.609447384957,50616301,778724250.0535959
2025-06-27,02328.HK,14.783935663783,14.783935663783,14.301043292856,14.375334426845,35999914,524865607.7826901
2025-06-27,02333.HK,11.31624670508,11.463210948003,11.114170871061,11.279505644349,15156974,171241615.43536714
2025-06-27,02331.HK,15.66559647627,16.039923751689,15.478432838561,15.609447384957,28117434,439686990.80757767
2025-06-30,02331.HK,15.66559647627,16.039923751689,15.497149202332,15.834043750209,33253603,523738265.3670814
2025-06-30,02333.HK,11.261135113984,11.352987765811,11.040688749599,11.095800340695,13986434,156346901.0895639
2025-06-30,02328.HK,14.468198344331,14.468198344331,14.078169890889,14.115315457884,26996480,385827129.3456106
2025-07-02,02333.HK,11.297876174715,11.591804660561,11.132541401426,11.499952008734,23247908,265000906.1043147
2025-07-02,02328.HK,14.301043292856,14.393907210342,14.20817937537,14.319616076353,25386496,363289127.2968934
2025-07-02,02331.HK,15.908909205292,16.021207387918,15.609447384957,15.908909205292,21009070,334231387.117624
2025-07-03,02333.HK,11.573434130196,11.812251024946,11.536693069465,11.720398373119,22198861,258548274.94918588
2025-07-03,02331.HK,15.983774660376,16.376818299566,15.927625569063,16.096072843002,26746908,429018364.9134405
2025-07-03,02328.HK,14.393907210342,14.393907210342,13.985305973403,14.319616076353,24345059,349516209.25623184
2025-07-04,02331.HK,16.096072843002,16.096072843002,15.572014657416,15.759178295125,25154856,400657127.61171037
2025-07-04,02328.HK,14.456573084522,14.494616697903,14.17124598417,14.380485857762,28566673,411889416.5429765
2025-07-04,02333.HK,11.757139433849,12.308255344811,11.665286782023,12.014326858965,38396862,456374855.3914153
2025-07-07,02328.HK,14.304398631001,14.589725731353,14.20928959755,14.589725731353,20931182,302394087.87953275
2025-07-07,02333.HK,12.106179510792,12.179661632253,11.830621555311,12.03269738933,19089345,230397674.5294797
2025-07-07,02331.HK,15.703029203812,15.721745567583,15.478432838561,15.628163748728,15231165,238605284.75348696
2025-07-08,02331.HK,15.740461931354,15.85276011398,15.497149202332,15.796611022667,15435106,243389031.98752362
2025-07-08,02333.HK,12.101412031782,12.196849035187,11.948712826334,12.139586833144,19968135,242023768.93484455
2025-07-08,02328.HK,14.456573084522,14.646791151424,14.323420437691,14.437551277832,22827918,329796350.8128097
2025-07-09,02333.HK,12.139586833144,12.540422247446,12.005975028377,12.235023836549,24683237,300822145.9713805
2025-07-09,02328.HK,14.361464051071,14.437551277832,14.038093337339,14.057115144029,26440115,375695251.0275257
2025-07-09,02331.HK,15.721745567583,15.796611022667,15.25383647331,15.366134655935,21672392,336874363.32656485
2025-07-10,02328.HK,14.038093337339,14.513638504593,13.981027917268,14.380485857762,28714403,408011267.84777284
2025-07-10,02333.HK,12.235023836549,12.311373439274,12.082324631101,12.292286038593,11440542,140302859.38678843
2025-07-10,02331.HK,15.403567383477,15.422283747248,15.141538290684,15.235120109539,14134594,216532704.2033295
2025-07-11,02328.HK,14.380485857762,15.008205478537,14.380485857762,14.779943798255,46257196,674439855.0212955
2025-07-11,02333.HK,12.25411123723,12.483160045403,12.158674233825,12.196849035187,14593832,178416603.22716397
2025-07-11,02331.HK,15.347418292164,15.45971647479,15.178971018226,15.197687381997,19750457,301639898.0889864
2025-07-14,02331.HK,15.422283747248,15.572014657416,14.898225561662,15.029240108058,31959135,486602180.92372245
2025-07-14,02333.HK,12.025062429058,12.502247446084,11.967800227015,12.502247446084,18203620,223242914.29466623
2025-07-14,02328.HK,14.817987411635,15.065270898607,14.703856571494,14.779943798255,24286234,359411141.6396458
2025-07-15,02331.HK,14.692345560182,14.898225561662,14.299301920992,14.86079283412,72249539,1067600312.4957598
2025-07-15,02328.HK,15.008205478537,15.008205478537,14.494616697903,14.589725731353,20285728,300207790.9432697
2025-07-15,02333.HK,12.521334846765,12.883995459705,12.349548240636,12.597684449489,20637958,259202632.61863983
2025-07-16,02328.HK,14.608747538044,14.817987411635,14.475594891212,14.627769344734,17856954,261037568.54799506
2025-07-16,02331.HK,14.973091016746,15.141538290684,14.729778287724,14.954374652975,40753897,609830426.6874229
2025-07-16,02333.HK,12.597684449489,12.712208853575,12.349548240636,12.406810442679,12668491,158384609.25048813
2025-07-17,02333.HK,12.483160045403,12.712208853575,12.311373439274,12.61677185017,22368950,280729560.78773886
2025-07-17,02328.HK,14.722878378184,14.722878378184,14.456573084522,14.551682117973,12514324,183175667.50325474
2025-07-17,02331.HK,14.916941925433,15.122821926913,14.879509197891,15.104105563142,26840296,402886900.41170484
2025-07-18,02333.HK,12.712208853575,12.7885584563,12.311373439274,12.61677185017,25388712,321535098.1704696
2025-07-18,02328.HK,14.722878378184,14.779943798255,14.494616697903,14.703856571494,27948732,411219964.37179196
2025-07-18,02331.HK,15.178971018226,15.66559647627,15.122821926913,15.197687381997,37353951,567344104.7128341
2025-07-21,02333.HK,12.61677185017,12.845820658343,12.406810442679,12.693121452894,28503727,360713144.5548323
2025-07-21,02328.HK,14.837009218325,14.932118251776,14.475594891212,14.627769344734,24129417,355483964.3803557
2025-07-21,02331.HK,15.366134655935,15.759178295125,15.235120109539,15.553298293645,37221031,575426586.1593693
2025-07-22,02333.HK,12.731296254257,12.826733257662,12.464072644722,12.693121452894,16640484,211537308.03258145
2025-07-22,02328.HK,14.646791151424,14.856031025016,14.456573084522,14.817987411635,23315846,343498119.70019245
2025-07-22,02331.HK,15.609447384957,16.077356479231,15.572014657416,15.908909205292,36072680,568475795.7029716
2025-07-23,02328.HK,14.875052831706,15.084292705298,14.627769344734,15.046249091917,40212441,601604294.1234381
2025-07-23,02331.HK,16.039923751689,16.039923751689,15.721745567583,15.946341932834,21334909,341212033.8145604
2025-07-23,02333.HK,12.693121452894,13.036694665153,12.693121452894,12.97943246311,31040081,398439076.5148156
2025-07-24,02333.HK,12.998519863791,13.227568671964,12.864908059024,13.189393870602,18018003,235926954.11501715
2025-07-24,02331.HK,15.983774660376,16.283236480711,15.796611022667,16.227087389398,27343977,440386535.5195966
2025-07-24,02328.HK,15.122336318678,15.502772452481,15.084292705298,15.502772452481,39151685,599512305.8495771
2025-07-25,02328.HK,15.33157619227,15.616903292622,15.312554385579,15.483750645791,23769566,366233472.5444311
2025-07-25,02333.HK,13.265743473326,13.628404086266,13.113044267877,13.227568671964,24616858,326091051.51513964
2025-07-25,02331.HK,16.227087389398,16.395534663337,15.908909205292,15.946341932834,17275119,277899910.0898236
2025-07-28,02328.HK,15.654946906002,15.959295813045,15.36961980565,15.692990519383,31013886,486110678.82301193
2025-07-28,02331.HK,16.077356479231,16.26452011694,15.628163748728,15.740461931354,19295218,306965871.2583255
2025-07-28,02333.HK,13.227568671964,13.399355278093,12.97943246311,13.036694665153,14426007,189444223.3755466
2025-07-29,02328.HK,15.502772452481,15.807121359524,15.33157619227,15.578859679242,30191916,469207013.2319409
2025-07-29,02331.HK,15.740461931354,15.908909205292,15.534581929874,15.908909205292,16946891,268179221.43564293
2025-07-29,02333.HK,12.97943246311,13.074869466515,12.712208853575,12.960345062429,16032090,207934423.93470928
2025-07-30,02333.HK,12.960345062429,12.97943246311,12.578597048808,12.693121452894,18345188,235308833.03765267
2025-07-30,02328.HK,15.483750645791,15.788099552833,15.42668522572,15.673968712693,28886640,450020911.1647791
2025-07-30,02331.HK,15.908909205292,16.227087389398,15.777894658896,15.946341932834,23560630,375264892.8112328
2025-07-31,02331.HK,15.85276011398,16.096072843002,15.497149202332,15.590731021186,19675870,309339021.96083933
2025-07-31,02333.HK,12.693121452894,12.693121452894,12.158674233825,12.25411123723,33320610,415628505.52343625
2025-07-31,02328.HK,15.692990519383,15.712012326073,15.445707032411,15.521794259171,24238996,378307521.69411564
2025-08-01,02333.HK,12.235023836549,12.464072644722,12.044149829739,12.139586833144,15520078,189147929.4066338
2025-08-01,02328.HK,15.521794259171,15.673968712693,15.42668522572,15.42668522572,18568928,287340043.632209
2025-08-01,02331.HK,15.534581929874,15.66559647627,15.25383647331,15.309985564622,16260046,250767043.15530482
2025-08-04,02333.HK,12.082324631101,12.769471055619,12.034606129398,12.750383654938,31017330,385122153.85090303
2025-08-04,02328.HK,15.521794259171,15.692990519383,15.445707032411,15.559837872552,14879939,231246395.0702391
2025-08-04,02331.HK,15.272552837081,15.394209201592,15.141538290684,15.328701928393,13846988,211867603.76123065
2025-08-05,02333.HK,12.759927355278,12.883995459705,12.626315550511,12.769471055619,17751204,226588779.59455425
2025-08-05,02328.HK,15.712012326073,15.978317619735,15.645436002657,15.721523229418,14790048,232451749.83770925
2025-08-05,02331.HK,15.384851019706,15.628163748728,15.328701928393,15.515865566103,12322014,190379531.19018534
2025-08-06,02331.HK,15.478432838561,15.618805566843,15.347418292164,15.384851019706,12939660,199680199.80473158
2025-08-06,02333.HK,12.769471055619,13.218024971623,12.702665153235,13.122587968218,21634601,280082183.0245815
2025-08-06,02328.HK,15.702501422728,15.892719489629,15.531305162516,15.569348775897,12437162,194466533.48001564
2025-08-07,02328.HK,15.788099552833,15.892719489629,15.578859679242,15.892719489629,18863242,298801478.1780845
2025-08-07,02333.HK,13.036694665153,13.494792281498,13.036694665153,13.189393870602,17179853,225280172.90462807
2025-08-07,02331.HK,15.431641929134,15.805969204552,15.394209201592,15.581372839301,19326543,299687181.740897
2025-08-08,02331.HK,15.572014657416,15.581372839301,15.319343746508,15.394209201592,11711685,181333329.73809305
2025-08-08,02328.HK,15.902230392974,15.959295813045,15.731034132763,15.883208586284,15991586,254149790.49227825
2025-08-08,02333.HK,13.15121906924,13.485248581158,13.084413166856,13.332549375709,17222854,228063038.64858183
2025-08-11,02331.HK,15.543940111759,15.936983750949,15.45971647479,15.646880112499,20383500,317889042.0205814
2025-08-11,02328.HK,15.9497849097,15.9497849097,15.521794259171,15.654946906002,17743867,280395078.9542424
2025-08-11,02333.HK,13.303918274688,13.561598183882,13.284830874007,13.456617480136,14265712,190879048.0220109
2025-08-12,02331.HK,15.646880112499,15.731103749468,15.487791020446,15.609447384957,8811320,137704751.80244198
2025-08-12,02333.HK,13.456617480136,14.25828830874,13.408898978434,13.933802497162,39876645,546119026.9178102
2025-08-12,02328.HK,15.750055939453,16.282666526778,15.750055939453,16.235112010052,16283176,260410059.5556745
2025-08-13,02333.HK,14.010152099886,14.296463110102,13.828821793417,14.201026106697,28092331,396258878.039658
2025-08-13,02328.HK,16.235112010052,16.758211694032,16.111470266566,16.577504530475,29978013,491828522.6079668
2025-08-13,02331.HK,15.815327386438,15.993132842261,15.674954658156,15.908909205292,21033410,333634437.58542985
2025-08-14,02333.HK,14.220113507378,14.306006810443,13.933802497162,14.229657207719,26310896,374269479.2543814
2025-08-14,02331.HK,16.189654661856,16.994458304006,16.030565569803,16.844727393839,59734492,986646015.3154284
2025-08-14,02328.HK,16.948429760933,17.500062154948,16.739189887342,17.481040348258,53359677,918572702.1537933
2025-08-15,02333.HK,14.134220204313,15.269920544835,13.952889897843,15.050415437003,43418182,633571910.9391724
2025-08-15,02331.HK,16.816652848183,16.938309212694,16.507832845962,16.826011030068,20502836,344885010.0494521
2025-08-15,02328.HK,17.119626021145,17.566638478364,17.119626021145,17.433485831532,40411481,698171211.5626657
2025-08-18,02328.HK,17.433485831532,17.909030998786,17.252778667976,17.794900158645,32559257,573505036.5746863
2025-08-18,02331.HK,16.797936484412,17.265845578685,16.76050375687,16.854085575724,21835138,367398272.8310569
2025-08-18,02333.HK,15.193570942111,17.054592508513,15.193570942111,16.586951191827,84122808,1336733380.8065083
2025-08-19,02331.HK,17.078681940976,17.37814376131,16.882160121381,17.284561942456,31519778,541560909.2828174
2025-08-19,02333.HK,16.548776390465,16.825543700341,16.100222474461,16.319727582293,40139049,659655245.7596141
2025-08-19,02328.HK,17.76636744861,17.851965578716,17.395442218152,17.680769318505,31465094,557673745.2040647
2025-08-20,02333.HK,16.195659477866,16.758737797957,15.957066969353,16.128853575482,39919947,645196423.9452301
2025-08-20,02331.HK,17.116114668517,17.434292852623,16.854085575724,17.190980123601,25096546,430494791.2883749
2025-08-20,02328.HK,17.595171188399,17.70930202854,17.233756861286,17.490551251603,34675351,608304870.3478229
2025-08-21,02328.HK,17.214735054596,17.557127575018,17.214735054596,17.338376798082,54695952,944957673.6723535
2025-08-21,02333.HK,16.08113507378,17.464971623156,16.08113507378,17.169116912599,54700040,909395056.8325053
2025-08-21,02331.HK,17.312636488112,17.481083762051,16.882160121381,16.947667394579,35097210,601220540.0173106
2025-08-22,02328.HK,17.309844088046,17.680769318505,17.309844088046,17.557127575018,28150747,490765648.97154194
2025-08-22,02333.HK,17.741738933031,17.741738933031,16.854174801362,17.302728717367,34944352,612303106.6140604
2025-08-22,02331.HK,17.088040122861,18.482409223795,17.078681940976,18.435618314368,91701499,1628786364.3289485
2025-08-25,02333.HK,17.274097616345,17.464971623156,16.930524404086,17.274097616345,25557247,441478379.4830404
2025-08-25,02331.HK,18.622781952077,19.558600140624,18.529200133223,18.978392863725,58567910,1101111111.253079
2025-08-25,02328.HK,17.519083961638,17.671258415159,17.1101151178,17.224245957941,45736060,794511510.9008301
2025-08-26,02333.HK,17.274097616345,18.257098751419,16.987786606129,17.818088535755,37306156,654577285.4856411
2025-08-26,02328.HK,17.328865894737,17.500062154948,17.119626021145,17.423974928187,36566867,635401254.1220162
2025-08-26,02331.HK,18.716363770932,19.053258318809,18.388827404941,18.67893104339,21496153,401927489.40438616
2025-08-27,02331.HK,18.632140133963,18.688289225276,17.66824739976,17.780545582386,38895008,708135851.1194401
2025-08-27,02333.HK,17.837175936436,17.942156640182,17.025961407491,17.235922814983,28078344,492397265.9441565
2025-08-27,02328.HK,17.309844088046,17.718812931885,17.09109331111,17.328865894737,33636319,582559349.3646867
2025-08-28,02333.HK,17.484059023837,18.113943246311,17.350447219069,17.617670828604,30121310,528655043.2108148
2025-08-28,02328.HK,17.928052805477,18.841099526604,17.804411061991,17.870987385406,37674670,674358512.7541271
2025-08-28,02331.HK,18.005141947637,18.042574675179,17.256487396799,17.602740126562,29338259,522336633.3671537
2025-08-29,02333.HK,17.579496027242,18.228467650397,17.398165720772,17.741738933031,25990920,459015696.0768294
2025-08-29,02331.HK,17.705680127302,18.239096494773,17.602740126562,17.677605581645,29239730,517298860.3212344
2025-08-29,02328.HK,17.870987385406,18.080227258998,17.69028022185,17.842454675371,28642747,511465542.72299707
2025-09-01,02333.HK,17.636758229285,18.28572985244,17.512690124858,18.180749148695,29929740,536004341.6355116
2025-09-01,02331.HK,17.743112854844,17.836694673698,17.340711033769,17.56530739902,16793271,296471934.95251346
2025-09-01,02328.HK,18.051694548963,18.051694548963,17.366909508117,17.433485831532,15244675,270480021.10851127
2025-09-02,02333.HK,18.447972758229,18.953788876277,18.171205448354,18.371623155505,28928184,532562022.6990726
2025-09-02,02331.HK,17.574665580905,17.66824739976,17.17226375983,17.321994669998,17399179,303586619.10382307
2025-09-02,02328.HK,17.328865894737,17.804411061991,17.328865894737,17.633214801779,17117572,299232966.79621136
2025-09-03,02328.HK,17.70930202854,18.023161838927,17.490551251603,17.519083961638,13569202,239010542.81734765
2025-09-03,02333.HK,18.514778660613,18.743827468785,18.180749148695,18.476603859251,14832125,274330404.72871894
2025-09-03,02331.HK,17.654265320706,17.854773471996,17.329633075761,17.491949198234,14524067,255232987.23472866
2025-09-04,02333.HK,18.782002270148,18.801089670829,17.655845629966,18.295273552781,24687683,457676016.0100176
2025-09-04,02331.HK,17.596977277481,17.883417493609,17.34872909017,17.749745392749,17306387,305862030.85633683
2025-09-04,02328.HK,17.7853892553,17.880498288751,17.16718053787,17.281311378011,21481723,376646574.7643557
2025-09-05,02333.HK,18.266642451759,18.677021566402,18.218923950057,18.400254256527,13553958,248490788.9872234
2025-09-05,02331.HK,18.370365861027,18.370365861027,17.730649378341,17.99799358006,29115208,529436174.8730059
2025-09-05,02328.HK,17.271800474666,17.433485831532,17.015006084349,17.233756861286,18537960,319831320.8357924
2025-09-08,02328.HK,17.119626021145,17.347887701427,17.062560601074,17.281311378011,13636304,234550820.1299303
2025-09-08,02331.HK,18.103021659307,18.160309702533,17.883417493609,18.017089594469,18916064,341625168.0817736
2025-09-08,02333.HK,18.610215664018,18.610215664018,17.808544835414,18.190292849035,19480002,358436989.71764475
2025-09-09,02328.HK,17.281311378011,17.642725705124,17.233756861286,17.433485831532,20478201,355448297.46563035
2025-09-09,02333.HK,18.381166855846,18.381166855846,17.951700340522,18.257098751419,13421896,245877495.3005438
2025-09-09,02331.HK,18.141213688125,18.179405716942,17.816581443179,17.988445572856,15743087,284396184.5129898
2025-09-10,02331.HK,18.026637601673,18.179405716942,17.616073291889,17.797485428771,15904791,284887594.7787492
2025-09-10,02328.HK,17.500062154948,18.061205452308,17.481040348258,18.013650935582,17580702,312178003.37905353
2025-09-10,02333.HK,18.257098751419,18.295273552781,17.436340522134,17.951700340522,33395717,604609403.6921594
2025-09-11,02333.HK,17.894438138479,17.894438138479,17.17866061294,17.293185017026,39544111,695731637.94373
2025-09-11,02331.HK,17.654265320706,17.654265320706,17.043192859633,17.329633075761,40135914,702055368.7126687
2025-09-11,02328.HK,17.928052805477,17.994629128892,17.652236608469,17.737834738575,14306219,255121999.01729003
2025-09-12,02331.HK,17.558785248664,17.711553363932,17.186412967697,17.262797025331,16824446,292926915.3016931
2025-09-12,02328.HK,17.576149381709,18.099249065688,17.576149381709,17.832943772026,18468243,326971868.3864072
2025-09-12,02333.HK,17.417253121453,17.484059023837,16.653757094211,16.816,45316373,775663433.7275892
2025-09-15,02331.HK,17.262797025331,17.329633075761,17.033644852429,17.253249018127,15211747,262524679.92671707
2025-09-15,02328.HK,17.804411061991,17.947074612167,17.538105768328,17.595171188399,17144667,303457024.81102353
2025-09-15,02333.HK,17.00687400681,17.00687400681,16.586951191827,16.672844494892,22464564,378300095.8917343
2025-09-16,02331.HK,17.358277097374,17.463305176621,17.186412967697,17.386921118987,12394802,215329926.17127392
2025-09-16,02333.HK,16.749194097616,17.083223609535,16.472426787741,16.62512599319,17553794,292922969.8820349
2025-09-16,02328.HK,17.595171188399,17.76636744861,17.1101151178,17.16718053787,22143715,384883804.67812943
2025-09-17,02331.HK,17.472853183825,17.549237241459,17.052740866837,17.28189303974,20490833,356076850.41222554
2025-09-17,02333.HK,16.787368898978,16.882805902384,16.434251986379,16.682388195233,20776371,347690045.3346048
2025-09-17,02328.HK,17.072071504419,17.18620234456,16.843809824137,17.157669634525,23725004,406050372.7202055
2025-09-18,02331.HK,17.28189303974,17.568333255868,16.756752643505,16.957260794794,22835986,390942418.8086324
2025-09-18,02333.HK,16.682388195233,17.035505107832,16.176572077185,16.548776390465,24070275,399941635.0740059
2025-09-18,02328.HK,17.119626021145,17.20522415125,16.368264656883,16.520439110405,38394020,645788666.7310168
2025-09-19,02333.HK,16.520145289444,16.63466969353,16.243377979569,16.338814982974,18742696,307932751.6310039
2025-09-19,02331.HK,16.890424744364,16.966808801999,16.670820578666,16.957260794794,15771429,266913184.64757857
2025-09-19,02328.HK,16.60603724051,17.015006084349,16.558482723785,16.967451567623,34978492,587175004.8436848
2025-09-22,02333.HK,16.348358683314,16.367446083995,15.871173666288,16.109766174801,28137706,456648587.2844658
2025-09-22,02331.HK,17.100480902858,17.28189303974,16.861780722752,17.033644852429,17778730,303430702.79464686
2025-09-22,02328.HK,16.824788017447,16.948429760933,16.368264656883,16.520439110405,23014670,383714699.21128076
2025-09-23,02328.HK,16.463373690334,16.644080853891,16.349242850193,16.453862786989,14365812,236441415.39638224
2025-09-23,02331.HK,17.167316953288,17.167316953288,16.479860434581,16.584888513828,19613219,330994698.7797717
2025-09-23,02333.HK,16.014329171396,16.281552780931,15.632581157775,15.880717366629,19295915,307722053.4593873
2025-09-24,02331.HK,16.670820578666,16.81404068673,16.489408441785,16.775848657913,17154134,286874322.9689769
2025-09-24,02333.HK,15.880717366629,16.09067877412,15.785280363224,15.871173666288,11995029,190432426.8723397
2025-09-24,02328.HK,16.453862786989,16.577504530475,16.292177430123,16.491906400369,15095455,248665688.1040746
2025-09-25,02331.HK,16.88087673716,16.88087673716,16.346188333721,16.441668405763,20195090,336475899.0951965
2025-09-25,02328.HK,16.453862786989,16.539460917095,16.168535686637,16.387286463574,17216743,282708813.2357929
2025-09-25,02333.HK,15.861629965948,15.937979568672,15.53714415437,15.689843359818,17664885,278676573.94011194
2025-09-26,02331.HK,16.327092319312,16.413024384151,16.097940146409,16.183872211248,20046721,325869117.69251615
2025-09-26,02333.HK,15.689843359818,16.023872871737,15.546687854711,15.72801816118,17533842,275437909.9435293
2025-09-26,02328.HK,16.187557493327,16.739189887342,16.187557493327,16.596526337165,14836693,243203693.53963688
2025-09-29,02331.HK,16.193420218452,16.470312427376,16.136132175227,16.403476376946,15401960,251028048.74322808
2025-09-29,02328.HK,16.596526337165,16.919897050898,16.387286463574,16.815277114102,22803350,380950524.11522466
2025-09-29,02333.HK,15.947523269012,16.014329171396,15.651668558456,15.957066969353,17626593,281184613.48171645
2025-09-30,02331.HK,16.603984528236,16.852232715547,16.413024384151,16.842684708343,20069531,335629482.54513425
2025-09-30,02333.HK,16.109766174801,16.167028376844,15.632581157775,16.033416572077,20873229,335466007.13221675
2025-09-30,02328.HK,16.720168080651,17.081582407764,16.596526337165,16.701146273961,43895788,733527464.7957026
2025-10-02,02333.HK,16.63466969353,16.882805902384,15.842542565267,16.224290578888,12940942,212612949.53283277
2025-10-02,02331.HK,17.024096845224,17.043192859633,16.642176557053,16.7472046363,4618208,77981447.33619301
2025-10-02,02328.HK,16.577504530475,17.043538794384,16.54897182044,17.005495181004,21077170,353917297.01439697
2025-10-03,02328.HK,16.929407954243,16.967451567623,16.739189887342,16.900875244208,13698249,231707821.4964491
2025-10-03,02333.HK,16.224290578888,16.233834279228,15.937979568672,16.224290578888,5115803,83000274.41634697
2025-10-03,02331.HK,16.575340506623,16.689916593075,16.413024384151,16.518052463398,4878270,80719253.06193218
2025-10-06,02328.HK,16.739189887342,17.09109331111,16.739189887342,16.948429760933,8514035,143408786.37605053
2025-10-06,02331.HK,16.479860434581,16.527600470602,16.307996304904,16.365284348129,4380392,71937304.7225123
2025-10-06,02333.HK,16.224290578888,16.348358683314,16.004785471056,16.195659477866,4419724,71643615.6723185
2025-10-08,02333.HK,16.195659477866,16.539232690125,15.995241770715,16.376989784336,7824074,127425409.10175692
2025-10-08,02331.HK,16.365284348129,16.61353253544,16.365284348129,16.556244492215,5598148,92149795.41725703
2025-10-08,02328.HK,16.948429760933,16.986473374314,16.758211694032,16.986473374314,13263740,225051866.05555052
2025-10-09,02331.HK,16.556244492215,16.661272571462,16.136132175227,16.155228189635,23222648,379823507.82610923
2025-10-09,02333.HK,16.539232690125,16.596494892168,15.651668558456,15.957066969353,28618522,464998033.3616818
2025-10-09,02328.HK,17.072071504419,17.547616671673,16.910386147553,17.490551251603,23844952,412072040.3057262
2025-10-10,02328.HK,17.462018541568,17.72832383523,17.271800474666,17.462018541568,33363984,582602507.2285781
2025-10-10,02331.HK,16.155228189635,16.470312427376,15.96426804555,16.155228189635,24063127,388745307.6411671
2025-10-10,02333.HK,15.947523269012,16.367446083995,15.747105561862,15.890261066969,17162706,273211266.1249235
2025-10-13,02328.HK,16.415819173609,17.20522415125,16.415819173609,17.034027891039,38755947,648190249.9978017
2025-10-13,02333.HK,15.460794551646,15.680299659478,15.031328036322,15.250833144154,29893641,459041186.4319512
2025-10-13,02331.HK,15.754211887056,16.212516232861,15.725567865443,16.155228189635,23237736,370751572.2049826
2025-10-14,02328.HK,17.034027891039,17.452507638223,16.929407954243,17.18620234456,32936079,563540103.2189387
2025-10-14,02333.HK,15.460794551646,15.460794551646,14.582774120318,14.63049262202,30656021,461239565.75646776
2025-10-14,02331.HK,16.155228189635,16.260256268882,15.687375836626,15.859239966303,14975218,239711819.89461482
2025-10-15,02333.HK,14.640036322361,15.069502837684,14.640036322361,15.012240635641,16871306,250136319.07760042
2025-10-15,02328.HK,17.462018541568,17.880498288751,17.347887701427,17.775878351955,28118082,495411037.1798125
2025-10-15,02331.HK,16.136132175227,16.136132175227,15.754211887056,16.059748117592,11378882,183176561.3690564
2025-10-16,02331.HK,16.059748117592,16.565792499419,16.040652103184,16.250708261678,15476271,250022689.52963066
2025-10-16,02328.HK,17.76636744861,18.070716355653,17.604682091744,17.861476482061,20894725,372217000.63714486
2025-10-16,02333.HK,14.897716231555,15.059959137344,14.410987514188,14.725929625426,31919817,472790677.31382084
2025-10-17,02331.HK,16.365284348129,16.403476376946,15.773307901464,15.906980002324,17838068,287837422.9986782
2025-10-17,02328.HK,18.023161838927,18.403597972731,17.623703898434,17.74734564192,39206480,701217843.0688392
2025-10-17,02333.HK,14.640036322361,14.640036322361,14.038783200908,14.191482406356,25482901,367355368.7217706
2025-10-20,02328.HK,18.394087069386,18.394087069386,17.72832383523,17.832943772026,11677654,211523365.80666912
2025-10-20,02331.HK,16.174324204044,16.288900290495,15.945172031141,16.107488153614,8403935,135647126.3679773
2025-10-20,02333.HK,14.506424517594,14.582774120318,14.277375709421,14.449162315551,21323904,308723076.94682395
2025-10-21,02331.HK,16.327092319312,16.737656629096,16.193420218452,16.642176557053,17454753,287735222.4137693
2025-10-21,02328.HK,18.070716355653,18.451152489456,18.004140032237,18.108759969033,14227917,257379293.12554872
2025-10-21,02333.HK,14.477793416572,15.040871736663,14.430074914869,14.954978433598,22080866,324950545.6160879
2025-10-22,02331.HK,16.861780722752,16.861780722752,16.508504456193,16.61353253544,9477683,158634203.69342047
2025-10-22,02328.HK,18.375065262695,18.375065262695,18.013650935582,18.118270872378,14206961,259229701.61543643
2025-10-22,02333.HK,14.888172531215,14.99315323496,14.487337116913,14.525511918275,11958679,175874405.2693713
2025-10-23,02328.HK,18.108759969033,18.432130682766,18.051694548963,18.28946713259,12593245,229185895.72818917
2025-10-23,02333.HK,14.487337116913,14.80227922815,14.315550510783,14.754560726447,10216530,149375363.28681138
2025-10-23,02331.HK,16.861780722752,17.816581443179,16.852232715547,17.702005356728,51622818,892140019.0859647
2025-10-24,02333.HK,14.80227922815,14.935891032917,14.687754824064,14.764104426788,14059913,207850390.95652515
2025-10-24,02328.HK,18.28946713259,18.413108876076,18.080227258998,18.32751074597,12416300,227323691.21678227
2025-10-24,02331.HK,17.768841407158,17.978897565652,17.21505698931,17.339181082965,22725613,398925666.1529158
2025-10-27,02331.HK,17.339181082965,17.339181082965,16.651724564257,16.833136701139,31705503,541725262.0104313
2025-10-27,02333.HK,14.687754824064,15.145852440409,14.239200908059,14.98360953462,26887723,398897712.954184
2025-10-27,02328.HK,18.641370556358,18.774523203189,18.270445325899,18.422619779421,16779797,310963116.92216676
2025-10-28,02331.HK,16.756752643505,16.804492679526,15.916528009528,16.069296124797,45922579,753728408.9101007
2025-10-28,02328.HK,18.356043456005,18.631859653013,18.298978035935,18.403597972731,16598563,305078612.0561423
2025-10-28,02333.HK,14.945434733258,15.250833144154,14.764104426788,14.926347332577,18334451,273841362.2843653
2025-10-30,02328.HK,18.251423519209,18.726968686463,17.861476482061,18.032672742272,32438059,588492827.6458
2025-10-30,02331.HK,16.069296124797,16.107488153614,15.773307901464,15.840143951894,36119841,576281950.9845533
2025-10-30,02333.HK,14.98360953462,15.088590238365,14.678211123723,14.907259931896,16501723,246625424.0828024
2025-10-31,02328.HK,17.956585515512,17.956585515512,17.385931314807,17.462018541568,28330834,501719296.0264301
2025-10-31,02333.HK,14.888172531215,14.888172531215,14.391900113507,14.43961861521,18712463,274397603.3496027
2025-10-31,02331.HK,15.840143951894,16.145680182431,15.735115872647,16.117036160818,23958415,382821691.6850504
2025-11-03,02328.HK,17.385931314807,17.851965578716,17.309844088046,17.775878351955,13868472,243820286.41640905
2025-11-03,02333.HK,14.697298524404,14.897716231555,14.344181611805,14.449162315551,15195517,221447770.59168524
2025-11-03,02331.HK,16.193420218452,16.422572391355,16.069296124797,16.183872211248,19249375,311621321.7319783
2025-11-04,02333.HK,14.449162315551,14.640036322361,14.315550510783,14.391900113507,9592851,138334007.28182572
2025-11-04,02328.HK,17.653365921788,17.923472067039,17.643719273743,17.653365921788,21105467,372582531.9012213
2025-11-04,02331.HK,16.088392139205,16.174324204044,15.821047937485,15.887883987915,16423461,262580561.94949317
2025-11-05,02328.HK,17.556899441341,17.836652234637,17.228913407821,17.778772346369,22630165,399826041.47086114
2025-11-05,02333.HK,14.391900113507,14.601861520999,14.057870601589,14.554143019296,8509495,123158104.65418573
2025-11-05,02331.HK,15.887883987915,16.346188333721,15.792403915873,16.193420218452,19154664,307253301.3773733
2025-11-06,02333.HK,14.735473325766,14.926347332577,14.563686719637,14.821366628831,19710448,291289278.4847033
2025-11-06,02331.HK,16.231612247269,16.365284348129,16.145680182431,16.327092319312,14904723,242639236.40186244
2025-11-06,02328.HK,17.57619273743,18.367217877095,17.57619273743,18.347924581006,22814728,409799482.6301034
2025-11-07,02331.HK,16.327092319312,16.479860434581,16.126584168022,16.327092319312,9446959,154241371.72975537
2025-11-07,02328.HK,18.347924581006,18.598737430168,18.154991620112,18.598737430168,28366190,524018017.23737186
2025-11-07,02333.HK,14.821366628831,15.059959137344,14.563686719637,14.678211123723,12269207,180968212.92933992
2025-11-10,02331.HK,16.470312427376,16.861780722752,16.307996304904,16.718560614687,16841994,279483400.3205934
2025-11-10,02328.HK,18.434744413408,18.675910614525,18.299691340782,18.454037709497,28826750,531691850.03072584
2025-11-10,02333.HK,14.821366628831,15.985698070375,14.716385925085,15.880717366629,40850013,627090265.1708165
2025-11-11,02331.HK,16.718560614687,16.919068765977,16.470312427376,16.833136701139,16286192,273214692.20571345
2025-11-11,02328.HK,18.598737430168,18.598737430168,17.769125698324,17.962058659218,36885513,674281859.7226983
2025-11-11,02333.HK,15.957066969353,15.957066969353,15.336726447219,15.546687854711,16149333,254382313.70208296
2025-11-12,02331.HK,16.966808801999,17.14822093888,16.861780722752,16.995452823611,15021940,255089528.20210794
2025-11-12,02333.HK,15.642124858116,15.661212258797,15.403532349603,15.498969353008,12591261,196052822.5189257
2025-11-12,02328.HK,17.981351955307,18.560150837989,17.827005586592,18.540857541899,24103194,440150950.4098994
2025-11-13,02331.HK,16.919068765977,17.234153003718,16.871328729956,17.071836881246,14656793,249098833.9769393
2025-11-13,02328.HK,18.540857541899,18.598737430168,18.193578212291,18.550504189944,17705207,328355118.6870794
2025-11-13,02333.HK,15.72801816118,15.72801816118,15.34627014756,15.479881952327,7446325,116192083.40635501
2025-11-14,02328.HK,18.232164804469,18.37686452514,18.077818435754,18.087465083799,22018705,399855608.109478
2025-11-14,02331.HK,16.995452823611,17.138672931676,16.689916593075,16.766300650709,11708000,197641304.8386693
2025-11-14,02333.HK,15.470338251986,15.498969353008,14.792735527809,14.907259931896,22392500,340115183.66628885
2025-11-17,02333.HK,15.021784335982,15.021784335982,14.582774120318,14.916803632236,9199840,137715109.56676534
2025-11-17,02328.HK,18.087465083799,18.396157821229,18.019938547486,18.328631284916,19933401,362948325.88612
2025-11-17,02331.HK,16.766300650709,16.957260794794,16.642176557053,16.766300650709,7751260,129959955.58181463
2025-11-18,02328.HK,18.328631284916,18.405804469274,17.691952513966,17.778772346369,16499735,297881295.72712004
2025-11-18,02331.HK,16.766300650709,16.919068765977,16.307996304904,16.479860434581,11012540,183062339.39909977
2025-11-18,02333.HK,14.916803632236,14.916803632236,14.210569807037,14.363269012486,24431774,357682058.7797151
2025-11-19,02328.HK,17.769125698324,18.000645251397,17.634072625698,17.74018575419,12146231,215652149.7765903
2025-11-19,02333.HK,14.306006810443,14.458706015891,14.306006810443,14.401443813848,7736922,111053653.14949538
2025-11-19,02331.HK,16.479860434581,16.594436521032,16.365284348129,16.451216412968,8270880,136184492.43842804
2025-11-20,02328.HK,17.88488547486,17.962058659218,17.605132681564,17.749832402235,14784250,263416288.88722086
2025-11-20,02333.HK,14.363269012486,14.477793416572,14.220113507378,14.391900113507,9134026,131325231.21560867
2025-11-20,02331.HK,16.527600470602,17.176864960493,16.518052463398,17.110028910063,26720863,449413243.1627622
2025-11-21,02328.HK,17.450786312849,17.499019553073,17.064920391061,17.142093575419,29859127,516456596.93977004
2025-11-21,02333.HK,14.048326901249,14.06741430193,13.742928490352,13.857452894438,16945566,236439616.6546403
2025-11-21,02331.HK,16.976356809203,16.976356809203,16.498956448989,16.632628549849,14377014,241598426.5164428
2025-11-24,02331.HK,16.899972751569,17.01454883802,16.737656629096,16.909520758773,13522267,228590499.19080585
2025-11-24,02328.HK,17.2675,17.402553072626,16.920220670391,17.093860335196,44022117,756329912.4775786
2025-11-24,02333.HK,13.981520998865,14.201026106697,13.962433598184,14.124676503973,12266562,172383207.12640375
2025-11-25,02328.HK,17.093860335196,17.354319832402,17.093860335196,17.277146648045,23470300,403348922.5993807
2025-11-25,02333.HK,14.239200908059,14.372812712826,14.143763904654,14.210569807037,6320566,89909326.74481574
2025-11-25,02331.HK,17.024096845224,17.090932895654,16.919068765977,17.090932895654,13054750,222681592.25486353
2025-11-26,02333.HK,14.430074914869,14.468249716232,14.210569807037,14.267832009081,6840537,98154547.06791808
2025-11-26,02328.HK,17.441139664804,17.479726256983,17.10350698324,17.335026536313,18757122,326150396.06331396
2025-11-26,02331.HK,17.157768946084,17.377373111782,17.100480902858,17.28189303974,15126933,260483229.70110333
2025-11-27,02333.HK,14.401443813848,14.430074914869,14.153307604994,14.267832009081,5273400,75592279.5623169
2025-11-27,02331.HK,17.186412967697,17.195960974901,16.766300650709,16.81404068673,16300826,277117739.47093934
2025-11-27,02328.HK,17.2675,17.460432960894,17.151740223464,17.335026536313,15775044,272928189.3107525
2025-11-28,02333.HK,14.267832009081,14.391900113507,14.143763904654,14.286919409762,7835000,111863238.68331744
2025-11-28,02331.HK,16.81404068673,16.88087673716,16.498956448989,16.575340506623,9036210,150856730.11659417
2025-11-28,02328.HK,17.470079608939,17.470079608939,17.035980446927,17.035980446927,13645588,235427739.5128022
2025-12-01,02331.HK,16.594436521032,16.88087673716,16.460764420172,16.689916593075,8052013,134003021.98569004
2025-12-01,02328.HK,17.035980446927,17.199973463687,15.965202513966,16.572941340782,94199212,1582966974.2859092
2025-12-01,02333.HK,14.344181611805,14.391900113507,14.010152099886,14.124676503973,15200834,216375193.19374707
2025-12-02,02328.HK,16.65011452514,17.209620111732,16.592234636872,17.12280027933,44993042,759773087.1299703
2025-12-02,02331.HK,16.737656629096,16.7472046363,16.489408441785,16.556244492215,10054518,167377064.05722082
2025-12-02,02333.HK,14.229657207719,14.229657207719,13.914715096481,14.115132803632,16014003,226956776.1380725
2025-12-03,02328.HK,16.987747206704,16.987747206704,16.389655027933,16.437888268156,48733887,814480571.0675093
2025-12-03,02333.HK,14.115132803632,14.115132803632,13.733384790011,13.828821793417,16144287,225567611.4648642
2025-12-03,02331.HK,16.575340506623,16.575340506623,16.202968225657,16.231612247269,14948189,245202265.13962403
2025-12-04,02328.HK,16.428241620112,16.553648044693,16.331775139665,16.399301675978,62317991,1022873273.8389235
2025-12-04,02331.HK,16.193420218452,16.336640326516,15.706471851034,16.097940146409,35732856,576931264.980843
2025-12-04,02333.HK,13.752472190692,14.191482406356,13.71429738933,14.181938706016,13271345,185363602.19098562
2025-12-05,02331.HK,16.097940146409,16.279352283291,16.078844132001,16.126584168022,21403234,344854517.22022814
2025-12-05,02328.HK,16.370361731844,16.871987430168,16.370361731844,16.814107541899,40473311,671542672.6430722
2025-12-05,02333.HK,14.181938706016,14.181938706016,13.819278093076,14.048326901249,10055618,141936383.49259743
2025-12-08,02328.HK,16.949160614525,17.016687150838,16.727287709497,16.775520949721,17331314,292246522.86997926
2025-12-08,02331.HK,16.155228189635,16.393928369742,15.89743199512,16.050200110388,13313148,214377816.6807973
2025-12-08,02333.HK,14.086501702611,14.181938706016,13.742928490352,13.876540295119,15852438,221641194.7802055
2025-12-09,02328.HK,16.640467877095,16.756227653631,16.148488826816,16.370361731844,36812497,607605532.973289
2025-12-09,02331.HK,16.050200110388,16.250708261678,15.935624023937,16.193420218452,12234816,197247380.94860846
2025-12-09,02333.HK,13.943346197503,13.991064699205,13.781103291714,13.914715096481,13036951,181592090.022333
2025-12-10,02333.HK,13.981520998865,14.048326901249,13.752472190692,14.048326901249,10149404,142243125.1984043
2025-12-10,02328.HK,16.264248603352,16.360715083799,15.994142458101,16.187075418994,32423293,526089393.5072315
2025-12-10,02331.HK,16.498956448989,16.794944672322,16.269804276086,16.699464600279,19047112,316167021.97428256
2025-12-11,02328.HK,16.187075418994,16.360715083799,16.01343575419,16.148488826816,50789362,821151338.9773505
2025-12-11,02333.HK,14.038783200908,14.306006810443,13.800190692395,14.172395005675,10819586,152616634.38372526
2025-12-11,02331.HK,16.689916593075,16.775848657913,16.470312427376,16.470312427376,10852907,179942440.8288279
2025-12-12,02328.HK,16.351068435754,16.495768156425,16.196722067039,16.351068435754,42203655,690074851.1439515
2025-12-12,02333.HK,14.239200908059,14.363269012486,13.924258796822,14.296463110102,9897491,141215738.89938617
2025-12-12,02331.HK,16.346188333721,16.94771278759,16.346188333721,16.88087673716,14238253,236547679.46333328
2025-12-15,02333.HK,14.296463110102,14.573230419977,14.057870601589,14.162851305335,12002809,170795857.59971848
2025-12-15,02331.HK,16.804492679526,17.883417493609,16.709012607483,17.797485428771,50300533,870248970.8508356
2025-12-15,02328.HK,16.15813547486,16.746581005587,16.090608938547,16.351068435754,42150072,685132642.7475309
2025-12-16,02333.HK,14.220113507378,14.239200908059,13.819278093076,14.010152099886,9161400,129314377.66719422
2025-12-16,02331.HK,17.663813327911,17.854773471996,17.310537061353,17.463305176621,37959669,666706895.6779048
2025-12-16,02328.HK,16.399301675978,16.582587988827,15.627569832402,15.762622905028,87215302,1402505982.6168308
2025-12-17,02333.HK,14.105589103292,14.105589103292,13.742928490352,13.838365493757,8650990,120871435.88976246
2025-12-17,02331.HK,17.453757169417,18.418105897049,17.453757169417,18.208049738554,32121002,572746485.5072751
2025-12-17,02328.HK,15.916969273743,16.032729050279,15.637216480447,15.955555865922,68939612,1098639758.2943754
2025-12-18,02331.HK,18.236693760167,18.360817853823,18.045733616082,18.26533778178,12120789,221216711.19564214
2025-12-18,02328.HK,15.955555865922,16.023082402235,15.733682960894,15.916969273743,51060782,813718028.972977
2025-12-18,02333.HK,13.819278093076,13.819278093076,13.456617480136,13.676122587968,10707313,147200930.57617566
2025-12-19,02331.HK,18.322625825006,18.504037961887,17.93115752963,18.141213688125,12867381,234597057.86915553
2025-12-19,02333.HK,13.647491486947,13.800190692395,13.561598183882,13.800190692395,28827231,395620337.29923767
2025-12-19,02328.HK,16.119548882682,16.119548882682,15.84944273743,16.071315642458,35319549,568483408.474022
2025-12-22,02331.HK,18.188953724146,18.513585969091,18.036185608878,18.322625825006,19198486,350483524.4061405
2025-12-22,02328.HK,16.17742877095,16.196722067039,15.830149441341,16.090608938547,35055299,565582855.0248463
2025-12-22,02333.HK,13.838365493757,14.115132803632,13.838365493757,13.981520998865,8579154,119335545.24136199
2025-12-23,02328.HK,16.090608938547,16.351068435754,15.994142458101,16.032729050279,18215035,292563862.8916476
2025-12-23,02333.HK,13.991064699205,14.07695800227,13.666578887628,13.781103291714,9848182,136752682.45457235
2025-12-23,02331.HK,18.437201911457,18.714094120381,18.274885788984,18.370365861027,21844288,402017555.50082946
2025-12-24,02331.HK,18.370365861027,18.542229990704,18.083925644899,18.141213688125,10708068,195484238.2998645
2025-12-24,02333.HK,13.838365493757,13.866996594779,13.618860385925,13.723841089671,4505512,62090926.25405693
2025-12-24,02328.HK,16.042375698324,16.167782122905,15.888029329609,16.01343575419,10972881,175872302.21343663
2025-12-29,02333.HK,13.88608399546,14.43961861521,13.838365493757,13.991064699205,23295990,324712888.60971445
2025-12-29,02331.HK,18.141213688125,18.370365861027,17.902513508018,18.017089594469,15276667,276189179.2665977
2025-12-29,02328.HK,15.984495810056,16.592234636872,15.733682960894,15.801209497207,37326245,593220511.8983495
2025-12-30,02333.HK,14.105589103292,14.229657207719,13.962433598184,14.143763904654,11810000,166812429.5119211
2025-12-30,02331.HK,18.017089594469,18.284433796189,17.864321479201,17.959801551243,13701800,246474083.55015835
2025-12-30,02328.HK,15.810856145251,15.994142458101,15.646863128492,15.859089385475,32505722,514727222.5884609
2025-12-31,02333.HK,14.124676503973,14.659123723042,14.124676503973,14.601861520999,19308326,277330680.5187778
2025-12-31,02328.HK,15.859089385475,15.888029329609,15.695096368715,15.781916201117,8202861,129773385.36351882
2025-12-31,02331.HK,17.778389414362,17.883417493609,17.491949198234,17.826129450383,10150554,180702795.69030643
2026-01-02,02328.HK,15.86873603352,15.945909217877,15.695096368715,15.945909217877,12682863,201750393.55853435
2026-01-02,02331.HK,17.902513508018,18.045733616082,17.711553363932,17.721101371136,6039051,107566413.52978493
2026-01-02,02333.HK,14.573230419977,14.573230419977,14.2487446084,14.430074914869,4524333,65610305.7177599
2026-01-05,02333.HK,14.458706015891,14.458706015891,13.361180476731,13.542510783201,40579281,568134622.4161373
2026-01-05,02331.HK,17.721101371136,18.580422019521,17.654265320706,18.19850173135,23028629,413589606.83719957
2026-01-05,02328.HK,15.820502793296,16.476474860335,15.791562849162,16.351068435754,42333196,680962715.2336674
2026-01-06,02328.HK,16.351068435754,16.968453910615,16.196722067039,16.823754189944,64872937,1076074089.0915403
2026-01-06,02333.HK,13.561598183882,13.971977298524,13.561598183882,13.952889897843,17730043,243916528.40598586
2026-01-06,02331.HK,18.236693760167,18.943246293284,17.912061515222,18.780930170811,28584042,529056658.5916402
2026-01-07,02328.HK,16.823754189944,16.871987430168,16.32212849162,16.476474860335,83314310,1387192803.0829751
2026-01-07,02333.HK,14.000608399546,14.000608399546,13.666578887628,13.981520998865,13383860,187254451.1851085
2026-01-07,02331.HK,18.780930170811,19.153302451778,18.704546113177,18.819122199628,20644323,388113812.9761292
2026-01-08,02333.HK,13.88608399546,13.933802497162,13.695209988649,13.838365493757,12316953,170740370.6547799
2026-01-08,02331.HK,18.771382163607,18.895506257262,18.274885788984,18.637710062747,15295909,286103035.2334591
2026-01-08,02328.HK,16.399301675978,16.399301675978,15.772269553073,15.926615921788,28562939,461661606.2320084
2026-01-09,02328.HK,15.965202513966,16.17742877095,15.781916201117,15.984495810056,24549273,392170933.2120293
2026-01-09,02333.HK,13.933802497162,13.943346197503,13.685666288309,13.742928490352,14684710,203212384.14982834
2026-01-09,02331.HK,18.637710062747,18.895506257262,18.341721839414,18.742738141994,16188775,302571832.692853
2026-01-12,02328.HK,15.984495810056,16.129195530726,15.588983240223,15.675803072626,44526794,704865803.1638057
2026-01-12,02333.HK,13.838365493757,13.857452894438,13.303918274688,13.370724177072,32575357,443172904.8361336
2026-01-12,02331.HK,18.895506257262,18.905054264467,18.456297925866,18.714094120381,13851533,260475310.3738672
2026-01-13,02333.HK,13.504335981839,13.742928490352,13.504335981839,13.685666288309,20224288,274949218.31606346
2026-01-13,02328.HK,15.752976256983,16.235308659218,15.743329608939,15.945909217877,47696778,755967351.670911
2026-01-13,02331.HK,18.59951803393,18.723642127585,18.150761695329,18.236693760167,27627508,508846368.01555455
2026-01-14,02328.HK,15.916969273743,16.003789106145,15.772269553073,15.994142458101,31024600,495014738.5178837
2026-01-14,02333.HK,13.647491486947,13.838365493757,13.380267877412,13.504335981839,22359164,303546081.6371456
2026-01-14,02331.HK,18.188953724146,18.704546113177,18.122117673716,18.494489954683,16008653,293626260.34970844
2026-01-15,02333.HK,13.637947786606,13.685666288309,13.294374574347,13.485248581158,21008597,284910150.92110884
2026-01-15,02331.HK,18.389461875436,19.096014408552,18.379913868231,18.66635408436,10882317,201626567.9840797
2026-01-15,02328.HK,15.994142458101,16.148488826816,15.675803072626,15.752976256983,32612601,517678057.77733356
2026-01-16,02333.HK,13.552054483541,13.637947786606,13.332549375709,13.408898978434,10343100,139429918.8762768
2026-01-16,02328.HK,15.86873603352,15.994142458101,15.492516759777,15.569689944134,33411411,525201085.7662373
2026-01-16,02331.HK,18.990986329305,19.687990855217,18.933698286079,19.477934696723,26814989,515771847.07740474
2026-01-19,02333.HK,13.35163677639,13.427986379115,13.179850170261,13.179850170261,10396782,137921042.96008804
2026-01-19,02331.HK,19.420646653498,20.604599546828,19.038726365327,20.05081512898,44231178,872934626.0104909
2026-01-19,02328.HK,15.463576815642,15.675803072626,15.367110335196,15.453930167598,21634452,334441660.39428526
2026-01-20,02328.HK,15.463576815642,15.752976256983,15.424990223464,15.550396648045,26661426,413438379.2340273
2026-01-20,02333.HK,13.198937570942,13.246656072645,12.97943246311,13.055782065834,11597750,152247837.33370945
2026-01-20,02331.HK,19.955335056937,20.642791575645,19.955335056937,20.509119474785,30492942,616940132.548718
2026-01-21,02333.HK,13.055782065834,13.132131668558,12.826733257662,13.113044267877,14704704,192402422.63231274
2026-01-21,02328.HK,15.453930167598,15.569689944134,15.37675698324,15.463576815642,30657005,473919083.08636177
2026-01-21,02331.HK,20.394543388334,20.604599546828,19.592510783175,19.955335056937,31370492,632897769.4841732
2026-01-22,02328.HK,15.482870111732,15.588983240223,15.058417597765,15.183824022346,44674555,685010456.8805225
2026-01-22,02333.HK,13.170306469921,13.256199772985,12.903082860386,13.008063564132,12522962,163915366.57919222
2026-01-22,02331.HK,20.012623100163,20.700079618871,19.974431071346,20.337255345108,21704633,437889651.6246089
2026-01-23,02331.HK,20.509119474785,20.509119474785,19.78347092726,20.3181593307,13416718,273884043.2202845
2026-01-23,02328.HK,15.328523743017,15.482870111732,15.097004189944,15.270643854749,46409274,710042576.608322
2026-01-23,02333.HK,12.97943246311,13.256199772985,12.750383654938,13.237112372304,33324644,436828511.77510506
2026-01-26,02328.HK,15.357463687151,15.444283519553,15.106650837989,15.135590782123,45527226,694132091.1264738
2026-01-26,02333.HK,13.227568671964,13.237112372304,12.597684449489,12.635859250851,32985355,426557175.77548265
2026-01-26,02331.HK,20.3181593307,20.509119474785,19.096014408552,19.477934696723,33435063,665292455.4804058
2026-01-27,02333.HK,12.635859250851,12.635859250851,12.454528944381,12.540422247446,19326528,243285054.65635946
2026-01-27,02331.HK,19.458838682315,19.859854984894,19.153302451778,19.38245462468,28104679,545811040.1689714
2026-01-27,02328.HK,15.174177374302,15.309230446927,15.048770949721,15.174177374302,43870534,665699264.4213465
2026-01-28,02331.HK,19.668894840809,19.687990855217,18.943246293284,19.325166581455,24574450,479128806.3591777
2026-01-28,02328.HK,15.154884078212,15.752976256983,15.125944134078,15.752976256983,47948407,740991333.4255432
2026-01-28,02333.HK,12.530878547106,12.874451759364,12.464072644722,12.817189557321,15534368,196883109.01161572
2026-01-29,02328.HK,15.627569832402,16.032729050279,15.482870111732,15.810856145251,44667574,702139109.4001688
2026-01-29,02333.HK,12.817189557321,12.931713961407,12.626315550511,12.931713961407,20149756,259417061.5849553
2026-01-29,02331.HK,19.019630350918,20.127199186614,19.019630350918,20.031719114571,29566036,577296802.0726142
2026-01-30,02333.HK,12.931713961407,12.931713961407,12.549965947787,12.645402951192,14147683,180928471.0666947
2026-01-30,02331.HK,19.974431071346,20.05081512898,19.38245462468,19.51612672554,20915133,412975134.28302884
2026-01-30,02328.HK,15.859089385475,16.148488826816,15.473223463687,15.617923184358,44324496,697601358.8717563
2026-02-02,02331.HK,19.497030711132,19.554318754357,18.437201911457,18.675902091564,32563638,621524782.5926589
2026-02-02,02333.HK,12.502247446084,12.502247446084,11.958256526674,12.139586833144,49187212,606031563.3806274
2026-02-02,02328.HK,15.521456703911,15.521456703911,15.077710893855,15.241703910615,37294743,573652084.4932346
2026-02-03,02331.HK,18.752286149198,19.497030711132,18.752286149198,19.497030711132,26009520,497423185.9325451
2026-02-03,02328.HK,15.135590782123,15.560043296089,15.106650837989,15.203117318436,53220451,807319863.9345517
2026-02-03,02333.HK,12.206392735528,12.483160045403,12.101412031782,12.42589784336,35657004,439156841.8502859
2026-02-04,02333.HK,12.416354143019,12.597684449489,12.320917139614,12.483160045403,13747430,171152164.16966912
2026-02-04,02331.HK,19.497030711132,20.241775273065,19.096014408552,19.974431071346,18684379,368749875.8139173
2026-02-04,02328.HK,15.309230446927,15.386403631285,15.135590782123,15.280290502793,25779094,394285067.98890054
2026-02-05,02333.HK,12.416354143019,12.712208853575,12.387723041998,12.702665153235,9041816,113560775.28858908
2026-02-05,02331.HK,19.859854984894,20.528215489194,19.707086869626,20.490023460376,30066898,606597839.7631658
2026-02-05,02328.HK,15.145237430168,15.347817039106,14.913717877095,15.328523743017,44463449,677484262.8810457
2026-02-06,02328.HK,15.048770949721,15.367110335196,15.029477653631,15.270643854749,23231004,352175223.3001509
2026-02-06,02331.HK,20.260871287474,20.700079618871,20.108103172205,20.356351359517,20246283,411173892.1924944
2026-02-06,02333.HK,12.693121452894,12.740839954597,12.502247446084,12.645402951192,7414164,93931987.72494794
2026-02-09,02333.HK,12.654946651532,12.922170261067,12.569053348468,12.61677185017,10203308,128927563.78108202
2026-02-09,02331.HK,20.700079618871,20.871943748548,20.413639402742,20.623695561236,27172151,561427929.5419599
2026-02-09,02328.HK,15.569689944134,15.907322625698,15.386403631285,15.839796089385,41132911,645981796.7862401
2026-02-10,02331.HK,20.891039762956,21.120191935859,20.642791575645,20.814655705322,26796877,558791195.8314515
2026-02-10,02328.HK,15.897675977654,15.965202513966,15.608276536313,15.916969273743,36938709,587595961.4397928
2026-02-10,02333.HK,12.664490351873,12.693121452894,12.444985244041,12.511791146425,13499900,169938641.2994366
2026-02-11,02331.HK,21.005615849407,21.062903892633,20.604599546828,21.043807878224,13953779,293374182.8863596
2026-02-11,02333.HK,12.473616345062,12.664490351873,12.416354143019,12.578597048808,10396393,130226327.98126814
2026-02-11,02328.HK,16.01343575419,16.01343575419,15.724036312849,15.733682960894,38296547,607902511.993397
2026-02-12,02331.HK,21.36844012317,21.36844012317,20.451831431559,20.700079618871,15435430,324672845.840946
2026-02-12,02328.HK,15.743329608939,16.370361731844,15.68544972067,16.244955307263,44823089,716906870.87814
2026-02-12,02333.HK,12.578597048808,12.578597048808,12.301829738933,12.416354143019,9600659,119984001.5571873
2026-02-13,02328.HK,16.129195530726,16.235308659218,15.801209497207,15.984495810056,33166367,532547236.3665489
2026-02-13,02333.HK,12.397266742338,12.521334846765,12.282742338252,12.42589784336,11760498,145966388.73188606
2026-02-13,02331.HK,20.738271647688,20.929231791773,20.566407518011,20.604599546828,8936943,184739441.66086566
2026-02-16,02331.HK,20.623695561236,20.757367662096,20.394543388334,20.528215489194,1976500,40668376.09558745
2026-02-16,02333.HK,12.42589784336,12.60722814983,12.273198637911,12.60722814983,3702904,46347631.18634361
2026-02-16,02328.HK,15.984495810056,16.196722067039,15.945909217877,16.071315642458,7206745,115509029.45317401
2026-02-20,02328.HK,16.071315642458,16.100255586592,15.830149441341,15.926615921788,18880721,302072009.2208112
2026-02-20,02331.HK,20.642791575645,21.272960051127,20.528215489194,20.96742382059,12800979,266325746.73634046
2026-02-20,02333.HK,12.654946651532,12.654946651532,12.387723041998,12.530878547106,4244500,53450617.52780949
2026-02-23,02331.HK,21.483016209621,21.864936497792,21.36844012317,21.788552440158,18548572,401312903.3266843
2026-02-23,02333.HK,12.530878547106,12.750383654938,12.530878547106,12.693121452894,5026644,63396034.12799999
2026-02-23,02328.HK,16.302835195531,16.408948324022,16.187075418994,16.331775139665,17959866,293056614.2911676
2026-02-24,02328.HK,16.080962290503,16.360715083799,15.762622905028,15.926615921788,28425497,454915659.2253716
2026-02-24,02333.HK,12.664490351873,12.750383654938,12.473616345062,12.740839954597,9181277,116626687.41009797
2026-02-24,02331.HK,21.540304252847,21.884032512201,21.158383964676,21.387536137578,20070490,430791395.6388106
2026-02-25,02331.HK,21.444824180804,22.361432872415,20.948327806182,21.139287950267,31313246,666723389.4259052
2026-02-25,02328.HK,15.859089385475,16.119548882682,15.733682960894,16.003789106145,23756977,378482835.73960555
2026-02-25,02333.HK,12.740839954597,12.883995459705,12.654946651532,12.79810215664,11370330,145193099.8278307
2026-02-26,02328.HK,16.003789106145,16.129195530726,15.473223463687,15.560043296089,35681949,563129529.0105305
2026-02-26,02333.HK,12.817189557321,12.893539160045,12.378179341657,12.378179341657,10883754,137110098.51786372
2026-02-26,02331.HK,22.189568742738,22.189568742738,21.177479979084,21.272960051127,27875962,605779900.5408434
2026-02-27,02331.HK,21.349344108761,21.50211222403,21.139287950267,21.50211222403,19722038,422559025.0753224
2026-02-27,02333.HK,12.378179341657,12.387723041998,12.158674233825,12.273198637911,20538613,253152556.11953452
2026-02-27,02328.HK,15.386403631285,15.70474301676,15.338170391061,15.617923184358,30187484,467971309.838997
2026-03-02,02331.HK,21.253864036719,21.387536137578,20.585503532419,20.96742382059,17660559,372825772.6299946
2026-03-02,02333.HK,12.07278093076,12.282742338252,11.948712826334,12.025062429058,15576842,187684149.27831706
2026-03-02,02328.HK,15.174177374302,15.608276536313,15.145237430168,15.318877094972,28969173,441679285.1094108
2026-03-03,02333.HK,12.215936435868,12.349548240636,11.767382519864,11.862819523269,19586543,235809794.49007154
2026-03-03,02328.HK,15.617923184358,15.617923184358,15.193470670391,15.23205726257,24016968,370461496.5972477
2026-03-03,02331.HK,21.10109592145,21.177479979084,19.78347092726,19.859854984894,32229514,660075770.3446633
2026-03-04,02333.HK,11.738751418842,11.958256526674,11.605139614075,11.805557321226,12269405,144437329.68846703
2026-03-04,02328.HK,15.145237430168,15.145237430168,14.778664804469,14.981244413408,43336696,652791092.6022863
2026-03-04,02331.HK,19.859854984894,19.859854984894,19.153302451778,19.554318754357,26942788,530963863.6259035
2026-03-05,02333.HK,11.929625425653,12.082324631101,11.796013620885,11.929625425653,11475001,136892463.6889936
2026-03-05,02328.HK,15.164530726257,15.37675698324,14.971597765363,15.039124301676,25814299,389843090.89195794
2026-03-05,02331.HK,19.573414768766,19.726182884034,18.761834156403,19.076918394144,26127031,504909226.35383886
2026-03-06,02331.HK,18.981438322101,19.668894840809,18.895506257262,19.535222739949,16476857,317316758.21843296
2026-03-06,02328.HK,15.048770949721,15.280290502793,14.894424581006,15.222410614525,24170016,365827471.3733654
2026-03-06,02333.HK,11.929625425653,12.340004540295,11.834188422247,12.340004540295,9017382,109424262.20080005
2026-03-09,02331.HK,18.905054264467,19.38245462468,18.628162055543,19.325166581455,15017822,287067325.8423731
2026-03-09,02328.HK,14.778664804469,15.010184357542,14.624318435754,14.740078212291,46433049,685322620.4578124
2026-03-09,02333.HK,11.986887627696,12.120499432463,11.738751418842,11.967800227015,13427909,160830684.31823224
2026-03-10,02333.HK,12.110955732123,12.196849035187,11.710120317821,11.824644721907,16157000,193363748.26788133
2026-03-10,02331.HK,19.668894840809,19.840758970486,19.134206437369,19.477934696723,10912410,213593127.05682978
2026-03-10,02328.HK,15.058417597765,15.23205726257,14.807604748603,15.125944134078,21101390,318465994.40234727
2026-03-11,02331.HK,19.477934696723,19.78347092726,19.010082343714,19.076918394144,14717591,283717279.42823315
2026-03-11,02333.HK,11.88190692395,12.578597048808,11.87236322361,12.311373439274,19586691,236933153.3754181
2026-03-11,02328.HK,15.125944134078,15.222410614525,14.836544692737,15.019831005587,18810434,283527556.82175463
2026-03-12,02328.HK,14.855837988827,14.990891061453,14.662905027933,14.836544692737,26841080,398487809.4732369
2026-03-12,02333.HK,12.177761634506,12.492703745743,12.120499432463,12.24456753689,10867445,132704159.5210208
2026-03-12,02331.HK,18.828670206832,19.344262595863,18.112569666512,18.561326005113,34189953,639181106.5782889
2026-03-13,02328.HK,14.797958100559,15.299583798883,14.778664804469,15.183824022346,39344156,589803956.5007927
2026-03-13,02333.HK,12.177761634506,12.368635641317,12.044149829739,12.235023836549,10339745,126210988.25520681
2026-03-13,02331.HK,18.561326005113,18.761834156403,18.26533778178,18.370365861027,13315163,245875748.53171414
2026-03-16,02333.HK,12.301829738933,12.61677185017,12.110955732123,12.569053348468,18347937,228164698.0109995
2026-03-16,02331.HK,18.370365861027,18.885958250058,18.188953724146,18.675902091564,15396102,285184060.0587111
2026-03-16,02328.HK,15.183824022346,15.357463687151,14.769018156425,15.203117318436,36234984,550535166.6460872
2026-03-17,02331.HK,18.885958250058,19.6497988264,18.885958250058,19.344262595863,18200500,347904567.2530925
2026-03-17,02328.HK,15.203117318436,15.444283519553,15.039124301676,15.087357541899,30698164,464930982.45022047
2026-03-17,02333.HK,12.569053348468,12.96988876277,12.521334846765,12.635859250851,12733200,160469596.55482435
2026-03-18,02328.HK,15.125944134078,15.424990223464,15.087357541899,15.164530726257,29839560,451927221.01172894
2026-03-18,02331.HK,19.573414768766,19.592510783175,19.010082343714,19.325166581455,12741584,247814770.87733716
2026-03-18,02333.HK,12.635859250851,12.664490351873,12.24456753689,12.282742338252,8251735,102810848.44192842
2026-03-19,02331.HK,18.905054264467,19.306070567046,18.504037961887,18.857314228445,13350400,252071362.1638862
2026-03-19,02328.HK,14.884777932961,15.125944134078,14.836544692737,15.029477653631,26371592,394443271.6566624
2026-03-19,02333.HK,12.120499432463,12.349548240636,11.958256526674,12.025062429058,12387005,149545597.75323495
2026-03-20,02328.HK,14.865484636872,15.077710893855,14.662905027933,14.691844972067,45422484,671283665.622379
2026-03-20,02333.HK,12.025062429058,12.397266742338,11.986887627696,12.282742338252,14030014,170519420.59731302
2026-03-20,02331.HK,20.337255345108,21.36844012317,20.241775273065,20.470927445968,56402715,1150846151.8164823
2026-03-23,02328.HK,14.469972067039,14.547145251397,14.006932960894,14.074459497207,43844512,625758336.1258813
2026-03-23,02333.HK,12.025062429058,12.378179341657,11.948712826334,12.082324631101,10742831,129490792.51943748
2026-03-23,02331.HK,20.547311503602,20.661887590053,19.859854984894,20.127199186614,36555694,743442483.1956323
2026-03-24,02328.HK,14.305979050279,14.653258379888,14.045519553073,14.585731843575,36237520,523481975.675126
2026-03-24,02331.HK,20.757367662096,21.081999907042,20.413639402742,21.005615849407,26931989,562380106.2694901
2026-03-24,02333.HK,12.120499432463,12.464072644722,11.958256526674,12.387723041998,11849500,145205091.1055628
2026-03-25,02328.HK,14.691844972067,14.933011173184,14.576085195531,14.778664804469,23710035,349373409.1347554
2026-03-25,02331.HK,21.139287950267,21.483016209621,20.700079618871,20.96742382059,23553566,495881607.3689287
2026-03-25,02333.HK,12.492703745743,12.492703745743,11.977343927355,12.177761634506,20615271,254294164.7549756
2026-03-26,02333.HK,12.168217934166,12.168217934166,11.776926220204,11.853275822928,12664891,152114800.04538798
2026-03-26,02328.HK,14.788311452514,14.826898044693,14.325272346369,14.45067877095,26582935,388629088.2879895
2026-03-26,02331.HK,20.96742382059,21.10109592145,20.375447373925,20.490023460376,25865802,536165061.3974525
2026-03-27,02333.HK,11.805557321226,11.967800227015,11.70057661748,11.910538024972,14046254,166561149.56045753
2026-03-27,02328.HK,14.074459497207,14.460325418994,13.167674581006,14.277039106145,99325104,1408007773.666896
2026-03-27,02331.HK,20.490023460376,20.871943748548,20.279967301882,20.700079618871,16094906,331475418.5953955
2026-03-30,02331.HK,20.089007157797,20.83375171973,19.878950999303,20.05081512898,27825562,558456556.8548476
2026-03-30,02333.HK,11.805557321226,11.986887627696,11.242479001135,11.309284903519,35534166,410683320.3389491
2026-03-30,02328.HK,13.987639664804,14.180572625698,13.707886871508,13.97799301676,51959967,726546675.6340934
2026-03-31,02331.HK,20.012623100163,20.509119474785,20.012623100163,20.432735417151,25964020,525062048.72535557
2026-03-31,02333.HK,11.309284903519,11.986887627696,11.280653802497,11.776926220204,28983993,334565290.8032548
2026-03-31,02328.HK,13.891173184358,14.161279329609,13.524600558659,13.756120111732,46544349,643412634.0392866
2026-04-01,02328.HK,14.026226256983,14.228805865922,13.891173184358,14.103399441341,35250498,495791657.20975935
2026-04-01,02333.HK,11.948712826334,12.015518728717,11.767382519864,11.958256526674,8265354,98799782.38488105
2026-04-01,02331.HK,20.661887590053,20.986519834999,20.375447373925,20.738271647688,13558626,280664637.7224876
2026-04-02,02333.HK,12.101412031782,12.836276958002,12.015518728717,12.836276958002,42708563,532526430.64729816
2026-04-02,02328.HK,13.987639664804,14.084106145251,13.891173184358,13.997286312849,28667990,401135789.0390482
2026-04-02,02331.HK,20.738271647688,20.871943748548,19.993527085754,20.738271647688,16577853,343796018.84943944
2026-04-08,02333.HK,12.883995459705,12.960345062429,12.511791146425,12.769471055619,20205194,259166633.85731268
2026-04-08,02331.HK,21.292056065536,21.387536137578,20.680983604462,20.871943748548,28053696,591428016.4641844
2026-04-08,02328.HK,14.643611731844,14.643611731844,14.045519553073,14.219159217877,59247662,855025848.8062444
2026-04-09,02328.HK,14.103399441341,14.392798882682,14.103399441341,14.180572625698,27166010,384181334.00645113
2026-04-09,02333.HK,12.779014755959,12.864908059024,12.416354143019,12.549965947787,13787525,174611977.33870777
2026-04-09,02331.HK,20.948327806182,21.769456425749,20.776463676505,21.63578432489,24441149,520402314.8141192
2026-04-10,02333.HK,12.683577752554,13.141675368899,12.464072644722,13.122587968218,31506892,406536038.1492328
2026-04-10,02331.HK,21.712168382524,22.151376713921,21.597592296073,21.960416569835,22069396,481913785.828626
2026-04-10,02328.HK,14.180572625698,14.392798882682,14.055166201117,14.277039106145,30750381,437541201.5521211
2026-04-13,02328.HK,14.132339385475,14.170925977654,13.833293296089,14.084106145251,35895532,506422161.73721606
2026-04-13,02333.HK,13.122587968218,13.427986379115,13.008063564132,13.113044267877,22036519,289071004.12386
2026-04-13,02331.HK,21.864936497792,21.864936497792,20.96742382059,21.215672007901,13837307,298059802.82004267
2026-04-14,02331.HK,21.483016209621,21.578496281664,20.929231791773,21.043807878224,19582542,416391659.4134182
2026-04-14,02328.HK,14.170925977654,14.315625698324,14.132339385475,14.219159217877,33570192,476530305.45516664
2026-04-14,02333.HK,13.218024971623,13.256199772985,12.864908059024,13.017607264472,10388667,136276623.41762817
2026-04-15,02331.HK,21.043807878224,21.043807878224,20.012623100163,20.069911143388,36729070,755034331.9525594
2026-04-15,02328.HK,14.28668575419,14.392798882682,14.161279329609,14.209512569832,26882665,383026876.65912247
2026-04-15,02333.HK,13.074869466515,13.16076276958,12.569053348468,12.702665153235,14146157,182326525.9019594
2026-04-16,02328.HK,14.14198603352,14.28668575419,14.113046089385,14.209512569832,31485303,446327762.01530725
2026-04-16,02333.HK,12.693121452894,13.017607264472,12.597684449489,12.826733257662,14198012,181165601.70936528
2026-04-16,02331.HK,20.069911143388,20.222679258657,19.936239042528,20.108103172205,16542023,332312818.4514344
2026-04-17,02328.HK,14.113046089385,14.209512569832,13.707886871508,13.910466480447,46098695,645923679.3926758
2026-04-17,02331.HK,19.993527085754,20.069911143388,19.51612672554,20.031719114571,12352203,247199983.09569654
2026-04-17,02333.HK,12.79810215664,12.79810215664,12.24456753689,12.569053348468,19115392,242451560.70254874
2026-04-20,02328.HK,14.016579608939,14.016579608939,13.66930027933,13.862233240223,31178194,434605517.75043285
2026-04-20,02331.HK,20.413639402742,20.585503532419,20.18448722984,20.375447373925,13449378,274293923.16709805
2026-04-20,02333.HK,12.569053348468,12.731296254257,12.397266742338,12.635859250851,12574475,158469271.6786609
2026-04-21,02331.HK,20.680983604462,20.814655705322,20.356351359517,20.451831431559,13714026,282048247.4285915
2026-04-21,02333.HK,12.635859250851,12.864908059024,12.473616345062,12.807645856981,11562939,147100848.75402492
2026-04-21,02328.HK,13.862233240223,14.074459497207,13.794706703911,14.035872905028,35411672,493959292.11840636
2026-04-22,02328.HK,13.949053072626,14.064812849162,13.736826815642,13.785060055866,30379411,421273010.7254771
2026-04-22,02331.HK,20.394543388334,20.394543388334,19.38245462468,19.668894840809,33601882,673103461.9449761
2026-04-22,02333.HK,12.960345062429,12.960345062429,12.597684449489,12.693121452894,10351310,132773492.23736407
2026-04-23,02328.HK,13.920113128492,13.920113128492,13.524600558659,13.553540502793,25372680,348540111.00871617
2026-04-23,02333.HK,12.693121452894,12.693121452894,12.311373439274,12.359091940976,18910330,236872811.25425082
2026-04-23,02331.HK,19.630702811992,19.630702811992,18.714094120381,18.943246293284,31345197,604554016.886425
2026-04-24,02328.HK,13.514953910615,13.814,13.428134078212,13.707886871508,23849361,324623678.62918687
2026-04-24,02333.HK,12.454528944381,12.721752553916,12.187305334847,12.397266742338,16306609,202624257.60560662
2026-04-24,02331.HK,18.694998105973,19.191494480595,18.313077817802,19.172398466186,24772490,469034851.4549215
2026-04-27,02333.HK,12.139586833144,12.683577752554,11.776926220204,11.88190692395,39099500,469614197.5777484
2026-04-27,02328.HK,13.717533519553,13.785060055866,13.563187150838,13.601773743017,30116803,411385097.461645
2026-04-27,02331.HK,19.057822379735,19.325166581455,18.857314228445,19.306070567046,14344810,275161377.5909568
2026-04-28,02331.HK,19.267878538229,19.363358610272,19.076918394144,19.153302451778,15265648,293262112.3688692
2026-04-28,02333.HK,11.88190692395,11.88190692395,11.309284903519,11.33791600454,31086260,360908726.3545008
2026-04-28,02328.HK,13.601773743017,13.717533519553,13.514953910615,13.553540502793,20206667,274359196.1227194
2026-04-29,02328.HK,13.553540502793,14.074459497207,13.553540502793,13.949053072626,30015299,412749284.72084016
2026-04-29,02333.HK,11.452440408627,11.633770715096,11.318828603859,11.318828603859,18497703,210608085.56303468
2026-04-29,02331.HK,18.981438322101,19.535222739949,18.933698286079,19.51612672554,14123843,271866782.3075845
2026-04-30,02331.HK,19.458838682315,19.802566941669,19.191494480595,19.306070567046,28525339,552891088.821129
2026-04-30,02333.HK,11.347459704881,11.376090805902,10.984799091941,11.070692395006,25942814,290794975.075539
2026-04-30,02328.HK,13.312374301676,13.95869972067,13.312374301676,13.514953910615,42341075,567948957.9431146
2026-05-04,02331.HK,19.306070567046,19.955335056937,19.210590495003,19.420646653498,16804806,325397484.9540506
2026-05-04,02333.HK,11.127954597049,11.624227014756,11.127954597049,11.471527809308,10145731,114644134.6170654
2026-05-04,02328.HK,13.553540502793,13.727180167598,13.466720670391,13.582480446927,23862737,323769865.5748293
2026-05-05,02328.HK,13.534247206704,13.582480446927,13.370254189944,13.476367318436,10402980,140495441.34637046
2026-05-05,02331.HK,19.420646653498,19.420646653498,18.246241767372,18.618614048338,15075945,286738901.0907705
2026-05-05,02333.HK,11.461984108967,11.471527809308,11.127954597049,11.223391600454,5551406,62967865.41276701
2026-05-06,02328.HK,13.48601396648,13.582480446927,13.302727653631,13.543893854749,31055248,419710245.4027031
2026-05-06,02333.HK,11.252022701476,11.481071509648,11.166129398411,11.442896708286,11985988,136010515.8531872
2026-05-06,02331.HK,18.857314228445,19.057822379735,18.46584593307,18.580422019521,21137625,395672414.82920617
2026-05-07,02333.HK,11.490615209989,11.729207718502,11.433353007946,11.69103291714,12777484,148101569.0190104
2026-05-07,02328.HK,13.630713687151,14.547145251397,13.630713687151,14.344565642458,75811652,1060426070.5695555
2026-05-07,02331.HK,19.000534336509,19.210590495003,18.73319013479,18.962342307692,15404629,292402015.23834074
2026-05-08,02328.HK,14.180572625698,14.547145251397,14.093752793296,14.354212290503,50299076,717636657.5718238
2026-05-08,02333.HK,11.681489216799,11.681489216799,11.500158910329,11.557421112372,7025888,81636990.60739928
2026-05-08,02331.HK,18.819122199628,18.819122199628,18.379913868231,18.561326005113,16113725,301169131.3739701
2026-05-11,02331.HK,18.341721839414,18.647258069951,18.293981803393,18.589970026726,10639698,196471024.042393
2026-05-11,02333.HK,11.557421112372,11.576508513053,11.33791600454,11.366547105562,9557087,109543179.3220151
2026-05-11,02328.HK,14.354212290503,14.846191340782,14.325272346369,14.624318435754,56871676,824028805.2098664
2026-05-12,02331.HK,18.905054264467,18.905054264467,18.456297925866,18.5326819835,10886809,203788741.9619967
2026-05-12,02333.HK,11.366547105562,11.586052213394,11.213847900114,11.318828603859,20605549,233722310.38194212
2026-05-12,02328.HK,14.633965083799,14.981244413408,14.633965083799,14.797958100559,57226872,842148450.3925438
2026-05-13,02333.HK,11.318828603859,11.357003405221,11.051604994325,11.175673098751,21279817,239339439.86886463
2026-05-13,02328.HK,14.797958100559,14.865484636872,14.479618715084,14.624318435754,48418426,712290159.6125036
2026-05-13,02331.HK,18.5326819835,18.752286149198,18.427653904253,18.675902091564,12372108,230174310.35188597
2026-05-14,02328.HK,14.90407122905,14.913717877095,14.508558659218,14.826898044693,61246322,910456258.755885
2026-05-14,02331.HK,18.714094120381,18.714094120381,18.007541587265,18.284433796189,19844525,367109106.1017856
2026-05-14,02333.HK,11.252022701476,11.309284903519,10.870274687855,10.917993189557,15473933,171528670.25338995
2026-05-15,02331.HK,18.26533778178,18.26533778178,17.587429270277,17.873869486405,19786716,357538115.34035623
2026-05-15,02328.HK,14.576085195531,15.097004189944,14.576085195531,14.788311452514,92063973,1351701510.0834527
2026-05-15,02333.HK,10.937080590238,10.984799091941,10.755750283768,10.96571169126,13596042,148895641.88826132
2026-05-18,02333.HK,10.860730987514,10.860730987514,10.374002270148,10.536245175936,28122298,300866069.9837188
2026-05-18,02328.HK,14.788311452514,15.029477653631,14.576085195531,14.884777932961,77329086,1147296440.487542
2026-05-18,02331.HK,17.692457349524,17.816581443179,17.234153003718,17.654265320706,25605437,452534140.2445229
2026-05-19,02328.HK,14.92336452514,15.270643854749,14.769018156425,15.06806424581,99654591,1494391783.8373275
2026-05-19,02333.HK,10.555332576617,10.641225879682,10.402633371169,10.469439273553,14119369,148428255.94668147
2026-05-19,02331.HK,17.625621299094,17.892965500813,17.425113147804,17.673361335115,13275840,234311822.8072686
2026-05-20,02333.HK,10.469439273553,10.498070374574,10.297652667423,10.354914869467,19885253,207048775.34777546
2026-05-20,02331.HK,17.692457349524,17.692457349524,17.386921118987,17.596977277481,12042270,212482449.9628717
2026-05-20,02328.HK,15.06806424581,15.280290502793,14.556791899441,14.605025139665,53263724,790249621.6276351
2026-05-21,02328.HK,14.691844972067,14.730431564246,14.28668575419,14.354212290503,27127088,393967475.7073878
2026-05-21,02331.HK,17.854773471996,17.854773471996,17.386921118987,17.472853183825,12859583,227149273.58677128
2026-05-21,02333.HK,10.354914869467,10.526701475596,10.173584562997,10.288108967083,19609245,202397055.97587445
2026-05-22,02331.HK,17.768841407158,17.768841407158,17.234153003718,17.472853183825,11800136,207928394.5220319
2026-05-22,02328.HK,14.421738826816,14.441032122905,14.219159217877,14.257745810056,26436105,379086933.6031175
2026-05-22,02333.HK,10.42172077185,10.498070374574,10.288108967083,10.440808172531,9123605,95170736.6947996
2026-05-26,02331.HK,17.635169306298,17.635169306298,17.110028910063,17.272345032535,11878337,207321609.57449526
2026-05-26,02333.HK,10.431264472191,10.469439273553,10.269021566402,10.345371169126,12100973,125708753.46320735
2026-05-26,02328.HK,14.325272346369,14.460325418994,13.833293296089,14.180572625698,39829192,567682386.2573456
2026-05-27,02333.HK,10.42172077185,10.42172077185,10.23084676504,10.307196367764,12597924,130570661.36357726
2026-05-27,02331.HK,17.043192859633,17.320085068557,16.785396665117,17.005000830816,21094071,359107507.56404155
2026-05-27,02328.HK,14.267392458101,14.556791899441,14.103399441341,14.354212290503,35008575,501000798.2309296
2026-05-28,02333.HK,10.297652667423,10.345371169126,9.8490987514188,9.9349920544835,19880640,201118962.98206162
2026-05-28,02331.HK,17.090932895654,17.262797025331,16.766300650709,16.976356809203,12411783,211417903.6074096
2026-05-28,02328.HK,14.209512569832,14.392798882682,13.833293296089,13.949053072626,33711774,474637600.55135447
2026-05-29,02333.HK,10.039972758229,10.039972758229,9.8395550510783,9.9349920544835,23894602,238646917.08188486
2026-05-29,02331.HK,17.08138488845,17.48240119103,16.938164780386,17.377373111782,18703746,322253928.5559036
2026-05-29,02328.HK,14.093752793296,14.219159217877,13.823646648045,14.035872905028,62305387,876313607.649611
2026-06-01,02333.HK,9.9540794551646,10.316740068104,9.8968172531215,10.164040862656,16001804,160963109.08709145
2026-06-01,02331.HK,17.444209162212,18.150761695329,17.300989054148,18.045733616082,26005123,461460163.6062486
2026-06-01,02328.HK,13.794706703911,13.968346368715,13.659653631285,13.910466480447,49621647,687388161.9140394
2026-06-02,02333.HK,9.7822928490352,10.135409761635,9.4959818388195,10.125866061294,27691735,275645730.44136244
2026-06-02,02328.HK,13.688593575419,14.016579608939,13.688593575419,13.833293296089,46959362,646205124.2610959
2026-06-02,02331.HK,18.847766221241,19.191494480595,17.406017133395,17.539689234255,45160192,821632237.3808233
2026-06-03,02328.HK,14.006932960894,14.006932960894,13.48601396648,13.621067039106,56865358,785538055.4120001
2026-06-03,02333.HK,10.173584562997,10.307196367764,9.9445357548241,9.9922542565267,11012194,111035064.62666298
2026-06-03,02331.HK,17.472853183825,17.472853183825,16.317544312108,17.176864960493,49580785,858980112.8120149
2026-06-04,02333.HK,9.9922542565267,9.9922542565267,9.7441180476731,9.8872735527809,8161902,81127378.89292166
2026-06-04,02331.HK,16.995452823611,17.444209162212,16.871328729956,17.062288874041,18666306,317866114.09866583
2026-06-04,02328.HK,13.582480446927,13.891173184358,13.514953910615,13.765766759777,40080723,548068760.4137135
2026-06-05,02328.HK,13.65000698324,13.949053072626,13.611420391061,13.765766759777,35131169,481574090.3158464
2026-06-05,02333.HK,9.906360953462,9.9827105561862,9.7632054483541,9.8968172531215,13729825,135947085.61010265
2026-06-05,02331.HK,17.205508982106,17.34872909017,16.871328729956,16.976356809203,18271393,312275151.67313135
2026-06-08,02328.HK,13.50530726257,14.257745810056,13.50530726257,14.180572625698,56508337,782241515.4338852
2026-06-08,02333.HK,9.8872735527809,9.8872735527809,9.5150692395006,9.7345743473326,10179486,99870162.99666739
2026-06-08,02331.HK,16.651724564257,17.377373111782,16.479860434581,17.205508982106,19842427,335904842.5328295
2026-06-09,02331.HK,17.291441046944,17.558785248664,17.14822093888,17.186412967697,13728068,236657162.2035323
2026-06-09,02328.HK,14.305979050279,14.527851955307,14.151632681564,14.305979050279,48467883,693380518.8093736
2026-06-09,02333.HK,9.7727491486947,9.8395550510783,9.6773121452894,9.7441180476731,12059190,117678804.8628833
2026-06-10,02333.HK,9.7441180476731,9.8968172531215,9.5246129398411,9.8777298524404,16284858,159769503.37547326
2026-06-10,02328.HK,14.305979050279,14.769018156425,14.132339385475,14.691844972067,60428723,876150737.7245462
2026-06-10,02331.HK,17.186412967697,17.377373111782,16.489408441785,16.928616773181,23051836,393207035.3609211
2026-06-11,02331.HK,16.871328729956,16.985904816407,16.54669648501,16.785396665117,12987482,218558057.62372673
2026-06-11,02328.HK,14.614671787709,14.894424581006,14.518205307263,14.556791899441,33571553,489665669.63036585
2026-06-11,02333.HK,9.8872735527809,9.8968172531215,9.6582247446084,9.7822928490352,12079344,118797729.44918944
2026-06-12,02328.HK,14.682198324022,15.135590782123,14.662905027933,15.000537709497,41654250,618206053.7121044
2026-06-12,02331.HK,16.899972751569,17.167316953288,16.556244492215,17.129124924471,18558785,315769353.756813
2026-06-12,02333.HK,9.8109239500568,10.192671963678,9.7822928490352,10.135409761635,18701500,186513179.9546021
2026-06-15,02328.HK,15.000537709497,15.193470670391,14.788311452514,14.913717877095,23360761,349409887.6256452
2026-06-15,02333.HK,10.173584562997,10.383545970488,10.04951645857,10.116322360953,10942788,111014075.00425848
2026-06-15,02331.HK,17.389876132931,17.389876132931,16.701648036254,16.730728096677,14628051,249558969.41076082
2026-06-16,02331.HK,16.721034743202,16.721034743202,15.800166163142,16.139433534743,40744676,669444566.5965736
2026-06-16,02328.HK,14.913717877095,15.145237430168,14.807604748603,14.90407122905,27968719,416982682.35551536
2026-06-16,02333.HK,10.116322360953,10.125866061294,9.8204676503973,9.925448354143,11670508,116948822.73234679
2026-06-17,02331.HK,16.013419939577,16.226673716012,15.819552870091,16.061886706949,20749776,332777714.0233629
2026-06-17,02328.HK,14.90407122905,15.145237430168,14.778664804469,15.000537709497,27345362,408876178.44650173
2026-06-17,02333.HK,9.9159046538025,9.9159046538025,9.6391373439274,9.7441180476731,10152191,99796152.76485813
2026-06-18,02331.HK,15.838939577039,15.926179758308,15.480285498489,15.761392749245,24555464,387980411.4130515
2026-06-18,02333.HK,9.5723314415437,9.8204676503973,9.286020431328,9.6391373439274,36834160,353819157.539524
2026-06-18,02328.HK,14.566438547486,14.913717877095,14.334918994413,14.518205307263,46813831,680781801.0557041
2026-06-22,02333.HK,9.6391373439274,9.6391373439274,9.0760590238365,9.3146515323496,33991616,322134956.61373967
2026-06-22,02328.HK,14.547145251397,15.029477653631,14.209512569832,14.846191340782,40334715,592785927.1723056
2026-06-22,02331.HK,15.625685800604,15.625685800604,15.170098187311,15.276725075529,30145770,465788485.35870194
2026-06-23,02328.HK,14.836544692737,14.913717877095,14.12269273743,14.325272346369,49259355,718246148.9871856
2026-06-23,02333.HK,9.3146515323496,9.5437003405221,9.2287582292849,9.266933030647,24868603,231049024.80404547
2026-06-23,02331.HK,15.12163141994,15.247645015106,14.714510574018,14.888990936556,21099623,316606408.85871863
2026-06-24,02328.HK,14.334918994413,14.43138547486,13.987639664804,14.064812849162,56974158,809025404.6067365
2026-06-24,02333.HK,9.4196322360953,9.4196322360953,9.0092531214529,9.1619523269012,16744048,155565471.91943622
2026-06-24,02331.HK,14.908377643505,15.024697885196,14.239536253776,14.452790030211,26822861,393775259.6548888
2026-06-25,02331.HK,14.452790030211,14.733897280967,14.297696374622,14.627270392749,28072514,408175201.6721953
2026-06-25,02333.HK,9.0187968217934,9.0951464245176,8.847010215664,8.8947287173666,22007036,197111800.71360675
2026-06-25,02328.HK,14.103399441341,14.103399441341,13.563187150838,13.833293296089,42937790,599769923.0271473
2026-06-26,02333.HK,8.8756413166856,8.8756413166856,8.5702429057889,8.6752236095346,19968724,175234188.83648577
2026-06-26,02331.HK,14.549723564955,14.549723564955,14.210456193353,14.462483383686,21357957,309820734.24208784
2026-06-26,02328.HK,13.871879888268,13.95869972067,13.534247206704,13.852586592179,38244696,530156896.15344274
2026-06-29,02331.HK,14.443096676737,14.918070996979,14.317083081571,14.666043806647,20305425,295536734.4499088
2026-06-29,02328.HK,13.823646648045,14.199865921788,13.746473463687,13.987639664804,44522404,619112662.4901668
2026-06-29,02333.HK,8.6943110102157,8.8374665153235,8.5893303064699,8.7133984108967,15817844,137676216.01024312
2026-06-30,02331.HK,14.54003021148,14.695123867069,14.132909365559,14.268616314199,21178114,305056400.1532669
2026-06-30,02333.HK,8.6752236095346,8.7133984108967,8.2934755959137,8.408,30448702,260080992.44304168
2026-06-30,02328.HK,13.987639664804,14.228805865922,13.814,13.814,45649782,634569394.9704279
2026-07-02,02331.HK,14.462483383686,14.859910876133,14.297696374622,14.83083081571,21216511,310750961.4689707
2026-07-02,02328.HK,13.92,14.36,13.83,14.07,44771389,626575589.0550001
2026-07-02,02333.HK,8.68,8.69,8.23,8.38,41925107,357621162.71000004
2026-07-03,02331.HK,14.83083081571,15.024697885196,14.724203927492,14.801750755287,15810036,234246090.70519954
2026-07-03,02328.HK,14.54,14.54,14.07,14.21,26426453,379880261.875
2026-07-03,02333.HK,8.46,8.87,8.46,8.85,28979600,250818438.00000003
2026-07-06,02331.HK,14.811444108761,15.092551359517,14.636963746224,14.733897280967,16943121,250295147.07623485
2026-07-06,02333.HK,9.0,9.13,8.8,8.87,18442245,164781459.075
2026-07-06,02328.HK,14.22,14.88,14.17,14.85,27300762,396816575.67
2026-07-07,02331.HK,14.54003021148,14.549723564955,14.065055891239,14.365549848943,26716384,386126288.318502
2026-07-07,02328.HK,14.71,14.92,14.53,14.66,29361031,431166740.235
2026-07-07,02333.HK,8.92,9.04,8.58,8.63,19123611,167809686.525
2026-07-08,02333.HK,8.8,8.88,8.45,8.76,21934153,192581863.34000003
2026-07-08,02331.HK,14.268616314199,14.443096676737,14.142602719033,14.414016616314,23365390,335090452.3241396
2026-07-08,02328.HK,14.6,14.93,14.54,14.88,32432917,478061196.58
2026-07-09,02331.HK,14.33646978852,14.384936555891,13.774255287009,13.90996223565,27628812,390207680.03328615
2026-07-09,02328.HK,14.1,14.86,14.1,14.28,36061065,511706512.34999996
2026-07-09,02333.HK,8.76,8.76,8.4,8.49,14622145,126116000.625
2026-07-10,02333.HK,8.56,8.84,8.43,8.64,16771108,144231528.8
2026-07-10,02331.HK,13.958429003021,14.326776435045,13.813028700906,14.220149546828,25672824,361711843.8402243
2026-07-10,02328.HK,14.51,14.64,14.1,14.18,31207237,447667814.765
2026-07-13,02328.HK,14.0,14.26,13.79,13.96,19108178,267132328.44
2026-07-13,02331.HK,14.103829305136,14.297696374622,14.016589123867,14.268616314199,19584150,277825115.4379498
2026-07-13,02333.HK,8.65,8.67,8.37,8.52,9901077,85000746.045
2026-07-14,02333.HK,8.55,8.7,8.41,8.7,12501572,107826058.5
2026-07-14,02331.HK,14.268616314199,14.510950151057,14.152296072508,14.443096676737,15978275,229381822.94512397
2026-07-14,02328.HK,13.96,14.3,13.75,14.26,27961109,394531247.99
2026-07-15,02328.HK,14.43,14.49,14.09,14.27,37231227,534268107.45
2026-07-15,02331.HK,14.54003021148,14.724203927492,14.307389728097,14.656350453172,19342213,282361306.82239026
2026-07-15,02333.HK,8.61,8.97,8.5,8.79,17772589,154621524.29999998
2026-07-16,02328.HK,14.25,14.56,14.23,14.27,16466151,234807313.26
2026-07-16,02331.HK,14.443096676737,14.695123867069,14.142602719033,14.549723564955,21445708,310885778.49990803
2026-07-16,02333.HK,8.78,8.94,8.66,8.81,15390812,135362191.54
2026-07-17,02331.HK,14.636963746224,15.063471299094,14.065055891239,14.346163141994,20090436,291141827.91381145
2026-07-17,02333.HK,8.88,9.06,8.51,8.66,22916646,200978985.42
2026-07-17,02328.HK,14.29,14.53,14.01,14.18,15937800,226874583.0
2026-07-20,02328.HK,14.22,14.61,14.09,14.61,17874171,257656174.96499997
2026-07-20,02331.HK,14.346163141994,14.588496978852,14.33646978852,14.530336858006,19290386,278519415.6645
2026-07-20,02333.HK,8.66,9.14,8.66,9.11,15953234,141744484.09
2026-07-21,02333.HK,9.18,9.41,9.06,9.09,15274600,139533471.0
2026-07-21,02328.HK,14.61,15.09,14.61,14.73,33614327,493122177.09
2026-07-21,02331.HK,14.346163141994,14.646657099698,14.346163141994,14.394629909366,41287345,593315519.1425515
2026-07-22,02333.HK,8.97,9.03,8.83,8.87,9669827,86254856.84
2026-07-22,02331.HK,14.249229607251,14.394629909366,14.016589123867,14.394629909366,20677253,296138165.0607737
2026-07-22,02328.HK,14.5,15.09,14.5,14.89,26676377,392009360.015
2026-07-23,02328.HK,14.9,15.18,14.9,15.04,15224749,227914492.52999997
2026-07-23,02333.HK,8.84,9.01,8.74,8.94,13485733,119888166.37
2026-07-23,02331.HK,14.307389728097,14.491563444109,14.171682779456,14.346163141994,11492999,164657627.2412015
2026-07-24,02331.HK,14.065055891239,14.103829305136,13.774255287009,13.97781570997,18197651,255157195.21830627
2026-07-24,02328.HK,15.04,15.13,14.97,15.05,11673383,175626047.23499998
2026-07-24,02333.HK,8.85,8.94,8.73,8.85,8177108,72367405.8
2026-07-27,02331.HK,13.997202416918,14.239536253776,13.880882175227,14.161989425982,17075270,240412901.84965754
2026-07-27,02328.HK,15.02,15.09,14.94,15.03,10815212,162498560.29999998
2026-07-27,02333.HK,8.9,8.94,8.78,8.89,6048649,53802732.855
2026-07-28,02331.HK,14.278309667674,14.414016616314,14.026282477341,14.161989425982,20780201,295497565.8331448
2026-07-28,02328.HK,14.48,16.34,14.48,16.22,71257225,1093798403.75
2026-07-28,02333.HK,8.89,9.07,8.81,8.96,13727700,122519722.50000001
2026-07-29,02331.HK,14.210456193353,14.947151057402,14.161989425982,14.801750755287,34118115,494920906.5387493
2026-07-29,02333.HK,8.96,9.34,8.96,9.24,22268059,202639336.90000004
2026-07-29,02328.HK,16.45,16.73,16.19,16.69,56548043,937001072.51
2026-07-30,02331.HK,14.801750755287,15.024697885196,14.588496978852,14.792057401813,20457343,302705342.0729963
2026-07-30,02328.HK,16.78,16.88,16.58,16.8,43793087,735285930.73
2026-07-30,02333.HK,9.24,9.54,9.22,9.35,18113915,168368839.925
2026-07-31,02333.HK,9.3,9.3,8.99,9.08,21422609,196873776.71000004
2026-07-31,02331.HK,14.792057401813,14.792057401813,14.414016616314,14.685430513595,22150492,326470430.12517077
2026-07-31,02328.HK,16.47,16.61,16.18,16.4,47511376,780849464.56
2026-08-03,02333.HK,9.095,9.15,8.88,8.96,13776049,124363282.3475
2026-08-03,02331.HK,14.54003021148,14.675737160121,14.355856495468,14.433403323263,16072796,232842043.3117416
2026-08-03,02328.HK,16.66,16.66,16.12,16.16,42541390,698104209.9
2026-08-04,02331.HK,14.549723564955,14.559416918429,14.035975830816,14.181376132931,29541111,424374302.66365844
2026-08-04,02328.HK,16.32,16.5,15.91,16.15,36785274,597208923.39
2026-08-04,02333.HK,9.035,9.035,8.665,8.81,16632870,148406782.575
2026-08-05,02328.HK,15.98,16.2,15.92,16.0,32117156,513553324.44
2026-08-05,02331.HK,14.181376132931,14.384936555891,14.006895770393,14.384936555891,20362495,290840699.6472873
2026-08-05,02333.HK,8.8,9.0,8.665,9.0,12277759,109272055.10000001
2026-08-06,02328.HK,15.92,16.31,15.91,16.24,40520022,651561953.76
2026-08-06,02331.HK,14.161989425982,14.423709969789,14.11352265861,14.258922960725,16711681,237480610.76779804
2026-08-06,02333.HK,8.905,8.905,8.745,8.825,11813173,104723778.64499998
2026-08-07,02333.HK,8.9,8.9,8.61,8.615,14237681,124686491.3575
2026-08-07,02328.HK,16.21,16.25,15.85,15.95,15948442,256450947.35999998
2026-08-07,02331.HK,14.258922960725,14.258922960725,14.006895770393,14.084442598187,14431577,204519731.25129327
2026-08-10,02328.HK,15.95,15.97,15.7,15.82,18327693,291135403.305
2026-08-10,02331.HK,14.152296072508,14.520643504532,14.152296072508,14.433403323263,14270964,203972743.49593484
2026-08-10,02333.HK,8.7,8.94,8.66,8.94,18189748,160433577.36
2026-08-11,02333.HK,8.965,9.0,8.755,8.765,14200693,125889143.44500001
2026-08-11,02328.HK,15.71,15.86,15.58,15.61,18351807,287389297.62
2026-08-11,02331.HK,14.423709969789,14.578803625378,14.278309667674,14.297696374622,19139907,274862523.17061824
2026-08-12,02333.HK,8.775,8.775,8.565,8.625,13420216,116755879.19999999
2026-08-12,02331.HK,14.191069486405,14.220149546828,13.948735649547,14.142602719033,18578449,263197842.0257237
2026-08-12,02328.HK,15.66,15.66,15.3,15.52,15309893,238681231.87
2026-08-13,02331.HK,14.055362537764,14.220149546828,13.97781570997,14.074749244713,17956957,252565603.84156644
2026-08-13,02328.HK,15.44,15.51,15.21,15.34,20332772,312921361.08
2026-08-13,02333.HK,8.625,8.625,8.325,8.375,17419100,148062350.0
2026-08-14,02328.HK,15.3,15.41,15.18,15.31,15464856,236689621.07999998
2026-08-14,02333.HK,8.405,8.415,8.3,8.4,8004581,67258491.85249999
2026-08-14,02331.HK,14.016589123867,14.152296072508,13.939042296073,13.987509063444,15674786,219479123.10454392
2026-08-17,02328.HK,15.33,15.66,15.28,15.44,14553332,223903012.82
2026-08-17,02331.HK,14.04566918429,14.33646978852,13.968122356495,14.006895770393,14343079,201180077.64882484
2026-08-17,02333.HK,8.425,8.59,8.405,8.535,9383500,79572080.0
2026-08-18,02333.HK,8.555,8.555,8.245,8.335,10686172,90244722.54
2026-08-18,02328.HK,15.21,15.48,15.01,15.25,15286784,232817720.32
2026-08-18,02331.HK,14.006895770393,14.006895770393,13.502841389728,13.813028700906,26047496,362319685.6932314
2026-08-19,02328.HK,15.25,15.81,15.22,15.74,25547473,395858094.13500005
2026-08-19,02333.HK,8.33,8.39,8.235,8.315,11791483,98134617.2675
2026-08-19,02331.HK,13.68701510574,14.026282477341,13.648241691843,13.774255287009,22454860,308319491.0456619
2026-08-20,02328.HK,15.75,15.85,15.44,15.53,17255550,269876802.0
2026-08-20,02331.HK,13.948735649547,14.11352265861,13.851802114804,14.016589123867,23811214,332944166.37963116
2026-08-20,02333.HK,8.43,8.575,8.4,8.445,12849340,108416306.25
2026-08-21,02331.HK,14.268616314199,14.268616314199,13.638548338369,13.813028700906,52930699,743190549.8596867
2026-08-21,02333.HK,8.515,8.54,8.375,8.425,8389672,71060521.84
2026-08-21,02328.HK,15.46,16.13,15.46,16.09,25070998,395494993.45
2026-08-24,02333.HK,8.425,8.49,8.275,8.395,12347674,103843938.34
2026-08-24,02328.HK,16.45,16.45,15.95,16.25,18581026,303799775.1
2026-08-24,02331.HK,13.716095166163,13.716095166163,13.066640483384,13.241120845921,39183667,528141287.7322837
2026-08-25,02328.HK,16.45,16.54,16.0,16.16,11597615,189099112.575
2026-08-25,02333.HK,8.37,8.415,8.24,8.36,12512654,104668350.70999998
2026-08-25,02331.HK,13.289587613293,13.434987915408,12.843693353474,13.153880664653,32965054,435855179.8648884
2026-08-26,02333.HK,8.265,8.39,8.2,8.22,15739725,129734683.3125
2026-08-26,02328.HK,16.12,16.37,16.08,16.27,11885695,192488830.525
2026-08-26,02331.HK,13.270200906344,13.270200906344,12.950320241692,13.153880664653,37456420,494875748.71876174
2026-08-27,02333.HK,8.23,8.23,7.87,7.885,37637950,303267782.12500006
2026-08-27,02331.HK,13.115107250755,13.279894259819,12.930933534743,13.26050755287,61846679,815622091.0937216
2026-08-27,02328.HK,16.38,16.47,16.0,16.12,12252992,199111120.0
2026-08-28,02328.HK,16.16,16.29,15.92,15.98,21610615,347282583.05
2026-08-28,02333.HK,7.885,8.01,7.78,7.97,28580925,226575282.9375
2026-08-28,02331.HK,13.308974320242,13.667628398792,13.115107250755,13.231427492447,33304075,441951766.2499652
2026-08-31,02328.HK,16.33,17.06,16.3,17.04,56790981,947557517.9849999
2026-08-31,02333.HK,7.97,8.02,7.815,7.89,17379420,137818800.6
2026-08-31,02331.HK,13.231427492447,13.270200906344,12.950320241692,13.212040785498,32017651,423328869.276407
2026-09-01,02328.HK,16.98,17.45,16.96,17.35,37438538,642632504.77
2026-09-01,02333.HK,7.91,8.05,7.86,7.97,14083005,111819059.69999999
2026-09-01,02331.HK,13.182960725076,13.19265407855,12.940626888218,12.979400302115,41514712,543061441.6419293
2026-09-02,02333.HK,7.97,7.97,7.68,7.765,17301258,136117647.315
2026-09-02,02331.HK,12.872773413897,13.047253776435,12.659519637462,12.834,57097258,733893136.9804089
2026-09-02,02328.HK,17.26,17.55,17.17,17.25,28859650,497973260.75000006
2026-09-03,02328.HK,17.42,17.65,17.18,17.45,41524580,723981052.3000001
2026-09-03,02333.HK,7.765,7.9,7.71,7.77,16754651,130141751.6425
2026-09-03,02331.HK,13.04,13.39,13.04,13.24,35482466,466239603.24
2026-09-04,02331.HK,13.18,13.6,13.13,13.53,39850230,532199821.65000004
2026-09-04,02328.HK,17.6,17.89,17.45,17.55,21011416,369275636.20000005
2026-09-04,02333.HK,7.77,7.97,7.74,7.76,23483340,182348135.1
2026-09-07,02331.HK,13.63,13.8,13.46,13.75,41864645,573126990.0500001
2026-09-07,02333.HK,7.78,7.8,7.605,7.635,15129317,116609210.77749999
2026-09-07,02328.HK,17.28,17.8,17.15,17.23,27054791,466830418.70500004
2026-09-08,02331.HK,13.87,14.27,13.66,14.23,42476650,596796932.5
2026-09-08,02328.HK,17.23,17.23,16.74,16.9,31470244,537039713.8599999
2026-09-08,02333.HK,7.64,7.665,7.58,7.635,20658652,157780454.64999998
